window_id,run_id,window_start_sec,window_end_sec,wheel_lidar_vx_residual_mean,wheel_lidar_vx_residual_abs_mean,wheel_lidar_vx_residual_abs_max,wheel_lidar_vx_residual_std,wheel_lidar_vx_residual_persistence,wheel_lidar_vx_normalized_residual_mean,wheel_lidar_vx_normalized_residual_abs_mean,wheel_lidar_vx_normalized_residual_abs_max,wheel_lidar_vx_normalized_residual_std,wheel_lidar_vx_normalized_residual_persistence,wheel_imu_yaw_residual_mean,wheel_imu_yaw_residual_abs_mean,wheel_imu_yaw_residual_abs_max,wheel_imu_yaw_residual_std,wheel_imu_yaw_residual_persistence,wheel_lidar_yaw_residual_mean,wheel_lidar_yaw_residual_abs_mean,wheel_lidar_yaw_residual_abs_max,wheel_lidar_yaw_residual_std,wheel_lidar_yaw_residual_persistence,imu_lidar_yaw_residual_mean,imu_lidar_yaw_residual_abs_mean,imu_lidar_yaw_residual_abs_max,imu_lidar_yaw_residual_std,imu_lidar_yaw_residual_persistence,wheel_vx_abs_mean,wheel_yaw_rate_abs_mean,imu_yaw_rate_abs_mean,lidar_vx_abs_mean,lidar_yaw_rate_abs_mean,imu_horizontal_accel_rms,imu_horizontal_accel_std,imu_horizontal_accel_mad,imu_roll_pitch_gyro_energy,icp_valid_fraction,icp_rmse_mean,icp_rmse_max,icp_rmse_std,icp_inlier_ratio_mean,icp_inlier_ratio_min,icp_inlier_ratio_std,icp_observability_mean,icp_observability_min,icp_observability_std,wheel_translation_reliable,wheel_rotation_reliable,imu_yaw_rate_reliable,lidar_translation_reliable
17_ood_low_friction_mu_0p055_long_zone_p2l_v2:0000,17_ood_low_friction_mu_0p055_long_zone_p2l_v2,11.556000000000001,11.956000000000001,-0.004045393619358852,0.01554789153084221,0.027350052193420894,0.017903022318358403,0.0,-0.05198501899757694,0.21339136049967267,0.38678814743547846,0.24801240555013002,0.0,-4.877067622173893e-05,0.00021770188605116947,0.0004466692742633996,0.00024494371887307334,0.0,0.0008132302343488744,0.002631387250712594,0.008941772024623868,0.0037823946128181696,0.0,0.0008959442285380602,0.002718605525633286,0.009226296037318686,0.003890193303297592,0.0,5.180962285757252e-19,7.3100872577440705e-19,0.000194617398346422,0.01554789153084221,0.002631387250712594,0.014009141501312937,0.0068619652813657105,0.004231741611946665,1.0359813144164004e-07,1.0,0.0035563504054242825,0.0038831865863907617,0.0002924231632807326,0.6916666666666668,0.6833333333333333,0.0042431256434776144,0.5734910100596836,0.5719084965679948,0.0014906771678050493,1,1,1,1
17_ood_low_friction_mu_0p055_long_zone_p2l_v2:0001,17_ood_low_friction_mu_0p055_long_zone_p2l_v2,11.756,12.156,-0.00027326338957656474,0.022568543509847393,0.04235725826938746,0.025839773887773223,0.0,-0.0014644689094366337,0.31666695787926835,0.5990220910950768,0.36399755378915366,0.0,-3.9931218037136205e-05,0.00021056593258071812,0.0004466692742633996,0.00023986419631267906,0.0,0.0015992799409331666,0.004287494036281779,0.008941772024623868,0.0051697730512163965,0.0,0.0016161025535974755,0.0044297812531616495,0.009226296037318686,0.0052638121278147315,0.0,5.112912963345801e-19,4.1596388117205996e-19,0.0001937886174156835,0.022568543509847393,0.004287494036281779,0.013905536052412563,0.006509199605090924,0.003963699501688179,1.0055153613281455e-07,1.0,0.0033735092609790108,0.0038831865863907617,0.00023628973441124792,0.6925925925925926,0.6833333333333333,0.005237828008789222,0.5739519717596,0.5719084965679948,0.001256632331200259,1,1,1,1
17_ood_low_friction_mu_0p055_long_zone_p2l_v2:0002,17_ood_low_friction_mu_0p055_long_zone_p2l_v2,11.956,12.356,0.0025996362949668493,0.018699899642899896,0.04235725826938746,0.022646169730721675,0.0,0.039981073865621546,0.2607951287008076,0.5990220910950768,0.31699299010276094,0.0,2.0511238520725796e-06,0.00016416554562006933,0.00037807061832960116,0.0001969517594805584,0.0,0.0011936779962020562,0.00371971855506445,0.0068864132473797895,0.00464250423787282,0.0,0.0011926982536462612,0.0037654164633315382,0.006855958678014797,0.0046668716431714245,0.0,5.170076903777773e-19,2.8941576454503513e-19,0.00017300790379607615,0.018699899642899896,0.00371971855506445,0.013510755477856044,0.006846857127965128,0.004682877304834434,8.461030528263112e-08,1.0,0.003352380910720307,0.00379626689114945,0.0002140733289415808,0.6944444444444445,0.6888888888888889,0.004536092116265129,0.5740078697175579,0.5711543907288312,0.0013829727624739454,1,1,1,1
17_ood_low_friction_mu_0p055_long_zone_p2l_v2:0003,17_ood_low_friction_mu_0p055_long_zone_p2l_v2,12.155999999999999,12.556,-0.003272486919058681,0.010452936767129608,0.023157400762822664,0.012931737338078134,0.0,-0.036831597618836316,0.1379337698202399,0.2875605985254562,0.17015486632316207,0.0,7.797647898197098e-05,0.0002090923238245757,0.0005680757510133308,0.00023801972359543692,0.0,-0.0005980079215727516,0.003698687220380541,0.007930943945906056,0.004593661795331828,0.0,-0.0004736479713714896,0.0036961672082052783,0.007631801935465734,0.00456303559401008,0.0,5.329614665258412e-19,4.361328090158809e-19,0.00020436042184109315,0.010452936767129606,0.003698687220380541,0.012169035525358082,0.0063482927611775535,0.003924051168862215,7.629967061489198e-08,1.0,0.0037172046829373417,0.0041664574915494254,0.00037467760906346217,0.6944444444444445,0.6888888888888889,0.004536092116265128,0.5738963127164781,0.5711543907288312,0.0018110880402578075,1,1,1,1
17_ood_low_friction_mu_0p055_long_zone_p2l_v2:0004,17_ood_low_friction_mu_0p055_long_zone_p2l_v2,12.355999999999998,12.755999999999998,-0.0019296894103147657,0.007328143756673982,0.023157400762822664,0.010508602425424288,0.0,-0.020830364457273032,0.0953601845357584,0.2875605985254562,0.13419807707411432,0.0,4.612411737103063e-05,0.0001793096779411775,0.0005680757510133308,0.00022714818029089247,0.0,-0.0007302416202642229,0.005084701567271342,0.009805003217828496,0.0058821749556388445,0.0,-0.0006299233968108526,0.004966852493646806,0.009576228775079701,0.005720061356148465,0.0,5.459755322210965e-19,5.1542864218530695e-19,0.0002015630258299656,0.007328143756673982,0.0050847015672713415,0.012095414194546189,0.005761599903951145,0.0032954170453256275,7.760067835573044e-08,1.0,0.003743660678452823,0.0041664574915494254,0.00035124790564863633,0.6953703703703704,0.6944444444444444,0.002070433312499798,0.5752763540817497,0.5733548463240217,0.001497230376762626,1,1,1,1
17_ood_low_friction_mu_0p055_long_zone_p2l_v2:0005,17_ood_low_friction_mu_0p055_long_zone_p2l_v2,12.555999999999997,12.955999999999998,0.006662224231261192,0.010614344275936494,0.03099046900610635,0.012654041789039882,0.0,0.09387915737087803,0.14863256412434414,0.43827141572738654,0.17814883437113174,0.0,1.6574506113096844e-05,0.000152697634281128,0.00033432975482010943,0.00018496647933621162,0.0,0.0016963254344182644,0.0035300221425074514,0.009805003217828496,0.004587588943434291,0.0,0.0017265321405334811,0.0034408915017613826,0.009576228775079701,0.004449113248013893,0.0,5.706129287910796e-19,5.074278553728351e-19,0.00016025146153295783,0.010614344275936494,0.0035300221425074514,0.013095976176647185,0.005906402608746961,0.003754934319304657,7.038978401186636e-08,1.0,0.003348102417875052,0.0037546606913064842,0.00024411347474570004,0.6935185185185185,0.6888888888888889,0.002070433312499798,0.5758388260944487,0.574159473607681,0.0009773666563240781,1,1,1,1
17_ood_low_friction_mu_0p055_long_zone_p2l_v2:0006,17_ood_low_friction_mu_0p055_long_zone_p2l_v2,12.755999999999997,13.155999999999997,0.0238652300565939,0.02817117517057165,0.11123700745253702,0.04110038081678431,0.16666666666666666,0.31928815841058705,0.37901111508356694,1.460308965972219,0.5409844202034775,0.0,-4.563338180627489e-05,0.0002223015861687625,0.0006613730892876188,0.00026918140230641855,0.0,0.001716621379482957,0.004601439819029756,0.012917485459496765,0.00634553781686627,0.0,0.0017481600980218677,0.004621302469172888,0.012975731611756502,0.006369522784386012,0.0,0.03399999999196197,7.026909692612459e-18,0.00017157695763024761,0.027346217431975434,0.004601439819029759,1.6818506010581038,1.5916245698328386,0.005598137774296033,6.549314648471117e-08,1.0,0.0033806576346483708,0.003792800729488879,0.0002437654542281948,0.6935185185185185,0.6888888888888889,0.003817690394090413,0.5742164835669741,0.570229150211226,0.0024658996890477313,1,1,1,1
17_ood_low_friction_mu_0p055_long_zone_p2l_v2:0007,17_ood_low_friction_mu_0p055_long_zone_p2l_v2,12.955999999999996,13.355999999999996,0.027122603430267737,0.02802118153299281,0.11123700745253702,0.038183904634319296,0.16666666666666666,0.35451686168867363,0.366678953332422,1.460308965972219,0.5018427382715922,0.0,-6.743236625308651e-05,0.00019859062841576488,0.0006613730892876188,0.0002572338659971325,0.0,0.0029221774830031494,0.005801804256995752,0.012917485459496765,0.006563480982879568,0.0,0.002943463867140365,0.005816606238291386,0.012975731611756502,0.006572720683813024,0.0,0.13399999998862028,6.770059035310821e-18,0.00014760296618379507,0.11221072989412144,0.005801804256995752,1.6818719850454977,1.5908079951762766,0.005287703300899244,7.390078102520973e-08,1.0,0.0037911388038126825,0.0043097627214738555,0.0003513131788991071,0.6925925925925926,0.6888888888888889,0.004140866624999596,0.569531325236282,0.5624761237886896,0.005097064418486919,1,1,1,1
17_ood_low_friction_mu_0p055_long_zone_p2l_v2:0008,17_ood_low_friction_mu_0p055_long_zone_p2l_v2,13.155999999999995,13.555999999999996,0.0037951969029852476,0.01814868997352145,0.043060479211608604,0.021367873391303898,0.0,0.05082997752016622,0.231077996450859,0.5407440567920783,0.26995996960280644,0.0,-3.5699416972100285e-06,0.00014784335761294855,0.0003651490966433654,0.0001889794159569098,0.0,0.00020158761854290023,0.006689141745452827,0.01232444316803363,0.007622141484834494,0.0,0.0001712296296230006,0.006702577718189621,0.012340173157016174,0.007632434893449261,0.0,0.19999999999331664,0.0,0.00013024131373038603,0.1962048030903314,0.006689141745452827,0.015912795131906594,0.006774402003863537,0.005136056503375626,8.734771893358917e-08,1.0,0.003926284520522238,0.0043097627214738555,0.000307954440283612,0.6981481481481482,0.6888888888888889,0.008281733249999236,0.5548735613948529,0.5353383775128585,0.013801732779146194,1,1,1,1
17_ood_low_friction_mu_0p055_long_zone_p2l_v2:0009,17_ood_low_friction_mu_0p055_long_zone_p2l_v2,13.355999999999995,13.755999999999995,0.00220318705967217,0.016556680130208373,0.043060479211608604,0.022079316725658486,0.0,0.031326029081501325,0.21157404801219407,0.5407440567920783,0.2792266972845038,0.0,-3.037491421291007e-05,0.00017369986303806458,0.0006107912638418052,0.00024006237647939045,0.0,-0.00021014688628821082,0.007574483259884367,0.01232444316803363,0.008010933047410285,0.0,-0.00022632017779349945,0.007624246127290101,0.012340173157016174,0.008047912134696578,0.0,0.19999999999331664,0.0,0.00015736863625051542,0.19779681293364446,0.007574483259884367,0.013366803800107073,0.006164063233867291,0.003906425763879024,8.758420877935439e-08,1.0,0.003821751010242909,0.004090530837220936,0.00025709856872661077,0.7064814814814815,0.7,0.005928818738363768,0.5485824308946673,0.5353383775128585,0.008601158741846006,1,1,1,1
17_ood_low_friction_mu_0p055_long_zone_p2l_v2:0010,17_ood_low_friction_mu_0p055_long_zone_p2l_v2,13.555999999999994,13.955999999999994,0.008125039743205961,0.020187496575431525,0.036187370496676696,0.023102739424879448,0.0,0.10515361822583384,0.2733182302608777,0.5044938361051317,0.31760667026536293,0.0,-3.8237842657705596e-05,0.000204873386454736,0.0006107912638418052,0.0002606388866858605,0.0,0.001535956402535521,0.004839062487715408,0.007224567815147449,0.005088406972054705,0.0,0.0015078983355594864,0.0049080665595616696,0.0073384577742098955,0.005181572001985261,0.0,0.19999999999331664,0.0,0.0001779196041699842,0.19187496025011067,0.004839062487715408,0.013070892579329743,0.0057495333940875285,0.0034274122721541806,7.964127599948335e-08,1.0,0.0036811249374409643,0.003990302348971067,0.00025836985336839325,0.7037037037037037,0.7,0.00614189775991743,0.5480224161787836,0.5382214714858171,0.006825457478473216,1,1,1,1
17_ood_low_friction_mu_0p055_long_zone_p2l_v2:0011,17_ood_low_friction_mu_0p055_long_zone_p2l_v2,13.755999999999993,14.155999999999993,-0.012522837250006977,0.02903389935833715,0.061598309607523216,0.031607848400946645,0.0,-0.16601957944100876,0.3926208818613716,0.8114028527575308,0.42714699994362143,0.0,-3.4599799224715596e-05,0.0001434687868719812,0.00041127741255780653,0.00017365770049777298,0.0,-0.0016732077583606175,0.004978285392693068,0.013936389255409349,0.006485267490552432,0.0,-0.001759021503500266,0.005010998269370756,0.014067209296157453,0.006533256754495229,0.0,0.19999999999331664,0.0,0.00015027356598069,0.21252283724332363,0.004978285392693068,0.013511611787691594,0.006308537512598231,0.004189310690821731,7.189787148744967e-08,1.0,0.003610467781252237,0.00384015580453835,0.00020084992587466075,0.6962962962962963,0.6888888888888889,0.004140866624999596,0.5381585288420007,0.5304914550047645,0.0053264031234311615,1,1,1,1
17_ood_low_friction_mu_0p055_long_zone_p2l_v2:0012,17_ood_low_friction_mu_0p055_long_zone_p2l_v2,13.955999999999992,14.355999999999993,-0.023659243194168542,0.03346131897217923,0.06451486177623206,0.0320574575737575,0.0,-0.30889546959063346,0.42767323373255417,0.8114028527575308,0.40162724790107807,0.0,-3.507400743705523e-05,0.00013605182952717242,0.0003311306375771003,0.00016308675262823616,0.0,-0.0036443785385140166,0.0062983110248718,0.015015774101485007,0.007797300310491132,0.0,-0.003703431046674308,0.006306059169494685,0.0151592414756091,0.00784463649736291,0.0,0.19999999999331664,0.0,0.00014302819969806506,0.22365924318748517,0.0062983110248718,0.014550952032944741,0.0071444723149955355,0.0053657337521623855,7.357163160830714e-08,1.0,0.0038858459595354695,0.004333086410488306,0.00030108693022989804,0.6935185185185185,0.6888888888888889,0.002070433312499798,0.5208385775561514,0.4987864319010871,0.014931822334706153,1,1,1,1
17_ood_low_friction_mu_0p055_long_zone_p2l_v2:0013,17_ood_low_friction_mu_0p055_long_zone_p2l_v2,14.155999999999992,14.555999999999992,-0.012045201705491754,0.02285606487657556,0.06451486177623206,0.028719281676802013,0.0,-0.15462752732912613,0.2863901914946431,0.7935807181152652,0.3537559164342066,0.0,-6.733774929852116e-05,0.00017782154878024278,0.0003311306375771003,0.00019104791098531126,0.0,-0.0027428943262704833,0.004085913647846773,0.015015774101485007,0.005921733141072988,0.0,-0.002697741342067623,0.004023398336315014,0.0151592414756091,0.005968886420379998,0.0,0.19999999999331664,0.0,0.00017723505887481277,0.21204520169880844,0.004085913647846773,0.01569775317560173,0.008193143887379389,0.007934582629002384,7.626470119029641e-08,1.0,0.004029002453213352,0.004333086410488306,0.00023056861820393624,0.6916666666666668,0.6833333333333333,0.0042431256434776144,0.5017768217816442,0.4853419173241741,0.010675101608194733,1,1,1,1
17_ood_low_friction_mu_0p055_long_zone_p2l_v2:0014,17_ood_low_friction_mu_0p055_long_zone_p2l_v2,14.355999999999991,14.755999999999991,-0.0059374502931015495,0.02833788598277687,0.08100105625212095,0.03904038589763238,0.16666666666666666,-0.0834070718578818,0.36955298553906496,1.0741055778870863,0.5114289360031105,0.0,-4.303577450465603e-05,0.00016130909156833941,0.00033275338342639776,0.00018464984624521575,0.0,-0.002015332078847759,0.006104969664845995,0.017160989067666114,0.008568466132164464,0.0,-0.0019389640600288832,0.005981797982459153,0.01713327191767215,0.008516181157681307,0.0,0.19999999999331664,0.0,0.00016502488877776972,0.2059374502864182,0.006104969664845995,0.01573613432457564,0.007792654290803224,0.005741099935448505,6.774600152086484e-08,1.0,0.00392586358086098,0.004169665393346902,0.0001408203562097051,0.6935185185185185,0.6833333333333333,0.0059288187383637276,0.4988885636161544,0.4812535626218205,0.012760872736371123,1,1,1,1
17_ood_low_friction_mu_0p055_long_zone_p2l_v2:0015,17_ood_low_friction_mu_0p055_long_zone_p2l_v2,14.55599999999999,14.95599999999999,0.0027278954583775292,0.02987312198867581,0.08100105625212095,0.04000672312414399,0.16666666666666666,0.030984369229309475,0.3910105937300072,1.0741055778870863,0.5262914749221024,0.0,-6.861065574646159e-05,0.0001634158496071117,0.0005435114607152499,0.00020142281516641718,0.0,0.0007024294000938161,0.007291149647919679,0.017160989067666114,0.009261904133132522,0.0,0.0007519200743941371,0.007271962889282711,0.01713327191767215,0.009226764799014178,0.0,0.19999999999331664,0.0,0.0001484048843396863,0.19727210453493912,0.007291149647919679,0.015383324334672677,0.007139250957904707,0.0050341657199919265,5.8874179363720834e-08,1.0,0.00380462797304923,0.004078854817988393,0.00021123215210610953,0.6981481481481482,0.6888888888888889,0.005237828008789249,0.5005606768229032,0.4812535626218205,0.011221240860474954,1,1,1,1
17_ood_low_friction_mu_0p055_long_zone_p2l_v2:0016,17_ood_low_friction_mu_0p055_long_zone_p2l_v2,14.75599999999999,15.15599999999999,0.007194933799377935,0.01989491773361748,0.03766532846394474,0.02247702075595824,0.0,0.10010113358953755,0.2653009118858353,0.4896262392738863,0.2990742760276755,0.0,-0.00011644070853704634,0.000196474805434101,0.0005435114607152499,0.00020716648624447288,0.0,0.0012983837084140032,0.0040323648906292215,0.008201943546645656,0.004720524642943235,0.0,0.0013983225708266995,0.004141895508431974,0.008230718812815823,0.004769437723038856,0.0,0.1999999999933169,0.0,0.0001454636892620913,0.1928050661939387,0.0040323648906292215,0.015063224937485601,0.007313966619873261,0.0052494336756640225,6.231794911045565e-08,1.0,0.003707353593424306,0.004078854817988393,0.0002702749870946045,0.6944444444444445,0.6833333333333333,0.00785674201318386,0.49717517636852987,0.4915891594298832,0.00426728489895423,1,1,1,1
17_ood_low_friction_mu_0p055_long_zone_p2l_v2:0017,17_ood_low_friction_mu_0p055_long_zone_p2l_v2,14.955999999999989,15.35599999999999,0.009826852280448486,0.022608327903708852,0.03766532846394474,0.02431339937423746,0.0,0.13345979513144973,0.2997602059544037,0.4896262392738863,0.32052826086401054,0.0,-6.240910486514544e-05,0.00016083452381157755,0.00044273862107318765,0.00019007503325239647,0.0,0.0008624292419414167,0.003781168341606982,0.008201943546645656,0.004492251689200947,0.0,0.0009330185953653165,0.003948217664615639,0.008230718812815823,0.004581334786857809,0.0,0.1999999999933169,0.0,0.00012975817359559824,0.19017314771286817,0.003781168341606982,0.014443936436470314,0.006890429241942394,0.0031587722855086833,7.941502219332553e-08,1.0,0.0036920428846300792,0.003913390005683587,0.00022151110655978725,0.6944444444444445,0.6833333333333333,0.006415002990995819,0.49527019316871074,0.48747309573432396,0.005427867562148507,1,1,1,1
17_ood_low_friction_mu_0p055_long_zone_p2l_v2:0018,17_ood_low_friction_mu_0p055_long_zone_p2l_v2,15.155999999999988,15.555999999999989,0.012474186790489691,0.01906228517414547,0.0449453224890663,0.021964198613588264,0.0,0.167194612503072,0.25223105192315104,0.6083212785420384,0.29140539217803674,0.0,-2.91948983104939e-05,0.0001309829877838221,0.00044273862107318765,0.00016719395220506685,0.0,0.0031360248341548926,0.004436822277290559,0.01306816999477505,0.005253529607596375,0.0,0.003160700672026286,0.00451760982688683,0.013068729830832767,0.005288592439203219,0.0,0.19999999999331664,0.0,0.00013809965724166504,0.18752581320282694,0.004436822277290559,0.014672853902333808,0.00655566787684605,0.0037343614818890697,9.818927672171311e-08,1.0,0.003788366475843499,0.004161052776426601,0.00020868110307320964,0.6972222222222223,0.6888888888888889,0.0042431256434776144,0.5001974625671518,0.48747309573432396,0.007702226513773031,1,1,1,1
17_ood_low_friction_mu_0p055_long_zone_p2l_v2:0019,17_ood_low_friction_mu_0p055_long_zone_p2l_v2,15.355999999999987,15.755999999999988,0.0029651993133001466,0.0193587524282068,0.0449453224890663,0.023959861384353347,0.0,0.04897734983829005,0.2509774260375888,0.6083212785420384,0.3122022907593195,0.0,-2.6156808585861602e-05,0.00017182830871355917,0.0005093135950533065,0.00020849850180777884,0.0,0.0015173281937328764,0.0043658773462187704,0.01306816999477505,0.005798898780524747,0.0,0.0015452849135671107,0.00429040000474303,0.013068729830832767,0.005751480703454964,0.0,0.19999999999331636,0.0,0.00015441833227399312,0.1970348006800157,0.0043658773462187704,0.014178145753310662,0.0061195319279006765,0.004062759359276367,9.83567673712245e-08,1.0,0.003972305776671817,0.004418685686496252,0.000316620973291174,0.6907407407407408,0.6833333333333333,0.00692899516069246,0.5023941983998034,0.4930585776878025,0.005591814500437058,1,1,1,1
17_ood_low_friction_mu_0p055_long_zone_p2l_v2:0020,17_ood_low_friction_mu_0p055_long_zone_p2l_v2,15.555999999999987,15.955999999999987,-0.0029539696186349127,0.018909736931440036,0.03009546259958898,0.020237404444678066,0.0,-0.03431220879303954,0.23817222217122094,0.3601659035326347,0.2532418947665337,0.0,-4.3593359721402555e-05,0.00016659069877123122,0.0005093135950533065,0.00019741201575861119,0.0,-6.733669800942502e-05,0.004417170681477631,0.00846805532532473,0.005194574877965601,0.0,-6.363372791160845e-05,0.004389644235772687,0.008539706599485579,0.005187490302246653,0.0,0.19999999999331636,0.0,0.00013460867820913437,0.20295396961195075,0.004417170681477631,0.01372329108578331,0.005740021785981599,0.003778671560083203,7.028717308415264e-08,1.0,0.004038596041880802,0.004418685686496252,0.0002699076707920335,0.6805555555555557,0.6722222222222223,0.005319039487535193,0.49308607594636483,0.47650059061915084,0.009358670066965549,1,1,1,1
17_ood_low_friction_mu_0p055_long_zone_p2l_v2:0021,17_ood_low_friction_mu_0p055_long_zone_p2l_v2,15.755999999999986,16.155999999999985,0.0016558197207645713,0.014052490612129487,0.025840769202960828,0.015977185723424846,0.0,0.021401942168869533,0.18107227538001938,0.32003699104894595,0.20412316069350692,0.0,-7.417563135197651e-06,0.0001635401370957746,0.00047507696337247484,0.00019977477851396133,0.0,0.0018612027963687446,0.004693811032872661,0.00846805532532473,0.005406976713986529,0.0,0.0018993534068774077,0.004777127419132466,0.008539706599485579,0.0054802291670616446,0.0,0.1999999999933172,0.0,0.00014556943346588869,0.19834418027255207,0.004693811032872661,0.014375177892270568,0.006268275030139974,0.004596578999328834,6.901736805717765e-08,1.0,0.0038720965698200165,0.004184339292689472,0.00020427202333583869,0.675925925925926,0.6722222222222223,0.0026189140043946114,0.49487647534813134,0.47650059061915084,0.010437754482870298,1,1,1,1
17_ood_low_friction_mu_0p055_long_zone_p2l_v2:0022,17_ood_low_friction_mu_0p055_long_zone_p2l_v2,15.955999999999985,16.355999999999984,0.009588262681839696,0.012589796422252122,0.039187674924814675,0.014791014703740774,0.0,0.12648514447976078,0.166835130006774,0.5162063349237049,0.19571123087397663,0.0,-1.6300553651129347e-05,0.00018982340229182349,0.00047507696337247484,0.0002203491977198144,0.0,0.006628073916048288,0.006708684399865723,0.018508928201053217,0.00620235304204532,0.0,0.00664857127378065,0.0067328993903118355,0.0186561403383788,0.0063021251635204415,0.0,0.1999999999933172,0.0,0.00017669940516899332,0.19041173731147695,0.006708684399865723,0.015447160703223406,0.007032651732825243,0.004999878459550173,8.319717697027122e-08,1.0,0.0037676264902498182,0.004069350982656682,0.0001932381980060486,0.6740740740740742,0.6722222222222223,0.002618914004394611,0.5015332799127897,0.49527943274487074,0.004418164017124326,1,1,1,1
17_ood_low_friction_mu_0p055_long_zone_p2l_v2:0023,17_ood_low_friction_mu_0p055_long_zone_p2l_v2,16.155999999999985,16.555999999999983,0.00787826847356216,0.02345584754897514,0.03942249162846054,0.026439908415084798,0.0,0.10117574037784212,0.3175153388594392,0.5496924491370544,0.3622208133601374,0.0,-6.493830791087961e-05,0.00016189149004404573,0.0003260792199151135,0.0001761407766283778,0.0,0.004008363582616797,0.006395471801175526,0.018508928201053217,0.007724883151477513,0.0,0.0039680006382599485,0.006375615857035048,0.0186561403383788,0.0078108933228297145,0.0,0.19999999999331664,0.0,0.00016439391228376194,0.19212173151975445,0.006395471801175526,0.015149791790962519,0.006813094930078817,0.004906969802411697,9.047955746138711e-08,1.0,0.003697053594752311,0.004069350982656682,0.0002771307412675819,0.6685185185185185,0.6611111111111111,0.005237828008789274,0.4978065628844343,0.49092228304505936,0.0044524018956210035,1,1,1,1
17_ood_low_friction_mu_0p055_long_zone_p2l_v2:0024,17_ood_low_friction_mu_0p055_long_zone_p2l_v2,16.355999999999984,16.755999999999982,0.006345308772810744,0.03090746236959377,0.06300598087615575,0.03503931750823254,0.0,0.08125891409675094,0.40978108307791355,0.809621915674033,0.46418886373070267,0.0,-4.1555217473198566e-05,0.00014873738659249364,0.0004296479027515829,0.00018353386493200188,0.0,0.002360343735941122,0.005726535460124031,0.021014775789185196,0.008664057204573538,0.0,0.0023720775168030563,0.005690677496042129,0.02098899410066096,0.00864031333237929,0.0,0.19999999999331664,0.0,0.0001548492950310582,0.1936546912205059,0.005726535460124031,0.013516685855780312,0.006443708939013268,0.0037647240393685506,8.88624272144707e-08,1.0,0.0037533902880280672,0.004145426212106858,0.0002998906210630774,0.6675925925925926,0.6611111111111111,0.005928818738363774,0.5060981099556817,0.49092228304505936,0.013471495746979218,1,1,1,1
17_ood_low_friction_mu_0p055_long_zone_p2l_v2:0025,17_ood_low_friction_mu_0p055_long_zone_p2l_v2,16.555999999999983,16.95599999999998,0.01688914400617053,0.028310467060133376,0.06300598087615575,0.03112574039039134,0.0,0.2020509503056355,0.34734230290777995,0.809621915674033,0.3851955556753495,0.0,-8.450713512595552e-05,0.00018333908200097792,0.0006694440146179522,0.00022829566108270363,0.0,0.006884050953802435,0.007863134459426616,0.021014775789185196,0.007613218606935155,0.0,0.006895002458002824,0.007805987218466796,0.02098899410066096,0.007556146319566637,0.0,0.19999999999331664,0.0,0.00018436389902951123,0.18311085598714613,0.007863134459426616,0.012992519496195122,0.006741789176889382,0.004502565227449146,6.923718637277413e-08,1.0,0.004169651072557991,0.004839573703762188,0.00036576469471724025,0.6703703703703704,0.6666666666666666,0.004140866624999646,0.518916281759921,0.50339562444885,0.009961850882596612,1,1,1,1
17_ood_low_friction_mu_0p055_long_zone_p2l_v2:0026,17_ood_low_friction_mu_0p055_long_zone_p2l_v2,16.755999999999982,17.15599999999998,-0.007612439005913154,0.054682120764621533,0.18688367931160405,0.08143421487858432,0.16666666666666666,-0.14019845093765407,0.7016015771976641,2.5254000844059545,1.0791375610299925,0.0,-0.00012130741314858996,0.00018179492415540754,0.0006694440146179522,0.00020874869039517685,0.0,0.0045474996081864795,0.004722794617981412,0.009728244376271886,0.0034977583642792423,0.0,0.0046013638933605095,0.004721464686528734,0.00973808461863865,0.0034061381125901026,0.0,0.1300000000026652,0.0,0.00017167684539699186,0.15245785790772984,0.004722794617981412,1.992574325610203,1.8893016608624447,0.004638430262258889,1.0279479216122303e-05,1.0,0.004221536466342324,0.004839573703762188,0.00039543246285779303,0.6722222222222224,0.6666666666666666,0.0032075014954979415,0.5205739763075138,0.5114736155470283,0.006419456579297739,1,1,1,1
17_ood_low_friction_mu_0p055_long_zone_p2l_v2:0027,17_ood_low_friction_mu_0p055_long_zone_p2l_v2,16.95599999999998,17.35599999999998,-0.01860904951931996,0.05061147147506904,0.18688367931160405,0.07767320555052741,0.16666666666666666,-0.2641661348640137,0.6691233951714773,2.5254000844059545,1.0404161270301049,0.0,-2.7853861490865317e-06,0.0001535057007706689,0.00038897856154740694,0.00020002627332388093,0.0,-9.525469684572365e-05,0.001905836917171579,0.0035267738217803876,0.0022612798426952588,0.0,6.837609729231564e-05,0.0018241600282553018,0.0036339420241996547,0.0022531435164715873,0.0,0.03000000000600689,0.0,0.00014474438350017737,0.07258482606243767,0.001905836917171579,1.9925729555033846,1.8892041547503726,0.004037610089859981,1.0286591874435215e-05,1.0,0.003825268228631607,0.004486844218537876,0.0003285703835057012,0.675925925925926,0.6722222222222223,0.0026189140043946114,0.5204258981814467,0.5114736155470283,0.005188628180154211,1,1,1,1
17_ood_low_friction_mu_0p055_long_zone_p2l_v2:0028,17_ood_low_friction_mu_0p055_long_zone_p2l_v2,17.15599999999998,17.55599999999998,0.009760974160192004,0.016686935384046322,0.02615105748438414,0.01583526407995789,0.0,0.1276380469275584,0.21912754882773122,0.33302788567418834,0.20852342177199742,0.0,7.84434051226692e-05,0.00013395521449033213,0.00038897856154740694,0.00014917859748318714,0.0,0.0009962777634748997,0.0029929688656342994,0.01065544620366008,0.0045453130863459725,0.0,0.001174401205468901,0.002923185381331976,0.01072204406335529,0.004513779929861361,0.0,0.0,0.0,0.00016282861795406358,0.016686935384046322,0.0029929688656342994,0.01198700046046481,0.005314721034209501,0.004173934470830756,7.165799474310485e-08,1.0,0.003808340946372288,0.004349237055741386,0.0002857480581881834,0.6777777777777779,0.6777777777777778,1.1102230246251565e-16,0.522225662816913,0.5190365030137393,0.001977157889000407,1,1,1,1
17_ood_low_friction_mu_0p055_long_zone_p2l_v2:0029,17_ood_low_friction_mu_0p055_long_zone_p2l_v2,17.35599999999998,17.75599999999998,0.005586897687049746,0.016235326017904308,0.02615105748438414,0.01635627766503776,0.0,0.06880967477519144,0.21640300398801923,0.33302788567418834,0.21989495447742205,0.0,9.846090163345747e-05,0.0001607088238896048,0.0006340620163413705,0.00018684298420075304,0.0,0.0007796263386492963,0.003047964512891115,0.01065544620366008,0.004686741196182507,0.0,0.0008761968894868374,0.003014632513128351,0.01072204406335529,0.004680383029592948,0.0,0.0,0.0,0.00016937885986834946,0.016235326017904308,0.003047964512891115,0.013551475530508969,0.00651898540543569,0.005242603586188967,6.679346639622752e-08,1.0,0.003708992975467539,0.004349237055741386,0.00038006373397789846,0.6746031746031748,0.6722222222222223,0.002749286996141065,0.5204156322262407,0.5138970978965232,0.0033753664128657883,1,1,1,1
17_ood_low_friction_mu_0p055_long_zone_p2l_v2:0030,17_ood_low_friction_mu_0p055_long_zone_p2l_v2,17.55599999999998,17.955999999999978,0.0026282241271888248,0.01769547249893862,0.04670781094294377,0.02195274375589604,0.0,0.034337983868049794,0.24105518985989413,0.6367082735338611,0.2996682503576092,0.0,0.00011418727457563832,0.00016462618136782985,0.0006340620163413705,0.00019122648318845614,0.0,0.0006688990889971757,0.002825091203096832,0.009113768106992834,0.004230452537826425,0.0,0.0006737651126272737,0.0027427641089129923,0.009060507383125133,0.004184454324931925,0.0,0.0,0.0,0.00014581029775354357,0.01769547249893862,0.002825091203096832,0.013939186580450154,0.0062776254694029004,0.005068886316788548,7.310645906328868e-08,1.0,0.00357266428290528,0.003897203728410464,0.00024333970022530918,0.6722222222222224,0.6722222222222223,1.1102230246251565e-16,0.5173687510287758,0.5092241851275541,0.00452642787281565,1,1,1,1
17_ood_low_friction_mu_0p055_long_zone_p2l_v2:0031,17_ood_low_friction_mu_0p055_long_zone_p2l_v2,17.75599999999998,18.155999999999977,0.01029469501857243,0.015449985066283539,0.04670781094294377,0.019487391295402782,0.0,0.13624704772191257,0.20522490396409854,0.6367082735338611,0.26357628989465826,0.0,8.091066763043193e-05,0.000160182069551374,0.00039606395358633494,0.0001641332146544659,0.0,0.0039026672359691954,0.003942724663740369,0.009113768106992834,0.003700967306643124,0.0,0.003931892069101931,0.003963983708588483,0.009141712082406744,0.0037991609976603404,0.0,0.0,0.0,0.00016903066088856441,0.015449985066283539,0.003942724663740369,0.013099177926578973,0.006757202155825606,0.004732458281927253,8.10091372063515e-08,1.0,0.0038356442046770106,0.004285515359719421,0.00023978551286666996,0.6722222222222222,0.6666666666666666,0.0032075014954979415,0.5187624805492388,0.5092241851275541,0.004955489577658538,1,1,1,1
17_ood_low_friction_mu_0p055_long_zone_p2l_v2:0032,17_ood_low_friction_mu_0p055_long_zone_p2l_v2,17.955999999999978,18.355999999999977,0.07126011200201152,0.0841226277497215,0.3202148081535042,0.12067986027709952,0.3333333333333333,0.937601805163593,1.1057367936351823,4.358477123032602,1.6316174012239764,0.16666666666666666,5.56959533069136e-05,0.00017588609547550038,0.0004175691247199146,0.00019457404831339502,0.0,0.0016415377457423754,0.006371925381285039,0.012017982774742069,0.0076204098739241855,0.0,0.0016434329424692919,0.006497831472045647,0.012194166421462148,0.0077689831858721945,0.0,0.13859999998257322,0.0,0.00018280017972189432,0.11621529775237038,0.006371925381285039,2.2257006545684175,2.0173883113210955,0.0068120755258488565,1.0811707388449686e-07,1.0,0.003965995488169386,0.004405240659579277,0.0002972812318888247,0.6574074074074074,0.5777777777777777,0.03581311038113655,0.5183085150721122,0.5023764457178909,0.007236362101509576,0,1,1,1
17_ood_low_friction_mu_0p055_long_zone_p2l_v2:0033,17_ood_low_friction_mu_0p055_long_zone_p2l_v2,18.155999999999977,18.555999999999976,0.07133165358049562,0.09027183151130157,0.3202148081535042,0.12166653886409715,0.3333333333333333,0.941484082316903,1.1939445753011124,4.358477123032602,1.643781899151074,0.16666666666666666,2.3508169076146847e-05,0.00016859375872960608,0.0004175691247199146,0.00020304446486726682,0.0,0.0008458608444534371,0.006872157846592466,0.012017982774742069,0.0078055787186374894,0.0,0.0007726405106125039,0.006898172339642193,0.012194166421462148,0.007838719169651407,0.0,0.318599999977624,0.0,0.0001569403460565028,0.2859683463983957,0.006872157846592466,2.2257067633857064,2.0168955066832224,0.006610178523360482,1.0088249819045438e-07,1.0,0.0037115325132864654,0.004405240659579277,0.00034051552727271643,0.6351851851851852,0.5777777777777777,0.03609923831410731,0.5072520177685893,0.49211599486568275,0.011109665357177112,0,1,1,1
17_ood_low_friction_mu_0p055_long_zone_p2l_v2:0034,17_ood_low_friction_mu_0p055_long_zone_p2l_v2,18.355999999999977,18.755999999999975,0.016433110593699386,0.022510772776795352,0.03972986544209711,0.017866308535567522,0.0,0.21491046119992654,0.29923596571254674,0.5323650447047259,0.23992136975887948,0.0,-3.042894504773559e-08,0.00017379209980920737,0.000404713709959493,0.00020886818998545027,0.0,0.0036604799790934707,0.004956389345689836,0.007890349120396102,0.004067507323283626,0.0,0.0036221907703482873,0.00489332406980162,0.008059384848411203,0.004052690101536771,0.0,0.35999999999010157,0.0,0.00016726866503932427,0.3435668893964021,0.004956389345689836,0.014726782212594375,0.0074128781542596705,0.005690587901393339,6.394402427339014e-08,1.0,0.0036741377704123403,0.0042961832274539995,0.0003047160093995047,0.6444444444444444,0.6,0.021989522383403553,0.5050067099494192,0.49211599486568275,0.013894553983852724,1,1,1,1
17_ood_low_friction_mu_0p055_long_zone_p2l_v2:0035,17_ood_low_friction_mu_0p055_long_zone_p2l_v2,18.555999999999976,18.955999999999975,0.01998485692264342,0.024065085584367634,0.04217343479978486,0.01615539973847572,0.0,0.2523715041801226,0.3071530682618325,0.5123019646967251,0.2032691192597414,0.0,-3.163417693925966e-06,0.00015491801673898003,0.000404713709959493,0.00018797539296954382,0.0,0.005093366995667829,0.005093366995667829,0.007890349120396102,0.002114862878265661,0.0,0.005015211115394914,0.005015211115394914,0.008059384848411203,0.0022064123738912986,0.0,0.35999999999010157,0.0,0.00015759909429178154,0.33731514306925053,0.005093366995667829,0.01362027530601291,0.0066667428322782305,0.005475958951216884,8.325720945754776e-08,1.0,0.003905218241159253,0.004316228071186694,0.0003097003505979578,0.6555555555555556,0.6388888888888888,0.00907218423253029,0.5155631966136722,0.49495060529298907,0.012854893264440873,1,1,1,1
17_ood_low_friction_mu_0p055_long_zone_p2l_v2:0036,17_ood_low_friction_mu_0p055_long_zone_p2l_v2,18.755999999999975,19.155999999999974,-0.022090486303523147,0.05544131613874812,0.20823381287391857,0.08589820732577323,0.16666666666666666,-0.28477888424772774,0.7036556715046226,2.646130980055449,1.0893494113809632,0.0,-1.1414190453184932e-05,0.00018074287624048505,0.0004667594281429773,0.0002228058649490381,0.0,0.004849185231749866,0.006926339997898562,0.009450997445326835,0.005316610019268334,0.0,0.004872247376252019,0.006993193116600119,0.009750014070461758,0.005445838392926247,0.0,0.19260000000795308,0.0,0.0001772007949453266,0.21123910189911535,0.006926339997898562,2.372151245028816,2.185655726320771,0.005978428755510978,5.448060005093577e-05,1.0,0.003967004976009834,0.004316228071186694,0.0001966014710148634,0.6592592592592593,0.6388888888888888,0.014581496062984856,0.5211887502841176,0.5130589810538398,0.0045892532583756765,0,1,1,1
17_ood_low_friction_mu_0p055_long_zone_p2l_v2:0037,17_ood_low_friction_mu_0p055_long_zone_p2l_v2,18.955999999999975,19.355999999999973,-0.03948029991923653,0.0556180971411673,0.20823381287391857,0.07999341759918488,0.16666666666666666,-0.5001946059105463,0.708246946484807,2.646130980055449,1.0175438236190644,0.0,-2.750612580283577e-05,0.00017130815088031576,0.0004667594281429773,0.00021945130760714953,0.0,0.001188741928926455,0.006773449645014691,0.009450997445326835,0.007294400096882992,0.0,0.0012917385298376821,0.0069128948036091846,0.009750014070461758,0.0074378527299538925,0.0,0.01260000001290229,0.0,0.00016267926119490126,0.05561809715181323,0.006773449645014691,2.3721489552166846,2.185674402203991,0.005077989327588355,5.449311718448422e-05,1.0,0.003960013941383078,0.004034416728073435,6.097750611953075e-05,0.6703703703703704,0.65,0.009972527420619461,0.5221962288859984,0.5130589810538398,0.0047019375575004735,0,1,1,1
17_ood_low_friction_mu_0p055_long_zone_p2l_v2:0038,17_ood_low_friction_mu_0p055_long_zone_p2l_v2,19.155999999999974,19.555999999999973,-0.007413756136259757,0.016746698621347145,0.05117712073616478,0.021793209645545066,0.0,-0.09212159842913072,0.21364174419826779,0.6480414613128775,0.27726332868086123,0.0,2.613840998674635e-05,0.00015902042629794893,0.0005527003031802254,0.0002163550236367235,0.0,0.00043907706318475795,0.0039873744818824846,0.009211793348218412,0.0051050193476076524,0.0,0.0004419035318906261,0.003950901687467821,0.009179879411754235,0.005034752747048622,0.0,0.0,0.0,0.00014559686195549933,0.016746698621347145,0.0039873744818824846,0.01451243783139977,0.006346539402107772,0.0036409589820094387,1.1407970455646596e-07,1.0,0.0038990042466415724,0.004218566369496258,0.00027963148296182404,0.6731481481481483,0.6666666666666666,0.003817690394090444,0.5234570003696906,0.5201377695742904,0.0025961056355663045,1,1,1,1
17_ood_low_friction_mu_0p055_long_zone_p2l_v2:0039,17_ood_low_friction_mu_0p055_long_zone_p2l_v2,19.355999999999973,19.755999999999972,-0.0023483334383265953,0.012591964383099475,0.02909934772254892,0.014884557646690019,0.0,-0.03712924340891878,0.16764278621174014,0.4106118368589279,0.2014516727867985,0.0,3.9313889042779155e-05,0.00015748437344444401,0.0005527003031802254,0.0002068737669023067,0.0,0.0016043546869120675,0.002405150230775419,0.006470964378289487,0.0026487606461320762,0.0,0.001565802438215201,0.002337206742455623,0.006031637051790542,0.0025051547798093615,0.0,0.0,0.0,0.0001475925980032575,0.012591964383099475,0.002405150230775419,0.01568765364073468,0.0064009936885208165,0.004892362315034583,9.044357926055416e-08,1.0,0.003765984602086559,0.004218566369496258,0.00037258010869169737,0.6731481481481483,0.6722222222222223,0.002070433312499798,0.524100782840746,0.5201377695742904,0.002621251617642134,1,1,1,1
17_ood_low_friction_mu_0p055_long_zone_p2l_v2:0040,17_ood_low_friction_mu_0p055_long_zone_p2l_v2,19.555999999999973,19.95599999999997,0.0009078054849014442,0.02468600645065072,0.06118182552611704,0.030950790310359844,0.0,0.007528767624384665,0.3308046104951901,0.8203810887352356,0.4162420247024625,0.0,-7.988581119135772e-07,0.00012392217851544578,0.00031383160199375984,0.00014503620256250675,0.0,0.0019349648234223303,0.004408927725580069,0.013573418091236435,0.005824317207914091,0.0,0.0018865569898195884,0.004422114059553695,0.013497427157103933,0.00583374933656323,0.0,0.0,0.0,0.0001228909705561748,0.02468600645065072,0.004408927725580069,0.013958508300771734,0.006579537365391784,0.003948819254347911,6.70170869099348e-08,1.0,0.0037118406196447675,0.004134761038001982,0.0002483439728588918,0.6731481481481483,0.6722222222222223,0.002070433312499798,0.5240033288928875,0.5213906067778916,0.0021047001702693808,1,1,1,1
17_ood_low_friction_mu_0p055_long_zone_p2l_v2:0041,17_ood_low_friction_mu_0p055_long_zone_p2l_v2,19.755999999999972,20.15599999999997,-0.002404522929527538,0.027177095986160176,0.06118182552611704,0.03273470019798536,0.0,-0.02043121331755662,0.35027267708362536,0.8203810887352356,0.4269714683123551,0.0,1.8986696432001018e-05,0.00016527556329128172,0.00040417002485505435,0.00020195812623209343,0.0,-0.000207704700660799,0.0060523826027011,0.013573418091236435,0.0072105963420097076,0.0,-0.00026805691941617776,0.006073784534276638,0.013497427157103933,0.007214919689808295,0.0,0.0,0.0,0.00014603123649385767,0.027177095986160176,0.0060523826027011,0.013408884319633413,0.0068794384763972115,0.004261131227748717,5.637193911231215e-08,1.0,0.003948794010164849,0.004424932392112259,0.0002558763019246778,0.6731481481481483,0.6722222222222223,0.002070433312499798,0.5238653571284589,0.5213906067778916,0.001465584237623308,1,1,1,1
17_ood_low_friction_mu_0p055_long_zone_p2l_v2:0042,17_ood_low_friction_mu_0p055_long_zone_p2l_v2,19.95599999999997,20.35599999999997,-0.01948277443149539,0.023861405646089014,0.04253510949049941,0.017999907148321358,0.0,-0.2502398071758776,0.3066209080302012,0.5662677791530553,0.23013729882890746,0.0,5.059332264424378e-05,0.00014729618300587843,0.00040417002485505435,0.00018148315537286109,0.0,-0.004302149168140706,0.005648454257000224,0.013496533166676166,0.005481502719160586,0.0,-0.00434708128887367,0.005610266124147757,0.013376695100245233,0.005403660191652594,0.0,0.0,0.0,0.00013298628277158878,0.023861405646089014,0.005648454257000224,0.01470610452985671,0.006430488724963851,0.004626746176134394,6.157447212977103e-08,1.0,0.003901516914509136,0.004424932392112259,0.00030888176017498193,0.6731481481481483,0.6722222222222223,0.002070433312499798,0.5222181846315169,0.5180913470732241,0.0022550815255371775,1,1,1,1
17_ood_low_friction_mu_0p055_long_zone_p2l_v2:0043,17_ood_low_friction_mu_0p055_long_zone_p2l_v2,20.15599999999997,20.55599999999997,-0.012460679019011621,0.013846222668241396,0.04253510949049941,0.015522585075875773,0.0,-0.16690422586423093,0.18424164288428932,0.5662677791530553,0.20616602221422345,0.0,6.950574254069116e-05,0.00013872265447139383,0.0005576388705940246,0.00017168901499716387,0.0,-0.0009595993830310705,0.005036028613179158,0.013496533166676166,0.007080111745736031,0.0,-0.0009446710959063594,0.0050200583412453505,0.013376695100245233,0.007072095703783134,0.0,0.0,0.0,0.00013602159661610467,0.013846222668241396,0.005036028613179158,0.014252314423496715,0.005734661488286872,0.004519071278358655,7.635498077398854e-08,1.0,0.0037683027962977108,0.004114626637670086,0.0002576925210088924,0.6750000000000002,0.6722222222222223,0.002777777777777768,0.522815132319613,0.5180913470732241,0.0029012937788226592,1,1,1,1
17_ood_low_friction_mu_0p055_long_zone_p2l_v2:0044,17_ood_low_friction_mu_0p055_long_zone_p2l_v2,20.35599999999997,20.75599999999997,0.0008020449080979401,0.02193582425978959,0.06405697655597327,0.03144915771509453,0.0,0.0014865471149200227,0.2911643728289863,0.8259405087715437,0.4145199910030709,0.0,5.188515483451539e-05,0.00014758625632957796,0.0005576388705940246,0.00019117310148277056,0.0,0.004000149045578091,0.005885774613526761,0.016684119690070727,0.007271241249030044,0.0,0.003982944818664822,0.0058907118838824185,0.01671409803532749,0.007319523482094011,0.0,0.0,0.0,0.00014769608484533947,0.02193582425978959,0.005885774613526761,0.013310129794882435,0.005322716511381028,0.004190632403515198,9.282690994753076e-08,1.0,0.003760608143439901,0.004114626637670086,0.00030726413695918766,0.6722222222222222,0.6666666666666666,0.004536092116265174,0.5237929391604891,0.5180154027114945,0.0028470421910472875,1,1,1,1
17_ood_low_friction_mu_0p055_long_zone_p2l_v2:0045,17_ood_low_friction_mu_0p055_long_zone_p2l_v2,20.55599999999997,20.955999999999968,0.02992058050893044,0.06911184594720357,0.20936137299260887,0.08969433470129108,0.16666666666666666,0.40266396595939363,0.931649843234449,2.866763552597593,1.2215597125175177,0.0,-0.035643779735579334,0.03577465276841084,0.24044306695664416,0.07827930998140553,0.15,-0.03939268133889624,0.04710648644515213,0.23731928626047774,0.08912544413168633,0.16666666666666666,-0.0033260166264334062,0.010974197991119991,0.020526860173967175,0.012968078298073869,0.0,0.055499999987011495,0.04439999998747298,0.01201648162301751,0.04932472160471384,0.008000057685644567,1.964483388941161,1.7930136482371763,0.005418203731312524,9.197521641863218e-08,1.0,0.003660329151039756,0.0039129684827726744,0.00021316791584599808,0.6712962962962964,0.6666666666666666,0.00498626371030976,0.5245542341333325,0.5180154027114945,0.005141858279295892,0,1,1,1
17_ood_low_friction_mu_0p055_long_zone_p2l_v2:0046,17_ood_low_friction_mu_0p055_long_zone_p2l_v2,20.75599999999997,21.155999999999967,0.027109975857856145,0.05745240303663899,0.20936137299260887,0.08641032482128795,0.16666666666666666,0.3793943027698661,0.7660707143150329,2.866763552597593,1.1727195533560204,0.0,-0.043076302496048435,0.04314226895278939,0.24044306695664416,0.07520072408509733,0.15,-0.06182369521561265,0.06317197202786179,0.23731928626047774,0.08073276920558457,0.16666666666666666,-0.018351933269708926,0.01968120893783075,0.04273376568968351,0.013652826284967622,0.0,0.20549999998270954,0.16439999995756008,0.12461834143102157,0.18078300073282838,0.10427461825844518,2.3132648288656554,2.07706139109089,0.033676443777169204,3.437535003684279e-05,1.0,0.003982174592112563,0.004469507021907302,0.00032851292146130324,0.6472222222222223,0.5944444444444444,0.030216979392742087,0.5225103034036208,0.511238337409432,0.008034367890639969,0,0,1,1
17_ood_low_friction_mu_0p055_long_zone_p2l_v2:0047,17_ood_low_friction_mu_0p055_long_zone_p2l_v2,20.955999999999968,21.355999999999966,-0.038806272518527314,0.05352637382136143,0.19683835524246837,0.07521394298108065,0.16666666666666666,-0.46604776434364087,0.6536042576364416,2.3996663818235335,0.9202573612132173,0.0,0.013785438857484057,0.02873605056493128,0.21688335032632824,0.06441149914060523,0.1,0.019845558309379147,0.06289478180305937,0.2210379685788233,0.09371709207359318,0.16666666666666666,0.00032005627577584773,0.02853892180123105,0.05944441285557525,0.03347351358712654,0.0,0.15000000000421176,0.11999999998001928,0.13218851868218248,0.19664409586941614,0.1431038568047379,2.13719371357874,1.9695023197544612,0.03575581106167372,3.438554157265167e-05,1.0,0.004237520890606555,0.004469507021907302,0.00018702327065052088,0.6407407407407408,0.5944444444444444,0.03910872607767199,0.507726727223976,0.49172633429470175,0.01261368744601992,0,1,1,1
17_ood_low_friction_mu_0p055_long_zone_p2l_v2:0048,17_ood_low_friction_mu_0p055_long_zone_p2l_v2,21.155999999999967,21.555999999999965,-0.0390358439640627,0.05441093920108787,0.19683835524246837,0.07496109472954891,0.16666666666666666,-0.4737003287179826,0.6741259695574499,2.3996663818235335,0.9177478222999871,0.0,0.02119625775378384,0.021390480029249752,0.21688335032632824,0.061457476612737955,0.1,0.04010437501018121,0.04485582459098849,0.2210379685788233,0.08173843897708735,0.16666666666666666,0.013228751882821339,0.017873606657380855,0.05944441285557525,0.023643091032108432,0.0,8.513745264338013e-12,9.932225981838901e-12,0.019600608606293052,0.05441093921046342,0.04485582460257609,1.7537391683767931,1.6427921498983051,0.006536937368101866,1.1648180445051942e-07,1.0,0.0039524032657053424,0.004386359696229401,0.0003182961667386282,0.6777777777777777,0.6,0.03484238467079033,0.4965365822853709,0.49172633429470175,0.0031542274384229445,1,1,1,1
17_ood_low_friction_mu_0p055_long_zone_p2l_v2:0049,17_ood_low_friction_mu_0p055_long_zone_p2l_v2,21.355999999999966,21.755999999999965,0.001299905753262702,0.01797213983828444,0.035204321101011564,0.021136788263647992,0.0,0.01879334268818689,0.2345822577804809,0.4621252263212912,0.276042998970184,0.0,-3.846981782279773e-05,0.0001527895632857346,0.000426364410026591,0.0001992602164931223,0.0,0.002133059342494234,0.0036262104096173985,0.004552610209124684,0.0031205207093283364,0.0,0.0020990244079851336,0.003589425222117708,0.004471202442397724,0.0030812109450328476,0.0,0.0,0.0,0.00013802425812871016,0.01797213983828444,0.0036262104096173985,0.013441647977307397,0.006761697529514819,0.004784006410087657,8.695421605616621e-08,1.0,0.0038622028366049137,0.004334930520920826,0.0002666348922948548,0.6944444444444445,0.6944444444444444,1.1102230246251565e-16,0.4970732306323055,0.4930106762836284,0.0031318953129973823,1,1,1,1
17_ood_low_friction_mu_0p055_long_zone_p2l_v2:0050,17_ood_low_friction_mu_0p055_long_zone_p2l_v2,21.555999999999965,21.955999999999964,0.006976125906059315,0.012899815495624632,0.035204321101011564,0.015038082518414406,0.0,0.08971014998467443,0.16376040317488263,0.4621252263212912,0.19462029567607422,0.0,3.0974984490378236e-05,0.00014888094320298175,0.00041165916796525215,0.00018589438373965323,0.0,0.003732767951666192,0.004290805224615735,0.009992951792533877,0.0034594068188095466,0.0,0.0036766016048390953,0.004179010878092868,0.009885288169106459,0.003388122036204342,0.0,0.0,0.0,0.00013760917221191375,0.012899815495624632,0.004290805224615735,0.01359094287042501,0.006464222301427177,0.004554209398382199,6.186259553436945e-08,1.0,0.004121254601737291,0.004420573297828365,0.00021833395017588293,0.6925925925925926,0.6833333333333333,0.004140866624999596,0.49681452366648626,0.4929878232615875,0.003109981617013538,1,1,1,1
17_ood_low_friction_mu_0p055_long_zone_p2l_v2:0051,17_ood_low_friction_mu_0p055_long_zone_p2l_v2,21.755999999999965,22.155999999999963,0.004100630892200682,0.010426920124667274,0.014605685141228453,0.010229525387176211,0.0,0.05057956001013523,0.131963551666539,0.1892713982092599,0.13006799380922227,0.0,7.696349945787564e-05,0.00013980896090821072,0.00044928784897020955,0.00016194844826385955,0.0,0.0021953389745554184,0.0035482602723238272,0.009992951792533877,0.004139920959205466,0.0,0.0021082411534754254,0.0035478964445841634,0.009885288169106459,0.004134241495928584,0.0,0.0,0.0,0.00014033548668717624,0.010426920124667274,0.0035482602723238272,0.013603503055334407,0.00669333994512375,0.004567076005215226,8.010921008982901e-08,1.0,0.004038704955766829,0.004420573297828365,0.00021531879536681013,0.6916666666666668,0.6833333333333333,0.006211299937499394,0.495314675644631,0.49249965684635455,0.00196101207596598,1,1,1,1
17_ood_low_friction_mu_0p055_long_zone_p2l_v2:0052,17_ood_low_friction_mu_0p055_long_zone_p2l_v2,21.955999999999964,22.355999999999963,-0.004598964675281283,0.01098534799080248,0.0171210138897218,0.010759074568154527,0.0,-0.05791747999378246,0.14103178061799673,0.21376718388815666,0.137823930822067,0.0,2.532092670809733e-05,0.00010511657386772645,0.00044928784897020955,0.00014081925414534616,0.0,-0.0007112877409039095,0.001970724074881673,0.0037783090019332913,0.0020637752409817275,0.0,-0.0007698245538545126,0.0020154188358896775,0.0037367828461054957,0.002055241343560832,0.0,0.0,0.0,0.0001235970452392382,0.01098534799080248,0.001970724074881673,0.012699770829384817,0.006528633550665733,0.004917393192865144,8.203018384878663e-08,1.0,0.00389966848317198,0.004129463372528946,0.00017871614715131456,0.6944444444444445,0.6833333333333333,0.005555555555555536,0.4944573230688631,0.4919270922728756,0.0016380816865933785,1,1,1,1
17_ood_low_friction_mu_0p055_long_zone_p2l_v2:0053,17_ood_low_friction_mu_0p055_long_zone_p2l_v2,22.155999999999963,22.555999999999962,-0.0025372662167977822,0.008623387374542352,0.0171210138897218,0.009507165886431171,0.0,-0.031766417682956995,0.10969984999217643,0.21376718388815666,0.12033368323800284,0.0,1.610620403812384e-05,0.0001228207626873664,0.00031622869537539815,0.0001454197587729133,0.0,-0.0008487892847134094,0.0018797298262086867,0.0030928216244858328,0.0018913663930555434,0.0,-0.000754714628305443,0.0018254168015411165,0.00321210651970702,0.0019097163731887645,0.0,0.0,0.0,0.0001455108738862231,0.008623387374542352,0.0018797298262086867,0.014003903407139645,0.007182374471993372,0.0049309901211843955,8.993260670201937e-08,1.0,0.0039743100674921915,0.004148714464544882,0.0002025304565865321,0.6953703703703704,0.6888888888888889,0.003817690394090413,0.4945144269085075,0.4919270922728756,0.002843595322340462,1,1,1,1
17_ood_low_friction_mu_0p055_long_zone_p2l_v2:0054,17_ood_low_friction_mu_0p055_long_zone_p2l_v2,22.355999999999963,22.75599999999996,0.006703756138944435,0.008964499645296537,0.028746403879489207,0.011129742255664628,0.0,0.0796058527536404,0.10738528838715426,0.3271731264947257,0.1286707382662065,0.0,-3.593182885841425e-05,0.00017408440173257217,0.0005648038546954707,0.00022097792398458572,0.0,0.0020132113154952397,0.002854602635450619,0.010601922373429013,0.004144384499549392,0.0,0.002171853144724702,0.0029039872026820368,0.010674122837182375,0.0041028396630813655,0.0,0.0,0.0,0.00017332145444097662,0.008964499645296537,0.002854602635450619,0.015216954489305465,0.007138886534049509,0.0045246459320015895,8.604809189514604e-08,1.0,0.004191279395169267,0.004768426776209122,0.0003167002062514991,0.6944444444444445,0.6888888888888889,0.0032075014954979094,0.4960503104061569,0.4920329165231597,0.0029449677274176766,1,1,1,1
17_ood_low_friction_mu_0p055_long_zone_p2l_v2:0055,17_ood_low_friction_mu_0p055_long_zone_p2l_v2,22.555999999999962,22.95599999999996,0.004172021916623826,0.014093221729750733,0.028746403879489207,0.01787694713274382,0.0,0.04808483410334782,0.1675504334756642,0.3271731264947257,0.21178510444118107,0.0,-3.7214136226336865e-05,0.0001613666853254892,0.0005648038546954707,0.000215707240665885,0.0,0.0019455465546605241,0.0035869770476750916,0.010601922373429013,0.004627907891928167,0.0,0.002002556105729116,0.003658591173118451,0.010674122837182375,0.004622294375548188,0.0,0.0,0.0,0.00016131825265291484,0.014093221729750733,0.0035869770476750916,0.014482927664870436,0.006818207804731852,0.0045016108465832805,6.867883745859066e-08,1.0,0.00432215346625366,0.004768426776209122,0.0002473559246247313,0.6944444444444445,0.6888888888888889,0.0032075014954979094,0.4966078750045386,0.49360564606870994,0.0025693623909151457,1,1,1,1
17_ood_low_friction_mu_0p055_long_zone_p2l_v2:0056,17_ood_low_friction_mu_0p055_long_zone_p2l_v2,22.75599999999996,23.15599999999996,0.0005927138171544771,0.016386704903002747,0.02431607683732198,0.018578904836950797,0.0,0.008144295780374752,0.2027824005314622,0.2959070502988847,0.2297170496011162,0.0,0.0006811853831725664,0.0008675150489369282,0.014277221395024227,0.003125060516135653,0.0,-0.0006553201388428973,0.003998741966624166,0.006396454310886987,0.0042408777093965455,0.0,-0.0006997424234783039,0.003940294712102326,0.006368364587533274,0.004168831442650943,0.0,0.012999999996248235,0.0,0.001189889566923541,0.016386704903002747,0.003998741966624166,1.4544706747648357,1.3955044436442527,0.00539741999109245,8.423826452274699e-08,1.0,0.004189339299886193,0.004397927330312365,0.0001536050063665361,0.6944444444444445,0.6888888888888889,0.0032075014954979094,0.4960809804152409,0.4932686503140662,0.0030033821063260987,1,1,1,1
17_ood_low_friction_mu_0p055_long_zone_p2l_v2:0057,17_ood_low_friction_mu_0p055_long_zone_p2l_v2,22.95599999999996,23.35599999999996,0.027734618241692263,0.0472552352485713,0.20008063136995347,0.07876186553425486,0.16666666666666666,0.3367118765029118,0.5897833096727686,2.4664381458338407,0.9747228233812117,0.0,-0.006524557902159703,0.011557749170304426,0.06055275987523733,0.022047226449814022,0.0,0.00014483763222657934,0.008194202054277486,0.02007380415482349,0.010184952666328585,0.0,0.00018646275227583256,0.01185120404289404,0.03135937083366706,0.01613733282604882,0.0,0.14299999998668877,1.0803324047314024e-11,0.012778246767552631,0.1105616914448359,0.008194202054902816,2.0274847381481362,1.843165095944527,0.01617767346331459,0.0013012329247878013,1.0,0.003944199101865792,0.004337734278984839,0.00035695533790289496,0.6935185185185185,0.6833333333333333,0.004986263710309709,0.49943925316310045,0.4932686503140662,0.007304649640834485,1,1,1,1
17_ood_low_friction_mu_0p055_long_zone_p2l_v2:0058,17_ood_low_friction_mu_0p055_long_zone_p2l_v2,23.15599999999996,23.55599999999996,0.04406209542286854,0.05589408028967329,0.20008063136995347,0.07496221870064428,0.16666666666666666,0.5562272375849984,0.7119542028756779,2.4664381458338407,0.9311634496591861,0.0,0.0077034513119284605,0.03151668165418374,0.06055275987523733,0.037690849661848665,0.0,0.004011288498309343,0.02602998384775032,0.050945887619527695,0.030597382499481515,0.0,-0.004337881273946443,0.014791004885168796,0.03135937083366706,0.017227957124741507,0.0,0.2599999999858671,1.132996830258493e-11,0.032059594869212095,0.2159379045587084,0.026029983847505028,1.42348187735467,1.3110354627867005,0.13849252619045557,0.002523868449666622,1.0,0.003837636690020421,0.00450124925871152,0.0004814198374029187,0.6814814814814815,0.6611111111111111,0.013094570021973085,0.5027222392196454,0.4943028919680672,0.008987948391782949,1,1,1,1
17_ood_low_friction_mu_0p055_long_zone_p2l_v2:0059,17_ood_low_friction_mu_0p055_long_zone_p2l_v2,23.35599999999996,23.755999999999958,-0.017142906430849644,0.05609174218484871,0.2190940938941977,0.09215457146512335,0.16666666666666666,-0.2217514964288593,0.7411167766136355,2.8804061677257846,1.2159922044760583,0.0,0.041143058606815594,0.047003374081360766,0.058603154745451726,0.025466639749559688,0.0,0.02957766499520266,0.04655962753504522,0.05863985323315936,0.03725005545597017,0.0,-0.004927142456191994,0.006720230837664797,0.014894297653391994,0.007032512105109391,0.0,0.2079999999935278,7.743093915334425e-13,0.046606795826476165,0.2338095730904826,0.04655962753403131,0.28884074976070717,0.1328965588226958,0.025819319427163756,0.0012228062241238548,1.0,0.0038401471080816655,0.00450124925871152,0.0003907774285578837,0.6657407407407407,0.65,0.009305440389926768,0.5066236752859694,0.4918103556784988,0.013885936745086728,0,1,1,1
17_ood_low_friction_mu_0p055_long_zone_p2l_v2:0060,17_ood_low_friction_mu_0p055_long_zone_p2l_v2,23.55599999999996,23.955999999999957,-0.13448325228086247,0.1401694561123042,0.25110965024258297,0.10517903804508283,0.6666666666666666,-1.6860795619931948,1.7594094503285753,2.9658716505622857,1.3098427646069568,0.0,0.045314019215404094,0.045314019215404094,0.05602452676290565,0.00858921974311621,0.0,0.04726790653193105,0.04726790653193105,0.05863985323315936,0.007702040443796783,0.0,0.000879655325459317,0.0022693739535195414,0.005347573467923736,0.0027869578578756044,0.0,0.07800000000005525,2.47665136262535e-13,0.04500003389919527,0.22114991894712158,0.04726790653178777,0.39353969397918853,0.13643289449146917,0.008456445539803153,2.0060738634573287e-07,1.0,0.003976722498657394,0.004509494541232526,0.00027480071367250397,0.6546296296296296,0.6333333333333333,0.011748682907823648,0.5201692312728055,0.4918103556784988,0.01761040352676057,0,1,1,1
17_ood_low_friction_mu_0p055_long_zone_p2l_v2:0061,17_ood_low_friction_mu_0p055_long_zone_p2l_v2,23.755999999999958,24.155999999999956,-0.13118770256050036,0.13118770256050036,0.25110965024258297,0.07646489668155716,0.5,-1.6515445733177765,1.6515445733177765,2.9658716505622857,0.8923670194158684,0.0,0.025539784727586695,0.025539784727586695,0.04746041766953408,0.014512600350675421,0.0,0.032630861404240104,0.032630861404240104,0.0501537800700697,0.0139269771520189,0.0,0.00424256388412191,0.005650922892612571,0.0174430902355228,0.006904833221144657,0.0,3.907985046680551e-12,0.0,0.024916848689224322,0.13118770256440834,0.032630861404240104,0.4461077566785532,0.058646280809712695,0.007352923818928908,1.2410956978373538e-07,1.0,0.003906711409607332,0.004509494541232526,0.0003663313699438138,0.65,0.6333333333333333,0.007856742013183872,0.5271787212776861,0.5136342581436959,0.009972720104202326,0,1,1,1
17_ood_low_friction_mu_0p055_long_zone_p2l_v2:0062,17_ood_low_friction_mu_0p055_long_zone_p2l_v2,23.955999999999957,24.355999999999955,-0.027948841215943394,0.045363799469924214,0.07465988563199123,0.04190996608230008,0.0,-0.3700672801944718,0.6055813071298256,1.0458738816661401,0.5636062834784438,0.0,0.006446082961633834,0.006522709369912501,0.02489599396499727,0.00860276764759649,0.0,0.011769360357191196,0.012174275024713922,0.042491913176414195,0.01363475079434221,0.0,0.0048851908190410505,0.006383804840617701,0.0174430902355228,0.006470854084816282,0.0,2.098321516541546e-12,5.693451408334137e-15,0.006181998369143434,0.04536379947168059,0.012174275024716363,0.31377042744628486,0.1944839617315728,0.035553368938437205,8.831108200317961e-08,1.0,0.0037312276474262937,0.004168103422700081,0.0002563721969807694,0.65,0.6444444444444445,0.004199605255658065,0.5257797227722021,0.5193155008219983,0.00401734512471398,1,1,1,1
17_ood_low_friction_mu_0p055_long_zone_p2l_v2:0063,17_ood_low_friction_mu_0p055_long_zone_p2l_v2,24.155999999999956,24.555999999999955,0.07557484014878771,0.0966383276830561,0.30735187302877914,0.1243750022187495,0.2857142857142857,0.9666986043947057,1.2390885568421939,3.9038958983862253,1.5783683769037353,0.14285714285714285,0.042202973311596004,0.04230847112631605,0.241750890802598,0.08761091977701206,0.2,0.06043220093348916,0.061289737250533056,0.24137117527494023,0.09422065257830564,0.2857142857142857,0.0027596991637813305,0.003830414993756738,0.009236552380262882,0.0039828524905060215,0.0,0.05249999999696553,0.041999999997985246,0.00030881519349146687,0.024852613402492445,0.00386116582531401,0.09044972854944115,0.03990077846410418,0.010920620201495927,7.256278151384747e-08,1.0,0.003814961531589262,0.004168103422700081,0.0002479828005666463,0.6468253968253969,0.6444444444444445,0.004046840883803782,0.5254770750102732,0.5176348624646034,0.00419323618001844,0,0,1,1
17_ood_low_friction_mu_0p055_long_zone_p2l_v2:0064,17_ood_low_friction_mu_0p055_long_zone_p2l_v2,24.355999999999955,24.755999999999954,0.2332893351084672,0.2332893351084672,0.30735187302877914,0.10124847396453508,0.8333333333333334,3.155129124943784,3.155129124943784,4.241138821767506,1.3919732599971304,0.6666666666666666,0.1643606861899965,0.16438955759643786,0.24667969664009348,0.11079721954048208,0.7,0.1893276780872026,0.18985573667831065,0.24364812934715777,0.08915518660442347,0.8333333333333334,-0.0006155628109565597,0.0036944136043775204,0.009236552380262882,0.004711785174799381,0.0,0.2024999999919419,0.16199999999562292,0.002412895079857707,0.013558576066740944,0.003490817327615999,0.13520463641316624,0.042884685349303106,0.012277677770888645,6.038326036908828e-08,1.0,0.003572512859085157,0.0040233096352594025,0.0003298772290916625,0.6435185185185185,0.6388888888888888,0.0020704333124998394,0.5224417013388764,0.5117201287631552,0.0061544740112246775,0,0,1,1
17_ood_low_friction_mu_0p055_long_zone_p2l_v2:0065,17_ood_low_friction_mu_0p055_long_zone_p2l_v2,24.555999999999955,24.955999999999953,0.28887651264302444,0.28887651264302444,0.34311944966291014,0.027244117104271628,1.0,3.8487093183229284,3.8487093183229284,4.241138821767506,0.3411701111150937,1.0,0.24679549325994268,0.24679549325994268,0.25184405753640454,0.0029364130218296706,1.0,0.2466387024380465,0.2466387024380465,0.257691599367648,0.007590868409009693,1.0,-0.001075752302965106,0.00561426992317009,0.009296093974595705,0.006073436339710267,0.0,0.2999999999902414,0.23999999999528673,0.006892657751578607,0.02549663723810654,0.007273783085800213,0.15429918943799556,0.008362515088803701,0.004778633130121612,8.638866004390917e-08,1.0,0.0036731495726310234,0.0042622002610450205,0.00038720633225804965,0.6435185185185185,0.6388888888888888,0.0020704333124998394,0.5147915396631095,0.5038886103827992,0.008364612291717467,0,0,1,1
17_ood_low_friction_mu_0p055_long_zone_p2l_v2:0066,17_ood_low_friction_mu_0p055_long_zone_p2l_v2,24.755999999999954,25.155999999999953,0.2729700451377938,0.2729700451377938,0.34311944966291014,0.03539084807357716,1.0,3.466298647315105,3.466298647315105,4.201155291943739,0.3656322706306168,0.8333333333333334,0.25200278964519873,0.25200278964519873,0.2571966052895751,0.0031189025115755686,1.0,0.2523368502911738,0.2523368502911738,0.25988568939254353,0.006450034618350407,1.0,-0.0005830488612993432,0.006585749348416606,0.009296093974595705,0.006918434227303044,0.0,0.2999999999902414,0.23999999999528673,0.012157807082786812,0.04140310474333712,0.012336850295887047,0.15331102855517792,0.00870902624522731,0.006250579027069117,1.1302974448935609e-07,1.0,0.003998488031026807,0.0042622002610450205,0.00017956321915111315,0.6435185185185185,0.6388888888888888,0.0038176903940904576,0.4992020056034441,0.4852731249024121,0.010198794222389299,0,0,1,1
17_ood_low_friction_mu_0p055_long_zone_p2l_v2:0067,17_ood_low_friction_mu_0p055_long_zone_p2l_v2,24.955999999999953,25.355999999999952,0.2469907973160058,0.2469907973160058,0.28235900208977216,0.01965021300932986,1.0,3.186128688477367,3.186128688477367,3.5588909754582607,0.2663129978813732,0.5,0.25772743782142216,0.25772743782142216,0.26358991251565445,0.00351540314847571,1.0,0.2582561358583951,0.2582561358583951,0.2682002447166672,0.00727198491401466,1.0,-0.0004025395959029862,0.004806361058590238,0.008756364996570544,0.005263132355699905,0.0,0.2999999999902414,0.23999999999528673,0.017866374464677568,0.05300920267423558,0.018256135863108328,0.15380854592102142,0.009321618680620597,0.007372605366545895,1.0691948623807723e-07,1.0,0.003913795087947457,0.004226472891784802,0.0002423122421587909,0.6435185185185185,0.6388888888888888,0.00498626371030976,0.48930372656019366,0.48328050763458497,0.006019981125692331,0,0,1,1
17_ood_low_friction_mu_0p055_long_zone_p2l_v2:0068,17_ood_low_friction_mu_0p055_long_zone_p2l_v2,25.155999999999953,25.55599999999995,0.17944246164877628,0.19005061940176238,0.2592678481821686,0.09821951121043951,0.8333333333333334,2.316887540522298,2.457009691897033,3.5588909754582607,1.2930574391351317,0.16666666666666666,0.2271428770903201,0.2271428770903201,0.26875838382377726,0.08558911210585866,0.85,0.22461202638201824,0.22461202638201824,0.2682002447166672,0.0798430998148766,0.8333333333333334,0.001353072265827893,0.010489768183846573,0.026709605561698484,0.013712257223348403,0.0,0.2549999999922764,0.20399999999592824,0.023164278704979804,0.0705575383437281,0.024612026386021894,0.6825452805993996,0.6146926593527006,0.006621540930252981,1.2229714231388525e-07,1.0,0.003896360844418913,0.004170992723122819,0.000221491364243703,0.6351851851851852,0.6111111111111112,0.01269565666740933,0.48156097804852677,0.46622424519879474,0.010336855669232724,0,0,1,1
17_ood_low_friction_mu_0p055_long_zone_p2l_v2:0069,17_ood_low_friction_mu_0p055_long_zone_p2l_v2,25.355999999999952,25.75599999999995,0.049914390556838904,0.07976491989398787,0.21992970944667456,0.10375446194311684,0.3333333333333333,0.6296060315272806,1.0188187417907673,2.819062156566093,1.324727506233058,0.0,0.09942137864952533,0.09944167078778268,0.26875838382377726,0.12273899158718303,0.35,0.09549644389768847,0.0961047274464545,0.2601942887909695,0.11408343793001509,0.3333333333333333,0.0016585789043518592,0.010214334161487247,0.026709605561698484,0.013673015447309641,0.0,0.10499999999849574,0.08399999999830765,0.01517818869975171,0.05008560944160095,0.016104727448149895,0.7149467708052686,0.6178881818949826,0.09679953493479374,1.218652373830393e-07,1.0,0.003938122891235427,0.004082307571096158,0.00012933796331782559,0.6407407407407407,0.6111111111111112,0.01717336758425129,0.4811121849295352,0.46622424519879474,0.009777974976449928,0,0,1,1
17_ood_low_friction_mu_0p055_long_zone_p2l_v2:0070,17_ood_low_friction_mu_0p055_long_zone_p2l_v2,25.55599999999995,25.95599999999995,-0.009305960638857415,0.023787691598955885,0.04155384196095138,0.026277155177175954,0.0,-0.12553067039535895,0.30203430330661946,0.5354232444396817,0.3294995244952562,0.0,0.002666520263169326,0.0027605618624176,0.017192352113205266,0.005156033674981546,0.0,0.002357472209126478,0.004803610938303545,0.01600426493416105,0.006595449590950588,0.0,0.0009568645843338897,0.0033036177039353688,0.007270851296267785,0.0037450709908438892,0.0,1.4516166046973922e-12,1.451830109125205e-13,0.00253280952649808,0.02378769160004862,0.004803610938316355,0.24415296479759377,0.17102233762581565,0.007393155092217364,8.547411791382947e-08,1.0,0.003940805369824524,0.004484919520477118,0.0003248875401322749,0.6574074074074073,0.65,0.004140866624999596,0.49111531011732595,0.47878199944326494,0.005710993688927031,1,1,1,1
17_ood_low_friction_mu_0p055_long_zone_p2l_v2:0071,17_ood_low_friction_mu_0p055_long_zone_p2l_v2,25.75599999999995,26.15599999999995,0.000962839761615778,0.019180990969608517,0.04155384196095138,0.02425446040283319,0.0,0.008620473906049642,0.24097958483395995,0.5354232444396817,0.30332460178698134,0.0,1.917695855117886e-05,0.00013971633881794458,0.0003223010107337155,0.00016326845011398544,0.0,-9.297883081827106e-05,0.001988760790125195,0.0038659261686520337,0.0024469018925297827,0.0,-7.166797367334382e-05,0.002031020555568724,0.003872313228988935,0.0024430651915591244,0.0,1.1157741397482823e-13,1.2240920527918395e-13,0.00015692408230194346,0.01918099096964506,0.001988760790089611,0.06733340294821605,0.008292200004874404,0.005043680585750682,7.398157717698306e-08,1.0,0.004033171562705172,0.004484919520477118,0.00035218385609256267,0.6555555555555556,0.65,0.004536092116265129,0.49508520823402735,0.49007172216142086,0.0036675387969855268,1,1,1,1
17_ood_low_friction_mu_0p055_long_zone_p2l_v2:0072,17_ood_low_friction_mu_0p055_long_zone_p2l_v2,25.95599999999995,26.35599999999995,0.0010515372253344175,0.014666895765035215,0.027745463956075557,0.016729542451804243,0.0,0.018573291469240676,0.19084664557867762,0.3551659739842617,0.21713413046498697,0.0,-1.6048297692237607e-05,0.00013809691761062446,0.0005310374066877866,0.00018281917109599908,0.0,-3.0689808196262203e-05,0.0015210501859454593,0.003923566660827852,0.0020177260414723417,0.0,-4.1440165387579584e-05,0.0016511062811709974,0.004136253784476311,0.002133418582631964,0.0,0.0,0.0,0.00015365082254475181,0.014666895765035215,0.0015210501859454593,0.06649078891177908,0.008526744537385368,0.005234752135529697,8.336838519944581e-08,1.0,0.0039204616462598625,0.004303102437878887,0.00027736151882785395,0.6555555555555556,0.65,0.004536092116265129,0.49502048070979376,0.4898824849506033,0.004172429354402406,1,1,1,1
17_ood_low_friction_mu_0p055_long_zone_p2l_v2:0073,17_ood_low_friction_mu_0p055_long_zone_p2l_v2,26.15599999999995,26.555999999999948,-0.002033586751764827,0.016065253665111145,0.027745463956075557,0.017664235794453833,0.0,-0.02345152945410139,0.21020224448486488,0.3551659739842617,0.2313034148565535,0.0,-6.612928014508026e-05,0.00015764930759260966,0.0005310374066877866,0.00020444930561470625,0.0,-0.0003055006736338083,0.002208654002031131,0.003923566660827852,0.002480609627363954,0.0,-0.0003076512306111844,0.002293971566308572,0.004136253784476311,0.0025594861300163615,0.0,0.0,0.0,0.00016413277326134693,0.016065253665111145,0.002208654002031131,0.06695799282387571,0.010423851691765598,0.007512027355846877,8.458345792530075e-08,1.0,0.0038497895268627415,0.004170431626884259,0.00022107468571143225,0.6564814814814814,0.65,0.004986263710309709,0.4938430701616691,0.4898824849506033,0.002647312537394702,1,1,1,1
17_ood_low_friction_mu_0p055_long_zone_p2l_v2:0074,17_ood_low_friction_mu_0p055_long_zone_p2l_v2,26.35599999999995,26.755999999999947,0.0013384854394652155,0.010188837870982669,0.02188354309046805,0.011687359051361597,0.0,0.015851426974997068,0.13111654291920946,0.28786972845346975,0.1516477444065061,0.0,-3.486265287609397e-05,0.00018954844803179444,0.0005204009262190198,0.00022119484819222536,0.0,0.0005538605236706824,0.0026698430472207497,0.005693220473224071,0.003047542156711608,0.0,0.0004940327953951208,0.002563896277043292,0.005408741781045464,0.002936628436076984,0.0,0.0,0.0,0.00018816140675856032,0.010188837870982669,0.0026698430472207497,0.06539610509300652,0.01059247982176857,0.0074130404427774944,9.720319512892718e-08,1.0,0.003960932699301002,0.004170431626884259,0.00017042338331796372,0.6555555555555556,0.65,0.005555555555555536,0.4934784297569717,0.49195946600488966,0.0017028807719207094,1,1,1,1
17_ood_low_friction_mu_0p055_long_zone_p2l_v2:0075,17_ood_low_friction_mu_0p055_long_zone_p2l_v2,26.555999999999948,26.955999999999946,0.0039978386166887574,0.005864155943976803,0.01039979554174344,0.005228993804925879,0.0,0.04952113455963344,0.07505402825201272,0.13202632124070493,0.06772361794727771,0.0,-7.221957820641329e-06,0.00016221204001092563,0.00038167963304817595,0.00019313843483424075,0.0,0.0005458978838487468,0.0022413258888162512,0.005693220473224071,0.0028029718256858036,0.0,0.0005143600891197801,0.002088780424868407,0.005408741781045464,0.002649371396173327,0.0,0.0,0.0,0.00016581873290533454,0.005864155943976803,0.0022413258888162512,0.06535293865373204,0.00904526938498138,0.006281797812034327,9.338249334799812e-08,1.0,0.0039065747495539115,0.004373263322766486,0.00028403289753347314,0.6555555555555556,0.6444444444444445,0.00641500299099582,0.4937099954039283,0.49148526957041694,0.0020023802498307934,1,1,1,1
17_ood_low_friction_mu_0p055_long_zone_p2l_v2:0076,17_ood_low_friction_mu_0p055_long_zone_p2l_v2,26.755999999999947,27.155999999999946,0.010438095228044175,0.01230441255533222,0.02425210075787766,0.011177846305338714,0.0,0.13592362157495744,0.16145651526733673,0.326493142111171,0.14712725350828126,0.0,-1.9454475497706307e-05,0.00016132182774655643,0.00047116489114108534,0.0002029909114492612,0.0,0.0019442455262934524,0.002729990129766544,0.0049815086608597,0.002483590092596367,0.0,0.0019707059848323907,0.0026981343743605,0.004929728552494591,0.002457262142326638,0.0,0.0,0.0,0.00016308441023646201,0.01230441255533222,0.002729990129766544,0.06705734033261436,0.010121974114717453,0.006718873078963947,8.183753747973894e-08,1.0,0.00379980358147146,0.004373263322766486,0.0003827893569212995,0.6537037037037037,0.6444444444444445,0.005237828008789223,0.4933134689386605,0.48955182416628434,0.002927188105300903,1,1,1,1
17_ood_low_friction_mu_0p055_long_zone_p2l_v2:0077,17_ood_low_friction_mu_0p055_long_zone_p2l_v2,26.955999999999946,27.355999999999945,0.008782761982387177,0.017967943840906938,0.02425210075787766,0.016395966625656705,0.0,0.11481486129325509,0.23503913958655862,0.326493142111171,0.21404000676884624,0.0,-6.989489001630893e-05,0.00019835619764159567,0.00048626624866217284,0.00022837164434123217,0.0,0.0011268645116974594,0.00370084583345074,0.0049815086608597,0.0036613706737279534,0.0,0.0011079844005151725,0.003791626863992634,0.005087055331829993,0.0037705460007578487,0.0,0.0,0.0,0.0001913885556559456,0.017967943840906938,0.00370084583345074,0.06562044199835511,0.01039988935077412,0.00793210838727174,8.224718672825709e-08,1.0,0.003807530321644912,0.00425955735290502,0.0003259773736234125,0.6555555555555556,0.65,0.004536092116265129,0.49280380096697907,0.48955182416628434,0.0022570179820819505,1,1,1,1
17_ood_low_friction_mu_0p055_long_zone_p2l_v2:0078,17_ood_low_friction_mu_0p055_long_zone_p2l_v2,27.155999999999946,27.555999999999944,0.008739609183929303,0.01901328586319033,0.03928066640584899,0.020275024140242428,0.0,0.11891491304124246,0.25382653181920917,0.5380697130204927,0.2727585148068007,0.0,-4.94823811748517e-05,0.00013051319661226156,0.00048626624866217284,0.00017237516559102646,0.0,0.0006030815631713793,0.0036113447761172805,0.007066409626593715,0.004020743927252907,0.0,0.0004988899941836311,0.003631884800974646,0.006752460699172879,0.004015391307513075,0.0,0.0,0.0,0.00015192768132811906,0.01901328586319033,0.0036113447761172805,0.06301706050098049,0.009203170361291107,0.007371729100480239,8.119205530997771e-08,1.0,0.003734125662377543,0.004101558537478947,0.00022571219795958366,0.6583333333333333,0.65,0.0042431256434776144,0.49307308955068935,0.48710214305110544,0.003091275309562798,1,1,1,1
17_ood_low_friction_mu_0p055_long_zone_p2l_v2:0079,17_ood_low_friction_mu_0p055_long_zone_p2l_v2,27.355999999999945,27.755999999999943,0.003987029877344281,0.017447662185537446,0.03928066640584899,0.020944267156612194,0.0,0.05364038312430932,0.23859280096958888,0.5380697130204927,0.28675419352319054,0.0,5.2716274026479975e-05,0.00010304777830252271,0.00034995754770018455,0.00012815764341627753,0.0,0.0008152823261311438,0.004252605439114096,0.009009123665370997,0.005080508241405547,0.0,0.0006926814376935047,0.004243007450783297,0.009302921009328717,0.005117290901340698,0.0,0.0,0.0,0.00012684370354867916,0.017447662185537446,0.004252605439114096,0.0644318682609399,0.008929355140620836,0.005533774965369893,9.284348351749516e-08,1.0,0.0035539010321271815,0.0037115687376660118,0.00010300450721598105,0.6564814814814814,0.6444444444444445,0.005928818738363728,0.49264428063288906,0.4855390814134743,0.00454821362783931,1,1,1,1
17_ood_low_friction_mu_0p055_long_zone_p2l_v2:0080,17_ood_low_friction_mu_0p055_long_zone_p2l_v2,27.555999999999944,27.955999999999943,-0.005771267793111541,0.011805903335306208,0.01673566351457376,0.011925291414005354,0.0,-0.08068886594120096,0.15914168808719964,0.23394205331606513,0.1599578954703162,0.0,5.899309064625179e-05,0.00012527729901722884,0.00034995754770018455,0.00014727434375487033,0.0,6.859765546224032e-05,0.003686157371365443,0.009009123665370997,0.0046691821415971325,0.0,2.8831036395687132e-05,0.003762078680054508,0.009302921009328717,0.004790025427770887,0.0,0.0,0.0,0.0001299495423500283,0.011805903335306208,0.003686157371365443,0.0673621745625405,0.009741785707850241,0.004260435879019024,7.405091399641559e-08,1.0,0.003696353890802737,0.004060788039838216,0.00021769642309937167,0.6546296296296296,0.6444444444444445,0.007465053470646779,0.4937070732165838,0.4855390814134743,0.004393050778934262,1,1,1,1
17_ood_low_friction_mu_0p055_long_zone_p2l_v2:0081,17_ood_low_friction_mu_0p055_long_zone_p2l_v2,27.755999999999943,28.155999999999942,0.010248902391333125,0.016525914983728494,0.05547562421346378,0.022393133294208323,0.0,0.13662859019277676,0.22050236283021532,0.748230558060875,0.3015181648782844,0.0,4.343041898795879e-05,0.0001213442069106134,0.00037847508970714224,0.00016109981743788412,0.0,0.003078436429305076,0.003692954923417946,0.01024372704432692,0.003953121295312802,0.0,0.0030802866040599754,0.0037125605779425564,0.010255290216507184,0.003980526148855211,0.0,0.0,0.0,0.00012079041766458698,0.016525914983728494,0.003692954923417946,0.06665405992275349,0.010010069480249588,0.007287212021355353,6.290791059055258e-08,1.0,0.0037852765211565027,0.004060788039838216,0.0001498970441435335,0.6583333333333333,0.6444444444444445,0.006211299937499394,0.49414224523304373,0.4924515163341843,0.002649703521185693,1,1,1,1
17_ood_low_friction_mu_0p055_long_zone_p2l_v2:0082,17_ood_low_friction_mu_0p055_long_zone_p2l_v2,27.955999999999943,28.35599999999994,0.14615709237324823,0.14722907132467777,0.2806310996276811,0.12797898467545998,0.5,1.8791612994166558,1.8934695953863099,3.751017810107099,1.6387958234521314,0.5,0.14235411282721863,0.14238499930630727,0.30520707176940687,0.1474977699412451,0.5,0.1524025157657015,0.1524025157657015,0.3026626084868323,0.14781614887923247,0.5,0.0011012278694679035,0.003526841761747354,0.010255290216507184,0.004818548705835072,0.0,0.13159999999423078,0.1409999999957393,0.0014763558951076216,0.014793456000619648,0.0038161060602714125,0.11786569762310678,0.0452349904217227,0.04319285911787006,7.663961497830318e-08,1.0,0.00383783871256127,0.004263791780402372,0.0002316784568280034,0.6555555555555556,0.6444444444444445,0.007856742013183834,0.49255156215795165,0.4877830703945619,0.0025141605740822974,0,0,1,1
17_ood_low_friction_mu_0p055_long_zone_p2l_v2:0083,17_ood_low_friction_mu_0p055_long_zone_p2l_v2,28.155999999999942,28.55599999999994,0.2576046699134494,0.2576046699134494,0.28324596774097444,0.03076249734207076,1.0,3.344804333659782,3.344804333659782,3.866404531029246,0.4219878456707424,0.8333333333333334,0.2966272889263125,0.2966272889263125,0.31123635876524053,0.040677120023414,1.0,0.3028321603892331,0.3028321603892331,0.30794292368974024,0.0038438515408580425,1.0,-0.0027695256308318534,0.0027695256308318534,0.00493869517326735,0.0015549614438731382,0.0,0.2715999999895524,0.2909999999927935,0.005808429473808747,0.023687685872983564,0.004245750686748784,0.15277236388937057,0.0108203787257377,0.007708409864168195,9.069963660725249e-08,1.0,0.003870732674315258,0.004263791780402372,0.0002636273702745802,0.6555555555555556,0.6444444444444445,0.00848625128695523,0.49027686913772617,0.48557786285893656,0.003696859164042687,0,0,1,1
17_ood_low_friction_mu_0p055_long_zone_p2l_v2:0084,17_ood_low_friction_mu_0p055_long_zone_p2l_v2,28.35599999999994,28.75599999999994,0.2385824977422986,0.2385824977422986,0.28324596774097444,0.02994939445116681,1.0,3.073495531812147,3.073495531812147,3.866404531029246,0.42265896393602975,0.5,0.31177175985258915,0.31177175985258915,0.3179919714454076,0.0036590633506421973,1.0,0.31019731723104493,0.31019731723104493,0.32100902224548483,0.006248275366002513,1.0,-0.0015517016877032708,0.0036215673027863286,0.006209596845249174,0.0036403722242315975,0.0,0.2799999999906433,0.2999999999941085,0.011948409873848478,0.042499491498455076,0.01019731723693646,0.1544830361089764,0.009732735498953931,0.00783702613163166,9.412047795520986e-08,1.0,0.003926721936067247,0.004156766983324414,0.00022708873839774992,0.6592592592592592,0.65,0.006141897759917385,0.48772643257344184,0.4771382158378202,0.005435351310537182,0,0,1,1
17_ood_low_friction_mu_0p055_long_zone_p2l_v2:0085,17_ood_low_friction_mu_0p055_long_zone_p2l_v2,28.55599999999994,28.95599999999994,0.1139691991758799,0.13130305813123463,0.25894095640359027,0.12333931462715289,0.5,1.4426670488355757,1.6516541711546904,3.220039434925442,1.5405494586257917,0.16666666666666666,0.15983263616222756,0.15984962967897084,0.3179919714454076,0.15516332597366247,0.5,0.1618750927606862,0.1618750927606862,0.32100902224548483,0.1531357800959803,0.5,0.001879455918094152,0.004592916876012599,0.013061947362615458,0.006006687091219975,0.0,0.1399999999984275,0.14999999999918073,0.009707692904795704,0.03670142060498926,0.011875092762420693,0.25259236696742415,0.14481801610344278,0.04586212272190775,9.464058596779366e-08,1.0,0.004052455376364357,0.004484363902349614,0.0002480167274776414,0.6555555555555556,0.6444444444444445,0.007172191381865561,0.4870178482565413,0.4771382158378202,0.0051229494521190305,0,0,1,1
17_ood_low_friction_mu_0p055_long_zone_p2l_v2:0086,17_ood_low_friction_mu_0p055_long_zone_p2l_v2,28.75599999999994,29.15599999999994,6.741534503266079e-05,0.024717115850843508,0.0410069335550054,0.02731374907738354,0.0,0.009228790368200979,0.311945780973093,0.4860979037194972,0.3407546557260232,0.0,0.0023931799066994512,0.0024443148748590844,0.016772030885277463,0.004848215938385965,0.0,0.004248306702733142,0.005933098125214161,0.01450112366570496,0.006729183692778405,0.0,0.0017442901090699364,0.004067921858346838,0.013061947362615458,0.005621757448724045,0.0,4.15112388907346e-12,2.265993660516987e-12,0.0022238352782417304,0.024717115851801075,0.0059330981238240104,0.23160228374185943,0.16665405594133093,0.010714340689624485,8.610278097499929e-08,1.0,0.003916474305480378,0.004484363902349614,0.00043254584217586805,0.6564814814814814,0.6444444444444445,0.0059288187383637276,0.4862850383983295,0.48367820814542273,0.0019397051086533466,1,1,1,1
17_ood_low_friction_mu_0p055_long_zone_p2l_v2:0087,17_ood_low_friction_mu_0p055_long_zone_p2l_v2,28.95599999999994,29.355999999999938,-0.008871964408067133,0.02298587581958622,0.03600182269354139,0.02341041465027547,0.0,-0.1252191654515751,0.3034076770333061,0.49116754453364325,0.30539618792185125,0.0,2.659690773191308e-05,0.00015633885082854892,0.0005729130495448463,0.00020354019969374916,0.0,-0.0027173747862697783,0.004051790494619759,0.008294854625860291,0.0036654936946192563,0.0,-0.0026504556797359593,0.00406016046812904,0.008412488544826848,0.003753989494943,0.0,1.2290168882600483e-12,1.4233628520835342e-13,0.00014375998942284439,0.022985875819575396,0.00405179049444089,0.06503832438589924,0.009843371719394504,0.005708249840825186,7.452932031871734e-08,1.0,0.0037034285174787074,0.004295549251143205,0.00038486397368010225,0.6555555555555556,0.65,0.004536092116265129,0.488161003946719,0.48367820814542273,0.003222497469109131,1,1,1,1
17_ood_low_friction_mu_0p055_long_zone_p2l_v2:0088,17_ood_low_friction_mu_0p055_long_zone_p2l_v2,29.15599999999994,29.555999999999937,-0.0051095361193620485,0.023434797385890275,0.039076751082325105,0.025425671527672805,0.0,-0.0752374723898292,0.31158347277488985,0.5129005353048813,0.33873861283390533,0.0,3.905321429334809e-05,0.00016765580039733585,0.0005729130495448463,0.00020348163508859278,0.0,-0.0008217142933951444,0.004262659565013372,0.008294854625860291,0.005130672648736672,0.0,-0.0008557533830679045,0.004184860352333297,0.008412488544826848,0.0050802187272470396,0.0,1.837419105754634e-13,2.8467257041670686e-15,0.00015543025199717144,0.02343479738611232,0.004262659565013372,0.06522007821687537,0.010054610119916088,0.0074707625062777755,6.80027340556905e-08,1.0,0.003782499017476028,0.004211002151164219,0.00026651322445381926,0.6564814814814814,0.65,0.004986263710309709,0.4888801893541706,0.4856890149497107,0.0024079754447495915,1,1,1,1
17_ood_low_friction_mu_0p055_long_zone_p2l_v2:0089,17_ood_low_friction_mu_0p055_long_zone_p2l_v2,29.355999999999938,29.755999999999936,0.0075476079908410295,0.013527384805160123,0.039076751082325105,0.016645357254749353,0.0,0.09727452752855104,0.17555618304749213,0.5129005353048813,0.217338020329119,0.0,4.716036747862551e-05,0.00017178702350561031,0.000529624225965634,0.0002115562115969252,0.0,0.0016969157854848183,0.003914180786825439,0.008155601092160975,0.004467613111771871,0.0,0.0016459825237958876,0.003928483045250783,0.007982724213337367,0.0045323027901941065,0.0,0.0,0.0,0.00017144070947281673,0.013527384805160123,0.003914180786825439,0.06894148324003821,0.010314849252883208,0.006854829786755896,6.813983958862208e-08,1.0,0.003892112826725127,0.004211002151164219,0.00023079295199250502,0.6601851851851851,0.6555555555555556,0.002070433312499798,0.4878645720710113,0.4856890149497107,0.0013846463996821559,1,1,1,1
17_ood_low_friction_mu_0p055_long_zone_p2l_v2:0090,17_ood_low_friction_mu_0p055_long_zone_p2l_v2,29.555999999999937,29.955999999999936,0.009502268219186866,0.013755710711663609,0.06152474220413265,0.02361905747345872,0.0,0.11717469322513484,0.1720822783765045,0.7583167842319705,0.29175625183048176,0.0,3.675334919988597e-05,0.00021130221819617772,0.000529624225965634,0.0002563062503470322,0.0,-8.69278400714487e-05,0.0034123406079140345,0.006510453902076086,0.0038474316058001784,0.0,-5.7812142010176555e-05,0.00356099476162872,0.006736075799343837,0.004017542169399859,0.0,0.0,0.0,0.00018850473114243046,0.013755710711663609,0.0034123406079140345,0.0712627916127214,0.010874545819794539,0.006726912195845612,8.275618921567997e-08,1.0,0.0039823966548029706,0.004217091248374453,0.0002440825848854741,0.6601851851851851,0.6555555555555556,0.002070433312499798,0.487108202121036,0.483317428054541,0.002088352240279756,1,1,1,1
17_ood_low_friction_mu_0p055_long_zone_p2l_v2:0091,17_ood_low_friction_mu_0p055_long_zone_p2l_v2,29.755999999999936,30.155999999999935,0.01588793767519293,0.018163938181405676,0.06152474220413265,0.0222741866878046,0.0,0.2003907598911924,0.22894066048923578,0.7583167842319705,0.27574233308682616,0.0,3.480737906888406e-05,0.00015870759028778717,0.00043123521402232674,0.0002039706664898917,0.0,0.0014168552008546366,0.003091909882767189,0.009167217648937223,0.003978888161980321,0.0,0.0014912748857643244,0.003220819048873015,0.009347071584882244,0.004077305899176131,0.0,0.0,0.0,0.00017960779455591984,0.018163938181405676,0.003091909882767189,0.06775347543784237,0.010376448383611172,0.007500015505202032,9.261369226724273e-08,1.0,0.004031181171979245,0.004217091248374453,0.00018320387599255324,0.6611111111111111,0.6611111111111111,0.0,0.48715363827178787,0.483317428054541,0.0022807351513638306,1,1,1,1
17_ood_low_friction_mu_0p055_long_zone_p2l_v2:0092,17_ood_low_friction_mu_0p055_long_zone_p2l_v2,29.955999999999936,30.355999999999934,0.012456883455938381,0.012456883455938381,0.02291596670540768,0.006742432614439563,0.0,0.1602154491757273,0.1602154491757273,0.30488777759501573,0.08919688593372767,0.0,1.4079764806311539e-05,0.00012279426608840306,0.0003754289397191946,0.0001583854500098957,0.0,0.0017433256022369517,0.0024751432514063774,0.009167217648937223,0.0035452572074731775,0.0,0.0017974684642408365,0.0025649102755363135,0.009347071584882244,0.003620136342610984,0.0,0.0,0.0,0.00014794385329031405,0.012456883455938381,0.0024751432514063774,0.06658788461861206,0.007337077567102695,0.006937070178813797,8.928197467001668e-08,1.0,0.003932465039130279,0.004254357817939536,0.00023309272932671874,0.6592592592592592,0.6555555555555556,0.002618914004394611,0.4879695524861461,0.48397795614198413,0.0023388332246778824,1,1,1,1
17_ood_low_friction_mu_0p055_long_zone_p2l_v2:0093,17_ood_low_friction_mu_0p055_long_zone_p2l_v2,30.155999999999935,30.555999999999933,0.008194614078080862,0.021039941829125556,0.041206687595330985,0.02399511104868719,0.0,0.10968824008490093,0.2702839299908349,0.5421303287350822,0.30680587813785837,0.0,5.083690316855701e-05,0.00014479070266324595,0.00044238445241720026,0.00017229505773027823,0.0,0.0002514565384178315,0.0032613467709053305,0.008013371455757291,0.004343614545458973,0.0,0.00027073190079212207,0.0033424764888645626,0.00809262167310496,0.004406718588464446,0.0,0.0,0.0,0.00013814746860216546,0.021039941829125556,0.0032613467709053305,0.06825838385891381,0.00922513197340226,0.006398863570604256,8.612605954773084e-08,1.0,0.0038956457478103463,0.004254357817939536,0.00023841776566666542,0.6583333333333333,0.6555555555555556,0.002777777777777768,0.48673489364647343,0.4825223912550349,0.0031401449162017196,1,1,1,1
17_ood_low_friction_mu_0p055_long_zone_p2l_v2:0094,17_ood_low_friction_mu_0p055_long_zone_p2l_v2,30.355999999999934,30.755999999999933,0.060438019510603624,0.07328334726164833,0.29764495913796074,0.10920091543982073,0.16666666666666666,0.7476963030240081,0.9082919929299421,3.6017353759784148,1.319265407928702,0.16666666666666666,-0.07452087004857323,0.07471296419303868,0.2993881544379013,0.12924482750254526,0.25,-0.04857292164749081,0.05632157998122506,0.29743540169182214,0.11160753470430884,0.16666666666666666,0.0011708479377903057,0.0069466802301798615,0.015166126727315621,0.008336113142245265,0.0,0.06999999999766082,0.07499999999852712,0.0005746737876457209,0.02661668059654111,0.007176446082969092,0.10031554634738087,0.04044074011704188,0.011080817576703879,9.420810270267171e-08,1.0,0.003932016604424322,0.004342607946477273,0.0002510434544262579,0.6574074074074073,0.65,0.004140866624999596,0.48677449033758946,0.4825223912550349,0.0031880747454681112,0,0,1,1
17_ood_low_friction_mu_0p055_long_zone_p2l_v2:0095,17_ood_low_friction_mu_0p055_long_zone_p2l_v2,30.555999999999933,30.955999999999932,0.20851406630214026,0.20851406630214026,0.29764495913796074,0.11677679732563379,0.7142857142857143,2.781576030958918,2.781576030958918,3.9180081274891023,1.5611634107038788,0.7142857142857143,-0.22138602207868696,0.221465808351703,0.2993881544379013,0.1279088116954379,0.75,-0.2101789264488954,0.21455105810168099,0.30526591058498287,0.1350868780619583,0.7142857142857143,9.975978786211247e-05,0.006137978179635459,0.015166126727315621,0.008187992671181836,0.0,0.20999999999298247,0.22499999999558135,0.003747895635012255,0.014687070156568633,0.008249828498165659,0.13856350899855607,0.03683126607173165,0.00928522859088414,9.732196732729648e-08,1.0,0.0037331956973960397,0.004342607946477273,0.00030508360903511763,0.6579365079365079,0.65,0.0050194883494736,0.4886193265448991,0.48235855399281075,0.004502824830420987,0,0,1,1
17_ood_low_friction_mu_0p055_long_zone_p2l_v2:0096,17_ood_low_friction_mu_0p055_long_zone_p2l_v2,30.755999999999933,31.15599999999993,0.26235852983645597,0.26235852983645597,0.28723058357288156,0.02564915752993298,1.0,3.5452603454657092,3.5452603454657092,3.9180081274891023,0.4091420846795114,0.8571428571428571,-0.2903835344996467,0.2903835344996467,0.29636331855835085,0.0037367114362912225,1.0,-0.29025799965467225,0.29025799965467225,0.30526591058498287,0.007250383667492194,1.0,-6.051919833373517e-05,0.003823594533145396,0.01100411722255843,0.005447347356363018,0.0,0.2799999999906433,0.2999999999941085,0.009747563674866394,0.021536650055448008,0.01124654622254326,0.15227859906518568,0.011775806745974563,0.007074489327662539,9.372297184536985e-08,1.0,0.0036148912340754854,0.0038631675885211743,0.0001374345603177755,0.6587301587301587,0.65,0.0050194883494736,0.49321607516283855,0.48235855399281075,0.006022175990122559,0,0,1,1
17_ood_low_friction_mu_0p055_long_zone_p2l_v2:0097,17_ood_low_friction_mu_0p055_long_zone_p2l_v2,30.955999999999932,31.35599999999993,0.15088532340753685,0.1707798029769451,0.27007570779475226,0.1294764289353941,0.6666666666666666,2.008601892511279,2.2738159812507943,3.6495533497683286,1.728730112874092,0.5,-0.21206646286201364,0.21606520630034623,0.29011712302359094,0.12710813752889644,0.75,-0.1836898058718561,0.19070249486630428,0.28553641013384135,0.13743415134397519,0.6666666666666666,0.004316118467335628,0.004881288098346947,0.009888130047528431,0.0039446249862752575,0.0,0.20999999999395946,0.22499999999558135,0.012819962093940401,0.03578134325409698,0.01631019412388218,0.25777156916045607,0.12913971463471283,0.012991131992049237,1.1064142903021274e-07,1.0,0.00365990463090517,0.0038631675885211743,0.00015750258555206916,0.6564814814814814,0.6444444444444445,0.00674084249007453,0.4951780901651564,0.49075677480312063,0.00366910364528502,0,0,1,1
17_ood_low_friction_mu_0p055_long_zone_p2l_v2:0098,17_ood_low_friction_mu_0p055_long_zone_p2l_v2,31.15599999999993,31.55599999999993,0.02376610078211211,0.05640499470059857,0.24051328644813202,0.09797344551241316,0.16666666666666666,0.32434202541780915,0.756257915901855,3.2417998239589925,1.3181233395035243,0.16666666666666666,-0.06849991607627495,0.07258183837183005,0.2836934618610479,0.1233480753414188,0.25,-0.04272244571814637,0.05097598881392278,0.27125571712840296,0.10244039968999485,0.16666666666666666,0.002255710699256538,0.005577422219846591,0.009888130047528431,0.005641861722031537,0.0,0.07000000000000062,0.07499999999925304,0.006407532454650251,0.022900565885480895,0.010557416436945077,0.23937138801964744,0.15513565252078454,0.03066396019045575,9.808104466070791e-08,1.0,0.003698588963276546,0.004156562705997641,0.0002550952481006079,0.6583333333333333,0.6444444444444445,0.006211299937499394,0.4941020376110193,0.49075677480312063,0.0030014490785965266,0,0,1,1
17_ood_low_friction_mu_0p055_long_zone_p2l_v2:0099,17_ood_low_friction_mu_0p055_long_zone_p2l_v2,31.35599999999993,31.75599999999993,-0.006153957288297451,0.008758488589149927,0.019315209887766954,0.008167187685881724,0.0,-0.07976550215204531,0.11341816818748608,0.2527392027928465,0.10652268389743803,0.0,1.209394610700666e-05,0.00014613598902594636,0.00037943303839267856,0.00017245751685915383,0.0,-0.001380304983585508,0.003260816744529421,0.007190368951700421,0.0035026422098601334,0.0,-0.0013946979537844293,0.003227769081860569,0.007151131376567374,0.0034474080275703994,0.0,1.8235413179468196e-12,7.600757630126072e-13,0.00017771485229933228,0.00875848859018345,0.0032608167449948607,0.07024882137685379,0.009943773047386025,0.005838035847499652,7.222486917394996e-08,1.0,0.003917568322555395,0.004278538986072117,0.00025692678600153907,0.6601851851851851,0.6555555555555556,0.002070433312499798,0.49347676036720795,0.4842424911767519,0.004903740709465788,1,1,1,1
17_ood_low_friction_mu_0p055_long_zone_p2l_v2:0100,17_ood_low_friction_mu_0p055_long_zone_p2l_v2,31.55599999999993,31.95599999999993,0.0012331130907399606,0.009131156910601079,0.021082924598759392,0.01162494704055337,0.0,0.01895771905315004,0.11867973753366316,0.28532720670968087,0.15276486989163474,0.0,-1.2173960328455034e-05,0.00014277013559468944,0.0003252206890570169,0.0001643797721862718,0.0,0.0018572227092154715,0.003218482281395587,0.010090698266107213,0.004077866587092207,0.0,0.0018622826968203651,0.0031630382118753102,0.00995214921481036,0.003997593095705084,0.0,5.007105841059456e-13,3.416070845000482e-14,0.00016263145638761357,0.009131156910348595,0.00321848228138847,0.06878288248728275,0.009550386717092567,0.005529511869961895,7.078161746522495e-08,1.0,0.003991453978403214,0.004329652430366935,0.0002520959630847414,0.6583333333333333,0.6555555555555556,0.002777777777777768,0.4926792572152599,0.4842424911767519,0.004716672944948775,1,1,1,1
17_ood_low_friction_mu_0p055_long_zone_p2l_v2:0101,17_ood_low_friction_mu_0p055_long_zone_p2l_v2,31.75599999999993,32.15599999999993,-0.004533416794605032,0.01793324434232951,0.039884236814924215,0.020837336738605015,0.0,-0.05482443331236764,0.23388450219550957,0.5152806661333567,0.27257970524889114,0.0,-2.587164553357059e-06,0.00013478257270898623,0.0003252206890570169,0.00015668519982702471,0.0,0.001326244919642188,0.0037169845449702837,0.010090698266107213,0.004726680863287129,0.0,0.001274757737668146,0.0037125956739961943,0.00995214921481036,0.004677771742690319,0.0,3.9968028886505635e-14,0.0,0.00014479310819350775,0.01793324434232433,0.0037169845449702837,0.0695085717122768,0.00925270973877731,0.0057231637445235295,7.788459797269589e-08,1.0,0.003917883900877434,0.004329652430366935,0.00023681680792778226,0.6555555555555556,0.65,0.00320750149549791,0.4951066584741009,0.48951698763393353,0.00395635824385311,1,1,1,1
17_ood_low_friction_mu_0p055_long_zone_p2l_v2:0102,17_ood_low_friction_mu_0p055_long_zone_p2l_v2,31.95599999999993,32.35599999999993,-0.013607836160771922,0.019247925008007833,0.039884236814924215,0.017268070331257695,0.0,-0.16949347154823677,0.2445687498800062,0.5152806661333567,0.22373311170109567,0.0,-3.443426442750174e-05,0.00012187099040420159,0.00031044220003571723,0.00014198763542378832,0.0,-0.0018149194791666197,0.0033953794533093545,0.008458677921443636,0.003931358714533637,0.0,-0.0018135331510364412,0.003435625688911233,0.008433962710858882,0.003918532034616181,0.0,0.0,0.0,0.00013679162773239082,0.019247925008007833,0.0033953794533093545,0.06749765201489757,0.009441693066219446,0.00596471851491397,1.0740647591790978e-07,1.0,0.004042668010026944,0.004408352013739784,0.00021832149881196686,0.6564814814814814,0.65,0.003817690394090413,0.4961645772004119,0.490826981220422,0.0032548546836003757,1,1,1,1
17_ood_low_friction_mu_0p055_long_zone_p2l_v2:0103,17_ood_low_friction_mu_0p055_long_zone_p2l_v2,32.15599999999993,32.555999999999926,-0.00863519728140939,0.018308396425479972,0.03247344415065657,0.018136731180753724,0.0,-0.10900386171795373,0.22956869665822255,0.41993736771089335,0.22874400503984169,0.0,-1.5276376618335887e-05,0.00014407993982619032,0.00031044220003571723,0.0001667144709445295,0.0,-0.0014023205788491662,0.0030412770761282584,0.008458677921443636,0.0038047036909962585,0.0,-0.001375343789291325,0.0030875570281258713,0.008433962710858882,0.003817292424177096,0.0,0.0,0.0,0.0001439621619469961,0.018308396425479972,0.0030412770761282584,0.06587554883979166,0.008420970712413538,0.005224542904064166,9.94879210936988e-08,1.0,0.0041306290711505935,0.004408352013739784,0.00015565519978926585,0.6583333333333333,0.65,0.004243125643477615,0.49388044587591473,0.4882884040861185,0.0032432810123573996,1,1,1,1
17_ood_low_friction_mu_0p055_long_zone_p2l_v2:0104,17_ood_low_friction_mu_0p055_long_zone_p2l_v2,32.35599999999992,32.75599999999992,-0.004194945260568887,0.018963767131017297,0.03247344415065657,0.01988493596702476,0.0,-0.05827911894037785,0.24696168793914397,0.41993736771089335,0.2591784032473001,0.0,7.164839388205862e-05,0.00018024551091693934,0.0003946306206599502,0.0001916102137657702,0.0,-0.0007702597454520924,0.0022606230025884358,0.004293189586164946,0.002388248356428782,0.0,-0.0007987905626343685,0.0022989611778132728,0.004217751833334472,0.0023825241568045993,0.0,0.0,0.0,0.00016171270984422404,0.018963767131017297,0.0022606230025884358,0.06763189255213645,0.008086355871391376,0.005805338776813579,7.485584546891226e-08,1.0,0.0038840590021155877,0.004188744930180057,0.00024810649045137694,0.6564814814814814,0.65,0.004986263710309708,0.4917061747315071,0.48712032445277637,0.0031369790894312504,1,1,1,1
17_ood_low_friction_mu_0p055_long_zone_p2l_v2:0105,17_ood_low_friction_mu_0p055_long_zone_p2l_v2,32.555999999999926,32.955999999999925,0.0011460537209353324,0.021424647373117774,0.05242523510302582,0.026092238995997042,0.0,0.022329589785810493,0.2827207173409183,0.7107977192046945,0.34921462120416574,0.0,2.223889300165248e-05,0.000179690486572622,0.0003946306206599502,0.0002064790602984865,0.0,0.0004371653709589474,0.00320439957708896,0.008450641042994957,0.003959446833299494,0.0,0.00048172476230905426,0.0032097957101813253,0.008746576912215448,0.0040333362164680095,0.0,0.0,0.0,0.00015594087334022596,0.021424647373117774,0.00320439957708896,0.06802521999437577,0.009717312954194968,0.007781690832513871,8.443007284139605e-08,1.0,0.003882709848530398,0.00453354931779153,0.0003604451245017051,0.6546296296296296,0.6388888888888888,0.008124967025363083,0.4939959542152738,0.48712032445277637,0.004540363489788667,1,1,1,1
17_ood_low_friction_mu_0p055_long_zone_p2l_v2:0106,17_ood_low_friction_mu_0p055_long_zone_p2l_v2,32.75599999999993,33.15599999999993,0.00043360030993832644,0.017432447519445178,0.05242523510302582,0.024675490672879306,0.0,0.015320804233508484,0.22660165577659452,0.7107977192046945,0.3277114821617974,0.0,7.6140114162634274e-06,0.00017148181354933109,0.0003854343124171919,0.0001940823248720304,0.0,0.0002750048120544049,0.002658568151070398,0.008450641042994957,0.0037560460307655102,0.0,0.0004435359061114666,0.0026766012590751214,0.008746576912215448,0.0038179457255967724,0.0,0.0,0.0,0.00016792393668829203,0.017432447519445178,0.002658568151070398,0.06784423916946399,0.009910570592877824,0.00794093366790026,9.120450112435885e-08,1.0,0.004017687189688952,0.00453354931779153,0.0002802742676925551,0.6564814814814813,0.6388888888888888,0.008124967025363087,0.49489700208060455,0.49173100216105287,0.003585925590530512,1,1,1,1
17_ood_low_friction_mu_0p055_long_zone_p2l_v2:0107,17_ood_low_friction_mu_0p055_long_zone_p2l_v2,32.955999999999925,33.35599999999992,0.1515222069316394,0.1605766914969978,0.37782714822599817,0.16941564330549191,0.5,2.0457925978966234,2.1619440061938255,4.966290374434344,2.279702685943571,0.3333333333333333,0.0009717448960624581,0.0010401823700105224,0.004656137883863139,0.0015026338742193369,0.0,4.911385467282868e-05,0.0034657727628658857,0.00801123708625849,0.0045718313116397446,0.0,-0.0010357989344602799,0.0024052295623883837,0.007469586795321624,0.0033134017473652817,0.0,0.13679999999400394,0.0,0.0011360452039750773,0.0090111452654213,0.0034657727628658857,0.1094548403086775,0.042366092022562106,0.01734462379281341,1.155571043927845e-07,1.0,0.0038021848711363893,0.004065369625481316,0.00024330005197823002,0.6592592592592592,0.6555555555555556,0.002618914004394611,0.49348650576424874,0.49223965542471587,0.0015879426024270268,0,1,1,1
17_ood_low_friction_mu_0p055_long_zone_p2l_v2:0108,17_ood_low_friction_mu_0p055_long_zone_p2l_v2,33.15599999999992,33.55599999999992,0.3280661869570611,0.3280661869570611,0.37782714822599817,0.057744718400968696,1.0,4.28107473576921,4.28107473576921,4.966290374434344,0.7666278270519392,0.8333333333333334,0.005238665231424805,0.005238665231424805,0.01171674415005545,0.0037906291114625417,0.0,0.00332649150246421,0.005719976877560304,0.00946202784878933,0.005482166272838836,0.0,-0.002366367122001485,0.0035311862221481492,0.00753768404571428,0.003979658614120236,0.0,0.316799999988433,0.0,0.0054078393111477935,0.012076195772720457,0.005719976877560304,0.14661158844355301,0.02696189207391383,0.00890821371561304,1.1492875167086483e-07,1.0,0.0038339796188758494,0.00465383932760548,0.0004010891131129258,0.6583333333333333,0.6555555555555556,0.002777777777777768,0.49159764583707405,0.48843631877287563,0.0019628974289082777,0,1,1,1
17_ood_low_friction_mu_0p055_long_zone_p2l_v2:0109,17_ood_low_friction_mu_0p055_long_zone_p2l_v2,33.35599999999992,33.75599999999992,0.3413611757071682,0.3413611757071682,0.3579534419544424,0.015191488029027327,1.0,4.393738795425134,4.393738795425134,4.7514821702506795,0.24385148349002297,1.0,0.011994256463008616,0.011994256463008616,0.01849614730672409,0.003943114172944953,0.0,0.012564755153815532,0.012564755153815532,0.023953491063544934,0.007642747853557353,0.0,8.289903712505389e-05,0.003493668363959453,0.00753768404571428,0.004448140857251275,0.0,0.3599999999888581,0.0,0.012153771393263143,0.018638824281689947,0.012564755153815532,0.1533471550117839,0.009752958680922335,0.00916665873721155,1.0062784254542261e-07,1.0,0.003931175777153603,0.00465383932760548,0.00033300571077109117,0.662962962962963,0.6555555555555556,0.0076353807881808615,0.4913067272087351,0.48619188199811486,0.0041515743937856325,0,1,1,1
17_ood_low_friction_mu_0p055_long_zone_p2l_v2:0110,17_ood_low_friction_mu_0p055_long_zone_p2l_v2,33.555999999999926,33.955999999999925,0.3279928125848309,0.3279928125848309,0.35617333415819213,0.019608858683669805,1.0,4.289767880852191,4.289767880852191,4.572023809309703,0.20549406518339466,1.0,0.019191930134887902,0.019191930134887902,0.02660054692863743,0.004338665768994305,0.0,0.022508883370413808,0.022508883370413808,0.03021250867648066,0.005886083119486131,0.0,0.002925809266566843,0.004292137094435373,0.0066200118366388505,0.0037788844256170418,0.0,0.3599999999888581,0.0,0.019375774000984454,0.032007187404027256,0.022508883370413808,0.1547347526121315,0.009786514779912965,0.007785851674130248,1.1585772208354572e-07,1.0,0.0038136651119069814,0.00394282590381214,0.00012043070775179605,0.6675925925925926,0.6611111111111111,0.004986263710309746,0.4880138285182673,0.47475230381892697,0.0075735115347135935,0,1,1,1
17_ood_low_friction_mu_0p055_long_zone_p2l_v2:0111,17_ood_low_friction_mu_0p055_long_zone_p2l_v2,33.75599999999992,34.15599999999992,0.3047431492433235,0.3047431492433235,0.3367943777883795,0.025179825222818523,1.0,3.973901901455696,3.973901901455696,4.3428722692304955,0.38748133417897374,1.0,0.02714176819644354,0.02714176819644354,0.03526213584613705,0.004803737911933278,0.0,0.028146403277962168,0.028146403277962168,0.04067619827708391,0.0071729309121971955,0.0,0.0007517004205233614,0.005991771510227437,0.009306278912499265,0.006460501297698068,0.0,0.3599999999888581,0.0,0.02739290363962037,0.05525685074553462,0.028146403277962168,0.15579214098363112,0.008177909099173285,0.0056239770341609124,1.4055068680808105e-07,1.0,0.003848756707553399,0.004143842753004081,0.00020128187757927467,0.6648148148148149,0.65,0.006928995160692479,0.47829356681621454,0.47038492941720145,0.007043796577508953,0,1,1,1
17_ood_low_friction_mu_0p055_long_zone_p2l_v2:0112,17_ood_low_friction_mu_0p055_long_zone_p2l_v2,33.95599999999992,34.355999999999916,0.28462852037153485,0.28462852037153485,0.35074140991317543,0.0453826069925501,1.0,3.6845522436911757,3.6845522436911757,4.38146557755597,0.5488338710019077,0.8333333333333334,0.0360534092935752,0.0360534092935752,0.045330792140901285,0.005471501819603946,0.0,0.03589272617945145,0.03589272617945145,0.048436469013366096,0.009110698240085546,0.0,-0.0004522977018407345,0.00706042471007837,0.010907702706874762,0.007665648468984049,0.0,0.3599999999888581,0.0,0.03633555615408005,0.07537147961732325,0.03589272617945145,0.15591070130869805,0.009198184060052388,0.0066339493050648485,1.659719108266119e-07,1.0,0.003873641597370392,0.004143842753004081,0.0003183647623789058,0.6537037037037037,0.6333333333333333,0.015930231976004877,0.4783104042154587,0.47038492941720145,0.00622654822790321,0,1,1,1
17_ood_low_friction_mu_0p055_long_zone_p2l_v2:0113,17_ood_low_friction_mu_0p055_long_zone_p2l_v2,34.15599999999992,34.55599999999992,0.26050436830410056,0.26050436830410056,0.35074140991317543,0.04697112764079319,1.0,3.3567357448899116,3.3567357448899116,4.38146557755597,0.5215914591042747,0.6666666666666666,0.04314638252108085,0.04314638252108085,0.053426540181317664,0.006464914399673516,0.0,0.04376850107869129,0.04376850107869129,0.053014786658355156,0.00707724734826377,0.0,0.0007339712772588691,0.005933149861578867,0.010907702706874762,0.006720248319314514,0.0,0.3599999999888581,0.0,0.04289345497289811,0.09949563168475757,0.04376850107869129,0.3911828225932385,0.2754934678743757,0.011317212984509509,0.000597708365171494,1.0,0.003891786524327584,0.004143111446231553,0.00026819545145171546,0.6444444444444444,0.6333333333333333,0.011564811108145185,0.4784126068479424,0.47267161498019467,0.006002181070989664,0,1,1,1
17_ood_low_friction_mu_0p055_long_zone_p2l_v2:0114,17_ood_low_friction_mu_0p055_long_zone_p2l_v2,34.35599999999992,34.75599999999992,0.29253276044599347,0.29253276044599347,0.39197432937114274,0.05834610243394002,1.0,3.7034425796977053,3.7034425796977053,4.991974150582086,0.718891211942543,0.8333333333333334,0.02582684210034985,0.025980202139169288,0.053426540181317664,0.021220537420922062,0.0,0.028736714313006687,0.028752778498879097,0.053014786658355156,0.020621778562852005,0.0,0.003374735372318704,0.004938013054347114,0.015096713824880356,0.006516791518491891,0.0,0.3599999999888581,0.0,0.025305614114715946,0.07812534933695951,0.028752778498879097,0.45670006060128904,0.3069152106732323,0.1536410622578173,0.0006481317223229231,1.0,0.00402732313980591,0.004259147660074341,0.0001385998700893816,0.6537037037037036,0.6388888888888888,0.010955703302036343,0.46717627770648695,0.45812098813447133,0.006721111370933656,0,1,1,1
17_ood_low_friction_mu_0p055_long_zone_p2l_v2:0115,17_ood_low_friction_mu_0p055_long_zone_p2l_v2,34.55599999999992,34.95599999999992,0.34050028262678117,0.34050028262678117,0.39197432937114274,0.03145075357990489,1.0,4.335787746406752,4.335787746406752,4.991974150582086,0.4412209054513368,1.0,0.0018716073681227438,0.00443774776619262,0.02230403036175334,0.007117419621332924,0.0,0.0033732545168896704,0.008605225026912248,0.030808547917079064,0.013097092126338188,0.0,0.0015959666048714894,0.005850630559850065,0.015096713824880356,0.007737780324548578,0.0,0.3599999999888581,0.0,0.004224931973334267,0.03335958557598896,0.008605225026912248,0.2627777907707368,0.20850399915305248,0.027373569743558666,5.4069398135625664e-05,1.0,0.004004319848167941,0.004259147660074341,0.00015657465819124368,0.662037037037037,0.6555555555555556,0.004986263710309745,0.4620313417064128,0.45812098813447133,0.00283412978334454,0,1,1,1
17_ood_low_friction_mu_0p055_long_zone_p2l_v2:0116,17_ood_low_friction_mu_0p055_long_zone_p2l_v2,34.755999999999915,35.15599999999991,0.3138705230083667,0.3138705230083667,0.3972227360346523,0.10639267695163676,1.0,4.039705690763079,4.039705690763079,5.074995119508843,1.3619608793556932,0.8333333333333334,-0.008539894259019663,0.008539894259019663,0.028278273168891102,0.007995168270138658,0.0,-0.009356918982339773,0.010353731257517753,0.027600303747398858,0.009284220397838187,0.0,-0.0012887659432278388,0.00483089764585858,0.009353721011509525,0.005418823896454512,0.0,0.31499999999230477,0.0,0.008958073901926525,0.02708696141430075,0.010353731257517753,0.9314763264581966,0.8786723285128889,0.07921589027801243,0.0003772898844562286,1.0,0.003923708954944226,0.004017609716494736,6.101391901337483e-05,0.6629629629629629,0.6611111111111111,0.002618914004394611,0.4657729749491337,0.4615406316964545,0.0035160119014059654,0,1,1,1
17_ood_low_friction_mu_0p055_long_zone_p2l_v2:0117,17_ood_low_friction_mu_0p055_long_zone_p2l_v2,34.95599999999992,35.355999999999916,0.15994864380069632,0.16407153843537584,0.3972227360346523,0.1670916393037905,0.6666666666666666,2.0587639538840947,2.112554454560584,5.074995119508843,2.1211445403297864,0.3333333333333333,-0.01435198616880613,0.014376326736121497,0.033103461668580095,0.009859507840046635,0.0,-0.016366002720434522,0.016366002720434522,0.027600303747398858,0.008494508338493021,0.0,-0.0021342637377417483,0.004843145275796951,0.009266963648698199,0.0050703018151249096,0.0,0.13499999999971535,2.90366021825041e-13,0.014316176948677128,0.03357153843916492,0.016366002720747664,0.998754535782544,0.8545288759469644,0.14567266909663243,0.0004896914522500289,1.0,0.003876411635510246,0.004252002393977952,0.00031250102576052286,0.6629629629629629,0.6444444444444445,0.008881169487616134,0.4722589547609382,0.4638519017055723,0.009646683281295336,0,1,1,1
