window_id,run_id,window_start_sec,window_end_sec,wheel_translation_sample_count,wheel_translation_availability_fraction,wheel_translation_error_abs_mean,wheel_translation_error_abs_p90,wheel_translation_error_rmse,wheel_translation_within_tolerance_fraction,wheel_translation_tolerance,wheel_rotation_sample_count,wheel_rotation_availability_fraction,wheel_rotation_error_abs_mean,wheel_rotation_error_abs_p90,wheel_rotation_error_rmse,wheel_rotation_within_tolerance_fraction,wheel_rotation_tolerance,imu_yaw_rate_sample_count,imu_yaw_rate_availability_fraction,imu_yaw_rate_error_abs_mean,imu_yaw_rate_error_abs_p90,imu_yaw_rate_error_rmse,imu_yaw_rate_within_tolerance_fraction,imu_yaw_rate_tolerance,lidar_translation_sample_count,lidar_translation_availability_fraction,lidar_translation_error_abs_mean,lidar_translation_error_abs_p90,lidar_translation_error_rmse,lidar_translation_within_tolerance_fraction,lidar_translation_tolerance
00_normal_v2:0000,00_normal_v2,38.859,39.259,20.0,1.0,0.04258126640106191,0.13382716432989555,0.07656183351651447,0.75,0.06,20.0,1.0,2.010613843004746e-15,3.9175667404177556e-15,2.447678958932573e-15,1.0,0.08,40.0,1.0,0.00017772613992043997,0.0003887568089758253,0.00021516020698913568,1.0,0.08,6.0,1.0,0.22811046868819176,0.2986051952168408,0.24628251763276093,0.16666666666666666,0.12
00_normal_v2:0001,00_normal_v2,39.059000000000005,39.459,20.0,1.0,8.789566324273468e-05,3.706830679826578e-05,0.00023837653577905488,1.0,0.06,20.0,1.0,9.028215963682653e-16,9.27093166020282e-16,1.0042186762114774e-15,1.0,0.08,40.0,1.0,0.00014828100930067983,0.00024687247979114185,0.00019193027298784312,1.0,0.08,6.0,1.0,0.29780838776802326,0.3023304241994601,0.2978495187620851,0.0,0.12
00_normal_v2:0002,00_normal_v2,39.25900000000001,39.659000000000006,20.0,1.0,3.705886683789406e-05,3.7059675592526765e-05,3.7058866841920574e-05,1.0,0.06,20.0,1.0,1.2734190207205827e-15,1.041387644962487e-15,2.0095538906589716e-15,1.0,0.08,40.0,1.0,0.0001772976617302708,0.00033488622626365235,0.00022294093303340542,1.0,0.08,6.0,1.0,0.3011398176011872,0.30874521537385613,0.30122303904386283,0.0,0.12
00_normal_v2:0003,00_normal_v2,39.45900000000001,39.85900000000001,20.0,1.0,3.7058410876744666e-05,3.7058519239868695e-05,3.705841087681694e-05,1.0,0.06,20.0,1.0,1.4540428089483302e-15,1.3102916403787141e-15,2.1017484387251962e-15,1.0,0.08,40.0,1.0,0.0001713627131325948,0.00031589440566236437,0.00020104420371749784,1.0,0.08,6.0,1.0,0.30707108198265926,0.3144767359062942,0.3071469365679388,0.0,0.12
00_normal_v2:0004,00_normal_v2,39.65900000000001,40.05900000000001,20.0,1.0,3.705834978813549e-05,3.705836430055176e-05,3.705834978813679e-05,1.0,0.06,20.0,1.0,1.3357203045612015e-15,1.522416009576978e-15,1.3424541156574848e-15,1.0,0.08,40.0,1.0,0.0001563399029526693,0.0002826808604368384,0.00018885871900248486,1.0,0.08,6.0,1.0,0.30580580902091076,0.314439852688972,0.30588241854452614,0.0,0.12
00_normal_v2:0005,00_normal_v2,39.859000000000016,40.259000000000015,20.0,1.0,3.705834157108345e-05,3.705834354413851e-05,3.705834157108348e-05,1.0,0.06,20.0,1.0,1.6139205299073125e-15,1.876932226669228e-15,1.6254776588442188e-15,1.0,0.08,40.0,1.0,0.00013472098189245464,0.00026002603144032783,0.0001666215826334736,1.0,0.08,6.0,1.0,0.30725549821603243,0.31397599093391226,0.3073200181502455,0.0,0.12
00_normal_v2:0006,00_normal_v2,40.05900000000002,40.45900000000002,20.0,1.0,3.705834048416401e-05,3.7058340706846995e-05,3.705834048416401e-05,1.0,0.06,20.0,1.0,1.974349739223135e-15,2.2704068283398485e-15,1.986654530893442e-15,1.0,0.08,40.0,1.0,0.00013508709169162499,0.0003138239594415029,0.0001729364252723682,1.0,0.08,7.0,1.0,0.31134284680079,0.3183795105206103,0.31140230202908575,0.0,0.12
00_normal_v2:0007,00_normal_v2,40.25900000000002,40.65900000000002,20.0,1.0,3.705834039649803e-05,3.7058340399154234e-05,3.705834039649803e-05,1.0,0.06,20.0,1.0,2.3961627539714498e-15,2.764057160703647e-15,2.4110684917223526e-15,1.0,0.08,40.0,1.0,0.00016502473964461422,0.00034472323558720275,0.00020836641300517667,1.0,0.08,7.0,1.0,0.3143362223581554,0.3201224774346581,0.3144148883557153,0.0,0.12
00_normal_v2:0008,00_normal_v2,40.459000000000024,40.85900000000002,20.0,1.0,3.705834039678113e-05,3.705834039913203e-05,3.705834039678113e-05,1.0,0.06,20.0,1.0,2.9102896288867515e-15,3.3458568142789268e-15,2.9284426806124813e-15,1.0,0.08,40.0,1.0,0.00013831991009516798,0.00032600297968103534,0.00017883806238735988,1.0,0.08,6.0,1.0,0.31672256591851605,0.3209336708639354,0.31675273069174564,0.0,0.12
00_normal_v2:0009,00_normal_v2,40.65900000000003,41.059000000000026,20.0,1.0,0.01066649646784364,0.037188697345870624,0.01924370200466712,1.0,0.06,20.0,1.0,0.021835709124612968,0.06643329999728302,0.04002881737538671,0.9,0.08,40.0,1.0,0.01821520014098217,0.06358812434424105,0.03251918186873333,0.95,0.08,6.0,1.0,0.2767701966434253,0.3167699525696197,0.28016173300905295,0.0,0.12
00_normal_v2:0010,00_normal_v2,40.85900000000003,41.25900000000003,20.0,1.0,0.010841763866731972,0.037188697345870624,0.019250855693767648,1.0,0.06,20.0,1.0,0.030902162724044512,0.06643329999728302,0.04207605204414947,0.9,0.08,40.0,1.0,0.01865856402850241,0.06358812434424105,0.032565211601839145,0.95,0.08,6.0,1.0,0.2402787167087401,0.2664133367199047,0.24136796951832987,0.0,0.12
00_normal_v2:0011,00_normal_v2,41.05900000000003,41.45900000000003,20.0,1.0,0.0002105021059364831,0.0002691940848249447,0.0005260029193926478,1.0,0.06,20.0,1.0,0.018168001601842614,0.01825358476665572,0.01826931911430663,1.0,0.08,40.0,1.0,0.0006231447223086731,0.0006502709001259017,0.0017450874318225356,1.0,0.08,6.0,1.0,0.24001006790580362,0.25203906472287146,0.2402335530304117,0.0,0.12
00_normal_v2:0012,00_normal_v2,41.259000000000036,41.659000000000034,20.0,1.0,3.745967196692596e-05,4.1932902077171375e-05,3.84173356496414e-05,1.0,0.06,20.0,1.0,0.01823121480262927,0.018261632999761756,0.018231338972523145,1.0,0.08,40.0,1.0,0.00018584800890499923,0.00034963206979609366,0.00022623895657418678,1.0,0.08,6.0,1.0,0.24275797614789427,0.25673001868132483,0.24303375668215912,0.0,0.12
00_normal_v2:0013,00_normal_v2,41.45900000000004,41.85900000000004,20.0,1.0,4.234827392842894e-05,4.363591315512394e-05,4.235935395534582e-05,1.0,0.06,20.0,1.0,0.018263594179169677,0.018269994596001066,0.01826359484031937,1.0,0.08,40.0,1.0,0.0001448483935765972,0.0002758471868571172,0.00018523824304494556,1.0,0.08,6.0,1.0,0.24069632995473003,0.25229418867534087,0.2409020213371794,0.0,0.12
00_normal_v2:0014,00_normal_v2,41.65900000000004,42.05900000000004,20.0,1.0,0.0002696021836889606,0.0008884474693458994,0.0005318659339534187,1.0,0.06,20.0,1.0,0.05270115438997317,0.14453956295291542,0.07923605447587671,0.75,0.08,40.0,1.0,0.03105694815060029,0.1160018383902585,0.05970736208755308,0.8,0.08,6.0,1.0,0.22185346877675904,0.23784618271433083,0.2229313076103802,0.0,0.12
00_normal_v2:0015,00_normal_v2,41.859000000000044,42.25900000000004,20.0,1.0,0.0019547974617696905,0.003883440114322928,0.002504407088601539,1.0,0.06,20.0,1.0,0.051377849498634,0.14453956295291542,0.08140370129160603,0.7,0.08,40.0,1.0,0.03716229402676652,0.1160018383902585,0.06236036236453473,0.8,0.08,6.0,1.0,0.1685991206098044,0.22634388075912565,0.1743225005079931,0.16666666666666666,0.12
00_normal_v2:0016,00_normal_v2,42.05900000000005,42.459000000000046,20.0,1.0,0.003648130420854301,0.003883440114322928,0.0036780043631705946,1.0,0.06,20.0,1.0,0.007822457824400969,0.019447935261387755,0.02269510540191061,0.95,0.08,40.0,1.0,0.006244253737652356,0.017541593733788094,0.017996616201241277,1.0,0.08,6.0,1.0,0.12838365443719676,0.13378483299684396,0.12850843089341057,0.16666666666666666,0.12
00_normal_v2:0017,00_normal_v2,42.25900000000005,42.65900000000005,20.0,1.0,0.0038819666676774165,0.0038830406707401456,0.003881966755363459,1.0,0.06,20.0,1.0,1.5230005445220074e-05,2.8187388399114614e-05,1.8056545403260005e-05,1.0,0.08,40.0,1.0,0.0001342052555084773,0.00029286729100302115,0.00017023316089747,1.0,0.08,6.0,1.0,0.1268058229009428,0.13307530979521626,0.12694273680376914,0.16666666666666666,0.12
00_normal_v2:0018,00_normal_v2,42.45900000000005,42.85900000000005,20.0,1.0,0.0038804827035933812,0.0038816380518058554,0.0038804828048607807,1.0,0.06,20.0,1.0,8.267685833250604e-06,1.4294941816764274e-05,9.56435865939843e-06,1.0,0.08,40.0,1.0,0.00015977937326645055,0.00030822157587511725,0.00019807482632089652,1.0,0.08,6.0,1.0,0.12445265697333106,0.13482014146307963,0.12468734508971158,0.3333333333333333,0.12
00_normal_v2:0019,00_normal_v2,42.659000000000056,43.059000000000054,20.0,1.0,0.009860586272958218,0.022841940265132237,0.018176282885593954,0.95,0.06,20.0,1.0,0.0033830929238320316,0.00722011932316932,0.010303219169992642,1.0,0.08,40.0,1.0,0.004348879937655053,0.013146951588424008,0.012452105072355835,1.0,0.08,6.0,1.0,0.1153839789910262,0.13041973726433775,0.11701225173898717,0.5,0.12
00_normal_v2:0020,00_normal_v2,42.85900000000006,43.25900000000006,20.0,1.0,0.02086323187918546,0.06544348479638988,0.034346276575232315,0.85,0.06,20.0,1.0,0.022839698983584917,0.06805488117393618,0.041426084017575276,0.9,0.08,40.0,1.0,0.020024899057746744,0.0679019273391855,0.03410869662029114,0.975,0.08,6.0,1.0,0.05710571144703163,0.12353797159552299,0.07765203174204037,0.8333333333333334,0.12
00_normal_v2:0021,00_normal_v2,43.05900000000006,43.45900000000006,20.0,1.0,0.012942502646285225,0.04610350604287754,0.02927141174968827,0.9,0.06,20.0,1.0,0.019461479076949256,0.06805488117393618,0.04012435880894026,0.9,0.08,40.0,1.0,0.015826457120647286,0.0679019273391855,0.031755083903778215,0.975,0.08,6.0,1.0,0.0054092291394271476,0.009293841150288267,0.006271714350996343,1.0,0.12
00_normal_v2:0022,00_normal_v2,43.259000000000064,43.65900000000006,20.0,1.0,1.8905238399827068e-13,4.995995277418278e-13,2.897179308224953e-13,1.0,0.06,20.0,1.0,1.8652535324373488e-14,5.4506904040801295e-14,3.305582230114128e-14,1.0,0.08,40.0,1.0,0.00013210538744715233,0.00027372964448376,0.00017390131901427142,1.0,0.08,6.0,1.0,0.002959360350965183,0.005226828845534443,0.0035780448845080994,1.0,0.12
00_normal_v2:0023,00_normal_v2,43.45900000000007,43.859000000000066,20.0,1.0,1.4397151543569178e-05,6.94342249266785e-14,6.438601902416748e-05,1.0,0.06,20.0,1.0,1.3004204504354956e-06,4.0918972755609185e-15,5.815657050451331e-06,1.0,0.08,40.0,1.0,0.0001334496455721802,0.00027491680302550123,0.00017028884663213473,1.0,0.08,6.0,1.0,0.0035500544811237233,0.005661055793788661,0.004016128412666681,1.0,0.12
00_normal_v2:0024,00_normal_v2,43.65900000000007,44.05900000000007,20.0,1.0,0.03340002244400568,0.11455895868321152,0.05841936846311642,0.75,0.06,20.0,1.0,0.0018683645422182225,0.0050612419543983374,0.0028665570198890297,1.0,0.08,40.0,1.0,0.002459594497933379,0.004932451122790938,0.0044359089234509005,1.0,0.08,6.0,1.0,0.06683997449700742,0.1774074130124701,0.10561057583146152,0.6666666666666666,0.12
00_normal_v2:0025,00_normal_v2,43.85900000000007,44.25900000000007,20.0,1.0,0.033712558599695484,0.11455895868321152,0.058433385435535,0.75,0.06,20.0,1.0,0.0021053419531067356,0.0050612419543983374,0.0029121354033812053,1.0,0.08,40.0,1.0,0.00252071155955542,0.004932451122790938,0.004447455028457572,1.0,0.08,6.0,1.0,0.19621711898131222,0.26634904676552257,0.21417894122506934,0.16666666666666666,0.12
00_normal_v2:0026,00_normal_v2,44.059000000000076,44.459000000000074,20.0,1.0,0.0003432533488779449,8.70412422822938e-05,0.0012816396043338436,1.0,0.06,20.0,1.0,0.00035879613769154164,0.0002964063046929261,0.0005408018172646438,1.0,0.08,40.0,1.0,0.0002101354380804758,0.00040167756217980425,0.0003724013246463347,1.0,0.08,6.0,1.0,0.261711876852645,0.267905033410811,0.2617601723869614,0.0,0.12
00_normal_v2:0027,00_normal_v2,44.25900000000008,44.65900000000008,20.0,1.0,3.264076074914746e-05,3.2641814855016715e-05,3.264076075841554e-05,1.0,0.06,20.0,1.0,0.00024103047425358222,0.00024103980260150207,0.0002410304743575314,1.0,0.08,40.0,1.0,0.00016896413414429926,0.00032292125956932734,0.00020833546786303329,1.0,0.08,6.0,1.0,0.26196662422074374,0.26567340908635156,0.2619895087945051,0.0,0.12
00_normal_v2:0028,00_normal_v2,44.45900000000008,44.85900000000008,20.0,1.0,3.264217318196816e-05,3.2643293618217494e-05,3.2642173192958466e-05,1.0,0.06,20.0,1.0,0.00024101819312884223,0.00024102752968553151,0.0002410181932329495,1.0,0.08,40.0,1.0,0.00017124639328695254,0.000314230536646148,0.00020882089322133926,1.0,0.08,6.0,1.0,0.26124900611549695,0.26619327440588414,0.2612950997447335,0.0,0.12
00_normal_v2:0029,00_normal_v2,44.659000000000084,45.05900000000008,20.0,1.0,3.264365081620535e-05,3.2644780056606536e-05,3.264365082743848e-05,1.0,0.06,20.0,1.0,0.0002410059072684995,0.00024101524488173844,0.00024100590737263067,1.0,0.08,40.0,1.0,0.0001838460868180741,0.00035415492745168134,0.0002250259008816149,1.0,0.08,6.0,1.0,0.2638829563257498,0.27743374027599177,0.26409185857483203,0.0,0.12
00_normal_v2:0030,00_normal_v2,44.85900000000009,45.259000000000086,20.0,1.0,3.2645137067746635e-05,3.26462673926442e-05,3.2645137079010344e-05,1.0,0.06,20.0,1.0,0.0002409936208516247,0.00024100295856153278,0.00024099362095576278,1.0,0.08,40.0,1.0,0.00017495743656688225,0.00035415492745168134,0.0002183993146399673,1.0,0.08,6.0,1.0,0.26322509004296313,0.27743374027599177,0.2635293606119094,0.0,0.12
00_normal_v2:0031,00_normal_v2,45.05900000000009,45.45900000000009,20.0,1.0,3.26466243719209e-05,3.2647754804432384e-05,3.2646624383187e-05,1.0,0.06,20.0,1.0,0.0002409813342944118,0.00024099067209753023,0.00024098133439855895,1.0,0.08,40.0,1.0,0.0001501523143898537,0.0002579925455171387,0.00018891820455006137,1.0,0.08,6.0,1.0,0.25796174716607756,0.26818241923496877,0.25814664414330946,0.0,0.12
00_normal_v2:0032,00_normal_v2,45.25900000000009,45.65900000000009,20.0,1.0,3.264811169929882e-05,3.264924198770336e-05,3.264811171056256e-05,1.0,0.06,20.0,1.0,0.00024096904768775596,0.00024097838566911265,0.00024096904779190686,1.0,0.08,40.0,1.0,0.00015855929133892156,0.00023523983717918558,0.00018308164784005686,1.0,0.08,6.0,1.0,0.2608723025643358,0.2687087210127507,0.2609735555911498,0.0,0.12
00_normal_v2:0033,00_normal_v2,45.459000000000096,45.859000000000094,20.0,1.0,3.264959886051244e-05,3.265072901349475e-05,3.2649598871772524e-05,1.0,0.06,20.0,1.0,0.00024095676126896525,0.00024096609885064616,0.00024095676137311623,1.0,0.08,40.0,1.0,0.00018339699599959923,0.00029890344289530555,0.00020538679344726587,1.0,0.08,6.0,1.0,0.2615295483122711,0.26783606762986834,0.2615779706830555,0.0,0.12
00_normal_v2:0034,00_normal_v2,45.6590000000001,46.0590000000001,20.0,1.0,3.265108585153165e-05,3.265221590188494e-05,3.265108586278921e-05,1.0,0.06,20.0,1.0,0.0002409444750216777,0.00024095381255177328,0.00024094447512583276,1.0,0.08,40.0,1.0,0.00021198242646118656,0.00033836346597046534,0.00025281461447358613,1.0,0.08,6.0,1.0,0.26182213043474917,0.2703025513122601,0.26194421684449065,0.0,0.12
00_normal_v2:0035,00_normal_v2,45.8590000000001,46.2590000000001,20.0,1.0,3.26525727032928e-05,3.2653702631013634e-05,3.265257271454757e-05,1.0,0.06,20.0,1.0,0.00024093218884169073,0.00024094152632137702,0.00024093218894585006,1.0,0.08,40.0,1.0,0.0002101640691450535,0.0003259386251834247,0.0002509493614303055,1.0,0.08,6.0,1.0,0.26123018675189685,0.271296684881301,0.26138287247631997,0.0,0.12
00_normal_v2:0036,00_normal_v2,46.059000000000104,46.4590000000001,20.0,1.0,3.265405940336419e-05,3.265518921671817e-05,3.2654059414616066e-05,1.0,0.06,20.0,1.0,0.00024091990272808776,0.00024092924015803937,0.00024091990283225124,1.0,0.08,40.0,1.0,0.00016021869703177115,0.00032002847863892773,0.00019375471788595335,1.0,0.08,6.0,1.0,0.26146062990965074,0.2684125251403384,0.2615315259800417,0.0,0.12
00_normal_v2:0037,00_normal_v2,46.25900000000011,46.659000000000106,20.0,1.0,3.2655545958479304e-05,3.265667566906827e-05,3.265554596972861e-05,1.0,0.06,20.0,1.0,0.00024090761668211423,0.00024091695405899024,0.00024090761678628194,1.0,0.08,40.0,1.0,0.0001407617408663289,0.000323261053476696,0.00018295061921843968,1.0,0.08,6.0,1.0,0.26266826885851285,0.2725233096148385,0.262807080634846,0.0,0.12
00_normal_v2:0038,00_normal_v2,46.45900000000011,46.85900000000011,20.0,1.0,3.265703236360884e-05,3.265816194844007e-05,3.265703237485518e-05,1.0,0.06,20.0,1.0,0.00024089533070280567,0.00024090466803042648,0.00024089533080697754,1.0,0.08,40.0,1.0,0.00016229546308717155,0.0003260911855333031,0.00019560016096027732,1.0,0.08,6.0,1.0,0.26449800436877297,0.27444276807397583,0.264658408700617,0.0,0.12
00_normal_v2:0039,00_normal_v2,46.65900000000011,47.05900000000011,20.0,1.0,3.265851860938529e-05,3.265964808120136e-05,3.265851862062881e-05,1.0,0.06,20.0,1.0,0.00024088304479134991,0.00024089238206561058,0.00024088304489552589,1.0,0.08,40.0,1.0,0.0001607118668537283,0.000293422471273623,0.00019206764967162368,1.0,0.08,7.0,1.0,0.26768114623934125,0.27553563955465793,0.26776720452436575,0.0,0.12
00_normal_v2:0040,00_normal_v2,46.859000000000115,47.259000000000114,20.0,1.0,3.266000469994978e-05,3.266113404843396e-05,3.2660004711190404e-05,1.0,0.06,20.0,1.0,0.00024087075894795932,0.00024088009617172863,0.00024087075905213955,1.0,0.08,40.0,1.0,0.00017506863936490397,0.0003766968203792184,0.0002132589786525071,1.0,0.08,7.0,1.0,0.2701696574602238,0.27955138277052305,0.2702712854565047,0.0,0.12
00_normal_v2:0041,00_normal_v2,47.05900000000012,47.45900000000012,20.0,1.0,3.266149063673451e-05,3.266261987366348e-05,3.266149064797234e-05,1.0,0.06,20.0,1.0,0.0002408584731714224,0.00024086781034440602,0.00024085847327560674,1.0,0.08,40.0,1.0,0.0001671162781060438,0.0003391139311872338,0.0002030752263420098,1.0,0.08,6.0,1.0,0.2726866115834456,0.2781204233420872,0.27271795645614133,0.0,0.12
00_normal_v2:0042,00_normal_v2,47.25900000000012,47.65900000000012,20.0,1.0,3.266297642553484e-05,3.266410555131105e-05,3.266297643676995e-05,1.0,0.06,20.0,1.0,0.0002408461874633193,0.00024085552458379345,0.0002408461875675078,1.0,0.08,40.0,1.0,0.00013359675913658542,0.00025125326290061605,0.00016882936644351093,1.0,0.08,6.0,1.0,0.2712124600160526,0.27635192676145437,0.271244639433045,0.0,0.12
00_normal_v2:0043,00_normal_v2,47.459000000000124,47.85900000000012,20.0,1.0,0.011211241496334033,0.03899008334212991,0.019857400144807507,1.0,0.06,20.0,1.0,0.03634961152627338,0.1373530722487722,0.06827242439363629,0.75,0.08,40.0,1.0,0.025987458868406123,0.08828958729612883,0.04732055276860797,0.85,0.08,6.0,1.0,0.24353076187503755,0.2733760165092779,0.24624123643521834,0.0,0.12
00_normal_v2:0044,00_normal_v2,47.65900000000013,48.059000000000125,20.0,1.0,0.012461979886275867,0.03899008334212991,0.019991093106410954,1.0,0.06,20.0,1.0,0.04982406684172045,0.1373530722487722,0.07149417936383588,0.75,0.08,40.0,1.0,0.0281152303490949,0.08828958729612883,0.04785241596479587,0.85,0.08,6.0,1.0,0.2082431767216685,0.23701234614212174,0.21000952640873202,0.0,0.12
00_normal_v2:0045,00_normal_v2,47.85900000000013,48.25900000000013,20.0,1.0,0.002306249870165798,0.0024252811131681012,0.0027482500563106704,1.0,0.06,20.0,1.0,0.02393681781009508,0.026905760145015667,0.025800022470332206,1.0,0.08,40.0,1.0,0.00239031815470732,0.0020619072346387294,0.0071222531727363715,1.0,0.08,6.0,1.0,0.1998103748396152,0.22534084388550601,0.2010803816946763,0.0,0.12
00_normal_v2:0046,00_normal_v2,48.05900000000013,48.45900000000013,20.0,1.0,0.0012124681994803376,0.00240914072839159,0.0015324349829685317,1.0,0.06,20.0,1.0,0.024835859289859825,0.03067999611573093,0.02524305972156565,1.0,0.08,40.0,1.0,0.0004430139981623435,0.0008796931988590941,0.0005395619950613865,1.0,0.08,6.0,1.0,0.19607304637446796,0.22133339661469953,0.19734454354293934,0.0,0.12
00_normal_v2:0047,00_normal_v2,48.259000000000135,48.659000000000134,20.0,1.0,0.0002210083598939247,0.0006201163399012198,0.000357812310405871,1.0,0.06,20.0,1.0,0.029889367354109304,0.03079271314025107,0.029932147489878262,1.0,0.08,40.0,1.0,0.0003329139611097279,0.0008796931988590941,0.00046727580475262496,1.0,0.08,6.0,1.0,0.18760864144476017,0.20014064316788827,0.1878623179165937,0.0,0.12
00_normal_v2:0048,00_normal_v2,48.45900000000014,48.85900000000014,20.0,1.0,9.645252264081083e-05,9.80182093461346e-05,9.645960099695586e-05,1.0,0.06,20.0,1.0,0.03079401165728573,0.030798564393575756,0.03079401186692814,1.0,0.08,40.0,1.0,0.0001620811224661664,0.0003855402474798597,0.0002029837717136376,1.0,0.08,6.0,1.0,0.1917485229234708,0.2093347303052736,0.1922396889704605,0.0,0.12
00_normal_v2:0049,00_normal_v2,48.65900000000014,49.05900000000014,20.0,1.0,9.85822796238059e-05,0.00010030471847116695,9.85906961162752e-05,1.0,0.06,20.0,1.0,0.030799515374337283,0.030802974900117276,0.030799515498720193,1.0,0.08,40.0,1.0,0.0001890619526021639,0.00040710553220047466,0.00023605889568240038,1.0,0.08,6.0,1.0,0.20051053207955463,0.21596425415354162,0.20088729103512998,0.0,0.12
00_normal_v2:0050,00_normal_v2,48.859000000000144,49.25900000000014,20.0,1.0,0.00010091515644740229,0.00010278732910588007,0.0001009249039293529,1.0,0.06,20.0,1.0,0.030803574486620588,0.030805926773949784,0.030803574547292406,1.0,0.08,40.0,1.0,0.0001863898452309165,0.0003581822444834904,0.00022088487461988473,1.0,0.08,6.0,1.0,0.19585509320662853,0.20877830653485102,0.19613490030758765,0.0,0.12
00_normal_v2:0051,00_normal_v2,49.05900000000015,49.459000000000145,20.0,1.0,0.000253937354318369,0.0006588697752350609,0.0004569241153110626,1.0,0.06,20.0,1.0,0.02980772398401884,0.030806525956852314,0.02988151876726563,1.0,0.08,40.0,1.0,0.0006260417355972616,0.001997344297029191,0.001085070426946852,1.0,0.08,6.0,1.0,0.1866810934884602,0.19999754378484264,0.1870974787858222,0.0,0.12
00_normal_v2:0052,00_normal_v2,49.25900000000015,49.65900000000015,20.0,1.0,0.0026981908251906784,0.006348211049312233,0.003710988299316594,1.0,0.06,20.0,1.0,0.06469744198796866,0.19905437624732475,0.10569777514719955,0.8,0.08,40.0,1.0,0.04684864440471711,0.19737036077357262,0.08901204268393222,0.75,0.08,6.0,1.0,0.16785599737357346,0.19119205376871956,0.1693431335173233,0.0,0.12
00_normal_v2:0053,00_normal_v2,49.45900000000015,49.85900000000015,20.0,1.0,0.0057160077456792635,0.006617765993590749,0.005859090981971991,1.0,0.06,20.0,1.0,0.0633048156890899,0.19905437624732475,0.11030365238633989,0.75,0.08,40.0,1.0,0.05702637082087181,0.19737036077357262,0.0943377348860546,0.7,0.08,6.0,1.0,0.09405562679437997,0.1676752106428304,0.11339250994344736,0.5,0.12
00_normal_v2:0054,00_normal_v2,49.659000000000155,50.059000000000154,20.0,1.0,0.006529723289006649,0.006618155604441678,0.006531500392008346,1.0,0.06,20.0,1.0,0.013289227829605963,0.03268633107955948,0.037595917494192686,0.95,0.08,40.0,1.0,0.010821654597039713,0.03080848398261581,0.03126742381394557,0.95,0.08,6.0,1.0,0.03298072825907844,0.061343395263799484,0.0416669428672533,1.0,0.12
00_normal_v2:0055,00_normal_v2,49.85900000000016,50.25900000000016,20.0,1.0,0.006618163919500046,0.006618272376115572,0.006618163920521954,1.0,0.06,20.0,1.0,0.0005406314101527781,0.0005603294630343092,0.0005408350841675617,1.0,0.08,40.0,1.0,0.00015303168380244452,0.00031697953143272064,0.00019380559708793388,1.0,0.08,6.0,1.0,0.050326877460594034,0.07857730053135002,0.058233751838723445,1.0,0.12
00_normal_v2:0056,00_normal_v2,50.05900000000016,50.45900000000016,20.0,1.0,0.006618217611548742,0.006618272376115572,0.006618217611839282,1.0,0.06,20.0,1.0,0.0005154845602986929,0.0005342982459697277,0.0005156789833627289,1.0,0.08,40.0,1.0,0.0001316898235421346,0.00031544285450424425,0.00017676589231341254,1.0,0.08,6.0,1.0,0.0670574886034467,0.08249646916450583,0.06855676920354568,1.0,0.12
00_normal_v2:0057,00_normal_v2,50.259000000000164,50.65900000000016,20.0,1.0,0.006618000300064676,0.006618235103924933,0.006618000303310075,1.0,0.06,20.0,1.0,0.0004915815298181831,0.0005094186881798579,0.00049176433929055,1.0,0.08,40.0,1.0,0.0001476308379806085,0.00032053539003127355,0.0001919905812634036,1.0,0.08,6.0,1.0,0.07182236805874788,0.08884318106351198,0.0732464650812883,1.0,0.12
00_normal_v2:0058,00_normal_v2,50.45900000000017,50.859000000000165,20.0,1.0,0.006617513106430056,0.006617952629455748,0.006617513116257111,1.0,0.06,20.0,1.0,0.000469039381258729,0.0004858126678252028,0.00046920833623031826,1.0,0.08,40.0,1.0,0.00017009766055992303,0.0003293435651166188,0.00020872822923808965,1.0,0.08,6.0,1.0,0.0662929377557059,0.08269126227389377,0.06795615378749016,1.0,0.12
00_normal_v2:0059,00_normal_v2,50.65900000000017,51.05900000000017,20.0,1.0,0.006616758473278088,0.006617400520295047,0.006616758493184154,1.0,0.06,20.0,1.0,0.0004479684666059136,0.00046359578301673475,0.0004481215406900636,1.0,0.08,40.0,1.0,0.0001655902450999794,0.0003311726990137654,0.00020687903254088143,1.0,0.08,6.0,1.0,0.05149301938930334,0.05862626843761763,0.05205611030368325,1.0,0.12
00_normal_v2:0060,00_normal_v2,50.85900000000017,51.25900000000017,20.0,1.0,0.0066157401510556265,0.006616581536436572,0.006615740184341158,1.0,0.06,20.0,1.0,0.0004284717044944597,0.00044287678034643507,0.00042860719666009555,1.0,0.08,40.0,1.0,0.00016677398419782247,0.00036938562501327444,0.0002231455048671948,1.0,0.08,6.0,1.0,0.044016478044219265,0.05716099763863845,0.04570886341498168,1.0,0.12
00_normal_v2:0061,00_normal_v2,51.059000000000175,51.459000000000174,20.0,1.0,0.014340346547640864,0.03500736336373469,0.022852534100285184,0.95,0.06,20.0,1.0,0.010938167003615749,0.0348980800869162,0.028941674784426077,0.95,0.08,40.0,1.0,0.012576580279499833,0.050690623445654566,0.032548882740372306,0.925,0.08,6.0,1.0,0.03427310118588743,0.04925648485548222,0.03757347000306473,1.0,0.12
00_normal_v2:0062,00_normal_v2,51.25900000000018,51.65900000000018,20.0,1.0,0.021469805684230674,0.060717308397951315,0.03331149849768695,0.9,0.06,20.0,1.0,0.03819091138367931,0.11109647619626882,0.06830475557448612,0.8,0.08,40.0,1.0,0.030016602225864608,0.10367874305725583,0.05145407990102368,0.8,0.08,6.0,1.0,0.018582021831182516,0.04026303568727581,0.02503415112359107,1.0,0.12
01_low_friction_mu_0p12:0000,01_low_friction_mu_0p12,12.078,12.478,20.0,1.0,5.355841298602028e-19,8.251123819542114e-19,5.804516783589936e-19,1.0,0.06,20.0,1.0,3.825790909737877e-19,6.500243699808735e-19,4.316295469996624e-19,1.0,0.08,40.0,1.0,0.00016767639299947835,0.00031430591285077074,0.00020110312135891893,1.0,0.08,7.0,1.0,0.0044450205610601186,0.007699992150034316,0.0051839603919509565,1.0,0.12
01_low_friction_mu_0p12:0001,01_low_friction_mu_0p12,12.277999999999999,12.677999999999999,20.0,1.0,5.573191092346766e-19,8.251123819542114e-19,5.897291852888992e-19,1.0,0.06,20.0,1.0,4.80046491896255e-19,6.927555767405937e-19,5.153690883555741e-19,1.0,0.08,40.0,1.0,0.0001392264763765394,0.00028234440681088106,0.00017629469743271,1.0,0.08,6.0,1.0,0.005735777951605983,0.008747890269779807,0.006316742040311483,1.0,0.12
01_low_friction_mu_0p12:0002,01_low_friction_mu_0p12,12.477999999999998,12.877999999999998,20.0,1.0,5.556512915176974e-19,7.2577854416221315e-19,5.865683509530411e-19,1.0,0.06,20.0,1.0,5.010359478683882e-19,6.927555767405937e-19,5.332363057540447e-19,1.0,0.08,40.0,1.0,0.00014814350466432985,0.0003226843605367193,0.00019309934203212543,1.0,0.08,6.0,1.0,0.00450894755190171,0.0070347003007288165,0.0050116898052465116,1.0,0.12
01_low_friction_mu_0p12:0003,01_low_friction_mu_0p12,12.677999999999997,13.077999999999998,20.0,1.0,6.20478520602119e-19,9.403462900624078e-19,6.547317903790844e-19,1.0,0.06,20.0,1.0,4.988826956341462e-19,7.031911661911786e-19,5.423333644453034e-19,1.0,0.08,40.0,1.0,0.00015786943943948162,0.00029782012324310243,0.00020092605747961187,1.0,0.08,6.0,1.0,0.0021099880410524203,0.0027391949104828683,0.002255487127755622,1.0,0.12
01_low_friction_mu_0p12:0004,01_low_friction_mu_0p12,12.877999999999997,13.277999999999997,20.0,1.0,6.275483395793565e-19,9.384378788649024e-19,6.698733733296375e-19,1.0,0.06,20.0,1.0,5.717736473690429e-19,8.545186258169648e-19,6.124075260042764e-19,1.0,0.08,40.0,1.0,0.00016828857406505038,0.0003229719225963607,0.00021017743365217879,1.0,0.08,6.0,1.0,0.002276288344699001,0.004214890950457195,0.0028833724088839618,1.0,0.12
01_low_friction_mu_0p12:0005,01_low_friction_mu_0p12,13.077999999999996,13.477999999999996,20.0,1.0,0.00027569045374436666,2.5155080494386895e-05,0.001178020371365799,1.0,0.06,20.0,1.0,1.2490936601203346e-16,5.811189426461774e-17,4.470788358111637e-16,1.0,0.08,40.0,1.0,0.00016169754655953033,0.00034730273644618015,0.00019862548778063646,1.0,0.08,6.0,1.0,0.003037358869816912,0.006807164894469597,0.004240111633036685,1.0,0.12
01_low_friction_mu_0p12:0006,01_low_friction_mu_0p12,13.277999999999995,13.677999999999995,20.0,1.0,0.04377967314844564,0.147459936361907,0.07693988560498354,0.7,0.06,20.0,1.0,1.6870231403241013e-15,4.0735143352069484e-15,2.4221133219264926e-15,1.0,0.08,40.0,1.0,0.00015607964014803573,0.0002749640301113835,0.0002034880638071346,1.0,0.08,6.0,1.0,0.09782764602298084,0.25438637263344943,0.15120552826281028,0.6666666666666666,0.12
01_low_friction_mu_0p12:0007,01_low_friction_mu_0p12,13.477999999999994,13.877999999999995,20.0,1.0,0.04620450749070517,0.147459936361907,0.0771056481637094,0.7,0.06,20.0,1.0,1.9273401183945914e-15,4.0735143352069484e-15,2.4359973786384113e-15,1.0,0.08,40.0,1.0,0.0001452462321564158,0.0002897271125395622,0.0001905864864111417,1.0,0.08,6.0,1.0,0.24492545553841882,0.2987690609799854,0.25901199904142186,0.16666666666666666,0.12
01_low_friction_mu_0p12:0008,01_low_friction_mu_0p12,13.677999999999994,14.077999999999994,20.0,1.0,0.0042630085937044844,0.010330092287580089,0.006552083581837926,1.0,0.06,20.0,1.0,7.943829603649121e-16,8.848803591012215e-16,7.980459595536875e-16,1.0,0.08,40.0,1.0,0.00014890864897332994,0.00029030490848658887,0.0001806709580980507,1.0,0.08,6.0,1.0,0.29826791106261824,0.30319192961129254,0.29829565236630656,0.0,0.12
01_low_friction_mu_0p12:0009,01_low_friction_mu_0p12,13.877999999999993,14.277999999999993,20.0,1.0,0.003639618572208425,0.010330086508724624,0.006111434644921594,1.0,0.06,20.0,1.0,9.33619505290279e-16,1.0414936665745617e-15,9.3761951093854e-16,1.0,0.08,40.0,1.0,0.00016068984696031643,0.00033922358155502586,0.00021361239183890425,1.0,0.08,6.0,1.0,0.30121502939203976,0.30621947936615584,0.30124967630532895,0.0,0.12
01_low_friction_mu_0p12:0010,01_low_friction_mu_0p12,14.077999999999992,14.477999999999993,20.0,1.0,0.004668920877211452,0.01033008612771299,0.006929686919320192,1.0,0.06,20.0,1.0,1.115331619167809e-15,1.3163797989266052e-15,1.1229956918838333e-15,1.0,0.08,40.0,1.0,0.0001701578318266336,0.0003398955861216298,0.00022349183473053955,1.0,0.08,6.0,1.0,0.3040647658356681,0.30704518270370507,0.3040747025778267,0.0,0.12
01_low_friction_mu_0p12:0011,01_low_friction_mu_0p12,14.277999999999992,14.677999999999992,20.0,1.0,0.004154269428399485,0.01033008605430435,0.006533383128578272,1.0,0.06,20.0,1.0,1.3651271538348511e-15,1.5634038692693543e-15,1.375355795437321e-15,1.0,0.08,40.0,1.0,0.0001658586404352812,0.000321766727577422,0.0002009754397597665,1.0,0.08,6.0,1.0,0.308173468707827,0.31332853214408835,0.3082045209605812,0.0,0.12
01_low_friction_mu_0p12:0012,01_low_friction_mu_0p12,14.47799999999999,14.877999999999991,20.0,1.0,0.004154269419886014,0.010330086036836605,0.006533383120762722,1.0,0.06,20.0,1.0,1.6769470462463222e-15,1.9577224395540965e-15,1.6880091328218769e-15,1.0,0.08,40.0,1.0,0.0001612765141586871,0.0002795244129387974,0.00019014588014717283,1.0,0.08,6.0,1.0,0.3097768976000765,0.31332853214408835,0.3097909530675972,0.0,0.12
01_low_friction_mu_0p12:0013,01_low_friction_mu_0p12,14.67799999999999,15.07799999999999,20.0,1.0,0.004154269418725751,0.01033008603611853,0.0065333831203742716,1.0,0.06,20.0,1.0,2.033010542731731e-15,2.2990165613933826e-15,2.0446318305102904e-15,1.0,0.08,40.0,1.0,0.00017514278540383364,0.00030094900185568976,0.00020921551958553354,1.0,0.08,6.0,1.0,0.3100637516130089,0.3130008738611868,0.31007298517464715,0.0,0.12
01_low_friction_mu_0p12:0014,01_low_friction_mu_0p12,14.87799999999999,15.27799999999999,20.0,1.0,0.003639618033850636,0.01033008603598079,0.006111434347773925,1.0,0.06,20.0,1.0,2.4656825979598383e-15,2.8361904733459957e-15,2.4820721540251558e-15,1.0,0.08,40.0,1.0,0.00015142759205075004,0.00028374320227616856,0.00018985265224254644,1.0,0.08,6.0,1.0,0.31438769580441983,0.3250628555613843,0.31453378786968256,0.0,0.12
01_low_friction_mu_0p12:0015,01_low_friction_mu_0p12,15.077999999999989,15.477999999999989,20.0,1.0,0.00466892080340916,0.01033008603598079,0.006929686876487914,1.0,0.06,20.0,1.0,2.9863080848025913e-15,3.4638716627514787e-15,3.0044780533030555e-15,1.0,0.08,40.0,1.0,0.0001387181791619913,0.0002683608552752368,0.0001664554647505283,1.0,0.08,6.0,1.0,0.31301923259076814,0.32635898660111895,0.31324975679128614,0.0,0.12
01_low_friction_mu_0p12:0016,01_low_friction_mu_0p12,15.277999999999988,15.677999999999988,20.0,1.0,0.01380561102404387,0.0385882113095329,0.021098193277020307,1.0,0.06,20.0,1.0,0.020494138750076055,0.07005155649503196,0.04247777341731783,0.9,0.08,40.0,1.0,0.015365193428954604,0.058154467897679765,0.02917069626208775,1.0,0.08,6.0,1.0,0.29222461257101773,0.31745046416862505,0.29366307336627495,0.0,0.12
01_low_friction_mu_0p12:0017,01_low_friction_mu_0p12,15.477999999999987,15.877999999999988,20.0,1.0,0.01331472505877591,0.0385882113095329,0.02085291319209938,1.0,0.06,20.0,1.0,0.03264270422875381,0.07005155649503196,0.046283479096611284,0.9,0.08,40.0,1.0,0.0187143851849856,0.058154467897679765,0.030121316350578107,1.0,0.08,6.0,1.0,0.25129738566732934,0.2944743397690209,0.2535008299320878,0.0,0.12
01_low_friction_mu_0p12:0018,01_low_friction_mu_0p12,15.677999999999987,16.077999999999985,20.0,1.0,0.0027603959825807213,0.006726527317560849,0.00453559066752593,1.0,0.06,20.0,1.0,0.021823263204534017,0.025443261039988768,0.022972212613169424,1.0,0.08,40.0,1.0,0.004021356672911565,0.0070372382475569935,0.007663599092580558,1.0,0.08,6.0,1.0,0.23332288099970297,0.2488186955310162,0.2336978986086726,0.0,0.12
01_low_friction_mu_0p12:0019,01_low_friction_mu_0p12,15.877999999999986,16.277999999999984,20.0,1.0,0.0006801521850198888,0.0006809163530981274,0.0020455303541422293,1.0,0.06,20.0,1.0,0.018803832712131197,0.018819999218341432,0.018884002859942038,1.0,0.08,40.0,1.0,0.0006545425921750004,0.0026189060183953094,0.0015378611537545449,1.0,0.08,6.0,1.0,0.2389540689957708,0.2488186955310162,0.23920648350193635,0.0,0.12
01_low_friction_mu_0p12:0020,01_low_friction_mu_0p12,16.077999999999985,16.477999999999984,20.0,1.0,4.2147347528828646e-05,4.342695380265271e-05,4.215833984500749e-05,1.0,0.06,20.0,1.0,0.018262567349428382,0.018269023890137175,0.018262568022081385,1.0,0.08,40.0,1.0,0.00012845877602873853,0.00023242159797455536,0.00016741935599941577,1.0,0.08,6.0,1.0,0.23659542385197818,0.24383717511709774,0.2367096992478438,0.0,0.12
01_low_friction_mu_0p12:0021,01_low_friction_mu_0p12,16.277999999999984,16.677999999999983,20.0,1.0,8.19506588837532e-05,0.00014977670856036206,0.00013852214599225358,1.0,0.06,20.0,1.0,0.02859131832821738,0.04933324759517281,0.039466708310732804,0.9,0.08,40.0,1.0,0.012472538568821781,0.04721646764257032,0.03375175459892813,0.925,0.08,6.0,1.0,0.23292436003683079,0.24248877337449376,0.23303615794243368,0.0,0.12
01_low_friction_mu_0p12:0022,01_low_friction_mu_0p12,16.477999999999984,16.877999999999982,20.0,1.0,0.0013732131392345359,0.0036237189859783113,0.0020001989282943866,1.0,0.06,20.0,1.0,0.05424428251578532,0.14887195526327215,0.08189447451794762,0.7,0.08,40.0,1.0,0.037074134631008046,0.11196928417160366,0.06195880497270276,0.775,0.08,6.0,1.0,0.18776846522863722,0.23419183005920424,0.19542155197866906,0.16666666666666666,0.12
01_low_friction_mu_0p12:0023,01_low_friction_mu_0p12,16.677999999999983,17.07799999999998,20.0,1.0,0.0032544212701515808,0.0038836803693076045,0.0033945071474847342,1.0,0.06,20.0,1.0,0.034802479512249684,0.14887195526327215,0.07291038059314284,0.8,0.08,40.0,1.0,0.024724345344802872,0.09328883946639539,0.05195898567050602,0.85,0.08,6.0,1.0,0.13606861348094795,0.16838411955796181,0.13994674585080008,0.16666666666666666,0.12
01_low_friction_mu_0p12:0024,01_low_friction_mu_0p12,16.877999999999982,17.27799999999998,20.0,1.0,0.0038826465115262944,0.0038836803693076045,0.0038826465928710374,1.0,0.06,20.0,1.0,2.3477497304884297e-05,3.6764657858415206e-05,2.5526376164886386e-05,1.0,0.08,40.0,1.0,0.00012089068366480313,0.00029743624124214946,0.00016254731271070743,1.0,0.08,6.0,1.0,0.1232332806003557,0.13029676281917568,0.12344390416004192,0.3333333333333333,0.12
01_low_friction_mu_0p12:0025,01_low_friction_mu_0p12,17.07799999999998,17.47799999999998,20.0,1.0,0.003881214468717929,0.0038823307052810395,0.0038812145633328157,1.0,0.06,20.0,1.0,9.5510185414302e-06,1.9216193477533674e-05,1.1584635002788727e-05,1.0,0.08,40.0,1.0,0.00016656694177110895,0.0004171076058905321,0.0002317182350357071,1.0,0.08,6.0,1.0,0.1245468792409778,0.13447887707803116,0.12486916055134226,0.3333333333333333,0.12
01_low_friction_mu_0p12:0026,01_low_friction_mu_0p12,17.27799999999998,17.67799999999998,20.0,1.0,0.005763690002243818,0.006434142800242477,0.008281669008875156,1.0,0.06,20.0,1.0,0.0006854848591660107,0.00029392690873130626,0.0026472171813146936,1.0,0.08,40.0,1.0,0.001180834421499638,0.0009307184282239044,0.0038746384789511085,1.0,0.08,6.0,1.0,0.12715868150125684,0.13526127931864873,0.12755446829882583,0.16666666666666666,0.12
01_low_friction_mu_0p12:0027,01_low_friction_mu_0p12,17.47799999999998,17.87799999999998,20.0,1.0,0.025462911914180476,0.07916936340628128,0.04132116744986438,0.85,0.06,20.0,1.0,0.02578594122255743,0.08227258775645886,0.04736452910751727,0.9,0.08,40.0,1.0,0.019941786556744966,0.06827615160565492,0.034111121982754476,0.975,0.08,6.0,1.0,0.07411606515981647,0.1319379429186442,0.09194347594677113,0.6666666666666666,0.12
01_low_friction_mu_0p12:0028,01_low_friction_mu_0p12,17.67799999999998,18.077999999999978,20.0,1.0,0.021639457642902572,0.07916936340628128,0.04057563144704569,0.85,0.06,20.0,1.0,0.025102612846182832,0.08227258775645886,0.04729049451668137,0.9,0.08,40.0,1.0,0.01893806310600616,0.06827615160565492,0.03389116553665658,0.975,0.08,6.0,1.0,0.013864311692131875,0.03563303324922884,0.027327856466686746,1.0,0.12
01_low_friction_mu_0p12:0029,01_low_friction_mu_0p12,17.87799999999998,18.277999999999977,20.0,1.0,2.5967151155395293e-13,6.630555114300295e-13,3.799742767285409e-13,1.0,0.06,20.0,1.0,2.5899303219733054e-14,7.46150300636535e-14,4.751922252139979e-14,1.0,0.08,40.0,1.0,0.00016054869136162522,0.00033928201280237325,0.00019846842502316161,1.0,0.08,6.0,1.0,0.0030052709851134136,0.004327077719115426,0.0032013522822063626,1.0,0.12
01_low_friction_mu_0p12:0030,01_low_friction_mu_0p12,18.077999999999978,18.477999999999977,20.0,1.0,0.0018375159176109192,0.002293429186730091,0.0061971876702254895,1.0,0.06,20.0,1.0,7.621093514154058e-05,9.448514094378351e-05,0.00025735870490389086,1.0,0.08,40.0,1.0,0.00022752038167917166,0.0004098960000221884,0.0003577573769873889,1.0,0.08,6.0,1.0,0.003745959595628132,0.006196826649922632,0.004383170815278153,1.0,0.12
01_low_friction_mu_0p12:0031,01_low_friction_mu_0p12,18.277999999999977,18.677999999999976,20.0,1.0,0.034353796919027034,0.09924543425768498,0.06062220940911178,0.75,0.06,20.0,1.0,0.0009535705429840786,0.0023797731889204994,0.0013665734341463136,1.0,0.08,40.0,1.0,0.001262945262620097,0.002532897208607073,0.002408728800327597,1.0,0.08,6.0,1.0,0.07731282817872015,0.1980117662310637,0.11849024523562819,0.6666666666666666,0.12
01_low_friction_mu_0p12:0032,01_low_friction_mu_0p12,18.477999999999977,18.877999999999975,20.0,1.0,0.032532365558515915,0.09924543425768498,0.0603046238363872,0.75,0.06,20.0,1.0,0.000999795214834592,0.0023797731889204994,0.0013532443990829568,1.0,0.08,40.0,1.0,0.001171526160486085,0.002532897208607073,0.002389068384286007,1.0,0.08,7.0,1.0,0.20884182123486275,0.2572259709047082,0.2204542911588116,0.14285714285714285,0.12
01_low_friction_mu_0p12:0033,01_low_friction_mu_0p12,18.677999999999976,19.077999999999975,20.0,1.0,3.216957845089685e-05,3.21703955953323e-05,3.2169578455531545e-05,1.0,0.06,20.0,1.0,0.00024486507288486734,0.00024487440266677456,0.0002448650729872707,1.0,0.08,40.0,1.0,0.00015017812043613415,0.00034042803008981393,0.00021253964371231984,1.0,0.08,7.0,1.0,0.2553961951034871,0.26316381554168183,0.2554803432086791,0.0,0.12
01_low_friction_mu_0p12:0034,01_low_friction_mu_0p12,18.877999999999975,19.277999999999974,20.0,1.0,3.217076988710765e-05,3.217189003729137e-05,3.2170769897975246e-05,1.0,0.06,20.0,1.0,0.0002448527821543017,0.000244862128972734,0.00024485278225700976,1.0,0.08,40.0,1.0,0.00018805386561221096,0.00037931797274938766,0.00023716577262881822,1.0,0.08,6.0,1.0,0.2610873488994246,0.2687602827127146,0.26119075419276366,0.0,0.12
01_low_friction_mu_0p12:0035,01_low_friction_mu_0p12,19.077999999999975,19.477999999999973,20.0,1.0,3.418986482589259e-05,3.217341991093581e-05,3.5302926607685575e-05,1.0,0.06,20.0,1.0,0.00023592917074036186,0.00024484983081582065,0.00023910583382969174,1.0,0.08,40.0,1.0,0.00020006624634505177,0.00037931797274938766,0.00023843244723922377,1.0,0.08,6.0,1.0,0.2626172581226418,0.2687289353323503,0.26268343563637436,0.0,0.12
01_low_friction_mu_0p12:0036,01_low_friction_mu_0p12,19.277999999999974,19.677999999999972,20.0,1.0,0.0035278948644309775,0.01072423311002198,0.005669063642085593,1.0,0.06,20.0,1.0,0.002018875053646961,0.007343465060537404,0.00358559454747735,1.0,0.08,40.0,1.0,0.001934738305788403,0.0047824327686099965,0.0037580565509566415,1.0,0.08,6.0,1.0,0.2580681344559748,0.2654276880717005,0.25818170449817546,0.0,0.12
01_low_friction_mu_0p12:0037,01_low_friction_mu_0p12,19.477999999999973,19.87799999999997,20.0,1.0,0.004427846719831666,0.01072423311002198,0.006078351847170883,1.0,0.06,20.0,1.0,0.003569606980966938,0.00842215727660538,0.004794671346154439,1.0,0.08,40.0,1.0,0.0024686080958301916,0.0047824327686099965,0.003957003717900378,1.0,0.08,6.0,1.0,0.2517051877028772,0.2606423043171504,0.2518394290436623,0.0,0.12
01_low_friction_mu_0p12:0038,01_low_friction_mu_0p12,19.677999999999972,20.07799999999997,20.0,1.0,0.0009337494503642352,0.003224261251864333,0.0021930116255507357,1.0,0.06,20.0,1.0,0.0017928929157687112,0.00618598855193385,0.003192601316046701,1.0,0.08,40.0,1.0,0.0007043868172396911,0.002726840684172235,0.0012567110944101815,1.0,0.08,6.0,1.0,0.2557501232615132,0.2679306957040684,0.2559757023820699,0.0,0.12
01_low_friction_mu_0p12:0039,01_low_friction_mu_0p12,19.87799999999997,20.27799999999997,20.0,1.0,3.18000281016223e-05,3.226672457518065e-05,3.180317143874775e-05,1.0,0.06,20.0,1.0,0.00025112822161835636,0.00026289648772570735,0.00025123894458500064,1.0,0.08,40.0,1.0,0.0001404640477550829,0.00026327942733488194,0.0001779622118421369,1.0,0.08,6.0,1.0,0.25997380051977365,0.2685577850886082,0.26008787577533904,0.0,0.12
01_low_friction_mu_0p12:0040,01_low_friction_mu_0p12,20.07799999999997,20.47799999999997,20.0,1.0,3.224046711614026e-05,3.226822971917342e-05,3.2240541510128984e-05,1.0,0.06,20.0,1.0,0.0002447336416000036,0.0002451447982316316,0.00024473424757211155,1.0,0.08,40.0,1.0,0.00016986158778489754,0.00035902562220023915,0.00021741169947210457,1.0,0.08,6.0,1.0,0.2604742963732525,0.2650400063289751,0.2605201744239191,0.0,0.12
01_low_friction_mu_0p12:0041,01_low_friction_mu_0p12,20.27799999999997,20.67799999999997,20.0,1.0,0.003857806275873335,0.011127764930498147,0.00616948042921923,1.0,0.06,20.0,1.0,0.0027283726786457027,0.008682056495768385,0.004386862563983799,1.0,0.08,40.0,1.0,0.002056778306390751,0.005918875691784874,0.003145138896029067,1.0,0.08,6.0,1.0,0.252662562998932,0.2650400063289751,0.25294479104332424,0.0,0.12
01_low_friction_mu_0p12:0042,01_low_friction_mu_0p12,20.47799999999997,20.877999999999968,20.0,1.0,0.004523051879693979,0.011127764930498147,0.006441058172524822,1.0,0.06,20.0,1.0,0.0037416959977870077,0.008682056495768385,0.005002922825874695,1.0,0.08,40.0,1.0,0.0026249493810210434,0.005918875691784874,0.003434134479559566,1.0,0.08,6.0,1.0,0.24997531133574324,0.26535077000704055,0.25026667417053,0.0,0.12
01_low_friction_mu_0p12:0043,01_low_friction_mu_0p12,20.67799999999997,21.077999999999967,20.0,1.0,0.0006975140159988901,0.001863184603325122,0.0018508870483514043,1.0,0.06,20.0,1.0,0.0012576124208094812,0.004248953224654684,0.0024175092275743504,1.0,0.08,40.0,1.0,0.0007266841354514461,0.0025760294026957327,0.0013936757857002835,1.0,0.08,6.0,1.0,0.26105498247294606,0.26888620409202285,0.2611932813815647,0.0,0.12
01_low_friction_mu_0p12:0044,01_low_friction_mu_0p12,20.877999999999968,21.277999999999967,20.0,1.0,3.227005244646197e-05,3.22715584694766e-05,3.227005247103936e-05,1.0,0.06,20.0,1.0,0.00024405108639356161,0.0002440601508589795,0.00024405108649169704,1.0,0.08,40.0,1.0,0.0001769374671790551,0.00041286493233978327,0.0002327501920159932,1.0,0.08,6.0,1.0,0.265594224177619,0.27919313737482754,0.26585291938193206,0.0,0.12
01_low_friction_mu_0p12:0045,01_low_friction_mu_0p12,21.077999999999967,21.477999999999966,20.0,1.0,3.2271918814852364e-05,3.2273124499948566e-05,3.227191882822423e-05,1.0,0.06,20.0,1.0,0.00024403894643439675,0.00024404825617532056,0.00024403894653678718,1.0,0.08,40.0,1.0,0.00017385759859224776,0.0003507468033058182,0.00022909438779136982,1.0,0.08,6.0,1.0,0.26711818134674176,0.28061421356887817,0.26736805962973653,0.0,0.12
01_low_friction_mu_0p12:0046,01_low_friction_mu_0p12,21.277999999999967,21.677999999999965,20.0,1.0,3.2273489764150785e-05,3.227465513279126e-05,3.2273489776314375e-05,1.0,0.06,20.0,1.0,0.00024402666830169073,0.00024403601083319935,0.00024402666840466308,1.0,0.08,40.0,1.0,0.00012215642579137113,0.00026037614750144047,0.00015293388221057354,1.0,0.08,6.0,1.0,0.2685431362367264,0.27264476985734354,0.26856613478938196,0.0,0.12
01_low_friction_mu_0p12:0047,01_low_friction_mu_0p12,21.477999999999966,21.877999999999965,20.0,1.0,3.227502101994517e-05,3.2276180880780325e-05,3.2275021031949604e-05,1.0,0.06,20.0,1.0,0.0002440143717031276,0.00024402371860404333,0.000244014371806182,1.0,0.08,40.0,1.0,0.00014301973194706598,0.0002708974656801604,0.0001809099861579307,1.0,0.08,6.0,1.0,0.2716614301191687,0.27708641006423473,0.2716998386501131,0.0,0.12
01_low_friction_mu_0p12:0048,01_low_friction_mu_0p12,21.677999999999965,22.077999999999964,20.0,1.0,3.227654682002312e-05,3.227770583236755e-05,3.227654683200356e-05,1.0,0.06,20.0,1.0,0.00024400207266400226,0.00024401142012337698,0.00024400207276707153,1.0,0.08,40.0,1.0,0.00017327649662609077,0.00030739167329403534,0.00021291823722350487,1.0,0.08,6.0,1.0,0.2753501580177182,0.2827983508226404,0.2754204801338134,0.0,0.12
01_low_friction_mu_0p12:0049,01_low_friction_mu_0p12,21.877999999999965,22.277999999999963,20.0,1.0,3.227807175519015e-05,3.227923056600135e-05,3.2278071767164936e-05,1.0,0.06,20.0,1.0,0.00024398977333164466,0.00024399912084165526,0.00024398977343471998,1.0,0.08,40.0,1.0,0.0001632339507495401,0.0002750969391885105,0.0001987799327497245,1.0,0.08,6.0,1.0,0.2756825480068689,0.28126431023098036,0.27572424537198775,0.0,0.12
01_low_friction_mu_0p12:0050,01_low_friction_mu_0p12,22.077999999999964,22.477999999999962,20.0,1.0,0.021949733634454842,0.08288566073504286,0.04158838273698389,0.75,0.06,20.0,1.0,0.08464690089679969,0.3398006005753697,0.16794673044903674,0.75,0.08,40.0,1.0,0.00454390551586604,0.016180985119249244,0.008496349566637296,1.0,0.08,6.0,1.0,0.2653364333449289,0.27795740368763455,0.2662118723561055,0.0,0.12
01_low_friction_mu_0p12:0051,01_low_friction_mu_0p12,22.277999999999963,22.67799999999996,20.0,1.0,0.03922786611924943,0.08288566073504286,0.04931519042113576,0.75,0.06,20.0,1.0,0.1808419803782762,0.3398006005753697,0.22113862338780524,0.25,0.08,40.0,1.0,0.005289537968903338,0.016180985119249244,0.00866414217931901,1.0,0.08,6.0,1.0,0.2238441803664415,0.27632127754470326,0.2272316670072328,0.0,0.12
01_low_friction_mu_0p12:0052,01_low_friction_mu_0p12,22.477999999999962,22.87799999999996,20.0,1.0,0.01836099453203317,0.04733673068327771,0.026627375877690106,1.0,0.06,20.0,1.0,0.11761651869139103,0.25285405348113177,0.14730798654921903,0.5,0.08,40.0,1.0,0.003849796633531408,0.013032435400905911,0.0069624877376944245,1.0,0.08,6.0,1.0,0.18965450137329695,0.19830439487954754,0.18983581070536024,0.0,0.12
01_low_friction_mu_0p12:0053,01_low_friction_mu_0p12,22.67799999999996,23.07799999999996,20.0,1.0,0.001095244601216476,0.0037621954820551452,0.00257367921050482,1.0,0.06,20.0,1.0,0.037607050431990405,0.05038663930532189,0.03918293619369041,1.0,0.08,40.0,1.0,0.003087840629782347,0.013032435400905911,0.006752194201064153,1.0,0.08,6.0,1.0,0.19117256248375578,0.19810252915022875,0.19129416545873004,0.0,0.12
01_low_friction_mu_0p12:0054,01_low_friction_mu_0p12,22.87799999999996,23.27799999999996,20.0,1.0,5.621880537886037e-05,5.744563635427247e-05,5.622686697942265e-05,1.0,0.06,20.0,1.0,0.032619464627442904,0.03262577032598939,0.03261946499773131,1.0,0.08,40.0,1.0,0.00014795683893940593,0.00029033138918384553,0.00018577144471552707,1.0,0.08,6.0,1.0,0.18861347913337656,0.1985466441621742,0.18897219837576001,0.0,0.12
01_low_friction_mu_0p12:0055,01_low_friction_mu_0p12,23.07799999999996,23.47799999999996,20.0,1.0,5.445928319274401e-05,5.585303647019646e-05,5.446995112925782e-05,1.0,0.06,20.0,1.0,0.032627295087110875,0.032632553255161546,0.03262729534776435,1.0,0.08,40.0,1.0,0.0001540946806523405,0.0003483857497313947,0.00019284401762270978,1.0,0.08,6.0,1.0,0.19265430458134084,0.2084603551930176,0.19336472595751794,0.0,0.12
01_low_friction_mu_0p12:0056,01_low_friction_mu_0p12,23.27799999999996,23.677999999999958,20.0,1.0,5.248502997189652e-05,5.404008689616213e-05,5.249873600124322e-05,1.0,0.06,20.0,1.0,0.032633737903420904,0.03263792745497895,0.03263373807202754,1.0,0.08,40.0,1.0,0.00014825303753996792,0.0002883615148598973,0.00018398270760645026,1.0,0.08,6.0,1.0,0.202150692187579,0.21637308867702568,0.20246634424180848,0.0,0.12
01_low_friction_mu_0p12:0057,01_low_friction_mu_0p12,23.47799999999996,23.877999999999957,20.0,1.0,5.030400131227214e-05,5.2014096670782714e-05,5.0321219872444594e-05,1.0,0.06,20.0,1.0,0.032638767240838605,0.03264187137783267,0.03263876733643856,1.0,0.08,40.0,1.0,0.0001687100023802665,0.0003275973131145138,0.0002059630689261964,1.0,0.08,6.0,1.0,0.19790471234173623,0.21991695614480897,0.19891735250091544,0.0,0.12
01_low_friction_mu_0p12:0058,01_low_friction_mu_0p12,23.677999999999958,24.077999999999957,20.0,1.0,4.792778993368413e-05,4.9783228669858515e-05,4.794891186663531e-05,1.0,0.06,20.0,1.0,0.032642327492188344,0.03264418483065054,0.03264232753282253,1.0,0.08,40.0,1.0,0.00017371344904260899,0.00034745633287021626,0.00021494727241082908,1.0,0.08,6.0,1.0,0.19021426693167898,0.21389563012946888,0.19132525771051856,0.0,0.12
01_low_friction_mu_0p12:0059,01_low_friction_mu_0p12,23.877999999999957,24.277999999999956,20.0,1.0,0.002184089934094184,0.007754314690022262,0.004675245726375292,1.0,0.06,20.0,1.0,0.0923323961266245,0.11310177120264436,0.19566500652689112,0.9,0.08,40.0,1.0,0.005913943031015471,0.022410434055258475,0.012187813123972428,1.0,0.08,6.0,1.0,0.17923411129500533,0.19379422503062727,0.17966015099345536,0.0,0.12
01_low_friction_mu_0p12:0060,01_low_friction_mu_0p12,24.077999999999957,24.477999999999955,20.0,1.0,0.02282430071123804,0.052583968162510784,0.030725715815488698,1.0,0.06,20.0,1.0,0.2836859577543263,0.5704805413097329,0.3580516167766379,0.4,0.08,40.0,1.0,0.010395579490470794,0.02633660038149981,0.014879036174303513,1.0,0.08,6.0,1.0,0.14188024502299315,0.17732443396475078,0.14578607342488553,0.3333333333333333,0.12
01_low_friction_mu_0p12:0061,01_low_friction_mu_0p12,24.277999999999956,24.677999999999955,20.0,1.0,0.0437451461469167,0.053721658193129136,0.04472996033936901,1.0,0.06,20.0,1.0,0.32006111446160457,0.5000207144318048,0.34084473536814036,0.0,0.08,40.0,1.0,0.004766531057557112,0.0160301887116457,0.008551178802403867,1.0,0.08,6.0,1.0,0.10052755154009958,0.12177805075244404,0.10247244752889755,0.8333333333333334,0.12
01_low_friction_mu_0p12:0062,01_low_friction_mu_0p12,24.477999999999955,24.877999999999954,20.0,1.0,0.0371728911908744,0.05098235448017167,0.03858466846896591,1.0,0.06,20.0,1.0,0.17293936605158194,0.2516275484977306,0.18299601407816707,0.05,0.08,40.0,1.0,0.0003069401194808065,0.00045732403880559025,0.0005421451325145204,1.0,0.08,6.0,1.0,0.08174341285973469,0.09453309257635606,0.08269636021881532,1.0,0.12
01_low_friction_mu_0p12:0063,01_low_friction_mu_0p12,24.677999999999955,25.077999999999953,20.0,1.0,0.02005262754549785,0.03281095703961664,0.022091408768716323,1.0,0.06,20.0,1.0,0.07461780186002347,0.1475688829947035,0.09152784331238022,0.55,0.08,40.0,1.0,0.0015174166025385294,0.005160229358470527,0.002862526472920232,1.0,0.08,6.0,1.0,0.07663232796903525,0.08669642856934885,0.07715039799313576,1.0,0.12
01_low_friction_mu_0p12:0064,01_low_friction_mu_0p12,24.877999999999954,25.277999999999953,20.0,1.0,0.009481518108077198,0.015201254475740061,0.010128895563429824,1.0,0.06,20.0,1.0,0.014168349920019937,0.04688302956999002,0.024819583071517184,1.0,0.08,40.0,1.0,0.0014988466424230337,0.005160229358470527,0.0028612637440386395,1.0,0.08,6.0,1.0,0.08131330257255102,0.09190102831402683,0.08191724973844791,1.0,0.12
01_low_friction_mu_0p12:0065,01_low_friction_mu_0p12,25.077999999999953,25.477999999999952,20.0,1.0,0.007032882853911444,0.007027510494737527,0.007032939391036439,1.0,0.06,20.0,1.0,0.00017787888628195968,0.0001650341548663393,0.00023673780713180965,1.0,0.08,40.0,1.0,0.00016303827830773526,0.0002629711662088252,0.0002110748916380913,1.0,0.08,7.0,1.0,0.088665150035212,0.10274573409232803,0.08966192141759571,1.0,0.12
01_low_friction_mu_0p12:0066,01_low_friction_mu_0p12,25.277999999999953,25.67799999999995,20.0,1.0,0.0070251843310232594,0.007025448960770922,0.007025184334767161,1.0,0.06,20.0,1.0,0.0001588091814895054,0.0001761240128662467,0.00015936236146525966,1.0,0.08,40.0,1.0,0.0001666759634168416,0.0003422548176202245,0.00020163085191085719,1.0,0.08,7.0,1.0,0.07932466325733001,0.09961318849042969,0.08177871019185243,1.0,0.12
01_low_friction_mu_0p12:0067,01_low_friction_mu_0p12,25.477999999999952,25.87799999999995,20.0,1.0,0.007024658776819899,0.0070251271131061945,0.007024658787218384,1.0,0.06,20.0,1.0,0.00018110144899882163,0.00019731722306460254,0.00018152843564653211,1.0,0.08,40.0,1.0,0.00017556873533229462,0.0003596727368711417,0.0002151636721467376,1.0,0.08,6.0,1.0,0.06288586562937205,0.0790609312726971,0.06401041670094385,1.0,0.12
01_low_friction_mu_0p12:0068,01_low_friction_mu_0p12,25.67799999999995,26.07799999999995,20.0,1.0,0.008035921710732061,0.009676512469545484,0.008498144568235869,1.0,0.06,20.0,1.0,0.0013007313734464065,0.002993299720587439,0.0033123084279858012,1.0,0.08,40.0,1.0,0.0014826484033558837,0.004830681813194185,0.003966410986769498,1.0,0.08,6.0,1.0,0.05133831772439767,0.06896868181177213,0.05385824985487331,1.0,0.12
01_low_friction_mu_0p12:0069,01_low_friction_mu_0p12,25.87799999999995,26.27799999999995,20.0,1.0,0.04259504999819461,0.11663216720593982,0.06220873646909232,0.7,0.06,20.0,1.0,0.10409928559658888,0.28317768468894405,0.15721653771443975,0.55,0.08,40.0,1.0,0.007001827365588994,0.017608675672860223,0.010020564308852127,1.0,0.08,6.0,1.0,0.027702565148305065,0.04457033091167519,0.03190047505235576,1.0,0.12
02_asymmetric_left_mu_0p15:0000,02_asymmetric_left_mu_0p15,13.469,13.869,20.0,1.0,0.002967339348165526,0.007378636859667914,0.004666704757873786,1.0,0.06,20.0,1.0,2.5285009122321086e-15,2.799856856677586e-15,2.5354558067568425e-15,1.0,0.08,40.0,1.0,0.00015865554355922118,0.00031125932477098873,0.00019704163007071081,1.0,0.08,6.0,1.0,0.2118881132295591,0.21435397715117174,0.21190079241362358,0.0,0.12
02_asymmetric_left_mu_0p15:0001,02_asymmetric_left_mu_0p15,13.668999999999999,14.068999999999999,20.0,1.0,0.0029673393481654473,0.007378636859667914,0.004666704757873693,1.0,0.06,20.0,1.0,2.8977821881864734e-15,3.1976645577839418e-15,2.9078151281892614e-15,1.0,0.08,40.0,1.0,0.00013145666118047697,0.0002979538611440777,0.0001727691482456767,1.0,0.08,6.0,1.0,0.21443649531955308,0.22170508442696985,0.21452073990631063,0.0,0.12
02_asymmetric_left_mu_0p15:0002,02_asymmetric_left_mu_0p15,13.868999999999998,14.268999999999998,20.0,1.0,0.0025997312222069318,0.007378636859667914,0.0043653126172536316,1.0,0.06,20.0,1.0,3.3318164970373217e-15,3.650120935626382e-15,3.3422468735776278e-15,1.0,0.08,40.0,1.0,0.00015742411474676068,0.0003363948282898471,0.0002051780335561217,1.0,0.08,6.0,1.0,0.21328303774937574,0.22092427114508148,0.21338500285816187,0.0,0.12
02_asymmetric_left_mu_0p15:0003,02_asymmetric_left_mu_0p15,14.068999999999997,14.468999999999998,20.0,1.0,0.0033349474741241184,0.007378636859667914,0.004949779020114843,1.0,0.06,20.0,1.0,3.809334623304923e-15,4.260104136711181e-15,3.821644025900947e-15,1.0,0.08,40.0,1.0,0.00016259591491128814,0.0003914492748854016,0.00021897774518063852,1.0,0.08,6.0,1.0,0.21213446208535736,0.21940757651341564,0.2122170679725358,0.0,0.12
02_asymmetric_left_mu_0p15:0004,02_asymmetric_left_mu_0p15,14.268999999999997,14.668999999999997,20.0,1.0,0.0029673393481654473,0.007378636859667914,0.004666704757873693,1.0,0.06,20.0,1.0,4.3789139688857774e-15,4.8394841342496855e-15,4.394092084432586e-15,1.0,0.08,40.0,1.0,0.0001553673203247411,0.0003376116293851589,0.0002051824735072272,1.0,0.08,6.0,1.0,0.21593071666114674,0.22094502347111172,0.21599845156618278,0.0,0.12
02_asymmetric_left_mu_0p15:0005,02_asymmetric_left_mu_0p15,14.468999999999996,14.868999999999996,20.0,1.0,0.002967339348165526,0.007378636859667914,0.004666704757873786,1.0,0.06,20.0,1.0,5.025030987373625e-15,5.57412640394739e-15,5.039961087475585e-15,1.0,0.08,40.0,1.0,0.0001406971958969714,0.0002767328212416549,0.00016971273430432235,1.0,0.08,6.0,1.0,0.2141513449598331,0.21799409932113895,0.21419205637540048,0.0,0.12
02_asymmetric_left_mu_0p15:0006,02_asymmetric_left_mu_0p15,14.668999999999995,15.068999999999996,20.0,1.0,0.0029673393481654473,0.007378636859667914,0.004666704757873693,1.0,0.06,20.0,1.0,5.7545234535737076e-15,6.324262138036578e-15,5.772966150943616e-15,1.0,0.08,40.0,1.0,0.0001494472088217758,0.0002806213273748889,0.0001858096336480823,1.0,0.08,6.0,1.0,0.21592288138225693,0.2231349903501086,0.21601541998700435,0.0,0.12
02_asymmetric_left_mu_0p15:0007,02_asymmetric_left_mu_0p15,14.868999999999994,15.268999999999995,20.0,1.0,0.0025997312222069318,0.007378636859667914,0.0043653126172536316,1.0,0.06,20.0,1.0,6.613997633751252e-15,7.272448405469355e-15,6.635954441638935e-15,1.0,0.08,40.0,1.0,0.00016462266700147658,0.00033857546717226705,0.00020856930040560905,1.0,0.08,6.0,1.0,0.21695791847020537,0.22410896576775907,0.21714390229298217,0.0,0.12
02_asymmetric_left_mu_0p15:0008,02_asymmetric_left_mu_0p15,15.068999999999994,15.468999999999994,20.0,1.0,0.0033349474741241184,0.007378636859667914,0.004949779020114843,1.0,0.06,20.0,1.0,7.583831219967009e-15,8.487654033598105e-15,7.60876186925125e-15,1.0,0.08,40.0,1.0,0.00019339095072049754,0.00035118417187646856,0.0002359997093889684,1.0,0.08,6.0,1.0,0.2096948441259061,0.2197709134745815,0.20986268282316406,0.0,0.12
02_asymmetric_left_mu_0p15:0009,02_asymmetric_left_mu_0p15,15.268999999999993,15.668999999999993,20.0,1.0,0.0029673393481654416,0.007378636859667914,0.004666704757873693,1.0,0.06,20.0,1.0,8.709395002256175e-15,9.612288862616654e-15,8.738866504886848e-15,1.0,0.08,40.0,1.0,0.00018486918143994293,0.00034357752428568997,0.00022361466727057407,1.0,0.08,6.0,1.0,0.21049691787070224,0.21866778510842766,0.21060003684774697,0.0,0.12
02_asymmetric_left_mu_0p15:0010,02_asymmetric_left_mu_0p15,15.468999999999992,15.868999999999993,20.0,1.0,0.002967339348165521,0.007378636859667914,0.004666704757873786,1.0,0.06,20.0,1.0,9.99057256787293e-15,1.1105350501725903e-14,1.0020977097414618e-14,1.0,0.08,40.0,1.0,0.0001509508222534718,0.00027748654464498056,0.00017506588746303204,1.0,0.08,6.0,1.0,0.21172339710535504,0.21866778510842766,0.21179592142990641,0.0,0.12
02_asymmetric_left_mu_0p15:0011,02_asymmetric_left_mu_0p15,15.668999999999992,16.068999999999992,20.0,1.0,0.002599731222206919,0.007378636859667914,0.004365312617253615,1.0,0.06,20.0,1.0,1.1502131817112841e-14,1.2839795132312047e-14,1.1543943896841056e-14,1.0,0.08,40.0,1.0,0.00016333233605844987,0.0002992988469486045,0.00019111556155800501,1.0,0.08,6.0,1.0,0.21164984657920916,0.21424578096299585,0.2116687618855511,0.0,0.12
02_asymmetric_left_mu_0p15:0012,02_asymmetric_left_mu_0p15,15.868999999999991,16.26899999999999,20.0,1.0,0.0007616905924145393,0.0007616905924151146,0.002333465018447339,1.0,0.06,20.0,1.0,1.3280086891730597e-14,1.4713839715952712e-14,1.3323989512198337e-14,1.0,0.08,40.0,1.0,0.00018653238819593977,0.00032746441532778916,0.00022307730855149487,1.0,0.08,6.0,1.0,0.21501029357388776,0.22104850386426236,0.2150920745830842,0.0,0.12
02_asymmetric_left_mu_0p15:0013,02_asymmetric_left_mu_0p15,16.06899999999999,16.468999999999987,20.0,1.0,0.01026436452366656,0.03359955834884309,0.0179125900866682,1.0,0.06,20.0,1.0,1.7199652562618884e-14,2.322563109686251e-14,1.7603248412918217e-14,1.0,0.08,40.0,1.0,0.00017585524445667185,0.00029263445916746344,0.00021731301382805313,1.0,0.08,6.0,1.0,0.2389915721888778,0.2769897512466397,0.24065111773626005,0.0,0.12
02_asymmetric_left_mu_0p15:0014,02_asymmetric_left_mu_0p15,16.26899999999999,16.66899999999999,20.0,1.0,0.010274114739778567,0.03359955834884309,0.017912619790808784,1.0,0.06,20.0,1.0,2.397598729476185e-14,2.9145025411149495e-14,2.4399361351081972e-14,1.0,0.08,40.0,1.0,0.00014220618399655088,0.0002772211780093265,0.00017954097788998468,1.0,0.08,6.0,1.0,0.27980439735789925,0.30018462771807153,0.28080992800355387,0.0,0.12
02_asymmetric_left_mu_0p15:0015,02_asymmetric_left_mu_0p15,16.468999999999987,16.868999999999986,20.0,1.0,0.00025878924706506377,0.0010031593374572273,0.0005212565564838321,1.0,0.06,20.0,1.0,0.00096109611315775,0.00425558941754618,0.0022262971709995382,1.0,0.08,40.0,1.0,0.0010347061157177696,0.004324006709551808,0.0022513320908768924,1.0,0.08,6.0,1.0,0.30310039195717287,0.31000743573080103,0.303164361531541,0.0,0.12
02_asymmetric_left_mu_0p15:0016,02_asymmetric_left_mu_0p15,16.66899999999999,17.06899999999999,20.0,1.0,0.0006707059805116378,0.0016190732465814484,0.0009340109916903505,1.0,0.06,20.0,1.0,0.002939861924252901,0.007151857135641682,0.004102433694146145,1.0,0.08,40.0,1.0,0.0035370402462193045,0.009059833240115394,0.005966590288318457,1.0,0.08,6.0,1.0,0.306320979485095,0.31000743573080103,0.30633942578631057,0.0,0.12
02_asymmetric_left_mu_0p15:0017,02_asymmetric_left_mu_0p15,16.868999999999986,17.268999999999984,20.0,1.0,0.0004776745275643812,0.0016190732465814484,0.0007782939650095968,1.0,0.06,20.0,1.0,0.0022867496875743024,0.007151857135641682,0.0034732243273698916,1.0,0.08,40.0,1.0,0.002651812823869702,0.009059833240115394,0.005528707018424019,1.0,0.08,6.0,1.0,0.3005131294737216,0.3059032335849021,0.30054517397848624,0.0,0.12
02_asymmetric_left_mu_0p15:0018,02_asymmetric_left_mu_0p15,17.06899999999999,17.468999999999987,20.0,1.0,8.605986553960333e-05,8.664340566778561e-05,8.606227724301714e-05,1.0,0.06,20.0,1.0,0.000619418665448584,0.0006228757730759502,0.0006194411695780794,1.0,0.08,40.0,1.0,0.00016969359007623888,0.0003592284355892016,0.00020847763938853557,1.0,0.08,6.0,1.0,0.29978528947683664,0.3075026757242339,0.2998421101968491,0.0,0.12
02_asymmetric_left_mu_0p15:0019,02_asymmetric_left_mu_0p15,17.268999999999984,17.668999999999983,20.0,1.0,8.666863425335347e-05,8.679655932228859e-05,8.666870116710648e-05,1.0,0.06,20.0,1.0,0.0006228462712303644,0.0006228757730759502,0.0006228462718390885,1.0,0.08,40.0,1.0,0.00016509597307690633,0.00032577692149823845,0.00019941536255886993,1.0,0.08,6.0,1.0,0.3041407163663748,0.31067703790859347,0.30422262854916904,0.0,0.12
02_asymmetric_left_mu_0p15:0020,02_asymmetric_left_mu_0p15,17.468999999999987,17.868999999999986,20.0,1.0,8.686535994303357e-05,8.704933065348808e-05,8.686546233436651e-05,1.0,0.06,20.0,1.0,0.0006227724412830258,0.0006228409634105341,0.0006227724445758196,1.0,0.08,40.0,1.0,0.00018597592242167258,0.00036654973405072827,0.00022882604531348247,1.0,0.08,6.0,1.0,0.3086026412552481,0.31589005105160983,0.30867612952237744,0.0,0.12
02_asymmetric_left_mu_0p15:0021,02_asymmetric_left_mu_0p15,17.668999999999983,18.06899999999998,20.0,1.0,8.645464024962523e-05,8.718278264296386e-05,8.645830890837318e-05,1.0,0.06,20.0,1.0,0.000617961015352409,0.0006227649694781133,0.0006179866516293674,1.0,0.08,40.0,1.0,0.00020028112301012654,0.0004171415854609147,0.00025292295003608766,1.0,0.08,6.0,1.0,0.30649960349011546,0.31420173060249307,0.3066495641799141,0.0,0.12
02_asymmetric_left_mu_0p15:0022,02_asymmetric_left_mu_0p15,17.868999999999986,18.268999999999984,20.0,1.0,8.611836213913982e-05,8.679364555621017e-05,8.612106891919117e-05,1.0,0.06,20.0,1.0,0.0006175721998324068,0.0006225810932418075,0.0006175959435004563,1.0,0.08,40.0,1.0,0.00019177723931445992,0.0003740824701855358,0.00023484249840683455,1.0,0.08,6.0,1.0,0.3057419395314921,0.31189877890063766,0.30587032693871036,0.0,0.12
02_asymmetric_left_mu_0p15:0023,02_asymmetric_left_mu_0p15,18.06899999999998,18.46899999999998,20.0,1.0,0.01709407142667923,0.06559077777097105,0.033266640055543445,0.85,0.06,20.0,1.0,0.0499306153835176,0.22882740031124066,0.10359304463560258,0.8,0.08,40.0,1.0,0.013286167060686657,0.03869981769665911,0.02763469602714484,0.95,0.08,6.0,1.0,0.29862013216682,0.3115806510405893,0.2992779730658136,0.0,0.12
02_asymmetric_left_mu_0p15:0024,02_asymmetric_left_mu_0p15,18.268999999999984,18.668999999999983,20.0,1.0,0.023366383865480955,0.06559077777097105,0.03552665567716099,0.85,0.06,20.0,1.0,0.08451917409817436,0.22882740031124066,0.12257644324393809,0.6,0.08,40.0,1.0,0.018433351194224984,0.03869981769665911,0.029386085821091455,0.95,0.08,6.0,1.0,0.2517749585518604,0.303091287224904,0.25484032085742464,0.0,0.12
02_asymmetric_left_mu_0p15:0025,02_asymmetric_left_mu_0p15,18.46899999999998,18.86899999999998,20.0,1.0,0.008545256723845143,0.021708186903601993,0.012861635085140249,1.0,0.06,20.0,1.0,0.03509177631607892,0.1219998399723884,0.06552658876886405,0.8,0.08,40.0,1.0,0.005340403518447635,0.019771866382281133,0.009996170406678306,1.0,0.08,6.0,1.0,0.21125905678973722,0.22118560148973065,0.21144492382711416,0.0,0.12
02_asymmetric_left_mu_0p15:0026,02_asymmetric_left_mu_0p15,18.668999999999983,19.06899999999998,20.0,1.0,0.004459956209994712,0.004463086698539606,0.004459961250370894,1.0,0.06,20.0,1.0,0.0003814505246155772,0.00037975797776988176,0.0003827314961917115,1.0,0.08,40.0,1.0,0.00019369455539798783,0.0004021512995372512,0.00025386577834180885,1.0,0.08,6.0,1.0,0.20976296915103085,0.21745544899601088,0.20989254729594709,0.0,0.12
02_asymmetric_left_mu_0p15:0027,02_asymmetric_left_mu_0p15,18.86899999999998,19.268999999999977,20.0,1.0,0.004459524636107623,0.00446144775892709,0.004459524783726764,1.0,0.06,20.0,1.0,0.00038636201209126946,0.0004003940068531886,0.0003864761726961466,1.0,0.08,40.0,1.0,0.00018546462474309383,0.00034299612504403446,0.00022783411930326781,1.0,0.08,6.0,1.0,0.21210594596010668,0.21897105666293393,0.21219472425854743,0.0,0.12
02_asymmetric_left_mu_0p15:0028,02_asymmetric_left_mu_0p15,19.06899999999998,19.46899999999998,20.0,1.0,0.006986347867482988,0.014620981670556758,0.008695895889467432,1.0,0.06,20.0,1.0,0.025944697901544612,0.06184999425258698,0.07495521706335022,0.9,0.08,40.0,1.0,0.011262496857436907,0.04692445500611681,0.02619833939173246,0.975,0.08,6.0,1.0,0.20796141167274984,0.21695276342743058,0.2082533738231301,0.0,0.12
02_asymmetric_left_mu_0p15:0029,02_asymmetric_left_mu_0p15,19.268999999999977,19.668999999999976,20.0,1.0,0.016844939557214444,0.029345354041434516,0.019421207485302787,1.0,0.06,20.0,1.0,0.10643268221549562,0.24654290660268868,0.14351240443339336,0.45,0.08,40.0,1.0,0.01861811221935909,0.060662722766077024,0.03218288498200622,0.975,0.08,6.0,1.0,0.18447389086398377,0.2151218630672349,0.18611741565415155,0.0,0.12
02_asymmetric_left_mu_0p15:0030,02_asymmetric_left_mu_0p15,19.46899999999998,19.86899999999998,20.0,1.0,0.014013062425078455,0.029345354041434516,0.017930256533453856,1.0,0.06,20.0,1.0,0.09087400138605098,0.21233747266583894,0.12410431890492293,0.55,0.08,40.0,1.0,0.009770297127579161,0.03079731166326159,0.019266498020596233,1.0,0.08,7.0,1.0,0.15413423483107636,0.1762905522162616,0.1551497429621111,0.0,0.12
02_asymmetric_left_mu_0p15:0031,02_asymmetric_left_mu_0p15,19.668999999999976,20.068999999999974,20.0,1.0,0.004082049310914786,0.004480866500440317,0.004392502663585325,1.0,0.06,20.0,1.0,0.010365550070490734,0.036822794264360977,0.020599538658579643,1.0,0.08,40.0,1.0,0.0024208655669251517,0.00932850802078504,0.00467137213999656,1.0,0.08,7.0,1.0,0.1449620811833701,0.15966120078619658,0.14563491017376962,0.0,0.12
02_asymmetric_left_mu_0p15:0032,02_asymmetric_left_mu_0p15,19.86899999999998,20.268999999999977,20.0,1.0,0.0043141477771056844,0.004314635185736529,0.004314147788885308,1.0,0.06,20.0,1.0,0.0003610225675037812,0.0003724196331532176,0.0003611302700114634,1.0,0.08,40.0,1.0,0.0001909360461688242,0.0003294155303175257,0.00023959956454755292,1.0,0.08,6.0,1.0,0.14302916020342607,0.15297031986262297,0.14338237867823134,0.0,0.12
02_asymmetric_left_mu_0p15:0033,02_asymmetric_left_mu_0p15,20.068999999999974,20.468999999999973,20.0,1.0,0.004273278363697982,0.00431538433567123,0.004464498386456076,1.0,0.06,20.0,1.0,0.002274567207208378,0.0017634970178560486,0.006754435482583029,1.0,0.08,40.0,1.0,0.0018120691195944976,0.001751255087616161,0.005851151290827174,1.0,0.08,6.0,1.0,0.13920768294988975,0.15297031986262297,0.13979414348107003,0.0,0.12
02_asymmetric_left_mu_0p15:0034,02_asymmetric_left_mu_0p15,20.268999999999977,20.668999999999976,20.0,1.0,0.04262112331092883,0.12355606471110812,0.06622190113580866,0.7,0.06,20.0,1.0,0.12272118667036883,0.329576741428715,0.18543549866420633,0.6,0.08,40.0,1.0,0.028555318585955825,0.07943200968453032,0.04950440477076088,0.9,0.08,6.0,1.0,0.08480744441829335,0.13915152336574127,0.09993717102232773,0.5,0.12
02_asymmetric_left_mu_0p15:0035,02_asymmetric_left_mu_0p15,20.468999999999973,20.86899999999997,20.0,1.0,0.043759452800279444,0.12355606471110812,0.06658269682321744,0.7,0.06,20.0,1.0,0.13576829509484767,0.329576741428715,0.18869898626599463,0.5,0.08,40.0,1.0,0.03515989477310722,0.07943200968453032,0.052118810352561336,0.9,0.08,6.0,1.0,0.020701430556176303,0.04517608862014871,0.0297789936837425,1.0,0.12
02_asymmetric_left_mu_0p15:0036,02_asymmetric_left_mu_0p15,20.668999999999976,21.068999999999974,20.0,1.0,0.0032544173577249307,0.01176661012368038,0.007651143258466082,1.0,0.06,20.0,1.0,0.015137415807171673,0.054729727770641105,0.035588448773998145,0.9,0.08,40.0,1.0,0.00842206262224061,0.03152053873520606,0.017318177518585717,1.0,0.08,6.0,1.0,0.00630111197039727,0.011619841294383664,0.007727471477024479,1.0,0.12
02_asymmetric_left_mu_0p15:0037,02_asymmetric_left_mu_0p15,20.86899999999997,21.26899999999997,20.0,1.0,1.5900420990821566e-08,3.930189507173058e-13,7.110827839519056e-08,1.0,0.06,20.0,1.0,7.279922129300811e-08,2.0154817985502856e-12,3.2556511238680556e-07,1.0,0.08,40.0,1.0,0.00021729241534879174,0.0003950928063762287,0.00024869665720563054,1.0,0.08,6.0,1.0,0.005109293647764017,0.009568425531486697,0.0064067372701082405,1.0,0.12
02_asymmetric_left_mu_0p15:0038,02_asymmetric_left_mu_0p15,21.068999999999974,21.468999999999973,20.0,1.0,0.04242349147347675,0.17934019636492438,0.0869835701638689,0.8,0.06,20.0,1.0,0.06330179939265976,0.2412003822716801,0.12330950233992641,0.75,0.08,40.0,1.0,0.029050363525433852,0.10012271128350142,0.05681795543523559,0.825,0.08,6.0,1.0,0.042934230837407106,0.11995430630131473,0.07925871613418649,0.8333333333333334,0.12
02_asymmetric_left_mu_0p15:0039,02_asymmetric_left_mu_0p15,21.26899999999997,21.66899999999997,20.0,1.0,0.07611112843798984,0.17934019636492438,0.10135734061662041,0.55,0.06,20.0,1.0,0.20222559055714232,0.3688884401107904,0.2404059929046084,0.25,0.08,40.0,1.0,0.03985790246595523,0.1198981757144637,0.06434958510075466,0.775,0.08,6.0,1.0,0.15353903951225797,0.25363590924615326,0.1802130599272744,0.3333333333333333,0.12
02_asymmetric_left_mu_0p15:0040,02_asymmetric_left_mu_0p15,21.468999999999973,21.86899999999997,20.0,1.0,0.03650607150052935,0.08944625748717668,0.05239469359983938,0.75,0.06,20.0,1.0,0.15205622462508933,0.3688884401107904,0.20834915278412602,0.45,0.08,40.0,1.0,0.016373908344821157,0.03259829870442381,0.031819995838043964,0.95,0.08,6.0,1.0,0.24740212899228228,0.27862344103998793,0.2502245728783351,0.0,0.12
02_asymmetric_left_mu_0p15:0041,02_asymmetric_left_mu_0p15,21.66899999999997,22.068999999999967,20.0,1.0,0.0028565661199931535,0.010105244511904756,0.006167479796155451,1.0,0.06,20.0,1.0,0.013390631716309987,0.04693046647410492,0.028630311584252232,0.95,0.08,40.0,1.0,0.005529119208452777,0.01923278015389307,0.009995304081183804,1.0,0.08,6.0,1.0,0.2759523337145629,0.2890140479504334,0.27629461203797534,0.0,0.12
02_asymmetric_left_mu_0p15:0042,02_asymmetric_left_mu_0p15,21.86899999999997,22.26899999999997,20.0,1.0,7.632116376218024e-05,7.641472780422486e-05,7.632119432056882e-05,1.0,0.06,20.0,1.0,0.0005163685621441963,0.0005164090356672526,0.0005163685631715391,1.0,0.08,40.0,1.0,0.00016371813751748216,0.0003717370554721041,0.00020819402348432923,1.0,0.08,6.0,1.0,0.27781811731967015,0.2882695646908927,0.2779522297925239,0.0,0.12
02_asymmetric_left_mu_0p15:0043,02_asymmetric_left_mu_0p15,22.068999999999967,22.468999999999966,20.0,1.0,7.642964984004297e-05,7.664140707386858e-05,7.642996532079431e-05,1.0,0.06,20.0,1.0,0.0005151675386983053,0.0005163580488675215,0.0005151753963853086,1.0,0.08,40.0,1.0,0.00016811978443860494,0.0003753892178194778,0.00021987387974529654,1.0,0.08,6.0,1.0,0.2745068455936962,0.2811003035176207,0.27455852572441036,0.0,0.12
02_asymmetric_left_mu_0p15:0044,02_asymmetric_left_mu_0p15,22.26899999999997,22.66899999999997,20.0,1.0,7.579145493991357e-05,7.664140707386858e-05,7.579559832375827e-05,1.0,0.06,20.0,1.0,0.0005113007342285078,0.0005162717861619658,0.00051132847105164,1.0,0.08,40.0,1.0,0.00014986813313819003,0.00033150724875827514,0.00020181060074996447,1.0,0.08,6.0,1.0,0.2778134690402028,0.28169773660354225,0.2778380856583677,0.0,0.12
02_asymmetric_left_mu_0p15:0045,02_asymmetric_left_mu_0p15,22.468999999999966,22.868999999999964,20.0,1.0,7.56048214161753e-05,7.617214852744802e-05,7.56072271676348e-05,1.0,0.06,20.0,1.0,0.0005123903572864616,0.0005161797576661084,0.0005124183647267156,1.0,0.08,40.0,1.0,0.0001440673901070409,0.0002868291122671647,0.0001911141340845288,1.0,0.08,6.0,1.0,0.27546868665232616,0.2805694363748092,0.2755071173007642,0.0,0.12
02_asymmetric_left_mu_0p15:0046,02_asymmetric_left_mu_0p15,22.66899999999997,23.068999999999967,20.0,1.0,7.618617055574484e-05,7.62935919015828e-05,7.618623303174232e-05,1.0,0.06,20.0,1.0,0.0005161596162486744,0.0005161797576661084,0.0005161596165534604,1.0,0.08,40.0,1.0,0.00018165483439783742,0.0003928213387861976,0.00023144398548741055,1.0,0.08,6.0,1.0,0.27830717935912047,0.2876846767824349,0.27841105966593516,0.0,0.12
02_asymmetric_left_mu_0p15:0047,02_asymmetric_left_mu_0p15,22.868999999999964,23.268999999999963,20.0,1.0,7.632015552268834e-05,7.640564911974846e-05,7.632018236047022e-05,1.0,0.06,20.0,1.0,0.0005161191621749993,0.000516157731161583,0.000516119163078842,1.0,0.08,40.0,1.0,0.00020231859345209508,0.00046095162573909365,0.00025279299784642235,1.0,0.08,6.0,1.0,0.2854603896247853,0.29093867167327847,0.28550308722334583,0.0,0.12
02_asymmetric_left_mu_0p15:0048,02_asymmetric_left_mu_0p15,23.068999999999967,23.468999999999966,20.0,1.0,7.64992030450412e-05,7.671856164377377e-05,7.6499396407125e-05,1.0,0.06,20.0,1.0,0.0005159655085928646,0.000516108464157034,0.0005159656239160816,1.0,0.08,40.0,1.0,0.00016876709644269037,0.0003198283204488257,0.00020879577273764702,1.0,0.08,6.0,1.0,0.28540861766221987,0.2956972649586336,0.2855193057134155,0.0,0.12
02_asymmetric_left_mu_0p15:0049,02_asymmetric_left_mu_0p15,23.268999999999963,23.66899999999996,20.0,1.0,7.589323460484854e-05,7.671856164377377e-05,7.589827067598083e-05,1.0,0.06,20.0,1.0,0.0005110700146875036,0.0005160392726991481,0.0005110975815521697,1.0,0.08,40.0,1.0,0.0001576641393275944,0.0003106010057508222,0.00019573874828652615,1.0,0.08,6.0,1.0,0.28393345615088816,0.2984977816666625,0.2841351842578844,0.0,0.12
02_asymmetric_left_mu_0p15:0050,02_asymmetric_left_mu_0p15,23.468999999999966,23.868999999999964,20.0,1.0,7.560350855719545e-05,7.61757089201287e-05,7.560629165603197e-05,1.0,0.06,20.0,1.0,0.0005110930274113523,0.0005159159166896193,0.0005111207094830568,1.0,0.08,40.0,1.0,0.00017832789113636082,0.0003155822544381541,0.000211336775421718,1.0,0.08,6.0,1.0,0.2808923253831084,0.29100937526104165,0.28103501211360754,0.0,0.12
02_asymmetric_left_mu_0p15:0051,02_asymmetric_left_mu_0p15,23.66899999999996,24.06899999999996,20.0,1.0,7.615504857419742e-05,7.6296841858281e-05,7.615519326368887e-05,1.0,0.06,20.0,1.0,0.0005158885229703345,0.0005159159166896193,0.0005158885247110847,1.0,0.08,40.0,1.0,0.00016153390732627065,0.00030720294110162585,0.00019105778343732276,1.0,0.08,6.0,1.0,0.2823410117099885,0.289292578926285,0.2824001720542417,0.0,0.12
02_asymmetric_left_mu_0p15:0052,02_asymmetric_left_mu_0p15,23.868999999999964,24.268999999999963,20.0,1.0,7.632030678108026e-05,7.640270526445558e-05,7.632033322728038e-05,1.0,0.06,20.0,1.0,0.0005158681032557089,0.000515904131239061,0.0005158681040442487,1.0,0.08,40.0,1.0,0.00016897534942537473,0.0003180785342902488,0.0002129449548016404,1.0,0.08,6.0,1.0,0.2850139261618327,0.2896025837658349,0.2850771613521672,0.0,0.12
02_asymmetric_left_mu_0p15:0053,02_asymmetric_left_mu_0p15,24.06899999999996,24.46899999999996,20.0,1.0,7.645902075870126e-05,7.660635325572596e-05,7.64590929530813e-05,1.0,0.06,20.0,1.0,0.000515803505726895,0.0005158579427028175,0.0005158035081530566,1.0,0.08,40.0,1.0,0.0001686963798955526,0.00035922757438124406,0.00021480772626941214,1.0,0.08,6.0,1.0,0.28056996056279476,0.28916353544270335,0.2806398498090768,0.0,0.12
02_asymmetric_left_mu_0p15:0054,02_asymmetric_left_mu_0p15,24.268999999999963,24.66899999999996,20.0,1.0,7.609043989007525e-05,7.671636167266293e-05,7.60943922221996e-05,1.0,0.06,20.0,1.0,0.00051145123731829,0.0005157969741461073,0.0005114810113095536,1.0,0.08,40.0,1.0,0.00016733317044772874,0.00035853013803638356,0.000211342959510004,1.0,0.08,6.0,1.0,0.27542417215230924,0.2803153698764567,0.2754643108594955,0.0,0.12
02_asymmetric_left_mu_0p15:0055,02_asymmetric_left_mu_0p15,24.46899999999996,24.868999999999957,20.0,1.0,0.00011494137315911369,0.00020265731677193165,0.00015017033483941055,1.0,0.06,20.0,1.0,0.0007018785564184039,0.001142008948361933,0.000844505376727771,1.0,0.08,40.0,1.0,0.00030974728976324625,0.0007397910654188408,0.0004808221131918826,1.0,0.08,6.0,1.0,0.27237555178086886,0.2799340858121663,0.27244476806127454,0.0,0.12
02_asymmetric_left_mu_0p15:0056,02_asymmetric_left_mu_0p15,24.66899999999996,25.06899999999996,20.0,1.0,0.00024987759351648706,0.0005360512362567794,0.000317506305334547,1.0,0.06,20.0,1.0,0.0013290072859263517,0.0026904001762974488,0.0016288277765370645,1.0,0.08,40.0,1.0,0.0010970470539544632,0.002375925128963437,0.0019526554417648914,1.0,0.08,6.0,1.0,0.27185287776620776,0.2778926745447162,0.27189598438883356,0.0,0.12
02_asymmetric_left_mu_0p15:0057,02_asymmetric_left_mu_0p15,24.868999999999957,25.268999999999956,20.0,1.0,0.010163034214900137,0.043106232444389075,0.020801403498514535,0.95,0.06,20.0,1.0,0.029572342632580795,0.10450454114823002,0.06565533490749961,0.85,0.08,40.0,1.0,0.01654570716090704,0.07916413347495409,0.035518966775188426,0.9,0.08,6.0,1.0,0.26273290891861706,0.27591047187787665,0.26345923432439583,0.0,0.12
02_asymmetric_left_mu_0p15:0058,02_asymmetric_left_mu_0p15,25.06899999999996,25.46899999999996,20.0,1.0,0.012795525705680513,0.043106232444389075,0.022230582808310077,0.95,0.06,20.0,1.0,0.05336514619566046,0.12935898322739875,0.07746596303959491,0.75,0.08,40.0,1.0,0.026771240386295934,0.08528131205038685,0.04600730026377852,0.85,0.08,6.0,1.0,0.21830715782953955,0.26810333726457336,0.22154159183904606,0.0,0.12
02_asymmetric_left_mu_0p15:0059,02_asymmetric_left_mu_0p15,25.268999999999956,25.668999999999954,20.0,1.0,0.0028519252272673256,0.008105136444285913,0.00784766859974034,1.0,0.06,20.0,1.0,0.04006445419733483,0.060791290668652305,0.04654227931955964,0.9,0.08,40.0,1.0,0.01117782674786675,0.0440459007047233,0.029303536749460384,0.95,0.08,6.0,1.0,0.18071350329132044,0.1877222103039405,0.18084120691575817,0.0,0.12
02_asymmetric_left_mu_0p15:0060,02_asymmetric_left_mu_0p15,25.46899999999996,25.868999999999957,20.0,1.0,9.424473489107882e-05,9.562031889644718e-05,9.425029323742288e-05,1.0,0.06,20.0,1.0,0.030785833148601262,0.03079163262811386,0.030785833482566017,1.0,0.08,40.0,1.0,0.0001477345573161995,0.0002918576429995656,0.00017413369709029598,1.0,0.08,6.0,1.0,0.18761690692672664,0.20372865905825535,0.18814988553056164,0.0,0.12
02_asymmetric_left_mu_0p15:0061,02_asymmetric_left_mu_0p15,25.668999999999954,26.068999999999953,20.0,1.0,9.612766477122003e-05,9.766737447139962e-05,9.613452813674701e-05,1.0,0.06,20.0,1.0,0.03079298691970337,0.030797714924312387,0.03079298714508011,1.0,0.08,40.0,1.0,0.0001662627468621905,0.00030220789738590325,0.00019692117230736032,1.0,0.08,6.0,1.0,0.20765003669734325,0.22401500096883709,0.20814507597106324,0.0,0.12
02_asymmetric_left_mu_0p15:0062,02_asymmetric_left_mu_0p15,25.868999999999957,26.268999999999956,20.0,1.0,9.82237224801702e-05,9.992126227885145e-05,9.823192214227918e-05,1.0,0.06,20.0,1.0,0.030798722425820813,0.03080235988007554,0.03079872256256771,1.0,0.08,40.0,1.0,0.0001724556063637389,0.0003362392023112726,0.00021103395159592346,1.0,0.08,6.0,1.0,0.21542074726886815,0.22910131351072122,0.21572959391007135,0.0,0.12
02_asymmetric_left_mu_0p15:0063,02_asymmetric_left_mu_0p15,26.068999999999953,26.46899999999995,20.0,1.0,0.00010052436282990546,0.00010237281334267434,0.00010053389677577236,1.0,0.06,20.0,1.0,0.030803016516133007,0.03080554869506331,0.03080301658560441,1.0,0.08,40.0,1.0,0.00015175382280529365,0.0003272389710862745,0.0001935268253771399,1.0,0.08,7.0,1.0,0.22163448335366256,0.24551635461046262,0.2223680530569848,0.0,0.12
02_asymmetric_left_mu_0p15:0064,02_asymmetric_left_mu_0p15,26.268999999999956,26.668999999999954,20.0,1.0,0.0001472608035805553,0.00018186518008673526,0.0002169312047514913,1.0,0.06,20.0,1.0,0.030383057542084157,0.03080641340597512,0.03040050552694285,1.0,0.08,40.0,1.0,0.0004462234431594797,0.0011520069235279992,0.0009277035674747532,1.0,0.08,7.0,1.0,0.20513804204193847,0.24551635461046262,0.2074304018607117,0.0,0.12
02_asymmetric_left_mu_0p15:0065,02_asymmetric_left_mu_0p15,26.46899999999995,26.86899999999995,20.0,1.0,0.0021191598971296716,0.005713250902654388,0.003115958995434969,1.0,0.06,20.0,1.0,0.020639301492683934,0.03080641340597512,0.02337571625248675,1.0,0.08,40.0,1.0,0.0011105771844369242,0.0027514607258219423,0.0015874420057908332,1.0,0.08,6.0,1.0,0.1605968179476382,0.1833476361358981,0.16154549448737118,0.0,0.12
02_asymmetric_left_mu_0p15:0066,02_asymmetric_left_mu_0p15,26.668999999999954,27.068999999999953,20.0,1.0,0.005393829790923245,0.00693763285474702,0.005693191221163746,1.0,0.06,20.0,1.0,0.03390652800161208,0.1010595324516787,0.07262822008159259,0.85,0.08,40.0,1.0,0.025867369090370178,0.09796971310898078,0.06552695621686208,0.875,0.08,6.0,1.0,0.12779621517635628,0.14958800131931527,0.13194317038009842,0.16666666666666666,0.12
02_asymmetric_left_mu_0p15:0067,02_asymmetric_left_mu_0p15,26.86899999999995,27.26899999999995,20.0,1.0,0.006623893527875081,0.00693763285474702,0.0066272252251551615,1.0,0.06,20.0,1.0,0.0744777526082792,0.2553547568139401,0.12899438861196902,0.65,0.08,40.0,1.0,0.05665961582067332,0.17105369491990766,0.0952532910926546,0.7,0.08,6.0,1.0,0.10730943343919856,0.14241383200634405,0.11270706535178099,0.5,0.12
02_asymmetric_left_mu_0p15:0068,02_asymmetric_left_mu_0p15,27.068999999999953,27.46899999999995,20.0,1.0,0.00656153606416846,0.006621366837702453,0.006562784380790841,1.0,0.06,20.0,1.0,0.04652407916456065,0.17873335166731155,0.10705871444355974,0.8,0.08,40.0,1.0,0.031588481459040293,0.14457772394355847,0.06914544908068213,0.825,0.08,6.0,1.0,0.08456664011781194,0.14630598026553693,0.09884394065698715,0.6666666666666666,0.12
02_asymmetric_left_mu_0p15:0069,02_asymmetric_left_mu_0p15,27.26899999999995,27.668999999999947,20.0,1.0,0.006617691469050511,0.006618068333755595,0.006617691476478944,1.0,0.06,20.0,1.0,0.0005748782551225851,0.0005955784482350012,0.0005750903426837211,1.0,0.08,40.0,1.0,0.0001422027628251485,0.00025488343588659924,0.00016677417018925214,1.0,0.08,6.0,1.0,0.046727483775414906,0.10085929585224142,0.06692368206173645,0.8333333333333334,0.12
02_asymmetric_left_mu_0p15:0070,02_asymmetric_left_mu_0p15,27.46899999999995,27.86899999999995,20.0,1.0,0.006618095961425987,0.006618267516918239,0.006618095963372633,1.0,0.06,20.0,1.0,0.0005483032451506692,0.000568244981262811,0.0005485091983962494,1.0,0.08,40.0,1.0,0.00016676622323087142,0.0003122225182806804,0.00020051762025150602,1.0,0.08,6.0,1.0,0.0495797349069055,0.07209908112495725,0.05585325019239954,1.0,0.12
02_asymmetric_left_mu_0p15:0071,02_asymmetric_left_mu_0p15,27.668999999999947,28.068999999999946,20.0,1.0,0.006618229971657584,0.006618272502940672,0.006618229971779691,1.0,0.06,20.0,1.0,0.0005228112536877549,0.000541896788611318,0.0005230086674103884,1.0,0.08,40.0,1.0,0.00016989220607244033,0.0003267435613567794,0.00021139049489722053,1.0,0.08,6.0,1.0,0.04368903534668661,0.07209908112495725,0.05123681637164746,1.0,0.12
02_asymmetric_left_mu_0p15:0072,02_asymmetric_left_mu_0p15,27.86899999999995,28.26899999999995,20.0,1.0,0.006618092900593361,0.006618266771996148,0.006618092902581102,1.0,0.06,20.0,1.0,0.0004985271914822092,0.000516663022930236,0.0004987136827946711,1.0,0.08,40.0,1.0,0.00015279390291754596,0.00035722740321800234,0.00019698965019034374,1.0,0.08,6.0,1.0,0.019213590491528265,0.03571385302245035,0.023531761927642544,1.0,0.12
02_asymmetric_left_mu_0p15:0073,02_asymmetric_left_mu_0p15,28.068999999999946,28.468999999999944,20.0,1.0,0.006617685477203766,0.006618064526204018,0.006617685484708923,1.0,0.06,20.0,1.0,0.00047556999954764535,0.000492667312680356,0.00047574328243837335,1.0,0.08,40.0,1.0,0.00014901542767089271,0.00030709225589918847,0.0001915617964109936,1.0,0.08,6.0,1.0,0.026792262268835087,0.0470984237609559,0.03126606760227863,1.0,0.12
02_asymmetric_left_mu_0p15:0074,02_asymmetric_left_mu_0p15,28.26899999999995,28.668999999999947,20.0,1.0,0.006617009753588289,0.006617592080886936,0.006617009770153749,1.0,0.06,20.0,1.0,0.0004540520751418281,0.0004700271738614481,0.00045421004918218673,1.0,0.08,40.0,1.0,0.0001456536345068385,0.00023810509870135222,0.00018033391691358965,1.0,0.08,6.0,1.0,0.04121665496626028,0.06645952941604957,0.04620904952580551,1.0,0.12
02_asymmetric_left_mu_0p15:0075,02_asymmetric_left_mu_0p15,28.468999999999944,28.868999999999943,20.0,1.0,0.00980350153031874,0.014787660244341078,0.013187459117844753,1.0,0.06,20.0,1.0,0.0039580331063403165,0.004777204128548986,0.011822541042454195,1.0,0.08,40.0,1.0,0.0031583648570878376,0.004248038072024269,0.010245074087288338,1.0,0.08,6.0,1.0,0.03632664043149783,0.05926988531918293,0.04247836022755857,1.0,0.12
02_asymmetric_left_mu_0p15:0076,02_asymmetric_left_mu_0p15,28.668999999999947,29.068999999999946,20.0,1.0,0.022381516564689213,0.06473501366811116,0.03447589996679784,0.85,0.06,20.0,1.0,0.040829337334482796,0.128506329796568,0.07454348039593797,0.75,0.08,40.0,1.0,0.030133394911662014,0.10274706880281549,0.051771943666271004,0.8,0.08,6.0,1.0,0.022151915005665785,0.040758915842466666,0.027677058839874254,1.0,0.12
03_rough_h0p008_spacing0p45:0000,03_rough_h0p008_spacing0p45,15.583,15.983,20.0,1.0,0.027336984398928187,0.08246001835934987,0.047744780545104885,0.8,0.06,20.0,1.0,1.6651969994847558e-15,4.429706282124624e-15,2.3745144584065964e-15,1.0,0.08,40.0,1.0,0.00015623852418881592,0.0003611618530766716,0.00020476395595509677,1.0,0.08,6.0,1.0,0.18400474667062808,0.20902153854516797,0.18713279597960988,0.16666666666666666,0.12
03_rough_h0p008_spacing0p45:0001,03_rough_h0p008_spacing0p45,15.783,16.183,20.0,1.0,0.0014969082614197631,0.007378639065120965,0.003299912903027374,1.0,0.06,20.0,1.0,5.750280018449984e-16,6.243066717639699e-16,5.7889955880769845e-16,1.0,0.08,40.0,1.0,0.0001604646735397914,0.00033830035031134133,0.00020496060723599078,1.0,0.08,6.0,1.0,0.20978229809923923,0.21700372070950394,0.20986358479575387,0.0,0.12
03_rough_h0p008_spacing0p45:0002,03_rough_h0p008_spacing0p45,15.982999999999999,16.383,20.0,1.0,2.647453757637225e-05,2.647484064848271e-05,2.6474537577163774e-05,1.0,0.06,20.0,1.0,6.604184118073966e-16,7.333809938051279e-16,6.620410853058046e-16,1.0,0.08,40.0,1.0,0.00017306217821814882,0.00035359984540990247,0.00020906139977646163,1.0,0.08,6.0,1.0,0.2107647567646228,0.21700372070950394,0.21084373386571298,0.0,0.12
03_rough_h0p008_spacing0p45:0003,03_rough_h0p008_spacing0p45,16.183,16.583,20.0,1.0,2.647436670533965e-05,2.647440731061712e-05,2.647436670535385e-05,1.0,0.06,20.0,1.0,7.39468493297159e-16,8.143962405339957e-16,7.41347325108402e-16,1.0,0.08,40.0,1.0,0.00015184875947407678,0.0002968094364541907,0.00018075093719312392,1.0,0.08,6.0,1.0,0.20833089001785784,0.21344484731043048,0.20839517639432198,0.0,0.12
03_rough_h0p008_spacing0p45:0004,03_rough_h0p008_spacing0p45,16.382999999999996,16.782999999999994,20.0,1.0,2.6474343814889e-05,2.6474349253291507e-05,2.6474343814889256e-05,1.0,0.06,20.0,1.0,8.356190454363367e-16,9.203377287329437e-16,8.382563911464739e-16,1.0,0.08,40.0,1.0,0.00015988858071428128,0.00033602965878465726,0.000194681442078687,1.0,0.08,6.0,1.0,0.21059469743051226,0.2164209285653939,0.21067993242363106,0.0,0.12
03_rough_h0p008_spacing0p45:0005,03_rough_h0p008_spacing0p45,16.583,16.982999999999997,20.0,1.0,2.647434080586958e-05,2.6474341486454332e-05,2.6474340805869583e-05,1.0,0.06,20.0,1.0,9.60676712750257e-16,1.0646042315814251e-15,9.63783245718434e-16,1.0,0.08,40.0,1.0,0.0001579891659556972,0.0003055030361213087,0.00019043802729241504,1.0,0.08,6.0,1.0,0.21365432927662717,0.21841459811503966,0.21371115803263907,0.0,0.12
03_rough_h0p008_spacing0p45:0006,03_rough_h0p008_spacing0p45,16.782999999999994,17.182999999999993,20.0,1.0,2.6474340499445247e-05,2.647434049896924e-05,2.647434049944525e-05,1.0,0.06,20.0,1.0,1.0969773180987794e-15,1.2098179830585336e-15,1.099991292337658e-15,1.0,0.08,40.0,1.0,0.00015777086182914755,0.0002636718820674664,0.00021080081326139716,1.0,0.08,6.0,1.0,0.21568404809014327,0.22334032326841013,0.21579381519320387,0.0,0.12
03_rough_h0p008_spacing0p45:0007,03_rough_h0p008_spacing0p45,16.982999999999997,17.382999999999996,20.0,1.0,2.647434049766334e-05,2.6474340498405802e-05,2.647434049766334e-05,1.0,0.06,20.0,1.0,1.2642923488542668e-15,1.4114184412527824e-15,1.2693109754032573e-15,1.0,0.08,40.0,1.0,0.00016468894970673515,0.0002872053740743062,0.00021714921456691613,1.0,0.08,6.0,1.0,0.21826521020580755,0.22812789219899243,0.21838692327879894,0.0,0.12
03_rough_h0p008_spacing0p45:0008,03_rough_h0p008_spacing0p45,17.182999999999993,17.58299999999999,20.0,1.0,2.6474340497584237e-05,2.6474340498405802e-05,2.6474340497584237e-05,1.0,0.06,20.0,1.0,1.463256284273778e-15,1.6194012618123289e-15,1.4677898002273106e-15,1.0,0.08,40.0,1.0,0.00014801756900659636,0.000265782017760539,0.00018096622729248576,1.0,0.08,6.0,1.0,0.21701186364767397,0.22333892526986426,0.21708314813805488,0.0,0.12
03_rough_h0p008_spacing0p45:0009,03_rough_h0p008_spacing0p45,17.382999999999996,17.782999999999994,20.0,1.0,2.6474340497772973e-05,2.6474340498527927e-05,2.6474340497772977e-05,1.0,0.06,20.0,1.0,1.673416018518242e-15,1.837441942843077e-15,1.678297048637162e-15,1.0,0.08,40.0,1.0,0.0001258956052330457,0.0002600923501449283,0.00015951174130469033,1.0,0.08,6.0,1.0,0.2139376306977172,0.2197263490930562,0.21400224836684473,0.0,0.12
03_rough_h0p008_spacing0p45:0010,03_rough_h0p008_spacing0p45,17.58299999999999,17.98299999999999,20.0,1.0,2.6474340497879835e-05,2.6474340498416905e-05,2.6474340497879835e-05,1.0,0.06,20.0,1.0,1.9218776931236005e-15,2.130957675584926e-15,1.9282048688660676e-15,1.0,0.08,40.0,1.0,0.00012522015897804275,0.0002488934843102249,0.0001560418561609031,1.0,0.08,6.0,1.0,0.21789587785757794,0.22407480168213445,0.21800928621898064,0.0,0.12
03_rough_h0p008_spacing0p45:0011,03_rough_h0p008_spacing0p45,17.782999999999994,18.182999999999993,20.0,1.0,2.6474340497556482e-05,2.6474340498330863e-05,2.6474340497556482e-05,1.0,0.06,20.0,1.0,2.21512793100901e-15,2.455230606491159e-15,2.222370123972408e-15,1.0,0.08,40.0,1.0,0.00016656755414660833,0.00032976902533662597,0.00019737342954949665,1.0,0.08,6.0,1.0,0.2218418133006869,0.2265646491478866,0.22187204325983506,0.0,0.12
03_rough_h0p008_spacing0p45:0012,03_rough_h0p008_spacing0p45,17.98299999999999,18.38299999999999,20.0,1.0,2.647434049766195e-05,2.6474340498330863e-05,2.647434049766195e-05,1.0,0.06,20.0,1.0,2.539127601194242e-15,2.7929139198896655e-15,2.5465841018730466e-15,1.0,0.08,40.0,1.0,0.00018650526228246306,0.00033409041812140696,0.0002123404361586774,1.0,0.08,6.0,1.0,0.21445399589557781,0.2224838661987424,0.21460030339286032,0.0,0.12
03_rough_h0p008_spacing0p45:0013,03_rough_h0p008_spacing0p45,18.182999999999993,18.58299999999999,20.0,1.0,2.6474340497581462e-05,2.6474340498405802e-05,2.6474340497581462e-05,1.0,0.06,20.0,1.0,2.909997555116849e-15,3.2217616462304268e-15,2.919138451525838e-15,1.0,0.08,40.0,1.0,0.0001499725868291413,0.0003065219557524289,0.0001815252722631646,1.0,0.08,6.0,1.0,0.21070276782806466,0.2182608699030968,0.210804376447975,0.0,0.12
03_rough_h0p008_spacing0p45:0014,03_rough_h0p008_spacing0p45,18.38299999999999,18.782999999999987,20.0,1.0,2.647434049763281e-05,2.6474340498405802e-05,2.647434049763281e-05,1.0,0.06,20.0,1.0,3.3380050575274276e-15,3.6895668948867e-15,3.3481603246575854e-15,1.0,0.08,40.0,1.0,0.00013977672842556844,0.0003160778469305924,0.00017628957593928812,1.0,0.08,6.0,1.0,0.21337614153652995,0.21841406614371026,0.21343930719810114,0.0,0.12
03_rough_h0p008_spacing0p45:0015,03_rough_h0p008_spacing0p45,18.58299999999999,18.98299999999999,20.0,1.0,2.6474340497745218e-05,2.6474340498330863e-05,2.6474340497745218e-05,1.0,0.06,20.0,1.0,3.823949614140191e-15,4.234451279918982e-15,3.835815783400664e-15,1.0,0.08,40.0,1.0,0.00016840569962873206,0.00033628689440421403,0.0001995926451753807,1.0,0.08,6.0,1.0,0.21391512830852252,0.21866284034165862,0.21397485934013233,0.0,0.12
03_rough_h0p008_spacing0p45:0016,03_rough_h0p008_spacing0p45,18.782999999999987,19.182999999999986,20.0,1.0,2.647434049754399e-05,2.6474340498330863e-05,2.6474340497543993e-05,1.0,0.06,20.0,1.0,4.3825087808708375e-15,4.848632797308715e-15,4.3961455872874594e-15,1.0,0.08,40.0,1.0,0.00017391085292753797,0.0002891200611010796,0.00019425315780911793,1.0,0.08,6.0,1.0,0.2131345155482718,0.21866284034165862,0.2131904611011906,0.0,0.12
03_rough_h0p008_spacing0p45:0017,03_rough_h0p008_spacing0p45,18.98299999999999,19.38299999999999,20.0,1.0,2.6474340497649462e-05,2.6474340498330863e-05,2.6474340497649466e-05,1.0,0.06,20.0,1.0,5.027348957892749e-15,5.564553518746204e-15,5.043204593438978e-15,1.0,0.08,40.0,1.0,0.00018404966503076948,0.00031626396652389223,0.00020816669630382856,1.0,0.08,6.0,1.0,0.2162583419653353,0.2232428194743708,0.2163232248621462,0.0,0.12
03_rough_h0p008_spacing0p45:0018,03_rough_h0p008_spacing0p45,19.182999999999986,19.582999999999984,20.0,1.0,2.647434049757591e-05,2.6474340498405802e-05,2.647434049757591e-05,1.0,0.06,20.0,1.0,5.764971833763345e-15,6.3627716201714774e-15,5.782425088252443e-15,1.0,0.08,40.0,1.0,0.00018333620696332208,0.00034251284218963677,0.00021671020291969348,1.0,0.08,6.0,1.0,0.21588097746687948,0.2232428194743708,0.21595889444804225,0.0,0.12
03_rough_h0p008_spacing0p45:0019,03_rough_h0p008_spacing0p45,19.38299999999999,19.782999999999987,20.0,1.0,2.6474340497634195e-05,2.6474340498405802e-05,2.64743404976342e-05,1.0,0.06,20.0,1.0,6.5989282729697785e-15,7.29912221315711e-15,6.618815475717809e-15,1.0,0.08,40.0,1.0,0.00014969411703176204,0.00029481082439332434,0.00018188799370776808,1.0,0.08,6.0,1.0,0.21293378634771645,0.21658983533981335,0.21296396088466304,0.0,0.12
03_rough_h0p008_spacing0p45:0020,03_rough_h0p008_spacing0p45,19.582999999999984,19.982999999999983,20.0,1.0,2.647434049775077e-05,2.6474340498330863e-05,2.647434049775077e-05,1.0,0.06,20.0,1.0,7.563584701393117e-15,8.374444785671075e-15,7.587585259953656e-15,1.0,0.08,40.0,1.0,0.00014116261840863573,0.00027300749397606136,0.0001749725512530045,1.0,0.08,6.0,1.0,0.21702214023623678,0.22037537449301722,0.21705125018567054,0.0,0.12
03_rough_h0p008_spacing0p45:0021,03_rough_h0p008_spacing0p45,19.782999999999987,20.182999999999986,20.0,1.0,2.6474340497553707e-05,2.6474340498330863e-05,2.6474340497553707e-05,1.0,0.06,20.0,1.0,8.686696195495098e-15,9.616868839790882e-15,8.714319102144563e-15,1.0,0.08,40.0,1.0,0.00016644546303597527,0.000321815287190105,0.0002057880310504579,1.0,0.08,6.0,1.0,0.2176168285817823,0.22195554781713306,0.21765628466853584,0.0,0.12
03_rough_h0p008_spacing0p45:0022,03_rough_h0p008_spacing0p45,19.982999999999983,20.38299999999998,20.0,1.0,2.6474340497659176e-05,2.6474340498330863e-05,2.6474340497659176e-05,1.0,0.06,20.0,1.0,9.96233549589505e-15,1.1010453730618539e-14,9.992849651357071e-15,1.0,0.08,40.0,1.0,0.000168116900912566,0.0002997108097356383,0.00019939917808919162,1.0,0.08,6.0,1.0,0.21513889700668073,0.22088365995367157,0.21518655499318426,0.0,0.12
03_rough_h0p008_spacing0p45:0023,03_rough_h0p008_spacing0p45,20.182999999999986,20.582999999999984,20.0,1.0,2.6474340497578684e-05,2.6474340498405802e-05,2.6474340497578684e-05,1.0,0.06,20.0,1.0,1.143259182860523e-14,1.2669153482826046e-14,1.1469277610722606e-14,1.0,0.08,40.0,1.0,0.0001756730450964826,0.0002982832782052887,0.00020591971539603618,1.0,0.08,6.0,1.0,0.21639422484136286,0.22268579088222978,0.2164570982219744,0.0,0.12
03_rough_h0p008_spacing0p45:0024,03_rough_h0p008_spacing0p45,20.38299999999998,20.78299999999998,20.0,1.0,0.0010192190386526996,0.0011763645762905518,0.0033172459214190495,1.0,0.06,20.0,1.0,1.3233350373010983e-14,1.4724923236668937e-14,1.3290721260730902e-14,1.0,0.08,40.0,1.0,0.00017220586450611267,0.00028982269176340883,0.00020339773764347426,1.0,0.08,6.0,1.0,0.21558391678012892,0.2216433691532236,0.2156523697793372,0.0,0.12
03_rough_h0p008_spacing0p45:0025,03_rough_h0p008_spacing0p45,20.582999999999984,20.982999999999983,20.0,1.0,0.010354975897271992,0.03567390360070484,0.018156817543193256,1.0,0.06,20.0,1.0,1.8000930044143118e-14,2.417921819937835e-14,1.849157434284125e-14,1.0,0.08,40.0,1.0,0.00012632098717253742,0.0002651644446648837,0.00015709511220302755,1.0,0.08,6.0,1.0,0.2412838174226358,0.2927550347312252,0.24434696017520127,0.0,0.12
03_rough_h0p008_spacing0p45:0026,03_rough_h0p008_spacing0p45,20.78299999999998,21.18299999999998,20.0,1.0,0.00936752319857664,0.03567390360070484,0.01785124477170294,1.0,0.06,20.0,1.0,2.480364126403054e-14,2.921341143278895e-14,2.5079414994840578e-14,1.0,0.08,40.0,1.0,0.0001419825449775585,0.00031220767633035305,0.00017899146425041224,1.0,0.08,6.0,1.0,0.2884592458808523,0.3155714693005379,0.29033728497688954,0.0,0.12
03_rough_h0p008_spacing0p45:0027,03_rough_h0p008_spacing0p45,20.982999999999983,21.38299999999998,20.0,1.0,3.7058339828957566e-05,3.7058340379453325e-05,3.7058339828957566e-05,1.0,0.06,20.0,1.0,3.0789642845868565e-14,3.5412224579980384e-14,3.0977050579125124e-14,1.0,0.08,40.0,1.0,0.00016122241824924802,0.00029980197058644676,0.00019826551653824012,1.0,0.08,6.0,1.0,0.30744430509153614,0.316413393145901,0.3076357937743901,0.0,0.12
03_rough_h0p008_spacing0p45:0028,03_rough_h0p008_spacing0p45,21.18299999999998,21.582999999999977,20.0,1.0,0.000951220297871963,0.003863362881905687,0.001953148098426634,1.0,0.06,20.0,1.0,7.773960951058182e-08,3.057365870275425e-07,1.608986814656722e-07,1.0,0.08,40.0,1.0,0.0001341148607731779,0.00027118788042660645,0.00016953162195199018,1.0,0.08,6.0,1.0,0.30568023825311114,0.3144233129979585,0.3057750447324608,0.0,0.12
03_rough_h0p008_spacing0p45:0029,03_rough_h0p008_spacing0p45,21.38299999999998,21.78299999999998,20.0,1.0,0.003091482308967816,0.005547070718676045,0.00372062996803617,1.0,0.06,20.0,1.0,2.2407830884853756e-06,8.340126472839215e-06,3.991495346621075e-06,1.0,0.08,40.0,1.0,0.00012538936039715684,0.0002676141928754487,0.00015266619098624085,1.0,0.08,7.0,1.0,0.3054203004812159,0.3124144909166254,0.3054817323524804,0.0,0.12
03_rough_h0p008_spacing0p45:0030,03_rough_h0p008_spacing0p45,21.582999999999977,21.982999999999976,20.0,1.0,0.003678821686095704,0.005774454748866531,0.004150495736172109,1.0,0.06,20.0,1.0,4.037013420894093e-06,9.187153267623193e-06,5.2497604870521286e-06,1.0,0.08,40.0,1.0,0.00012067651020445272,0.00023145786193898296,0.00014489851722973085,1.0,0.08,7.0,1.0,0.3025669566000372,0.31414236525301603,0.30276478444990673,0.0,0.12
03_rough_h0p008_spacing0p45:0031,03_rough_h0p008_spacing0p45,21.78299999999998,22.18299999999998,20.0,1.0,0.0015385968286438707,0.005519077418021429,0.002682968085655805,1.0,0.06,20.0,1.0,2.660092437803568e-06,6.909958528489988e-06,3.5907627196932943e-06,1.0,0.08,40.0,1.0,0.00015823060109996408,0.0002694788343787268,0.0001994122424852815,1.0,0.08,6.0,1.0,0.3065177881832239,0.31968564316517106,0.3068204334191321,0.0,0.12
03_rough_h0p008_spacing0p45:0032,03_rough_h0p008_spacing0p45,21.982999999999976,22.382999999999974,20.0,1.0,0.00015591238166818566,8.035453798022124e-05,0.0004567114996215493,1.0,0.06,20.0,1.0,1.7397673126687622e-06,2.000011357510552e-06,1.7505673635702693e-06,1.0,0.08,40.0,1.0,0.00017413543985277428,0.00029368791424808836,0.00021346689010779288,1.0,0.08,6.0,1.0,0.3102531832985432,0.31968564316517106,0.3103792037077673,0.0,0.12
03_rough_h0p008_spacing0p45:0033,03_rough_h0p008_spacing0p45,22.18299999999998,22.582999999999977,20.0,1.0,0.0017919092352757348,0.004624524960295357,0.0026204393995889184,1.0,0.06,20.0,1.0,2.1030779217940672e-06,2.3482158758139147e-06,2.114083411707036e-06,1.0,0.08,40.0,1.0,0.0001539777349082512,0.00028217502283881137,0.00018331697407368138,1.0,0.08,6.0,1.0,0.30156378015926283,0.31128122129151187,0.30169223901318865,0.0,0.12
03_rough_h0p008_spacing0p45:0034,03_rough_h0p008_spacing0p45,22.382999999999974,22.782999999999973,20.0,1.0,0.003446554648088343,0.00509636167788217,0.005008604162156698,1.0,0.06,20.0,1.0,0.0009277327165397719,0.0003514401925922989,0.0034485057679307517,1.0,0.08,40.0,1.0,0.0008664581952201614,0.0005134436820080502,0.002866461820349284,1.0,0.08,6.0,1.0,0.3030953006680344,0.315337024430171,0.30328535698544656,0.0,0.12
03_rough_h0p008_spacing0p45:0035,03_rough_h0p008_spacing0p45,22.582999999999977,22.982999999999976,20.0,1.0,0.013879692893393154,0.04418954051769366,0.022855511988645966,0.95,0.06,20.0,1.0,0.025909976230519632,0.0775837432532419,0.04597916111452457,0.9,0.08,40.0,1.0,0.0183958057898198,0.05804860234198907,0.03088352756556266,0.975,0.08,6.0,1.0,0.27500717599616686,0.3142588927049057,0.2770783444022615,0.0,0.12
03_rough_h0p008_spacing0p45:0036,03_rough_h0p008_spacing0p45,22.782999999999973,23.18299999999997,20.0,1.0,0.013198403535195935,0.04418954051769366,0.022513152350255687,0.95,0.06,20.0,1.0,0.03485749295074345,0.0775837432532419,0.04808468073320439,0.9,0.08,40.0,1.0,0.018861953558906047,0.05804860234198907,0.030832230600212604,0.975,0.08,6.0,1.0,0.23764258624500045,0.2516814764754381,0.2380304892641029,0.0,0.12
03_rough_h0p008_spacing0p45:0037,03_rough_h0p008_spacing0p45,22.982999999999976,23.382999999999974,20.0,1.0,0.002825270881748468,0.004036866765117775,0.002985535192312907,1.0,0.06,20.0,1.0,0.012289147594505834,0.024143378058164047,0.014966900916171113,1.0,0.08,40.0,1.0,0.004405670227824383,0.009294378658874832,0.005453882854222902,1.0,0.08,6.0,1.0,0.2253420352025468,0.24145049471068836,0.22576519690552221,0.0,0.12
03_rough_h0p008_spacing0p45:0038,03_rough_h0p008_spacing0p45,23.18299999999997,23.58299999999997,20.0,1.0,0.0022449164269016204,0.003926766063208825,0.00263576118287449,1.0,0.06,20.0,1.0,0.008909064253851592,0.01690409981607285,0.010240510800216367,1.0,0.08,40.0,1.0,0.004945345890870417,0.009412894285697061,0.005991752277834683,1.0,0.08,6.0,1.0,0.21410241594149823,0.22436942605789578,0.21428189016243757,0.0,0.12
03_rough_h0p008_spacing0p45:0039,03_rough_h0p008_spacing0p45,23.382999999999974,23.782999999999973,20.0,1.0,0.0005772858391770664,0.0019578503635047156,0.0009663622764185412,1.0,0.06,20.0,1.0,0.01551499574200289,0.01821883284434427,0.01592413723783812,1.0,0.08,40.0,1.0,0.0018490409925386718,0.006084522520384206,0.00334642701809837,1.0,0.08,6.0,1.0,0.21059055505193924,0.22558794426211037,0.21093187196701904,0.0,0.12
03_rough_h0p008_spacing0p45:0040,03_rough_h0p008_spacing0p45,23.58299999999997,23.98299999999997,20.0,1.0,0.0007125355042589515,0.002328838786422641,0.001201193510890151,1.0,0.06,20.0,1.0,0.05733013668107338,0.1423930011491502,0.08200457034477694,0.7,0.08,40.0,1.0,0.03685942818508518,0.12134035356221776,0.0628967563891682,0.8,0.08,6.0,1.0,0.20129808889682832,0.21974456022865202,0.20254492205033733,0.0,0.12
03_rough_h0p008_spacing0p45:0041,03_rough_h0p008_spacing0p45,23.782999999999973,24.18299999999997,20.0,1.0,0.002567944486914257,0.003883881644231593,0.0029473994759828186,1.0,0.06,20.0,1.0,0.048510530390497186,0.1423930011491502,0.08100829393580383,0.7,0.08,40.0,1.0,0.03724189327012726,0.12134035356221776,0.06291635356382529,0.8,0.08,6.0,1.0,0.17473601934858504,0.20932369470246248,0.17660698882054165,0.0,0.12
03_rough_h0p008_spacing0p45:0042,03_rough_h0p008_spacing0p45,23.98299999999997,24.382999999999967,20.0,1.0,0.004293629044913598,0.005113092425494403,0.004331623702272684,1.0,0.06,20.0,1.0,0.002032082599977593,0.005361552851875218,0.003015508364773119,1.0,0.08,40.0,1.0,0.002427563293568137,0.0071585947412994184,0.004133847658019204,1.0,0.08,6.0,1.0,0.14839327177226078,0.16791106990173266,0.14949660003498816,0.16666666666666666,0.12
03_rough_h0p008_spacing0p45:0043,03_rough_h0p008_spacing0p45,24.18299999999997,24.58299999999997,20.0,1.0,0.0034420873049136407,0.005113092425494403,0.00379341215879541,1.0,0.06,20.0,1.0,0.003683082680240676,0.005361552851875218,0.004073013211145097,1.0,0.08,40.0,1.0,0.003990010037430198,0.008855226680201493,0.005268685211563609,1.0,0.08,6.0,1.0,0.14397231002565428,0.16347261795428633,0.14495982803666455,0.16666666666666666,0.12
03_rough_h0p008_spacing0p45:0044,03_rough_h0p008_spacing0p45,24.382999999999967,24.782999999999966,20.0,1.0,0.0021261058141128137,0.0038102700909561915,0.0024363190761065986,1.0,0.06,20.0,1.0,0.0021140075178842687,0.004961873491875568,0.0028710862285474944,1.0,0.08,40.0,1.0,0.0028004073489217214,0.008446583154184385,0.004218332973669902,1.0,0.08,6.0,1.0,0.1512262841379611,0.1655770225383479,0.15194989646022072,0.0,0.12
03_rough_h0p008_spacing0p45:0045,03_rough_h0p008_spacing0p45,24.58299999999997,24.98299999999997,20.0,1.0,0.02305620283070179,0.07369509224421501,0.04160974150738211,0.8,0.06,20.0,1.0,0.021770463166587678,0.08947725102024942,0.047527227687483777,0.85,0.08,40.0,1.0,0.014251989816854129,0.06178832770757554,0.02840336323020612,0.975,0.08,6.0,1.0,0.12311673350231404,0.16495602628708284,0.13033837056416028,0.3333333333333333,0.12
03_rough_h0p008_spacing0p45:0046,03_rough_h0p008_spacing0p45,24.782999999999966,25.182999999999964,20.0,1.0,0.025051247415930327,0.07369509224421501,0.04262406132870545,0.8,0.06,20.0,1.0,0.026973818275350402,0.08947725102024942,0.0499548557416875,0.85,0.08,40.0,1.0,0.020051385903910608,0.06871063378031571,0.033491921742813166,0.975,0.08,6.0,1.0,0.0479127571940163,0.1176212174775428,0.07126422442117614,0.8333333333333334,0.12
03_rough_h0p008_spacing0p45:0047,03_rough_h0p008_spacing0p45,24.98299999999997,25.382999999999967,20.0,1.0,0.003070344975181354,0.006498324542943262,0.009407402765821967,1.0,0.06,20.0,1.0,0.005464989757944703,0.01641044004585439,0.01539578991865544,1.0,0.08,40.0,1.0,0.006666177886654775,0.025026487460025386,0.01787789208843259,1.0,0.08,6.0,1.0,0.0035130777466227474,0.00508572483381532,0.0037583011044017792,1.0,0.12
03_rough_h0p008_spacing0p45:0048,03_rough_h0p008_spacing0p45,25.182999999999964,25.582999999999963,20.0,1.0,0.0,0.0,0.0,1.0,0.06,20.0,1.0,4.62223186652936e-31,7.003381615953543e-31,5.050210303592488e-31,1.0,0.08,40.0,1.0,0.00016105915378345336,0.0003178042685656484,0.00020585377041195283,1.0,0.08,6.0,1.0,0.004880544694971489,0.007168358967153463,0.005316561770338665,1.0,0.12
03_rough_h0p008_spacing0p45:0049,03_rough_h0p008_spacing0p45,25.382999999999967,25.782999999999966,20.0,1.0,0.02466778120459128,0.0970352078070109,0.05393744229533215,0.85,0.06,20.0,1.0,0.0008271182255323438,0.003465257463433153,0.0016378513622604231,1.0,0.08,40.0,1.0,0.002102118221849286,0.0025512499796763776,0.009549282707128834,1.0,0.08,6.0,1.0,0.022643170231809253,0.05450524450787474,0.04061760363145931,1.0,0.12
03_rough_h0p008_spacing0p45:0050,03_rough_h0p008_spacing0p45,25.582999999999963,25.98299999999996,20.0,1.0,0.035195346117680125,0.0970352078070109,0.059538332397772335,0.8,0.06,20.0,1.0,0.0021407024717693115,0.0038684146770486196,0.0026188303381193562,1.0,0.08,40.0,1.0,0.0027464448974318214,0.0026545569128882786,0.009672454470813089,1.0,0.08,6.0,1.0,0.14115508139549166,0.2679750289350707,0.17817030899715736,0.5,0.12
03_rough_h0p008_spacing0p45:0051,03_rough_h0p008_spacing0p45,25.782999999999966,26.182999999999964,20.0,1.0,0.012609617657176764,0.03304504657495302,0.025403426002958356,0.95,0.06,20.0,1.0,0.0027945608273750836,0.0043103077541444415,0.0030646577413234797,1.0,0.08,40.0,1.0,0.004333627174755381,0.00870197576753012,0.007865815180044049,1.0,0.08,6.0,1.0,0.2593098760719999,0.2818625976301051,0.26112410239424155,0.0,0.12
03_rough_h0p008_spacing0p45:0052,03_rough_h0p008_spacing0p45,25.98299999999996,26.38299999999996,20.0,1.0,0.002112564462306976,0.005488153503644372,0.0031264436897393403,1.0,0.06,20.0,1.0,0.0016850590382553412,0.004118303322488276,0.002324934541385739,1.0,0.08,40.0,1.0,0.0038159661003170143,0.00870197576753012,0.007731036050963747,1.0,0.08,6.0,1.0,0.2755389035161778,0.2818625976301051,0.2756086326620787,0.0,0.12
03_rough_h0p008_spacing0p45:0053,03_rough_h0p008_spacing0p45,26.182999999999964,26.582999999999963,20.0,1.0,4.598636683867119e-05,3.100773360961706e-05,8.012323683214594e-05,1.0,0.06,20.0,1.0,0.0003311670669048072,0.0002552468232426982,0.0004703295288321627,1.0,0.08,40.0,1.0,0.00030128411545121426,0.0005758129448715691,0.0005625345387646805,1.0,0.08,6.0,1.0,0.27766345296057543,0.28127189772437616,0.27768393479956527,0.0,0.12
03_rough_h0p008_spacing0p45:0054,03_rough_h0p008_spacing0p45,26.38299999999996,26.78299999999996,20.0,1.0,0.00043554759026947777,0.0018228819136923715,0.0010207137258160044,1.0,0.06,20.0,1.0,0.00038770932817396307,0.0008357424403560027,0.0005021406316674392,1.0,0.08,40.0,1.0,0.0002700403104376371,0.0005953707040812113,0.00041923153419901906,1.0,0.08,6.0,1.0,0.2780910039792885,0.28221763550509804,0.2781278272314274,0.0,0.12
03_rough_h0p008_spacing0p45:0055,03_rough_h0p008_spacing0p45,26.582999999999963,26.98299999999996,20.0,1.0,0.0014055415751290101,0.0036448010337453373,0.0020446691119892493,1.0,0.06,20.0,1.0,0.0007438654289842363,0.0015483352820353721,0.0009200167681550022,1.0,0.08,40.0,1.0,0.0010230573410103033,0.0014077772790994506,0.00232672546587706,1.0,0.08,6.0,1.0,0.27638422271594715,0.28334064065342635,0.2764841246519408,0.0,0.12
03_rough_h0p008_spacing0p45:0056,03_rough_h0p008_spacing0p45,26.78299999999996,27.182999999999957,20.0,1.0,0.001410630426379833,0.0036448010337453373,0.0018828598422433987,1.0,0.06,20.0,1.0,0.0008331528106446404,0.0015483352820353721,0.0009400253964589464,1.0,0.08,40.0,1.0,0.0012497761132241121,0.0016413453578827536,0.0027466054912825616,1.0,0.08,6.0,1.0,0.27864211201609507,0.28945510710200106,0.27879305280926053,0.0,0.12
03_rough_h0p008_spacing0p45:0057,03_rough_h0p008_spacing0p45,26.98299999999996,27.38299999999996,20.0,1.0,0.002384094796562841,0.005786510457041277,0.003170280575061133,1.0,0.06,20.0,1.0,0.000835252152619499,0.0013364402690328398,0.0009137295121119912,1.0,0.08,40.0,1.0,0.0016393036172846335,0.0018691658496954588,0.004745785904498397,1.0,0.08,6.0,1.0,0.27848753710204327,0.2905756750374913,0.27866504166174494,0.0,0.12
03_rough_h0p008_spacing0p45:0058,03_rough_h0p008_spacing0p45,27.182999999999957,27.582999999999956,20.0,1.0,0.003958985223954925,0.005798772496789473,0.004296929335847588,1.0,0.06,20.0,1.0,0.001968964538262399,0.0042309997103723495,0.0024917752436899956,1.0,0.08,40.0,1.0,0.0028499719332720553,0.007976424378057045,0.005690290010407198,1.0,0.08,6.0,1.0,0.2773086968973529,0.2880282698836847,0.2774574856375289,0.0,0.12
03_rough_h0p008_spacing0p45:0059,03_rough_h0p008_spacing0p45,27.38299999999996,27.78299999999996,20.0,1.0,0.002936152559530747,0.005483874085103108,0.003551694090687882,1.0,0.06,20.0,1.0,0.002629710636619662,0.0044785528999417585,0.003132966612779717,1.0,0.08,40.0,1.0,0.004485779114952029,0.011079563830219352,0.008910605313827813,1.0,0.08,6.0,1.0,0.278015780273052,0.2874028872748449,0.2781060474840238,0.0,0.12
03_rough_h0p008_spacing0p45:0060,03_rough_h0p008_spacing0p45,27.582999999999956,27.982999999999954,20.0,1.0,0.0009519809628519144,0.0038755443391910683,0.0019483956276742697,1.0,0.06,20.0,1.0,0.0012702203687709316,0.003967229205512144,0.002053094039586622,1.0,0.08,40.0,1.0,0.002937598221996147,0.005129869989884549,0.008202607998015313,1.0,0.08,6.0,1.0,0.2812872241219579,0.29079751737515563,0.2813932000141455,0.0,0.12
03_rough_h0p008_spacing0p45:0061,03_rough_h0p008_spacing0p45,27.78299999999996,28.182999999999957,20.0,1.0,3.1838450532961635e-05,3.200435168813631e-05,3.183861364186588e-05,1.0,0.06,20.0,1.0,0.00024755489205553814,0.0002484420665181078,0.0002475564821193585,1.0,0.08,40.0,1.0,0.00015154329097705698,0.00033565151878813264,0.00020393039687740391,1.0,0.08,6.0,1.0,0.2843437822356964,0.29095124742098344,0.2843941412425615,0.0,0.12
03_rough_h0p008_spacing0p45:0062,03_rough_h0p008_spacing0p45,27.982999999999954,28.382999999999953,20.0,1.0,0.0012275931508715031,0.003562446413175075,0.0019801378907016924,1.0,0.06,20.0,1.0,0.000684476939709192,0.001556416324469926,0.0008926150048513218,1.0,0.08,40.0,1.0,0.0010291492334968456,0.0015801528177731593,0.0024378854445030666,1.0,0.08,7.0,1.0,0.2831055639556908,0.28814535502677735,0.2831337770654492,0.0,0.12
03_rough_h0p008_spacing0p45:0063,03_rough_h0p008_spacing0p45,28.182999999999957,28.582999999999956,20.0,1.0,0.0016011122672857953,0.003562446413175075,0.0021109245585314938,1.0,0.06,20.0,1.0,0.0008672304428949168,0.001556416324469926,0.000997822099844113,1.0,0.08,40.0,1.0,0.001165484877153974,0.0015801528177731593,0.0024619398690122665,1.0,0.08,7.0,1.0,0.2792019927797225,0.2858452332364808,0.27924898895046923,0.0,0.12
03_rough_h0p008_spacing0p45:0064,03_rough_h0p008_spacing0p45,28.382999999999953,28.78299999999995,20.0,1.0,0.0010669441468388996,0.002336440052123096,0.0014326944876676688,1.0,0.06,20.0,1.0,0.0006398650317890974,0.0009124898394138099,0.0007009454807703537,1.0,0.08,40.0,1.0,0.0007839716720323692,0.0010731839923968716,0.001707225067609581,1.0,0.08,6.0,1.0,0.2743385401221457,0.2829848333314082,0.27445715672393944,0.0,0.12
03_rough_h0p008_spacing0p45:0065,03_rough_h0p008_spacing0p45,28.582999999999956,28.982999999999954,20.0,1.0,0.002837635435146682,0.005586817215550894,0.003438602252259436,1.0,0.06,20.0,1.0,0.0013474858728955764,0.0028057747663167393,0.0016808699704369526,1.0,0.08,40.0,1.0,0.0021443945716841284,0.0033649749082384395,0.005866714541183976,1.0,0.08,6.0,1.0,0.2737140637589149,0.28353318756789914,0.27385679728541856,0.0,0.12
03_rough_h0p008_spacing0p45:0066,03_rough_h0p008_spacing0p45,28.78299999999995,29.18299999999995,20.0,1.0,0.004346252795875222,0.005804209700326696,0.004536828994100277,1.0,0.06,20.0,1.0,0.002704678330392527,0.004560008343334789,0.0030652108000862634,1.0,0.08,40.0,1.0,0.005556939876258306,0.01244617923762143,0.010444995423177625,1.0,0.08,6.0,1.0,0.2679875828409939,0.27738030074563813,0.2681883024330294,0.0,0.12
03_rough_h0p008_spacing0p45:0067,03_rough_h0p008_spacing0p45,28.982999999999954,29.382999999999953,20.0,1.0,0.0022687314188094138,0.005559540598580832,0.0032152414548977616,1.0,0.06,20.0,1.0,0.0020654101380955083,0.004560008343334789,0.0027654126152002727,1.0,0.08,40.0,1.0,0.004315581862582035,0.011412549656373856,0.0088434538656362,1.0,0.08,6.0,1.0,0.26928621359329924,0.27689396364688196,0.2694892003906763,0.0,0.12
03_rough_h0p008_spacing0p45:0068,03_rough_h0p008_spacing0p45,29.18299999999995,29.58299999999995,20.0,1.0,0.005418708970133015,0.019475089055748438,0.01341975832037035,1.0,0.06,20.0,1.0,0.011562165550760775,0.03793890469958424,0.02965599157025146,0.95,0.08,40.0,1.0,0.010205307671316128,0.03657685799680946,0.026785480003175637,0.95,0.08,6.0,1.0,0.26827051411950525,0.27689396364688196,0.2686270179871407,0.0,0.12
03_rough_h0p008_spacing0p45:0069,03_rough_h0p008_spacing0p45,29.382999999999953,29.78299999999995,20.0,1.0,0.012610198133028199,0.04097216736354286,0.02150660089205564,1.0,0.06,20.0,1.0,0.04618746628329615,0.11513384719232318,0.07174078458145872,0.8,0.08,40.0,1.0,0.028805362886025514,0.09312867620612282,0.04901831639186774,0.85,0.08,6.0,1.0,0.21626211691915775,0.27163533184932304,0.22141695690732874,0.0,0.12
03_rough_h0p008_spacing0p45:0070,03_rough_h0p008_spacing0p45,29.58299999999995,29.982999999999947,20.0,1.0,0.008008795300449376,0.026819123121222695,0.0168595687874348,1.0,0.06,20.0,1.0,0.04784522481963287,0.11513384719232318,0.06786614280152796,0.85,0.08,40.0,1.0,0.020522924525290205,0.07430025604310367,0.041237233866059264,0.9,0.08,6.0,1.0,0.16747194493853348,0.1876865679215718,0.16838189439752213,0.0,0.12
03_rough_h0p008_spacing0p45:0071,03_rough_h0p008_spacing0p45,29.78299999999995,30.18299999999995,20.0,1.0,0.0035078866369941536,0.0062243879964191595,0.004188956353868348,1.0,0.06,20.0,1.0,0.015126249208731877,0.028396138471008903,0.018828421350454337,1.0,0.08,40.0,1.0,0.00589265306417501,0.015210836404580038,0.010823247917609795,1.0,0.08,6.0,1.0,0.17015813289586826,0.18690443569506937,0.17094565058077207,0.0,0.12
03_rough_h0p008_spacing0p45:0072,03_rough_h0p008_spacing0p45,29.982999999999947,30.382999999999946,20.0,1.0,0.004029926739900741,0.0062243879964191595,0.004452065729244233,1.0,0.06,20.0,1.0,0.004328278183481468,0.008252150893119049,0.0054750833281288665,1.0,0.08,40.0,1.0,0.00771736963559568,0.01881629078456981,0.012181438556046354,1.0,0.08,6.0,1.0,0.1993328409765364,0.23184672398811562,0.20116489219765632,0.0,0.12
03_rough_h0p008_spacing0p45:0073,03_rough_h0p008_spacing0p45,30.18299999999995,30.58299999999995,20.0,1.0,0.0017941022615779122,0.003802769434102133,0.0022152273412822912,1.0,0.06,20.0,1.0,0.012027310945636643,0.027894327544242817,0.01568053724490097,1.0,0.08,40.0,1.0,0.004651619437925506,0.011429342689632976,0.007153762661274036,1.0,0.08,6.0,1.0,0.23197819956811627,0.25212466783945475,0.23275841307453218,0.0,0.12
03_rough_h0p008_spacing0p45:0074,03_rough_h0p008_spacing0p45,30.382999999999946,30.782999999999944,20.0,1.0,0.0005858700655719626,0.001850669857639026,0.0009482859032513683,1.0,0.06,20.0,1.0,0.025373967206111448,0.030803241430347617,0.02658256846038635,1.0,0.08,40.0,1.0,0.0013534717995984616,0.003286893936620833,0.0023543032149220943,1.0,0.08,6.0,1.0,0.23709652651910315,0.2568179682572296,0.237589260331096,0.0,0.12
03_rough_h0p008_spacing0p45:0075,03_rough_h0p008_spacing0p45,30.58299999999995,30.982999999999947,20.0,1.0,9.964134782576572e-05,0.00010300595830538273,9.989455639741026e-05,1.0,0.06,20.0,1.0,0.03079680398928226,0.030806102134101933,0.030796819707044478,1.0,0.08,40.0,1.0,0.00018448819367579,0.0003898106686261449,0.00023340990566853462,1.0,0.08,6.0,1.0,0.2330802118415957,0.26252829622613916,0.23430072520603,0.0,0.12
03_rough_h0p008_spacing0p45:0076,03_rough_h0p008_spacing0p45,30.782999999999944,31.182999999999943,20.0,1.0,0.0003393237608139754,0.001014614037658041,0.0006324514594882066,1.0,0.06,20.0,1.0,0.02936604085268536,0.030806493306274295,0.029501770150216267,1.0,0.08,40.0,1.0,0.0006305907468816443,0.0022080892272471064,0.0011220208463434051,1.0,0.08,6.0,1.0,0.20950025653711749,0.2524858809178195,0.21216498635407108,0.0,0.12
03_rough_h0p008_spacing0p45:0077,03_rough_h0p008_spacing0p45,30.982999999999947,31.382999999999946,20.0,1.0,0.0029711953184115834,0.00681812462409604,0.003970715961526361,1.0,0.06,20.0,1.0,0.03277020353607933,0.04675652780073495,0.04963366893603464,0.9,0.08,40.0,1.0,0.01494871620408816,0.04490208728796376,0.04037737712706665,0.925,0.08,6.0,1.0,0.1662106779022812,0.19481052375112382,0.16915895048096072,0.16666666666666666,0.12
03_rough_h0p008_spacing0p45:0078,03_rough_h0p008_spacing0p45,31.182999999999943,31.58299999999994,20.0,1.0,0.005920952971239695,0.00681812462409604,0.0060297317300235164,1.0,0.06,20.0,1.0,0.07714787275726745,0.254112997451607,0.12865761245125243,0.65,0.08,40.0,1.0,0.05747703169927547,0.17715925542400668,0.09551049139953209,0.7,0.08,6.0,1.0,0.14923321815383442,0.19032112956088248,0.15250760495004326,0.3333333333333333,0.12
03_rough_h0p008_spacing0p45:0079,03_rough_h0p008_spacing0p45,31.382999999999946,31.782999999999944,20.0,1.0,0.006546786645860579,0.006624422487264639,0.006548526714635821,1.0,0.06,20.0,1.0,0.058627509088431194,0.254112997451607,0.12035493820651953,0.75,0.08,40.0,1.0,0.04316232018249504,0.17715925542400668,0.08656314634233601,0.775,0.08,6.0,1.0,0.0985560581191105,0.16630504226425616,0.11342450900214644,0.6666666666666666,0.12
03_rough_h0p008_spacing0p45:0080,03_rough_h0p008_spacing0p45,31.58299999999994,31.98299999999994,20.0,1.0,0.006617952577834231,0.0066182139115173845,0.006617952581728491,1.0,0.06,20.0,1.0,0.0005597778498138195,0.0005800629159657067,0.000559986775590768,1.0,0.08,40.0,1.0,0.0001464661337182191,0.0002604593809927003,0.00018622602408734733,1.0,0.08,6.0,1.0,0.05707610907332583,0.08027576724547383,0.060721469337959355,1.0,0.12
03_rough_h0p008_spacing0p45:0081,03_rough_h0p008_spacing0p45,31.782999999999944,32.18299999999994,20.0,1.0,0.006618204809039284,0.006618273263383082,0.006618204809504284,1.0,0.06,20.0,1.0,0.0005337974164211778,0.0005532684513638031,0.0005339988536586035,1.0,0.08,40.0,1.0,0.0001441274773645737,0.0002893756298454453,0.0001966392529103548,1.0,0.08,6.0,1.0,0.04076530009019975,0.08027576724547383,0.05080401571092642,1.0,0.12
03_rough_h0p008_spacing0p45:0082,03_rough_h0p008_spacing0p45,31.98299999999994,32.38299999999994,20.0,1.0,0.006618186055922254,0.006618273263383082,0.0066181860566426175,1.0,0.06,20.0,1.0,0.0005089710899149585,0.0005275326844529527,0.0005091626376733799,1.0,0.08,40.0,1.0,0.00014142167142899286,0.0002908677679639704,0.00018540626010696143,1.0,0.08,6.0,1.0,0.027408568206719955,0.049332719301346806,0.034034214074328266,1.0,0.12
03_rough_h0p008_spacing0p45:0083,03_rough_h0p008_spacing0p45,32.18299999999994,32.58299999999994,20.0,1.0,0.006617896468979538,0.006618186130778553,0.006617896473632556,1.0,0.06,20.0,1.0,0.00048542048639742816,0.0005029817276356984,0.00048559980633404936,1.0,0.08,40.0,1.0,0.00014440450760082462,0.0002997848826156114,0.00018087968663976694,1.0,0.08,6.0,1.0,0.03461764175861628,0.07230572937713857,0.04455148080446142,1.0,0.12
03_rough_h0p008_spacing0p45:0084,03_rough_h0p008_spacing0p45,32.38299999999994,32.78299999999994,20.0,1.0,0.0066173375239087714,0.0066178314159063,0.006617337536093434,1.0,0.06,20.0,1.0,0.00046326092750822724,0.00047973583036919345,0.00046342582637736536,1.0,0.08,40.0,1.0,0.00013191148285195687,0.00028217532328299056,0.00016556101977751572,1.0,0.08,6.0,1.0,0.027340630756489157,0.054779997370682024,0.03607582951864413,1.0,0.12
03_rough_h0p008_spacing0p45:0085,03_rough_h0p008_spacing0p45,32.58299999999994,32.98299999999994,20.0,1.0,0.006616512014044215,0.0066172076753699014,0.006616512037211744,1.0,0.06,20.0,1.0,0.00044260088361108005,0.00045790881782636905,0.00044274940963126374,1.0,0.08,40.0,1.0,0.00013312211975391314,0.000304207842143639,0.00016998377725195492,1.0,0.08,6.0,1.0,0.02242681955068869,0.036734870335207295,0.025211474208706137,1.0,0.12
03_rough_h0p008_spacing0p45:0086,03_rough_h0p008_spacing0p45,32.78299999999994,33.182999999999936,20.0,1.0,0.009686501802130713,0.014303969345820336,0.012927583113830852,1.0,0.06,20.0,1.0,0.003793467106910789,0.004303493229670236,0.011389634798839988,1.0,0.08,40.0,1.0,0.0030484994290916265,0.00381730080004572,0.009877195054950367,1.0,0.08,6.0,1.0,0.01697705329352522,0.02716421999812965,0.01967685354034068,1.0,0.12
03_rough_h0p008_spacing0p45:0087,03_rough_h0p008_spacing0p45,32.98299999999994,33.38299999999994,20.0,1.0,0.0224711979923962,0.06385160540324178,0.03467228766237509,0.85,0.06,20.0,1.0,0.04115785803092341,0.13073695942922545,0.07530430729807089,0.75,0.08,40.0,1.0,0.030128695811232675,0.10449133728721761,0.05151373764761108,0.8,0.08,6.0,1.0,0.013944229423386629,0.021486181302876266,0.01581498663514327,1.0,0.12
04_external_impact_y12N_t0p25:0000,04_external_impact_y12N_t0p25,27.925,28.325,20.0,1.0,0.041883464989853944,0.13608298136498248,0.07720274359928728,0.75,0.06,20.0,1.0,1.7954266080332955e-15,4.008115480292065e-15,2.280623905259335e-15,1.0,0.08,40.0,1.0,0.00015169951482956276,0.00029483257419955837,0.0001853394630975969,1.0,0.08,6.0,1.0,0.26290219430198397,0.3030229344947326,0.26944368819137665,0.0,0.12
04_external_impact_y12N_t0p25:0001,04_external_impact_y12N_t0p25,28.125,28.525,20.0,1.0,3.70615875286362e-05,3.7066574174321465e-05,3.7061587681856897e-05,1.0,0.06,20.0,1.0,8.214916530316438e-16,9.004342032677318e-16,8.241906018364013e-16,1.0,0.08,40.0,1.0,0.00013047685319507996,0.00027625005239943247,0.00015505573164226156,1.0,0.08,6.0,1.0,0.29659350013738295,0.3027652309337827,0.29665066652497263,0.0,0.12
04_external_impact_y12N_t0p25:0002,04_external_impact_y12N_t0p25,28.325,28.724999999999998,20.0,1.0,3.705877531381685e-05,3.705944347686119e-05,3.705877531656514e-05,1.0,0.06,20.0,1.0,9.576951619118242e-16,1.0781372483634204e-15,9.620541020138512e-16,1.0,0.08,40.0,1.0,0.0001223015012758114,0.00024339593025478912,0.00015005065476994794,1.0,0.08,6.0,1.0,0.29580434234637104,0.30029509962683,0.2958302164326166,0.0,0.12
04_external_impact_y12N_t0p25:0003,04_external_impact_y12N_t0p25,28.525,28.924999999999997,20.0,1.0,3.7058398615177904e-05,3.705848814312684e-05,3.7058398615227235e-05,1.0,0.06,20.0,1.0,1.1523543946877113e-15,1.3378317744523343e-15,1.1596609722734551e-15,1.0,0.08,40.0,1.0,0.00016262677211109175,0.0002848803720677144,0.00019668421694327417,1.0,0.08,6.0,1.0,0.30492561800404494,0.31692785665976075,0.3050877666561516,0.0,0.12
04_external_impact_y12N_t0p25:0004,04_external_impact_y12N_t0p25,28.724999999999998,29.124999999999996,20.0,1.0,3.7058348142823824e-05,3.705836013613295e-05,3.705834814282471e-05,1.0,0.06,20.0,1.0,1.3984919745568667e-15,1.6158720248263035e-15,1.4073661223742914e-15,1.0,0.08,40.0,1.0,0.0002002601492058395,0.00042401204778813633,0.00024078174512651688,1.0,0.08,6.0,1.0,0.3126856309843323,0.32585793013191516,0.3128379840976675,0.0,0.12
04_external_impact_y12N_t0p25:0005,04_external_impact_y12N_t0p25,28.924999999999997,29.324999999999996,20.0,1.0,3.7058341349827104e-05,3.7058342985657464e-05,3.7058341349827124e-05,1.0,0.06,20.0,1.0,1.7032866544008613e-15,1.966337778802981e-15,1.7147084539191632e-15,1.0,0.08,40.0,1.0,0.00017769629250511616,0.00035982143801858947,0.00022539119926706492,1.0,0.08,6.0,1.0,0.3142403118953995,0.3286678408026408,0.3144233616778638,0.0,0.12
04_external_impact_y12N_t0p25:0006,04_external_impact_y12N_t0p25,29.124999999999996,29.524999999999995,20.0,1.0,3.705834045903134e-05,3.705834062464608e-05,3.705834045903134e-05,1.0,0.06,20.0,1.0,2.0709984971198438e-15,2.380077017797575e-15,2.083339680341686e-15,1.0,0.08,40.0,1.0,0.00014546730233950172,0.00028144215414176773,0.00018295536060147172,1.0,0.08,6.0,1.0,0.3143026017442406,0.32304067294682376,0.31440623539492635,0.0,0.12
04_external_impact_y12N_t0p25:0007,04_external_impact_y12N_t0p25,29.324999999999996,29.724999999999994,20.0,1.0,3.705834039667844e-05,3.705834039744449e-05,3.705834039667843e-05,1.0,0.06,20.0,1.0,2.5086348787693997e-15,2.890493004389524e-15,2.524180561279434e-15,1.0,0.08,40.0,1.0,0.00014474606295605672,0.0002643343620975273,0.00017425687797091647,1.0,0.08,6.0,1.0,0.3170579309336014,0.3255477860306925,0.3171362939354692,0.0,0.12
04_external_impact_y12N_t0p25:0008,04_external_impact_y12N_t0p25,29.524999999999995,29.924999999999994,20.0,1.0,0.0001202767141207317,3.705834039741118e-05,0.0003821611502232019,1.0,0.06,20.0,1.0,5.383595999237155e-07,3.4708716478147204e-15,2.407617310770774e-06,1.0,0.08,40.0,1.0,0.00014832554395160103,0.00027990603346316736,0.00018615889547319138,1.0,0.08,6.0,1.0,0.3194953450687788,0.3272892090360693,0.3195793231172611,0.0,0.12
04_external_impact_y12N_t0p25:0009,04_external_impact_y12N_t0p25,29.724999999999994,30.124999999999993,20.0,1.0,0.01353108673171105,0.04553832356226187,0.023540008057940362,0.95,0.06,20.0,1.0,0.027071153400139648,0.07892096523205461,0.046651260127402096,0.9,0.08,40.0,1.0,0.018578829645770317,0.06339428086436152,0.0325895777997006,0.95,0.08,6.0,1.0,0.28369640768881493,0.32192040129951666,0.28673736894509505,0.0,0.12
04_external_impact_y12N_t0p25:0010,04_external_impact_y12N_t0p25,29.924999999999994,30.324999999999992,20.0,1.0,0.013512502426428208,0.04553832356226187,0.023537313650196134,0.95,0.06,20.0,1.0,0.03571499434717269,0.07892096523205461,0.048227504706998346,0.9,0.08,40.0,1.0,0.018657665740505074,0.06339428086436152,0.0325917919513226,0.95,0.08,6.0,1.0,0.2428833894539478,0.26784761458958717,0.2441010855037465,0.0,0.12
04_external_impact_y12N_t0p25:0011,04_external_impact_y12N_t0p25,30.124999999999993,30.52499999999999,20.0,1.0,0.00010192968565804761,0.0002597613137352711,0.0001387031494511785,1.0,0.06,20.0,1.0,0.0177640831333714,0.018254044728973625,0.017773310620087596,1.0,0.08,40.0,1.0,0.0002156841783319076,0.00033377186763054734,0.0004213426938253237,1.0,0.08,6.0,1.0,0.23851822737054806,0.24977602397531146,0.2386918024962473,0.0,0.12
04_external_impact_y12N_t0p25:0012,04_external_impact_y12N_t0p25,30.324999999999992,30.72499999999999,20.0,1.0,3.964375144829419e-05,4.218275325938714e-05,3.9942649823486095e-05,1.0,0.06,20.0,1.0,0.01825002923960962,0.018262926501435475,0.018250044198594394,1.0,0.08,40.0,1.0,0.00015891506957683293,0.000335428954519329,0.00019959323525559032,1.0,0.08,6.0,1.0,0.23852204313375744,0.2500973598614616,0.23869017702955686,0.0,0.12
04_external_impact_y12N_t0p25:0013,04_external_impact_y12N_t0p25,30.52499999999999,30.92499999999999,20.0,1.0,4.260122453333681e-05,4.389885188644249e-05,4.261241283061864e-05,1.0,0.06,20.0,1.0,0.018264865277004577,0.018271195343617628,0.01826486592387658,1.0,0.08,40.0,1.0,0.00019670212096423238,0.00035719372679358377,0.00023201247810628425,1.0,0.08,6.0,1.0,0.23582251355856276,0.24608607618819195,0.23598064408642638,0.0,0.12
04_external_impact_y12N_t0p25:0014,04_external_impact_y12N_t0p25,30.72499999999999,31.12499999999999,20.0,1.0,0.00047614770669153483,0.0016670101053245713,0.0008895400412450744,1.0,0.06,20.0,1.0,0.05769694867436714,0.15326907636728174,0.0826360254309788,0.75,0.08,40.0,1.0,0.03511170467563043,0.12439566381427736,0.06209555385165827,0.775,0.08,6.0,1.0,0.21856612608458234,0.24214990031502615,0.22045822654375563,0.0,0.12
04_external_impact_y12N_t0p25:0015,04_external_impact_y12N_t0p25,30.92499999999999,31.32499999999999,20.0,1.0,0.0022974498910037318,0.003883430365781859,0.002762108220129929,1.0,0.06,20.0,1.0,0.04994956362851087,0.15326907636728174,0.08176499847727199,0.75,0.08,40.0,1.0,0.03704496123469745,0.12439566381427736,0.06247149239945351,0.775,0.08,6.0,1.0,0.16103402935498587,0.22325827475808022,0.16783148201847617,0.16666666666666666,0.12
04_external_impact_y12N_t0p25:0016,04_external_impact_y12N_t0p25,31.12499999999999,31.524999999999988,20.0,1.0,0.003784223187925832,0.003883430365781859,0.0037914900278661692,1.0,0.06,20.0,1.0,0.0013971939482895254,0.0017507338269363414,0.004866428935448292,1.0,0.08,40.0,1.0,0.0021213477359389747,0.0030969696924202867,0.006846887087015861,1.0,0.08,6.0,1.0,0.12352867258707585,0.13353424318061474,0.12398239149201778,0.3333333333333333,0.12
04_external_impact_y12N_t0p25:0017,04_external_impact_y12N_t0p25,31.32499999999999,31.724999999999987,20.0,1.0,0.00388166765702474,0.003882758709614564,0.003881667747476113,1.0,0.06,20.0,1.0,1.2407118345253432e-05,2.455922646133757e-05,1.5171712502972931e-05,1.0,0.08,40.0,1.0,0.00015493508392843067,0.0003023340767875277,0.00018346156784123342,1.0,0.08,6.0,1.0,0.1241850003071069,0.13046015740401098,0.12430732724635166,0.3333333333333333,0.12
04_external_impact_y12N_t0p25:0018,04_external_impact_y12N_t0p25,31.524999999999988,31.924999999999986,20.0,1.0,0.003880161655729482,0.0038813335990318582,0.0038801617598880843,1.0,0.06,20.0,1.0,8.893181605368338e-06,1.7178287037647456e-05,1.0576534129669048e-05,1.0,0.08,40.0,1.0,0.00014931297627495885,0.00024635302153736276,0.0001874157262272154,1.0,0.08,6.0,1.0,0.12480551969098382,0.13805683837322244,0.1253466981834922,0.3333333333333333,0.12
04_external_impact_y12N_t0p25:0019,04_external_impact_y12N_t0p25,31.724999999999987,32.124999999999986,20.0,1.0,0.01982180399560078,0.07256692629845275,0.036212926715217246,0.85,0.06,20.0,1.0,0.016092441151487082,0.053188107979892055,0.04019952930087702,0.9,0.08,40.0,1.0,0.010317383980587217,0.04694617806483944,0.024077844404868966,1.0,0.08,6.0,1.0,0.1190843397926271,0.14255405511851243,0.1210426644541884,0.5,0.12
04_external_impact_y12N_t0p25:0020,04_external_impact_y12N_t0p25,31.924999999999986,32.32499999999999,20.0,1.0,0.024276176442180313,0.07256692629845275,0.04003831473428455,0.8,0.06,20.0,1.0,0.02614764798513915,0.09103262584267292,0.047481725894320585,0.85,0.08,40.0,1.0,0.019950940700284824,0.06900287547441125,0.03360948192855676,0.975,0.08,6.0,1.0,0.05729829100192194,0.12401109396803925,0.07971089680393297,0.8333333333333334,0.12
04_external_impact_y12N_t0p25:0021,04_external_impact_y12N_t0p25,32.124999999999986,32.524999999999984,20.0,1.0,0.0063940635289057345,0.020780615724801603,0.01729784346604648,0.95,0.06,20.0,1.0,0.010061732026932033,0.03726689954151068,0.025268799603846724,0.95,0.08,40.0,1.0,0.009800552878561191,0.03581711775581282,0.023449955116765484,0.975,0.08,6.0,1.0,0.005542813315918126,0.01115405916610316,0.006978993767197328,1.0,0.12
04_external_impact_y12N_t0p25:0022,04_external_impact_y12N_t0p25,32.32499999999999,32.72499999999999,20.0,1.0,1.1319298260247981e-13,3.2108507695350206e-13,1.7799546709491318e-13,1.0,0.06,20.0,1.0,8.920815475210776e-15,2.622081844579229e-14,1.5270165531928147e-14,1.0,0.08,40.0,1.0,0.0001537642446647177,0.0003138259936659479,0.00019102892662433313,1.0,0.08,6.0,1.0,0.006023491655723391,0.011399112273332809,0.007196090932618656,1.0,0.12
04_external_impact_y12N_t0p25:0023,04_external_impact_y12N_t0p25,32.524999999999984,32.92499999999998,20.0,1.0,0.0013160034243003692,0.0011282887862706075,0.00462490724901648,1.0,0.06,20.0,1.0,0.00011700007476413471,9.978425746156673e-05,0.00041157880161980727,1.0,0.08,40.0,1.0,0.0002164236346609314,0.00034558338635032863,0.0003690875146105786,1.0,0.08,6.0,1.0,0.005275023369291938,0.009115767070376401,0.006135800909311731,1.0,0.12
04_external_impact_y12N_t0p25:0024,04_external_impact_y12N_t0p25,32.72499999999998,33.12499999999998,20.0,1.0,0.035840484134371776,0.11076105044753802,0.06422619391770647,0.75,0.06,20.0,1.0,0.0019718614078266653,0.004890842382742038,0.0028490635922674796,1.0,0.08,40.0,1.0,0.002479481442725866,0.00477345193587074,0.004486649308768855,1.0,0.08,6.0,1.0,0.07131151203288354,0.18285120079191877,0.11011990647437188,0.6666666666666666,0.12
04_external_impact_y12N_t0p25:0025,04_external_impact_y12N_t0p25,32.92499999999998,33.32499999999998,20.0,1.0,0.03454079167028197,0.11076105044753802,0.06405946261238597,0.75,0.06,20.0,1.0,0.001975457003392839,0.004890842382742038,0.0028243322882147187,1.0,0.08,40.0,1.0,0.0023907617860638363,0.00477345193587074,0.004474450338841442,1.0,0.08,6.0,1.0,0.20064238346539762,0.26608815570096933,0.21658866542543256,0.16666666666666666,0.12
04_external_impact_y12N_t0p25:0026,04_external_impact_y12N_t0p25,33.124999999999986,33.524999999999984,20.0,1.0,3.262234178244006e-05,3.262310110365152e-05,3.2622341786315864e-05,1.0,0.06,20.0,1.0,0.00024118522154647817,0.00024119451338725154,0.00024118522164969774,1.0,0.08,40.0,1.0,0.00015749945407453594,0.0003517798685048236,0.00019857416880624082,1.0,0.08,6.0,1.0,0.26541723196692135,0.2700711286268699,0.2654525390216397,0.0,0.12
04_external_impact_y12N_t0p25:0027,04_external_impact_y12N_t0p25,33.32499999999998,33.72499999999998,20.0,1.0,3.2623464757605694e-05,3.2624547061310685e-05,3.262346476757831e-05,1.0,0.06,20.0,1.0,0.00024117296183062158,0.0002411822943333593,0.00024117296193458572,1.0,0.08,40.0,1.0,0.00019501878719935584,0.000372985639058538,0.0002366848661514801,1.0,0.08,6.0,1.0,0.2644672901371652,0.271403731924571,0.264549852419125,0.0,0.12
04_external_impact_y12N_t0p25:0028,04_external_impact_y12N_t0p25,33.52499999999998,33.924999999999976,20.0,1.0,3.2624905365277734e-05,3.262603075653292e-05,3.262490537639942e-05,1.0,0.06,20.0,1.0,0.00024116067794445977,0.0002411700155469592,0.00024116067804852675,1.0,0.08,40.0,1.0,0.00017063138356347845,0.00036573182333590184,0.00021271043619057667,1.0,0.08,6.0,1.0,0.26390942099277126,0.2699758996438809,0.2639785853439176,0.0,0.12
04_external_impact_y12N_t0p25:0029,04_external_impact_y12N_t0p25,33.72499999999998,34.12499999999998,20.0,1.0,3.262638831565967e-05,3.2627519394989865e-05,3.2626388326939224e-05,1.0,0.06,20.0,1.0,0.00024114839105973074,0.00024115772931376423,0.00024114839116381448,1.0,0.08,40.0,1.0,0.00014815562974195836,0.0002974867505881257,0.000178715726053678,1.0,0.08,7.0,1.0,0.2614218941423735,0.26779368011489313,0.26148339125539155,0.0,0.12
04_external_impact_y12N_t0p25:0030,04_external_impact_y12N_t0p25,33.92499999999998,34.32499999999998,20.0,1.0,3.2627876809629416e-05,3.2629008521750656e-05,3.262787682092746e-05,1.0,0.06,20.0,1.0,0.00024113610384296925,0.00024114544214383696,0.0002411361039470589,1.0,0.08,40.0,1.0,0.0001420893207373497,0.0002801539259777992,0.00017415548802969554,1.0,0.08,7.0,1.0,0.2589124333010919,0.2654795656049668,0.2589621312177942,0.0,0.12
04_external_impact_y12N_t0p25:0031,04_external_impact_y12N_t0p25,34.12499999999998,34.52499999999998,20.0,1.0,3.2629365934705445e-05,3.263049770134141e-05,3.2629365946004364e-05,1.0,0.06,20.0,1.0,0.00024112381649028436,0.00024113315490054778,0.00024112381659438344,1.0,0.08,40.0,1.0,0.00012756024179444648,0.0002581877206009739,0.00016891773203794077,1.0,0.08,6.0,1.0,0.2623278230850611,0.2684277942993909,0.26238733478272475,0.0,0.12
04_external_impact_y12N_t0p25:0032,04_external_impact_y12N_t0p25,34.324999999999974,34.72499999999997,20.0,1.0,3.263085501928053e-05,3.2631986649583886e-05,3.2630855030576686e-05,1.0,0.06,20.0,1.0,0.00024111152911679185,0.00024112086770728037,0.00024111152922089344,1.0,0.08,40.0,1.0,0.00015424985199284424,0.00033458943922500727,0.0001984177096195217,1.0,0.08,6.0,1.0,0.2617444191290465,0.26799070681810094,0.2618073405694353,0.0,0.12
04_external_impact_y12N_t0p25:0033,04_external_impact_y12N_t0p25,34.52499999999998,34.924999999999976,20.0,1.0,3.287240092848254e-05,3.3346674851031376e-05,3.2878557181972665e-05,1.0,0.06,20.0,1.0,0.00024098918493921452,0.00024110858012109891,0.00024098933222780055,1.0,0.08,40.0,1.0,0.00017948011341416294,0.00035201073829960904,0.0002356422755221464,1.0,0.08,6.0,1.0,0.2598966252207998,0.26631249791568656,0.25997943992168526,0.0,0.12
04_external_impact_y12N_t0p25:0034,04_external_impact_y12N_t0p25,34.72499999999998,35.12499999999998,20.0,1.0,0.0014668396943074923,0.004399331476321256,0.0037968735828340823,1.0,0.06,20.0,1.0,0.007725159524401032,0.023255681802006378,0.019991386920002102,1.0,0.08,40.0,1.0,0.00577751741395733,0.021752377308938663,0.014389870474520476,1.0,0.08,6.0,1.0,0.2589573570711477,0.26631249791568656,0.2591094421402055,0.0,0.12
04_external_impact_y12N_t0p25:0035,04_external_impact_y12N_t0p25,34.924999999999976,35.324999999999974,20.0,1.0,0.007753563717287901,0.01931998327669404,0.011016900227297378,1.0,0.06,20.0,1.0,0.04131548403556014,0.10456756958193425,0.05884465101445477,0.75,0.08,40.0,1.0,0.0426248628117407,0.08965882883853435,0.07588087912338264,0.85,0.08,6.0,1.0,0.256566522751618,0.2759211644150113,0.25737657188706003,0.0,0.12
04_external_impact_y12N_t0p25:0036,04_external_impact_y12N_t0p25,35.12499999999997,35.52499999999997,20.0,1.0,0.006319342179106691,0.01931998327669404,0.010341997203160733,1.0,0.06,20.0,1.0,0.03383646762162686,0.10456756958193425,0.05534526346057258,0.75,0.08,40.0,1.0,0.03702867034417328,0.08965882883853435,0.0745043395831823,0.85,0.08,6.0,1.0,0.25909719917144064,0.2788289341076988,0.2598846078347869,0.0,0.12
04_external_impact_y12N_t0p25:0037,04_external_impact_y12N_t0p25,35.324999999999974,35.72499999999997,20.0,1.0,3.212314766526392e-05,3.2123739945982833e-05,3.2123147802847175e-05,1.0,0.06,20.0,1.0,0.00024832311550788716,0.00024524849257857,0.00024868684818085094,1.0,0.08,40.0,1.0,0.00015656907295900658,0.00026398832444817416,0.00019303288649354116,1.0,0.08,6.0,1.0,0.2630632020962977,0.2682735824909275,0.26312069388288667,0.0,0.12
04_external_impact_y12N_t0p25:0038,04_external_impact_y12N_t0p25,35.52499999999998,35.924999999999976,20.0,1.0,3.212395554667846e-05,3.212512612033036e-05,3.212395555895638e-05,1.0,0.06,20.0,1.0,0.0002452268433417551,0.0002452361929686962,0.0002452268434443588,1.0,0.08,40.0,1.0,0.00013475004985366066,0.0002645273957051069,0.00016798957392895705,1.0,0.08,6.0,1.0,0.26404270887396897,0.2665559154638255,0.2640519851637097,0.0,0.12
04_external_impact_y12N_t0p25:0039,04_external_impact_y12N_t0p25,35.72499999999997,36.12499999999997,20.0,1.0,3.2125495724255605e-05,3.212666617766202e-05,3.212549573653014e-05,1.0,0.06,20.0,1.0,0.00024521454089606063,0.0002452238908740563,0.00024521454099867555,1.0,0.08,40.0,1.0,0.00013995286863053647,0.0002950374120931063,0.00017655269595352375,1.0,0.08,6.0,1.0,0.27070587657997297,0.281078633756683,0.2708664408934557,0.0,0.12
04_external_impact_y12N_t0p25:0040,04_external_impact_y12N_t0p25,35.92499999999997,36.32499999999997,20.0,1.0,3.212703574621001e-05,3.212820608534672e-05,3.212703575848169e-05,1.0,0.06,20.0,1.0,0.00024520223826834134,0.00024521158827536707,0.00024520223837096167,1.0,0.08,40.0,1.0,0.0001579702420098939,0.0003237956657645285,0.00019196287600877992,1.0,0.08,6.0,1.0,0.27400764687598583,0.28633923091651914,0.2741681843978186,0.0,0.12
04_external_impact_y12N_t0p25:0041,04_external_impact_y12N_t0p25,36.12499999999997,36.52499999999997,20.0,1.0,3.2128575611456436e-05,3.212974582613715e-05,3.212857562372483e-05,1.0,0.06,20.0,1.0,0.0002451899356402695,0.00024519928563294745,0.0002451899357428948,1.0,0.08,40.0,1.0,0.00019212221325008388,0.0003450069819027128,0.0002316215987762074,1.0,0.08,6.0,1.0,0.2732404225012955,0.2808954692797214,0.2733274806212472,0.0,0.12
04_external_impact_y12N_t0p25:0042,04_external_impact_y12N_t0p25,36.324999999999974,36.72499999999997,20.0,1.0,3.213011532325338e-05,3.213128543475552e-05,3.2130115335519e-05,1.0,0.06,20.0,1.0,0.00024517763303596226,0.00024518698300861965,0.0002451776331385922,1.0,0.08,40.0,1.0,0.0001879381282139392,0.00034679473955302964,0.00022782840240192058,1.0,0.08,6.0,1.0,0.2759115626628622,0.2810458869226859,0.2759463941517727,0.0,0.12
04_external_impact_y12N_t0p25:0043,04_external_impact_y12N_t0p25,36.52499999999997,36.92499999999997,20.0,1.0,0.011120573493770394,0.03465390157334644,0.019028813524295928,1.0,0.06,20.0,1.0,0.038068293548035745,0.12209027231601488,0.06712229201868727,0.75,0.08,40.0,1.0,0.026535177014032914,0.0901475139481946,0.04698584372352786,0.85,0.08,6.0,1.0,0.2564343908291861,0.279456494753475,0.2580295424214349,0.0,0.12
04_external_impact_y12N_t0p25:0044,04_external_impact_y12N_t0p25,36.724999999999966,37.124999999999964,20.0,1.0,0.011768233915830735,0.03465390157334644,0.01905362305874269,1.0,0.06,20.0,1.0,0.051003480145823656,0.12209027231601488,0.06969867984365521,0.75,0.08,40.0,1.0,0.027836835001321475,0.0901475139481946,0.047217434084428744,0.85,0.08,6.0,1.0,0.2090647500912163,0.25459187976954095,0.21215612915912233,0.0,0.12
04_external_impact_y12N_t0p25:0045,04_external_impact_y12N_t0p25,36.92499999999997,37.32499999999997,20.0,1.0,0.000986038534143921,0.0014328395477420542,0.0011185248303390905,1.0,0.06,20.0,1.0,0.026732472818002413,0.02991330182760757,0.026993475610221435,1.0,0.08,40.0,1.0,0.0016652482570914645,0.0013012869959666722,0.004694815982228016,1.0,0.08,6.0,1.0,0.180353830018426,0.19380851501067356,0.18068371633555858,0.0,0.12
04_external_impact_y12N_t0p25:0046,04_external_impact_y12N_t0p25,37.12499999999997,37.52499999999997,20.0,1.0,0.0003665925493490235,0.0010786517874104647,0.0005565862979880187,1.0,0.06,20.0,1.0,0.029054519719335464,0.030787995910844378,0.02914092446192833,1.0,0.08,40.0,1.0,0.00037293192344134277,0.0007102260758582225,0.00047972646181288755,1.0,0.08,6.0,1.0,0.1872863068825167,0.2059176470597579,0.18784277030245275,0.0,0.12
04_external_impact_y12N_t0p25:0047,04_external_impact_y12N_t0p25,37.32499999999997,37.724999999999966,20.0,1.0,9.232187564462285e-05,9.659997046068958e-05,9.290027056850646e-05,1.0,0.06,20.0,1.0,0.030776373822225832,0.030794800018362555,0.030776411118632708,1.0,0.08,40.0,1.0,0.0001810504124846693,0.0003538585849893806,0.0002236845074159443,1.0,0.08,6.0,1.0,0.18698044969773417,0.2059176470597579,0.18764419428264356,0.0,0.12
04_external_impact_y12N_t0p25:0048,04_external_impact_y12N_t0p25,37.52499999999996,37.92499999999996,20.0,1.0,9.71316615208731e-05,9.874976225470456e-05,9.7139179828371e-05,1.0,0.06,20.0,1.0,0.030795984473837558,0.03080017862909919,0.030795984653067675,1.0,0.08,40.0,1.0,0.000180408480238671,0.00038649282980088306,0.0002343708158806707,1.0,0.08,6.0,1.0,0.18041699310647566,0.1886607974857259,0.18067210744498247,0.0,0.12
04_external_impact_y12N_t0p25:0049,04_external_impact_y12N_t0p25,37.724999999999966,38.124999999999964,20.0,1.0,9.932938200209601e-05,0.00010110198989645436,9.933823962529297e-05,1.0,0.06,20.0,1.0,0.030801014119734287,0.030804109947135404,0.030801014220675355,1.0,0.08,40.0,1.0,0.00016400895947332462,0.000307819824110528,0.00021500688948868167,1.0,0.08,6.0,1.0,0.19861316064807535,0.22940672898316783,0.1999231679446048,0.0,0.12
04_external_impact_y12N_t0p25:0050,04_external_impact_y12N_t0p25,37.92499999999997,38.32499999999997,20.0,1.0,0.00010171680302115127,0.00010364707333861134,0.00010172674628259052,1.0,0.06,20.0,1.0,0.030804510499244188,0.030806397394766493,0.03080451053978662,1.0,0.08,40.0,1.0,0.0001508282990138915,0.00028388130518908764,0.0001838976627840045,1.0,0.08,6.0,1.0,0.2091753950040008,0.22940672898316783,0.2097755193761963,0.0,0.12
04_external_impact_y12N_t0p25:0051,04_external_impact_y12N_t0p25,38.124999999999964,38.52499999999996,20.0,1.0,0.0007354629541718088,0.0024770986343502425,0.0013375941326998144,1.0,0.06,20.0,1.0,0.02738435783935015,0.030806397394766493,0.027942756500629655,1.0,0.08,40.0,1.0,0.0006444891592640292,0.001823286569431449,0.001083771764238029,1.0,0.08,6.0,1.0,0.19193686587701794,0.20640710976170912,0.19247429052854761,0.0,0.12
04_external_impact_y12N_t0p25:0052,04_external_impact_y12N_t0p25,38.32499999999996,38.72499999999996,20.0,1.0,0.003764571169771183,0.006643349946287858,0.004583644505434298,1.0,0.06,20.0,1.0,0.07643481552676328,0.2070534546155247,0.11574734263551925,0.7,0.08,40.0,1.0,0.05080066854127001,0.16956745163677386,0.09256530275949001,0.725,0.08,6.0,1.0,0.17516309033442634,0.18582833297228904,0.17545224174029755,0.0,0.12
04_external_impact_y12N_t0p25:0053,04_external_impact_y12N_t0p25,38.52499999999996,38.92499999999996,20.0,1.0,0.006317461133730466,0.006643349946287858,0.006340062507585106,1.0,0.06,20.0,1.0,0.06935107852974276,0.2070534546155247,0.11553152264890462,0.7,0.08,40.0,1.0,0.056767660848839,0.16956745163677386,0.09486249518648894,0.7,0.08,6.0,1.0,0.10371115466220876,0.17044939664274386,0.12538160693585024,0.5,0.12
04_external_impact_y12N_t0p25:0054,04_external_impact_y12N_t0p25,38.724999999999966,39.124999999999964,20.0,1.0,0.006545893676035494,0.006618129008492785,0.00654749202931595,1.0,0.06,20.0,1.0,0.005175752610939624,0.005663236430150525,0.016016785724303262,1.0,0.08,40.0,1.0,0.006596423451110373,0.014567727415078915,0.020778051059391053,0.975,0.08,6.0,1.0,0.04424005940277854,0.07301543744154591,0.05142642278365682,1.0,0.12
04_external_impact_y12N_t0p25:0055,04_external_impact_y12N_t0p25,38.92499999999996,39.32499999999996,20.0,1.0,0.006618143795700219,0.006618272401039249,0.006618143796996076,1.0,0.06,20.0,1.0,0.0005431913679628614,0.0005629720278625238,0.0005433958293340181,1.0,0.08,40.0,1.0,0.00014852795194529171,0.0003276063927940054,0.000178291666377708,1.0,0.08,6.0,1.0,0.058944428418186014,0.07287102344054527,0.060000214583220246,1.0,0.12
04_external_impact_y12N_t0p25:0056,04_external_impact_y12N_t0p25,39.12499999999996,39.524999999999956,20.0,1.0,0.006618224405273547,0.006618272401039249,0.006618224405471513,1.0,0.06,20.0,1.0,0.0005179276512119579,0.000536833338282644,0.0005181230996667958,1.0,0.08,40.0,1.0,0.00015319254880771793,0.0003056223197637653,0.00018179069519676957,1.0,0.08,6.0,1.0,0.06652176035895409,0.07444756804923892,0.06689334208332874,1.0,0.12
04_external_impact_y12N_t0p25:0057,04_external_impact_y12N_t0p25,39.32499999999996,39.72499999999996,20.0,1.0,0.006618033972119418,0.0066182483683983415,0.006618033974907744,1.0,0.06,20.0,1.0,0.0004938957883166533,0.0005118338902233399,0.0004940798537193189,1.0,0.08,40.0,1.0,0.00014288265255087696,0.0002733177190318626,0.00017684676273865217,1.0,0.08,6.0,1.0,0.07304208918701871,0.08456026350902035,0.07364143080656506,1.0,0.12
04_external_impact_y12N_t0p25:0058,04_external_impact_y12N_t0p25,39.52499999999996,39.92499999999996,20.0,1.0,0.006617573486491821,0.006617992765502317,0.006617573495506366,1.0,0.06,20.0,1.0,0.0004712134745823271,0.00048809614949396065,0.0004713839000306071,1.0,0.08,40.0,1.0,0.0001266287708709221,0.0002458305958173924,0.00015941791005822612,1.0,0.08,6.0,1.0,0.06618649958802846,0.08456026350902035,0.0678399234405324,1.0,0.12
04_external_impact_y12N_t0p25:0059,04_external_impact_y12N_t0p25,39.72499999999996,40.12499999999996,20.0,1.0,0.0066168452601826685,0.0066174673253500795,0.006616845278936706,1.0,0.06,20.0,1.0,0.00044999175247831534,0.00046573636289355956,0.00045014648575475533,1.0,0.08,40.0,1.0,0.00014443656146960053,0.00030031279597215744,0.0001771693682481691,1.0,0.08,6.0,1.0,0.05212721540833517,0.05603543924872621,0.05223540072703932,1.0,0.12
04_external_impact_y12N_t0p25:0060,04_external_impact_y12N_t0p25,39.924999999999955,40.32499999999995,20.0,1.0,0.006615852914375389,0.006616674678567564,0.0066158529461918586,1.0,0.06,20.0,1.0,0.00043033440285006607,0.0004448639813444344,0.00043047170273339435,1.0,0.08,40.0,1.0,0.00018016801717629373,0.00034043384622047814,0.00021725921040991315,1.0,0.08,6.0,1.0,0.05694991079906082,0.06311769653145344,0.05725309113085678,1.0,0.12
04_external_impact_y12N_t0p25:0061,04_external_impact_y12N_t0p25,40.12499999999996,40.524999999999956,20.0,1.0,0.01785688965166486,0.05242842538293835,0.02903060423306208,0.9,0.06,20.0,1.0,0.020367012146635388,0.06553594308230869,0.0528328951670381,0.9,0.08,40.0,1.0,0.014966950432009898,0.06405775502310984,0.03659868334914751,0.9,0.08,6.0,1.0,0.052067273949582916,0.06614096130089597,0.05527169530124319,1.0,0.12
04_external_impact_y12N_t0p25:0062,04_external_impact_y12N_t0p25,40.32499999999996,40.72499999999996,20.0,1.0,0.021236370463498792,0.06251995422275071,0.033430195296715016,0.85,0.06,20.0,1.0,0.038656982654059584,0.11243850836773768,0.06953143012197369,0.8,0.08,40.0,1.0,0.03057854539454536,0.10288951213520935,0.05167125025780903,0.8,0.08,7.0,1.0,0.028278797241988857,0.05656207001336432,0.03681689871963909,1.0,0.12
05_wheel_block_left_f3N_tau0p08_t0p60:0000,05_wheel_block_left_f3N_tau0p08_t0p60,11.585,11.985000000000001,20.0,1.0,0.004668920803409249,0.010330086035981073,0.0069296868764880054,1.0,0.06,20.0,1.0,2.6732229972368967e-15,3.1234814404842357e-15,2.6919998525217986e-15,1.0,0.08,40.0,1.0,0.00014232122237889776,0.00031646991028380406,0.00018580959827082732,1.0,0.08,6.0,1.0,0.3040155126090805,0.31635492815419886,0.3041801062629393,0.0,0.12
05_wheel_block_left_f3N_tau0p08_t0p60:0001,05_wheel_block_left_f3N_tau0p08_t0p60,11.785,12.185,20.0,1.0,0.003639618033850478,0.01033008603598079,0.006111434347773845,1.0,0.06,20.0,1.0,3.2575139149804674e-15,3.709141500443816e-15,3.2779118618710314e-15,1.0,0.08,40.0,1.0,0.00016321262268976993,0.0003383044445417773,0.00021511310009318405,1.0,0.08,6.0,1.0,0.30541130492682067,0.3190430994444907,0.30559343181874743,0.0,0.12
05_wheel_block_left_f3N_tau0p08_t0p60:0002,05_wheel_block_left_f3N_tau0p08_t0p60,11.985,12.385,20.0,1.0,0.004668920803409085,0.01033008603598079,0.006929686876487914,1.0,0.06,20.0,1.0,3.925477226025936e-15,4.491582825066615e-15,3.9483859887903025e-15,1.0,0.08,40.0,1.0,0.00017829602899725324,0.0003495923366072438,0.00022725897347338934,1.0,0.08,6.0,1.0,0.3018525958872119,0.3121680114028938,0.3020243947842892,0.0,0.12
05_wheel_block_left_f3N_tau0p08_t0p60:0003,05_wheel_block_left_f3N_tau0p08_t0p60,12.184999999999999,12.584999999999999,20.0,1.0,0.004154269418629708,0.01033008603598079,0.006533383120302876,1.0,0.06,20.0,1.0,4.773130952871716e-15,5.464947469229214e-15,4.805768635581159e-15,1.0,0.08,40.0,1.0,0.00017190753688264723,0.00034464107477121957,0.00020509806878259414,1.0,0.08,6.0,1.0,0.30481353198583927,0.3138951924597895,0.3049085005774083,0.0,0.12
05_wheel_block_left_f3N_tau0p08_t0p60:0004,05_wheel_block_left_f3N_tau0p08_t0p60,12.384999999999998,12.784999999999998,20.0,1.0,0.013824625562390978,0.04854585540017114,0.024089645357294204,0.95,0.06,20.0,1.0,0.0184105818485363,0.06826499258351973,0.043171726915777746,0.9,0.08,40.0,1.0,0.0121719013020262,0.05445511198752593,0.028644250623232895,0.95,0.08,6.0,1.0,0.2999659877350396,0.3138951924597895,0.30049101594380484,0.0,0.12
05_wheel_block_left_f3N_tau0p08_t0p60:0005,05_wheel_block_left_f3N_tau0p08_t0p60,12.584999999999997,12.984999999999998,20.0,1.0,0.015396117528508535,0.04854585540017114,0.024405591575030694,0.95,0.06,20.0,1.0,0.03295590505958081,0.06935972150281032,0.04907909825896687,0.9,0.08,40.0,1.0,0.019469343818710617,0.06338870271294356,0.03340215704618565,0.95,0.08,6.0,1.0,0.25857385248775167,0.3011909739371006,0.26069319475357283,0.0,0.12
05_wheel_block_left_f3N_tau0p08_t0p60:0006,05_wheel_block_left_f3N_tau0p08_t0p60,12.784999999999997,13.184999999999997,20.0,1.0,0.0036048579691838585,0.007201264844956752,0.005679201163953733,1.0,0.06,20.0,1.0,0.024459881964883894,0.035312761716699476,0.027302111429980788,1.0,0.08,40.0,1.0,0.008288389202686952,0.026887377603937366,0.017305052562806244,1.0,0.08,6.0,1.0,0.23509735838939586,0.24736384538671682,0.23542992114508154,0.0,0.12
05_wheel_block_left_f3N_tau0p08_t0p60:0007,05_wheel_block_left_f3N_tau0p08_t0p60,12.984999999999996,13.384999999999996,20.0,1.0,0.002922545030438925,0.006430465548974107,0.004319831131310214,1.0,0.06,20.0,1.0,0.02082319735776983,0.024191790150181476,0.021039655648379816,1.0,0.08,40.0,1.0,0.002647568868839641,0.005963711548975306,0.003634280751372996,1.0,0.08,6.0,1.0,0.2402629122811555,0.2554985641286185,0.24052605986446335,0.0,0.12
05_wheel_block_left_f3N_tau0p08_t0p60:0008,05_wheel_block_left_f3N_tau0p08_t0p60,13.184999999999995,13.584999999999996,20.0,1.0,0.0025968681571592266,0.00642951429168378,0.004066112809760347,1.0,0.06,20.0,1.0,0.020634865177051005,0.02419536563771286,0.020838367476898326,1.0,0.08,40.0,1.0,0.002431924471907966,0.005963711548975306,0.003454937307941741,1.0,0.08,6.0,1.0,0.2346614925584932,0.2485538763904574,0.23512994590942882,0.0,0.12
05_wheel_block_left_f3N_tau0p08_t0p60:0009,05_wheel_block_left_f3N_tau0p08_t0p60,13.384999999999994,13.784999999999995,20.0,1.0,0.002354274193257168,0.00644892508867323,0.003877192451420486,1.0,0.06,20.0,1.0,0.03736689911197962,0.08866723832194463,0.053589552807663234,0.85,0.08,40.0,1.0,0.017537724065923518,0.06799282573348724,0.03981713615272897,0.9,0.08,6.0,1.0,0.23422223268112305,0.24565778852940084,0.23463024987143563,0.0,0.12
05_wheel_block_left_f3N_tau0p08_t0p60:0010,05_wheel_block_left_f3N_tau0p08_t0p60,13.584999999999994,13.984999999999994,20.0,1.0,0.00444131127331613,0.008898061608112271,0.0055463943976006526,1.0,0.06,20.0,1.0,0.05188710648912638,0.1435261685049262,0.07561152801808037,0.7,0.08,40.0,1.0,0.03641384072112338,0.11401005240325837,0.057998249556167024,0.8,0.08,6.0,1.0,0.19714177740702185,0.24263755172861912,0.20336363829647489,0.0,0.12
05_wheel_block_left_f3N_tau0p08_t0p60:0011,05_wheel_block_left_f3N_tau0p08_t0p60,13.784999999999993,14.184999999999993,20.0,1.0,0.0056415667182812285,0.010237626852865916,0.006392215227188554,1.0,0.06,20.0,1.0,0.025222664256357004,0.09628801038678894,0.05516802178933167,0.85,0.08,40.0,1.0,0.02059004724886033,0.07442494817902674,0.04226706226919056,0.9,0.08,6.0,1.0,0.14483808551359242,0.17995923371834505,0.148146629835629,0.0,0.12
05_wheel_block_left_f3N_tau0p08_t0p60:0012,05_wheel_block_left_f3N_tau0p08_t0p60,13.984999999999992,14.384999999999993,20.0,1.0,0.0067418596841874135,0.010237269221087284,0.007446214253426602,1.0,0.06,20.0,1.0,0.0029165477936030763,0.006463483529872219,0.0043309421804846706,1.0,0.08,40.0,1.0,0.0029348710356744273,0.006660621762520966,0.004064509364925161,1.0,0.08,6.0,1.0,0.13266794174002086,0.14828569320033702,0.13326491658180545,0.16666666666666666,0.12
05_wheel_block_left_f3N_tau0p08_t0p60:0013,05_wheel_block_left_f3N_tau0p08_t0p60,14.184999999999992,14.584999999999992,20.0,1.0,0.006422658860859064,0.010236497583869866,0.007137538508608086,1.0,0.06,20.0,1.0,0.0025909291359947836,0.006470246610035413,0.004089272824106361,1.0,0.08,40.0,1.0,0.002703568546863668,0.006654275250056479,0.0038416927130551556,1.0,0.08,6.0,1.0,0.12887389951154463,0.14519713368874398,0.12972425906904134,0.3333333333333333,0.12
05_wheel_block_left_f3N_tau0p08_t0p60:0014,05_wheel_block_left_f3N_tau0p08_t0p60,14.384999999999991,14.784999999999991,20.0,1.0,0.006787608418869055,0.010234590000183421,0.007783250266671472,1.0,0.06,20.0,1.0,0.002353711851141632,0.006493120939236369,0.003913130498451858,1.0,0.08,40.0,1.0,0.0024215179237053693,0.006509759937790902,0.0035391006626885467,1.0,0.08,6.0,1.0,0.13009609768562555,0.14287161854741992,0.13070326004092533,0.16666666666666666,0.12
05_wheel_block_left_f3N_tau0p08_t0p60:0015,05_wheel_block_left_f3N_tau0p08_t0p60,14.58499999999999,14.98499999999999,20.0,1.0,0.025226249905233984,0.0700074088697353,0.03880861676761202,0.85,0.06,20.0,1.0,0.02657537674911577,0.07303026461420938,0.04579011167400693,0.9,0.08,40.0,1.0,0.019959177046475603,0.061444476236302795,0.031214948484115785,1.0,0.08,7.0,1.0,0.07918048761636522,0.13551870974948024,0.09901885000781177,0.5714285714285714,0.12
05_wheel_block_left_f3N_tau0p08_t0p60:0016,05_wheel_block_left_f3N_tau0p08_t0p60,14.78499999999999,15.18499999999999,20.0,1.0,0.02101411311148289,0.0700074088697353,0.03823645500677307,0.85,0.06,20.0,1.0,0.024872276546491698,0.07303026461420938,0.04566857345168371,0.9,0.08,40.0,1.0,0.018400320697728702,0.061444476236302795,0.031068466946684584,1.0,0.08,7.0,1.0,0.022781321507527506,0.06370864845870168,0.04556999263760244,1.0,0.12
05_wheel_block_left_f3N_tau0p08_t0p60:0017,05_wheel_block_left_f3N_tau0p08_t0p60,14.984999999999989,15.38499999999999,20.0,1.0,2.7806749294765875e-13,7.711563595197379e-13,4.1710654545750056e-13,1.0,0.06,20.0,1.0,3.497568489286511e-14,1.1073392091867868e-13,6.40155346676818e-14,1.0,0.08,40.0,1.0,0.00017377018116342062,0.00032859375126333704,0.00021354063037652934,1.0,0.08,6.0,1.0,0.003924613790129937,0.005859736933161053,0.004238509392827844,1.0,0.12
05_wheel_block_left_f3N_tau0p08_t0p60:0018,05_wheel_block_left_f3N_tau0p08_t0p60,15.184999999999988,15.584999999999988,20.0,1.0,0.0012160359207626296,0.0005463046616411876,0.004390083507345201,1.0,0.06,20.0,1.0,0.00011415598464820768,5.106930452334548e-05,0.00041245021567311795,1.0,0.08,40.0,1.0,0.00023686257658557603,0.00047092300291925576,0.00038261591952626475,1.0,0.08,6.0,1.0,0.007054731901064146,0.013846069052274933,0.009599838276812394,1.0,0.12
05_wheel_block_left_f3N_tau0p08_t0p60:0019,05_wheel_block_left_f3N_tau0p08_t0p60,15.384999999999987,15.784999999999988,20.0,1.0,0.03492736493342084,0.11270265714669041,0.06255534309479178,0.8,0.06,20.0,1.0,0.0020687362709491306,0.0055091037725042095,0.0030137947261036605,1.0,0.08,40.0,1.0,0.002518892169018049,0.0050434526877534995,0.00455271316757018,1.0,0.08,6.0,1.0,0.09948768393326185,0.2219879892953859,0.13984806423400317,0.5,0.12
05_wheel_block_left_f3N_tau0p08_t0p60:0020,05_wheel_block_left_f3N_tau0p08_t0p60,15.584999999999987,15.984999999999987,20.0,1.0,0.035492177209834073,0.11270265714669041,0.06252664618350255,0.8,0.06,20.0,1.0,0.0020735650562324053,0.0055091037725042095,0.002990177961074826,1.0,0.08,40.0,1.0,0.002459057111337527,0.0050434526877534995,0.004541762458289756,1.0,0.08,6.0,1.0,0.2240332886237908,0.25942175666394723,0.22965018183425,0.0,0.12
05_wheel_block_left_f3N_tau0p08_t0p60:0021,05_wheel_block_left_f3N_tau0p08_t0p60,15.784999999999986,16.184999999999985,20.0,1.0,0.0017971831074759582,0.008855237479141997,0.003960290407262569,1.0,0.06,20.0,1.0,0.00023937997205213807,0.00024080240442752286,0.00023939669506995082,1.0,0.08,40.0,1.0,0.00017446538701461684,0.0003429648530315612,0.00021031360855489214,1.0,0.08,6.0,1.0,0.26248581518290814,0.27138451868388086,0.26259998171158955,0.0,0.12
05_wheel_block_left_f3N_tau0p08_t0p60:0022,05_wheel_block_left_f3N_tau0p08_t0p60,15.984999999999985,16.384999999999984,20.0,1.0,3.267051951385824e-05,3.2671597775441044e-05,3.267051952373814e-05,1.0,0.06,20.0,1.0,0.00024078426485082166,0.00024079359512984604,0.00024078426495491369,1.0,0.08,40.0,1.0,0.0001502386491682019,0.0003236959755258773,0.00020514294314868554,1.0,0.08,6.0,1.0,0.26330279307017457,0.27190665846577056,0.26341927783333946,0.0,0.12
05_wheel_block_left_f3N_tau0p08_t0p60:0023,05_wheel_block_left_f3N_tau0p08_t0p60,16.184999999999985,16.584999999999983,20.0,1.0,3.2671954944368806e-05,3.267307663669672e-05,3.267195495540142e-05,1.0,0.06,20.0,1.0,0.00024077198322405087,0.00024078131918965295,0.0002407719833282508,1.0,0.08,40.0,1.0,0.00013755781207716987,0.00027756826608260686,0.00018860287888059027,1.0,0.08,6.0,1.0,0.2586491410446357,0.26404500301035744,0.2586967094549282,0.0,0.12
05_wheel_block_left_f3N_tau0p08_t0p60:0024,05_wheel_block_left_f3N_tau0p08_t0p60,16.384999999999984,16.784999999999982,20.0,1.0,3.2673433080665504e-05,3.267456052976625e-05,3.2673433091856754e-05,1.0,0.06,20.0,1.0,0.00024075969826408287,0.000240769035187944,0.00024075969836830435,1.0,0.08,40.0,1.0,0.00014893411338413892,0.00027756826608260686,0.00017708525421209119,1.0,0.08,6.0,1.0,0.26060039867281504,0.26813840691864105,0.2606920646744484,0.0,0.12
05_wheel_block_left_f3N_tau0p08_t0p60:0025,05_wheel_block_left_f3N_tau0p08_t0p60,16.584999999999983,16.98499999999998,20.0,1.0,3.267491679597168e-05,3.267604487640074e-05,3.2674916807180926e-05,1.0,0.06,20.0,1.0,0.00024074741298218627,0.0002407567496707521,0.00024074741308640794,1.0,0.08,40.0,1.0,0.0001481846390237606,0.00028158500679650877,0.00017562605757830938,1.0,0.08,6.0,1.0,0.2613095748558389,0.2703601038310897,0.2614072463391182,0.0,0.12
05_wheel_block_left_f3N_tau0p08_t0p60:0026,05_wheel_block_left_f3N_tau0p08_t0p60,16.784999999999982,17.18499999999998,20.0,1.0,3.267640109753944e-05,3.2677529169045096e-05,3.267640110874881e-05,1.0,0.06,20.0,1.0,0.00024073512789981672,0.00024074446454940864,0.0002407351280040428,1.0,0.08,40.0,1.0,0.0001467428359701636,0.0003031101135873557,0.0001800010622982356,1.0,0.08,6.0,1.0,0.2596462398458406,0.26999459973683637,0.2597647982625223,0.0,0.12
05_wheel_block_left_f3N_tau0p08_t0p60:0027,05_wheel_block_left_f3N_tau0p08_t0p60,16.98499999999998,17.38499999999998,20.0,1.0,3.26778853542653e-05,3.267901331596157e-05,3.26778853654723e-05,1.0,0.06,20.0,1.0,0.00024072284287943133,0.00024073217947769907,0.0002407228429836616,1.0,0.08,40.0,1.0,0.00014541156525188815,0.000277829187118472,0.00017678440620280707,1.0,0.08,6.0,1.0,0.2596139482838488,0.2674040102123459,0.2597014198869398,0.0,0.12
05_wheel_block_left_f3N_tau0p08_t0p60:0028,05_wheel_block_left_f3N_tau0p08_t0p60,17.18499999999998,17.58499999999998,20.0,1.0,3.2679369472149446e-05,3.268049732986222e-05,3.2679369483353584e-05,1.0,0.06,20.0,1.0,0.0002407105579262878,0.0002407198944736367,0.00024071055803052223,1.0,0.08,40.0,1.0,0.00016764116067843654,0.0002969262777101941,0.00020321319474191462,1.0,0.08,6.0,1.0,0.26080779272018145,0.26536006685604685,0.2608388018859671,0.0,0.12
05_wheel_block_left_f3N_tau0p08_t0p60:0029,05_wheel_block_left_f3N_tau0p08_t0p60,17.38499999999998,17.78499999999998,20.0,1.0,3.26808534328954e-05,3.268198116676002e-05,3.268085344409673e-05,1.0,0.06,20.0,1.0,0.00024069827304238435,0.00024070760953560195,0.0002406982731466229,1.0,0.08,40.0,1.0,0.00017464000069558773,0.0003506339639661412,0.00021676656994998545,1.0,0.08,6.0,1.0,0.26617355199571024,0.2722201064151656,0.2662356766785931,0.0,0.12
05_wheel_block_left_f3N_tau0p08_t0p60:0030,05_wheel_block_left_f3N_tau0p08_t0p60,17.58499999999998,17.984999999999978,20.0,1.0,3.2682337249942406e-05,3.268346487552143e-05,3.268233726114112e-05,1.0,0.06,20.0,1.0,0.0002406859882248208,0.0002406953246691345,0.0002406859883290636,1.0,0.08,40.0,1.0,0.00016055609335908073,0.0003506339639661412,0.00020167518771026734,1.0,0.08,6.0,1.0,0.2685986418882621,0.27861670309847053,0.268726054848732,0.0,0.12
05_wheel_block_left_f3N_tau0p08_t0p60:0031,05_wheel_block_left_f3N_tau0p08_t0p60,17.78499999999998,18.184999999999977,20.0,1.0,3.26838209126018e-05,3.268494841699998e-05,3.268382092379744e-05,1.0,0.06,20.0,1.0,0.00024067370347899828,0.00024068303987112704,0.00024067370358324506,1.0,0.08,40.0,1.0,0.00016129270381767298,0.00031247420917614204,0.00020400727857704476,1.0,0.08,6.0,1.0,0.27057053020910315,0.2783244707798755,0.27069963995360286,0.0,0.12
05_wheel_block_left_f3N_tau0p08_t0p60:0032,05_wheel_block_left_f3N_tau0p08_t0p60,17.984999999999978,18.384999999999977,20.0,1.0,5.968098688360901e-05,0.00012836927570926141,7.41807120291769e-05,1.0,0.06,20.0,1.0,0.00021789442609651384,0.0002406707551415466,0.00022104172034381666,1.0,0.08,40.0,1.0,0.0001537345519188357,0.0002683478135217383,0.00019929053025196581,1.0,0.08,6.0,1.0,0.27448305961898906,0.278243897260219,0.27450360999066886,0.0,0.12
05_wheel_block_left_f3N_tau0p08_t0p60:0033,05_wheel_block_left_f3N_tau0p08_t0p60,18.184999999999977,18.584999999999976,20.0,1.0,0.00021082593912652992,0.00040828755260983177,0.00025366586147283266,1.0,0.06,20.0,1.0,0.0001275487967498836,0.00023360269672522587,0.0001494548738662679,1.0,0.08,40.0,1.0,0.00014721686400357437,0.00026337915924584286,0.00018805883135473032,1.0,0.08,6.0,1.0,0.27332796515760494,0.278243897260219,0.27335718427847683,0.0,0.12
05_wheel_block_left_f3N_tau0p08_t0p60:0034,05_wheel_block_left_f3N_tau0p08_t0p60,18.384999999999977,18.784999999999975,20.0,1.0,0.00047634513583598713,0.0006913116949608168,0.0005034573520881703,1.0,0.06,20.0,1.0,0.00015656458798648495,0.0003152834774050565,0.00019192796833249434,1.0,0.08,40.0,1.0,0.00015167448309595758,0.00029033951974145785,0.00018034206201034483,1.0,0.08,6.0,1.0,0.27458114276960055,0.28235136914904774,0.27464666425641593,0.0,0.12
05_wheel_block_left_f3N_tau0p08_t0p60:0035,05_wheel_block_left_f3N_tau0p08_t0p60,18.584999999999976,18.984999999999975,20.0,1.0,0.0005458343481460348,0.0007469129290285037,0.0005801065939531446,1.0,0.06,20.0,1.0,0.00023313706525491222,0.000362228352901245,0.00025409831224344043,1.0,0.08,40.0,1.0,0.00015791140244933698,0.0002893070587718797,0.00018514688219738897,1.0,0.08,6.0,1.0,0.2766377202914751,0.28357313934341666,0.2767057616945858,0.0,0.12
05_wheel_block_left_f3N_tau0p08_t0p60:0036,05_wheel_block_left_f3N_tau0p08_t0p60,18.784999999999975,19.184999999999974,20.0,1.0,0.0002535259704062348,0.0007245557765581113,0.0003781277985744002,1.0,0.06,20.0,1.0,0.00022671296589975103,0.00034355443262180674,0.00024298377511369526,1.0,0.08,40.0,1.0,0.00016172583977196688,0.00028883870191259746,0.00018884398875365069,1.0,0.08,6.0,1.0,0.2775076403965109,0.2823439415279514,0.2775413713034563,0.0,0.12
05_wheel_block_left_f3N_tau0p08_t0p60:0037,05_wheel_block_left_f3N_tau0p08_t0p60,18.984999999999975,19.384999999999973,20.0,1.0,3.2892657748623264e-05,3.268680048639783e-05,3.2905038032840865e-05,1.0,0.06,20.0,1.0,0.0002404790631757285,0.000240667701698155,0.00024048034201863057,1.0,0.08,40.0,1.0,0.00015281445324814158,0.0002916343565891255,0.00018370125373764332,1.0,0.08,6.0,1.0,0.27648929503371816,0.28040804007512293,0.27652245306474765,0.0,0.12
05_wheel_block_left_f3N_tau0p08_t0p60:0038,05_wheel_block_left_f3N_tau0p08_t0p60,19.184999999999974,19.584999999999972,20.0,1.0,0.012204946377932957,0.04100761304966875,0.021579145462126,1.0,0.06,20.0,1.0,0.038559097920522825,0.11723880668425748,0.07068194969674206,0.8,0.08,40.0,1.0,0.02600826336311171,0.09017651524497988,0.04712429090777468,0.85,0.08,6.0,1.0,0.2578795434198364,0.27595381755829107,0.2594203344979744,0.0,0.12
05_wheel_block_left_f3N_tau0p08_t0p60:0039,05_wheel_block_left_f3N_tau0p08_t0p60,19.384999999999973,19.78499999999997,20.0,1.0,0.013224692632913999,0.04100761304966875,0.02163893220170923,1.0,0.06,20.0,1.0,0.05060963799263406,0.11723880668425748,0.07297799986467272,0.8,0.08,40.0,1.0,0.028048015286983353,0.09017651524497988,0.04762290512363474,0.85,0.08,6.0,1.0,0.2227394480130409,0.2654754319176866,0.22480820361367468,0.0,0.12
05_wheel_block_left_f3N_tau0p08_t0p60:0040,05_wheel_block_left_f3N_tau0p08_t0p60,19.584999999999972,19.98499999999997,20.0,1.0,0.002071558594093419,0.0024729578824251143,0.0021927278515314454,1.0,0.06,20.0,1.0,0.022530070654706184,0.02486909541514223,0.02337132019550561,1.0,0.08,40.0,1.0,0.002321443242057436,0.0029883801991241665,0.006882478281503192,1.0,0.08,6.0,1.0,0.2000742333527178,0.21583440447629582,0.20059365560613543,0.0,0.12
05_wheel_block_left_f3N_tau0p08_t0p60:0041,05_wheel_block_left_f3N_tau0p08_t0p60,19.78499999999997,20.18499999999997,20.0,1.0,0.001193307657465456,0.0024382079387707868,0.001525559792947311,1.0,0.06,20.0,1.0,0.024940440298865055,0.030723041322043215,0.02535950800000781,1.0,0.08,40.0,1.0,0.00047372035500949235,0.0008900315095929704,0.0005868096675399308,1.0,0.08,6.0,1.0,0.19820811573416564,0.215479823609805,0.19878070723611477,0.0,0.12
05_wheel_block_left_f3N_tau0p08_t0p60:0042,05_wheel_block_left_f3N_tau0p08_t0p60,19.98499999999997,20.38499999999997,20.0,1.0,0.00020560188588124724,0.0005542339147396744,0.00032900189425253025,1.0,0.06,20.0,1.0,0.02997684349423042,0.03079300953347393,0.030013578287783418,1.0,0.08,40.0,1.0,0.00036621859699095957,0.0008464090934113936,0.0005149190296709269,1.0,0.08,6.0,1.0,0.18974799812764184,0.20513658793353978,0.19040028099053113,0.0,0.12
05_wheel_block_left_f3N_tau0p08_t0p60:0043,05_wheel_block_left_f3N_tau0p08_t0p60,20.18499999999997,20.58499999999997,20.0,1.0,9.654463351672083e-05,9.811757591947357e-05,9.655177228902531e-05,1.0,0.06,20.0,1.0,0.03079429238519763,0.030798795883754383,0.030794292590522573,1.0,0.08,40.0,1.0,0.0001986103621577695,0.00039134665188031437,0.00023559877620503173,1.0,0.08,6.0,1.0,0.1914641472377611,0.2096846973660443,0.19226549916551777,0.0,0.12
05_wheel_block_left_f3N_tau0p08_t0p60:0044,05_wheel_block_left_f3N_tau0p08_t0p60,20.38499999999997,20.784999999999968,20.0,1.0,9.868380135803767e-05,0.00010041319104577285,9.869227863774147e-05,1.0,0.06,20.0,1.0,0.03079973099258417,0.030803140547299566,0.030799731113600553,1.0,0.08,40.0,1.0,0.000173784133574105,0.00031704998032093816,0.0002096060175879889,1.0,0.08,6.0,1.0,0.20154846092308934,0.21508946594699152,0.20198836199650555,0.0,0.12
05_wheel_block_left_f3N_tau0p08_t0p60:0045,05_wheel_block_left_f3N_tau0p08_t0p60,20.58499999999997,20.984999999999967,20.0,1.0,0.00010102567548814501,0.00010290446636280759,0.0001010354826938258,1.0,0.06,20.0,1.0,0.03080372412007587,0.030806025904659952,0.030803724178385537,1.0,0.08,40.0,1.0,0.0001681886345113251,0.00030305800463656943,0.00020877733083380425,1.0,0.08,6.0,1.0,0.197090937746225,0.21082607723239696,0.1974823278203754,0.0,0.12
05_wheel_block_left_f3N_tau0p08_t0p60:0046,05_wheel_block_left_f3N_tau0p08_t0p60,20.784999999999968,21.184999999999967,20.0,1.0,0.0002964004897166028,0.0008426907680379104,0.0005479412618836384,1.0,0.06,20.0,1.0,0.02958162745065255,0.030806426724771803,0.029685377466312866,1.0,0.08,40.0,1.0,0.0006547307198861901,0.001956642462374559,0.0011151108494099485,1.0,0.08,6.0,1.0,0.18668713675715595,0.19672643557495617,0.1870523236745577,0.0,0.12
05_wheel_block_left_f3N_tau0p08_t0p60:0047,05_wheel_block_left_f3N_tau0p08_t0p60,20.984999999999967,21.384999999999966,20.0,1.0,0.0028546766338022876,0.006506135485960579,0.003864251105739412,1.0,0.06,20.0,1.0,0.07585538234155971,0.25222588063114115,0.12378817836668592,0.75,0.08,40.0,1.0,0.038893982652152694,0.16030490283665477,0.08151224719062256,0.8,0.08,6.0,1.0,0.16472480894085656,0.1868840043753014,0.16603964479538258,0.0,0.12
05_wheel_block_left_f3N_tau0p08_t0p60:0048,05_wheel_block_left_f3N_tau0p08_t0p60,21.184999999999967,21.584999999999965,20.0,1.0,0.0058240849221098375,0.006617703771119374,0.005943288304869263,1.0,0.06,20.0,1.0,0.07823973824424246,0.25222588063114115,0.1305428907930942,0.65,0.08,40.0,1.0,0.05679624437268378,0.16927092923043102,0.09507293662102168,0.7,0.08,7.0,1.0,0.1075427693543719,0.16280514801400248,0.11604851794767693,0.5714285714285714,0.12
05_wheel_block_left_f3N_tau0p08_t0p60:0049,05_wheel_block_left_f3N_tau0p08_t0p60,21.384999999999966,21.784999999999965,20.0,1.0,0.006523700729462833,0.006618124489105512,0.006525673326508259,1.0,0.06,20.0,1.0,0.01684157338193076,0.04813579711760793,0.04609582146239488,0.9,0.08,40.0,1.0,0.018556318940807077,0.07402070203328816,0.04894750841173452,0.9,0.08,7.0,1.0,0.07840713120014431,0.1069957211805511,0.08168523667701404,1.0,0.12
05_wheel_block_left_f3N_tau0p08_t0p60:0050,05_wheel_block_left_f3N_tau0p08_t0p60,21.584999999999965,21.984999999999964,20.0,1.0,0.00661814031569463,0.006618272748841561,0.006618140317037853,1.0,0.06,20.0,1.0,0.0005436034347976876,0.0005633972698391221,0.0005438080203831486,1.0,0.08,40.0,1.0,0.00018279710197181555,0.00033415783119390425,0.00021481203261536298,1.0,0.08,6.0,1.0,0.08293718874781585,0.09467962539669036,0.08390581272703422,1.0,0.12
05_wheel_block_left_f3N_tau0p08_t0p60:0051,05_wheel_block_left_f3N_tau0p08_t0p60,21.784999999999965,22.184999999999963,20.0,1.0,0.006618225247584104,0.006618272748841561,0.0066182252477705985,1.0,0.06,20.0,1.0,0.0005183210647366543,0.0005372414419208716,0.0005185166757110589,1.0,0.08,40.0,1.0,0.00016999354810654787,0.0002973248417113772,0.000199465550578621,1.0,0.08,6.0,1.0,0.08214063350349744,0.08881169695370357,0.08233195441599352,1.0,0.12
05_wheel_block_left_f3N_tau0p08_t0p60:0052,05_wheel_block_left_f3N_tau0p08_t0p60,21.984999999999964,22.384999999999962,20.0,1.0,0.006618039131672556,0.006618250250022819,0.006618039134390828,1.0,0.06,20.0,1.0,0.0004942686205302999,0.0005122228514449712,0.0004944528855524115,1.0,0.08,40.0,1.0,0.0001429181401533891,0.00026097870909113643,0.00018344805120611203,1.0,0.08,6.0,1.0,0.07932792627371982,0.082817462004843,0.0794045632706933,1.0,0.12
05_wheel_block_left_f3N_tau0p08_t0p60:0053,05_wheel_block_left_f3N_tau0p08_t0p60,22.184999999999963,22.58499999999996,20.0,1.0,0.006617582936925619,0.006617998963111921,0.00661758294581292,1.0,0.06,20.0,1.0,0.0004715639006601241,0.0004884640655871575,0.00047173456036549204,1.0,0.08,40.0,1.0,0.00013950109092061846,0.00027568106335487674,0.00018491913355858446,1.0,0.08,6.0,1.0,0.07810349525196035,0.08185828571132672,0.07817000468427711,1.0,0.12
05_wheel_block_left_f3N_tau0p08_t0p60:0054,05_wheel_block_left_f3N_tau0p08_t0p60,22.384999999999962,22.78499999999996,20.0,1.0,0.0066168589541947456,0.006617477808044536,0.006616858972766857,1.0,0.06,20.0,1.0,0.0004503180581344246,0.00046608143199472485,0.0004504730562275953,1.0,0.08,40.0,1.0,0.00015026389142136636,0.00032034829613935564,0.0001900922907053665,1.0,0.08,6.0,1.0,0.06876249025134067,0.07900178225044963,0.06954338562480374,1.0,0.12
05_wheel_block_left_f3N_tau0p08_t0p60:0055,05_wheel_block_left_f3N_tau0p08_t0p60,22.58499999999996,22.98499999999996,20.0,1.0,0.006615870783745278,0.006616689393727837,0.006615870815328693,1.0,0.06,20.0,1.0,0.0004306348780725999,0.00044518451639760095,0.00043077247131144967,1.0,0.08,40.0,1.0,0.00013837368539131452,0.00031885209074635217,0.00018710397401618575,1.0,0.08,6.0,1.0,0.06265875647705221,0.07746915756516513,0.06414545349017456,1.0,0.12
05_wheel_block_left_f3N_tau0p08_t0p60:0056,05_wheel_block_left_f3N_tau0p08_t0p60,22.78499999999996,23.18499999999996,20.0,1.0,0.011560709003389135,0.022427221337258507,0.01702883568994826,1.0,0.06,20.0,1.0,0.007716842278638693,0.025509010257521603,0.019363178102907816,1.0,0.08,40.0,1.0,0.01073663679506005,0.039902841099274534,0.028905473255561497,0.95,0.08,6.0,1.0,0.05695684629770378,0.08019290944751226,0.06167626462317923,1.0,0.12
05_wheel_block_left_f3N_tau0p08_t0p60:0057,05_wheel_block_left_f3N_tau0p08_t0p60,22.98499999999996,23.38499999999996,20.0,1.0,0.01777348983567959,0.054933257974107946,0.028171665332496352,0.95,0.06,20.0,1.0,0.03284391947711683,0.09925333401272284,0.06117009734313911,0.85,0.08,40.0,1.0,0.030803651524936405,0.09712269441485255,0.05225937608957623,0.85,0.08,6.0,1.0,0.028475810737337116,0.06529458312031602,0.038979977674718704,1.0,0.12
