window_id,run_id,window_start_sec,window_end_sec,wheel_lidar_vx_residual_mean,wheel_lidar_vx_residual_abs_mean,wheel_lidar_vx_residual_abs_max,wheel_lidar_vx_residual_std,wheel_lidar_vx_residual_persistence,wheel_lidar_vx_normalized_residual_mean,wheel_lidar_vx_normalized_residual_abs_mean,wheel_lidar_vx_normalized_residual_abs_max,wheel_lidar_vx_normalized_residual_std,wheel_lidar_vx_normalized_residual_persistence,wheel_imu_yaw_residual_mean,wheel_imu_yaw_residual_abs_mean,wheel_imu_yaw_residual_abs_max,wheel_imu_yaw_residual_std,wheel_imu_yaw_residual_persistence,wheel_lidar_yaw_residual_mean,wheel_lidar_yaw_residual_abs_mean,wheel_lidar_yaw_residual_abs_max,wheel_lidar_yaw_residual_std,wheel_lidar_yaw_residual_persistence,imu_lidar_yaw_residual_mean,imu_lidar_yaw_residual_abs_mean,imu_lidar_yaw_residual_abs_max,imu_lidar_yaw_residual_std,imu_lidar_yaw_residual_persistence,wheel_vx_abs_mean,wheel_yaw_rate_abs_mean,imu_yaw_rate_abs_mean,lidar_vx_abs_mean,lidar_yaw_rate_abs_mean,imu_horizontal_accel_rms,imu_horizontal_accel_std,imu_horizontal_accel_mad,imu_roll_pitch_gyro_energy,icp_valid_fraction,icp_rmse_mean,icp_rmse_max,icp_rmse_std,icp_inlier_ratio_mean,icp_inlier_ratio_min,icp_inlier_ratio_std,icp_observability_mean,icp_observability_min,icp_observability_std,wheel_translation_reliable,wheel_rotation_reliable,imu_yaw_rate_reliable,lidar_translation_reliable
00_normal_v2:0000,00_normal_v2,38.859,39.259,0.2566188039774187,0.2566188039774187,0.3391421633034842,0.1131186438330913,0.8333333333333334,1.8443099817989834,1.8443099817989834,3.5834158851969242,1.0170040670610359,0.16666666666666666,-4.568256946244732e-05,0.0001835728823509246,0.0005289952020521171,0.00021354224811207374,0.0,-0.0005529024341468721,0.000666926689277781,0.001357256828609444,0.000567553206539447,0.0,-0.0004695603967023938,0.0005435302904909936,0.0013305687819296604,0.0005352176487812026,0.0,0.2974999999805432,3.3644173012211915e-16,0.00017772613992048672,0.03699891872639226,0.0006669266892774139,2.373879777936513,2.1556426900760295,0.005936064601701261,9.151076814735156e-08,1.0,0.008435948399415957,0.010541978134219908,0.002409135623782396,0.9333333333333332,0.8777777777777778,0.04958676977405884,0.5606596304487909,0.5399814162633556,0.014339311588778441,0,1,1,0
00_normal_v2:0001,00_normal_v2,39.059000000000005,39.459,0.2979047560627449,0.2979047560627449,0.30583734830438025,0.004958005114851441,1.0,1.8750942992751642,1.8750942992751642,2.13869550047415,0.13965880821857365,0.0,2.879528227078934e-05,0.00016158575860332193,0.0006321422527150345,0.00021096606168925956,0.0,-0.0003698462211161097,0.0007994383943282758,0.0015713489464789746,0.0008516712207282943,0.0,-0.00030980531694801733,0.0007150698151938474,0.001457700768146144,0.000805785419331623,0.0,0.3499999999903247,1.7792035651044179e-16,0.00014828100930056273,0.05209524392757986,0.0007994383943278311,0.013128724471578021,0.006311529408352233,0.004665852819111556,9.104086170922673e-08,1.0,0.00999781670819206,0.010610036841538101,0.0006407278793317266,0.8879629629629631,0.8555555555555555,0.01709831973390686,0.5477864157307594,0.5399814162633556,0.007828723777299252,1,1,1,0
00_normal_v2:0002,00_normal_v2,39.25900000000001,39.659000000000006,0.30117687653355274,0.30117687653355274,0.31172720100457624,0.007080219375056552,1.0,1.8955287122998683,1.8955287122998683,2.13869550047415,0.1530682972997201,0.0,4.271266617318964e-05,0.0001732740398590923,0.0006321422527150345,0.0002277050176704998,0.0,-0.0005460770652653731,0.0008616449833466302,0.0015713489464789746,0.000783200960058532,0.0,-0.000515143111572951,0.0008464377160301812,0.001457700768146144,0.0008143328072782786,0.0,0.3499999999903339,3.5584071302088357e-16,0.0001772976617303604,0.04882312345677983,0.0008616449833471641,0.01508308665160857,0.007171875733338602,0.004377403726786526,7.125579341234496e-08,1.0,0.010003752385253584,0.010610036841538101,0.0006589932904782441,0.8944444444444445,0.8555555555555555,0.020030840419244418,0.5359578716386177,0.5128372049444958,0.014647063722657309,1,1,1,0
00_normal_v2:0003,00_normal_v2,39.45900000000001,39.85900000000001,0.3071081404039306,0.3071081404039306,0.31730038764509116,0.0068257785530196,1.0,1.9628721430617861,1.9628721430617861,2.239561395295708,0.1591035021941489,0.0,1.553332505033304e-06,0.0001476829507620378,0.0003465149197942727,0.0001783201005742274,0.0,-0.0003849813929945472,0.0005094508010680299,0.0010791148055206844,0.0004811590729742756,0.0,-0.00040807355844389633,0.0005384478298392376,0.0010876995689597397,0.0005368253940243532,0.0,0.34999999999034503,3.5584071302088357e-16,0.00017136271313269644,0.04289185958641312,0.0005094508010685636,0.015265981756327065,0.007485820335907484,0.004172586593160266,7.561266266495858e-08,1.0,0.009833264219387695,0.010493735195457462,0.0006270507945931801,0.9037037037037038,0.8777777777777778,0.016563466499998472,0.5092815976095706,0.47879767764928344,0.019363374090178194,1,1,1,0
00_normal_v2:0004,00_normal_v2,39.65900000000001,40.05900000000001,0.3058428673723109,0.3058428673723109,0.31730038764509116,0.006845519981305222,1.0,1.9403402261329088,1.9403402261329088,2.239561395295708,0.1516636543044276,0.0,-2.3775243227205038e-05,0.0001290596301405761,0.00040290756051428666,0.0001611750760463106,0.0,-0.00019282846541427378,0.00040320251835005105,0.0007745603050502467,0.00043107661567908716,0.0,-0.0001502622350756978,0.00047225400293406827,0.000901129969168314,0.0005188137127400778,0.0,0.3499999999903469,0.0,0.00015633990295253292,0.044157132618036,0.00040320251835005105,0.014980743750104322,0.006885648714294471,0.0046795656116115055,9.151771560313636e-08,1.0,0.009910016964337203,0.010493735195457462,0.0005992096970589403,0.9046296296296297,0.8777777777777778,0.01338595582851942,0.4977755370864932,0.47879767764928344,0.010349839182878769,1,1,1,0
00_normal_v2:0005,00_normal_v2,39.859000000000016,40.259000000000015,0.3072925565578483,0.3072925565578483,0.3179519432531377,0.006297012932764134,1.0,1.9848580605372375,1.9848580605372375,2.1849958686855557,0.13119610408308557,0.0,-5.3801360237748637e-05,0.0001164089752660085,0.00040290756051428666,0.00014281638940567953,0.0,-0.00044489690291466157,0.000530801547776956,0.0011881650527198401,0.00046928213400211844,0.0,-0.0004214625407432239,0.000613080037206253,0.0012574204242857855,0.0005997278187619732,0.0,0.3499999999903247,0.0,0.00013472098189238382,0.04270744343247643,0.000530801547776956,0.014864591753161932,0.0069718094762546545,0.0033594391137619284,8.134454430396561e-08,1.0,0.009702894687704036,0.010402894209626364,0.0005237325672875735,0.8953703703703703,0.8611111111111112,0.015849298859836734,0.5005600449895325,0.48829099030158957,0.007710861289786718,1,1,1,0
00_normal_v2:0006,00_normal_v2,40.05900000000002,40.45900000000002,0.31137990514128927,0.31137990514128927,0.3191135072728491,0.006084854558120191,1.0,2.099190681920903,2.099190681920903,2.2641069386086605,0.1337519730002317,0.0,4.09325586746543e-05,0.00013877890632132508,0.0003317057992266352,0.00016960798489300586,0.0,-0.00046431188285939493,0.0007163288213721625,0.0015327006152292386,0.0007239880811902733,0.0,-0.0005435038547766436,0.0007315584503432619,0.0014734022296161852,0.0006630050806539834,0.0,0.3499999999903028,0.0,0.0001350870916921612,0.038620094849013506,0.0007163288213721625,0.015321640876819089,0.0071950719759927804,0.0038588156070516032,9.905045845346681e-08,1.0,0.00924830403142905,0.010377298217369426,0.0005209614184625193,0.8880952380952383,0.8611111111111112,0.014063527894182021,0.501324618422046,0.48829099030158957,0.007686605843665703,1,1,1,0
00_normal_v2:0007,00_normal_v2,40.25900000000002,40.65900000000002,0.3143732806985523,0.3143732806985523,0.32172857852836806,0.007032875183108637,1.0,2.1677665012433,2.1677665012433,2.333615165659199,0.15895413810716044,0.0,4.4597757533803684e-05,0.00013682531297511973,0.0003317057992266352,0.00016661556816386668,0.0,-0.0003801387889380259,0.0006321557274507934,0.0015327006152292386,0.0006654992005237149,0.0,-0.0003779454249264671,0.0005924170306887041,0.0014734022296161852,0.0006067733149781952,0.0,0.3499999999903028,0.0,0.0001650247396447959,0.03562671929175044,0.0006321557274507934,0.016031303766067838,0.00786596900848785,0.006212386313613852,1.228022605131891e-07,1.0,0.00902731236319314,0.010377298217369426,0.0006227883959826137,0.8857142857142856,0.8722222222222222,0.010225475179940584,0.4976834630415236,0.48197650534093556,0.008894003518733389,1,1,1,0
00_normal_v2:0008,00_normal_v2,40.459000000000024,40.85900000000002,0.31678776469330416,0.31678776469330416,0.32172857852836806,0.004393967491405236,1.0,2.2382558984894936,2.2382558984894936,2.3479491718041867,0.12741107510318567,0.0,-2.25872888525201e-05,9.24466605122046e-05,0.0003740679072023257,0.00012161676679299699,0.0,-0.00028589059842548794,0.0004072865154150698,0.0006156153316386288,0.00033819358942113834,0.0,-0.00024316582550801472,0.00036775236171560045,0.0006125368338497154,0.0003306792071409326,0.0,0.3499999999903025,0.0,0.0001383199100948543,0.03321223529699832,0.0004072865154150698,0.014740273774194219,0.006972579454806131,0.005519926121979289,8.012696684040135e-08,1.0,0.008766521393260297,0.009719281290986578,0.000526847212039583,0.8787037037037037,0.8722222222222222,0.003817690394090413,0.49494739248195535,0.48197650534093556,0.007209544721340222,1,1,1,0
00_normal_v2:0009,00_normal_v2,40.65900000000003,41.059000000000026,0.27247984642649187,0.27247984642649187,0.3203817224866457,0.059932553341704574,1.0,1.7301126738983197,1.7301126738983197,2.3479491718041867,0.646754268831133,0.0,0.01354780942308278,0.013662149450466926,0.109874420027415,0.0325280504002532,0.1,0.07284880483443766,0.07316690999194013,0.2202237624357428,0.10323587952812428,0.3333333333333333,0.06243584678369072,0.06279172357839234,0.20335449004655065,0.0890359003981348,0.3333333333333333,0.32074999999503895,0.04949999997841616,0.03842489033349193,0.03534704324526521,0.0006805118761804716,0.837128308003607,0.8025019921371092,0.007166637361057753,6.51370161260089e-08,1.0,0.011042446159453427,0.019709377266513492,0.003967179644718849,0.8925925925925927,0.8722222222222222,0.03328185325113228,0.5048623551772903,0.4909077626590924,0.007854983850031697,1,1,1,0
00_normal_v2:0010,00_normal_v2,40.85900000000003,41.25900000000003,0.23602288876571265,0.23602288876571265,0.30837194737968504,0.04367261604237582,1.0,1.0315616593847492,1.0315616593847492,2.069300587947916,0.468642050906453,0.0,0.022040354613614588,0.022096470226130916,0.109874420027415,0.029997644499296997,0.1,0.1834495727992249,0.18346115857075088,0.22252578716660978,0.08207005311684876,0.8333333333333334,0.1643439693301717,0.16439670331353018,0.20528930363116032,0.07446703107249586,0.8333333333333334,0.2557499999963672,0.1594999999485857,0.13984716797406627,0.028108949460608587,0.0010047299531158937,0.837782396456831,0.7977332299873547,0.012148437478419736,9.420995783278654e-08,1.0,0.016264154432143397,0.019709377266513492,0.004429654412202083,0.887962962962963,0.8611111111111112,0.03592067544679781,0.5119547495990349,0.49783059524311984,0.010994322631054845,1,1,1,0
00_normal_v2:0011,00_normal_v2,41.05900000000003,41.45900000000003,0.24007182184616807,0.24007182184616807,0.2529651025425598,0.01034811435620575,1.0,0.8180170819537221,0.8180170819537221,0.8736915304117697,0.036088902591796354,0.0,0.01762940801193435,0.01762940801193435,0.018735290627614892,0.0007807289728881595,0.0,0.22170457979412375,0.22170457979412375,0.22290689022185253,0.0011242626188099495,1.0,0.20390315664331013,0.20390315664331013,0.20528930363116032,0.0010534253782630248,1.0,0.21999999999300163,0.21999999993989366,0.2023227661314591,0.020071821853158558,0.0017345493225440565,0.04825061573046929,0.008729927034507994,0.006451978254880648,8.217296350530563e-08,1.0,0.019091113887431493,0.019665915905250513,0.00039901813672478666,0.8740740740740741,0.8611111111111112,0.01047565601757848,0.5326053040398807,0.49783059524311984,0.02964475727670638,1,1,1,0
00_normal_v2:0012,00_normal_v2,41.259000000000036,41.659000000000034,0.24271765696961123,0.24271765696961123,0.2604119360791024,0.011573880160502724,1.0,0.8422222086404795,0.8422222086404795,0.8853466417047241,0.03373199170586434,0.0,0.018250414955739976,0.018250414955739976,0.018735290627614892,0.00019580569321170862,0.0,0.2225400675871971,0.2225400675871971,0.22333055796110848,0.0005572824289793671,1.0,0.20436662361296856,0.20436662361296856,0.20529634349370748,0.0005908406351424452,1.0,0.2199999999931057,0.21999999993913216,0.20171739395057306,0.022717656976483893,0.0025400676481759786,0.04373527559077311,0.0099660117387752,0.006856268899028111,7.077913780197569e-08,1.0,0.018731879376863946,0.019316090568267393,0.0005011116496040221,0.8759259259259258,0.8555555555555555,0.012695656667409353,0.576032907550513,0.5137932561685312,0.03153316530633421,1,1,1,0
00_normal_v2:0013,00_normal_v2,41.45900000000004,41.85900000000004,0.24065372931677242,0.24065372931677242,0.2604119360791024,0.009953184280031313,1.0,0.8580221498986828,0.8580221498986828,0.8853466417047241,0.02108203770918105,0.0,0.018201938356640184,0.018201938356640184,0.01854709464958132,0.00017533064619717836,0.0,0.223231790094091,0.223231790094091,0.22422005136047402,0.0007408211362429926,1.0,0.2049868631660402,0.2049868631660402,0.2058967768812527,0.0006782705905701047,1.0,0.21999999999323422,0.21999999993847313,0.20175634636080622,0.02065372932351411,0.0032317901557414753,0.044803052988942646,0.01106313367060953,0.006982242053359743,9.311802723395201e-08,1.0,0.01821228953923831,0.019302237776642927,0.0005440255182981047,0.8675925925925926,0.8555555555555555,0.010837685102518155,0.6051362050924475,0.5875159171026989,0.01308937414440673,1,1,1,0
00_normal_v2:0014,00_normal_v2,41.65900000000004,42.05900000000004,0.22221099039083092,0.22221099039083092,0.23796819686059123,0.021244444061420724,1.0,0.8998608002278402,0.8998608002278402,1.2321164840582965,0.15195917771282708,0.0,0.011276455775505437,0.021569116309628905,0.08872448676831937,0.02400501054556,0.0,0.14978645888873132,0.22344490265548453,0.2247868040327642,0.16581061154986215,1.0,0.13674367347955596,0.20588534789319798,0.20742502324092604,0.15391756441339013,1.0,0.21999999999344683,0.21999999992303537,0.1967625772923332,0.01689159222679845,0.003444902717092311,0.6531247834191577,0.6244326969622136,0.008589612976008295,9.373983987006072e-08,1.0,0.01651342718087417,0.019075238650476358,0.0034736065073942544,0.8805555555555556,0.8555555555555555,0.04116987791743649,0.6234946291690453,0.5917659008531788,0.02306094833338616,1,0,1,0
00_normal_v2:0015,00_normal_v2,41.859000000000044,42.25900000000004,0.17079616792434404,0.17079616792434404,0.2280342224161974,0.04276988727313808,1.0,0.699674242366695,0.699674242366695,1.2321164840582965,0.2883837570282183,0.0,0.0014880493561874875,0.01323250301872994,0.08872448676831937,0.023264267954224527,0.0,-0.07241574211096093,0.22187091151372904,0.2247868040327642,0.20972823244372626,1.0,-0.0763240667825552,0.21351316473514373,0.22202926449196755,0.1995367841620859,1.0,0.21999999999309572,0.21999999992607994,0.2053511966928645,0.05359557484573264,0.001904615189700859,0.6530476459615007,0.6245721614332457,0.0077775673647591005,7.83775350236251e-08,1.0,0.017102071503921647,0.019977609755118905,0.0037784249849936724,0.85,0.7888888888888889,0.06119522830317891,0.6283441084536835,0.5884839625738728,0.023993329488822004,1,0,1,0
00_normal_v2:0016,00_normal_v2,42.05900000000005,42.459000000000046,0.13214272246086212,0.13214272246086212,0.1376809039162048,0.005533738196381535,1.0,0.46988682650731456,0.46988682650731456,0.5096390382138842,0.036235577599835186,0.0,-0.0006877375524734081,0.0008057700601073025,0.009634937646234132,0.002275274942687234,0.0,-0.22014405920089475,0.22014405920089475,0.22198574053638995,0.0008432272507187445,1.0,-0.220199602257288,0.220199602257288,0.22202926449196755,0.0008394346045073183,1.0,0.21999999999254313,0.21999999994430888,0.21949879913446096,0.08785727753163791,0.0005178542745018852,0.048347047590987895,0.007450026212100039,0.004769438013084607,7.993335910240377e-08,1.0,0.018330656458355764,0.019977609755118905,0.000943096066394123,0.7925925925925926,0.7777777777777778,0.012695656667409341,0.6032848649397264,0.57957398485945,0.023644594673671027,1,1,1,0
00_normal_v2:0017,00_normal_v2,42.25900000000005,42.65900000000005,0.13068763227189661,0.13068763227189661,0.1400124055495667,0.005894389283089288,1.0,0.4789203521394101,0.4789203521394101,0.5392007298596857,0.04222674363519212,0.0,-2.1516167646520867e-05,0.00011893685920141561,0.00035417624115574586,0.00015416277206885918,0.0,-0.21950473924175704,0.21950473924175704,0.22140878043515566,0.0010603175128417704,1.0,-0.21949884252005392,0.21949884252005392,0.22150282173982358,0.0011470633209842188,1.0,0.21999999999255176,0.2199999999439317,0.219989168584296,0.08931236772066749,0.0009648541992066691,0.048837389874749754,0.008149100046953682,0.00510976656555889,7.480296480429086e-08,1.0,0.01778746463472008,0.019908061743196055,0.0010324589115344388,0.7787037037037038,0.7611111111111111,0.01484372179803835,0.5744644374357823,0.5409650237596858,0.021097544315050783,1,1,1,0
00_normal_v2:0018,00_normal_v2,42.45900000000005,42.85900000000005,0.12833298613333557,0.12833298613333557,0.1400124055495667,0.007646554030910632,1.0,0.46510748201297636,0.46510748201297636,0.5392007298596857,0.054141163810008636,0.0,-2.2597757545256282e-05,0.0001580723212609103,0.00035417624115574586,0.00018595188542978313,0.0,-0.21937628853142996,0.21937628853142996,0.22140878043515566,0.0012460903446431797,1.0,-0.2193717504688992,0.2193717504688992,0.22150282173982358,0.0012887660538968698,1.0,0.21999999999265443,0.21999999994281297,0.2199754007800072,0.09166701385933222,0.0013036987642772206,0.049213423715947904,0.009663961812168149,0.006636730332864556,8.049166042011417e-08,1.0,0.01803774543371008,0.019908061743196055,0.0011969709829977298,0.7814814814814813,0.7611111111111111,0.01861088077985353,0.555339504041178,0.5378452547622874,0.019549394425708376,1,1,1,0
00_normal_v2:0019,00_normal_v2,42.659000000000056,43.059000000000054,0.1283184309478743,0.1283184309478743,0.13738854324145128,0.00556377884669835,1.0,0.46667155381400277,0.46667155381400277,0.532367007482769,0.03775174635079396,0.0,-2.212640967345497e-05,0.00018660634553323424,0.0003970571284200308,0.00020936543041400583,0.0,-0.21984504189665086,0.21984504189665086,0.2208277486506006,0.0008768908292336652,1.0,-0.21982089932017068,0.21982089932017068,0.22069983199447105,0.0007741290736196378,1.0,0.21999999999277042,0.2199999999417625,0.22000324605074323,0.09168156904490982,0.0007514391539217803,0.04883611157743644,0.009953872091532767,0.00679751647607273,8.646266925955844e-08,1.0,0.017901580452304573,0.018817063049397294,0.0007309706598364438,0.7870370370370371,0.7666666666666667,0.011415581486979588,0.5407224513732681,0.5111652052819027,0.015293435947653533,1,1,1,0
00_normal_v2:0020,00_normal_v2,42.85900000000006,43.25900000000006,0.05530411039915913,0.07594446737805387,0.13120898684635132,0.07681560310233038,0.5,0.20796357520670603,0.292526829270644,0.485807570460662,0.282492227115803,0.0,0.015310509673576536,0.015518857855124479,0.19677774568884426,0.04808005085239619,0.1,-0.1100157337119138,0.11037614909967959,0.2208277486506006,0.11027223021575223,0.5,-0.1120819465187376,0.11226630405300808,0.22069983199447105,0.10818909676565443,0.5,0.11550000000433436,0.11549999998001086,0.128917822186776,0.057002563220680806,0.0004751596840169223,1.875930226467984,1.7679492085162958,0.021436894342711073,1.571748071919262e-05,1.0,0.012931368371025367,0.017896122041656654,0.0061038330201077665,0.8601851851851853,0.7833333333333333,0.09736321346420741,0.541768187496387,0.5111652052819027,0.013978080910411313,1,1,1,1
00_normal_v2:0021,00_normal_v2,43.05900000000006,43.45900000000006,-0.008367548456685142,0.01325331462359969,0.061921070936684176,0.024121103738289455,0.0,-0.01911589660187116,0.07682812137682798,0.2536897621918139,0.11010601280719627,0.0,0.015341839394840826,0.015490179088362425,0.19677774568884426,0.04806993293163473,0.1,0.00014070464879963076,0.00039171281250412296,0.0007007495770129918,0.0004110599038580812,0.0,-0.00192177912136798,0.002435609242887807,0.012192347362044397,0.004613933483276181,0.0,0.005500000007910288,0.005500000009328884,0.018996284405325158,0.01325331462842842,0.00039171284324401607,1.875651777376618,1.7737165818930256,0.005228721971771306,1.5725564055751687e-05,1.0,0.006394374661061494,0.015767779595117656,0.004193850178419766,0.9666666666666667,0.8111111111111111,0.06961091158967593,0.5482474535455474,0.5398920753671349,0.004107838688466741,1,1,1,1
00_normal_v2:0022,00_normal_v2,43.259000000000064,43.65900000000006,0.0010001464418831487,0.002959360350916368,0.00653007058559442,0.0034354202493331013,0.0,0.011856411558430995,0.03452995486363858,0.07541380519673954,0.03992513240458363,0.0,-1.145261104784677e-05,0.0001546130111834337,0.0004800164049415197,0.00018973290126707244,0.0,8.867604028541265e-05,0.00023487806249965446,0.0004482860541895294,0.00027528759663592825,0.0,0.00019497630327117252,0.00039644942791304256,0.0006044193739256102,0.00038662471607495656,0.0,0.0,0.0,0.0001321053874448883,0.002959360350916368,0.00023487806249965446,0.01350859942134893,0.006318222156189995,0.0035337892501456796,7.854994414224062e-08,1.0,0.004509072941106779,0.004672089191700686,0.00021342309880009315,0.9944444444444445,0.9833333333333333,0.005555555555555573,0.5452596491613061,0.53898310603443,0.004482078366511976,1,1,1,1
00_normal_v2:0023,00_normal_v2,43.45900000000007,43.859000000000066,-0.0012146881486492535,0.003562052107409413,0.005979617337569781,0.0038448508795051674,0.0,-0.013790902650791336,0.04171266136280327,0.06710342608615127,0.04504696441259379,0.0,-2.729795647008847e-05,0.00017387696078385536,0.0004800164049415197,0.0002075120463158137,0.0,0.0001403421523081305,0.00022534681804292677,0.00036582261669489754,0.0002086234088355076,0.0,0.0002139857798105738,0.0003323799086668151,0.0006499508325040122,0.0003123854218669738,0.0,0.0,0.0,0.0001303420380562975,0.003562052107409413,0.00022534681804292677,0.013086748785245737,0.006128580475893459,0.0038833380524850936,7.947033170188588e-08,1.0,0.004486049339015128,0.004868221264716448,0.0002522986202024685,0.9916666666666667,0.9833333333333333,0.004243125643477651,0.5448585869931205,0.53898310603443,0.004247764342588903,1,1,1,1
00_normal_v2:0024,00_normal_v2,43.65900000000007,44.05900000000007,0.0896399660971906,0.09343799854560615,0.2888895179510223,0.12933735837912672,0.3333333333333333,0.824099389294931,0.8683101739180792,3.2644217674076117,1.2680674948053094,0.16666666666666666,0.0019300448816154327,0.0020830049373371956,0.022940136039496316,0.005591007697600499,0.0,-0.00013251055147666245,0.00038795209510831445,0.0007692208550393032,0.0004214249397657339,0.0,-0.002037043058575324,0.0023258724396240707,0.01187911177437101,0.004425987846712297,0.0,0.08699999998688035,4.42665846997979e-12,0.0020944929651932308,0.010628795640784389,0.0003879520916950903,1.9359741753191029,1.7858349850967992,0.005358443397608071,8.331793633928443e-08,1.0,0.0052658572520052375,0.009046564656343455,0.001716937406219895,0.9833333333333334,0.9333333333333333,0.022452510468485447,0.5464292252808903,0.5399687181725243,0.004095296555408648,0,1,1,0
00_normal_v2:0025,00_normal_v2,43.85900000000007,44.25900000000007,0.22286933245754484,0.22286933245754484,0.2888895179510223,0.09922864284964272,0.8333333333333334,1.7620523219103381,1.7620523219103381,3.2644217674076117,0.9389261955961928,0.16666666666666666,0.002053703433104562,0.0021047614627432826,0.022940136039496316,0.005547979833188357,0.0,-0.00043755219825748233,0.0004788568007852169,0.0007692208550393032,0.0003102764228267541,0.0,-0.002489679551394054,0.0024940963879002956,0.01187911177437101,0.004211859486780573,0.0,0.23699999998248958,1.4674871004981233e-11,0.0021656406877415394,0.02643247956174498,0.0004788567871237802,1.93597103261287,1.7861229328021893,0.006027050720313295,6.438639116917628e-08,1.0,0.007404154176119799,0.009444931786967977,0.002166907724297469,0.9490740740740743,0.9222222222222223,0.03230141396761556,0.5416345027608082,0.5198563462587581,0.011712704998107188,0,1,1,0
00_normal_v2:0026,00_normal_v2,44.059000000000076,44.459000000000074,0.26179438395593174,0.26179438395593174,0.27131719700106127,0.0050263347416434866,1.0,1.854397008540351,1.854397008540351,1.9498532282768102,0.08015799199008634,0.0,0.00028632424217377915,0.00028632424217377915,0.0006501171589848824,0.00016909657311779797,0.0,-0.0006140476026998315,0.0006140476026998315,0.0009703567729430888,0.0002827301969625247,0.0,-0.0009458140259489579,0.0009458140259489579,0.0015124914557629843,0.0003551194205693994,0.0,0.2999999999912184,2.0496425070002888e-11,0.00029399999786474345,0.03820561603528668,0.0006140475822034064,0.013506472046778755,0.006322000448456441,0.004787464294871029,8.231314672702797e-08,1.0,0.008729679671885019,0.009444931786967977,0.00044855599350441286,0.912962962962963,0.8944444444444445,0.013481684980149107,0.5339018359858166,0.5178317448714249,0.014086711841906192,1,1,1,0
00_normal_v2:0027,00_normal_v2,44.25900000000008,44.65900000000008,0.26199926499266957,0.26199926499266957,0.26685395086505287,0.0034627326290370248,1.0,1.818615749255053,1.818615749255053,1.9498532282768102,0.0869956801790792,0.0,0.0002896784566299846,0.0003189561538456473,0.0006501171589848824,0.00022151472531649355,0.0,-0.00044972686517375914,0.0007971063710899908,0.0010421385177486946,0.0006987489283398137,0.0,-0.0007856900358107235,0.0010298127962127097,0.0015124914557629843,0.0007256052735661914,0.0,0.2999999999912184,2.0496425070002888e-11,0.0003228632912848603,0.03800073499854885,0.0007971063574257072,0.01413134028124956,0.006492705929118899,0.003933482687850555,9.200432402265631e-08,1.0,0.00893714938878355,0.009627131738712753,0.0004649495224281304,0.9101851851851853,0.8944444444444445,0.012995989673720551,0.5373460942558544,0.5178317448714249,0.011707808743779725,1,1,1,0
00_normal_v2:0028,00_normal_v2,44.45900000000008,44.85900000000008,0.26128164828840816,0.26128164828840816,0.26685395086505287,0.004907743891739799,1.0,1.81024795961879,1.81024795961879,2.0106793419224687,0.10762056104525736,0.0,0.0003328408414302605,0.00036211853864592314,0.0007019125489774056,0.00023405513929276563,0.0,-0.00019566010212055827,0.0007588278895907172,0.0010421385177486946,0.0007521375890727344,0.0,-0.00044774981270110633,0.0007969050813714625,0.0010641858742005295,0.0007067324715238282,0.0,0.2999999999912184,2.0496425070002888e-11,0.00031403588621275053,0.038718351702810294,0.0007588278827585756,0.014323688435196349,0.007301996764979858,0.004894451229800446,7.02948494941935e-08,1.0,0.008963058314390593,0.009627131738712753,0.0005078040395104798,0.9120370370370371,0.9,0.009842727604383948,0.5373669586304776,0.521826128909634,0.009883041968389267,1,1,1,0
00_normal_v2:0029,00_normal_v2,44.659000000000084,45.05900000000008,0.26391559996168407,0.26391559996168407,0.2781388135287034,0.010502149000989936,1.0,1.9338807182894389,1.9338807182894389,2.139836134836682,0.16873935379212393,0.0,0.0003592725700838126,0.0003700495559376991,0.0007019125489774056,0.0002186870537443734,0.0,-0.0002306717677535722,0.0004464600493074996,0.0008275598431800023,0.0004884302948794188,0.0,-0.00042574646698998364,0.0005307789752583535,0.0010362850891465448,0.00043975526566313787,0.0,0.2999999999912184,2.0496425070002888e-11,0.00030415828793733783,0.03608440002953429,0.0004464600356432163,0.015640972037182923,0.0071992434391533345,0.0046559275852222,7.716512896554639e-08,1.0,0.008420826582327052,0.009290374780151201,0.0004946488550276783,0.9037037037037038,0.8777777777777778,0.01493010694129362,0.5264191076084669,0.5151594266943971,0.010050763167789996,1,1,1,0
00_normal_v2:0030,00_normal_v2,44.85900000000009,45.259000000000086,0.2632577351502843,0.2632577351502843,0.2781388135287034,0.012660010736734801,1.0,1.879728539555632,1.879728539555632,2.139836134836682,0.21092452203078987,0.0,0.0002932983092923404,0.00030407529514622675,0.0006958493661205652,0.00021069772572080775,0.0,-0.0001006370918316421,0.0003684806387561285,0.0008035306407734594,0.00046438526342449754,0.0,-0.00024696004646350417,0.00047865757343056405,0.000817989997204525,0.00048546130410203725,0.0,0.2999999999912184,2.0496425070002888e-11,0.00029905975479521647,0.03674226484093413,0.0003684806250918452,0.014051758047697956,0.005978741079715519,0.0035883794422203142,9.331625785778285e-08,1.0,0.008706490041975051,0.009799355005607486,0.00068718431326493,0.9111111111111113,0.8777777777777778,0.01756820922315767,0.5192490498800965,0.505851481902357,0.009394076098405573,1,1,1,0
00_normal_v2:0031,00_normal_v2,45.05900000000009,45.45900000000009,0.25799439374582994,0.25799439374582994,0.26844018594166175,0.009768668451888157,1.0,1.807287644329074,1.807287644329074,2.272759741476571,0.2394715233562438,0.0,0.00023802795412298955,0.00023943042776707722,0.0006958493661205652,0.00017168287286574617,0.0,-6.880801067373411e-06,0.0003969863463712772,0.0008035306407734594,0.00046320661414925014,0.0,-8.218289852992476e-05,0.0004484106802501744,0.000817989997204525,0.0005077563949527071,0.0,0.2999999999912434,2.0618834275282077e-11,0.00025512595599421075,0.042005606245413364,0.00039698634633094856,0.012848475038133187,0.005651204790306431,0.0038646900688999717,8.136156252454378e-08,1.0,0.008938495734186253,0.009799355005607486,0.0009239695386785247,0.9111111111111111,0.8666666666666667,0.020286020648339478,0.5137223977384061,0.505851481902357,0.009647532683451244,1,1,1,0
00_normal_v2:0032,00_normal_v2,45.25900000000009,45.65900000000009,0.2609049506165475,0.2609049506165475,0.2690425512066346,0.007269007580864554,1.0,1.8668606615776022,1.8668606615776022,2.272759741476571,0.22072839195797375,0.0,0.0002453833340748699,0.00024678580771895754,0.00047531100700138706,0.00015339173905598097,0.0,6.664089727062161e-05,0.0005703204014404763,0.0010397916387377185,0.0006504304202793791,0.0,-3.825739502005781e-06,0.0005448376012812947,0.0011060624509343642,0.0006257174164125666,0.0,0.2999999999912878,2.0846572331615447e-11,0.0002372730043147529,0.03909504937474018,0.0005703204083082021,0.013256753050745433,0.006063656749734301,0.0044357116149983875,7.047147819493055e-08,1.0,0.008709214655967641,0.009466614624242843,0.0008745425461811151,0.9037037037037038,0.8666666666666667,0.02191140660407266,0.5090781507578973,0.5042371514811247,0.003260398688716324,1,1,1,0
00_normal_v2:0033,00_normal_v2,45.459000000000096,45.859000000000094,0.2615621978367792,0.2615621978367792,0.2690425512066346,0.005032902116034744,1.0,1.8658219639010518,1.8658219639010518,2.126526043964394,0.15635491570217852,0.0,0.00029639900346052574,0.00031085723476338136,0.0005905059870439193,0.0001832013715908991,0.0,0.0001269123371248121,0.0006494147149612132,0.0010397916387377185,0.0007121585389576829,0.0,-1.6842771885486466e-05,0.0006500802041087233,0.0011060624509343642,0.000718586152756325,0.0,0.2999999999913072,2.095190118266963e-11,0.00026427088353880927,0.03843780215452799,0.0006494147219451802,0.012792270166315187,0.005423523116793109,0.004604006751152275,7.776212302182733e-08,1.0,0.008693175737083452,0.009246840300873535,0.0006348335770682966,0.9046296296296297,0.8833333333333333,0.014493033187498642,0.5073974713125212,0.5042371514811247,0.003337269339182545,1,1,1,0
00_normal_v2:0034,00_normal_v2,45.6590000000001,46.0590000000001,0.26185478143138546,0.26185478143138546,0.2739755220064377,0.007996546356160653,1.0,1.8940068721796142,1.8940068721796142,2.2576386338181593,0.22211452987094926,0.0,0.00029595783143075883,0.00031132019289719796,0.0005905059870439193,0.00020171121752626082,0.0,6.052157131968773e-05,0.0003821955055340244,0.0007663525255040589,0.00044802096845178663,0.0,-0.00017633295681083894,0.0004030887820079766,0.0008135044503790642,0.0004675954325894215,0.0,0.2999999999913072,2.095190118266963e-11,0.0002867037265213735,0.038145218559921756,0.0003821955125179915,0.012986761924438978,0.005745293824192095,0.0050860693338515535,8.334434373605609e-08,1.0,0.008598901438375597,0.009501370308114866,0.0008401629165375255,0.9046296296296297,0.8833333333333333,0.013385955828519414,0.511521955168479,0.5039139352512387,0.009261544585564606,1,1,1,0
00_normal_v2:0035,00_normal_v2,45.8590000000001,46.2590000000001,0.2612628392205262,0.2612628392205262,0.2739755220064377,0.008932835243617371,1.0,1.8848128142552645,1.8848128142552645,2.2576386338181593,0.19546871361506066,0.0,0.00030259143392147856,0.00032352039150604264,0.0006517788257991051,0.00022496752553338674,0.0,0.0006878124123879513,0.0008335811816784596,0.0019720023964393428,0.0007654734393684159,0.0,0.0003753597590125366,0.0006565460054819305,0.001710522840435079,0.0007609795903619867,0.0,0.2999999999913072,2.095190118266963e-11,0.000303277073803171,0.038737160770781,0.0008335811956463938,0.014060731859852899,0.006486515873826646,0.004679313602363469,8.090635497216838e-08,1.0,0.008597930636822257,0.009501370308114866,0.0006800698119757535,0.9018518518518519,0.8833333333333333,0.01228379551983483,0.5322577216751468,0.5039139352512387,0.017345822213168563,1,1,1,0
00_normal_v2:0036,00_normal_v2,46.059000000000104,46.4590000000001,0.26149328385012477,0.26149328385012477,0.268683152202808,0.00608917806411892,1.0,1.921429642864207,1.921429642864207,2.022275772968869,0.09955535403810029,0.0,0.00027184654656425996,0.00029187137398524053,0.0006517788257991051,0.00021221256065853797,0.0,0.0010191686524811097,0.0010745906927515686,0.0019720023964393428,0.0006295037624400934,0.0,0.000725252549909456,0.0008471773460691006,0.001710522840435079,0.0006282083034301282,0.0,0.2999999999913072,2.095190118266963e-11,0.00028300473263317586,0.03850671614118246,0.0010745907067195028,0.014182630479721459,0.007033143389168054,0.00587007054513965,8.762699003992161e-08,1.0,0.008370249093404163,0.008840241821184024,0.00035913220491783055,0.8925925925925927,0.8666666666666667,0.01861088077985351,0.5287210976004051,0.4964448722438983,0.020235834955123398,1,1,1,0
00_normal_v2:0037,00_normal_v2,46.25900000000011,46.659000000000106,0.2627009242706888,0.2627009242706888,0.2769047245858316,0.008540618374978458,1.0,1.924957002509111,1.924957002509111,2.1982544225173246,0.18391153554443815,0.0,0.00023463940685796084,0.00026021975859345206,0.0005638952414573333,0.00018510418400724264,0.0,0.0003408260735115436,0.0008024615791805966,0.0012597706729959078,0.0008422383940355959,0.0,5.024924884608562e-05,0.0007868283365464764,0.001281504655456166,0.000847167541346891,0.0,0.2999999999913072,2.095190118266963e-11,0.00029368968964820126,0.037299075720618406,0.0008024615791805966,0.014852949176676442,0.007960162406318892,0.004714123601966021,9.224697555155896e-08,1.0,0.008440682441848646,0.009379691846469324,0.0006805247652885303,0.9037037037037039,0.8666666666666667,0.027529756939478713,0.513667380446938,0.4964448722438983,0.010448861558825115,1,1,1,0
00_normal_v2:0038,00_normal_v2,46.45900000000011,46.85900000000011,0.2645306612525041,0.2645306612525041,0.2769047245858316,0.009212979201136381,1.0,1.9505886300309792,1.9505886300309792,2.1982544225173246,0.19917364287397407,0.0,0.00021850985471767872,0.00025933285202206665,0.000570253465181319,0.0002041228953650902,0.0,-0.0006134571872991644,0.0010032897637256696,0.0018109928301715387,0.0009384972718062407,0.0,-0.0008457906573145373,0.0011423441112230102,0.001895408300871402,0.0009192500577530038,0.0,0.2999999999913072,2.0951901182669618e-11,0.000307694972440554,0.035469338738803084,0.0010032897497577356,0.014592243727851988,0.007863113457491697,0.004112023755655276,8.453897198333458e-08,1.0,0.008387618702900035,0.009379691846469324,0.0007081209638331275,0.9175925925925927,0.8944444444444445,0.014133645854142354,0.5025321856831897,0.46046463543116317,0.021457335160758838,1,1,1,0
00_normal_v2:0039,00_normal_v2,46.65900000000011,47.05900000000011,0.26771380483968105,0.26771380483968105,0.28085155592183825,0.006788207723826487,1.0,2.0232591411268914,2.0232591411268914,2.1599255730552107,0.08494839385143255,0.0,0.00018265995162468753,0.00021706708007249758,0.000570253465181319,0.0001892426097838483,0.0,-0.0008687486611510902,0.0009752188086866851,0.0018109928301715387,0.000652063322396039,0.0,-0.0010157313178863181,0.0010803639594126155,0.001895408300871402,0.0006625985899293164,0.0,0.2999999999913072,2.0951901182669614e-11,0.0002445902516264056,0.03228619515162618,0.0009752187937210414,0.014497115735744134,0.0067430522120628346,0.0056104511179432635,8.125767695912742e-08,1.0,0.008094352691671426,0.008525483073224151,0.0002885657146910859,0.9174603174603175,0.9055555555555556,0.010881991429208013,0.4791418384285219,0.4488272844769853,0.017969052478032835,1,1,1,0
00_normal_v2:0040,00_normal_v2,46.859000000000115,47.259000000000114,0.27020231753178575,0.27020231753178575,0.28085155592183825,0.0074110682404183335,1.0,2.0129752621021306,2.0129752621021306,2.1599255730552107,0.08575731548459663,0.0,0.00019255281910024745,0.00023601381672029242,0.0004727193535313317,0.00019361006186763968,0.0,-0.0010942993757350607,0.0012007695232706555,0.002491269573489731,0.0008155825768630304,0.0,-0.0013594347982463686,0.0014240674397726662,0.0028639769097175134,0.0009031595627161052,0.0,0.2999999999913072,2.0951901182669614e-11,0.0002631289624120489,0.02979768245952147,0.001200769508305012,0.01522063338359898,0.007018863106210117,0.006105546999564624,7.140301719180667e-08,1.0,0.008230023234072925,0.008683200862879542,0.00027797264654783044,0.9246031746031746,0.9055555555555556,0.011825130496628049,0.4571967058938675,0.4308455542481918,0.021338091099137733,1,1,1,0
00_normal_v2:0041,00_normal_v2,47.05900000000012,47.45900000000012,0.27271927337125307,0.27271927337125307,0.27873903461256083,0.004134687237642229,1.0,1.9706512736287547,1.9706512736287547,2.088069733524135,0.09462622359161334,0.0,0.00024415336512329287,0.0002875961069411698,0.0004902514514797961,0.0002032641826900352,0.0,-0.0011796224861398634,0.0011796224861398634,0.002491269573489731,0.0006892633208716655,0.0,-0.0015189763463477586,0.0015189763463477586,0.0028639769097175134,0.0007563637699345583,0.0,0.2999999999913072,2.0951901182669614e-11,0.00028949057167341124,0.02728072662005417,0.0011796224651879623,0.013148203926670649,0.007000357857252115,0.0046511035478126695,7.587212377457532e-08,1.0,0.008532338043253861,0.009127050878792741,0.0003506489756809589,0.9324074074074075,0.9222222222222223,0.0074650534706467795,0.4254831707113953,0.4004943800991457,0.015861182818927518,1,1,1,0
00_normal_v2:0042,00_normal_v2,47.25900000000012,47.65900000000012,0.27124512327476263,0.27124512327476263,0.27756713662787014,0.004178032137144698,1.0,2.0127314451140284,2.0127314451140284,2.2957274807784467,0.1499916479400805,0.0,0.0002501723437988906,0.000272527102402188,0.0006646670876228775,0.00021093897515620804,0.0,-0.001095880545926746,0.001095880545926746,0.0022704171391000087,0.0006069162095325348,0.0,-0.0013544201857760936,0.0013544201857760936,0.002585140799151678,0.0006470359804334035,0.0,0.2999999999913072,2.0951901182669614e-11,0.000243257486589762,0.02875487671654454,0.001095880524974845,0.013279999298030669,0.005729886823959631,0.004177435755116303,9.078442268550062e-08,1.0,0.008300542238748326,0.009127050878792741,0.0006043829048171114,0.9287037037037037,0.9166666666666666,0.008735167714867221,0.40828115312046087,0.3985752789750157,0.013289755355591171,1,1,1,0
00_normal_v2:0043,00_normal_v2,47.459000000000124,47.85900000000012,0.2360901192374458,0.2360901192374458,0.275202043902761,0.049278553515084235,1.0,1.7776757433525912,1.7776757433525912,2.2957274807784467,0.5370053871933643,0.0,0.02472063100833761,0.024752052707482475,0.28709483962256727,0.06814462443876913,0.1,0.10582845951902153,0.10787505590837587,0.3451284350632873,0.15249662327484323,0.3333333333333333,0.05906866565708022,0.06148693791522375,0.31738182005089177,0.11674179923686266,0.16666666666666666,0.2771999999970043,0.06649999999618891,0.04791788720488084,0.026909880765088347,0.0020882071080038935,1.1848025515472869,1.1265359422334533,0.004615726833692116,7.965758214852379e-08,1.0,0.008762650780197997,0.014503478440062521,0.002616428427687316,0.9,0.7555555555555555,0.06542045086168777,0.3924602465552705,0.37891060587829417,0.00970580565570109,1,0,1,0
00_normal_v2:0044,00_normal_v2,47.65900000000013,48.059000000000125,0.20177739454592536,0.20177739454592536,0.2714837329964102,0.03628839980599932,1.0,1.0827829307900236,1.0827829307900236,2.1585237554703727,0.5591799458195386,0.0,0.03561579313363864,0.035644006301256956,0.28709483962256727,0.06505792294489869,0.1,0.2779121188001401,0.2783893805835986,0.3451284350632873,0.1261170655109144,0.8333333333333334,0.2210359111325341,0.22160784044731738,0.32495386741379945,0.1418932315869963,0.6666666666666666,0.21719999999820994,0.2414999999542645,0.21193677981721076,0.02319218455041419,0.0050045478059127175,1.1853595395800842,1.120591429241133,0.014913668140418744,5.95040076984786e-08,1.0,0.014065377311509348,0.01878647551910176,0.005040825765273959,0.7953703703703704,0.6944444444444444,0.1014005151460252,0.3817869508068954,0.37265773004141256,0.0051011023629608885,1,0,1,0
00_normal_v2:0045,00_normal_v2,47.85900000000013,48.25900000000013,0.20173715728840594,0.20173715728840594,0.24186082032870526,0.02284898913710936,1.0,0.6985888419810444,0.6985888419810444,0.816810558550913,0.08004219489469429,0.0,0.021131307613126416,0.021131307613126416,0.026723013019899988,0.0023809417712458126,0.0,0.3423497017066228,0.3423497017066228,0.34335243469648036,0.0007416441517986327,1.0,0.32150392183742516,0.32150392183742516,0.32495386741379945,0.002618386294759597,1.0,0.17999999999371852,0.349999999937103,0.32891295640295015,0.024286929568664767,0.007650298230480153,0.061191507931742814,0.012297663072017791,0.008241345375165653,7.418310662228681e-08,1.0,0.018783567633242782,0.019267970297229257,0.0004436250966695991,0.7259259259259259,0.6944444444444444,0.02214492730203964,0.3917627101679561,0.37265773004141256,0.017781310251312448,1,1,1,0
00_normal_v2:0046,00_normal_v2,48.05900000000013,48.45900000000013,0.19706734093284828,0.19706734093284828,0.24186082032870526,0.022718299566532076,1.0,0.6712959603888099,0.6712959603888099,0.816810558550913,0.10242790823410115,0.0,0.024815803262666726,0.024815803262666726,0.031151065373646813,0.0049579965561417074,0.0,0.3433067021530028,0.3433067021530028,0.34608724462380525,0.001714774742346929,1.0,0.3176563923570849,0.3176563923570849,0.32293260329193296,0.003644685927304896,1.0,0.17999999999379734,0.34999999993669867,0.32501967571251467,0.020563155764036268,0.006693297783644691,0.06877022864984995,0.012987113323308298,0.009653986246670035,8.491045535814444e-08,1.0,0.019276415449279313,0.021955503748856096,0.0018426487814707884,0.737037037037037,0.6777777777777778,0.035087583928697055,0.416855974555902,0.3773269192157861,0.02006266728979929,1,1,1,0
00_normal_v2:0047,00_normal_v2,48.259000000000135,48.659000000000134,0.1876194961415357,0.1876194961415357,0.20315988523941697,0.009873034226666338,1.0,0.6298385092507955,0.6298385092507955,0.8028655891411464,0.09135039539136958,0.0,0.030139888482737152,0.030139888482737152,0.031209233419621785,0.001642750276499055,0.0,0.3458201783813865,0.3458201783813865,0.34886966659356733,0.0020796989405488537,1.0,0.3153780414718416,0.3153780414718416,0.31826943773183275,0.0016300840288195244,1.0,0.1799999999940105,0.34999999993560565,0.3198332675973639,0.00969132393856048,0.004179821554069133,0.06559246430486221,0.012293436679696707,0.008552474966594004,7.190065709710097e-08,1.0,0.019677789374996972,0.021960388989800204,0.0022538139099405703,0.7444444444444445,0.6777777777777778,0.03657114381135462,0.4365122754993151,0.4193967086095279,0.011659014032950095,1,1,1,0
00_normal_v2:0048,00_normal_v2,48.45900000000014,48.85900000000014,0.19165180672754722,0.19165180672754722,0.217702703581095,0.013732781830906425,1.0,0.5800339587444221,0.5800339587444221,0.6947656558662303,0.056197888230212906,0.0,0.030803500363700033,0.030803500363700033,0.031209233419621785,0.00021023628773617333,0.0,0.3493445215662469,0.3493445215662469,0.35382139951177927,0.0028548249824468354,1.0,0.3186316059025261,0.3186316059025261,0.3229643962460764,0.002885732800571079,1.0,0.1799999999942381,0.3499999999344384,0.31920346353394197,0.01277759197332085,0.0025894666970777904,0.06124174990428119,0.010391498296027637,0.0082421366201842,9.891940651366418e-08,1.0,0.021746076501412026,0.025975141622313305,0.0025727286756411327,0.762037037037037,0.7166666666666667,0.023442572039207705,0.4668416241194813,0.4320055092372063,0.030422687553095573,1,1,1,0
00_normal_v2:0049,00_normal_v2,48.65900000000014,49.05900000000014,0.20041168173599822,0.20041168173599822,0.217702703581095,0.012297498801397907,1.0,0.570665181246553,0.570665181246553,0.6062528996109574,0.029040006811554643,0.0,0.030629797764168958,0.030629797764168958,0.030930398546756555,0.0001841621842897651,0.0,0.3523449522249768,0.3523449522249768,0.35466733895021335,0.0021460923825745225,1.0,0.32167929729327616,0.32167929729327616,0.32402221765451894,0.002153187208572082,1.0,0.1799999999944779,0.3499999999337552,0.31930612135802044,0.020411681741484024,0.002718269335390254,0.06018204948631124,0.01075679367755815,0.00682693829151898,1.0544431876539938e-07,1.0,0.022969334413301675,0.025975141622313305,0.0014229597867254314,0.7666666666666666,0.75,0.013224867460264538,0.5026287451087711,0.469844350360463,0.026727457315264457,1,1,1,0
00_normal_v2:0050,00_normal_v2,48.859000000000144,49.25900000000014,0.19575391069493112,0.19575391069493112,0.21402733008588762,0.01047335053965253,1.0,0.5659053450279065,0.5659053450279065,0.6062528996109574,0.026013518169259866,0.0,0.030680780627635656,0.030680780627635656,0.0310351081308054,0.00020742707414591095,0.0,0.35465429675876425,0.35465429675876425,0.35706053274817806,0.0021880398763134477,1.0,0.32385978112990754,0.32385978112990754,0.3260911358098275,0.0021346826667098602,1.0,0.1799999999947488,0.3499999999332769,0.31928186267054326,0.015753910700146815,0.0046542968256086965,0.05984239785326067,0.010146136208987211,0.006067246720695051,7.063203025032171e-08,1.0,0.022587154454035172,0.02318452773256043,0.00047368592798270305,0.7592592592592592,0.7388888888888889,0.016249934050726136,0.5250762572918283,0.4822511954380815,0.02483966770920378,1,1,1,0
00_normal_v2:0051,00_normal_v2,49.05900000000015,49.459000000000145,0.1868830347127142,0.1868830347127142,0.20332697403177283,0.012380957739608097,1.0,0.5046962550367652,0.5046962550367652,0.5730405159917044,0.05728702949874461,0.0,0.030291775166323625,0.030291775166323625,0.031041516332509955,0.001556031141000533,0.0,0.3565574095770055,0.3565574095770055,0.3579398609824424,0.0010729629818381787,1.0,0.32660279994390135,0.32660279994390135,0.33202025759013076,0.00261635939293966,1.0,0.17999999999491978,0.3499999999336072,0.3197935772057155,0.012402724649326001,0.00655740964281569,0.057489130678992306,0.010240083285315718,0.00579553646689784,6.197954112128505e-08,1.0,0.024396711450365552,0.027451698846958358,0.0018026691527280423,0.7759259259259258,0.7388888888888889,0.026771911657038808,0.5639827279027608,0.5094833812101,0.031136675832334523,1,1,1,0
00_normal_v2:0052,00_normal_v2,49.25900000000015,49.65900000000015,0.17079078548324592,0.17079078548324592,0.1964641573514378,0.020498530496776936,1.0,0.46075858657031743,0.46075858657031743,0.548984992974231,0.0579843651748832,0.0,-0.004495177688630973,0.041000785816025676,0.2253195155330479,0.07132331241055352,0.1,0.23949620984169703,0.35513796653051594,0.3579398609824424,0.2622577285032669,1.0,0.231583005659729,0.3294394686891467,0.35471411565331246,0.23508336406144098,1.0,0.1799999999943236,0.33599999993403573,0.3148919149483079,0.0171159484074284,0.006162876525456468,0.9197803721019265,0.8552641682699599,0.008975647039471766,7.286371878749891e-08,1.0,0.02466396510336537,0.027451698846958358,0.004188667438555431,0.7972222222222222,0.7555555555555555,0.029701879504343404,0.6141287039351845,0.587747717869534,0.023170594806828287,1,0,0,0
00_normal_v2:0053,00_normal_v2,49.45900000000015,49.85900000000015,0.09861021027906769,0.09861021027906769,0.17847146291066257,0.06463367598870333,0.5,0.27731633923895155,0.27731633923895155,0.548984992974231,0.1930265968498311,0.0,-0.019758214206233544,0.027024333628865672,0.2253195155330479,0.06542671084906347,0.1,-0.11548986362737147,0.3531885811319702,0.35788670174427933,0.33379356630842216,1.0,-0.10923654293785051,0.34231460298042243,0.3566728845522334,0.32517209787317536,1.0,0.1799999999932922,0.33599999994208063,0.3294677052363705,0.08138978971350452,0.004219898877354377,0.9206585521728893,0.8519198074580333,0.01665357140093004,9.172465180295382e-08,1.0,0.02492624028065908,0.027293790485345224,0.004201921603408984,0.762962962962963,0.7222222222222222,0.04611073925181012,0.63581572049449,0.613722170545831,0.016718303665735464,1,0,0,0
00_normal_v2:0054,00_normal_v2,49.659000000000155,50.059000000000154,0.03083084227605784,0.035956675210738316,0.07749764434341078,0.033820783885740786,0.0,0.07616096976552632,0.08921266927500364,0.18768683806440234,0.08334982630488275,0.0,-0.00010359243348140035,0.0011829918969611746,0.01286584330442575,0.0029322701808805495,0.0,-0.353100872998179,0.353100872998179,0.3559458718854816,0.002434432084889273,1.0,-0.353665969016288,0.353665969016288,0.3566728845522334,0.002417996807685999,1.0,0.17999999999276484,0.34999999995055664,0.3500740030842617,0.14916915771654102,0.003137518926670186,0.07045125916606061,0.01939990504615031,0.0064583768152827875,8.992851304705695e-08,1.0,0.02620229018622679,0.027137285515286054,0.0007538435922280118,0.7212962962962962,0.6888888888888889,0.015521346865037235,0.5969318750638803,0.5402653674792676,0.04244944566985519,1,1,1,1
00_normal_v2:0055,00_normal_v2,49.85900000000016,50.25900000000016,0.049613187512094425,0.0547390204467749,0.08737874188835079,0.039276018624624966,0.3333333333333333,0.13879747706110213,0.15184917657057947,0.2630565139845535,0.11146689596999985,0.0,0.000539245961707388,0.000539245961707388,0.0008112372916615485,0.00018719965148120365,0.0,-0.3476134225005724,0.3476134225005724,0.3557443864307985,0.006261577192392646,1.0,-0.3481077684206155,0.3481077684206155,0.3563077041058934,0.006273027482508895,1.0,0.17999999999267047,0.349999999949879,0.35054294886114945,0.13038681248056236,0.005581873545544915,0.0627341498978869,0.008851167244601435,0.005811899502576115,8.118830243173449e-08,1.0,0.024290374979902496,0.027051475406816027,0.002047545304880384,0.7203703703703703,0.6888888888888889,0.021436735005167094,0.5405195278193177,0.5158809118728344,0.020700402927230594,1,1,1,1
00_normal_v2:0056,00_normal_v2,50.05900000000016,50.45900000000016,0.07367570358940466,0.07367570358940466,0.09085055564206096,0.014259156459587691,0.5,0.2131391074710971,0.2131391074710971,0.2747790204201951,0.04923779037414755,0.0,0.000501970597931034,0.000501970597931034,0.0009864799033467153,0.00020841440043795423,0.0,-0.342061793358663,0.342061793358663,0.34670643708084,0.0033401069666278644,1.0,-0.34259183170921204,0.34259183170921204,0.3474354237723805,0.0034429308018188837,1.0,0.17999999999278593,0.34999999994796605,0.3504924803682292,0.10632429640339569,0.007938206589217596,0.06279596877752439,0.009220036004362803,0.006145227489783203,1.0093154128715322e-07,1.0,0.02282906581747203,0.026089532585985252,0.0018998463555948348,0.7333333333333334,0.6944444444444444,0.02777777777777778,0.5114951841703633,0.4944325886657579,0.011965512674327706,1,1,1,1
00_normal_v2:0057,00_normal_v2,50.259000000000164,50.65900000000016,0.07844035583159903,0.07844035583159903,0.1000715323999303,0.014373160606949282,0.3333333333333333,0.22364019581179148,0.22364019581179148,0.29906519240341667,0.04832433010954601,0.0,0.0004459744175386082,0.0004459744175386082,0.0009864799033467153,0.00021831164545341294,0.0,-0.3418237333946638,0.3418237333946638,0.3453371290050674,0.0027383131814831584,1.0,-0.3423165083078903,0.3423165083078903,0.34597113848144656,0.00274957498412523,1.0,0.1799999999928914,0.3499999999459335,0.3504706287020117,0.1015596441613157,0.008176266551116057,0.06261167818606454,0.00918175751848252,0.006039356464420345,1.0012026379191503e-07,1.0,0.023096507035910572,0.026089532585985252,0.0017115321594756022,0.7453703703703703,0.7111111111111111,0.0238774017744956,0.5048548010196471,0.4944325886657579,0.008746231975606077,1,1,1,1
00_normal_v2:0058,00_normal_v2,50.45900000000017,50.859000000000165,0.07291043386850733,0.07291043386850733,0.1000715323999303,0.014942946224198799,0.16666666666666666,0.20427481786347793,0.20427481786347793,0.29906519240341667,0.052509509763333566,0.0,0.00038401713630168143,0.00038401713630168143,0.0008230346415585843,0.00021591423676545055,0.0,-0.3414588514888745,0.3414588514888745,0.34369915125603395,0.002106284317752569,1.0,-0.34197765212617465,0.34197765212617465,0.34408765858133694,0.0020592759514815365,1.0,0.1799999999930202,0.34999999994408876,0.35044709258935824,0.107089566124511,0.008541148455159346,0.06542171004866561,0.008936207565204702,0.0059802592970465175,7.883939007869256e-08,1.0,0.023725105707300093,0.026768331178087697,0.002101102791791645,0.7444444444444445,0.7055555555555556,0.020786985482077427,0.5016673461863969,0.47945188736278577,0.01596361235290329,1,1,1,1
00_normal_v2:0059,00_normal_v2,50.65900000000017,51.05900000000017,0.05810976181034031,0.05810976181034031,0.06574161239523772,0.007636188088573604,0.0,0.15125963672852397,0.15125963672852397,0.20874680459263037,0.032469474391630705,0.0,0.00040848592260740724,0.00041192485463625026,0.0008230346415585843,0.00020662373565976484,0.0,-0.34130115351829077,0.34130115351829077,0.34347945186795514,0.0018586628417271915,1.0,-0.34181159689402024,0.34181159689402024,0.3440447090737672,0.0018781928615200594,1.0,0.1799999999931856,0.34999999994229536,0.3504113884213202,0.1218902381828305,0.008698846424050173,0.06392576969552462,0.009135290050637634,0.005505154999999394,8.260908023395138e-08,1.0,0.025603402656008665,0.027581266456721536,0.002368205618495686,0.7481481481481481,0.7055555555555556,0.020201318730806862,0.4769874709270762,0.45425891224144194,0.021785310179908764,1,1,1,1
00_normal_v2:0060,00_normal_v2,50.85900000000017,51.25900000000017,0.05063220839094634,0.05063220839094634,0.06474466525379312,0.012323212576412309,0.0,0.12122522734894497,0.12122522734894497,0.16179039106789553,0.030929421613879106,0.0,0.00038251151428483345,0.0003929324819523794,0.0006602770948801462,0.00021089600587451287,0.0,-0.34208560200773,0.34208560200773,0.34560263709325867,0.0018059220682753467,1.0,-0.34247345694957215,0.34247345694957215,0.34604201323528055,0.0018503478793320475,1.0,0.17999999999337213,0.3499999999407011,0.3503890182166725,0.1293677916024169,0.00791439793301676,0.0653146385389836,0.01203454305377377,0.0071460294715692055,9.60786224607621e-08,1.0,0.02743785930561542,0.029185949694486756,0.0009355420284455063,0.7712962962962963,0.7444444444444445,0.018817038363797757,0.45064502381599353,0.43228037342905684,0.01375672195570516,1,1,1,1
00_normal_v2:0061,00_normal_v2,51.059000000000175,51.459000000000174,0.04791922346185871,0.04791922346185871,0.0628092177051378,0.0104014313835654,0.0,0.1140115703058288,0.1140115703058288,0.14819103531283578,0.024414053580980852,0.0,0.0003653469699947537,0.0003723290056334566,0.0006646075807518748,0.00020083784313707263,0.0,-0.34235169909092916,0.34235169909092916,0.34560263709325867,0.0017529407830315015,1.0,-0.34272881027915275,0.34272881027915275,0.34604201323528055,0.001778669197129293,1.0,0.17999999999354643,0.3499999999389533,0.3502189266983823,0.13208077653168218,0.007648300847995649,0.9075454806395872,0.8834412836080667,0.008696217376806672,7.587514418041668e-08,1.0,0.02752212675545877,0.029185949694486756,0.0008079363842881185,0.7759259259259258,0.75,0.01833239803076235,0.4141803954853019,0.3670309542218001,0.03204233444127495,1,1,1,1
00_normal_v2:0062,00_normal_v2,51.25900000000018,51.65900000000018,0.01058024309878971,0.03951233143514301,0.07930081974820957,0.046977673878163366,0.0,0.00849127050682766,0.11246826865938458,0.22862003256213093,0.12990321061283927,0.0,0.0171050221833556,0.017166578369005744,0.29953514833826356,0.06533672465143837,0.05,-0.1701661464126956,0.17188294428544884,0.34354807127112863,0.17164888708764064,0.5,-0.1761270328875932,0.17614196950753083,0.34400392023938103,0.16637538791534154,0.5,0.09000000000124908,0.17499999998198798,0.18801983866091174,0.07941975690253857,0.005080478915368302,1.2968038783551012,1.2225833823905454,0.031410413752320586,6.916091457023343e-08,1.0,0.018969101216807116,0.027348560914459825,0.01007769282313355,0.8425925925925926,0.75,0.10436298373041018,0.3756474669120269,0.3634951141407836,0.017791238641290317,1,1,1,1
01_low_friction_mu_0p12:0000,01_low_friction_mu_0p12,12.078,12.478,0.0003152455803881233,0.0044450205610601186,0.009248540573102423,0.005174366199773849,0.0,0.004561955938635036,0.051582281853423374,0.10634176108103328,0.05971209552262565,0.0,2.3498554405798797e-05,0.0001651172622838583,0.0005104382924572288,0.000198745800379022,0.0,-0.00015508766851226075,0.0007099803911258536,0.0017364538728680326,0.0008314386700593159,0.0,-0.00013437335671982506,0.0007172257291358823,0.0017692852083689835,0.0008765639538388292,0.0,5.355841298602028e-19,3.825790909737877e-19,0.00016767639299947835,0.0044450205610601186,0.0007099803911258537,0.017410577949386725,0.007502252106096586,0.0058510319393802685,7.657047013847782e-08,1.0,0.004611877667685302,0.004841491330320685,0.00021323736729087061,0.996031746031746,0.9888888888888889,0.004892392065848376,0.5742096360220518,0.5718129201892278,0.0015423558864705695,1,1,1,1
01_low_friction_mu_0p12:0001,01_low_friction_mu_0p12,12.277999999999999,12.677999999999999,0.0016206505338305333,0.005735777951605983,0.009248540573102423,0.006105302764894897,0.0,0.01827414764265872,0.06631360935494078,0.10634176108103328,0.07039279400400202,0.0,2.251298661246037e-05,0.00016942506402234237,0.0004220878008960852,0.00020913761304858935,0.0,3.57622880166572e-05,0.0005020075739381807,0.0008989766193551475,0.0005701389395689883,0.0,0.00010117041049048268,0.0006198003802668733,0.0010731188023501495,0.000654007269137488,0.0,5.573191092346766e-19,4.80046491896255e-19,0.0001392264763765394,0.005735777951605983,0.0005020075739381808,0.016143403895665754,0.0076343982126608895,0.005345159107266225,7.077867196194934e-08,1.0,0.004648014491415496,0.00490566677697751,0.00018600452253213413,0.9972222222222222,0.9888888888888889,0.0042431256434776144,0.5752233796163617,0.5718129201892278,0.0025932228994959197,1,1,1,1
01_low_friction_mu_0p12:0002,01_low_friction_mu_0p12,12.477999999999998,12.877999999999998,-0.0017598675630826474,0.004508947551901711,0.008247239966457192,0.00469253671956026,0.0,-0.021260304106826427,0.051948625900884386,0.09206496538217386,0.05332237146216641,0.0,-3.862578257162572e-05,0.00017572916508789345,0.0004220878008960852,0.00021100731853368338,0.0,8.090681591968433e-06,0.00044200964797844796,0.0007920501254460911,0.0005312574629298356,0.0,5.4185254302470836e-05,0.0005527029150261412,0.0009459898854571108,0.0006168014218423182,0.0,5.556512915176974e-19,5.010359478683882e-19,0.00014814350466432985,0.00450894755190171,0.00044200964797844834,0.015691886304897994,0.007792975207674956,0.0035994446293834454,8.333041142978317e-08,1.0,0.004647521254176892,0.00490566677697751,0.00016796777456899435,0.9972222222222222,0.9944444444444445,0.002777777777777768,0.5753386552919115,0.5727800389374654,0.002171809626729431,1,1,1,1
01_low_friction_mu_0p12:0003,01_low_friction_mu_0p12,12.677999999999997,13.077999999999998,-0.0010110314360223251,0.00210998804105242,0.0028342456588361744,0.0020161938445610685,0.0,-0.011446902324159833,0.023956864671466807,0.032535426173374106,0.023102496781661902,0.0,-3.71973166247526e-05,0.00016976316951549967,0.0005011429042547135,0.00020373832771344584,0.0,-0.0003083490766975293,0.0007929318946905141,0.0016425051438297006,0.0008747200917546509,0.0,-0.0003965785288140456,0.0009380630079464256,0.0019539001409630678,0.001017465004034111,0.0,6.20478520602119e-19,4.988826956341462e-19,0.00015786943943948162,0.0021099880410524203,0.0007929318946905142,0.014417844261542283,0.006548267273329716,0.003954253848246417,7.594919215499727e-08,1.0,0.004881888121014596,0.005596708924539117,0.0003887836115968945,0.9962962962962963,0.9944444444444445,0.0026189140043946114,0.5746291006978906,0.5730026432650582,0.0012095407890659819,1,1,1,1
01_low_friction_mu_0p12:0004,01_low_friction_mu_0p12,12.877999999999997,13.277999999999997,-0.0011502828938160798,0.002276288344699001,0.005371741242730408,0.002643990490245267,0.0,-0.013168328591550621,0.026001555402273734,0.06194284788248022,0.03051351450113495,0.0,2.925965553778822e-05,0.00017782322715114302,0.0005011429042547135,0.0002162980815909337,0.0,-0.00031306186247704974,0.0006504539261901022,0.0016425051438297006,0.0007925518819685092,0.0,-0.00045177428979271327,0.0007739982349053557,0.0019539001409630678,0.0009022742394347821,0.0,6.275483395793565e-19,5.717736473690429e-19,0.00016828857406505038,0.002276288344699001,0.0006504539261901022,0.014200045828399883,0.0054906692481982745,0.004442474423891616,7.188311538618916e-08,1.0,0.004823490853958389,0.005596708924539117,0.00042529789698786874,0.9953703703703703,0.9888888888888889,0.003817690394090413,0.5754176170526537,0.5730026432650582,0.0017906375097217668,1,1,1,1
01_low_friction_mu_0p12:0005,01_low_friction_mu_0p12,13.077999999999996,13.477999999999996,-0.001131890489318304,0.0016780368109864934,0.005371741242730408,0.0023184573476974935,0.0,-0.01306687468330052,0.01983896937816938,0.06194284788248022,0.02720113337508812,0.0,3.020914120633948e-05,0.00018036932825984383,0.0004506958469928656,0.00020805193342225093,0.0,4.4221689299926507e-05,0.0001737890601623738,0.0004551618440230416,0.0002453217924756077,0.0,-5.277031150658438e-05,0.0001922124554414917,0.0005188161268918358,0.00024960788438096055,0.0,6.3715795439577895e-19,5.351998535056214e-19,0.00016169754655948258,0.0016780368109864938,0.00017378906016237363,0.015461044103721766,0.00681514348442124,0.005553072915382907,7.151030721158159e-08,1.0,0.004498505225087979,0.004772841571892859,0.00024138310399568773,0.9953703703703703,0.9888888888888889,0.004986263710309708,0.5754570134910854,0.573424475378165,0.0016863674490861771,1,1,1,1
01_low_friction_mu_0p12:0006,01_low_friction_mu_0p12,13.277999999999995,13.677999999999995,0.1279708638433891,0.1279708638433891,0.32097618507062975,0.13948439494896697,0.5,1.053778913244405,1.053778913244405,2.8481385716588288,1.1141640279307234,0.0,3.2738043536392404e-05,0.0001615896556085149,0.0004506958469928656,0.00018507712979739217,0.0,-0.00015187116469020414,0.000378256345573907,0.0012709550429428297,0.0005501271999966975,0.0,-0.00015329655581298662,0.00036470497011398137,0.0012911669937172938,0.0005347142590180566,0.0,0.11899999998299651,5.15685011687903e-18,0.00015607964014781068,0.014881566944161389,0.00037825634557391583,2.088339764131198,1.9022466782143108,0.007805158510223754,7.241633818767312e-08,1.0,0.0058827721938154755,0.010288718912545939,0.002126979979616203,0.9685185185185187,0.8944444444444445,0.04040263746161375,0.5736454932180776,0.5646129962364788,0.004180195609034411,0,1,1,0
01_low_friction_mu_0p12:0007,01_low_friction_mu_0p12,13.477999999999994,13.877999999999995,0.28082106399320134,0.28082106399320134,0.32097618507062975,0.06217548672515178,1.0,2.0203767294638504,2.0203767294638504,2.8481385716588288,0.39403798881116436,0.0,3.1476092668686006e-05,0.00013606740100195383,0.00034672388155573743,0.00015943984610637977,0.0,-0.0005088228428579597,0.0005646515800228012,0.0012709550429428297,0.0004565422269505135,0.0,-0.0005343116018373999,0.0006090672869149785,0.0012911669937172938,0.0005277655298835073,0.0,0.29399999997815884,4.943931537318627e-18,0.00014524623215635498,0.03651226931369617,0.00056465158002281,2.0883367366178107,1.9022804543741476,0.006885068745803987,6.704044333165463e-08,1.0,0.008584383387101246,0.010292731496300823,0.0021006136298081,0.9166666666666666,0.8666666666666667,0.04006168083848877,0.5596733590443036,0.5325079680080373,0.015321105190030814,0,1,1,0
01_low_friction_mu_0p12:0008,01_low_friction_mu_0p12,13.677999999999994,14.077999999999994,0.3027652844245823,0.3027652844245823,0.3104710279856206,0.005827309413099738,1.0,1.886340794089337,1.886340794089337,2.0687805846033407,0.0858936533263294,0.0,1.1299288862445815e-05,0.00015056112294079075,0.0004161679694792334,0.00018462122029055107,0.0,-0.0003871902193727577,0.0004572102790299588,0.0009031607573582002,0.00040846574362536186,0.0,-0.0004863716767318026,0.0005439576473245757,0.0010596240086291184,0.0004770670760187271,0.0,0.3499999999903247,0.0,0.00014890864897344254,0.04723471556574238,0.0004572102790299588,0.014817369981058637,0.006487902994214692,0.004292231848383595,7.167952173279298e-08,1.0,0.01008146882696567,0.010457920668735365,0.0003914049614636996,0.8907407407407408,0.8666666666666667,0.014930106941293604,0.5432327936490573,0.5325079680080373,0.00935196534888117,1,1,1,0
01_low_friction_mu_0p12:0009,01_low_friction_mu_0p12,13.877999999999993,14.277999999999993,0.303996895556682,0.303996895556682,0.3138776220535208,0.007284094068131495,1.0,1.9110279835050774,1.9110279835050774,2.1413677248385614,0.13793159826930332,0.0,-2.216471798522248e-05,0.00013612485126451558,0.0004161679694792334,0.00017519291932597972,0.0,-0.00028377139620843346,0.0005349404217161133,0.0013653596291045207,0.0006523764425609472,0.0,-0.00018139156262320186,0.0006458085509583952,0.0013155179188913345,0.0007634449657412864,0.0,0.34999999999033354,0.0,0.00016068984696015828,0.04600310443365383,0.0005349404217161133,0.01543861008443611,0.006258095159455234,0.0037847918659424835,7.29399515683279e-08,1.0,0.010004566272314672,0.010707286683651899,0.000562892432316924,0.8925925925925927,0.8777777777777778,0.01047565601757849,0.528185391345367,0.5091122224920996,0.0134211934955721,1,1,1,0
01_low_friction_mu_0p12:0010,01_low_friction_mu_0p12,14.077999999999992,14.477999999999993,0.3089910123916815,0.3089910123916815,0.3156511575437689,0.00567526125519539,1.0,2.0173714849038067,2.0173714849038067,2.312270003227059,0.17698140925507747,0.0,-5.124772221259042e-05,0.00014396404451522674,0.0003635859759022765,0.00017425866885342986,0.0,-0.0006633994138724341,0.0008445483797229129,0.0013881427289077705,0.0006869466825009221,0.0,-0.0004453793579748044,0.0008522103757172246,0.0013155179188913345,0.0007968684752469252,0.0,0.3499999999903447,0.0,0.00017015783182634854,0.04100898759866545,0.0008445483797229129,0.015098375305200782,0.005861375941818739,0.004032533576791927,6.511081443757923e-08,1.0,0.00961776631154162,0.010707286683651899,0.0007567488895856939,0.8962962962962964,0.8722222222222222,0.01422434397753446,0.5093246231799033,0.484766413288298,0.013944132172295213,1,1,1,0
01_low_friction_mu_0p12:0011,01_low_friction_mu_0p12,14.277999999999992,14.677999999999992,0.31112688490313606,0.31112688490313606,0.31585231382053114,0.0047444771878633355,1.0,2.1490651195286565,2.1490651195286565,2.326265043448419,0.17771617698852143,0.0,-2.294828850652893e-05,0.0001740007528601672,0.00036586887223021334,0.00020748448750403816,0.0,-0.0005368036882728232,0.0006124475196338828,0.0013881427289077705,0.0005484872466587944,0.0,-0.0004867339786903386,0.00062028405693759,0.0012689130397892327,0.000502996391040604,0.0,0.3499999999903469,0.0,0.00016585864043514948,0.03887311508721084,0.0006124475196338828,0.012801663612177728,0.00560313621807016,0.003701756756431194,7.235382892788374e-08,1.0,0.009027624242095042,0.010225957264466548,0.0007870332883251211,0.8851851851851853,0.8611111111111112,0.018332398030762326,0.49891974963735214,0.484766413288298,0.011488366473236785,1,1,1,0
01_low_friction_mu_0p12:0012,01_low_friction_mu_0p12,14.47799999999999,14.877999999999991,0.3148746945584788,0.3148746945584788,0.3194768800240445,0.0034642922113767515,1.0,2.260827397483309,2.260827397483309,2.3856295520009354,0.08254409966350833,0.0,1.605025530131678e-05,0.00016406323856748943,0.00036586887223021334,0.00019195839609532908,0.0,-0.00026083947751331916,0.00036592338842680503,0.000799319329973243,0.0003786288397419628,0.0,-0.0002260623620730213,0.0004590555971791331,0.000803189862020082,0.000438893402746481,0.0,0.3499999999903258,0.0,0.0001612765141587835,0.03512530543184593,0.00036592338842680503,0.012701470830112234,0.005929824704102112,0.004122563586478255,9.93979982391756e-08,1.0,0.008591779672523982,0.009149589044718583,0.0003878985977085122,0.8768518518518519,0.8611111111111112,0.013385955828519392,0.4969670770166379,0.4897068026523933,0.004976944059353432,1,1,1,0
01_low_friction_mu_0p12:0013,01_low_friction_mu_0p12,14.67799999999999,15.07799999999999,0.3154188742628535,0.3154188742628535,0.31977397792020856,0.003684231736798099,1.0,2.1946121830521292,2.1946121830521292,2.387148891862999,0.1645848593327307,0.0,-4.185289426022382e-05,0.00016323757051703275,0.0004523433065108662,0.00018240880336153962,0.0,-0.0003837706345599348,0.0005511676071848164,0.0011899694498696768,0.0005415985783081062,0.0,-0.00028012101572911455,0.0005419455097509743,0.0011546485233828354,0.000580885520848993,0.0,0.3499999999903036,0.0,0.00017514278540405588,0.034581125727449036,0.0005511676071848164,0.01278103112417178,0.006180775910372372,0.0045137157483062,9.088304442511497e-08,1.0,0.008940243360923708,0.009825408573511435,0.0006676879586018804,0.8824074074074074,0.8555555555555555,0.02064212667556292,0.4993829410322627,0.49594460024388176,0.0028027501575168647,1,1,1,0
01_low_friction_mu_0p12:0014,01_low_friction_mu_0p12,14.87799999999999,15.27799999999999,0.31674068537632244,0.31674068537632244,0.33178684918667245,0.008031606507267922,1.0,2.241850253974308,2.241850253974308,2.7610783980855973,0.26930136441169256,0.0,-5.1072763528024444e-05,0.00013811580137724615,0.0004523433065108662,0.00016046263014415915,0.0,-0.0003108750226783788,0.0005714641647744033,0.0012456064955949483,0.0006695061835787628,0.0,-0.00023710477608861628,0.0005834508883414087,0.0013070184699072395,0.0007164763061921477,0.0,0.3499999999903025,0.0,0.00015142759205075707,0.03325931461398002,0.0005714641647744033,0.01261460454951853,0.00624015172542982,0.005935662062144242,6.587813734473934e-08,1.0,0.008822108316417668,0.009825408573511435,0.000906210397938847,0.8777777777777778,0.8277777777777777,0.02868876552746236,0.4957927722607609,0.4750493959031136,0.010131326650146365,1,1,1,0
01_low_friction_mu_0p12:0015,01_low_friction_mu_0p12,15.077999999999989,15.477999999999989,0.31717350200939814,0.31717350200939814,0.33178684918667245,0.0088876653146582,1.0,2.290542456534821,2.290542456534821,2.7610783980855973,0.2538354020110543,0.0,1.609486435631303e-05,0.00010433205588204521,0.00020710981897067938,0.00012327855874797152,0.0,-0.0003508639390389291,0.0006088764370606429,0.0012456064955949483,0.0006322094181126385,0.0,-0.00040670739810727015,0.0006792712729542955,0.0013070184699072395,0.0006949079975941973,0.0,0.3499999999903025,0.0,0.0001387181791618752,0.0328264979809044,0.0006088764370606429,0.014202063258840035,0.006953590672477731,0.004459462700323397,6.391671535877464e-08,1.0,0.008602707231656811,0.009573377043837417,0.000776840820760623,0.8740740740740739,0.8277777777777777,0.023277416833289905,0.4939539411089362,0.4750493959031136,0.009335945149889602,1,1,1,0
01_low_friction_mu_0p12:0016,01_low_friction_mu_0p12,15.277999999999988,15.677999999999988,0.29756779999482313,0.29756779999482313,0.3246078003898123,0.037683278001145376,1.0,2.0563340426912236,2.0563340426912236,2.479557770787083,0.3555479417557176,0.0,0.010455449220188614,0.010541107004069347,0.15115872526191582,0.033004754141487444,0.05,0.036477416086869656,0.03739003420939062,0.22073059144990848,0.08240278953629748,0.16666666666666666,0.03338033469989179,0.034441028090276944,0.2026685114081131,0.07571087197544552,0.16666666666666666,0.3298499999945001,0.034099999983336564,0.026443882216241395,0.030765533330252687,0.0007233675586441202,1.5427126889313376,1.4704089513732588,0.005074105205210866,8.361789264219575e-06,1.0,0.009065634114522016,0.010049025124615552,0.0006733486274318533,0.8935185185185186,0.8666666666666667,0.028763378827794547,0.5018844802239575,0.4941465750102573,0.009148446034933155,1,1,1,0
01_low_friction_mu_0p12:0017,01_low_friction_mu_0p12,15.477999999999987,15.877999999999988,0.25553764309871685,0.25553764309871685,0.3156257050992739,0.04180548840615286,1.0,1.346395646589242,1.346395646589242,2.2701850639267214,0.6186171109866728,0.0,0.018944135173845134,0.01898569641468395,0.15115872526191582,0.031374582499589174,0.05,0.14750613617223785,0.14787421608385756,0.2237972615556226,0.10453602657078287,0.6666666666666666,0.13595480671703436,0.13636519425966037,0.20716316489739664,0.09639688146463674,0.6666666666666666,0.2648499999958284,0.14409999995350614,0.1279021637426571,0.01900841283154454,0.0012278959274160566,1.5430749272521838,1.46495512828039,0.011154400971447098,8.365119003718279e-06,1.0,0.014059076331845841,0.01929604720614417,0.004789545386277581,0.8861111111111111,0.8555555555555555,0.032513055307554495,0.5053797461477668,0.49743998455392935,0.009310475241501026,1,1,1,0
01_low_friction_mu_0p12:0018,01_low_friction_mu_0p12,15.677999999999987,16.077999999999985,0.23534978607499135,0.23534978607499135,0.25184093004555325,0.012139222605512893,1.0,0.8276281904733533,0.8276281904733533,0.9361380632245798,0.05559699694695561,0.0,0.01766730226710757,0.01766730226710757,0.018638881235600285,0.0007331866729884943,0.0,0.2214589042395009,0.2214589042395009,0.2237972615556226,0.0012783245567753586,1.0,0.20379985507482437,0.20379985507482437,0.20716316489739664,0.001687927045242931,1.0,0.21999999999299358,0.21999999993996058,0.20239451427809813,0.015714364733573433,0.001479250764056685,0.048656631343508616,0.008026900227702293,0.005164360787605748,6.720749494887089e-08,1.0,0.018501365400164737,0.01929604720614417,0.00061691566535357,0.8620370370370369,0.8555555555555555,0.004986263710309757,0.5298224535435564,0.4977285413040865,0.028867554613718645,1,1,1,0
01_low_friction_mu_0p12:0019,01_low_friction_mu_0p12,15.877999999999986,16.277999999999984,0.2392999072967699,0.2392999072967699,0.25184093004555325,0.010349323763175903,1.0,0.852253653576307,0.852253653576307,0.9361380632245798,0.054349158713205635,0.0,0.018291163306549056,0.018291163306549056,0.018638881235600285,0.0001618822871055762,0.0,0.22227921176283075,0.22227921176283075,0.22461394993041212,0.0014312501755750632,1.0,0.20404601572960912,0.20404601572960912,0.2063373192013939,0.0014141553716307416,1.0,0.21999999999308822,0.2199999999392474,0.20175001339247686,0.01929990730367576,0.0022792118236331146,0.0493860502266356,0.009807979108175576,0.006741602993716275,7.712203068074448e-08,1.0,0.018262371564963995,0.01894881712477988,0.0004908916313560606,0.8694444444444445,0.8555555555555555,0.010994761191701759,0.567753695596628,0.5338547755482149,0.01854981933066607,1,1,1,0
01_low_friction_mu_0p12:0020,01_low_friction_mu_0p12,16.077999999999985,16.477999999999984,0.23655327708271667,0.23655327708271667,0.24391824763149397,0.007354334232932689,1.0,0.8362405069049617,0.8362405069049617,0.8778698505436923,0.03811899038544435,0.0,0.018262677533172237,0.018262677533172237,0.018616757404318535,0.00017003963799299904,0.0,0.2236288803178341,0.2236288803178341,0.22523555912706253,0.0011492768296726013,1.0,0.20539782832720066,0.20539782832720066,0.20679877108607128,0.0011094638710624663,1.0,0.21999999999321534,0.21999999993856995,0.20176152081654058,0.01655327708949452,0.003628880379299037,0.049776875348461765,0.01132988323497422,0.009229128741428935,7.783673650910536e-08,1.0,0.018389538805648076,0.01894881712477988,0.00033878595607224284,0.8694444444444445,0.8555555555555555,0.010994761191701759,0.5916135752652375,0.5682718070440488,0.021411147854426025,1,1,1,0
01_low_friction_mu_0p12:0021,01_low_friction_mu_0p12,16.277999999999984,16.677999999999983,0.2329265763859706,0.2329265763859706,0.24367124542195473,0.007271144018188568,1.0,0.8279737549088289,0.8279737549088289,0.9113979965125395,0.047619402273798746,0.0,0.018271297793047276,0.018271297793047276,0.018616757404318535,0.00017190386613196484,0.0,0.22398127482890184,0.22398127482890184,0.22523555912706253,0.000929901281745987,1.0,0.2056730237528995,0.2056730237528995,0.20692601264252922,0.0008995390202676033,1.0,0.21999999999334302,0.21999999993791802,0.20173774786037385,0.012926576392624867,0.0039812748910006655,0.04760924315242987,0.010926867165677876,0.008363975699658927,7.718978087548848e-08,1.0,0.018303066815713784,0.01919847528161804,0.0006158252922937124,0.8657407407407406,0.8555555555555555,0.009842727604383938,0.618752975189995,0.5748392828664141,0.023792296959739025,1,1,1,0
01_low_friction_mu_0p12:0022,01_low_friction_mu_0p12,16.477999999999984,16.877999999999982,0.1890706304138021,0.1890706304138021,0.24149380637447165,0.05272951080701983,1.0,0.7038528741163619,0.7038528741163619,0.9113979965125395,0.2125477225465529,0.0,0.002154166240706139,0.017988744370723626,0.12893408977342546,0.032039319067506115,0.05,0.005503304465301571,0.2184903818123269,0.2252147656136288,0.21865905292609192,1.0,0.017825612482025726,0.18780433696522483,0.22099117152303605,0.19438588518218156,0.8333333333333334,0.21999999999323366,0.2199999999249683,0.20254614943376534,0.04242435458161339,0.002865845190428156,0.6538394544440592,0.624977926601997,0.008080199695420554,7.795024343441137e-08,1.0,0.017657196334769792,0.01919847528161804,0.0014812829329566434,0.8546296296296295,0.8166666666666667,0.028403447500329568,0.6390865035342744,0.626488329421687,0.008934561806573513,1,0,0,0
01_low_friction_mu_0p12:0023,01_low_friction_mu_0p12,16.677999999999983,17.07799999999998,0.13928876688184375,0.13928876688184375,0.20522741564634833,0.031861737219811025,1.0,0.5196870945135524,0.5196870945135524,0.896926408822852,0.175399013466329,0.0,-0.006978733524676572,0.008923432931801034,0.12893408977342546,0.028558881887651152,0.05,-0.21641595128063265,0.21641595128063265,0.22218688511585674,0.00924526377621,1.0,-0.19496993167246815,0.19496993167246815,0.22099117152303605,0.05603492202411707,0.8333333333333334,0.21999999999275985,0.21999999992867045,0.21170408238755348,0.08071123311119324,0.0012155110376635603,0.653900272778654,0.6248011805205164,0.007524087897490209,7.142486923710463e-08,1.0,0.017857343518767402,0.01900273232326599,0.0014715337250140526,0.8203703703703703,0.7833333333333333,0.030541523152723404,0.6255976025816589,0.5884768776228103,0.024339089597659083,1,1,1,0
01_low_friction_mu_0p12:0024,01_low_friction_mu_0p12,16.877999999999982,17.27799999999998,0.12711598286410739,0.12711598286410739,0.13664899267142255,0.007208541381025719,1.0,0.4482109176326536,0.4482109176326536,0.4811943184057357,0.0286824929079347,0.0,-2.055639617914995e-06,0.00015603451067353334,0.0003947358312534621,0.00019534739629455925,0.0,-0.21999316482909778,0.21999316482909778,0.22080676490098408,0.0006790634248280607,1.0,-0.2200550277290827,0.2200550277290827,0.2209764438757496,0.0006674281072987284,1.0,0.219999999992499,0.2199999999444299,0.22003109545911997,0.09288401712838117,0.0005235825641770059,0.049523251659786945,0.011711503053559653,0.005720312089334805,8.563248633757725e-08,1.0,0.018438277243273724,0.018831120726604773,0.0004221148001478793,0.7981481481481482,0.7777777777777778,0.014224343977534458,0.5948507297539473,0.5741386643844505,0.02097946105701179,1,1,1,0
01_low_friction_mu_0p12:0025,01_low_friction_mu_0p12,17.07799999999998,17.47799999999998,0.1284281685762503,0.1284281685762503,0.14229062291618225,0.008965149855432168,1.0,0.46758916400900435,0.46758916400900435,0.5335945356292716,0.04579786609539821,0.0,1.9834361563009218e-05,0.00023019111496402623,0.000572946759333004,0.00028895286389814744,0.0,-0.2203177808729795,0.2203177808729795,0.22269996219809032,0.0018216512586922355,1.0,-0.22039426874643964,0.22039426874643964,0.22265402866800535,0.0019145656581685932,1.0,0.21999999999259723,0.21999999994332825,0.2200291365332146,0.0915718314163458,0.0014423174473858654,0.05320065415790198,0.011470397264891961,0.005929853569590707,8.273114563898622e-08,1.0,0.017877527597354836,0.018806456961024887,0.0005593259282918832,0.7888888888888889,0.7722222222222223,0.012422599874998821,0.5689290698412723,0.5472378497195528,0.015418682007965142,1,1,1,0
01_low_friction_mu_0p12:0026,01_low_friction_mu_0p12,17.27799999999998,17.67799999999998,0.1315326564790925,0.1315326564790925,0.14229062291618225,0.010324227027560681,1.0,0.491153874607733,0.491153874607733,0.5335945356292716,0.04113318983081303,0.0,2.198279389244856e-05,0.00019783068947327038,0.000572946759333004,0.0002627380062875169,0.0,-0.21994321153009547,0.21994321153009547,0.22269996219809032,0.002000868534760755,1.0,-0.22000724503222205,0.22000724503222205,0.22265402866800535,0.0020945534543320094,1.0,0.2199999999927138,0.2199999999422749,0.2200132297812723,0.088467343513622,0.001807705402092621,0.05204802973065469,0.009881154569369999,0.007027477391189526,6.173942615892894e-08,1.0,0.017373508369850316,0.017797066542971834,0.0002714566916003236,0.7814814814814816,0.7722222222222223,0.006141897759917385,0.5544194831259869,0.5401434113389699,0.010876723537649041,1,1,1,0
01_low_friction_mu_0p12:0027,01_low_friction_mu_0p12,17.47799999999998,17.87799999999998,0.07621240103440902,0.09597654800134624,0.1386065539209525,0.07717028745931903,0.6666666666666666,0.2742235751542823,0.37352361913634624,0.5294948497812327,0.3119203015132091,0.0,0.016922748715619315,0.017044005441542942,0.20907885867646822,0.05231651603373938,0.1,-0.14627030705237537,0.14627030705237537,0.2207159331714883,0.10321188189296523,0.6666666666666666,-0.14629248978762596,0.14629248978762596,0.22059945867143896,0.10317064984581954,0.6666666666666666,0.1320000000017757,0.13199999996944428,0.14544538233584123,0.0706025632654347,0.0008418675437550913,1.8754807375030478,1.7660870860945312,0.016658620010834367,1.5865389126179437e-05,1.0,0.014398498373308415,0.017626799372384327,0.004694112336541237,0.8166666666666668,0.7777777777777778,0.07960809355631362,0.544134325811073,0.5253997637164449,0.01583466367822741,1,1,1,0
01_low_friction_mu_0p12:0028,01_low_friction_mu_0p12,17.67799999999998,18.077999999999978,0.010388167682509377,0.03329109775073147,0.13059290339233082,0.05767333819385687,0.16666666666666666,0.015431270327418764,0.15063382531469596,0.4930037529529465,0.23621971753998347,0.0,0.016896796756178226,0.017073529747745852,0.20907885867646822,0.052324982826279544,0.1,-0.0365349469261086,0.036711251290489536,0.21882415435308541,0.08152265363585526,0.16666666666666666,-0.03658495355344922,0.03677207951474861,0.21884938001886406,0.08151175459393947,0.16666666666666666,0.022000000005388265,0.021999999998574445,0.03553290079785376,0.026426796620950987,0.00043653315931433735,1.8751907788406101,1.772109783160717,0.004999479773930022,1.5892981957231425e-05,1.0,0.008065178776906101,0.017168620526974595,0.005033094660797409,0.9259259259259259,0.7777777777777778,0.10090468685796503,0.5295247427387199,0.5202853457067514,0.010103080780118566,1,1,1,1
01_low_friction_mu_0p12:0029,01_low_friction_mu_0p12,17.87799999999998,18.277999999999977,-0.001423500147023259,0.003005270985370486,0.004784191345223171,0.0028674559748623914,0.0,-0.016734087024372447,0.03471355677139162,0.052654305946510216,0.03272313934439848,0.0,-3.870217125658906e-05,0.00018237012687683305,0.00039441110451324653,0.00021264583614544704,0.0,-8.4364332187327e-06,0.00024805971875728364,0.00041068456116343145,0.00027112839704814695,0.0,-7.402485473373368e-05,0.0003226828123468345,0.0004519012157411598,0.0003300368088990016,0.0,0.0,0.0,0.0001605486913639347,0.003005270985370486,0.00024805971875728364,0.012716584053785835,0.0049235939909688334,0.0034877031872796666,9.855708893029253e-08,1.0,0.004616065993547661,0.005014019931181891,0.00028178428394462344,0.9981481481481481,0.9944444444444445,0.002618914004394611,0.5241965652683476,0.5202853457067514,0.0030655262418183824,1,1,1,1
01_low_friction_mu_0p12:0030,01_low_friction_mu_0p12,18.077999999999978,18.477999999999977,-0.0018678897812428772,0.003938603174744552,0.009508862807140648,0.004377687471578282,0.0,-0.021295949080499893,0.04448353243740381,0.1042955234536616,0.048744397176255894,0.0,-1.695262267431715e-05,0.00017244787510468774,0.00039441110451324653,0.00021724993985305135,0.0,-0.00023372538006842425,0.00040741905195096676,0.0007636197246511128,0.0004093880368490486,0.0,-0.0003028677096603293,0.0004493538781008312,0.0007551651476884517,0.0004035977479525857,0.0,0.0,0.0,0.00015929986700068046,0.003938603174744552,0.00040741905195096676,0.013544036997912364,0.006336282228638195,0.004579830383580749,8.907387504160016e-08,1.0,0.0047938285250833405,0.0052442510360877674,0.00032962342576430123,0.9962962962962963,0.9888888888888889,0.004140866624999596,0.5257876858430601,0.520601912356541,0.0026964133536765307,1,1,1,1
01_low_friction_mu_0p12:0031,01_low_friction_mu_0p12,18.277999999999977,18.677999999999976,0.08709970896048229,0.09187475414715245,0.2811813424707915,0.12800402151970403,0.3333333333333333,0.7286981790271737,0.7816646068768195,2.858388787689625,1.136047319495707,0.0,0.0012646510034017135,0.001344448434702435,0.012590245483734525,0.0031429585635151876,0.0,-0.0004522063869145691,0.0006411506410856741,0.0009488424302184432,0.0005276087822131298,0.0,-0.0021082327685875493,0.0021931869407143443,0.00911708820800559,0.0031716238338286027,0.0,0.11999999998645206,5.24366874707574e-12,0.0011720291784920772,0.013389233580585372,0.0006411506375908438,2.0575449762715063,1.8929833014245396,0.006591258977077342,8.373111765843248e-08,1.0,0.005908225835348964,0.009574858088689244,0.0016617872323348778,0.9796296296296297,0.9333333333333333,0.022376011062212174,0.5295813462532993,0.5245516643990205,0.007087896064476656,0,1,1,0
01_low_friction_mu_0p12:0032,01_low_friction_mu_0p12,18.477999999999977,18.877999999999975,0.22095515122091877,0.22117675715959725,0.2811813424707915,0.09109309474296418,0.8571428571428571,1.6069875246136502,1.609329306718473,2.858388787689625,0.7767832315242204,0.0,0.0014253443242224003,0.0014253443242224003,0.012590245483734525,0.0030801112634580565,0.0,-0.00039298879202430935,0.0005068588050536174,0.0009488424302184432,0.000472049119655678,0.0,-0.0019334443735918954,0.0019334443735918954,0.00911708820800559,0.0029624311967683167,0.0,0.26999999998210567,1.5719619338410557e-11,0.0012385293564954152,0.03618770590489668,0.0005068588020580488,2.05754975165012,1.8924960693873243,0.004891079478372639,7.049810928994525e-08,1.0,0.00827145456628982,0.009964253368251061,0.0018195478988182747,0.9412698412698414,0.9055555555555556,0.029375802417971036,0.5389085359525433,0.5245516643990205,0.012355293508819807,0,1,1,0
01_low_friction_mu_0p12:0033,01_low_friction_mu_0p12,18.677999999999976,19.077999999999975,0.2554283905419922,0.2554283905419922,0.2664959634027074,0.006556593079221895,1.0,1.706095785751107,1.706095785751107,1.8941630213495393,0.1026340442429992,0.0,0.0003064538409004482,0.00032185044802382614,0.0010100715061200107,0.00023177355171181003,0.0,-0.0003334302872912113,0.000620557800586514,0.001213816093370786,0.0006504539511136669,0.0,-0.0005758501383212312,0.0007439479745818665,0.001757665544111538,0.0006986206076042077,0.0,0.2999999999913072,2.095190118266963e-11,0.00029300614755226745,0.04457160944931503,0.0006205577975933853,0.015501717052683547,0.0058868563048543295,0.004861075450598968,5.363548939106642e-08,1.0,0.00933748352644236,0.009964253368251061,0.00045096662668155107,0.9230158730158732,0.9055555555555556,0.018167497051205718,0.5498127892508458,0.5328253770655526,0.012431293023437212,1,1,1,0
01_low_friction_mu_0p12:0034,01_low_friction_mu_0p12,18.877999999999975,19.277999999999974,0.2611195199433081,0.2611195199433081,0.2710889446043261,0.007348899818111516,1.0,1.805941487912179,1.805941487912179,1.9369277826075675,0.12769737462392597,0.0,0.0002508698001696462,0.000282889304165134,0.0010100715061200107,0.00027735383710105925,0.0,-0.00039678407827037956,0.0007637051213047495,0.001213816093370786,0.000744442658079948,0.0,-0.0007352187679654813,0.0009313329102695559,0.001757665544111538,0.0008114444974875058,0.0,0.2999999999913072,2.095190118266963e-11,0.00027331539140642446,0.0388804800479991,0.0007637051143207825,0.013826390165822931,0.0065072414295110894,0.0041568012926179055,6.906784014536959e-08,1.0,0.00898656673199121,0.009805654202869968,0.0004950617260090182,0.9203703703703704,0.9,0.016249934050726143,0.5552087163723111,0.5445461260280566,0.008016308390679128,1,1,1,0
01_low_friction_mu_0p12:0035,01_low_friction_mu_0p12,19.077999999999975,19.477999999999973,0.26268588248955577,0.26268588248955577,0.2710889446043261,0.005844453113301047,1.0,1.8428961380661855,1.8428961380661855,1.9369277826075675,0.07533896968325625,0.0,0.00016392048431029897,0.00022289883200415857,0.0006317446384352443,0.0002459529890386924,0.0,-0.00017981140618485332,0.0007525821031778057,0.0013374812809278378,0.0008635260559925058,0.0,-0.0005052489199312014,0.0009120793052552994,0.001543943596513812,0.0009670871082116401,0.0,0.2999999999913072,2.095190118266963e-11,0.00023997764123723453,0.03731411750175146,0.0007525821031778056,0.013042395183273341,0.006670834521248822,0.0036810330765521247,9.85445131119912e-08,1.0,0.00882317420455884,0.009423239745996865,0.00041786898773537315,0.9138888888888891,0.8888888888888888,0.015957118462605648,0.549865779057349,0.5427448694135291,0.005992161638828541,1,1,1,0
01_low_friction_mu_0p12:0036,01_low_friction_mu_0p12,19.277999999999974,19.677999999999972,0.26222968701020516,0.26222968701020516,0.2685940879318204,0.00644121098596049,1.0,1.8128230939194554,1.8128230939194554,1.9167825238871061,0.06310407499091446,0.0,0.0016994966104569263,0.0035766389315780326,0.015429218382663779,0.0063657549287996955,0.0,-9.450379058940164e-05,0.0006962119745457379,0.0013374812809278378,0.0007997083326960391,0.0,-0.004419017045937235,0.004825847431261333,0.012850464889283186,0.005862202798762512,0.0,0.29999999998982896,1.5768013675381394e-11,0.0033632514824840343,0.03777031297950359,0.0006962119753689162,1.4228885313084056,1.3314934448892821,0.007246690419059476,0.002828012343344789,1.0,0.00896862249010945,0.009423239745996865,0.00040528824229846174,0.9175925925925926,0.8888888888888888,0.02013755849160331,0.5517284270152661,0.5427448694135291,0.006112676082336322,1,1,1,0
01_low_friction_mu_0p12:0037,01_low_friction_mu_0p12,19.477999999999973,19.87799999999997,0.25614516195389253,0.25614516195389253,0.2685940879318204,0.009722571873970118,1.0,1.7334402720778304,1.7334402720778304,1.9167825238871061,0.0999799265519516,0.0,0.0031870722290182813,0.0050218590993176375,0.015429218382663779,0.0068711474546062894,0.0,0.0003752597208018644,0.0007201483922943914,0.001116664213809032,0.0006749218466217639,0.0,-0.0044060964042585676,0.004786689701570053,0.012850464889283186,0.005861135711990639,0.0,0.29999999998963023,1.6029912440164756e-11,0.0046170536570228835,0.043854838035741604,0.000720148400788072,1.4239742858525788,1.320038671613631,0.0571228171338954,0.002827999780302277,1.0,0.009194707192308126,0.010033921622580842,0.00043955436589437425,0.9157407407407407,0.8888888888888888,0.020642126675562946,0.5432863434507982,0.525711381956406,0.014137898139787709,1,1,1,0
01_low_friction_mu_0p12:0038,01_low_friction_mu_0p12,19.677999999999972,20.07799999999997,0.256096832059072,0.256096832059072,0.2738156911572129,0.010337974464293959,1.0,1.7685737349627446,1.7685737349627446,2.0553880698548346,0.14716151412616277,0.0,0.0017260758153868773,0.0017260758153868773,0.012773035137030377,0.0033292654761773507,0.0,0.000866709865001428,0.000866709865001428,0.0013899580295428258,0.00035484413813834754,0.0,0.00012932789237263454,0.0006554034556423858,0.001578226689809254,0.0008384522906762071,0.0,0.29999999999110794,2.1216646673157164e-11,0.0015130492754418684,0.04390316793216051,0.0008667098866398645,0.07293532775786041,0.017799010086361797,0.01092443083391352,8.724916975362421e-08,1.0,0.009008282356858476,0.010033921622580842,0.0005675685017394116,0.9064814814814817,0.8888888888888888,0.016485642421078597,0.5244134260304968,0.5098448454740125,0.008351876680705623,1,1,1,0
01_low_friction_mu_0p12:0039,01_low_friction_mu_0p12,19.87799999999997,20.27799999999997,0.26000567512408224,0.26000567512408224,0.2738156911572129,0.007702110092093396,1.0,1.7846512790031148,1.7846512790031148,2.0553880698548346,0.14362008545199556,0.0,0.00028455676003864795,0.00030793317528857937,0.0006476417331844191,0.00018910716864587834,0.0,0.0007618541907061568,0.0007618541907061568,0.0013899580295428258,0.00036145664230530656,0.0,0.0004968597918384352,0.0004968597918384352,0.0010761804567531738,0.00036691932123966427,0.0,0.29999999999130667,2.0954747908373795e-11,0.0002572357898743536,0.03999432486722495,0.000761854211658058,0.06824164588061374,0.010591322314861738,0.005851694296600533,9.504985150180234e-08,1.0,0.009073360278813202,0.009766340357850515,0.0005754654847147785,0.9074074074074074,0.8888888888888888,0.014224343977534467,0.5253939739605152,0.5098448454740125,0.010794805776033882,1,1,1,0
01_low_friction_mu_0p12:0040,01_low_friction_mu_0p12,20.07799999999997,20.47799999999997,0.26050655636766806,0.26050655636766806,0.26543536138586454,0.004888984809991741,1.0,1.7815135894693617,1.7815135894693617,1.9094417961103294,0.11434431070825543,0.0,0.0002225289905920508,0.0002702600742934271,0.0006476417331844191,0.0002176559515460295,0.0,0.0006318547412765468,0.0007872133761896771,0.0019455798876052745,0.0007566007950609078,0.0,0.0004451095228896677,0.0008545301934532414,0.0021301745501087206,0.000933427730696204,0.0,0.2999999999913072,2.095190118266963e-11,0.000275688347603403,0.039493443623639164,0.0007872133831736441,0.06942016106642597,0.008477639639715111,0.0036429667188110984,9.396831083355866e-08,1.0,0.009100547406472282,0.009766340357850515,0.0005215020783924108,0.9157407407407409,0.9,0.009842727604383946,0.5264462567938978,0.5131021664727486,0.009634119991907305,1,1,1,0
01_low_friction_mu_0p12:0041,01_low_friction_mu_0p12,20.27799999999997,20.67799999999997,0.25703112846596804,0.25703112846596804,0.26543536138586454,0.007814754627945794,1.0,1.802250709007555,1.802250709007555,1.9094417961103294,0.09623562501907475,0.0,0.0029729403765693684,0.0030661599830030368,0.015040996739683747,0.005696457368969374,0.0,0.0005500524887830722,0.0007054111236962026,0.0019455798876052745,0.0008192710167055911,0.0,-0.004240457308371563,0.004980250739174447,0.014725517704251402,0.0064722571716496705,0.0,0.29999999999031857,1.7197069978873262e-11,0.003355914178104071,0.042968871524097146,0.0007054111262824528,0.5405133728028807,0.49094917770813273,0.007870514020490244,0.0027123533059736013,1.0,0.008828637209189283,0.00932082933334111,0.0002770216133354238,0.912962962962963,0.8888888888888888,0.017173367584251347,0.5337451159750393,0.5131021664727486,0.013302674748775598,1,1,1,0
01_low_friction_mu_0p12:0042,01_low_friction_mu_0p12,20.47799999999997,20.877999999999968,0.2545714991463575,0.2545714991463575,0.26923202101171123,0.009115409816531132,1.0,1.7829894371410677,1.7829894371410677,1.9721844676111524,0.13393233903535293,0.0,0.003505230281811661,0.003614263686157937,0.015040996739683747,0.0057783811983733325,0.0,0.00067503606773239,0.0009329352859577317,0.002560573822592043,0.001045150104727916,0.0,-0.004100692225151732,0.005111328398973383,0.014725517704251402,0.006604935984680797,0.0,0.2999999999902475,1.756145086900664e-11,0.0037101554059117913,0.04542850084370762,0.0009329352955279492,0.5388280738707834,0.49887859741913204,0.03927946804171214,0.0027123491890543583,1.0,0.008856457895568763,0.00936260094738629,0.00042860943963382375,0.8962962962962964,0.8666666666666667,0.01915570450516408,0.5365026108786973,0.5198737124439924,0.010584631347878026,1,1,1,0
01_low_friction_mu_0p12:0043,01_low_friction_mu_0p12,20.67799999999997,21.077999999999967,0.26131487346098314,0.26131487346098314,0.26923202101171123,0.008050838372223168,1.0,1.8663486613871527,1.8663486613871527,1.972391349297887,0.11783614426151572,0.0,0.0007891676605455205,0.0008374720557079817,0.009040367376155347,0.0019671518581600707,0.0,0.0003492426567042192,0.0007585097100395165,0.002560573822592043,0.0010687009865195294,0.0,0.0001531796658435153,0.0008347747577188967,0.0026829503216847716,0.0012342655361721466,0.0,0.29999999999123617,2.1316282072803e-11,0.0006503050897018444,0.038685126530324056,0.0007585097100395168,0.024477716470952898,0.016288246986207736,0.005455081050678675,8.583630410739784e-08,1.0,0.00865723289110029,0.00936260094738629,0.00047355616377562444,0.8925925925925927,0.8666666666666667,0.02214492730203962,0.5227403669134829,0.511720948159832,0.007217548393919859,1,1,1,0
01_low_friction_mu_0p12:0044,01_low_friction_mu_0p12,20.877999999999968,21.277999999999967,0.2656264944403301,0.2656264944403301,0.28982156868106,0.0117253073269269,1.0,1.9663830039810453,1.9663830039810453,2.2202335721533064,0.12473748292014189,0.0,0.00024430993384345976,0.00029125616096245104,0.0005231585336568192,0.0002063385327412101,0.0,6.797881196870896e-05,0.0007511667613809397,0.00171241333216428,0.0009886198525225441,0.0,-0.00012468304305024373,0.0006674855377329097,0.0015339202081513523,0.0008702908982373221,0.0,0.2999999999913072,2.0951901182669618e-11,0.0002688462766243736,0.034373505550977124,0.0007511667613809397,0.015473595331790636,0.006736993685382779,0.004212714154166863,7.430109111133934e-08,1.0,0.00830021616564789,0.008935264086432491,0.0004413076860076462,0.8981481481481483,0.8666666666666667,0.018885257457751055,0.5181798983530802,0.511720948159832,0.004837342444938933,1,1,1,0
01_low_friction_mu_0p12:0045,01_low_friction_mu_0p12,21.077999999999967,21.477999999999966,0.2671504533965217,0.2671504533965217,0.28982156868106,0.011556664868638745,1.0,1.9756407566106942,1.9756407566106942,2.2202335721533064,0.12966368508631523,0.0,0.00023990529698070367,0.0002787155953012853,0.0005231585336568192,0.00017919233507136025,0.0,-9.548629776870122e-05,0.001010102531692058,0.00171241333216428,0.0011177864562202868,0.0,-0.0003058488222153003,0.0009089885347981071,0.0015339202081513523,0.0009810167643208869,0.0,0.2999999999913072,2.0951901182669614e-11,0.00026891721113660465,0.032849546594785485,0.001010102531692058,0.013025438581823388,0.0059588509554417525,0.003543118401389193,9.042097532942902e-08,1.0,0.008314665203085696,0.009318396417853753,0.0005108808371401989,0.9166666666666666,0.8944444444444445,0.01727292417238668,0.4972531926817554,0.4474389783746443,0.025593487993391485,1,1,1,0
01_low_friction_mu_0p12:0046,01_low_friction_mu_0p12,21.277999999999967,21.677999999999965,0.26857540983433464,0.26857540983433464,0.27388268434379864,0.003514646175355797,1.0,1.9862839043397462,1.9862839043397462,2.2000577644523087,0.12567442246786317,0.0,0.0002754944385631113,0.0002754944385631113,0.0005278006554309294,0.00011388001838747348,0.0,-0.0007409072894728947,0.0009430959463777334,0.0015060769629242758,0.0007328787422887746,0.0,-0.0009662833677226557,0.0010336740827968673,0.0016912151360367474,0.0006585365638889037,0.0,0.2999999999913072,2.0951901182669614e-11,0.000269114851353372,0.031424590156972625,0.0009430959324097991,0.011996891675326131,0.005923246132415208,0.003628767605332991,1.025986697070374e-07,1.0,0.008323754601967616,0.009318396417853753,0.0005657169553348572,0.9231481481481483,0.8944444444444445,0.01584929885983674,0.4721750974009506,0.4474389783746443,0.01831044446658189,1,1,1,0
01_low_friction_mu_0p12:0047,01_low_friction_mu_0p12,21.477999999999966,21.877999999999965,0.27169370523182096,0.27169370523182096,0.28035468550679526,0.0045683377133633515,1.0,2.056798227051883,2.056798227051883,2.2000577644523087,0.09860640576968636,0.0,0.0002058571122725103,0.00024135705304601115,0.0005278006554309294,0.00018039139991934223,0.0,-0.0007836998801014763,0.0007836998801014763,0.0015060769629242758,0.0005321939194326811,0.0,-0.0009837044329525336,0.0009837044329525336,0.0016912151360367474,0.0005198419991227052,0.0,0.2999999999913072,2.0951901182669614e-11,0.00023294686033249477,0.02830629475948622,0.0007836998591495753,0.012526946421171867,0.005806287881217214,0.0040374243695138244,9.524956281083519e-08,1.0,0.008084744497135065,0.008599411937535807,0.00035448646177254126,0.9212962962962964,0.8944444444444445,0.013385955828519404,0.445843231105362,0.4092668208809826,0.024692681673634156,1,1,1,0
01_low_friction_mu_0p12:0048,01_low_friction_mu_0p12,21.677999999999965,22.077999999999964,0.27538243464079887,0.27538243464079887,0.2853065693844665,0.0062234524112608665,1.0,2.127396886582039,2.127396886582039,2.3909905689713478,0.140067699826047,0.0,0.0002049357714896085,0.0002434908701908085,0.0006549976719136659,0.0002224112380201598,0.0,-0.0007304716998758986,0.0007304716998758986,0.0018644367312693646,0.0005946476679916222,0.0,-0.0008875413116764972,0.0008875413116764972,0.0017692753269052158,0.0004479234058814193,0.0,0.2999999999913072,2.0951901182669614e-11,0.00021312869004640298,0.024617565350508352,0.0007304716789239973,0.012440136827399214,0.005597258778279998,0.003682164554354995,9.22564967070453e-08,1.0,0.007905950915470727,0.008599411937535807,0.00042886724987310646,0.9296296296296296,0.9166666666666666,0.00828173324999922,0.41744180877303766,0.3902764558644472,0.017519949384075275,1,1,1,0
01_low_friction_mu_0p12:0049,01_low_friction_mu_0p12,21.877999999999965,22.277999999999963,0.27571482613961673,0.27571482613961673,0.2853065693844665,0.004795019197583986,1.0,2.1904427520328453,2.1904427520328453,2.3909905689713478,0.10438880911351724,0.0,0.00021549252448677727,0.00022962973730613007,0.0006549976719136659,0.00020123894724819664,0.0,-0.0010875845785788746,0.0010875845785788746,0.0018644367312693646,0.0005470041191844454,0.0,-0.0012614883090401468,0.0012614883090401468,0.0017692753269052158,0.0004087147457797428,0.0,0.2999999999913072,2.0951901182669614e-11,0.00022883789799675773,0.024285173851690465,0.0010875845576269732,0.013770646790697682,0.005901119455150734,0.003069215419377832,9.021010472403221e-08,1.0,0.007636618140226737,0.00796067357402998,0.0002960973635606123,0.9342592592592593,0.9166666666666666,0.008124967025363087,0.4025963759713301,0.38347095530386965,0.017031553466258984,1,1,1,0
01_low_friction_mu_0p12:0050,01_low_friction_mu_0p12,22.077999999999964,22.477999999999962,0.24190234932561575,0.24190234932561575,0.2844036872511249,0.05173645258793577,1.0,1.9454663802475227,1.9454663802475227,2.2980462415053093,0.39855732839703517,0.0,0.08804078160322577,0.08805923763971969,0.36573031291177827,0.15248275892704968,0.25,0.10127562432081516,0.10248588398100555,0.3486518688192669,0.14662757194077417,0.3333333333333333,-0.0013185894708178261,0.0035744400965450848,0.009700342117641576,0.004762656787491058,0.0,0.26999999999385293,0.0875000000099532,0.004682967728378238,0.02309765066823868,0.000851927687539191,0.3553154855939645,0.3071267567519615,0.007364480862239941,7.847493325742107e-08,1.0,0.007494760729469186,0.00796067357402998,0.00023174659276432337,0.9231481481481479,0.8833333333333333,0.01935606014848786,0.38857892345293954,0.3774873106507897,0.009631788739847871,0,0,1,0
01_low_friction_mu_0p12:0051,01_low_friction_mu_0p12,22.277999999999963,22.67799999999996,0.18354485713220717,0.18354485713220717,0.2844036872511249,0.04910292479080127,1.0,1.277537466905471,1.277537466905471,2.2980462415053093,0.5539394637749123,0.0,0.18446850481679875,0.18447587879840102,0.36573031291177827,0.1336073669964038,0.7,0.2749016440556772,0.27494051271895076,0.3486518688192669,0.12677239690499248,0.8333333333333334,0.0776725687932479,0.081146722329535,0.2321895259736471,0.09036905451640091,0.3333333333333333,0.2099999999965685,0.2624999999757717,0.0860056332808117,0.02145514286436283,0.002225907939447712,0.40832747199513125,0.2607721446567117,0.016551360501233847,6.914869759757946e-08,1.0,0.009860395753356135,0.01551630757587521,0.0032175370904225,0.8916666666666666,0.8277777777777777,0.03298428357510534,0.3861232234815049,0.37175284596106895,0.011151396095117989,0,0,1,0
01_low_friction_mu_0p12:0052,01_low_friction_mu_0p12,22.477999999999962,22.87799999999996,0.17186162618190456,0.17186162618190456,0.19036754387172014,0.017035485017066084,1.0,0.7567953712708585,0.7567953712708585,1.0132447042708148,0.1309652744481585,0.0,0.11478002464680906,0.11478002464680906,0.2976838491067992,0.09173440716499416,0.45,0.3445913638590485,0.3445913638590485,0.34684377565084223,0.0017569428651625684,1.0,0.23284978533286882,0.23284978533286882,0.3114378459612705,0.08798783508722957,0.8333333333333334,0.1799999999954971,0.3499999999596832,0.23864587633946197,0.014645526222627004,0.005408636100200075,0.21787594550583933,0.11069865708091822,0.032108740312143086,6.660179975960558e-08,1.0,0.015168592383965963,0.018559259104416446,0.003475379956048149,0.812037037037037,0.7333333333333333,0.06769398787568236,0.39420240676292667,0.37175284596106895,0.012215537045900879,1,0,1,0
01_low_friction_mu_0p12:0053,01_low_friction_mu_0p12,22.67799999999996,23.07799999999996,0.190257313332049,0.190257313332049,0.2023919885598665,0.006774295396418969,1.0,0.651185771683158,0.651185771683158,0.7105452478534662,0.03696788363162903,0.0,0.034591389960054834,0.034591389960054834,0.06396568176358869,0.006954198958508062,0.0,0.34329540229642447,0.34329540229642447,0.344412167595062,0.0008253901004335305,1.0,0.31002409538812725,0.31002409538812725,0.31190874300733745,0.001811547019300829,1.0,0.17999999999403826,0.3499999999680753,0.31587748120455883,0.010257313337930845,0.006704597671195412,0.09387446297120011,0.05488869675174542,0.006675067495260482,4.833991762906048e-08,1.0,0.019053329763467547,0.020408515173338946,0.0011889080843598653,0.7527777777777778,0.7333333333333333,0.013513443999376344,0.3957954558149202,0.3844999540768051,0.010282534594527572,1,1,1,0
01_low_friction_mu_0p12:0054,01_low_friction_mu_0p12,22.87799999999996,23.27799999999996,0.188669715879242,0.188669715879242,0.2023919885598665,0.01163823028923623,1.0,0.6339808741320637,0.6339808741320637,0.6614801529359683,0.02289245390468037,0.0,0.03260141179570057,0.03260141179570057,0.032901777566476054,0.00016562647567213524,0.0,0.344328069136904,0.344328069136904,0.34548393412228207,0.0010416662812173319,1.0,0.3117702959343323,0.3117702959343323,0.31298470821263097,0.0010712948136518895,1.0,0.17999999999391836,0.3499999999688724,0.3173830555449023,0.013587300583133852,0.005671930831951304,0.06344741572376525,0.009043479177701614,0.004937087795045189,4.783694655041303e-08,1.0,0.01936325864676491,0.020408515173338946,0.0010518938233795734,0.7444444444444445,0.7166666666666667,0.015382636783181625,0.4021489603752098,0.3844999540768051,0.01362473779400217,1,1,1,0
01_low_friction_mu_0p12:0055,01_low_friction_mu_0p12,23.07799999999996,23.47799999999996,0.19270880260763598,0.19270880260763598,0.22221579054299992,0.016559201050717225,1.0,0.6133173284417796,0.6133173284417796,0.6614801529359683,0.04644302380195969,0.0,0.03261266484764005,0.03261266484764005,0.03298746206333164,0.00019110843136841145,0.0,0.34738539706313243,0.34738539706313243,0.35284527751342526,0.0030071273791564,1.0,0.31484507499909503,0.31484507499909503,0.32030168385037006,0.002968870515187559,1.0,0.17999999999411265,0.3499999999678761,0.31738578375555143,0.017626387311346105,0.003588603705492929,0.0631510293838989,0.009433236945650058,0.005161483451273638,5.685710741351833e-08,1.0,0.020622796075836957,0.024435776180562647,0.0027011103156470827,0.7555555555555555,0.7166666666666667,0.030765273566363233,0.42272380537448045,0.3994147101689115,0.01330992852088573,1,1,1,0
01_low_friction_mu_0p12:0056,01_low_friction_mu_0p12,23.27799999999996,23.677999999999958,0.20220324086682342,0.20220324086682342,0.22221579054299992,0.011300744090750086,1.0,0.58715608903613,0.58715608903613,0.6390070492467245,0.04400501463402229,0.0,0.03269832478613396,0.03269832478613396,0.03298746206333164,0.0001833463579812609,0.0,0.3508651575769126,0.3508651575769126,0.35427589209329374,0.0026175289797858024,1.0,0.3182475792235917,0.3182475792235917,0.3215975118657208,0.0025395586751044896,1.0,0.17999999999430139,0.34999999996690817,0.31731161381617434,0.022203240872542412,0.0022357771780541036,0.06048346663471946,0.008288415705137338,0.004886341977082827,5.6930625717824396e-08,1.0,0.022622699718796675,0.02548798626896067,0.0021999468534002176,0.7722222222222223,0.7277777777777777,0.03699071176932995,0.4548581850334806,0.4271315047510061,0.024027822783747134,1,1,1,0
01_low_friction_mu_0p12:0057,01_low_friction_mu_0p12,23.47799999999996,23.877999999999957,0.19795510876341305,0.19795510876341305,0.22930065439238334,0.02004645630221795,1.0,0.560198359070941,0.560198359070941,0.6313050609764346,0.05987605578927406,0.0,0.03265103148391378,0.03265103148391378,0.03295683433482227,0.00020625250718166348,0.0,0.3532858626061035,0.3532858626061035,0.35537004563691127,0.0016546448319790285,1.0,0.3206372061565712,0.3206372061565712,0.32293440020461767,0.0017102223678316763,1.0,0.17999999999454674,0.34999999996624204,0.31736686358906346,0.022974368874795117,0.003285862639783685,0.05842369097558681,0.006797173062105077,0.004290377052707149,7.274054612732504e-08,1.0,0.023165606508774042,0.02548798626896067,0.0017619867041413235,0.7675925925925925,0.7277777777777777,0.0313313413253493,0.48853936224691985,0.4534942646611804,0.022960353161417237,1,1,1,0
01_low_friction_mu_0p12:0058,01_low_friction_mu_0p12,23.677999999999958,24.077999999999957,0.19026231668112534,0.19026231668112534,0.22930065439238334,0.0205891818611021,1.0,0.5149334689840933,0.5149334689840933,0.6248267458245222,0.05363816987798983,0.0,0.032645917825735796,0.032645917825735796,0.03311147210986498,0.00023873440250062522,0.0,0.35579982208067085,0.35579982208067085,0.35787150187887035,0.0014880747743014678,1.0,0.32314990835726465,0.32314990835726465,0.32537251785194654,0.0015043182033088226,1.0,0.17999999999481986,0.34999999996575226,0.3173835693353365,0.01757369397668528,0.005799822114880581,0.05965116342051056,0.009006591255921409,0.006084032090215335,9.830813469997799e-08,1.0,0.024229663836081352,0.026915905495166575,0.0020137837005364968,0.774074074074074,0.7611111111111111,0.007635380788180857,0.5231165629689233,0.4718103238695678,0.027874721104881216,1,1,1,0
01_low_friction_mu_0p12:0059,01_low_friction_mu_0p12,23.877999999999957,24.277999999999956,0.18079799104880312,0.18079799104880312,0.1985883257634888,0.012645223574677247,1.0,0.48197456875717554,0.48197456875717554,0.5360742515079548,0.043716838508151196,0.0,-0.03481442839071466,0.09145640903110615,0.6497782417115505,0.19895171605725862,0.1,0.34004802978524484,0.34004802978524484,0.35866289278468577,0.039004773458583955,1.0,0.32626827368709793,0.32626827368709793,0.3329471629493847,0.0030969522810599015,1.0,0.1799999999950319,0.34999999996566694,0.3137836714640037,0.011609085968623254,0.007548029815960555,0.16464663193614584,0.1269444695975964,0.012629932398448913,1.012399312951782e-07,1.0,0.02465488705214823,0.026915905495166575,0.001937643273582955,0.7740740740740741,0.7666666666666667,0.006141897759917385,0.5714569133256339,0.5314063747391575,0.02897727993397065,1,0,1,0
01_low_friction_mu_0p12:0060,01_low_friction_mu_0p12,24.077999999999957,24.477999999999955,0.16275017740649572,0.16275017740649572,0.18953912993902158,0.015645227973731888,1.0,0.6305913849595095,0.6305913849595095,1.2060640460472365,0.2794678927684225,0.0,-0.2557909312410671,0.27970857440284985,0.6497782417115505,0.2521893637536858,0.6,-0.012018600413144167,0.3349598070806896,0.35866289278468577,0.33679369655459335,1.0,0.20599892851039034,0.22129897562415066,0.3329471629493847,0.14332846343977576,0.6666666666666666,0.17999999999519734,0.3499999999611748,0.2006664917042457,0.02042953257029501,0.00560097392498806,0.29993732045915406,0.17996159721726487,0.09844610345997946,8.961088485259738e-08,1.0,0.019626645257069652,0.025687816058001956,0.007124249233259289,0.812962962962963,0.7666666666666667,0.07262470944862064,0.6273078807404925,0.5824888494609333,0.030965491838093606,1,0,1,0
01_low_friction_mu_0p12:0061,01_low_friction_mu_0p12,24.277999999999956,24.677999999999955,0.14366819604528455,0.14366819604528455,0.16273079270220497,0.013760816829927114,1.0,0.8169717916865483,0.8169717916865483,1.2060640460472365,0.2646217774089548,0.0,-0.31691896227841787,0.31691896227841787,0.5756122020250468,0.11835174079241426,1.0,-0.3487046364089938,0.3487046364089938,0.3514313316527356,0.0026477896175189863,1.0,-0.01656786497629117,0.11578816584810862,0.21410934296344017,0.12702575954710837,0.5,0.17999999999342875,0.3499999999659176,0.10952196656377111,0.03633180394841785,0.0022495202223375083,0.2666537584909345,0.14831795647321727,0.014428473966285132,7.586979248999571e-08,1.0,0.012592591481076972,0.024325214182173923,0.005543883996790335,0.8407407407407407,0.7944444444444444,0.06166972520498782,0.6500882307954042,0.6337872544576402,0.011648752866732929,1,0,1,1
01_low_friction_mu_0p12:0062,01_low_friction_mu_0p12,24.477999999999955,24.877999999999954,0.1204918434567143,0.1204918434567143,0.15669686035071154,0.020034738196142574,1.0,0.6265774208185034,0.6265774208185034,1.1177887549914232,0.25856904380972373,0.0,-0.17290930687825448,0.17290930687825448,0.2716543056220418,0.059571480755947835,0.85,-0.35014866064043343,0.35014866064043343,0.3514313316527356,0.0011004376798051277,1.0,-0.16805727196437079,0.16805727196437079,0.2516187426169853,0.05801333862623733,0.8333333333333334,0.1799999999915869,0.349999999975363,0.17965457448999184,0.0595081565348726,0.0010390697886692984,0.11009836820156456,0.0107990787239837,0.0063223073296725316,6.250297612064427e-08,1.0,0.013521764006784705,0.01799353935857136,0.003272361390171876,0.7962962962962963,0.7277777777777777,0.037770514915502124,0.6375505741912356,0.6126545327383207,0.013984865106664059,1,0,1,1
01_low_friction_mu_0p12:0063,01_low_friction_mu_0p12,24.677999999999955,25.077999999999953,0.09817903542622759,0.09817903542622759,0.11238316472135021,0.009429793913234572,1.0,0.34994130087821057,0.34994130087821057,0.48426586127611393,0.07840644804736234,0.0,-0.07335684466505055,0.07335684466505055,0.16718998326813622,0.05463295017223537,0.35,-0.3479498798075123,0.3479498798075123,0.3506705635059126,0.002053850281654561,1.0,-0.2664205766704055,0.2664205766704055,0.34558449655304796,0.05425426456215034,1.0,0.17999999999172123,0.34999999997626824,0.27881067226954886,0.08182096456542867,0.0024032683030494233,0.10070424313124028,0.018816304613567574,0.007826063039812425,6.71443870331722e-08,1.0,0.018749419460236724,0.022979462397319798,0.002604871358196797,0.7509259259259259,0.7166666666666667,0.028403447500329557,0.5964126857576931,0.5448402835289323,0.03774758672387127,1,0,1,1
01_low_friction_mu_0p12:0064,01_low_friction_mu_0p12,24.877999999999954,25.277999999999953,0.09145607370355834,0.09145607370355834,0.10168164916352464,0.008467574709165341,0.8333333333333334,0.27858692795426837,0.27858692795426837,0.3106269757616367,0.03815295129984412,0.0,-0.012801154504338117,0.01281859820386189,0.06556181647215914,0.020745816608789085,0.0,-0.34510219367239703,0.34510219367239703,0.3466599551453111,0.0014071721168253256,1.0,-0.328953607395415,0.328953607395415,0.34558449655304796,0.023897051199726196,1.0,0.17999999999229854,0.3499999999789555,0.3380984307650583,0.0885439262886797,0.004897806306193123,0.08041288535720811,0.020924483844012385,0.013441924223272374,7.418296976660602e-08,1.0,0.02162570101895346,0.024922278757954393,0.0018087322233499951,0.725925925925926,0.7055555555555556,0.015270761576361706,0.556198639435449,0.5304245164135063,0.017833119002454625,1,1,1,1
01_low_friction_mu_0p12:0065,01_low_friction_mu_0p12,25.077999999999953,25.477999999999952,0.09570820005969706,0.09570820005969706,0.12209051630312374,0.013340142218641748,0.8571428571428571,0.2896063597874906,0.2896063597874906,0.41251111268906177,0.06259687966864019,0.0,-0.00014875648585488955,0.00017562652900657839,0.0005201254547367862,0.00017791114221927883,0.0,-0.34436562549578426,0.34436562549578426,0.34644116971297,0.0013709285268634992,1.0,-0.34424153055433626,0.34424153055433626,0.34612674316117875,0.0013524136580944776,1.0,0.1799999999927937,0.3499999999798322,0.34985675394800597,0.08429179993310457,0.005634374484020423,0.06519389357364958,0.008214045268376982,0.0064031801868576,7.775698590931209e-08,1.0,0.021933560952742216,0.024922278757954393,0.0018530465467887106,0.7182539682539684,0.7055555555555556,0.013515386004703494,0.5460839921081418,0.5304245164135063,0.015463200340608283,1,1,1,1
01_low_friction_mu_0p12:0066,01_low_friction_mu_0p12,25.277999999999953,25.67799999999995,0.08634981964091006,0.08634981964091006,0.12209051630312374,0.019883760139803707,0.7142857142857143,0.2606726554207657,0.2606726554207657,0.41251111268906177,0.07167868259764189,0.0,-0.00024301769090989133,0.0002524440345378076,0.0005201254547367862,0.000181758829353297,0.0,-0.34468764879300073,0.34468764879300073,0.3492805022790236,0.0024143934771144863,1.0,-0.34447791742814665,0.34447791742814665,0.3491411801387137,0.0024466409874811376,1.0,0.17999999999293026,0.3499999999780389,0.3497594498556591,0.09365018035202734,0.005312351185066577,0.06605237142189563,0.009134995143048216,0.005214774192671818,8.063460822346358e-08,1.0,0.02181941986094065,0.0242727947235791,0.0017472689349663708,0.7174603174603175,0.6833333333333333,0.0191136421885592,0.5283670942902773,0.4935897516688648,0.019328687701606503,1,1,1,1
01_low_friction_mu_0p12:0067,01_low_friction_mu_0p12,25.477999999999952,25.87799999999995,0.0699103961179577,0.0699103961179577,0.08634548054507861,0.011945854131571678,0.3333333333333333,0.19783851962582558,0.19783851962582558,0.24790656093988803,0.03414071253712836,0.0,-0.00026270613246988925,0.0002674745246782656,0.0005592804052873546,0.00017201351960695585,0.0,-0.3425768890926148,0.3425768890926148,0.3492805022790236,0.003426231980028385,1.0,-0.34242887128276855,0.34242887128276855,0.3491411801387137,0.0034030098401074574,1.0,0.17999999999306127,0.3499999999760917,0.34978185298330444,0.1100896038751391,0.007423110883203608,0.06510408777540652,0.009150623566350706,0.0057715180319828675,8.123961056212275e-08,1.0,0.023205880343452584,0.026941804152817064,0.0021391901265927944,0.7287037037037037,0.6833333333333333,0.024304453237790152,0.4897975185896682,0.46449668239620356,0.022030285064474492,1,1,1,1
01_low_friction_mu_0p12:0068,01_low_friction_mu_0p12,25.67799999999995,26.07799999999995,0.05789252138148716,0.05789252138148716,0.08582563851243886,0.017083622993362902,0.16666666666666666,0.15425377212872857,0.15425377212872857,0.24790656093988803,0.05267617985285518,0.0,-0.0002333127026148546,0.00024098990243457685,0.0005592804052873546,0.00016816985910860058,0.0,-0.33379477764191495,0.33379477764191495,0.3415242149834533,0.01498792409780746,1.0,-0.3400747245727233,0.3400747245727233,0.3415591387259959,0.0011045004306620228,1.0,0.1799999999932156,0.3499999999743893,0.34982224701087056,0.11880747861378534,0.00978855566916395,0.06335199964618077,0.008108897726549583,0.005366080176437561,8.134948583276228e-08,1.0,0.024880263640576283,0.026941804152817064,0.0014634795599274856,0.7462962962962963,0.7222222222222222,0.01458149606298484,0.46366002948570956,0.4442368813072859,0.009706429162913007,1,1,1,1
01_low_friction_mu_0p12:0069,01_low_friction_mu_0p12,25.87799999999995,26.27799999999995,-0.01106645949418353,0.05623548298853064,0.09172147845449526,0.05837253591084024,0.16666666666666666,-0.057260608985113946,0.17369928074276775,0.2503021424718499,0.1752696308106827,0.0,0.10829686982662204,0.10852749128497774,0.32918714893150897,0.1228660483064509,0.45,-0.1618103444456877,0.16554790403290048,0.3415242149834533,0.166099004509599,0.5,-0.2660319422425713,0.2660319422425713,0.34131727259069566,0.09499277227064862,0.8333333333333334,0.09720000000089879,0.18899999998943334,0.2937573711771856,0.09776645949644776,0.0067729888816457475,0.9079322412048978,0.7281601343813529,0.31992949695547324,1.2707734748432271e-05,1.0,0.022048614590290543,0.02622692481451946,0.004580996733902868,0.7666666666666666,0.7444444444444445,0.025660011963983355,0.4384905110990847,0.41022558441116647,0.020708628310397662,0,0,1,1
02_asymmetric_left_mu_0p15:0000,02_asymmetric_left_mu_0p15,13.469,13.869,0.215713204871628,0.215713204871628,0.22060617745033564,0.003857176091184083,1.0,1.7270687875704052,1.7270687875704052,1.8916336624271919,0.09676359436242797,0.0,3.941135540721359e-05,0.00013031699343550265,0.0004508238963987685,0.00016256903555325963,0.0,-0.0003634562451363646,0.00057200039430319,0.0011574156712913838,0.000544777961310319,0.0,-0.0003621506301698831,0.0004316947807743474,0.001030783503734877,0.00042306947320072745,0.0,0.24999999999231193,0.0,0.00015865554355947004,0.03428679512068393,0.00057200039430319,0.014927606175128715,0.005917384319755285,0.004305738063730447,7.992323323910593e-08,1.0,0.007575182237207116,0.008179489734254952,0.00042992085856976685,0.9055555555555558,0.8944444444444445,0.013981174880131021,0.4988507907311693,0.49313944002676374,0.004724275354200309,1,1,1,0
02_asymmetric_left_mu_0p15:0001,02_asymmetric_left_mu_0p15,13.668999999999999,14.068999999999999,0.21764890675169105,0.21764890675169105,0.22690062947014317,0.005531066489708463,1.0,1.742542937314229,1.742542937314229,1.8916336624271919,0.10320547776037542,0.0,2.39573596942667e-05,0.00011969272352956324,0.00029667391072455643,0.00014435062598375969,0.0,-0.00047675433832676165,0.000625590719250492,0.0011574156712913838,0.0005004136684789465,0.0,-0.00042728778897054557,0.0004968319395750098,0.001030783503734877,0.0004072593265742922,0.0,0.24999999999231193,0.0,0.00013145666118121645,0.032351093240620875,0.000625590719250492,0.013348817038071552,0.006048810387812952,0.005361123366649805,6.875228487896198e-08,1.0,0.007575022612530974,0.008094928475220989,0.0004175613834520648,0.9037037037037038,0.8944444444444445,0.009442628728875531,0.5088953563252204,0.4931932439165472,0.014316892393629235,1,1,1,0
02_asymmetric_left_mu_0p15:0002,02_asymmetric_left_mu_0p15,13.868999999999998,14.268999999999998,0.215270088761652,0.215270088761652,0.22690062947014317,0.005710031292182845,1.0,1.7051747997754916,1.7051747997754916,1.9161835014651079,0.13697152376555813,0.0,-3.409439364438068e-05,0.00016920043735251737,0.00038336554504616834,0.00019178486065985287,0.0,-0.0005806316110489439,0.0005806316110489439,0.0008852205282829731,0.0002969679360789262,0.0,-0.0005338969521564992,0.0005338969521564992,0.0008294001224526693,0.00025038758896300887,0.0,0.24999999999231193,0.0,0.00015742411474684194,0.03472991123065993,0.0005806316110489439,0.012691894925129347,0.005331255725840446,0.004119072015905307,6.708713359798381e-08,1.0,0.007691087158097631,0.00851707283285962,0.0005654872479566366,0.912962962962963,0.9,0.016871173294711647,0.5193609208632921,0.49852389371506856,0.011113610796465598,1,1,1,0
02_asymmetric_left_mu_0p15:0003,02_asymmetric_left_mu_0p15,14.068999999999997,14.468999999999998,0.21565321362246073,0.21565321362246073,0.22386724020681162,0.004168844708422554,1.0,1.705944426591377,1.705944426591377,1.9161835014651079,0.144445559648281,0.0,-3.1818731981901794e-05,0.0001814365071891221,0.0004751788173496347,0.00021608087246219505,0.0,-0.0005429336872514915,0.0005429336872514915,0.000893811786195928,0.0003206061635229374,0.0,-0.000476355405440319,0.000476355405440319,0.0008294001224526693,0.00028675297709567995,0.0,0.24999999999231193,0.0,0.00016259591491079545,0.034346786369851154,0.0005429336872514915,0.014106505528231051,0.006430159090109202,0.004126234825647955,8.393327457867823e-08,1.0,0.007710669510361055,0.00851707283285962,0.0006200319629886218,0.924074074074074,0.9055555555555556,0.015603981061437693,0.5166375648325917,0.502185022098868,0.008531887766645714,1,1,1,0
02_asymmetric_left_mu_0p15:0004,02_asymmetric_left_mu_0p15,14.268999999999997,14.668999999999997,0.21804030371540914,0.21804030371540914,0.22386724020681162,0.0036157689617785315,1.0,1.7206070603013552,1.7206070603013552,1.9243284029803929,0.13929650686879858,0.0,2.3512244941276752e-05,0.00015653394310090785,0.0004751788173496347,0.0001915405516018629,0.0,-0.00039898112687004325,0.0006380000215022661,0.0010289430366942022,0.0005680492221461045,0.0,-0.0003622507807035892,0.0006101000995804364,0.0011786609338110324,0.0005951198986400827,0.0,0.24999999999231193,0.0,0.00015536732032430056,0.03195969627690281,0.0006380000215022661,0.015412377275761715,0.007275018008639417,0.004934031784014564,9.092187935000341e-08,1.0,0.007730431622301131,0.008625950542027723,0.0006172071732988188,0.9231481481481482,0.9111111111111111,0.009842727604383946,0.5042602799845423,0.4924582497481392,0.011022416629281466,1,1,1,0
02_asymmetric_left_mu_0p15:0005,02_asymmetric_left_mu_0p15,14.468999999999996,14.868999999999996,0.21779263253892278,0.21779263253892278,0.2206490122981165,0.0018571381557727531,1.0,1.7086328652459155,1.7086328652459155,1.9243284029803929,0.1200841439189378,0.0,-4.295276218463766e-06,0.00013280532536544344,0.0002733927781908468,0.00015264956642087253,0.0,-0.000271812920638833,0.0005200090182828154,0.0010289430366942022,0.0005556466239537393,0.0,-0.0002612996533951839,0.0005157434214302607,0.0011786609338110324,0.0005763497841182051,0.0,0.24999999999231193,0.0,0.0001406971958967604,0.032207367453389146,0.0005200090182828154,0.014731523816608767,0.006084949847345861,0.00457410954463738,8.675868415113377e-08,1.0,0.007776472996414927,0.008625950542027723,0.0005994736163911784,0.9120370370370371,0.8833333333333333,0.014843721798038341,0.49223135211298463,0.4844629722131671,0.004428544878916465,1,1,1,0
02_asymmetric_left_mu_0p15:0006,02_asymmetric_left_mu_0p15,14.668999999999995,15.068999999999996,0.21974797302432567,0.21974797302432567,0.2262915850889586,0.0041038446862392336,1.0,1.7609673678475357,1.7609673678475357,1.95768471931121,0.11891223066345208,0.0,5.650366052520944e-06,0.00016133998346104037,0.0005586905243407204,0.00020422794259723374,0.0,-0.0002927960015316892,0.0004804887089048643,0.0015494913419873543,0.000645585955395957,0.0,-0.000298031427224626,0.0004528521233814157,0.0015888090008996311,0.0006238181877518257,0.0,0.24999999999231193,0.0,0.00014944720882236368,0.030252026967986262,0.0004804887089048643,0.013438619551854103,0.0060336538228845755,0.0047646864226279315,7.343432117442205e-08,1.0,0.00757474597188162,0.008415609685893506,0.0004730936650126062,0.9027777777777777,0.8722222222222222,0.01917806960852591,0.5018170801596002,0.4844629722131671,0.018823797222555776,1,1,1,0
02_asymmetric_left_mu_0p15:0007,02_asymmetric_left_mu_0p15,14.868999999999994,15.268999999999995,0.21863862937751602,0.21863862937751602,0.2262915850889586,0.007417880094462493,1.0,1.717410482014602,1.717410482014602,1.95768471931121,0.17186321075800826,0.0,-1.835022216964967e-05,0.00020287261907398721,0.0005586905243407204,0.0002485970861256477,0.0,-0.00032628083424740854,0.0007019919876246629,0.0015494913419873543,0.0007999926415006079,0.0,-0.0003741306322328647,0.0007907362161490441,0.0015888090008996311,0.0008668455594739609,0.0,0.24999999999231193,0.0,0.00016462266700209633,0.03136137061479587,0.0007019919876246629,0.012651299436816829,0.006360620482859802,0.0033771824418642573,8.109170019147789e-08,1.0,0.007787719514433499,0.008694812912838185,0.0006551702273557161,0.9111111111111113,0.8722222222222222,0.022906142364542557,0.5193047285281348,0.4884992806055954,0.014756000791526846,1,1,1,0
02_asymmetric_left_mu_0p15:0008,02_asymmetric_left_mu_0p15,15.068999999999994,15.468999999999994,0.21266218347407173,0.21266218347407173,0.22197929512755415,0.006278966781912423,1.0,1.5572517282981126,1.5572517282981126,1.7625453934236137,0.11525934495588432,0.0,-8.630000751540519e-05,0.00021025473298012118,0.0005171021922751508,0.0002381707449390297,0.0,-0.00016885620048008262,0.0005219417323538085,0.001171351880334828,0.0006007007179191887,0.0,-6.430274561758773e-05,0.0005985817964071888,0.0012979674789763064,0.0007201445576106443,0.0,0.24999999999231193,0.0,0.00019339095071945134,0.037337816518240204,0.0005219417323538085,0.014335277524098878,0.006646207205059543,0.0033647676905089793,6.36878746713085e-08,1.0,0.008419272194849321,0.009181598189401107,0.00047944567612062954,0.9296296296296297,0.8944444444444445,0.01717336758425128,0.5288701649026205,0.5142540495708785,0.011558269083949229,1,1,1,0
02_asymmetric_left_mu_0p15:0009,02_asymmetric_left_mu_0p15,15.268999999999993,15.668999999999993,0.21352552523986082,0.21352552523986082,0.2208535360906346,0.004409041781895341,1.0,1.5768231198698557,1.5768231198698557,1.7129007810550392,0.09051907999129216,0.0,-2.2246488930972073e-06,0.0001695209310721187,0.0005171021922751508,0.00021693507799796456,0.0,-0.00024090754476248952,0.0004189691212034957,0.0011322017203465034,0.0005026620696654771,0.0,-0.00013091418153175974,0.00042253944945741507,0.0011186803298674412,0.0005475896354867911,0.0,0.24999999999231193,0.0,0.0001848691814399436,0.03647447475245109,0.0004189691212034957,0.014026683789046871,0.006597115637953203,0.0046345019921293674,5.930767514174211e-08,1.0,0.008328932968437985,0.009181598189401107,0.00045236632926421225,0.9333333333333335,0.9222222222222223,0.008486251286955229,0.5410967869013105,0.5142540495708785,0.012569984611046067,1,1,1,0
02_asymmetric_left_mu_0p15:0010,02_asymmetric_left_mu_0p15,15.468999999999992,15.868999999999993,0.21499707655848607,0.21499707655848607,0.2208535360906346,0.004383077617621117,1.0,1.631184733581378,1.631184733581378,1.8147329146669553,0.10161804756249235,0.0,6.650383836282625e-05,0.00014182587016184163,0.0003528070492868688,0.00015792964674331793,0.0,-0.0003361660009055054,0.000583528979172601,0.0011322017203465034,0.0006093240073174137,0.0,-0.0004142058416840187,0.0005931115012650516,0.0011186803298674412,0.0005495023556216089,0.0,0.24999999999231193,0.0,0.0001509508222558172,0.03500292343382584,0.000583528979172601,0.012022662804910867,0.005704593254210577,0.0047054127494872006,7.87923754357524e-08,1.0,0.008074254739228482,0.008630418439813856,0.00046357567003818805,0.9287037037037037,0.9166666666666666,0.010837685102518153,0.5552207194015133,0.5461337976495255,0.01060192022744089,1,1,1,0
02_asymmetric_left_mu_0p15:0011,02_asymmetric_left_mu_0p15,15.668999999999992,16.068999999999992,0.2143108458224091,0.2143108458224091,0.21980617751524414,0.003396320194797305,1.0,1.610777613724311,1.610777613724311,1.8147329146669553,0.10422037191519497,0.0,-7.3735474955446445e-06,0.00017336860661405158,0.000327420019223097,0.00019276451572527436,0.0,-0.00018830600037182148,0.0006810230329920471,0.0012914654828824288,0.0007659418351543684,0.0,-0.00019614733409028268,0.0006647071179113887,0.0009783895562359463,0.0007094942792497943,0.0,0.24999999999231193,0.0,0.00016333233605949423,0.035689154169902794,0.0006810230329920471,0.015325218803137568,0.007487348752174856,0.004301280249016718,6.954669394107419e-08,1.0,0.008165833198202108,0.008761862469939591,0.0004823782424289031,0.9342592592592593,0.9166666666666666,0.011748682907823617,0.5546965870362389,0.5359684545149174,0.012436460867654582,1,1,1,0
02_asymmetric_left_mu_0p15:0012,02_asymmetric_left_mu_0p15,15.868999999999991,16.26899999999999,0.21546564406133692,0.21546564406133692,0.22767944499041198,0.005967258303861958,1.0,1.5937824569508792,1.5937824569508792,1.7613166897128814,0.09754731242617261,0.0,2.935243299279481e-05,0.00021856850503808932,0.00053901630957542,0.0002492544220508527,0.0,-0.00011242369397332435,0.0004648514983103832,0.0012914654828824288,0.0006203644282233051,0.0,-7.774743721562082e-05,0.00045451088622863695,0.0009783895562359463,0.0005830761361329106,0.0,0.24999999999231193,0.0,0.00018653238819667744,0.03453435593097503,0.0004648514983103832,0.0163722626836961,0.008446745675817626,0.0049323953887151824,8.449317245985991e-08,1.0,0.008310164858879263,0.008840894410131401,0.00037123821671001183,0.9342592592592593,0.9166666666666666,0.008735167714867232,0.546701623737026,0.5359684545149174,0.006090405339894433,1,1,1,0
02_asymmetric_left_mu_0p15:0013,02_asymmetric_left_mu_0p15,16.06899999999999,16.468999999999987,0.23960344850154133,0.23960344850154133,0.2953689822365203,0.03208722913744456,1.0,1.7879527690148003,1.7879527690148003,2.041038906982563,0.21438904941833348,0.0,6.378607447534428e-05,0.0001815686739328349,0.00053901630957542,0.00021700554185847922,0.0,-6.22636505536828e-05,0.000265878468207469,0.0005440662623147614,0.0003030924482466687,0.0,-9.305722392391495e-05,0.00033800070905368374,0.0006500653907199475,0.00038860710406199124,0.0,0.27499999998845226,0.0,0.00017585524445680779,0.03456321815191615,0.000265878468207469,1.1901972729234467,1.157373473924374,0.005128985966304403,1.005583461785003e-07,1.0,0.008216201711579165,0.009161919609163318,0.0006780432400769037,0.9194444444444444,0.8944444444444445,0.01917806960852589,0.545510124977707,0.5408840637736549,0.002538279541706921,1,1,1,0
02_asymmetric_left_mu_0p15:0014,02_asymmetric_left_mu_0p15,16.26899999999999,16.66899999999999,0.28042156566969156,0.28042156566969156,0.30150648650095,0.02738093634974764,1.0,1.879401322965624,1.879401322965624,2.041038906982563,0.13947804679288586,0.0,5.3275574185179835e-06,0.0001075161290278252,0.0002376455275451239,0.0001335901492491147,0.0,4.9340964184474705e-05,0.0003985413488899103,0.0009781491292503077,0.0005155891858525846,0.0,6.733673442898825e-05,0.00046900556086484517,0.001051770381829063,0.0005739017269887872,0.0,0.32499999998744755,0.0,0.00014220618399188884,0.04374510098276119,0.0003985413488899103,1.190172103983347,1.15773581120737,0.0034774786089772983,8.949795215287796e-08,1.0,0.00934336390854931,0.011544742735497236,0.0014618444345522931,0.9083333333333335,0.8722222222222222,0.02307395517477243,0.5541435320140674,0.5408840637736549,0.013255200955195086,1,1,1,0
02_asymmetric_left_mu_0p15:0015,02_asymmetric_left_mu_0p15,16.468999999999987,16.868999999999986,0.3033297195819269,0.3033297195819269,0.31251696480321123,0.006488732521985454,1.0,1.9290636365300378,1.9290636365300378,2.1641995771112694,0.1889645984012624,0.0,0.00013906028166536582,0.0002504308162463056,0.0022002157749449005,0.0005140759426853083,0.0,0.00023057939409799533,0.0005816494296051496,0.0009781491292503077,0.0006115037749976018,0.0,0.0002246675895959481,0.0004714192023975912,0.001051770381829063,0.0005628480389081227,0.0,0.3499999999907477,3.7007434154171886e-13,0.0002168210147568022,0.04667028040837559,0.0005816494296051496,6.416513751416205,6.334076897875715,0.0034183899169568255,0.001178134695955197,1.0,0.00992202195816251,0.011544742735497236,0.0008875454441426869,0.8962962962962964,0.8666666666666667,0.023715274953455007,0.5657240922614085,0.544488826121502,0.010480309236682483,1,1,1,0
02_asymmetric_left_mu_0p15:0016,02_asymmetric_left_mu_0p15,16.66899999999999,17.06899999999999,0.307001410094177,0.307001410094177,0.31251696480321123,0.0035868760684715953,1.0,1.9549283017470316,1.9549283017470316,2.1641995771112694,0.14649160386060076,0.0,-0.0030923120841846543,0.003435713433107679,0.028852367707492388,0.007738171596283239,0.0,6.395571705182581e-05,0.0006380129460965175,0.0007268936324615253,0.0006425645467177259,0.0,0.004740716781138704,0.004863969223136862,0.026494875861565046,0.00974250583950384,0.0,0.34999999998987064,9.599159074451351e-12,0.003319793839438882,0.0429985898951411,0.0006380129470833824,6.468854174021612,6.34416986295243,0.03342821629606167,0.002767180454905913,1.0,0.009875646978309916,0.01079020795432173,0.000717455926142991,0.9037037037037038,0.8666666666666667,0.026189140043946187,0.5590584798460435,0.528673115727901,0.014787508248169809,1,1,1,0
02_asymmetric_left_mu_0p15:0017,02_asymmetric_left_mu_0p15,16.868999999999986,17.268999999999984,0.30102551596748095,0.30102551596748095,0.30822521573303274,0.004894789288050071,1.0,1.8072597780481674,1.8072597780481674,1.912369047159885,0.07254042287576175,0.0,-0.003470050039757846,0.003470050039757846,0.028852367707492388,0.007566307543286513,0.0,0.0004052773648126724,0.0007961095222840585,0.0012600558642921963,0.0007340212190738983,0.0,0.005340243572478187,0.005340243572478187,0.026494875861565046,0.009474933474245398,0.0,0.34999999998942266,2.044803073303205e-11,0.003431338146924047,0.04897448402183021,0.0007961095120002618,0.8225376207619054,0.7751079188794698,0.00668780750751783,0.001589125560700336,1.0,0.010500774316553848,0.010937192965461797,0.00041206691701472267,0.9157407407407407,0.9,0.016794775136312064,0.5416400016364834,0.528673115727901,0.013820726930251022,1,1,1,0
02_asymmetric_left_mu_0p15:0018,02_asymmetric_left_mu_0p15,17.06899999999999,17.468999999999987,0.299871326547703,0.299871326547703,0.3077830326470515,0.005837346029140384,1.0,1.852104623473142,1.852104623473142,2.019339815666774,0.11896422482823152,0.0,-0.0004930349294239555,0.0004930349294239555,0.0009475172582406409,0.0001972500447531034,0.0,0.0012008000326963492,0.0012008000326963492,0.001859421820371135,0.0003535944720443484,0.0,0.0017535324061619436,0.0017535324061619436,0.0024949257650238588,0.00046832907280101274,0.0,0.34999999999029974,2.2150372704123955e-11,0.000552989872352044,0.050128673442592565,0.0012008000104942612,0.06540568798638366,0.010619619975714019,0.006655328846988353,7.48896795696433e-08,1.0,0.010196748389288256,0.010937192965461797,0.0005523936794378718,0.9018518518518519,0.8833333333333333,0.010955703302036318,0.5385986166247413,0.5292712783915334,0.00574773425981602,1,1,1,0
02_asymmetric_left_mu_0p15:0019,02_asymmetric_left_mu_0p15,17.268999999999984,17.668999999999983,0.3042273733242706,0.3042273733242706,0.31374448655137316,0.00705923962335209,1.0,1.9534446402807608,1.9534446402807608,2.0851511003112932,0.09546784027930404,0.0,-0.0005159352769289645,0.0005159352769289645,0.0009732475411067269,0.00021005575338729643,0.0,0.0012903942790771425,0.0012903942790771425,0.0020330546144419395,0.0005063366424023891,0.0,0.0018467257187672543,0.0018467257187672543,0.0025877284519545646,0.0006006528911913528,0.0,0.3499999999903025,2.1862853408003084e-11,0.0005658254557569204,0.045772626666031914,0.0012903942572142892,0.06487558959878084,0.010629006323418937,0.007418092189941036,7.159912388056296e-08,1.0,0.009750641897102877,0.010339981941219498,0.0003747070588959265,0.8972222222222223,0.8833333333333333,0.00892930626017866,0.5364626242196878,0.51814280168014,0.009431497436164012,1,1,1,0
02_asymmetric_left_mu_0p15:0020,02_asymmetric_left_mu_0p15,17.468999999999987,17.868999999999986,0.30868948657478384,0.30868948657478384,0.3182092662291779,0.006735235290663701,1.0,2.0022474604863847,2.0022474604863847,2.2423790390057365,0.12597919030759525,0.0,-0.0005234371323981006,0.0005234371323981006,0.0011359493282681581,0.0002282230060107369,0.0,0.0011717005412259683,0.0011731613892465487,0.0030382041311665074,0.0010368820425462407,0.0,0.001647578133751644,0.001647578133751644,0.0037168586747382028,0.0011716049948728327,0.0,0.3499999999903025,2.1862853408003084e-11,0.0005661589594831814,0.04131051341551869,0.001173161374671313,0.06343509097320732,0.010264830204558957,0.007518272242436657,6.736669087147878e-08,1.0,0.009655335106110939,0.010337898890040113,0.0005382365982628614,0.8972222222222223,0.8611111111111112,0.018073353051799173,0.5330043652896733,0.51814280168014,0.008072084085625736,1,1,1,0
02_asymmetric_left_mu_0p15:0021,02_asymmetric_left_mu_0p15,17.668999999999983,18.06899999999998,0.3065861365089328,0.3065861365089328,0.3182092662291779,0.009589567737397178,1.0,1.9833871274038362,1.9833871274038362,2.2423790390057365,0.1306644153593977,0.0,-0.0005698163051393809,0.0005698163051393809,0.0012318906156396914,0.00026441168254513894,0.0,0.0019087717319739058,0.001910232579994486,0.004138214804853045,0.0014139325969111697,0.0,0.0025849565625001595,0.0025849565625001595,0.004909571654800387,0.001559891956818547,0.0,0.34999999999030307,2.191694119638226e-11,0.000616736654686709,0.043413863481369774,0.0019102325654102355,0.06303634185881918,0.009964510196721014,0.007463586967427559,6.541898786028892e-08,1.0,0.00968034716665101,0.010337898890040113,0.0004806682931913286,0.8935185185185185,0.8611111111111112,0.01854165221713034,0.5410226545911144,0.5293204476081536,0.006756747361599996,1,1,1,0
02_asymmetric_left_mu_0p15:0022,02_asymmetric_left_mu_0p15,17.868999999999986,18.268999999999984,0.3058280736925185,0.3058280736925185,0.3148511683106128,0.008861813647912307,1.0,2.0101550467782623,2.0101550467782623,2.2955647096738474,0.14426785040566162,0.0,-0.0005813217688184401,0.0005813217688184401,0.0012318906156396914,0.00024193690598570068,0.0,0.001666175107806882,0.0018814474531111856,0.004138214804853045,0.001425981964736341,0.0,0.0023893548383133348,0.0024340714229571345,0.004909571654800387,0.0015063769841526136,0.0,0.34999999999030307,2.191694119638226e-11,0.0006280219855603088,0.044171926297784075,0.0018814474385269355,0.0650886931754295,0.009167130286695973,0.005831045517333624,6.80363853028406e-08,1.0,0.009522325515321905,0.010198859613759556,0.000628573857129877,0.8925925925925925,0.8555555555555555,0.020201318730806887,0.5314533455726823,0.5086666206237164,0.014905817388792883,1,1,1,0
02_asymmetric_left_mu_0p15:0023,02_asymmetric_left_mu_0p15,18.06899999999998,18.46899999999998,0.2872898975279451,0.2872898975279451,0.3148511683106128,0.05063919417517413,1.0,1.9125021904081585,1.9125021904081585,2.2955647096738474,0.3332719918487409,0.0,0.0546613479815111,0.05558434986150168,0.32254893718287175,0.1119906174488316,0.2,0.03682256131341927,0.037037833658723575,0.21818354812678237,0.08111040203438244,0.16666666666666666,-0.018861911533907785,0.020848599753274546,0.11899738410761558,0.04478861489012309,0.16666666666666666,0.323999999994673,0.04400000001716137,0.011903663633032616,0.04104343579940868,0.000976650938979653,0.5907109321869682,0.5424282661963861,0.006853149355437366,1.231696007777492e-07,1.0,0.009348127313253816,0.010198859613759556,0.0006692710785173168,0.8925925925925925,0.8055555555555556,0.04764696418618002,0.5170345447494079,0.5086666206237164,0.004785719570689608,1,0,1,0
02_asymmetric_left_mu_0p15:0024,02_asymmetric_left_mu_0p15,18.268999999999984,18.668999999999983,0.23202214836225069,0.23202214836225069,0.31327563418242743,0.058305902308399805,1.0,1.4688382723823483,1.4688382723823483,2.0833682479877655,0.39819283443348863,0.0,0.08475445183325261,0.0851287104340904,0.32254893718287175,0.11073111520042489,0.35,0.14592246462077577,0.14592246462077577,0.21983860600140034,0.10295188993251873,0.6666666666666666,0.04801441326055853,0.08768020796309706,0.21708944042499234,0.10882218267126365,0.5,0.2589999999973136,0.15399999998538377,0.08928997723569068,0.0346715446685611,0.0009649334225256519,0.6233168832973444,0.5284909991170853,0.07433223131896848,7.154044772098871e-07,1.0,0.010043277415373109,0.013992832602591702,0.0017945545118070337,0.8787037037037037,0.8055555555555556,0.05380737120654679,0.5035678470522768,0.48461392219804766,0.013237283612965401,1,0,1,0
02_asymmetric_left_mu_0p15:0025,02_asymmetric_left_mu_0p15,18.46899999999998,18.86899999999998,0.20510291671738926,0.20510291671738926,0.2300810790949373,0.018777490717747498,1.0,1.0800804039979954,1.0800804039979954,1.3335937628941814,0.14283818670418605,0.0,0.029989094887713286,0.029991855967536174,0.18180382183390545,0.054916608516532114,0.15,0.21773261940884017,0.21773261940884017,0.21983860600140034,0.0017055506804857592,1.0,0.1755805179882992,0.1755805179882992,0.2182089386684087,0.06566326463252191,0.8333333333333334,0.21999999999430253,0.21999999996761077,0.18751483800745933,0.018257442977714405,0.002267380557789448,0.21912299793630846,0.117032940647493,0.010528468177655577,1.5732086614352674e-06,1.0,0.012351758978015803,0.015272075283543816,0.0023651394935087972,0.8249999999999998,0.7833333333333333,0.04872341524786249,0.5011345277651746,0.48461392219804766,0.013967809261400479,1,1,1,0
02_asymmetric_left_mu_0p15:0026,02_asymmetric_left_mu_0p15,18.668999999999983,19.06899999999998,0.2142167273909518,0.2142167273909518,0.22963269761525285,0.007374101257684142,1.0,1.0178416450806225,1.0178416450806225,1.1393639008092251,0.10300699213126564,0.0,0.0004225936448812098,0.00042535472470409537,0.0009716450188622106,0.00020668934027584458,0.0,0.2171582173054092,0.2171582173054092,0.21854805771911467,0.0013707371679022567,1.0,0.21669045174455218,0.21669045174455218,0.2182089386684087,0.0014064361038419217,1.0,0.21999999999308684,0.2199999999765097,0.21962826313396117,0.008994171809505213,0.002841782671254171,0.10869839953432385,0.010711312527682511,0.007293179514208409,1.9573928458694987e-06,1.0,0.013606863519166902,0.015272075283543816,0.0012081099371741351,0.7861111111111111,0.7777777777777778,0.006990587440065521,0.5096733576173237,0.49445608643447764,0.01086596894221144,1,1,1,0
02_asymmetric_left_mu_0p15:0027,02_asymmetric_left_mu_0p15,18.86899999999998,19.268999999999977,0.2165657394797734,0.2165657394797734,0.22963269761525285,0.006138192824223971,1.0,1.0640813298602187,1.0640813298602187,1.1393639008092251,0.0912686131996786,0.0,0.0004815904174639937,0.0004815904174639937,0.0009716450188622106,0.00020029716014721994,0.0,0.21791842891697763,0.21791842891697763,0.21964590346354868,0.0011243918730924542,1.0,0.21741792656091985,0.21741792656091985,0.2190721635511517,0.001059883102288591,1.0,0.2199999999931912,0.21999999997551897,0.2195622653043081,0.006645159720796895,0.002081571058744434,0.1062099540332976,0.010327515357776847,0.007813294785549374,1.8371666255610678e-06,1.0,0.01311683452817109,0.015064853814220791,0.0012062608573009707,0.7851851851851852,0.7611111111111111,0.013481684980149134,0.5071116991472636,0.49827876209212535,0.008060745377836976,1,1,1,0
02_asymmetric_left_mu_0p15:0028,02_asymmetric_left_mu_0p15,19.06899999999998,19.46899999999998,0.21353805293188255,0.21353805293188255,0.22559214904703964,0.008756921974989717,1.0,1.040975986548412,1.040975986548412,1.1250914302534767,0.07173636055008778,0.0,-0.01437248181796561,0.015261107216465664,0.29633589034431274,0.06468704272328231,0.05,0.21786686380588818,0.21786686380588818,0.21964590346354868,0.0010087820047441117,1.0,0.21741355396549047,0.21741355396549047,0.2190721635511517,0.0010279195762111179,1.0,0.21999999999464226,0.21999999996586855,0.21530048728928658,0.008325996745949952,0.002133136168619269,0.6578994802602653,0.6105910457082313,0.006468000721256105,1.825753396295817e-06,1.0,0.01318440709904112,0.014571587679812616,0.0009943125020896934,0.7805555555555556,0.7444444444444445,0.021456722641215693,0.5078767841068882,0.49599130985606327,0.00868094186313139,1,1,1,0
02_asymmetric_left_mu_0p15:0029,02_asymmetric_left_mu_0p15,19.268999999999977,19.668999999999976,0.20074158829576025,0.20074158829576025,0.22559214904703964,0.016032758740121517,1.0,1.1249467453875137,1.1249467453875137,1.4924973387767606,0.19032982123825554,0.0,-0.089025564547394,0.08945547104963221,0.29633589034431274,0.09250781813922332,0.45,-0.0012624800889646838,0.21890689412016306,0.221937792713717,0.218909582719054,1.0,0.085995832383788,0.1329078078393246,0.21851961725437533,0.13444247564604186,0.5,0.21999999999318898,0.21999999995996444,0.1394903747795358,0.021122461382934204,0.0017390367773062758,0.6779600383001476,0.598004067239668,0.07964742513022587,1.1641807932109221e-06,1.0,0.011688004947931202,0.014571587679812616,0.002565710918655606,0.8222222222222223,0.7444444444444445,0.05683707130823262,0.5116081716186723,0.49599130985606327,0.011915557025573032,1,0,1,0
02_asymmetric_left_mu_0p15:0030,02_asymmetric_left_mu_0p15,19.46899999999998,19.86899999999998,0.16586873931235208,0.16586873931235208,0.20519952030042402,0.02427241050735774,1.0,0.9526481967715877,0.9526481967715877,1.4924973387767606,0.28180918727917675,0.0,-0.08228839317447649,0.0823102805627054,0.21948597355295968,0.07540189082494324,0.4,-0.2175715334358868,0.2175715334358868,0.221937792713717,0.0027362084429104474,1.0,-0.12966271842083674,0.13106963910975514,0.21746448107688165,0.0808254818402133,0.5714285714285714,0.21999999999083308,0.21999999996718378,0.13511574052971514,0.05413126068051669,0.0029821216137847586,0.2165036901390483,0.09406558688650224,0.014348899312992339,1.0275723416328633e-06,1.0,0.011559332373675209,0.01431432159806785,0.0022663191439177793,0.8134920634920635,0.7055555555555556,0.06312393277824817,0.48819602682043195,0.44877124685247755,0.02716704894911226,1,0,1,0
02_asymmetric_left_mu_0p15:0031,02_asymmetric_left_mu_0p15,19.668999999999976,20.068999999999974,0.1437730961638435,0.1437730961638435,0.16919422773477455,0.011952526772770308,1.0,0.694622175213463,0.694622175213463,0.786084912221964,0.06648935475789329,0.0,-0.008083900472500809,0.008105787860729687,0.06239743718978735,0.017297734130967107,0.0,-0.2139780802143198,0.2139780802143198,0.21723944629596795,0.0023593199374559817,1.0,-0.20081888360895062,0.20081888360895062,0.21746448107688165,0.0234707709066557,1.0,0.21999999999193331,0.21999999997444294,0.2109655354246766,0.07622690382800543,0.006021919759496869,0.12429195416418491,0.08646734114231748,0.015948635285615367,1.7540746460633015e-06,1.0,0.013315859727006801,0.015169138091904273,0.0010951772872703756,0.7587301587301588,0.7055555555555556,0.039935700398124184,0.45151270027488527,0.38038938277755197,0.033146283025749686,1,1,1,0
02_asymmetric_left_mu_0p15:0032,02_asymmetric_left_mu_0p15,19.86899999999998,20.268999999999977,0.1387149464667489,0.1387149464667489,0.1523956490422308,0.010058003039825491,1.0,0.6260418881265467,0.6260418881265467,0.6960715366898421,0.06380171326399763,0.0,-0.00037991915878861777,0.00038153756721305137,0.0008500291446094099,0.00023027895063390313,0.0,-0.21270260108290281,0.21270260108290281,0.21478196039352251,0.0015035184543594313,1.0,-0.21225320498597933,0.21225320498597933,0.2145203643240241,0.0015767267325226613,1.0,0.2199999999925939,0.21999999997728398,0.21964728000093342,0.0812850535258698,0.0072973988942540745,0.04277562928958044,0.011088562089528194,0.007925968327441612,1.8367273937541125e-06,1.0,0.014303596432930022,0.015169138091904273,0.000710348772301506,0.75,0.7222222222222222,0.0217543335638347,0.4100413757051808,0.38038938277755197,0.03126250132808349,1,1,1,0
02_asymmetric_left_mu_0p15:0033,02_asymmetric_left_mu_0p15,20.068999999999974,20.468999999999973,0.13708960894159292,0.13708960894159292,0.1523956490422308,0.011398003043262087,1.0,0.5992794775626623,0.5992794775626623,0.6954141905532389,0.06266349980312502,0.0,-0.0003408248536917194,0.0003478199878138008,0.0006849543687318382,0.0001920532892566313,0.0,-0.21377153027010107,0.21377153027010107,0.21478196039352251,0.0011109112930998443,1.0,-0.21336185393184523,0.21336185393184523,0.2145203643240241,0.0012240307923090405,1.0,0.21999999999273268,0.21999999997657235,0.21964675618621285,0.0829103910511581,0.0062284697063772695,0.04273839063523773,0.009624342140116753,0.006417677864273698,2.0057874433116677e-06,1.0,0.014769478744458315,0.01525796189102984,0.00043445247902994326,0.7601851851851852,0.7444444444444445,0.011748682907823636,0.3933921759841555,0.37612499006096095,0.01140792812988423,1,1,1,0
02_asymmetric_left_mu_0p15:0034,02_asymmetric_left_mu_0p15,20.268999999999977,20.668999999999976,0.025228560699606703,0.10963193931069241,0.14480180153719607,0.11041076605858446,0.8333333333333334,0.1636095956814769,0.4160052344307468,0.6122012809440901,0.41857696648641,0.0,0.13100495805916007,0.1314804565556334,0.46589446670014095,0.1733300733527536,0.4,-0.10175053644846253,0.1121719719514054,0.21455878789701263,0.1122107964751089,0.5,-0.2492309344641703,0.2492309344641703,0.3575049218300501,0.07421848514218221,1.0,0.13200000000101353,0.13200000000890846,0.2634877794803631,0.08477143930484798,0.008249463528628372,1.297734501870143,1.1381202901708918,0.022215279802725522,2.1352237310153328e-05,1.0,0.018739530847435716,0.030445610551869968,0.005479904634191683,0.7675925925925925,0.7444444444444445,0.013764878469739356,0.3957546661096971,0.37612499006096095,0.013164122057231149,0,0,1,0
02_asymmetric_left_mu_0p15:0035,02_asymmetric_left_mu_0p15,20.468999999999973,20.86899999999997,-0.04519726599593691,0.047047601768234026,0.10043599420381714,0.04186351618527819,0.3333333333333333,-0.14308005687606637,0.16492418477292323,0.3318084117641105,0.13416805300576393,0.0,0.1383738255197901,0.1385126746281066,0.46589446670014095,0.1692867482637966,0.45,0.005110026950170051,0.005652602607912411,0.01620758417960533,0.006109155010678889,0.0,-0.14252025656329262,0.1430300595831524,0.3575049218300501,0.1565818166550643,0.5,0.02200000000588509,0.02200000002790426,0.1626955022311986,0.047047601776478355,0.005652602595604119,1.3225453692688625,1.1134833999665399,0.6403571799748538,2.0373497600149564e-05,1.0,0.01419618929897743,0.030445610551869968,0.009304928536486708,0.8666666666666666,0.7611111111111111,0.09728833730787925,0.3985555507054528,0.3791643264852428,0.00909714053003665,0,0,1,1
02_asymmetric_left_mu_0p15:0036,02_asymmetric_left_mu_0p15,20.668999999999976,21.068999999999974,-0.005706068655309631,0.007861978296951044,0.02352446745925568,0.009360064847956397,0.0,-0.04614438433367085,0.07135587738443262,0.16682580869915878,0.07620933433679711,0.0,0.007208773450156411,0.00732758682499921,0.10101813250822766,0.02340616114236713,0.05,-9.758450275249382e-05,0.0006142715315135421,0.0016277269732270791,0.000779577623217895,0.0,-3.494864074740934e-05,0.0007583889379118956,0.0018220956017015334,0.0009319563357556205,0.0,1.4310774787418268e-12,7.919590908992784e-12,0.009111004739072049,0.00786197829714959,0.0006142715304858741,0.26102110747484547,0.21755442580821494,0.0073024335298435585,1.1286532628486027e-07,1.0,0.005491473098941812,0.008702101622317751,0.0014824115406165473,0.9768518518518517,0.8888888888888888,0.03959889774137612,0.40035871828389674,0.39746375855848276,0.0023540339262334846,1,1,1,1
02_asymmetric_left_mu_0p15:0037,02_asymmetric_left_mu_0p15,20.86899999999997,21.26899999999997,-0.0016164622612608586,0.005109293647767163,0.009575078511309716,0.006199462251293293,0.0,-0.01709194250635784,0.056292235840553574,0.1074987845408725,0.06804702820824425,0.0,6.38692818617302e-05,0.0002429128832751917,0.0005939333706535912,0.0002673567411190452,0.0,0.0002578353526824257,0.00042711572920610185,0.0007239113968025134,0.00040780563505724867,0.0,0.0002488728065815477,0.00043484518467367474,0.000640911831914184,0.0003927573830045992,0.0,1.5987211554602254e-13,8.198570028001157e-13,0.00021736157415468268,0.005109293647764017,0.00042711572952588403,0.06403633440875388,0.010916834957782269,0.006200891273893901,8.749903797275507e-08,1.0,0.004910515979868677,0.005575682490494493,0.0003223269026389536,0.9962962962962963,0.9888888888888889,0.005237828008789222,0.400217617460277,0.3956481755650033,0.004167088828200527,1,1,1,1
02_asymmetric_left_mu_0p15:0038,02_asymmetric_left_mu_0p15,21.068999999999974,21.468999999999973,0.07219267499792938,0.07319187310778195,0.34792137470391304,0.12638153215839318,0.16666666666666666,0.355434186263256,0.36692670579178355,1.190324885112475,0.4826838903099619,0.0,-0.06066047397222381,0.060866829604283676,0.5106658662426667,0.14128207870554324,0.15,-0.0005727975960247524,0.0012579682630702847,0.005428569234278554,0.002185972111000368,0.0,0.07906451856333828,0.07906451856333828,0.469125147356418,0.1744433947030156,0.16666666666666666,0.05999999999186767,2.3075558557978253e-11,0.054082810883677515,0.010691873115772438,0.0012579682417881634,1.2964722510626132,1.1458874494978297,0.008084924184113114,9.189772581580014e-07,1.0,0.007173947785975997,0.019006864380634623,0.005292839779677153,0.9675925925925926,0.8222222222222222,0.06513808272948728,0.39795903173111297,0.3837588839667369,0.007603508562787768,0,0,1,1
02_asymmetric_left_mu_0p15:0039,02_asymmetric_left_mu_0p15,21.26899999999997,21.66899999999997,0.2136723572114536,0.2136723572114536,0.34792137470391304,0.1278834034305382,0.6666666666666666,0.7366935243017952,0.7366935243017952,1.190324885112475,0.3735984324319948,0.0,-0.207859529201844,0.20788900068512164,0.5106658662426667,0.17270296438305185,0.65,-0.006123912881389728,0.006299625440168161,0.024862294691684547,0.008669510964265534,0.0,0.20814699068108075,0.20814699068108075,0.469125147356418,0.17683991600662552,0.6666666666666666,0.20999999998481567,3.297647055707131e-11,0.20597168474940958,0.01788755979070458,0.006299625428431112,1.369083014688026,1.0423799046718518,0.13742610319342208,2.9243333425520094e-06,1.0,0.017136857131714832,0.029827736074079493,0.009434732259043578,0.8592592592592592,0.7055555555555556,0.10665444888875504,0.39620993513875197,0.37824926200608305,0.011372658835032147,0,0,0,0
02_asymmetric_left_mu_0p15:0040,02_asymmetric_left_mu_0p15,21.468999999999973,21.86899999999997,0.2793623315553357,0.2793623315553357,0.30558787922385444,0.016660439481177302,1.0,1.3564226456687798,1.3564226456687798,2.448888056423849,0.6604573328156472,0.0,-0.1549681793115089,0.1549681793115089,0.4664211758769653,0.16064873209990668,0.5,-0.005334044280581881,0.0059070440009173,0.024862294691684547,0.008960139547039395,0.0,0.1340233929833274,0.1340233929833274,0.3708217264377991,0.14163449902358036,0.5,0.2999999999877967,2.190840101926976e-11,0.16124846513588625,0.02250029484541079,0.005907044008222948,0.4901314730290425,0.2518610166723628,0.02272853496619276,2.1197477734792785e-06,1.0,0.016952695777860582,0.029827736074079493,0.008484673155533121,0.8388888888888889,0.7055555555555556,0.07481114769157095,0.3988405166011793,0.37824926200608305,0.010275688248566483,0,0,1,0
02_asymmetric_left_mu_0p15:0041,02_asymmetric_left_mu_0p15,21.66899999999997,22.068999999999967,0.2780749948056858,0.2780749948056858,0.2906084573850418,0.01058015663577142,1.0,2.0847507464489206,2.0847507464489206,2.4744688426159884,0.3865193864604787,0.0,-0.00802921141135742,0.00802921141135742,0.08006235139655593,0.019161534358809896,0.0,0.0004158024341924446,0.0011002964980522726,0.0019449474571089853,0.0012495194959421861,0.0,0.005305901085074967,0.005305901085074967,0.025181402540523104,0.008916409387005785,0.0,0.2999999999904124,2.2933222272769903e-11,0.009467880568813198,0.02192500518500708,0.0011002964921690394,0.216090228230023,0.16499344832519905,0.01157531116941704,9.661576076769633e-08,1.0,0.008466907514049977,0.012129062063825401,0.001780160600351572,0.8972222222222221,0.8555555555555555,0.02373334373699316,0.4057998724278215,0.3947502999195249,0.006644698614823025,1,1,1,0
02_asymmetric_left_mu_0p15:0042,02_asymmetric_left_mu_0p15,21.86899999999997,22.26899999999997,0.27789444319981427,0.27789444319981427,0.2906084573850418,0.008633393122548202,1.0,2.1818109807274917,2.1818109807274917,2.4744688426159884,0.1998978803332227,0.0,-0.0005005103712470776,0.0005005103712470776,0.0009996414506393896,0.0002007209937622192,0.0,0.0005605235475142965,0.0007124125530721163,0.0017302463426940055,0.0007368254119747455,0.0,0.001050570368353475,0.001050570368353475,0.002054363317145879,0.0006928618968461693,0.0,0.2999999999911296,2.1862853408003084e-11,0.0005016112111328665,0.02210555679131533,0.0007124125457844986,0.06304985599177908,0.01031195945835945,0.007525307741255087,8.628077649081205e-08,1.0,0.007783320658887667,0.008714600294644784,0.0006249155451091115,0.9,0.8833333333333333,0.01283000598199168,0.4151775925790882,0.4046621449158981,0.006477366843951131,1,1,1,0
02_asymmetric_left_mu_0p15:0043,02_asymmetric_left_mu_0p15,22.068999999999967,22.468999999999966,0.2745832647291701,0.2745832647291701,0.28186811814760426,0.005326981079197547,1.0,2.1331135740652267,2.1331135740652267,2.2890289463222873,0.11796176074289011,0.0,-0.0005418583753605557,0.0005418583753605557,0.0009996414506393896,0.0002098988922848947,0.0,0.0005019659533133754,0.0006176767140476959,0.0011176494356962305,0.000491646989473273,0.0,0.0011962745172896213,0.0011962745172896213,0.0017801275460331428,0.0005460640123504659,0.0,0.2999999999911296,2.1862853408003084e-11,0.0005343440033147573,0.025416735261959488,0.0006176766994724603,0.06403435029899307,0.00971509915881072,0.007296137189999878,9.670424843339075e-08,1.0,0.007847698978044925,0.0084261536141412,0.0003804406844726488,0.9064814814814816,0.8944444444444445,0.009842727604383929,0.41685962190929043,0.41063534736481794,0.004842780696306588,1,1,1,0
02_asymmetric_left_mu_0p15:0044,02_asymmetric_left_mu_0p15,22.26899999999997,22.66899999999997,0.2778892473849384,0.2778892473849384,0.28186811814760426,0.0036980583979187003,1.0,2.223372656055329,2.223372656055329,2.4838541416323374,0.1406264747286411,0.0,-0.0005229562344925663,0.0005229562344925663,0.0009247745027518205,0.00021017058836709235,0.0,0.0008494978359502345,0.0008494978359502345,0.0011827057999131013,0.00022194238643156243,0.0,0.0014297432711845165,0.0014297432711845165,0.0017801275460331428,0.000262894567476752,0.0,0.2999999999911307,2.1857159956594752e-11,0.0004909718201768151,0.022110752606192465,0.0008494978140940234,0.06328259675714362,0.009602464833385059,0.006003151674623383,8.896034899632126e-08,1.0,0.007586435840593144,0.00819446986271278,0.0004549720299623653,0.9046296296296297,0.8722222222222222,0.016794775136312102,0.414274885937298,0.41063534736481794,0.002615358158788411,1,1,1,0
02_asymmetric_left_mu_0p15:0045,02_asymmetric_left_mu_0p15,22.468999999999966,22.868999999999964,0.2755442928912424,0.2755442928912424,0.28167868785852823,0.004601035171987691,1.0,2.1973031673342076,2.1973031673342076,2.4838541416323374,0.164265967783927,0.0,-0.0004680071124040531,0.0004680071124040531,0.0009145180887602426,0.00021241266559562263,0.0,0.0005246508088451061,0.0007552492355223465,0.0011827057999131013,0.000598638134809218,0.0,0.0010205819159694607,0.0010809543268932846,0.001714571862545445,0.000582874492375135,0.0,0.2999999999911307,2.1857159956594752e-11,0.00046108947463067084,0.024455707099888483,0.0007552492209537532,0.06311411857723152,0.008890030410504976,0.005389633729662106,8.047977112277993e-08,1.0,0.007627608802794578,0.008306529496021245,0.0005528418260768188,0.9064814814814816,0.8722222222222222,0.016170601107937943,0.40545251890805883,0.3875795763736861,0.010268202128860622,1,1,1,0
02_asymmetric_left_mu_0p15:0046,02_asymmetric_left_mu_0p15,22.66899999999997,23.068999999999967,0.27838336699055083,0.27838336699055083,0.2885704650175007,0.007604820711415079,1.0,2.2273841696060632,2.2273841696060632,2.4422326542670265,0.1657528936078457,0.0,-0.0005178677856910323,0.0005178677856910323,0.0011587466591821023,0.0002613754325286488,0.0,0.0003382040877230354,0.0005878906505103281,0.0015486801564893195,0.0006998213366383049,0.0,0.0010632263436432994,0.0011235987545671238,0.0023647375058694557,0.0007412091341498488,0.0,0.2999999999911296,2.1862853408003084e-11,0.0005174812269972587,0.021616633000578696,0.0005878906432227103,0.0637889993877821,0.00859819160936755,0.004944647770356015,6.922204877645522e-08,1.0,0.007593225807856417,0.008306529496021245,0.0004989271753850744,0.9055555555555556,0.8666666666666667,0.01814436846506057,0.3913185052833099,0.38274102279263233,0.007212718528179657,1,1,1,0
02_asymmetric_left_mu_0p15:0047,02_asymmetric_left_mu_0p15,22.868999999999964,23.268999999999963,0.2855367085074088,0.2855367085074088,0.29345954905030824,0.004937478592209243,1.0,2.3684301368635112,2.3684301368635112,2.4604413282521116,0.06669337766627902,0.0,-0.0006123247406088421,0.0006123247406088421,0.0011587466591821023,0.00026791024138993474,0.0,0.0008623483442442396,0.0008814364803542918,0.001669515077052523,0.0007497891846890499,0.0,0.0016588537316340971,0.0016588537316340971,0.0024371885308607836,0.0007341253030435274,0.0,0.2999999999911296,2.1862853408003084e-11,0.0005552004845664824,0.01446329148372072,0.0008814364657790561,0.0629183626329999,0.00877346471642873,0.00471485189809933,8.728156546565619e-08,1.0,0.007244642809656592,0.007535989240285631,0.000217090467122764,0.899074074074074,0.8666666666666667,0.018541652217130358,0.37527325366475844,0.35795630831607267,0.011681129273106347,1,1,1,0
02_asymmetric_left_mu_0p15:0048,02_asymmetric_left_mu_0p15,23.068999999999967,23.468999999999966,0.28548510368601593,0.28548510368601593,0.298087911843698,0.007949520554536389,1.0,2.521681644606273,2.521681644606273,3.102902872262221,0.29257254134007066,0.16666666666666666,-0.0005513647114600496,0.0005513647114600496,0.000972980639192216,0.00023270838191727353,0.0,0.0007838000608497744,0.0008896862303103231,0.001669515077052523,0.000697957180445578,0.0,0.0013900423635232705,0.0013900423635232705,0.0024371885308607836,0.0007559707356750842,0.0,0.2999999999911296,2.1862853408003084e-11,0.0005177491101993464,0.014514896305113637,0.0008896862157350872,0.06339201399728438,0.009021052769442919,0.006289516861968776,8.774418401197161e-08,1.0,0.006778718964134394,0.007423139777766861,0.000747053196940886,0.8944444444444445,0.8611111111111112,0.02245251046848544,0.36010307720742674,0.35413819082219206,0.005453835981842134,1,1,1,0
02_asymmetric_left_mu_0p15:0049,02_asymmetric_left_mu_0p15,23.268999999999963,23.66899999999996,0.28400934588286664,0.28400934588286664,0.2990603382580618,0.010705378985943198,1.0,2.525978594951886,2.525978594951886,3.102902872262221,0.381053361777665,0.16666666666666666,-0.0004915085999016155,0.0004915085999016155,0.0007437527541025301,0.0001824051362411836,0.0,0.0010817879719150804,0.001187674141375629,0.0020197536511349793,0.0007968166316178831,0.0,0.0016817661879392715,0.0016817661879392715,0.0030011101034720196,0.0008528336166527634,0.0,0.2999999999911296,2.1862853408003084e-11,0.0005371518070782226,0.015990654108262954,0.0011876741268003934,0.06558508176238215,0.009085940766759093,0.0061010918174565255,7.012582671294479e-08,1.0,0.006775508334521935,0.008002722993469722,0.000953572813795201,0.889814814814815,0.8555555555555555,0.026723832758632993,0.36930398824121496,0.35413819082219206,0.01357089553815271,1,1,1,0
02_asymmetric_left_mu_0p15:0050,02_asymmetric_left_mu_0p15,23.468999999999966,23.868999999999964,0.28096792885727545,0.28096792885727545,0.2990603382580618,0.008954642732950054,1.0,2.315838654749465,2.315838654749465,2.884389744483718,0.28113276657723985,0.0,-0.0004077665884924909,0.0004077665884924909,0.0007157650609012114,0.00015518673025569915,0.0,0.0011814143564629186,0.0012391279498954277,0.0020197536511349793,0.0008136043168144234,0.0,0.001715318304624329,0.001715318304624329,0.0030011101034720196,0.0010058525079345972,0.0,0.2999999999912284,2.1857159956594752e-11,0.0004980065342471399,0.019032071133947944,0.0012391279353021628,0.06507109599512223,0.009512730075302013,0.006268249185056449,6.827108886275366e-08,1.0,0.0073757972246584315,0.008210357431991435,0.0007228108397251596,0.8972222222222221,0.8555555555555555,0.022395160411940437,0.3829479466698242,0.37165483681467293,0.006150995979107518,1,1,1,0
02_asymmetric_left_mu_0p15:0051,02_asymmetric_left_mu_0p15,23.66899999999996,24.06899999999996,0.28241715487644126,0.28241715487644126,0.2897169236331158,0.005780220235866464,1.0,2.3304362886327286,2.3304362886327286,2.7250920234437457,0.20501420877391005,0.0,-0.0004229204006920112,0.0004229204006920112,0.0007441903537310146,0.00015622480788658933,0.0,0.0006764180615686901,0.0007341316550011993,0.0016074480788626382,0.0006288586623355484,0.0,0.0011405845060354872,0.0011405845060354872,0.002194810137916025,0.000715920997832844,0.0,0.29999999999140603,2.1857159956594752e-11,0.000485425847289858,0.01758284511495981,0.0007341316404079344,0.06361539030765483,0.009741333266722593,0.005984136057825121,7.973404553541873e-08,1.0,0.007334935750165055,0.008210357431991435,0.000627548398527023,0.9,0.8555555555555555,0.02421610524189266,0.38275331163925436,0.3680531416406186,0.009459590381082591,1,1,1,0
02_asymmetric_left_mu_0p15:0052,02_asymmetric_left_mu_0p15,23.868999999999964,24.268999999999963,0.28509023956444285,0.28509023956444285,0.2897169236331158,0.006004145065398486,1.0,2.4404531328325088,2.4404531328325088,2.867218723376505,0.2554456581407072,0.0,-0.0005159271008505843,0.0005159271008505843,0.0010594397197175901,0.00022895910691152424,0.0,0.0013381549735334145,0.0013381549735334145,0.0024529265371148017,0.0007420007475406995,0.0,0.0018203927261121165,0.0018203927261121165,0.0031170557989220974,0.0007660354262178142,0.0,0.29999999999148486,2.1862853408003084e-11,0.0005259204430370556,0.014909760427041972,0.001338154951670561,0.06335718024704898,0.009781164208491629,0.005552192760651137,9.002120171200001e-08,1.0,0.007037647914076929,0.007769799222210753,0.0007622892441809036,0.8907407407407408,0.8555555555555555,0.023497365815647275,0.39618531717758126,0.3680531416406186,0.018355089444818996,1,1,1,0
02_asymmetric_left_mu_0p15:0053,02_asymmetric_left_mu_0p15,24.06899999999996,24.46899999999996,0.28064640409844593,0.28064640409844593,0.28964083799582074,0.006262720290479747,1.0,2.328506048475114,2.328506048475114,2.867218723376505,0.2553863623728329,0.0,-0.0005192030569321105,0.0005192030569321105,0.0010594397197175901,0.00025128686125763425,0.0,0.0016014512760209093,0.0016014512760209093,0.0024529265371148017,0.000529862484594485,0.0,0.002107332642345963,0.002107332642345963,0.0031170557989220974,0.0005841596011372154,0.0,0.29999999999148486,2.1862853408003084e-11,0.0005306595518909529,0.01935359589303889,0.001601451254158056,0.0652351783328209,0.009560908639363885,0.005644247057522894,8.483812670895792e-08,1.0,0.007309529118227639,0.008202960628734284,0.0007364516264276352,0.8953703703703705,0.8666666666666667,0.015521346865037217,0.4120294262910811,0.3916322523810957,0.009859375765213958,1,1,1,0
02_asymmetric_left_mu_0p15:0054,02_asymmetric_left_mu_0p15,24.268999999999963,24.66899999999996,0.275500339458799,0.275500339458799,0.2816838360675599,0.004702122572388284,1.0,2.142671786256834,2.142671786256834,2.301877083594068,0.10100932223252253,0.0,-0.0005342550549452712,0.0005342550549452712,0.0008844758248693819,0.000199394491393612,0.0,0.0019109131138842696,0.0019109131138842696,0.002854972942572038,0.0007192253332288689,0.0,0.0023950959553623997,0.0023950959553623997,0.003237753354192947,0.0006574886355182489,0.0,0.29999999999148486,2.1862853408003084e-11,0.000528424756777165,0.024499660532685884,0.0019109130920214165,0.06625074601872094,0.009006994221391392,0.006701609534212172,7.705752255161237e-08,1.0,0.00783190213518955,0.008202960628734284,0.0003296642127423514,0.9101851851851853,0.8944444444444445,0.012593954174755029,0.42462671670132,0.41222782967659627,0.017084463187324133,1,1,1,0
02_asymmetric_left_mu_0p15:0055,02_asymmetric_left_mu_0p15,24.46899999999996,24.868999999999957,0.2724680624658964,0.2724680624658964,0.2816838360675599,0.006123928213624046,1.0,2.141702174812505,2.141702174812505,2.3525422943481833,0.11135165256227861,0.0,-0.0005886473365536843,0.0005886473365536843,0.0008844758248693819,0.00020104678548470018,0.0,0.0027582390620890782,0.0027582390620890782,0.004198551804441149,0.000877868223030183,0.0,0.003164941961396467,0.003164941961396467,0.004614399993137555,0.0009056398234929567,0.0,0.29999999999148486,2.1862853408003084e-11,0.0005426567488807958,0.02753193752558847,0.0027582390402262247,0.06447647824485753,0.008969763523189367,0.007007108471020748,7.296566969716512e-08,1.0,0.007740772720638246,0.008149362564435072,0.00047011131102398006,0.9111111111111113,0.8777777777777778,0.018425693279752228,0.4482920581646858,0.41445414898237803,0.019128390132028925,1,1,1,0
02_asymmetric_left_mu_0p15:0056,02_asymmetric_left_mu_0p15,24.66899999999996,25.06899999999996,0.27210503371680234,0.27210503371680234,0.27833501410185707,0.004873635235454211,1.0,2.1135948082444034,2.1135948082444034,2.3525422943481833,0.2105131430332135,0.0,-0.0010482868181057325,0.0010495370557439547,0.008164455350681527,0.0017990406361709768,0.0,0.0031773687713207046,0.0031773687713207046,0.005232113600324836,0.0012420045058083124,0.0,0.003796716503331049,0.003796716503331049,0.0057459358339245845,0.0012406008256465506,0.0,0.29999999999219096,2.1270734461536333e-11,0.0012188825545840398,0.027894966275685024,0.0031773687550564114,0.5969141958551528,0.5561956637352734,0.024531767435025068,0.0016572272147806582,1.0,0.0079201918133103,0.009892870668007103,0.000998816280325937,0.9092592592592593,0.8777777777777778,0.02070433312499805,0.46164715604854023,0.4540533098035253,0.005920572912568901,1,1,1,0
02_asymmetric_left_mu_0p15:0057,02_asymmetric_left_mu_0p15,24.868999999999957,25.268999999999956,0.2697082775167748,0.2697082775167748,0.27805086157683295,0.006622945782234085,1.0,1.9763615461142328,1.9763615461142328,2.2985723844888026,0.2292339897755174,0.0,0.017980273610113423,0.019767295622722236,0.29463192310954495,0.06606339387449921,0.05,0.0032618182013495257,0.0032618182013495257,0.005232113600324836,0.001233957110395353,0.0,0.003777373954611387,0.003777373954611387,0.0057459358339245845,0.0012678331107032188,0.0,0.28799999999640113,0.0350000000017893,0.013169670967673302,0.030291722475534983,0.0032618181859961847,1.5568327198282603,1.440272735370603,0.008259239568428823,0.0016656728067479282,1.0,0.00848299792704429,0.009892870668007103,0.0009622858707617963,0.9185185185185185,0.8944444444444445,0.017470335429734443,0.45898499355739036,0.44675881644822574,0.007649408492521021,1,1,1,0
02_asymmetric_left_mu_0p15:0058,02_asymmetric_left_mu_0p15,25.06899999999996,25.46899999999996,0.2197548523022016,0.2197548523022016,0.27432882533113895,0.047313633173034844,1.0,1.2934730795062508,1.2934730795062508,2.1782536483549038,0.636421967499397,0.0,0.03407921282624848,0.03438857513827155,0.29463192310954495,0.06319884968766623,0.05,0.1738290949203151,0.1738290949203151,0.34994946550460926,0.17068822614511897,0.5,0.1585317185287205,0.1585317185287205,0.3194462275094695,0.15518749401653884,0.5,0.2279999999968052,0.20999999996003563,0.17191597530468763,0.023096525366502668,0.004335431868263812,1.439277998229615,1.3711660180733776,0.026849557096179907,8.54215589380291e-06,1.0,0.012811689997827993,0.019564974240777848,0.004714119538030662,0.8703703703703703,0.7666666666666667,0.07212719294129794,0.469715525439578,0.44675881644822574,0.015948723327404612,1,0,1,0
02_asymmetric_left_mu_0p15:0059,02_asymmetric_left_mu_0p15,25.268999999999956,25.668999999999954,0.17533681477024374,0.17533681477024374,0.18855413302210167,0.011250854504196014,1.0,0.6155054303353552,0.6155054303353552,0.7695747947988768,0.0816925248789106,0.0,0.03077947141653517,0.03077947141653517,0.03113101943016855,0.00024499137612013126,0.0,0.34313918282830885,0.34313918282830885,0.34994946550460926,0.003099825676854815,1.0,0.31233452985388194,0.31233452985388194,0.3194462275094695,0.003222146690041864,1.0,0.17999999999380067,0.3499999999366817,0.3192875184939463,0.009751234345655375,0.006860817107086023,0.06155328803615533,0.010741982760292233,0.007100044391297879,9.889952972417037e-08,1.0,0.018870097414617013,0.02192538454592102,0.002898656496800356,0.8009259259259259,0.7666666666666667,0.04879374861576072,0.4937029900363125,0.47198756653562574,0.016419919892967004,1,1,1,0
02_asymmetric_left_mu_0p15:0060,02_asymmetric_left_mu_0p15,25.46899999999996,25.868999999999957,0.1875229098156772,0.1875229098156772,0.21355848902434957,0.01415110320662847,1.0,0.5604462834600117,0.5604462834600117,0.6107335630980306,0.03510859387885166,0.0,0.03079008900923904,0.03079008900923904,0.031092119539402385,0.00019796091160375535,0.0,0.3421263794050043,0.3421263794050043,0.34401925417197915,0.0010356155946275613,1.0,0.31138604225060246,0.31138604225060246,0.3134708389365282,0.0010827897821686003,1.0,0.1799999999940205,0.3499999999355544,0.3192264586791767,0.012827289771013606,0.007873620530580388,0.06003411075849362,0.010345583265865706,0.005092598646886281,7.519598640551294e-08,1.0,0.02185862017276172,0.023071232856200045,0.0013497059781813038,0.7981481481481482,0.7666666666666667,0.015930231976004856,0.49948498768691324,0.47488437220789975,0.018313292462902378,1,1,1,0
02_asymmetric_left_mu_0p15:0061,02_asymmetric_left_mu_0p15,25.668999999999954,26.068999999999953,0.20755420668584287,0.20755420668584287,0.22796223713590813,0.014346398419396285,1.0,0.5543985317702302,0.5543985317702302,0.6107335630980306,0.03216740809656497,0.0,0.030781801159665955,0.030781801159665955,0.031098380669731085,0.0002282748395386622,0.0,0.34264852167462684,0.34264852167462684,0.3440792444854155,0.0012920977173503107,1.0,0.31183730080441857,0.31183730080441857,0.3134708389365282,0.0013090151407969628,1.0,0.17999999999419813,0.3499999999346435,0.3192213427953651,0.027554206691650637,0.007351478260046937,0.06063233938393895,0.010431484533577094,0.005736422691887965,7.017653441326283e-08,1.0,0.0245188284018138,0.026698488819007306,0.001593170145200922,0.8277777777777778,0.8055555555555556,0.021754333563834688,0.5041709696264046,0.47488437220789975,0.01711092301970663,1,1,1,0
02_asymmetric_left_mu_0p15:0062,02_asymmetric_left_mu_0p15,25.868999999999957,26.268999999999956,0.21532287426293592,0.21532287426293592,0.23004389915102913,0.011539465464737199,1.0,0.519662224477011,0.519662224477011,0.5695651215925781,0.040867635543836246,0.0,0.030830239941350014,0.030830239941350014,0.031162627740674298,0.00022103061104713023,0.0,0.3447842286268253,0.3447842286268253,0.3479724747708477,0.002307505917936843,1.0,0.3139592343247463,0.3139592343247463,0.31701847152177426,0.0023631765032781954,1.0,0.17999999999439353,0.34999999993364134,0.3191922260036386,0.03532287426856607,0.005215771306937518,0.05927232440404894,0.009411176558042694,0.0058553278651106745,7.55476359224493e-08,1.0,0.027257987683164647,0.030990206461016526,0.0019070966464232494,0.8435185185185184,0.8277777777777777,0.011748682907823651,0.5222981142426353,0.5074613834135473,0.010917851347941486,1,1,1,0
02_asymmetric_left_mu_0p15:0063,02_asymmetric_left_mu_0p15,26.068999999999953,26.46899999999995,0.22153396074703277,0.22153396074703277,0.24906159357911273,0.018046284365228444,1.0,0.4850666189567328,0.4850666189567328,0.53269151679124,0.032160241527922545,0.0,0.030870031933922598,0.030870031933922598,0.03120120663399073,0.00018203351731556174,0.0,0.3464549409844309,0.3464549409844309,0.34927453502345907,0.0020735203098197156,1.0,0.315604063458174,0.315604063458174,0.3183527416941114,0.0020659426530659597,1.0,0.17999999999457117,0.34999999993273034,0.31915238092343534,0.041533960752476826,0.0035450589483776067,0.06176222216262398,0.010869264927931417,0.006325609423871566,7.195721283306573e-08,1.0,0.029998228935319015,0.03272223848988487,0.002021213524592034,0.8539682539682539,0.8388888888888889,0.013837774423938647,0.5497429087706031,0.5230377455734346,0.01802848273117157,1,1,1,0
02_asymmetric_left_mu_0p15:0064,02_asymmetric_left_mu_0p15,26.268999999999956,26.668999999999954,0.20519050343814546,0.20519050343814546,0.24906159357911273,0.030531577755425858,1.0,0.42916882625626107,0.42916882625626107,0.5083022975025626,0.06182087429132337,0.0,0.03081420454799374,0.03081420454799374,0.03120120663399073,0.0002181718876932162,0.0,0.35000878974987815,0.35000878974987815,0.3556415999162116,0.004800306450448347,1.0,0.319364838855191,0.319364838855191,0.32647097656907875,0.005188150618437619,1.0,0.17999999999484206,0.349999999932571,0.3191712821252199,0.03137091055880717,0.004304167828328183,0.06215111071095243,0.010588616263101099,0.007003750066347278,6.963338743212978e-08,1.0,0.0313994913134518,0.034451855808493144,0.0015062231505946417,0.8626984126984125,0.85,0.009255479198167157,0.5717860427760775,0.5489215077809226,0.014174884678979071,1,1,1,0
02_asymmetric_left_mu_0p15:0065,02_asymmetric_left_mu_0p15,26.46899999999995,26.86899999999995,0.16311142268776826,0.16311142268776826,0.1881798136372303,0.015341269699177788,1.0,0.3295845509487683,0.3295845509487683,0.3875279678460116,0.03629265908566301,0.0,0.020674177875406204,0.020856278981385982,0.030969354531993953,0.012121594235220311,0.0,0.35453859939020305,0.35453859939020305,0.35636215469089977,0.0018096142157410869,1.0,0.3359572549031798,0.3359572549031798,0.35180758428648484,0.011863591340037869,1.0,0.1799999999946289,0.34999999994058734,0.3289224784130216,0.019615181854136316,0.004538599447259599,0.053205320063676016,0.011276258520200597,0.008342721553197797,6.960715938792348e-08,1.0,0.032592848809280935,0.034451855808493144,0.0016737505059659806,0.8657407407407406,0.85,0.014843721798038358,0.5840761248507137,0.5712199531590174,0.009881020339062676,1,1,1,0
02_asymmetric_left_mu_0p15:0066,02_asymmetric_left_mu_0p15,26.668999999999954,27.068999999999953,0.13357962599719456,0.13357962599719456,0.15580841540350077,0.03214958976341892,0.8333333333333334,0.2560326029142329,0.2560326029142329,0.3013121411009915,0.06473995340759849,0.0,0.004921346600160081,0.005881183310391403,0.026276509976286333,0.008850142190291607,0.0,0.349508235378648,0.349508235378648,0.3589037373668471,0.013522989036565436,1.0,0.34959159309214555,0.34959159309214555,0.3597553404334392,0.007838239283203787,1.0,0.17999999999333105,0.3499999999574911,0.34468794839391176,0.04642037399602974,0.0053415687496980195,0.05941214734566671,0.015536980204993455,0.011417390450513671,7.832933089885931e-08,1.0,0.03446575035986883,0.03617829146212383,0.0012152241173007993,0.8638888888888889,0.8333333333333334,0.018907942459872356,0.5948933267251107,0.575263141516346,0.011853112351393757,1,1,1,0
02_asymmetric_left_mu_0p15:0067,02_asymmetric_left_mu_0p15,26.86899999999995,27.26899999999995,0.11393984331573681,0.11393984331573681,0.15243932331180576,0.03441754315832266,0.8333333333333334,0.2624875349071894,0.2624875349071894,0.5813231528847822,0.15338633387902362,0.0,-0.019541521054145947,0.019923355042335535,0.3421237677268029,0.07434487321643576,0.05,-0.002118997593932692,0.3470900534239835,0.3589037373668471,0.34732547657355095,1.0,0.0027995151532944815,0.3492813843941091,0.3597553404334392,0.34934482299344594,1.0,0.17999999999191774,0.34999999993425623,0.33264300119604556,0.066060156677073,0.004497717970837638,0.8329127179839061,0.7740424275114453,0.012256874796863708,8.770713077425523e-08,1.0,0.03219209155926712,0.036344654923249294,0.006876065844549351,0.85,0.8,0.031097880784716044,0.5971531925872215,0.5829036856667944,0.009767919010037898,1,0,0,0
02_asymmetric_left_mu_0p15:0068,02_asymmetric_left_mu_0p15,27.068999999999953,27.46899999999995,0.09110798164949352,0.09110798164949352,0.15330979119854526,0.051141614286911274,0.6666666666666666,0.2237876341830307,0.2237876341830307,0.5813231528847822,0.18072866806724666,0.0,-0.0189017991957122,0.01978534129651774,0.3421237677268029,0.07450881293441201,0.05,-0.34918628945437863,0.34918628945437863,0.35519905423024495,0.003917826399058317,1.0,-0.34812172876714004,0.34812172876714004,0.35569804133245697,0.004285706511013422,1.0,0.17999999999194993,0.3499999999280788,0.3325577410255658,0.08889201834333682,0.0033301108321972324,0.8329073927910745,0.7739985877621152,0.008886490180456293,8.248233630457515e-08,1.0,0.031139193754151306,0.036344654923249294,0.006422562772654283,0.837037037037037,0.8,0.032341202215875886,0.5906455567464693,0.5799534096099286,0.007375780203147893,1,0,1,0
02_asymmetric_left_mu_0p15:0069,02_asymmetric_left_mu_0p15,27.26899999999995,27.668999999999947,0.053345229569185665,0.053345229569185665,0.15330979119854526,0.04790933313123747,0.16666666666666666,0.10413502396319474,0.10413502396319474,0.2996122449623231,0.09374335497252831,0.0,0.0005801335079751557,0.0005801335079751557,0.0009017859536090134,0.0001611996987797279,0.0,-0.3478090552078446,0.3478090552078446,0.35519905423024495,0.005317780402373422,1.0,-0.3483653001693412,0.3483653001693412,0.35569804133245697,0.005322793704101296,1.0,0.17999999999254612,0.34999999995258907,0.3506035257146465,0.1266547704233486,0.004219707033163424,0.06825713750323117,0.008430787499737703,0.0047948501299604,8.162830164878877e-08,1.0,0.033600050785569324,0.035461453807290155,0.000880609409847527,0.8351851851851851,0.8,0.019685455208767872,0.574131660259844,0.5517466524968935,0.018635852734069716,1,1,1,1
02_asymmetric_left_mu_0p15:0070,02_asymmetric_left_mu_0p15,27.46899999999995,27.86899999999995,0.056197855797177225,0.056197855797177225,0.08263201877340506,0.025718506953916906,0.16666666666666666,0.11281008921509482,0.11281008921509482,0.17691479946447347,0.05398937488626065,0.0,0.0005796723425298911,0.0005796723425298911,0.0009017859536090134,0.0001951379914669622,0.0,-0.3500877129617202,0.3500877129617202,0.3548603598766467,0.005338264492150724,1.0,-0.35063131132509945,0.35063131132509945,0.3553585712358501,0.005393408423830627,1.0,0.17999999999263383,0.34999999995030595,0.35055828896495544,0.12380214419541924,0.003928874634272382,0.06659774534912406,0.010112483776908779,0.0071488163424147655,7.224259225348437e-08,1.0,0.03304149814253058,0.035461453807290155,0.001414779180021344,0.8277777777777776,0.8111111111111111,0.01666666666666668,0.5459941526535083,0.5276526804315742,0.013106704257299139,1,1,1,1
02_asymmetric_left_mu_0p15:0071,02_asymmetric_left_mu_0p15,27.668999999999947,28.068999999999946,0.050307266121890536,0.050307266121890536,0.08263201877340506,0.026767149164735073,0.16666666666666666,0.10288993647896964,0.10288993647896964,0.17691479946447347,0.055190871184262136,0.0,0.0005512631520496192,0.0005512631520496192,0.0009238815845564186,0.0001793662464575161,0.0,-0.3497572615735973,0.3497572615735973,0.3548603598766467,0.004284379240179865,1.0,-0.3502822849217178,0.3502822849217178,0.3553585712358501,0.004331272908624152,1.0,0.17999999999275818,0.34999999994857517,0.3504951989975851,0.12969273387086874,0.003963581824023147,0.06634067921050536,0.010605332660379446,0.009185032578399258,6.877410307579958e-08,1.0,0.03214269693767246,0.03342931945881021,0.0009432730438056145,0.8314814814814815,0.8111111111111111,0.016249934050726146,0.5246276500081757,0.5041341590950504,0.013216920058614832,1,1,1,1
02_asymmetric_left_mu_0p15:0072,02_asymmetric_left_mu_0p15,27.86899999999995,28.26899999999995,0.020097012110312343,0.02250172698404027,0.05218878045422784,0.019288964924910442,0.0,0.0431441799300677,0.04854367990821243,0.1196828429159578,0.043599901495289244,0.0,0.0005314692572802509,0.0005314692572802509,0.0009238815845564186,0.0001953699824146329,0.0,-0.34438923869557997,0.34438923869557997,0.3488309490774819,0.00325384206838858,1.0,-0.3448522535896175,0.3448522535896175,0.34932581171209864,0.003319186647545427,1.0,0.17999999999281258,0.3499999999464857,0.3505274655159397,0.1599029878825032,0.005610761250860265,0.06631124575205642,0.009575404010552598,0.008240478599237187,6.929988225577096e-08,1.0,0.03097043768338222,0.032845202557234394,0.0015380410847450868,0.8388888888888889,0.8055555555555556,0.015713484026367706,0.49355919967338435,0.4461240841611932,0.025372916885405772,1,1,1,1
02_asymmetric_left_mu_0p15:0073,02_asymmetric_left_mu_0p15,28.068999999999946,28.468999999999944,0.027675263186179952,0.030079978059907878,0.05524339524637521,0.02311143042035616,0.0,0.06601242457876427,0.07141192455690899,0.13909653706324018,0.05573524842784482,0.0,0.0004976384626977665,0.0004976384626977665,0.0009626970068871699,0.0002059621286026271,0.0,-0.3436361175746263,0.3436361175746263,0.3480023537063863,0.0027842714845981663,1.0,-0.3440906319782931,0.3440906319782931,0.3485800630414121,0.0028506814530926037,1.0,0.1799999999929902,0.34999999994448167,0.35051900331368296,0.152324736806828,0.006363882369764244,0.06404169638239839,0.009867465576513235,0.00782510656706396,7.9038761978473e-08,1.0,0.028606091515112345,0.03193244212958759,0.0017860993921825319,0.8342592592592593,0.8055555555555556,0.015186314321163623,0.44879612754449144,0.4068634407768148,0.02991934147357238,1,1,1,1
02_asymmetric_left_mu_0p15:0074,02_asymmetric_left_mu_0p15,28.26899999999995,28.668999999999947,0.047833625711541684,0.047833625711541684,0.09090992465271729,0.020891665147901813,0.16666666666666666,0.11467098553684447,0.11467098553684447,0.2175322534191185,0.05104521745938242,0.0,0.0004844452856844872,0.0004844452856844872,0.0009626970068871699,0.00018455877988730998,0.0,-0.34491627216741416,0.34491627216741416,0.3520056295509508,0.003748581998052035,1.0,-0.3453986202408323,0.3453986202408323,0.35249246747940977,0.0037005592776021504,1.0,0.17999999999325444,0.34999999994312664,0.3504826210051589,0.13216637428175235,0.00575227097799974,0.06535633649475615,0.010132063594177067,0.009189648707769275,9.094065348824615e-08,1.0,0.02747524582351302,0.028156893814858735,0.0007074289217784865,0.8453703703703704,0.8277777777777777,0.016794775136312116,0.4013301754080929,0.3672272530323148,0.027509743233743247,1,1,1,1
02_asymmetric_left_mu_0p15:0075,02_asymmetric_left_mu_0p15,28.468999999999944,28.868999999999943,0.046579810317248095,0.046579810317248095,0.09090992465271729,0.02203308454310609,0.16666666666666666,0.10930287053612738,0.10930287053612738,0.2175322534191185,0.053185669890193896,0.0,0.00042069213960080896,0.00042069213960080896,0.0006834746914960999,0.0001638647510791824,0.0,-0.34469004118890706,0.34469004118890706,0.3520056295509508,0.003702910141557391,1.0,-0.34512296724973396,0.34512296724973396,0.35249246747940977,0.003677979017872959,1.0,0.17999999999328997,0.3499999999411681,0.3504234353098835,0.1334201896760526,0.005978501954650821,0.06728016265190798,0.009862247494172176,0.0078857490481592,9.032681036907925e-08,1.0,0.028063765014238257,0.028582124124879076,0.00045857407653617356,0.8648148148148147,0.8277777777777777,0.018885257457751062,0.38851273330412833,0.3672272530323148,0.01407854931204568,1,1,1,1
02_asymmetric_left_mu_0p15:0076,02_asymmetric_left_mu_0p15,28.668999999999947,29.068999999999946,-0.0064460630440215305,0.04321540133415486,0.1364931506092594,0.06201714835750522,0.16666666666666666,-0.028288707813301988,0.11285802200438988,0.30316967637640857,0.14129715448465588,0.0,0.025645750637570797,0.025702240399239518,0.34336147905212755,0.08128900889673991,0.1,-0.17140883422216943,0.1726635281635359,0.34481393668309984,0.17243273960403757,0.5,-0.22065010053549897,0.22065010053549897,0.34532566099959333,0.15694544765833401,0.6666666666666666,0.09900000000178322,0.19249999997778416,0.22210264082890338,0.09644606304966413,0.0038285525972966902,1.6577107156572342,1.5449457303656038,0.019826271668240095,2.4721112151148512e-05,1.0,0.021027253864941003,0.029530729393499117,0.010931343174402702,0.9101851851851852,0.8611111111111112,0.04794293876296156,0.4051075657977128,0.39457779307280477,0.007992803258194934,1,0,1,1
03_rough_h0p008_spacing0p45:0000,03_rough_h0p008_spacing0p45,15.583,15.983,0.2142979914015788,0.2142979914015788,0.24333040016291577,0.013556122164653616,1.0,1.6914386783839357,1.6914386783839357,2.7941665571500343,0.499476172544655,0.0,2.299389522392009e-05,0.00013099602762743564,0.0003877971015476148,0.00017144122365740316,0.0,-0.0005380323277739725,0.0005801194658382032,0.0010683049053273614,0.0004185108252056048,0.0,-0.0005039958317172797,0.0005039958317172797,0.0009780094559956986,0.00034174622491649697,0.0,0.22499999998401857,1.411837360681315e-18,0.00015623852418888786,0.03570200857878622,0.0005801194658382071,1.8046970663167825,1.6850867569360388,0.005526760571223203,1.66672549998418e-05,1.0,0.008097351496370732,0.009204236875912679,0.0015602852161919398,0.9425925925925926,0.9222222222222223,0.02618914004394619,0.5605981595501199,0.527757125496546,0.016024301452466215,1,1,1,0
03_rough_h0p008_spacing0p45:0001,03_rough_h0p008_spacing0p45,15.783,16.183,0.21029891782289026,0.21029891782289026,0.21911783296887632,0.005916112870944562,1.0,1.4878140039670027,1.4878140039670027,1.6417625619900291,0.12312620489862117,0.0,9.465027421979297e-07,0.00015651232933360028,0.00044382884336872816,0.00020419824977736372,0.0,-0.0006527094705952131,0.0006947966086594438,0.0010683049053273614,0.00040156663358711995,0.0,-0.0006545478381827663,0.0006545478381827663,0.0009780094559956986,0.00035999652252871915,0.0,0.24999999999231798,0.0,0.00016046467353976015,0.03970108216942728,0.0006947966086594438,0.014182376599581147,0.007418967175043387,0.005497622015817844,8.580057003862972e-08,1.0,0.008771067129159822,0.009804502545792371,0.000590174509827901,0.9231481481481483,0.9055555555555556,0.011748682907823636,0.5487003419803426,0.527757125496546,0.012522181242058901,1,1,1,0
03_rough_h0p008_spacing0p45:0002,03_rough_h0p008_spacing0p45,15.982999999999999,16.383,0.21079123127208055,0.21079123127208055,0.21911783296887632,0.005770391313634648,1.0,1.507102694130337,1.507102694130337,1.6417625619900291,0.12665353953743014,0.0,-2.7244881149797477e-05,0.00015848160575865594,0.00044382884336872816,0.00019362470690797146,0.0,-0.00048431041950822905,0.0005988796461863766,0.001118266333858097,0.0004601111087199808,0.0,-0.0004926846694906425,0.0005685489469118712,0.000976526180374628,0.0004300722128713699,0.0,0.24999999999231304,0.0,0.00017306217821801213,0.03920876872023147,0.0005988796461863766,0.015540709837780596,0.00820931228233816,0.005355910463949284,8.679992133631545e-08,1.0,0.008669140701555078,0.009804502545792371,0.0006132375080178537,0.9231481481481483,0.9055555555555556,0.017098319733906832,0.5439507202312122,0.5351030754890868,0.007489536922980178,1,1,1,0
03_rough_h0p008_spacing0p45:0003,03_rough_h0p008_spacing0p45,16.183,16.583,0.20835736438099495,0.20835736438099495,0.21471239005089604,0.005175887247894342,1.0,1.50100621273356,1.50100621273356,1.6047702980578324,0.0854723011737591,0.0,-3.730994296708211e-05,0.00015315231501052872,0.00036721370008577697,0.00017604940024312175,0.0,-0.0005558401866404182,0.0006841533160169121,0.00184743785145407,0.0007385511350741481,0.0,-0.0005458006468617989,0.0006216649242830277,0.0017018110157452926,0.0006391853592475177,0.0,0.24999999999231193,0.0,0.00015184875947396232,0.041642635611317,0.0006841533160169121,0.01545796014818432,0.007633920583748159,0.005534739686306109,7.387666435266961e-08,1.0,0.008564429723615425,0.008912847531782673,0.0003364768588925478,0.9268518518518519,0.9055555555555556,0.012995989673720539,0.5315919742988084,0.5114121940480186,0.012199191398381921,1,1,1,0
03_rough_h0p008_spacing0p45:0004,03_rough_h0p008_spacing0p45,16.382999999999996,16.782999999999994,0.21062117177391224,0.21062117177391224,0.21873302634095448,0.005992273370644856,1.0,1.5471872805155824,1.5471872805155824,1.6047702980578324,0.07268882429069388,0.0,-3.896078137806758e-05,0.00019389906886136402,0.0004422410827302425,0.00022707832920976876,0.0,-0.0004691152723130954,0.0005431435459373777,0.00184743785145407,0.0006874525060785138,0.0,-0.00042680083479912687,0.0005370082606611752,0.0017018110157452926,0.0006485702699065717,0.0,0.24999999999231193,0.0,0.00015988858071414757,0.039378828218399706,0.0005431435459373777,0.014477680305708023,0.006624883247576142,0.004996285526846009,6.912717663881487e-08,1.0,0.008367637537841486,0.00888254202152494,0.0002904475817507139,0.9222222222222222,0.9111111111111111,0.006415002990995867,0.5118550248761081,0.4965479239212331,0.014371260550974277,1,1,1,0
03_rough_h0p008_spacing0p45:0005,03_rough_h0p008_spacing0p45,16.583,16.982999999999997,0.21368080361738936,0.21368080361738936,0.21873302634095448,0.004928148638901591,1.0,1.5885023040953534,1.5885023040953534,1.6187414385797418,0.016713181765086675,0.0,9.310500101012069e-06,0.00018079515444283648,0.0004422410827302425,0.0002178077358798104,0.0,-0.00023140706786388217,0.0005442202577336524,0.0008857977856126065,0.0005941372996124552,0.0,-0.0002536432293111653,0.000562672006183575,0.0008756768506238172,0.0005712816000997365,0.0,0.24999999999231193,0.0,0.00015798916595559926,0.03631919637492257,0.0005442202577336524,0.01589972872567503,0.006270832754049274,0.003941390791948727,7.563825208394215e-08,1.0,0.008241615186674066,0.008564645612216967,0.00019187506500143033,0.9212962962962964,0.9055555555555556,0.01130236631086455,0.5005384476801643,0.48064284589863965,0.010764195289631661,1,1,1,0
03_rough_h0p008_spacing0p45:0006,03_rough_h0p008_spacing0p45,16.782999999999994,17.182999999999993,0.21571052243064145,0.21571052243064145,0.22858447664664183,0.006882010976988293,1.0,1.6112297165160692,1.6112297165160692,1.9064670707309752,0.14978198341307744,0.0,7.273107651124876e-05,0.00014650651474692374,0.0005999341798900721,0.00018949677956010512,0.0,-0.00044310890794579624,0.0006956377268896304,0.0009275593949202846,0.0005804994672973788,0.0,-0.0004437746752078034,0.0006425960262181647,0.0010875225684939967,0.0005682502499659815,0.0,0.24999999999231193,0.0,0.0001577708618292057,0.03428947756167047,0.0006956377268896304,0.016084626354343018,0.006982700565883254,0.003742285605455601,7.392966570505653e-08,1.0,0.008250212664870743,0.009418425775577123,0.0006541939295455044,0.9222222222222224,0.8944444444444445,0.016666666666666656,0.49757215868434074,0.48064284589863965,0.012539283790764464,1,1,1,0
03_rough_h0p008_spacing0p45:0007,03_rough_h0p008_spacing0p45,16.982999999999997,17.382999999999996,0.21829168454630513,0.21829168454630513,0.22858447664664183,0.00729014903789081,1.0,1.6891550021116777,1.6891550021116777,1.9064670707309752,0.16826710220884813,0.0,8.575739329355676e-06,0.00014452650709573608,0.0005999341798900721,0.00020208751350083307,0.0,-0.0005089656239519255,0.0007784878004838897,0.0010727950244574912,0.0006549270656419117,0.0,-0.0004590792289773714,0.0007135515756807155,0.0010875225684939967,0.0006539477511272746,0.0,0.24999999999231193,0.0,0.00016468894970694006,0.03170831544600678,0.0007784878004838897,0.013975613006907384,0.0068996117416111604,0.005905695788903946,7.254100429120175e-08,1.0,0.007931893195251715,0.009418425775577123,0.0007518583934096742,0.9203703703703705,0.8944444444444445,0.014224343977534455,0.49733760571121066,0.4844291475748063,0.007497511059074435,1,1,1,0
03_rough_h0p008_spacing0p45:0008,03_rough_h0p008_spacing0p45,17.182999999999993,17.58299999999999,0.2170383379881715,0.2170383379881715,0.2277242564323391,0.0055627548653552124,1.0,1.7078435713115379,1.7078435713115379,1.8451295317316507,0.07920961728178387,0.0,-5.895518017331545e-05,0.00015573172782899197,0.0003969676142426663,0.00017972378903907438,0.0,-0.00032122864233634834,0.0007157252794465843,0.0010727950244574912,0.0007001165704111336,0.0,-0.0003073790883018329,0.0006874405180583709,0.0010503038898483454,0.0006711626693612018,0.0,0.24999999999231193,0.0,0.0001480175690066464,0.032961662004140434,0.0007157252794465843,0.01387692427708429,0.00539226098265344,0.004484053669840253,6.95419916854756e-08,1.0,0.007722013243838842,0.008154966767735068,0.0003054811065056053,0.9222222222222222,0.9111111111111111,0.009622504486493771,0.5050243509488183,0.4933085097653055,0.007763750756629516,1,1,1,0
03_rough_h0p008_spacing0p45:0009,03_rough_h0p008_spacing0p45,17.382999999999996,17.782999999999994,0.21396410503821506,0.21396410503821506,0.22049910407872306,0.0052585623046462965,1.0,1.6032379307602473,1.6032379307602473,1.7422865831644256,0.1096614295131891,0.0,3.0587291256234026e-05,0.00014561263177015723,0.00039423273893386354,0.00017519758459686667,0.0,-0.0002878986486329565,0.00041287310921122824,0.0007419296614967117,0.000355833685744308,0.0,-0.00024646816352072676,0.0003720572465739207,0.0007064602543123846,0.000343711636141353,0.0,0.24999999999231193,0.0,0.00012589560523304836,0.03603589495409689,0.00041287310921122824,0.01566572166718828,0.005321582269908722,0.0031440396534933475,8.825369151025933e-08,1.0,0.008197603883292789,0.009100444514131797,0.0004948127706194901,0.9314814814814816,0.9111111111111111,0.012695656667409325,0.5062251211837127,0.4980870558521093,0.00688518976824619,1,1,1,0
03_rough_h0p008_spacing0p45:0010,03_rough_h0p008_spacing0p45,17.58299999999999,17.98299999999999,0.21792235219807596,0.21792235219807596,0.2262359148685298,0.0070310234237186174,1.0,1.6781307547587925,1.6781307547587925,2.0751508007967514,0.20769844126269707,0.0,6.998566302164217e-05,0.00010858148470277665,0.0002772245678744057,0.00011592658359720137,0.0,-0.00044353426612237087,0.0005790049815001351,0.0019441184461049452,0.0007438546245234287,0.0,-0.00042467252661685523,0.0005892015607446461,0.0021989070432704904,0.0008443326014818253,0.0,0.24999999999231193,0.0,0.0001252201589781512,0.03207764779423595,0.0005790049815001351,0.015577070428385083,0.006152972049650774,0.004482989087420633,9.290001546102012e-08,1.0,0.008008739903395852,0.009100444514131797,0.0008757344770989742,0.924074074074074,0.8722222222222222,0.02477608918566601,0.49602341515892895,0.4819439687027127,0.00848138063470509,1,1,1,0
03_rough_h0p008_spacing0p45:0011,03_rough_h0p008_spacing0p45,17.782999999999994,18.182999999999993,0.22186828764118446,0.22186828764118446,0.2269463321082397,0.003662437952689479,1.0,1.8123996286361308,1.8123996286361308,2.1185026924621053,0.20556520086688723,0.0,-1.9878539586981076e-05,0.00015750282387912487,0.0004015120463789087,0.00019100693932441458,0.0,-0.00044736142863242926,0.0005953830273777028,0.0019441184461049452,0.0007660726507849411,0.0,-0.000496277410914713,0.0006608064450425037,0.0021989070432704904,0.0008816577959411837,0.0,0.24999999999231193,0.0,0.00016656755414637989,0.02813171235112746,0.0005953830273777028,0.01383264419513323,0.00592256246987494,0.0030781219259445,7.554615007465973e-08,1.0,0.0074638803954550255,0.008374966608729656,0.0008769877164161046,0.9092592592592593,0.8722222222222222,0.020454372254050487,0.49459864391956293,0.4819439687027127,0.007339314830904055,1,1,1,0
03_rough_h0p008_spacing0p45:0012,03_rough_h0p008_spacing0p45,17.98299999999999,18.38299999999999,0.21448047023607533,0.21448047023607533,0.2269463321082397,0.007922995691478966,1.0,1.660638182217285,1.660638182217285,2.1185026924621053,0.223395037083463,0.0,-3.750035310896525e-05,0.00018903626019169402,0.0004185175749481401,0.0002153835024125568,0.0,-0.00014962937626792713,0.00032122737527324146,0.000859317415827034,0.000401450649093381,0.0,-0.00010354998776231513,0.00036598919482924204,0.0010400476974947968,0.0005029181187421899,0.0,0.24999999999231193,0.0,0.00018650526228223833,0.03551952975623658,0.00032122737527324146,0.014239777106970926,0.007012256923002643,0.0030214113024589883,9.134521117417941e-08,1.0,0.007961842558561286,0.008798166785362282,0.0008244100515876368,0.9185185185185185,0.8944444444444445,0.013857990321384963,0.4986857475759268,0.4948911501386654,0.003353983210025973,1,1,1,0
03_rough_h0p008_spacing0p45:0013,03_rough_h0p008_spacing0p45,18.182999999999993,18.58299999999999,0.21072924216856218,0.21072924216856218,0.22124459276623587,0.006544368511341281,1.0,1.5350917747680917,1.5350917747680917,1.664925255844086,0.11637946994007001,0.0,-8.49995100981517e-06,0.00012620541271428872,0.0004185175749481401,0.00015844788641011925,0.0,-0.0003316645898285306,0.0004907117054663358,0.0015273736788617644,0.0006227276494715871,0.0,-0.00027462051212689433,0.0005370597191938211,0.0015808894228862191,0.0006876577754419008,0.0,0.24999999999231193,0.0,0.00014997258682947434,0.039270757823749745,0.0004907117054663358,0.013838094032643163,0.006410565346117357,0.002933974994229855,9.69968921852959e-08,1.0,0.008471765704368207,0.009324443763423184,0.0004902723584850348,0.9287037037037038,0.9166666666666666,0.008124967025363075,0.5079365425317576,0.4948911501386654,0.012493960771893376,1,1,1,0
03_rough_h0p008_spacing0p45:0014,03_rough_h0p008_spacing0p45,18.38299999999999,18.782999999999987,0.2134026158770276,0.2134026158770276,0.22124459276623587,0.005192309716121475,1.0,1.5919445064237951,1.5919445064237951,1.7677855382637389,0.1256227982113497,0.0,-4.3702070858902455e-05,0.0001304981921501772,0.0003934017579361006,0.00016289325230057008,0.0,-0.0004865430138192816,0.0004934223498059639,0.0015273736788617644,0.0005214566696402468,0.0,-0.0004329295498667406,0.000548697044813656,0.0015808894228862191,0.0006029975085782452,0.0,0.24999999999231193,0.0,0.00013977672842501818,0.036597384115284286,0.0004934223498059639,0.013418858989363545,0.0051912829293761596,0.003867711310076382,8.08828309577963e-08,1.0,0.00825318105718759,0.009324443763423184,0.0006137752862779555,0.925925925925926,0.9111111111111111,0.008881169487616147,0.5178542202181943,0.5083915969935433,0.008189688805721356,1,1,1,0
03_rough_h0p008_spacing0p45:0015,03_rough_h0p008_spacing0p45,18.58299999999999,18.98299999999999,0.2139416026490204,0.2139416026490204,0.22169769991790667,0.005055522760087805,1.0,1.680501171901949,1.680501171901949,1.8597397565345948,0.1373887951049432,0.0,-4.84837802659761e-05,0.0001891336547204814,0.00042383869473044077,0.0002175425886791041,0.0,-0.0003507327567653172,0.0005328440816770489,0.0011629693950506188,0.0005523417281149061,0.0,-0.00038178186894560236,0.000611697166765717,0.0012849588744969919,0.0006419740566616883,0.0,0.24999999999231193,0.0,0.00016840569962765968,0.036058397343291484,0.0005328440816770489,0.013714647938339092,0.006213693672615437,0.004913702192641953,8.175451589396394e-08,1.0,0.0077709444904746254,0.008620330496067955,0.0005958316834179167,0.9185185185185186,0.9055555555555556,0.011857637476727507,0.5147043300178211,0.5054762394955962,0.00611484262498943,1,1,1,0
03_rough_h0p008_spacing0p45:0016,03_rough_h0p008_spacing0p45,18.782999999999987,19.182999999999986,0.2131609898887693,0.2131609898887693,0.22169769991790667,0.004883747182415327,1.0,1.6697631850926458,1.6697631850926458,1.8597397565345948,0.12361186417289352,0.0,-1.7572126642083817e-05,0.00019598704413983174,0.00042383869473044077,0.00021639082077283314,0.0,-0.00045105371823230965,0.0006814722504555567,0.0011629693950506188,0.0005990036699503122,0.0,-0.0004851832111123948,0.0007095124077158614,0.0012849588744969919,0.0006254877521716085,0.0,0.24999999999231193,0.0,0.00017391085292779105,0.036839010103542645,0.0006814722504555567,0.015760314585925857,0.0073971195689368175,0.005336794096727701,7.370624435163805e-08,1.0,0.007785296559785958,0.008246025319451627,0.0004892799949913072,0.9185185185185185,0.9055555555555556,0.011415581486979591,0.5058936000792554,0.49605770406930827,0.007549995340376603,1,1,1,0
03_rough_h0p008_spacing0p45:0017,03_rough_h0p008_spacing0p45,18.98299999999999,19.38299999999999,0.21628481630583282,0.21628481630583282,0.22518705622347507,0.005297843444533199,1.0,1.705603177886539,1.705603177886539,1.9052568100490601,0.13679434242423513,0.0,4.3166307459363385e-06,0.00020064129539710323,0.0004214291426163141,0.00022704590856495165,0.0,-0.00043186330256458596,0.00048704984586278355,0.0008824156211885268,0.00031136882293206783,0.0,-0.00037548902804807526,0.0004856704217783426,0.0006302752188663008,0.000343741905300545,0.0,0.24999999999231193,0.0,0.00018404966503203748,0.03371518368647913,0.00048704984586278355,0.014799372919730746,0.007166952553949365,0.0048651585834242166,7.549637853058734e-08,1.0,0.0077289610986080925,0.008246025319451627,0.0005129277379262548,0.9166666666666666,0.8888888888888888,0.01504451556414069,0.4963078751687114,0.48617236499780647,0.005991047667484521,1,1,1,0
03_rough_h0p008_spacing0p45:0018,03_rough_h0p008_spacing0p45,19.182999999999986,19.582999999999984,0.215907451807377,0.215907451807377,0.22518705622347507,0.00580066023529529,1.0,1.6973189586766768,1.6973189586766768,1.9052568100490601,0.1545753894607705,0.0,-2.4866430352458275e-05,0.00017160724559202423,0.0004214291426163141,0.00020705967544514946,0.0,-0.00035811298720308453,0.0005828845123781914,0.0008067293563286038,0.00048501517013231063,0.0,-0.0002894963981860264,0.0005659906211522122,0.0008294826688985577,0.0005205368584258458,0.0,0.24999999999231193,0.0,0.00018333620696198098,0.034092548184934915,0.0005828845123781914,0.011418378329583973,0.005329912510570612,0.0034182886293899636,9.330606748479014e-08,1.0,0.007770667757998387,0.00864789608256589,0.0006060721419780302,0.9194444444444446,0.8888888888888888,0.01749485521082519,0.5049551586468051,0.48617236499780647,0.01627475244002255,1,1,1,0
03_rough_h0p008_spacing0p45:0019,03_rough_h0p008_spacing0p45,19.38299999999999,19.782999999999987,0.21296026068821416,0.21296026068821416,0.21966656086730355,0.0035848664283801308,1.0,1.609050379468919,1.609050379468919,1.7030972054124809,0.07436315978855099,0.0,-5.8139817513568383e-05,0.00013577071075738959,0.0003689479109939308,0.00015204073558405587,0.0,-0.0002886595065629091,0.0005134310317380161,0.0008067293563286038,0.000536746865609335,0.0,-0.00027424854882085844,0.0005507427717870443,0.0009986126346696812,0.0005835395568605085,0.0,0.24999999999231193,0.0,0.0001496941170313801,0.037039739304097735,0.0005134310317380161,0.01286230767209579,0.006366455039271471,0.005571264852496519,9.651788969785185e-08,1.0,0.008101379222750749,0.00864789608256589,0.00032455465389939043,0.9277777777777779,0.9111111111111111,0.00907218423253029,0.5200143658426793,0.49877203774152956,0.010688816896141375,1,1,1,0
03_rough_h0p008_spacing0p45:0020,03_rough_h0p008_spacing0p45,19.582999999999984,19.982999999999983,0.21704861457673466,0.21704861457673466,0.22113713679972663,0.003554694704995156,1.0,1.675172798112821,1.675172798112821,1.8365507722512748,0.11072953276673958,0.0,3.681898141301933e-06,0.0001396015792797235,0.0003689479109939308,0.00017064519356289876,0.0,-0.0003057749879191129,0.0003680434534684531,0.0009093874506070004,0.00040242434546478956,0.0,-0.00036019659321678176,0.00038795565960280054,0.0009986126346696812,0.00038815110839770075,0.0,0.24999999999231193,0.0,0.00014116261841119868,0.032951385415577274,0.0003680434534684531,0.013850540162656197,0.00671912973047553,0.004757706672389365,7.933991127131318e-08,1.0,0.007921051280874983,0.008838183469988173,0.0005430099699948039,0.9185185185185186,0.8944444444444445,0.017762338975232283,0.5239959643471714,0.5113209346837325,0.013706583635455377,1,1,1,0
03_rough_h0p008_spacing0p45:0021,03_rough_h0p008_spacing0p45,19.782999999999987,20.182999999999986,0.21764330292227974,0.21764330292227974,0.22282690751553327,0.004144173466192008,1.0,1.7481861553005247,1.7481861553005247,1.9874706100389017,0.14556457130998385,0.0,7.13071760902384e-05,0.00015305405522014266,0.00033090646274929375,0.00016467570902384423,0.0,-0.00011136897493136483,0.0005491854248930626,0.0009093874506070004,0.0006077560742616378,0.0,-0.00010186941681591457,0.0005388127729872647,0.0009198192016356703,0.0006043540467184659,0.0,0.24999999999231193,0.0,0.00016644546303670906,0.032356697070032185,0.0005491854248930626,0.014674723115241995,0.006491414548708659,0.004111968690235037,6.925013649338095e-08,1.0,0.007574652959529418,0.008838183469988173,0.0006757379578088358,0.9138888888888889,0.8944444444444445,0.016896562584161712,0.5345805278067012,0.5113209346837325,0.016621998196421746,1,1,1,0
03_rough_h0p008_spacing0p45:0022,03_rough_h0p008_spacing0p45,19.982999999999983,20.38299999999998,0.2151653713471783,0.2151653713471783,0.22282690751553327,0.0045286250212987125,1.0,1.7153544874847304,1.7153544874847304,1.9874706100389017,0.15633356795660433,0.0,5.151750648682971e-05,0.00015890992895425268,0.00033090646274929375,0.00017434219758368703,0.0,-0.00026586226090089026,0.0006414102453132477,0.0010481101151111336,0.0006403594234734192,0.0,-0.0002778010818354115,0.0006869853716207427,0.0010825304055621225,0.0006719130549173616,0.0,0.24999999999231193,0.0,0.00016811690091356944,0.03483462864513364,0.0006414102453132477,0.014338435567813649,0.005961135311490945,0.0038596670954226114,6.712141824706763e-08,1.0,0.007648841661372975,0.008927925099710703,0.0006924021705870912,0.925925925925926,0.9055555555555556,0.013094570021973099,0.5503490579336779,0.54182623427822,0.007751095821529274,1,1,1,0
03_rough_h0p008_spacing0p45:0023,03_rough_h0p008_spacing0p45,20.182999999999986,20.582999999999984,0.21642069918186044,0.21642069918186044,0.22643116937264973,0.005216783106779554,1.0,1.6464966148901186,1.6464966148901186,1.8192962206904981,0.10870019536175904,0.0,-1.6913552828654117e-05,0.00017185015023694672,0.00039515961365614745,0.000197939142176745,0.0,-0.00020346903592236782,0.0006418011420018115,0.0010481101151111336,0.0006829120253006924,0.0,-0.00021608931336914884,0.0007407298648496619,0.0010825304055621225,0.0007532294134116306,0.0,0.24999999999231193,0.0,0.00017567304509752608,0.03357930081045154,0.0006418011420018115,0.013188141667898218,0.005273646208218509,0.003829699267553891,8.19258191254025e-08,1.0,0.00805454423853776,0.008927925099710703,0.0005551564344581347,0.9333333333333335,0.9166666666666666,0.010143010324169737,0.5539374706277532,0.5431790977404649,0.008034750022942651,1,1,1,0
03_rough_h0p008_spacing0p45:0024,03_rough_h0p008_spacing0p45,20.38299999999998,20.78299999999998,0.21558008839978204,0.21558008839978204,0.22643116937264973,0.005454277768176351,1.0,1.6223721477327795,1.6223721477327795,1.6907048744303168,0.0740807530237632,0.0,-1.9524166300816896e-05,0.00016591906765781305,0.00039515961365614745,0.00019002077720666033,0.0,-0.0002695984349328023,0.0007769141102502989,0.001994520338900213,0.0009448629899925376,0.0,-0.0003148438190590189,0.0009323703245451859,0.0022652725811204,0.00108516150778212,0.0,0.24999999999231193,0.0,0.000172205864506095,0.03441991159252989,0.0007769141102502989,0.01303492018878255,0.005604680514214408,0.004935435406127573,9.638596895118437e-08,1.0,0.008139492672416402,0.008681793921537994,0.0003956743803782787,0.9324074074074074,0.9055555555555556,0.015521346865037236,0.5485429344547009,0.5391077828179455,0.00810386701239329,1,1,1,0
03_rough_h0p008_spacing0p45:0025,03_rough_h0p008_spacing0p45,20.582999999999984,20.982999999999983,0.24486485677260558,0.24486485677260558,0.31732471912654725,0.04869625978967871,1.0,1.7871791825681473,1.7871791825681473,2.3453682659749386,0.3223535373039394,0.0,4.785541650999827e-06,0.00012900044345208247,0.00037802603781015497,0.0001539189619375161,0.0,-0.0002760268827467923,0.0006448690145013287,0.001994520338900213,0.0008448128599009553,0.0,-0.0003193688401420066,0.0006947532497744972,0.0022652725811204,0.0009436624937795321,0.0,0.2899999999881486,0.0,0.00012632098717232815,0.03846847655068491,0.0006448690145013287,0.9315175125870861,0.9065293410371158,0.0058615184086820826,6.633574229874947e-08,1.0,0.008403568759901874,0.009434677999440791,0.0005909544879158433,0.9203703703703704,0.8888888888888888,0.020951312035156995,0.5459497355237733,0.5369653911841016,0.00761748632755008,1,1,1,0
03_rough_h0p008_spacing0p45:0026,03_rough_h0p008_spacing0p45,20.78299999999998,21.18299999999998,0.2920758799509586,0.2920758799509586,0.31732471912654725,0.04038181773702527,1.0,1.9743395608424255,1.9743395608424255,2.3453682659749386,0.28392904745258074,0.0,9.187785093452399e-07,0.00016898235202904313,0.00038640960581340025,0.0001975793400708208,0.0,0.00025341832336978136,0.0003498515165868251,0.0005334436723842289,0.00029471501417247464,0.0,0.00023550405374872402,0.00032128168290217673,0.0005972926486606977,0.0002850402009417176,0.0,0.3399999999871439,0.0,0.00014198254497882782,0.04125745337132726,0.0003498515165868251,0.9315356516950541,0.9063556491163757,0.006688153363404091,5.294120405755586e-08,1.0,0.009210833147374267,0.010447759152762245,0.0007555987480309515,0.9027777777777777,0.8833333333333333,0.01388888888888891,0.5479766659495946,0.5338241794121688,0.010752937020096092,1,1,1,0
03_rough_h0p008_spacing0p45:0027,03_rough_h0p008_spacing0p45,20.982999999999983,21.38299999999998,0.3074813634311543,0.3074813634311543,0.3167333532619952,0.010852689896043344,1.0,1.9965422694832222,1.9965422694832222,2.228860213554604,0.17506733570309896,0.0,-2.848813174684394e-05,0.00018496906126432992,0.0004927769575252772,0.0002230630120032192,0.0,0.00045772962769518666,0.0006589543102524972,0.0012964272592435537,0.0006471364172646941,0.0,0.0004032858934091219,0.000655376340193536,0.0013245508211370733,0.0006747489506635759,0.0,0.3499999999903025,0.0,0.00016122241825039112,0.042518636559148226,0.0006589543102524972,0.014210599458628678,0.007995955825601803,0.006458869967413747,5.828680142662637e-08,1.0,0.009664049034656827,0.010447759152762245,0.000596739066626793,0.888888888888889,0.8666666666666667,0.012830005981991686,0.5595666260294127,0.5338241794121688,0.012865753141427124,1,1,1,0
03_rough_h0p008_spacing0p45:0028,03_rough_h0p008_spacing0p45,21.18299999999998,21.582999999999977,0.30611094865773275,0.30611094865773275,0.3167333532619952,0.007354497806440899,1.0,1.9451207045811774,1.9451207045811774,2.228860213554604,0.17395506226474447,0.0,4.6099956521525335e-06,0.00014689634553141092,0.0004927769575252772,0.00019074964489847068,0.0,0.0005028115817828056,0.0007040362643401161,0.0012964272592435537,0.0006520773960573402,0.0,0.00044589654153586524,0.000679926200583931,0.0013245508211370733,0.0006666701645169224,0.0,0.3499999999892639,1.4233628520835343e-14,0.00013409726012459053,0.04388905133256973,0.0007040362643401161,1.056389829873157,1.0381512401266815,0.0068107473059885355,0.005214976005500847,1.0,0.00991460927009819,0.01125742883582099,0.0007975996474201632,0.8990740740740741,0.8666666666666667,0.019620018611497304,0.5603512783307342,0.5424090500779244,0.011069913520833646,1,1,1,0
03_rough_h0p008_spacing0p45:0029,03_rough_h0p008_spacing0p45,21.38299999999998,21.78299999999998,0.3083981182319754,0.3083981182319754,0.3185571494466089,0.006148138003216169,1.0,2.0307916866108573,2.0307916866108573,2.439236332363639,0.271587052873446,0.0,4.076457927655479e-06,0.0001272537288398415,0.00034428279255193387,0.00015413470852896323,0.0,0.0005658292240918076,0.0005658292240918076,0.0014216233832930884,0.00044422928510729116,0.0,0.0005372651706940281,0.0005576661708030331,0.0013427567386576278,0.0004674373503659958,0.0,0.34999999998524156,2.1350442781253013e-13,0.00012668960076412042,0.041601881753572316,0.0005658292242715579,1.6359162710981032,1.3814543662780836,0.7086859826532538,0.01872244975679068,1.0,0.009613154238741123,0.01125742883582099,0.001195634843899088,0.9047619047619049,0.8722222222222222,0.016109351690622564,0.5453497741938604,0.5364446811162132,0.008333033873685038,1,1,1,0
03_rough_h0p008_spacing0p45:0030,03_rough_h0p008_spacing0p45,21.582999999999977,21.982999999999976,0.30622378543772044,0.30622378543772044,0.3185571494466089,0.010183618157259388,1.0,2.0021402255019547,2.0021402255019547,2.439236332363639,0.306075389814945,0.0,-2.5447620342479932e-05,0.00010620863939617873,0.00034428279255193387,0.00012800589454579415,0.0,0.0009675870681489203,0.0009675870681489203,0.0021108861741732056,0.0006811423912665224,0.0,0.0009399158093830875,0.0009584570068090137,0.0020558843515663173,0.0006957744853867582,0.0,0.34999999999019593,2.1635115351669717e-13,0.00012250316049955255,0.043776214551328504,0.0009675870683339573,1.333156343750387,1.0271808227539587,0.1574474431508327,0.03187106099007788,1.0,0.009726181710193184,0.011610633267837475,0.0012876902541755152,0.8880952380952382,0.8611111111111112,0.0169105363116369,0.539217523389628,0.5260977816829288,0.005884642261348038,1,1,1,0
03_rough_h0p008_spacing0p45:0031,03_rough_h0p008_spacing0p45,21.78299999999998,22.18299999999998,0.3077407078006193,0.3077407078006193,0.32203563257672047,0.011838724004465485,1.0,1.9767101619031457,1.9767101619031457,2.272704496178396,0.24904253226011647,0.0,6.402613201789401e-05,0.00012431680401766963,0.0004523038981959514,0.0001460017402328116,0.0,0.0009459059008653253,0.0009459059008653253,0.0021108861741732056,0.0006448057975908863,0.0,0.0008992973184144215,0.0008992973184144215,0.0020558843515663173,0.0006556427885826584,0.0,0.34999999999421827,1.708035422500241e-14,0.00015859009970403497,0.04225929219376804,0.0009459059008714931,0.4658738821901341,0.43396793976978676,0.006631329088369442,0.018363734608336922,1.0,0.00985373654025562,0.011610633267837475,0.0010203287570356263,0.8787037037037035,0.8555555555555555,0.018541652217130347,0.5328118815201711,0.5221073979703571,0.007802942056184854,1,1,1,0
03_rough_h0p008_spacing0p45:0032,03_rough_h0p008_spacing0p45,21.982999999999976,22.382999999999974,0.3105513424469255,0.3105513424469255,0.32203563257672047,0.0083631677866598,1.0,2.123917134721299,2.123917134721299,2.3083404087765502,0.18472195431262367,0.0,3.328024930865258e-05,0.00015570645467402733,0.0004523038981959514,0.0001826769044094866,0.0,0.0013504717044591566,0.0013504717044591566,0.003027820212460598,0.001056516149910421,0.0,0.0013279325056876157,0.0013279325056876157,0.0029392170055959465,0.001038609043731593,0.0,0.3499999999903025,0.0,0.00017406553934911105,0.039448657543377,0.0013504717044591566,0.012559234568889887,0.005338916140052826,0.004210026900414417,2.2333103913255474e-07,1.0,0.009127493496958445,0.010147691802272077,0.0007328346407714211,0.8740740740740741,0.8333333333333334,0.025991979347441106,0.5339151030838513,0.5221073979703571,0.008557369442360097,1,1,1,0
03_rough_h0p008_spacing0p45:0033,03_rough_h0p008_spacing0p45,22.18299999999998,22.582999999999977,0.3033508432596941,0.3033508432596941,0.31151988945094,0.0071911438828122795,1.0,2.025651499904529,2.025651499904529,2.3083404087765502,0.2037069471912634,0.0,-8.156203745374096e-06,0.00014163728036446947,0.0003445012688529031,0.00016582407361296603,0.0,0.001776071893384719,0.001776071893384719,0.003027820212460598,0.0009576924073728126,0.0,0.0017364821131862298,0.0017364821131862298,0.0029392170055959465,0.0009883713137525483,0.0,0.3499999999866382,4.839433697084017e-14,0.00015393935353912857,0.04664915673098855,0.0017760718933339523,1.1254300211703125,0.9639318077014144,0.0071665530048938605,0.023001133854083908,1.0,0.009394377283794926,0.010421290352287687,0.0008132132584446137,0.8740740740740739,0.8333333333333334,0.02677191165703881,0.5337876349282457,0.5188784027353812,0.00975600042649026,1,1,1,0
03_rough_h0p008_spacing0p45:0034,03_rough_h0p008_spacing0p45,22.382999999999974,22.782999999999973,0.30721003433871685,0.30721003433871685,0.32121864102572667,0.008617807971112699,1.0,2.0834737336074864,2.0834737336074864,2.4655271759047417,0.23696533117184826,0.0,5.5187855645425375e-05,0.00011599740619153446,0.00028732736689238077,0.0001397694447949998,0.0,0.0007680454968209408,0.0008512183712119318,0.0022858754174705747,0.0008718211512235088,0.0,0.0007303098159918937,0.0008447807553390111,0.0022605153768680466,0.0009078155267709182,0.0,0.34999999998966635,1.0817557675834859e-13,0.00013692175856742792,0.042789965651969054,0.0008512183711616394,2.7571510760490416,2.0638624807431225,1.0964033471139762,0.046420648197883205,1.0,0.009250960710616702,0.010421290352287687,0.0008912707592469668,0.8925925925925927,0.85,0.022831162973959172,0.5178988700445717,0.5001753457990834,0.013100894367995684,1,1,1,0
03_rough_h0p008_spacing0p45:0035,03_rough_h0p008_spacing0p45,22.582999999999977,22.982999999999976,0.26942611209972894,0.26942611209972894,0.32121864102572667,0.045236083653452976,1.0,1.7510030568438755,1.7510030568438755,2.4655271759047417,0.49152722722224484,0.0,0.01281958205005832,0.01704746800618074,0.22023682997336272,0.04928640128009958,0.05,0.10431169608337015,0.10439486895776114,0.21973706994828723,0.10471828462338044,0.5,0.07602320338563846,0.07613767432498558,0.24427021248747977,0.10774415777484744,0.3333333333333333,0.2979999999961641,0.08799999997803443,0.0722423799648613,0.03132541988341631,0.0005496294384625623,7.096055089467258,6.499984170436848,0.423916864077717,0.031723423976779234,1.0,0.009978690744051062,0.012341514050547278,0.0016342688221185856,0.8666666666666667,0.7388888888888889,0.062443390000323555,0.5104637164444522,0.5001753457990834,0.007478725359594269,1,1,1,0
03_rough_h0p008_spacing0p45:0036,03_rough_h0p008_spacing0p45,22.782999999999973,23.18299999999997,0.23048996858327905,0.23048996858327905,0.2547134402810619,0.017133342154999016,1.0,1.1672136439683485,1.1672136439683485,1.3428883891886056,0.12835364774906965,0.0,0.00187719284707389,0.027912273559147317,0.22023682997336272,0.05339581806569151,0.05,0.21270174691603705,0.21270174691603705,0.22032189102796715,0.011476590350478657,1.0,0.1948399812887668,0.1948399812887668,0.24835560809473567,0.08795672091136805,0.8333333333333334,0.2329999999924881,0.19799999996921,0.19333969522690175,0.020838135631951485,0.0020596137705664787,6.686559069532976,6.394770777237945,0.04010400671367695,0.01414050032477974,1.0,0.012782002106089327,0.014907545852053856,0.001884377988297231,0.7972222222222222,0.7388888888888889,0.057265355911356376,0.5295458437614454,0.5076838992005732,0.016752508405737516,1,1,1,0
03_rough_h0p008_spacing0p45:0037,03_rough_h0p008_spacing0p45,22.982999999999976,23.382999999999974,0.2280879689237716,0.2280879689237716,0.2547134402810619,0.013282064666139046,1.0,1.0615636332746814,1.0615636332746814,1.1596831374768004,0.061881281607102635,0.0,-0.007985025542789698,0.014797084965870112,0.0281630608284498,0.015431601969928621,0.0,0.21791422161589125,0.21791422161589125,0.22208213543249436,0.0027528036348550902,1.0,0.2246252620990237,0.2246252620990237,0.24835560809473567,0.015047779352139759,1.0,0.21999999999440134,0.21999999996859582,0.2285418992587919,0.010505929455923413,0.002887120539977983,1.1571298722472227,0.9398692193939501,0.0423268235505459,0.016063074344717067,1.0,0.01381742832073264,0.014907545852053856,0.0008744744296914598,0.7675925925925927,0.7444444444444445,0.012178654109227681,0.5436587272165899,0.5350554103271803,0.004357037795471327,1,1,1,0
03_rough_h0p008_spacing0p45:0038,03_rough_h0p008_spacing0p45,23.18299999999997,23.58299999999997,0.21625590651832274,0.21625590651832274,0.22847809866141605,0.009493281708460437,1.0,1.0207060297522903,1.0207060297522903,1.1596831374768004,0.07086314421097631,0.0,0.009586936558580035,0.010540797582532862,0.018013004351123046,0.00772557036249788,0.0,0.219389393849891,0.219389393849891,0.22208213543249436,0.001949604162796807,1.0,0.20946804278838485,0.20946804278838485,0.21841079545060882,0.006482475728961056,1.0,0.2199999999987834,0.21999999993733305,0.21108574026371474,0.008450661725197628,0.001551498945211824,0.8221894892282908,0.7220573108139396,0.1081346801778913,0.014018050303777873,1.0,0.013625557799328081,0.014463381532479938,0.0007243191455498514,0.7814814814814813,0.7444444444444445,0.02119541322640666,0.5395613294245852,0.5182912744386758,0.010386160573782971,1,1,1,0
03_rough_h0p008_spacing0p45:0039,03_rough_h0p008_spacing0p45,23.382999999999974,23.782999999999973,0.21098868405006885,0.21098868405006885,0.226761181546372,0.011940693216273992,1.0,0.9978435274768036,0.9978435274768036,1.1832745242984433,0.10362869544811175,0.0,0.015672763168950925,0.015672763168950925,0.01838016990863367,0.005271009950068378,0.0,0.219563177638147,0.219563177638147,0.22037147661949272,0.0008206559093427701,1.0,0.2043175493433871,0.2043175493433871,0.21841079545060882,0.00636233649826516,1.0,0.21999999999560926,0.21999999992911734,0.20468473952375826,0.012954285222028175,0.0008049872517899738,0.1722233444392447,0.13869155739470906,0.011604081715868731,0.0037916711923021693,1.0,0.013637155212123721,0.014712886412243342,0.0008579160974616811,0.7999999999999999,0.7722222222222223,0.019510469912690263,0.5375231100270362,0.5182912744386758,0.010421310792746451,1,1,1,0
03_rough_h0p008_spacing0p45:0040,03_rough_h0p008_spacing0p45,23.58299999999997,23.98299999999997,0.201940747836272,0.201940747836272,0.226761181546372,0.02157603444661082,1.0,0.9857804546308685,0.9857804546308685,1.1832745242984433,0.1376759310195019,0.0,0.008733945330363172,0.018474096802379027,0.07169030019474226,0.02099704056878098,0.0,0.09918631720091754,0.19317444436228323,0.22036395175805215,0.17505141944988167,0.8333333333333334,0.09643668518896605,0.17171329517292555,0.21126385747807996,0.15855134878224209,0.8333333333333334,0.2199999999934943,0.21999999992393066,0.19876286701403817,0.02031297934169546,0.001764266803794503,0.6470323079974158,0.6185897686428211,0.00652810593579051,9.696362213925902e-08,1.0,0.01318551581009258,0.014712886412243342,0.0007768220158673047,0.799074074074074,0.7722222222222223,0.023877401774495596,0.5333877070321282,0.5171557899117611,0.01180875776095579,1,0,1,0
03_rough_h0p008_spacing0p45:0041,03_rough_h0p008_spacing0p45,23.782999999999973,24.18299999999997,0.17733448038783484,0.17733448038783484,0.2128150933196846,0.02437605961361552,1.0,0.8852823095697636,0.8852823095697636,1.0680729182952713,0.11308842899344335,0.0,-0.00021222491906683073,0.009554742123286284,0.07169030019474226,0.01883021209315226,0.0,-0.11760779087074524,0.19069673226012754,0.21926682416814683,0.159921209248542,0.8333333333333334,-0.1113440199072795,0.17830174072421912,0.21516031699227367,0.15741301874557997,0.8333333333333334,0.21999999999296138,0.2199999999275745,0.20781193272445314,0.04266551960529163,0.004120661636339813,0.6470875593182901,0.6185606631881194,0.0072822264968682195,7.781415713524395e-08,1.0,0.01279061271379884,0.0134198363960677,0.00037393830946023926,0.7666666666666666,0.7333333333333333,0.03159022612820736,0.514905527223452,0.47393101115225605,0.023390752213125313,1,0,1,0
03_rough_h0p008_spacing0p45:0042,03_rough_h0p008_spacing0p45,23.98299999999997,24.382999999999967,0.15271934103294765,0.15271934103294765,0.17455914777266834,0.01781238045551691,1.0,0.7406124339160195,0.7406124339160195,0.8890476364217246,0.13164514339299954,0.0,0.0020314170101933967,0.0021213650688271233,0.02015632906893286,0.005159173900865556,0.0,-0.214100173160558,0.214100173160558,0.21483406170901764,0.0004491409833449812,1.0,-0.21557590514795086,0.21557590514795086,0.2225452314886612,0.003159126188299028,1.0,0.2199999999884661,0.21999999995157235,0.22211106832086164,0.06728065895756163,0.0058998267901052975,0.5918433374425707,0.5462988605219167,0.010569603681510872,0.010588829898326569,1.0,0.013385415583391973,0.014942810405636997,0.00110698419179001,0.7444444444444445,0.7277777777777777,0.012422599874998863,0.47872103051242565,0.44995518805592427,0.0270745322148692,1,1,1,0
03_rough_h0p008_spacing0p45:0043,03_rough_h0p008_spacing0p45,24.18299999999997,24.58299999999997,0.14700876785009406,0.14700876785009406,0.16969214858199808,0.016512328280809407,1.0,0.6551647664908208,0.6551647664908208,0.8357279980984618,0.09916185657310811,0.0,-0.00033214955638795617,0.004363439230190535,0.02015632906893286,0.007765386248683266,0.0,-0.21401164096883477,0.21401164096883477,0.21463698257342706,0.0005127781338646611,1.0,-0.2138059024870704,0.2138059024870704,0.2225452314886612,0.004643325170052595,1.0,0.21999999998946196,0.21999999995236372,0.21992463102165552,0.07299123214132153,0.005988358981598909,0.9425561772344933,0.764144224326273,0.08941819466298528,0.014179122360324847,1.0,0.014526634951128499,0.015551771825378365,0.0007994083034285971,0.7564814814814814,0.7277777777777777,0.01854165221713036,0.4340335623951204,0.39071984707636415,0.026338297209060647,1,1,1,0
03_rough_h0p008_spacing0p45:0044,03_rough_h0p008_spacing0p45,24.382999999999967,24.782999999999966,0.15235428778154989,0.15235428778154989,0.16761340921581694,0.01386280425279822,1.0,0.6743081418812461,0.6743081418812461,0.8098549367180928,0.07805662644291754,0.0,-0.0017997115492905309,0.002997677060170978,0.017997725960078315,0.005476941229296641,0.0,-0.21433705949379842,0.21433705949379842,0.21573057171301427,0.0008399060845112572,1.0,-0.2132875014233688,0.2132875014233688,0.2195798648490912,0.003766851720265305,1.0,0.2199999999954294,0.21999999994461494,0.21821045543027556,0.06764571221038525,0.0056629404502662,1.1677547803669481,1.0089365724497414,0.13519839576468878,0.015446950342305666,1.0,0.014593929626215614,0.015551771825378365,0.0007354046222671183,0.7601851851851852,0.7333333333333333,0.01739656872968143,0.4039956042151287,0.39071984707636415,0.01384923629467421,1,1,1,0
03_rough_h0p008_spacing0p45:0045,03_rough_h0p008_spacing0p45,24.58299999999997,24.98299999999997,0.1112261284085941,0.13241890124252018,0.16761340921581694,0.07957475197478449,0.8333333333333334,0.48492733408733946,0.581613281382145,0.8098549367180928,0.36100676172232005,0.0,0.020408123535409425,0.020723018945498307,0.21462916516669261,0.06001399554015485,0.1,-0.1774000296626468,0.17825360089265582,0.21573057171301427,0.08050049052103081,0.8333333333333334,-0.21204975730377526,0.21204975730377526,0.2195798648490912,0.00531590760626595,1.0,0.18700000000473116,0.1869999999566784,0.20942987706723742,0.07210720493144991,0.005933303625408147,1.7983616381790422,1.6400000979132467,0.01186448841963824,0.011856680032396804,1.0,0.014762049867660504,0.016959260146044826,0.0011516357852723637,0.7555555555555555,0.7333333333333333,0.014344382763731189,0.39474072069535926,0.376688202585627,0.009347341527997008,1,1,1,0
03_rough_h0p008_spacing0p45:0046,03_rough_h0p008_spacing0p45,24.782999999999966,25.182999999999964,0.03170367524119637,0.05969554399782381,0.14293478544775856,0.07571475148384535,0.3333333333333333,0.12538961239524446,0.2747108405535296,0.6433417407141858,0.33124714132452104,0.0,0.019907192676873277,0.02013999726982315,0.21462916516669261,0.06015273508578578,0.1,-0.07006097090647707,0.07108994586227901,0.21344339204981524,0.10014745396201902,0.3333333333333333,-0.10410845218158178,0.10425746907300389,0.2132875121540955,0.10429708533587431,0.5,0.07700000000648854,0.0769999999856434,0.0991479058196022,0.043863175982712,0.003304436025061855,1.5523978701505818,1.4681046559599364,0.01772809176784936,8.894617356196087e-08,1.0,0.010306023046526865,0.016959260146044826,0.005034589354904079,0.8611111111111112,0.7388888888888889,0.10881894957225156,0.3966395610639046,0.376688202585627,0.00979949630963295,1,1,1,1
03_rough_h0p008_spacing0p45:0047,03_rough_h0p008_spacing0p45,24.98299999999997,25.382999999999967,-0.00368892432561089,0.006500654819634033,0.02039728776810413,0.008296981524801156,0.0,-0.02922631946578454,0.06243736438375555,0.15790584259043922,0.07132959791782827,0.0,4.240104711805322e-05,0.00014664688997020523,0.00031614785857833307,0.00016276815250285717,0.0,-0.0001993206037707847,0.0003747243295636915,0.0007424537464806715,0.00038894840817598863,0.0,-0.00023141744573943,0.00038043433716154285,0.0007792338144299875,0.00039353299652647217,0.0,0.0,0.0,0.00014735770949692666,0.006500654819634033,0.0003747243295636915,0.01494406608947633,0.007359211844005809,0.005144565983180355,6.737648818652946e-08,1.0,0.005195196416010915,0.007860889349691454,0.0012399842547081705,0.9796296296296295,0.9166666666666666,0.02862893487729688,0.4016429868700541,0.3999245766531746,0.0018138089776055474,1,1,1,1
03_rough_h0p008_spacing0p45:0048,03_rough_h0p008_spacing0p45,25.182999999999964,25.582999999999963,0.0003556416721654623,0.004880544694971489,0.008477291148715304,0.005304653434376835,0.0,0.0033497608451383393,0.056079837290805734,0.09969024900598471,0.0613448132490017,0.0,-1.9558888674044745e-06,0.00011982513541520924,0.0002759874901172038,0.0001457975795572424,0.0,-0.00028135311633774063,0.0005638655285454746,0.0009097419796150866,0.0005736244195286155,0.0,-0.00021650679206523406,0.0006259078923862901,0.000796760554587051,0.0006054965650208068,0.0,0.0,0.0,0.00016105915376824604,0.004880544694971489,0.0005638655285454746,0.01582622983762483,0.0075681714679874945,0.005502451200007325,8.401350892339985e-08,1.0,0.004769550539103291,0.005232933658400143,0.00031144065584472305,0.9925925925925926,0.9833333333333333,0.005237828008789256,0.4014791150556513,0.39737191420483264,0.0023874811920278284,1,1,1,1
03_rough_h0p008_spacing0p45:0049,03_rough_h0p008_spacing0p45,25.382999999999967,25.782999999999966,0.006634323474437092,0.007768743274699573,0.01741509596259568,0.006810697109451713,0.0,0.07505793514582805,0.0887596086054351,0.19682717775393976,0.07802605482351588,0.0,0.003316024475100803,0.003467522442413675,0.06399457465085079,0.013943529879086276,0.0,0.00017631352166260468,0.00048341535608779814,0.0010542543102838723,0.0006302355842563843,0.0,0.0001972165545506673,0.0005216134650093624,0.0009282867577169207,0.0005788072736968046,0.0,0.02999999999136249,3.672276158375518e-12,0.002016730185622295,0.00526874327532742,0.00048341535608779814,1.6352269381407576,1.5476907806344717,0.005025519449852046,0.001139951993644818,1.0,0.004727628300759145,0.00505516157992422,0.00022541051116489548,0.9944444444444445,0.9888888888888889,0.00320750149549791,0.4008005895929159,0.3968664374143915,0.00388341191588904,1,1,1,1
03_rough_h0p008_spacing0p45:0050,03_rough_h0p008_spacing0p45,25.582999999999963,25.98299999999996,0.1411881255084017,0.1411881255084017,0.27766932679600004,0.13156139665204622,0.5,1.286187272462384,1.286187272462384,2.691353880181221,1.1894077448074745,0.0,0.0029723128329557564,0.004373271593352643,0.06399457465085079,0.014114796002484284,0.0,-7.325045360685755e-05,0.0005300196638956664,0.0013047188484377244,0.0007174260688026235,0.0,0.00032140316615775314,0.0012805817971233478,0.0036327032158798055,0.0018466335798648032,0.0,0.17999999998156824,2.042810365310288e-11,0.0029085893638209227,0.01605696747874238,0.0005300196566260778,1.8453991250667559,1.5864149419424878,0.5708826081776291,0.01353630943560392,1.0,0.005697771758899013,0.007657599168301751,0.0010519659666892757,0.9601851851851854,0.9055555555555556,0.03732526735323403,0.3989120447739045,0.39082219961864156,0.005296816757649386,1,1,1,0
03_rough_h0p008_spacing0p45:0051,03_rough_h0p008_spacing0p45,25.782999999999966,26.182999999999964,0.2764242509275477,0.2764242509275477,0.2896543209833366,0.00818099097376974,1.0,2.284384657404438,2.284384657404438,2.691353880181221,0.25173089943870053,0.0,2.3605363678039705e-05,0.005041586308618664,0.04348007401516534,0.010534273428315815,0.0,-0.000643921630503645,0.0008286255824322304,0.0023910345060489018,0.0009472516315785214,0.0,0.0021799527834562363,0.00395478306365337,0.008240155068511001,0.004209888984780453,0.0,0.2999999999898251,2.6298052055095378e-11,0.0042646768067787725,0.023575749060627232,0.000828625573840812,15.968989575574524,15.623860360983375,0.07617008209383663,0.02718096951386557,1.0,0.007362315160510432,0.0083054590952085,0.0009559952953144539,0.9092592592592593,0.8611111111111112,0.024982847339318586,0.3911915720577897,0.37556101256900837,0.009057798140676969,1,1,1,0
03_rough_h0p008_spacing0p45:0052,03_rough_h0p008_spacing0p45,25.98299999999996,26.38299999999996,0.27780391621617145,0.27780391621617145,0.2896543209833366,0.007167906559315202,1.0,2.1414484063693053,2.1414484063693053,2.324876624644337,0.09639380202487285,0.0,0.0005467504289876766,0.004218370909945658,0.04348007401516534,0.010396533357302706,0.0,-0.0006101935737638607,0.0007629887357687243,0.0023910345060489018,0.0008926947750842226,0.0,0.0016691562627617386,0.0032235029882917033,0.008240155068511001,0.004081447614983903,0.0,0.29999999999527294,2.0018175151702833e-11,0.0033763229564503865,0.022196083778461422,0.0007629887309549113,15.94606755236288,15.68264554343239,0.009185831211053461,0.014784829694009228,1.0,0.007913652323105856,0.0083054590952085,0.0003929832967616318,0.8972222222222223,0.8611111111111112,0.019178069608525906,0.39096401848546475,0.37556101256900837,0.008376575636619905,1,1,1,0
03_rough_h0p008_spacing0p45:0053,03_rough_h0p008_spacing0p45,26.182999999999964,26.582999999999963,0.277737028326806,0.277737028326806,0.28477026511291087,0.0033422862323231536,1.0,2.2604074480397727,2.2604074480397727,2.4919157529908964,0.1373142815464851,0.0,0.00027639775361378515,0.00027987475818608406,0.0008305904313853843,0.00022135264661030625,0.0,-0.0004760853957744122,0.0006663801918731905,0.0013385521698947307,0.0005927641194546844,0.0,-0.0006681088131866047,0.0007779776723257854,0.0016953094287583963,0.0006684005856541633,0.0,0.2999999999913072,2.095190118266963e-11,0.00022622918221642824,0.022262971664501165,0.0006663801848892236,0.013144165923087247,0.0060208545843627136,0.004654624377090146,3.2083517746607187e-07,1.0,0.0074348754554462715,0.008123512008092866,0.0005057996148289741,0.8925925925925927,0.8555555555555555,0.018049619157053654,0.39396010313447455,0.3803087038878467,0.0063724333775802096,1,1,1,0
03_rough_h0p008_spacing0p45:0054,03_rough_h0p008_spacing0p45,26.38299999999996,26.78299999999996,0.27832140860121496,0.27832140860121496,0.28477026511291087,0.004597270814283335,1.0,2.270970662398707,2.270970662398707,2.4919157529908964,0.17176484834652786,0.0,0.0002212388276055222,0.0002762410941555653,0.0005132189984068393,0.00022162908663479042,0.0,-0.0002090285161102438,0.0004831929257648252,0.0013385521698947307,0.0006024395450111827,0.0,-0.0003482726624129616,0.0005310502261917123,0.0016953094287583963,0.000686642358088276,0.0,0.2999999999913072,2.095190118266963e-11,0.000245267085620637,0.021678591390092233,0.00048319292576482517,0.012298991291014784,0.006335355965244609,0.0038798845977293817,8.947020435811204e-08,1.0,0.007426375767149935,0.008455999585113045,0.0006056451191593415,0.8925925925925927,0.8555555555555555,0.01888525745775107,0.39835242298511314,0.3803087038878467,0.008897222381909951,1,1,1,0
03_rough_h0p008_spacing0p45:0055,03_rough_h0p008_spacing0p45,26.582999999999963,26.98299999999996,0.27779175474127277,0.27779175474127277,0.2873504464328553,0.006910691009181074,1.0,2.2980786980192183,2.2980786980192183,2.641555354456303,0.26962964875166967,0.0,0.0007395036917334598,0.0007945059582835029,0.010617525370433537,0.0022747561015044084,0.0,-0.00034103603173344277,0.0004725496001116642,0.0013809435803004487,0.0005445492213235043,0.0,-0.00047145986183881296,0.0005948480144643454,0.0016532568345971673,0.0006340356234410623,0.0,0.2999999999877634,1.9881532317902808e-11,0.0008106701456018989,0.022208245249016073,0.0004725495944087237,1.3038222396425672,1.1255055744222855,0.019382339112803605,0.019500288492285762,1.0,0.007354467659895859,0.008455999585113045,0.0008469233550604563,0.8842592592592591,0.8333333333333334,0.030667583632739238,0.3983245390849495,0.3854977457795867,0.007915436070605419,1,1,1,0
03_rough_h0p008_spacing0p45:0056,03_rough_h0p008_spacing0p45,26.78299999999996,27.182999999999957,0.2802506906522349,0.2802506906522349,0.292295987225248,0.008284552334210334,1.0,2.3534109442145574,2.3534109442145574,2.641555354456303,0.2514761678303182,0.0,0.0013694308677434765,0.0013694308677434765,0.010617525370433537,0.003025838122256014,0.0,-0.0005287398011763592,0.0008601379761241404,0.0013809435803004487,0.000758045525782945,0.0,-0.0008290421898113489,0.0010609128675802583,0.0016532568345971673,0.0007854188407397353,0.0,0.29999999999090643,1.9853065060861132e-11,0.0011210926055056484,0.0197493093430184,0.0008601379632038014,1.8285095591062797,1.4673878625549477,0.1889289246185769,0.03545551909504358,1.0,0.00720359829376669,0.008300570467424696,0.0007240698909878592,0.8981481481481483,0.8333333333333334,0.042269304483382696,0.3943066274761866,0.3854977457795867,0.005435820698551945,1,1,1,0
03_rough_h0p008_spacing0p45:0057,03_rough_h0p008_spacing0p45,26.98299999999996,27.38299999999996,0.2804645204618295,0.2804645204618295,0.292295987225248,0.00841495630115555,1.0,2.289372487494932,2.289372487494932,2.5630698993022074,0.15575356179003935,0.0,0.0008337901133774129,0.0009792110600655244,0.010249707802275425,0.0022254440868520733,0.0,-0.00024592971477122196,0.0008775127471604918,0.0014024792397357795,0.00093006397098152,0.0,-0.0005432914731238794,0.0010708997095788984,0.001609624581817333,0.0010105573543895692,0.0,0.2999999999911329,2.778973632407892e-11,0.00139629944772774,0.01953547953121054,0.000877512736968265,9.968705130950838,9.718673541835216,0.2659870257902349,0.028095867156335507,1.0,0.007402987380075257,0.007715235828493736,0.0003546386972189948,0.9194444444444444,0.8944444444444445,0.021215628217388156,0.3892045450169426,0.3784950400552563,0.008274144861170427,1,1,1,0
03_rough_h0p008_spacing0p45:0058,03_rough_h0p008_spacing0p45,27.182999999999957,27.582999999999956,0.2808288221431235,0.2808288221431235,0.291557314615185,0.008289897391261994,1.0,2.365916626732401,2.365916626732401,2.5750934346958934,0.14274362031128157,0.0,-0.002327864897831624,0.0031779461486397633,0.009260668259077887,0.003763030038010576,0.0,0.00020450347960053366,0.0007457885159102861,0.001502391531420994,0.000913783295801102,0.0,0.0022086004117565917,0.002908782774893686,0.008330951630553361,0.0033911931044828736,0.0,0.2999999999885927,3.0442884680362624e-11,0.00374495184966446,0.019171177843201437,0.0007457885124600546,9.922299948702332,9.674919598709614,0.08633620664180391,0.021294573207467728,1.0,0.007123015733209361,0.007715235828493736,0.0003609277052090933,0.9111111111111111,0.8888888888888888,0.01603750747748962,0.37216647839564104,0.3563600359345799,0.010188571867231834,1,1,1,0
03_rough_h0p008_spacing0p45:0059,03_rough_h0p008_spacing0p45,27.38299999999996,27.78299999999996,0.2814075692421596,0.2814075692421596,0.291557314615185,0.006858987016073819,1.0,2.3144280229133343,2.3144280229133343,2.5750934346958934,0.20512830286285508,0.0,-0.003368027922150967,0.003971469421255322,0.010127745354999886,0.004211827808208998,0.0,-0.00037261393599983265,0.0010497500741342624,0.003034811976679364,0.0014186639637893124,0.0,0.0032875751444297967,0.004513237357657344,0.008937500622368914,0.004518257443155252,0.0,0.29999999999368754,2.449322795865345e-11,0.004855438344008556,0.018592430750174253,0.0010497500742936792,1.6956739038757913,1.5137412867288733,0.1813406345504479,0.0169773650330871,1.0,0.00736976095063815,0.008562836299116961,0.0007017623387737045,0.9111111111111111,0.8777777777777778,0.02127615795014087,0.3618939151840021,0.3563600359345799,0.004325741810892909,1,1,1,0
03_rough_h0p008_spacing0p45:0060,03_rough_h0p008_spacing0p45,27.582999999999956,27.982999999999954,0.282735766764821,0.282735766764821,0.29365108138073615,0.00639192090314974,1.0,2.4058094683219355,2.4058094683219355,3.0031950873428164,0.34591901583983475,0.16666666666666666,-0.0007843755159435875,0.0011947317276794266,0.010127745354999886,0.0030384272578464393,0.0,-0.0008490771253302702,0.001052770544605634,0.003034811976679364,0.0011347461396496584,0.0,0.0005354756499570248,0.002498254573782636,0.008937500622368914,0.003947004838213635,0.0,0.2999999999930847,2.186854685941141e-11,0.002237404149101725,0.017264233229263518,0.0010527705382564869,1.4679570448655028,1.425643510321031,0.005593252770682356,0.007823467534320037,1.0,0.007155382823223418,0.008562836299116961,0.001069090813059213,0.8944444444444445,0.8666666666666667,0.02625453125695894,0.3547052585737156,0.34423249069624706,0.007706929778098252,1,1,1,0
03_rough_h0p008_spacing0p45:0061,03_rough_h0p008_spacing0p45,27.78299999999996,28.182999999999957,0.2843755924750407,0.2843755924750407,0.29365108138073615,0.005351749221136536,1.0,2.581261455850955,2.581261455850955,3.0031950873428164,0.23361946902599626,0.16666666666666666,0.00026356630083793233,0.00026356630083793233,0.0006154092245821741,0.0001710451708517169,0.0,-0.0003408613894217193,0.0006766987276577603,0.001281502361640493,0.0006870153074473731,0.0,-0.0006281907605630714,0.0007225575670813264,0.001472410676797444,0.0006398660372111733,0.0,0.2999999999913072,2.0951901182669614e-11,0.00028402185754550127,0.015624407516266535,0.0006766987206737932,0.015228957232813659,0.005966997539234751,0.005064093872538388,1.221426317798624e-07,1.0,0.006531992988576367,0.007567155524612916,0.0006888193383780759,0.8777777777777778,0.85,0.018425693279752228,0.35408629955486753,0.34360520660642174,0.010572103285828662,1,1,1,0
03_rough_h0p008_spacing0p45:0062,03_rough_h0p008_spacing0p45,27.982999999999954,28.382999999999953,0.2843260544772836,0.2843260544772836,0.29105630782617464,0.004643103080547542,1.0,2.545671487181696,2.545671487181696,2.92247362794349,0.2114624479498106,0.0,0.0008020476441772664,0.0008272653229674012,0.012896071197570686,0.002780662381292248,0.0,3.3333288523826705e-05,0.0007687486411306707,0.0014749575292881823,0.0008810268277444606,0.0,-7.980032541700975e-05,0.0007315419550041416,0.001472410676797444,0.0008681382888297438,0.0,0.29999999998700844,1.9118609829186027e-11,0.0007930050264172657,0.015673945513172062,0.0007687486388589836,0.8179021215638429,0.7673810901630833,0.005058145467560551,0.016165205509203157,1.0,0.00663632401290713,0.007695771615521121,0.0006215107171323899,0.8777777777777777,0.8277777777777777,0.027857029801244843,0.37012766519537726,0.34360520660642174,0.014670928897760773,1,1,1,0
03_rough_h0p008_spacing0p45:0063,03_rough_h0p008_spacing0p45,28.182999999999957,28.582999999999956,0.2806514883631291,0.2806514883631291,0.29105630782617464,0.006201168945121263,1.0,2.463683474375695,2.463683474375695,2.92247362794349,0.23537914207770827,0.0,0.0008031507476576466,0.0008283684264477814,0.012896071197570686,0.00278057991374797,0.0,3.6295687797408e-05,0.0006293523112635673,0.0014749575292881823,0.0007638156268830032,0.0,-8.829787461140897e-05,0.0007059222554257705,0.0013697600894142252,0.0007829025707270899,0.0,0.2999999999914804,1.8480943271452607e-11,0.0007793016107803913,0.01934851163258649,0.0006293523033342163,1.3617921133373558,1.0744002128710946,0.1973676189981406,0.03543971352603915,1.0,0.006807432265244301,0.007695771615521121,0.0006194153013623906,0.8865079365079367,0.8277777777777777,0.02830564206369367,0.3817986840821718,0.3596051932678717,0.010610762598813283,1,1,1,0
03_rough_h0p008_spacing0p45:0064,03_rough_h0p008_spacing0p45,28.382999999999953,28.78299999999995,0.27546395068094626,0.27546395068094626,0.28866975087739305,0.008233902209597282,1.0,2.244382068917767,2.244382068917767,2.3863208315429434,0.1839318108443851,0.0,0.00024262617239483478,0.000245477750122532,0.0006839522806745142,0.0001749195405333506,0.0,0.0001652167850122901,0.0004942667780191951,0.0012475822770704702,0.0006105521785211189,0.0,-9.78907048914015e-05,0.0005147236223264038,0.0011070685549582427,0.0006499808096176386,0.0,0.2999999999937675,2.0416716750286213e-11,0.0005099217578173381,0.024536049316408723,0.000494266777947078,1.3752377983487003,1.1848193874355821,0.6734701440062612,0.019275720107193993,1.0,0.007443216312517462,0.00875430043230539,0.0006138284048101949,0.9083333333333333,0.8777777777777778,0.020222527470223652,0.3951565825854313,0.3786971610096052,0.012561153256685102,1,1,1,0
03_rough_h0p008_spacing0p45:0065,03_rough_h0p008_spacing0p45,28.582999999999956,28.982999999999954,0.2766245937743255,0.2766245937743255,0.28866975087739305,0.009551378496646527,1.0,2.2679431463012607,2.2679431463012607,2.6675559115871863,0.2438978345428166,0.0,-0.001831375675554824,0.0029541141313011417,0.035087074532748765,0.007902289153854356,0.0,0.0006834069478941107,0.0006834069478941107,0.0016425478738680197,0.000560578797201201,0.0,0.0014790181910644435,0.0015174224582076793,0.005920640669264563,0.002101095581118319,0.0,0.2999999999847014,3.063076857683765e-11,0.002257484210609511,0.023375406211517357,0.0006834069744132584,1.1815920603567363,1.0572280755358086,0.09749471477737427,0.01331480521429539,1.0,0.007413712333830448,0.00875430043230539,0.0007303654034358217,0.9148148148148149,0.8833333333333333,0.019685455208767876,0.39955626430309543,0.3846280631222316,0.011834817029342555,1,1,1,0
03_rough_h0p008_spacing0p45:0066,03_rough_h0p008_spacing0p45,28.78299999999995,29.18299999999995,0.27221601345990065,0.27221601345990065,0.2852398152539048,0.011385540887266928,1.0,2.0836450214202538,2.0836450214202538,2.6675559115871863,0.3325530371410619,0.0,-0.0016343523460460162,0.007626092457219151,0.04946984835734438,0.014244920422944632,0.0,0.0006178233060536586,0.001762021096934194,0.004455105755295837,0.0023276540121845613,0.0,0.0043133045084481,0.005630317033224999,0.014625958237718496,0.005937869587012358,0.0,0.2999999999903391,3.038025671487095e-11,0.0058207738193006816,0.027783986530253418,0.0017620211138513362,1.8235078453813773,1.5368874369407717,0.07739856487504215,0.029238884062848858,1.0,0.00813604263688278,0.009294979090495634,0.001184004042545694,0.9175925925925927,0.8833333333333333,0.02387740177449562,0.4102120000533563,0.3846280631222316,0.019855940948385612,1,1,1,0
03_rough_h0p008_spacing0p45:0067,03_rough_h0p008_spacing0p45,28.982999999999954,29.382999999999953,0.2714658508228924,0.2714658508228924,0.2790142875344676,0.00993670440843583,1.0,1.9948473686925778,1.9948473686925778,2.2848575304600542,0.22026314672169114,0.0,0.0004778745119144684,0.004955681086051368,0.04946984835734438,0.011818185716726382,0.0,0.0006049136658381732,0.0017491114567187085,0.004455105755295837,0.002291818708254251,0.0,0.0032137670576945668,0.0045113338676143365,0.014625958237718496,0.006103303443362559,0.0,0.29999999999484217,2.0541972681269567e-11,0.004144280356035481,0.028534149172548415,0.001749111467157652,1.6232346160330196,1.5083131808738137,0.010916802305097112,0.015926566390978357,1.0,0.008438258401183809,0.009294979090495634,0.000854606735669097,0.9120370370370371,0.8833333333333333,0.024724129486701277,0.42617414445109847,0.40229182003276365,0.012563706419389559,1,1,1,0
03_rough_h0p008_spacing0p45:0068,03_rough_h0p008_spacing0p45,29.18299999999995,29.58299999999995,0.27518901646737937,0.27518901646737937,0.2790142875344676,0.0022545518550384797,1.0,2.156175725036285,2.156175725036285,2.2848575304600542,0.09495135663420079,0.0,0.0003395249314170958,0.0003439791757918442,0.0007194935422492343,0.00018552416662196265,0.0,0.0009635498877276731,0.0009635498877276731,0.0019004157401836582,0.0006153094827417143,0.0,0.000634632102735236,0.0006630459742700911,0.0016428014473098326,0.0006203276193411938,0.0,0.29999999999112736,2.023452630521952e-11,0.0003359873930085256,0.02481098352375023,0.0009635499077686221,0.018129228156947928,0.009599374837105365,0.004356243744155606,1.3715147163618122e-06,1.0,0.007765391412163245,0.008399308622053214,0.0003852890471805624,0.9074074074074076,0.8833333333333333,0.019945054841238916,0.42379032399981714,0.41607650642744964,0.006422737637538586,1,1,1,0
03_rough_h0p008_spacing0p45:0069,03_rough_h0p008_spacing0p45,29.382999999999953,29.78299999999995,0.21868347550018885,0.21868347550018885,0.27656572818938163,0.05584538205144036,1.0,1.381385261055917,1.381385261055917,2.2109752482337393,0.7408098321315363,0.0,0.023265542638403816,0.023269996882778567,0.252102487675703,0.05380454420131712,0.05,0.17272926707851666,0.17272926707851666,0.34885858423448846,0.17150076715477022,0.5,0.16188709153537884,0.16191550540691368,0.32930023683814896,0.1610166392130267,0.5,0.23999999999528288,0.17499999996433263,0.14717151230321815,0.021316524493345815,0.0035163216191595992,1.1823521671420105,1.1183584542383402,0.026098240647620532,7.304503178605344e-08,1.0,0.012322400242690759,0.019527754033006682,0.0047976271675428716,0.8629629629629628,0.7444444444444445,0.06717910054524832,0.44506714568729205,0.41607650642744964,0.03051708975384247,1,1,1,0
03_rough_h0p008_spacing0p45:0070,03_rough_h0p008_spacing0p45,29.58299999999995,29.982999999999947,0.16379142088057527,0.16379142088057527,0.18180840350483962,0.012370319693420326,1.0,0.5898119393447138,0.5898119393447138,0.8132893671256617,0.10612123763655787,0.0,0.03767531003632585,0.03767531003632585,0.252102487675703,0.04942396372555262,0.05,0.343084653332897,0.343084653332897,0.34885858423448846,0.0026983880770203904,1.0,0.3176592235996694,0.3176592235996694,0.32930023683814896,0.006307709564258684,1.0,0.17999999999653848,0.34999999992354114,0.30751408840801303,0.01681138028454594,0.006915346600754803,1.1832895097769547,1.1098058705403049,0.005915435316151251,8.483167630275314e-08,1.0,0.01843573385717345,0.02123927411619021,0.002593671093005216,0.7972222222222222,0.7444444444444445,0.04476159987137709,0.4816562010093084,0.4447000637752256,0.02256024127152662,1,1,1,0
03_rough_h0p008_spacing0p45:0071,03_rough_h0p008_spacing0p45,29.78299999999995,30.18299999999995,0.17372290452385317,0.17372290452385317,0.1987365764931399,0.017579496365918906,1.0,0.5063195786834137,0.5063195786834137,0.5705544179228239,0.042644908558615885,0.0,0.013610061828417456,0.015936609485685323,0.030801419266175856,0.015989753376729154,0.0,0.3420809569442729,0.3420809569442729,0.34293122236693857,0.0007091635181177297,1.0,0.3286794129768002,0.3286794129768002,0.35025047694945266,0.016469674384837853,1.0,0.1799999999886892,0.3499999999306465,0.3353589722297271,0.015077303589157784,0.007919042992900301,0.7931857116719432,0.6596788105992071,0.20853097957131395,0.011711012520217608,1.0,0.02250542118467974,0.026358156854572833,0.0026057737697875814,0.7972222222222222,0.7666666666666667,0.020725027116295706,0.49166143302401294,0.47804381083142183,0.00969565537694085,1,1,1,0
03_rough_h0p008_spacing0p45:0072,03_rough_h0p008_spacing0p45,29.982999999999947,30.382999999999946,0.20100479736830942,0.20100479736830942,0.23786094590358817,0.02335958682828511,1.0,0.5033141467609935,0.5033141467609935,0.5889032675998135,0.042732725125551,0.0,0.001399162411085128,0.005549772061419553,0.026659006483244763,0.009090429335183135,0.0,0.3408949500553391,0.3408949500553391,0.3427663696174373,0.0026298853715640332,1.0,0.33998048675385134,0.33998048675385134,0.3552001255157232,0.01284875732965753,1.0,0.17999999999433802,0.34999999994037095,0.34748728857931244,0.026214280071468574,0.009105049892799639,1.3271496417075526,1.0459094040652805,0.060618051672419904,0.023473004153836675,1.0,0.02615334345819542,0.03071967626167147,0.002296834450802202,0.8175925925925925,0.8,0.010352166562499019,0.4959042722916132,0.4872844731541064,0.009216777490642942,1,1,1,0
03_rough_h0p008_spacing0p45:0073,03_rough_h0p008_spacing0p45,30.18299999999995,30.58299999999995,0.2314444471649902,0.2314444471649902,0.2635088570771749,0.019436201208714646,1.0,0.5368796762736968,0.5368796762736968,0.604950990234524,0.04647580264753096,0.0,0.012543611860285356,0.014367673853351911,0.031026907884807997,0.013113672776733386,0.0,0.34135775352955783,0.34135775352955783,0.34668511860134343,0.003419705002210814,1.0,0.32876773038045287,0.32876773038045287,0.3552001255157232,0.014074128784947279,1.0,0.17999999999915084,0.3499999999462295,0.33746511723795536,0.051444447165321816,0.0086422464189329,1.2960781440100617,1.1631348707099989,0.21631199937297216,0.011763057211158645,1.0,0.028335903884268886,0.03071967626167147,0.002013244654830024,0.8296296296296295,0.8166666666666667,0.010955703302036334,0.5108228837539309,0.48932762116945294,0.014606885536989496,1,1,1,0
03_rough_h0p008_spacing0p45:0074,03_rough_h0p008_spacing0p45,30.382999999999946,30.782999999999944,0.23760845852030701,0.23760845852030701,0.2635088570771749,0.015659414703330005,1.0,0.5271201252022193,0.5271201252022193,0.604950990234524,0.03964654690814194,0.0,0.025552679278143087,0.025552679278143087,0.031107751374880976,0.008899183742707827,0.0,0.34498709159974955,0.34498709159974955,0.3488883949560375,0.0028333907013868183,1.0,0.3192294230823627,0.3192294230823627,0.3323317372118381,0.006052920784863374,1.0,0.17999999999398497,0.34999999993355024,0.32447213725986396,0.05760845852611481,0.005012908334924157,0.7396246802409534,0.7146611890122013,0.01676768511331294,1.0864959510716305e-06,1.0,0.02959548240008424,0.03061004079342513,0.0008138818887740053,0.8425925925925926,0.8222222222222222,0.019422386077225032,0.5340893890875472,0.5066303736926536,0.020833920703168394,1,1,1,0
03_rough_h0p008_spacing0p45:0075,03_rough_h0p008_spacing0p45,30.58299999999995,30.982999999999947,0.2329791047747173,0.2329791047747173,0.27349856703996206,0.02388345853699208,1.0,0.49631297188183426,0.49631297188183426,0.5609878965943533,0.04702586541017081,0.0,0.03076697954437438,0.03076697954437438,0.031107751374880976,0.0001945108415001402,0.0,0.34760744605778854,0.34760744605778854,0.3510122562415961,0.002060288400926424,1.0,0.31684499307829656,0.31684499307829656,0.3204572787726561,0.0021202754898519446,1.0,0.17999999999462446,0.3499999999324571,0.31922010759180514,0.05297910478011061,0.0027299726444423404,0.058232146590430446,0.009948478397035072,0.007434369259322074,1.0973212877647364e-07,1.0,0.03080304059610374,0.032007328619165054,0.0009578353562539132,0.8592592592592592,0.8222222222222222,0.019685455208767882,0.5582094733554586,0.5239874163892814,0.01939836242010662,1,1,1,0
03_rough_h0p008_spacing0p45:0076,03_rough_h0p008_spacing0p45,30.782999999999944,31.182999999999943,0.20966958817108447,0.20966958817108447,0.27349856703996206,0.03325809480621749,1.0,0.44043754547051145,0.44043754547051145,0.5609878965943533,0.06526407428131449,0.0,0.02987176282761487,0.02987176282761487,0.031112885319478534,0.002469609961905243,0.0,0.3506509633676937,0.3506509633676937,0.35682901515579746,0.0034301759241029644,1.0,0.3206143332452581,0.3206143332452581,0.3306720818064813,0.004901528452819719,1.0,0.17999999999483762,0.3499999999339146,0.3199715017657546,0.03078319818751109,0.0026165136146719566,0.05720994761946064,0.010944468935464923,0.00807374565306123,5.2530368658851574e-08,1.0,0.031227441521203977,0.03262498918142601,0.0010658593304600972,0.8592592592592592,0.8222222222222222,0.018049619157053654,0.580465893968915,0.5505626572455405,0.01681282154336859,1,1,1,0
03_rough_h0p008_spacing0p45:0077,03_rough_h0p008_spacing0p45,30.982999999999947,31.382999999999946,0.1690811678319837,0.1690811678319837,0.20313836330314805,0.02999308289021837,1.0,0.34637843126873236,0.34637843126873236,0.41443663815604864,0.07022152145294769,0.0,0.01678274975011447,0.017186643257120673,0.031112885319478534,0.013235645801468335,0.0,0.3529174742955372,0.3529174742955372,0.35682901515579746,0.0024252049638214543,1.0,0.33574555902645603,0.33574555902645603,0.3547825845724896,0.013405451407791084,1.0,0.17999999999435023,0.3499999999450909,0.33277705532623886,0.024475889948310126,0.0029174743513069273,0.05584737344362679,0.015783815065150475,0.014281917046786764,5.7887129178917796e-08,1.0,0.03228902442643542,0.034386706239213284,0.0018640489809292262,0.8564814814814814,0.8222222222222222,0.016794775136312112,0.5956730756898715,0.5838809702033333,0.008234137213968378,1,1,1,0
03_rough_h0p008_spacing0p45:0078,03_rough_h0p008_spacing0p45,31.182999999999943,31.58299999999994,0.10526471879785816,0.1529975706906324,0.20313836330314805,0.11548432400205787,1.0,0.2194728107272587,0.3105092161891098,0.3888123008502597,0.2274353399139726,0.0,-0.016146918275157775,0.021400829737158806,0.324108994453668,0.07127992070063881,0.05,0.02905889923387897,0.32384599114297885,0.3545722891765106,0.3254627747769545,1.0,0.0730714541919212,0.2877020275725633,0.3547825845724896,0.30051120401729264,0.8333333333333334,0.17999999999249394,0.34999999993028796,0.32999737248311056,0.08569274418846035,0.012309023631590083,0.8239383939732707,0.772138500576355,0.015116914809304341,7.06190656211161e-08,1.0,0.03240320100460594,0.034447882852549544,0.0028262677723479637,0.8527777777777777,0.8055555555555556,0.022395160411940413,0.5879033425477228,0.5664316251390319,0.013583185040214543,1,0,0,0
03_rough_h0p008_spacing0p45:0079,03_rough_h0p008_spacing0p45,31.382999999999946,31.782999999999944,0.023050419321663684,0.09856752089375424,0.18973402566413347,0.11225888857049164,0.5,0.06093688207870732,0.20456436380035212,0.3864876429285992,0.23183880062249063,0.0,-0.018153524609295507,0.018990329896014867,0.324108994453668,0.07056665583299389,0.05,-0.312972355324441,0.312972355324441,0.35225037326927217,0.038147239964024804,1.0,-0.26675835220808536,0.27955737043008133,0.3514805280190761,0.13787651442392512,0.8333333333333334,0.17999999999196215,0.3499999999290751,0.33288941189254445,0.16019425589445366,0.020277769025987293,0.82440754532857,0.7697437700593194,0.008564236899927496,9.29227008086075e-08,1.0,0.03250680568497222,0.03493645498713594,0.0028814329953096842,0.8453703703703703,0.8055555555555556,0.02039140328291224,0.5663050782157343,0.5491380007547157,0.012498897257733205,1,0,0,0
03_rough_h0p008_spacing0p45:0080,03_rough_h0p008_spacing0p45,31.58299999999994,31.98299999999994,-0.022019151034930507,0.05487019132367147,0.08382965936746606,0.05354453527490334,0.16666666666666666,-0.04208373707005012,0.1070631500916141,0.1664965277221278,0.1050472493698127,0.0,0.0005777971408890386,0.0005777971408890386,0.001087131640941208,0.00019157330105784316,0.0,-0.3313505012348801,0.3313505012348801,0.34750244205932795,0.012020291405220726,1.0,-0.33185785915360516,0.33185785915360516,0.34802078507881623,0.012037848537379688,1.0,0.17999999999259275,0.3499999999512568,0.35055599686380323,0.202019151027524,0.018649498716494392,0.06696940784665799,0.008600446877343178,0.006167628866257841,1.1665677382557565e-07,1.0,0.03373530355835414,0.03493645498713594,0.0006829999207505803,0.8472222222222222,0.8277777777777777,0.011893733869134367,0.545390867772764,0.5315866652739599,0.010924180542831553,1,1,1,1
03_rough_h0p008_spacing0p45:0081,03_rough_h0p008_spacing0p45,31.782999999999944,32.18299999999994,-0.015976171556800686,0.03855924034714984,0.08382965936746606,0.04550325012280085,0.16666666666666666,-0.03098057449652843,0.075844149493282,0.1664965277221278,0.08976073375834805,0.0,0.0004904914161131257,0.0004904914161131257,0.001087131640941208,0.00022499748014821272,0.0,-0.33464141758920035,0.33464141758920035,0.34750244205932795,0.008812155604811751,1.0,-0.33506596144318584,0.33506596144318584,0.34802078507881623,0.008839146885088838,1.0,0.179999999992706,0.349999999949583,0.3505008595986371,0.1959761715495126,0.015358582360352153,0.06602382532377106,0.011171319491241968,0.006240322677075177,9.892165953554832e-08,1.0,0.03352340195946303,0.034941203735470154,0.0008996367858660398,0.850925925925926,0.8277777777777777,0.011748682907823655,0.5250444284217158,0.5071903763757284,0.011311166081602892,1,1,1,1
03_rough_h0p008_spacing0p45:0082,03_rough_h0p008_spacing0p45,31.98299999999994,32.38299999999994,-0.008704205934075768,0.025202508776462736,0.06364450935251093,0.030389999484640797,0.0,-0.015728888017883687,0.05123447827444561,0.12509375708321827,0.061757316702386066,0.0,0.00047933961937645097,0.00047933961937645097,0.0007806969967131816,0.00020345432606068428,0.0,-0.3354867205583174,0.3354867205583174,0.33845698968104104,0.004627592818436701,1.0,-0.33584539331306695,0.33584539331306695,0.3388958420985901,0.004591267649971318,1.0,0.17999999999281924,0.3499999999473169,0.35049742964313885,0.18870420592688797,0.014513279389149461,0.0645502894574097,0.01042672412184802,0.005616477702074803,8.581418644795294e-08,1.0,0.032582451964913856,0.034941203735470154,0.0017143017175083831,0.8509259259259259,0.8333333333333334,0.012593954174755048,0.5036569583324421,0.4792379945784597,0.016221179241519793,1,1,1,1
03_rough_h0p008_spacing0p45:0083,03_rough_h0p008_spacing0p45,32.18299999999994,32.58299999999994,-0.020226809367355342,0.0317914972911813,0.06773099308087699,0.03555550949147177,0.0,-0.039923031696502444,0.06561627866263528,0.13974251561391393,0.07325709815873489,0.0,0.0005056617459968827,0.0005056617459968827,0.0008314376201476459,0.00018801818474951793,0.0,-0.3327644229989288,0.3327644229989288,0.33845698968104104,0.00649066877501032,1.0,-0.3331784116336535,0.3331784116336535,0.33872218315843033,0.0064352004217438155,1.0,0.17999999999289473,0.34999999994510794,0.35050318081773785,0.20022680936022674,0.017235576946412635,0.06436850139374228,0.008360445579315288,0.005709782962993421,8.716956924527263e-08,1.0,0.030600034253419783,0.03341656690909292,0.0018866623210534103,0.8416666666666667,0.8166666666666667,0.015957118462605637,0.4754502511951983,0.4454410900847763,0.02144320332012037,1,1,1,1
03_rough_h0p008_spacing0p45:0084,03_rough_h0p008_spacing0p45,32.38299999999994,32.78299999999994,-0.00080076688597062,0.02672034655843174,0.06773099308087699,0.03530472019687547,0.0,-0.000518897762467214,0.05754213375199496,0.13974251561391393,0.07461094185234131,0.0,0.00045348427268355194,0.00045348427268355194,0.0008314376201476459,0.00015236780928091243,0.0,-0.33731999143700614,0.33731999143700614,0.3463782655242869,0.007740311794901879,1.0,-0.3378036198728905,0.3378036198728905,0.3468905526908846,0.007728762530540947,1.0,0.1799999999930879,0.34999999994398057,0.3504841503176463,0.1808007668790378,0.012680008507080816,0.0662764261286728,0.008123945909732802,0.004603662625404709,8.466764901341366e-08,1.0,0.029420764398286215,0.03181848975052216,0.001638207340333457,0.8398148148148148,0.8166666666666667,0.012178654109227681,0.42984234016221995,0.3898535020765287,0.030761507484706907,1,1,1,1
03_rough_h0p008_spacing0p45:0085,03_rough_h0p008_spacing0p45,32.58299999999994,32.98299999999994,0.02012425712904037,0.024632349291233844,0.04487427235231356,0.021287541447036564,0.0,0.0452080741221532,0.05564451497247045,0.10669822071818709,0.04849515431011173,0.0,0.0004027294454253177,0.0004027294454253177,0.0006559037248266564,0.00015377369708155614,0.0,-0.34172046827983965,0.34172046827983965,0.3463782655242869,0.003659427087834194,1.0,-0.3421344811433998,0.3421344811433998,0.3468905526908846,0.0036450107282390808,1.0,0.17999999999327887,0.3499999999420904,0.3504610627113626,0.15987574286426368,0.008279531662425317,0.06845255958181216,0.008939058725365122,0.00576352762273423,7.78366686554778e-08,1.0,0.02899625685539291,0.03152696198302724,0.0014210531229793576,0.8481481481481481,0.8388888888888889,0.00692899516069246,0.3930742318883218,0.37194197182076244,0.013987851474904911,1,1,1,1
03_rough_h0p008_spacing0p45:0086,03_rough_h0p008_spacing0p45,32.78299999999994,33.182999999999936,0.0216093378953177,0.022138227785771816,0.04487427235231356,0.013756790452882618,0.0,0.050817653629510344,0.05203792012011372,0.10669822071818709,0.03282046857428441,0.0,0.00039309193865370016,0.00040855275711525473,0.0007582501769815009,0.0002220667272522141,0.0,-0.3407113941917339,0.3407113941917339,0.34450164973809466,0.002622384205685371,1.0,-0.3411433485833409,0.3411433485833409,0.34474776795392414,0.0025120174043142466,1.0,0.179999999993381,0.3499999999397446,0.35039842484718575,0.15839066209806626,0.00928860574829927,0.06751210250134276,0.009440098239411398,0.008218965250384704,7.853631774855213e-08,1.0,0.0281325843699733,0.030272420595820252,0.0010906837960386136,0.862962962962963,0.85,0.01593023197600489,0.38151700012693746,0.37194197182076244,0.008478274061820673,1,1,1,1
03_rough_h0p008_spacing0p45:0087,03_rough_h0p008_spacing0p45,32.98299999999994,33.38299999999994,0.010995806990824393,0.02404842685970403,0.0351583046733841,0.023772882378134602,0.0,0.013796671538183064,0.07052759567892407,0.1188166283773831,0.07350499623699783,0.0,0.026347170285309095,0.026417145940192333,0.3434427262611616,0.08253148362378068,0.1,-0.2277713257702175,0.2277713257702175,0.34351998386649524,0.1602146403420307,0.6666666666666666,-0.22805018328663684,0.22805018328663684,0.34381249123341007,0.1604483494529082,0.6666666666666666,0.09900000000326425,0.19249999997968578,0.22304211296225357,0.10900419300574883,0.006369356051172893,1.3032053020158163,1.2269610425038073,0.01721041804984314,7.280818838154167e-08,1.0,0.022121892892379175,0.028271153416482304,0.008421943915076736,0.8962962962962964,0.85,0.04699473163129453,0.3814109953517419,0.37179482959366267,0.007580941205253998,1,0,1,1
04_external_impact_y12N_t0p25:0000,04_external_impact_y12N_t0p25,27.925,28.325,0.30997472972970813,0.30997472972970813,0.35124698588886183,0.019724209587547385,1.0,2.341129639951838,2.341129639951838,4.354955517736048,0.9514758377567561,0.16666666666666666,-2.7873394237885375e-05,0.00012336092813476564,0.0003359852483524157,0.0001533329665503811,0.0,-0.0002773082434976582,0.00043124390724312973,0.0006826075743923897,0.00037719945908364094,0.0,-0.0003633902651242178,0.0005086094766513085,0.0007127829983835614,0.00038763453016007495,0.0,0.31499999997928285,5.725956737100773e-18,0.00015169951482963773,0.04044093223683931,0.0004312439072431436,2.1615331272422664,1.9587802702622037,0.007938626751572942,4.4138177895551476e-05,1.0,0.008995513267882099,0.011205655343738095,0.002514894298671453,0.9166666666666666,0.8722222222222222,0.04182070292828228,0.5581245976636121,0.5353777213245835,0.015763797144427882,0,1,1,0
04_external_impact_y12N_t0p25:0001,04_external_impact_y12N_t0p25,28.125,28.525,0.29663056112261604,0.29663056112261604,0.30888589258738247,0.005823540202870614,1.0,1.8033204002440186,1.8033204002440186,2.0098448741504833,0.133789380571025,0.0,6.154902849764046e-06,0.00013288017407239334,0.0003101170596233978,0.00016087461946522698,0.0,-0.0003714160379156573,0.0005634775313646611,0.0012150010772496542,0.0005585895236875807,0.0,-0.0004470667667357938,0.0005922859782628847,0.0015250101127645866,0.000619743137390652,0.0,0.3499999999903247,0.0,0.00013047685319513683,0.05336943886770878,0.0005634775313646611,0.015427511061274362,0.006964666475742472,0.0053487116931031494,7.386614299336161e-08,1.0,0.010392760247363676,0.011502165310072887,0.00073195824658976,0.8990740740740741,0.8444444444444444,0.02947005641266583,0.5407586632908853,0.5353777213245835,0.006017122860225805,1,1,1,0
04_external_impact_y12N_t0p25:0002,04_external_impact_y12N_t0p25,28.325,28.724999999999998,0.29584140104796613,0.29584140104796613,0.30394562796696134,0.003912544326896097,1.0,1.794325108961954,1.794325108961954,2.0098448741504833,0.14296959858962924,0.0,8.156543407414529e-05,0.00012993199870923834,0.0003101170596233978,0.0001383405232632691,0.0,-0.000814356815740528,0.0008524826454440601,0.0016451170078609627,0.0006001756548770511,0.0,-0.0008908219658802261,0.0008908219658802261,0.0016919440412491583,0.0006229172214409619,0.0,0.3499999999903348,0.0,0.00012230150127595657,0.05415859894236963,0.0008524826454440601,0.014435723776399277,0.006478410879192663,0.004564710898880725,9.396288091154723e-08,1.0,0.010430068475511568,0.011502165310072887,0.0008094127557024457,0.9027777777777778,0.8444444444444444,0.029353458303976596,0.527731206690751,0.5005624497087768,0.013327101795838441,1,1,1,0
04_external_impact_y12N_t0p25:0003,04_external_impact_y12N_t0p25,28.525,28.924999999999997,0.30496267639376523,0.30496267639376523,0.3229105140070036,0.009945493830730432,1.0,1.957761255690737,1.957761255690737,2.439329866489005,0.24893108092885244,0.0,4.3432815638767274e-05,0.00016803408496464557,0.0004539169210048223,0.00020044695143261416,0.0,-0.0007544903229791877,0.0009871095789210128,0.0016873035843321949,0.0008430012310486912,0.0,-0.0006634608487000645,0.0009107745761514323,0.0017285220467405525,0.0009081680722825248,0.0,0.3499999999903459,0.0,0.0001626267721111028,0.04503732359658172,0.0009871095789210128,0.015447263208264327,0.007333011378221386,0.005141406259027545,1.0057761905562638e-07,1.0,0.009856068257054446,0.011234660735187977,0.000998313794497137,0.9,0.8722222222222222,0.016666666666666673,0.5077930092148218,0.48306051100319614,0.015461244888074445,1,1,1,0
04_external_impact_y12N_t0p25:0004,04_external_impact_y12N_t0p25,28.724999999999998,29.124999999999996,0.3127226893314207,0.3127226893314207,0.32887946296025095,0.009762195975544608,1.0,2.1584002726178397,2.1584002726178397,2.6260300919965642,0.2743229634163235,0.0,-7.260812172284354e-05,0.00019659875403260386,0.0004539169210048223,0.0002229459866147059,0.0,-0.00036821406982308976,0.0009396077214266204,0.0016873035843321949,0.0009455401959460904,0.0,-0.0002496905543727612,0.0007834363971242635,0.0017285220467405525,0.0008958008441220046,0.0,0.3499999999903447,0.0,0.00020026014920560966,0.037277310658923604,0.0009396077214266204,0.01434067021920216,0.006997902178580976,0.0036010039031084532,8.730606309974606e-08,1.0,0.00908779338601535,0.01015753726373051,0.0009542440645099512,0.8851851851851852,0.85,0.019422386077225042,0.49669891069845407,0.48306051100319614,0.010549553837378255,1,1,1,0
04_external_impact_y12N_t0p25:0005,04_external_impact_y12N_t0p25,28.924999999999997,29.324999999999996,0.31427737023662644,0.31427737023662644,0.32887946296025095,0.010727383124408194,1.0,2.253031999393339,2.253031999393339,2.8393111369911397,0.34976335456436775,0.0,-2.4308163599076664e-05,0.00015749700420288198,0.00042536555020591585,0.00019200959030992454,0.0,-0.00023299145791237845,0.0005717658535740839,0.0010265945638818978,0.0006495866118922516,0.0,-0.00015941684840562392,0.0005337935787455117,0.0008592963459004038,0.0005570001406933506,0.0,0.3499999999903225,0.0,0.00017769629250470115,0.035722629753695646,0.0005717658535740839,0.012982164473128308,0.006373163403940156,0.003892930673893671,6.923522567986045e-08,1.0,0.008760157165429895,0.010053931527873917,0.0011521566119565884,0.8768518518518519,0.8444444444444444,0.022318464431840657,0.4943416220861499,0.4847329808357241,0.006418341352692082,1,1,1,0
04_external_impact_y12N_t0p25:0006,04_external_impact_y12N_t0p25,29.124999999999996,29.524999999999995,0.31433966008468733,0.31433966008468733,0.328530335328552,0.008071888998948566,1.0,2.2093464312085858,2.2093464312085858,2.8393111369911397,0.3271843772163782,0.0,5.1345003683930064e-05,0.00012740478060162836,0.0003035981555312271,0.000145964770047289,0.0,-0.00028617297587288983,0.0005336906807630917,0.0010475558836693488,0.0005720744697813545,0.0,-0.00031837867204756893,0.0005863666213911223,0.0012607661056173996,0.0005951660804591116,0.0,0.3499999999903028,0.0,0.00014546730233932982,0.035660339905615186,0.0005336906807630917,0.01262668997708667,0.006502150491096502,0.004130787538183305,6.517700154137493e-08,1.0,0.008955328084557828,0.01080419512007204,0.001206165170600692,0.8824074074074074,0.8444444444444444,0.022547769744233177,0.4949894666182974,0.49027889402728375,0.003769848078430475,1,1,1,0
04_external_impact_y12N_t0p25:0007,04_external_impact_y12N_t0p25,29.324999999999996,29.724999999999994,0.31709498927399765,0.31709498927399765,0.3259578088462778,0.007049635680514312,1.0,2.260073990512945,2.260073990512945,2.754744108612361,0.30097899384802407,0.0,4.198448107089727e-07,0.00013860947174100546,0.0004398353326048178,0.00017237282554295941,0.0,-0.0002187114154385128,0.0005986524288059939,0.0010475558836693488,0.0006367414710336249,0.0,-0.00032008349195916327,0.0005213056687637985,0.0012607661056173996,0.0005882251285047114,0.0,0.3499999999903028,0.0,0.0001447460629563327,0.032905010716304854,0.0005986524288059939,0.013597453264683448,0.006414469589953594,0.005140961116488162,7.854537567080665e-08,1.0,0.008794368455560034,0.01080419512007204,0.0011469512364341958,0.8814814814814814,0.8388888888888889,0.024776089185666008,0.4937337771834352,0.4851634015996825,0.005921212071345921,1,1,1,0
04_external_impact_y12N_t0p25:0008,04_external_impact_y12N_t0p25,29.524999999999995,29.924999999999994,0.3195324034091756,0.3195324034091756,0.32869472590665344,0.0073258612782857654,1.0,2.3287568788446698,2.3287568788446698,2.754744108612361,0.2682046371920155,0.0,4.81401776962759e-06,0.0001344464644151391,0.0004398353326048178,0.0001713156587656478,0.0,-0.00017994132009140117,0.0003608614472255203,0.0007099379961115212,0.00039025372364988325,0.0,-0.00020820572250451449,0.0003119373701691264,0.0006674615120323632,0.00033581989860389925,0.0,0.3499999999903025,0.0,0.00014819095405286143,0.030467596581126938,0.0003608614472255203,0.014150120547485736,0.005715554763727435,0.004018514472934602,9.23684881316066e-08,1.0,0.008530451704558337,0.009718390624533602,0.0009029277577288625,0.8703703703703703,0.8388888888888889,0.022376011062212178,0.49403763203277146,0.4851634015996825,0.006082075922892582,1,1,1,0
04_external_impact_y12N_t0p25:0009,04_external_impact_y12N_t0p25,29.724999999999994,30.124999999999993,0.2775016892896862,0.2775016892896862,0.32869472590665344,0.06049798882987498,1.0,1.7774027747429304,1.7774027747429304,2.53432370246034,0.6638283211766163,0.0,0.015149165151763583,0.015210677704549636,0.2152800384877696,0.04651523438509893,0.05,0.07346861161364399,0.07395834862561304,0.2228612097507633,0.10437377609326834,0.3333333333333333,0.054047126701256394,0.054558701933927645,0.20588582682296888,0.08081623997843847,0.3333333333333333,0.31099999999583544,0.0659999999771641,0.048588879405974186,0.03444081860252981,0.0008669551121409766,0.8419396811075441,0.806739092098087,0.005971556785340382,1.0741294658582003e-07,1.0,0.010919872896131338,0.019582964369366115,0.003963046489984606,0.8833333333333334,0.85,0.028688765527462346,0.5037955904396655,0.4926049677631164,0.007564183205598683,1,1,1,0
04_external_impact_y12N_t0p25:0010,04_external_impact_y12N_t0p25,29.924999999999994,30.324999999999992,0.2367551891280002,0.2367551891280002,0.3149066594202784,0.0448332911266864,1.0,1.0681464564387781,1.0681464564387781,2.2137305189243746,0.51512215230685,0.0,0.02372471407956234,0.023747020870940758,0.2152800384877696,0.04447773839922058,0.05,0.18450879670856468,0.18467860681377013,0.2228612097507633,0.08275044505163012,0.8333333333333334,0.15643721007091457,0.15661724907993071,0.20588582682296888,0.07678855889126114,0.8333333333333334,0.24599999999716796,0.1759999999472867,0.14993804916316214,0.026668949704270566,0.0015872133301605069,0.8425286508907311,0.8021969490532578,0.00949925939441203,8.693344935168461e-08,1.0,0.01587419695620495,0.019582964369366115,0.004419002256931134,0.8851851851851853,0.8666666666666667,0.02456759103966962,0.5163613057681264,0.5063039161335536,0.007965892223701187,1,1,1,0
04_external_impact_y12N_t0p25:0011,04_external_impact_y12N_t0p25,30.124999999999993,30.52499999999999,0.23858417730768622,0.23858417730768622,0.2560761463514767,0.009097479832552836,1.0,0.8312285992224092,0.8312285992224092,0.9075288740803611,0.04363277968184165,0.0,0.017721013865395003,0.017721013865395003,0.018556896658614624,0.0007043362504303756,0.0,0.22261332832921377,0.22261332832921377,0.22458410784069588,0.0012176195453223822,1.0,0.20491153341121315,0.20491153341121315,0.2063504382707506,0.0010979448584590142,1.0,0.21999999999301217,0.21999999993981395,0.20230848924605072,0.018584177314677416,0.002613328389364003,0.04731264913030903,0.007620478634789222,0.00459254313786886,7.00092189630107e-08,1.0,0.0186786279709808,0.019784439930185884,0.0006902526267685021,0.8694444444444445,0.8611111111111112,0.005319039487535193,0.5323689787827705,0.5158926920902595,0.017180895529347564,1,1,1,0
04_external_impact_y12N_t0p25:0012,04_external_impact_y12N_t0p25,30.324999999999992,30.72499999999999,0.2384820893079724,0.2384820893079724,0.2560761463514767,0.008956869545909536,1.0,0.8440890750158339,0.8440890750158339,0.9075288740803611,0.04936626591712999,0.0,0.018230806030840728,0.018230806030840728,0.018556896658614624,0.00015108786395533414,0.0,0.2230403969798008,0.2230403969798008,0.22458410784069588,0.0009618760841685522,1.0,0.20495607689935338,0.20495607689935338,0.2063504382707506,0.000961982244314427,1.0,0.21999999999312347,0.21999999993904104,0.20180070979977507,0.01848208931485006,0.0030403970407540132,0.04663592725205364,0.007761857991803818,0.003718277142519155,8.324133703503444e-08,1.0,0.01838682507732987,0.019784439930185884,0.0007483892422696302,0.8675925925925926,0.8555555555555555,0.010837685102518153,0.5616936259567181,0.5158926920902595,0.024431969080077654,1,1,1,0
04_external_impact_y12N_t0p25:0013,04_external_impact_y12N_t0p25,30.52499999999999,30.92499999999999,0.23577996366583345,0.23577996366583345,0.24805140551132643,0.00863782228146348,1.0,0.8433988944445984,0.8433988944445984,0.909025596438911,0.045575946419680505,0.0,0.018204529688834865,0.018204529688834865,0.018545757493353188,0.0002011327810177156,0.0,0.2232661485661558,0.2232661485661558,0.22501574374101033,0.0009624604025015812,1.0,0.20507104699841683,0.20507104699841683,0.2067597375258526,0.0009012422261521591,1.0,0.21999999999325226,0.21999999993838065,0.201807612612666,0.015779963672583424,0.003266148627763806,0.046714893504646006,0.00733725050022492,0.004982890565678438,7.460261355330275e-08,1.0,0.018173016458775587,0.018875420965622502,0.00043087289222313387,0.8675925925925926,0.8555555555555555,0.010837685102518155,0.5992997086601729,0.569061703341519,0.020777590931765615,1,1,1,0
04_external_impact_y12N_t0p25:0014,04_external_impact_y12N_t0p25,30.72499999999999,31.12499999999999,0.2189201818346785,0.2189201818346785,0.24805140551132643,0.028234342195672422,1.0,0.8641504537746555,0.8641504537746555,1.0548260972535142,0.09660910421332138,0.0,0.004751379477392762,0.024476905135266326,0.1660249014664808,0.04051813934569786,0.05,0.14966339863813521,0.22321005834082577,0.22501574374101033,0.16560768035930581,1.0,0.13674721198667852,0.20568189965114025,0.2068040629933852,0.153643867939428,1.0,0.21999999999342018,0.21999999992329725,0.19744597817523063,0.020835435485075934,0.0032100584024574714,0.652642592355972,0.6223625212778001,0.007816077179380928,8.033040511202608e-08,1.0,0.016695114718520074,0.018454600496439048,0.0032280731601724245,0.8861111111111112,0.8611111111111112,0.0435972495073835,0.6294629507559842,0.6041872851646922,0.022285253930580333,1,0,0,0
04_external_impact_y12N_t0p25:0015,04_external_impact_y12N_t0p25,30.92499999999999,31.32499999999999,0.16322957909525407,0.16322957909525407,0.23341943475454158,0.04586401119190929,1.0,0.6540811062661164,0.6540811062661164,1.0548260972535142,0.25034334211566633,0.0,-0.004289506394209287,0.015449938116199418,0.1660249014664808,0.038474675363984474,0.05,-0.07288562851783491,0.22188986576739286,0.2246669060856269,0.20958529319429978,1.0,-0.07664813447565759,0.21355542241374817,0.22338590746853357,0.19948046601581979,1.0,0.21999999999301162,0.21999999992671335,0.20650428192470152,0.061243565817995525,0.0021316670220258007,0.652796907723936,0.621958233192336,0.009028543607443588,9.121470022329636e-08,1.0,0.017176708286220744,0.019324213014003423,0.0034689971033973234,0.8555555555555555,0.8055555555555556,0.06334307917217431,0.6305761166759706,0.5838101417188786,0.027251518191247492,1,0,0,0
04_external_impact_y12N_t0p25:0016,04_external_impact_y12N_t0p25,31.12499999999999,31.524999999999988,0.12728971586659613,0.12728971586659613,0.13878524785137503,0.010824687503690549,1.0,0.4436092882021314,0.4436092882021314,0.5239649013457136,0.05001959188284069,0.0,3.415860833519968e-05,0.00014708155021210534,0.000368668958034557,0.00018177632174569592,0.0,-0.22054951556178612,0.22054951556178612,0.2233598854569403,0.0013877515000962058,1.0,-0.22056741779351494,0.22056741779351494,0.22338590746853357,0.0014079717426494444,1.0,0.21999999999250258,0.21999999994450534,0.219955291321439,0.09271028412590204,0.001005306874149683,0.05213547566555424,0.009700236021435858,0.007017584124914083,7.675669135012847e-08,1.0,0.018713515724658347,0.019324213014003423,0.0007131897551924136,0.799074074074074,0.7722222222222223,0.01648564242107856,0.6020221288504325,0.5804524845688254,0.02538700819439877,1,1,1,0
04_external_impact_y12N_t0p25:0017,04_external_impact_y12N_t0p25,31.32499999999999,31.724999999999987,0.12806677010741402,0.12806677010741402,0.13878524785137503,0.005513402495783356,1.0,0.4567360412038499,0.4567360412038499,0.5239649013457136,0.043516816294819106,0.0,-1.4897196923904788e-05,0.0001552622740181975,0.00033888902395887155,0.0001853516691612189,0.0,-0.2197700156952993,0.2197700156952993,0.22053414393580495,0.000890097701657193,1.0,-0.2198263605765867,0.2198263605765867,0.22061551987615197,0.0009145509667448303,1.0,0.21999999999257142,0.21999999994365133,0.22000313887006867,0.09193322988515334,0.00065831662222621,0.0518115519883209,0.008513305947880037,0.0051925797792186056,6.960009532032788e-08,1.0,0.018311179024874547,0.020043304680574223,0.0011506538261339121,0.7861111111111111,0.7555555555555555,0.02047531887731108,0.5703473007828261,0.5432994133526169,0.017276580512546335,1,1,1,0
04_external_impact_y12N_t0p25:0018,04_external_impact_y12N_t0p25,31.524999999999988,31.924999999999986,0.12868580640307314,0.12868580640307314,0.149866682664766,0.01163502161914081,1.0,0.4647099753862252,0.4647099753862252,0.5611601351635565,0.05489093337769024,0.0,3.0981261059558066e-05,0.00018939876285965911,0.0006367963247879416,0.00023131403979876144,0.0,-0.21975474153240426,0.21975474153240426,0.22086442456332883,0.001217257992706676,1.0,-0.21980003585929975,0.21980003585929975,0.22094521092716146,0.0012296626903697382,1.0,0.21999999999267716,0.21999999994260513,0.22001507689272523,0.09131419358959697,0.0010597035174554907,0.049654490089206735,0.008135289337712046,0.005020022821516701,7.773314290499569e-08,1.0,0.01805999161878841,0.020043304680574223,0.0011231867036089137,0.7814814814814813,0.7555555555555555,0.01228379551983481,0.550698232081439,0.5281091089207084,0.014275348385933506,1,1,1,0
04_external_impact_y12N_t0p25:0019,04_external_impact_y12N_t0p25,31.724999999999987,32.124999999999986,0.13406672345389975,0.13406672345389975,0.149866682664766,0.014973083480117227,1.0,0.4919956801030995,0.4919956801030995,0.5611601351635565,0.06385708319719575,0.0,0.01930437952771465,0.01947312331060149,0.1938580325064809,0.057903111318634584,0.1,-0.22032584409340902,0.22032584409340902,0.22202830550412744,0.0011727734027312435,1.0,-0.2202544265248052,0.2202544265248052,0.2219923744837626,0.0012079481115763225,1.0,0.19910000000160133,0.19909999994832245,0.21881045815204403,0.08593327653888788,0.0009564952693214551,1.5729261958573315,1.4992160240261563,0.006249487309835957,1.3531349588574922e-07,1.0,0.01772828997530821,0.018635914401676987,0.0006020033798409011,0.7851851851851852,0.7777777777777778,0.009442628728875534,0.5349390164855817,0.5131547694595943,0.015020420181891545,1,1,1,0
04_external_impact_y12N_t0p25:0020,04_external_impact_y12N_t0p25,31.924999999999986,32.32499999999999,0.0589029628333241,0.07980508649398334,0.148953586221906,0.08102683388214912,0.5,0.21649464371825503,0.31528166236332394,0.5583146757503468,0.3116444641218524,0.0,0.019319112998420516,0.019453148259628322,0.1938580325064809,0.05789810429143131,0.1,-0.11051274465618173,0.11079213011564311,0.22202830550412744,0.110302342473372,0.5,-0.11042013632663593,0.1107112484612308,0.2219923744837626,0.11027864793459814,0.5,0.08910000000598661,0.0890999999829126,0.11074001288789263,0.05358787698868378,0.0007921301291380821,1.653614572728866,1.563199693226228,0.022381005428924843,1.4421459640436825e-07,1.0,0.012716084548538793,0.018511070122392215,0.005778820729581721,0.8648148148148148,0.7777777777777778,0.09550960709798242,0.5336123161458014,0.5131547694595943,0.01141942568042406,1,1,1,1
04_external_impact_y12N_t0p25:0021,04_external_impact_y12N_t0p25,32.124999999999986,32.524999999999984,-0.006921310243593115,0.015006984720974732,0.062441434672499685,0.025285917678094617,0.0,-0.01014092165094703,0.10122728228524192,0.2935013966204709,0.13795041786659082,0.0,3.2467879010982836e-05,0.00019427581083263115,0.00047284581702642677,0.00023515549525716714,0.0,0.00010055285050346969,0.0005933876507552162,0.0009497076104313551,0.0006362307526808738,0.0,9.53113606315641e-05,0.000531160026399858,0.0009059888293523837,0.0005894156132052835,0.0,7.4495964952348e-13,5.60235618580079e-12,0.002031285663453691,0.015006984723085452,0.0005933876348818739,0.511486052876785,0.5026722489906991,0.005836593267747411,9.54343640711658e-08,1.0,0.00626485240262114,0.013647984702612288,0.0033173471703890184,0.9685185185185187,0.8333333333333334,0.06057565642146713,0.5429745376870168,0.5353104998513808,0.004555889384204976,1,1,1,1
04_external_impact_y12N_t0p25:0022,04_external_impact_y12N_t0p25,32.32499999999999,32.72499999999999,0.0012095197290609685,0.006023491655681375,0.011434822678446725,0.007093714593547932,0.0,0.011673395158310807,0.06814407272997926,0.13166847684164534,0.0805489583600499,0.0,-1.8174042538021302e-05,0.00016475468924747182,0.0004159890507511816,0.00019901876076453633,0.0,4.312470150873103e-05,0.0004674773174512191,0.0010196078009931308,0.0005448286770807226,0.0,3.859101219596614e-05,0.00041230378830572656,0.0011211383283292811,0.00054058317864608,0.0,0.0,0.0,0.00015376424466814216,0.006023491655681375,0.0004674773174512191,0.015400855547755414,0.006960217301064511,0.004730955888800419,7.108432035109955e-08,1.0,0.004811306058482069,0.005077089149373072,0.0002905414150302253,0.9944444444444445,0.9888888888888889,0.004536092116265129,0.5427879085733495,0.5328822082871296,0.006239731928991641,1,1,1,1
04_external_impact_y12N_t0p25:0023,04_external_impact_y12N_t0p25,32.524999999999984,32.92499999999998,-0.00206613037550336,0.005230266064234014,0.011363401868135394,0.005740849406540086,0.0,-0.02424822609444209,0.060417448148267716,0.13166847684164534,0.06648775385914035,0.0,2.8670450886872802e-05,0.00015163668243712555,0.00045839807470312313,0.00018581196363609393,0.0,-0.00022099819333458977,0.00032920702683407075,0.0010196078009931308,0.00040496348909785574,0.0,-0.00020381914569015522,0.0003665064865228296,0.0011211383283292811,0.00046794565521945464,0.0,0.0,0.0,0.00013622920107313847,0.005230266064234014,0.00032920702683407075,0.01373077856639317,0.006177732074254292,0.0032561863295027965,5.967374418547175e-08,1.0,0.004733447305312494,0.005077089149373072,0.00018651663911032487,0.9935185185185186,0.9888888888888889,0.004986263710309709,0.5407784715225971,0.5328822082871296,0.005798868039915358,1,1,1,1
04_external_impact_y12N_t0p25:0024,04_external_impact_y12N_t0p25,32.72499999999998,33.12499999999998,0.09070836977672098,0.09421696559374655,0.28479465137052146,0.12763791231718127,0.3333333333333333,0.8169791587255503,0.8577553406877115,3.114035050146978,1.2102948006522394,0.16666666666666666,0.002155728416400369,0.0022709271471120967,0.023808860765112436,0.005855342887898093,0.0,-0.0003410261656768933,0.0003605397655234417,0.0016734373847344965,0.0006049960870220594,0.0,-0.002802127939524574,0.00287436880508222,0.014371778503446645,0.005226745663122066,0.0,0.11999999998657251,5.1383398960215586e-12,0.0019164569150500257,0.013747973287636323,0.00036053976210737086,1.9136812076797678,1.766898358769511,0.005577583342049282,4.7042842045094165e-06,1.0,0.005423420476439094,0.009077513136207447,0.0016436810816794264,0.9805555555555556,0.9111111111111111,0.03138602084570055,0.5432455363928904,0.5360953399205316,0.007182159156213808,0,1,1,0
04_external_impact_y12N_t0p25:0025,04_external_impact_y12N_t0p25,32.92499999999998,33.32499999999998,0.22362389851171047,0.22362389851171047,0.28479465137052146,0.09650313464136691,0.8333333333333334,1.7866372750057549,1.7866372750057549,3.114035050146978,0.8835334797484049,0.16666666666666666,0.002224472782414724,0.002290379680060779,0.023808860765112436,0.005830694105633386,0.0,-0.0003526136478007524,0.00040958181064302987,0.0016734373847344965,0.0006135471234926424,0.0,-0.002837535751282617,0.002891090230612747,0.014371778503446645,0.005210659160712512,0.0,0.2699999999821817,1.5386552431023e-11,0.001968833546672783,0.029306485590349412,0.00040958180381088814,1.9136769768308897,1.7672282406682802,0.004544708136819963,4.705807610316816e-06,1.0,0.0073636200244387995,0.009077513136207447,0.0018497528431731037,0.938888888888889,0.9,0.04182070292828227,0.5429643066294082,0.530138985583427,0.010213522913275555,0,1,1,0
04_external_impact_y12N_t0p25:0026,04_external_impact_y12N_t0p25,33.124999999999986,33.524999999999984,0.2654648474245693,0.2654648474245693,0.27197655031409357,0.004307850126497098,1.0,1.9701085701635226,1.9701085701635226,2.224381631540507,0.13691552394922823,0.0,0.0002479071122729828,0.00025688362370370876,0.0006286794164498577,0.00018600403953390255,0.0,-0.00032874743765671285,0.0003917994362321047,0.0015672896045733863,0.0005790345506833412,0.0,-0.0004872309543803495,0.0005156963609203791,0.0020990868814341757,0.0007516792219605703,0.0,0.2999999999912184,2.0496425070002888e-11,0.00029031571975126545,0.03453515256664911,0.000391799429399963,0.012595577806780046,0.006134221731278651,0.00437720742945027,7.187216866728476e-08,1.0,0.008292592854318992,0.009036431114139171,0.0005399709037222536,0.9037037037037038,0.8833333333333333,0.011857637476727516,0.5371290218540935,0.5220204439837264,0.013158411279820956,1,1,1,0
04_external_impact_y12N_t0p25:0027,04_external_impact_y12N_t0p25,33.32499999999998,33.72499999999998,0.2644999133699393,0.2644999133699393,0.27197655031409357,0.006608846799530761,1.0,1.9784896613266547,1.9784896613266547,2.224381631540507,0.1504552640318905,0.0,0.0001925179429094809,0.00022844384880828743,0.0006286794164498577,0.00020984869802919494,0.0,-0.0005546714903100362,0.0005693907933144175,0.0015672896045733863,0.0006056002351534154,0.0,-0.0006536703752675624,0.0006536703752675624,0.0020990868814341757,0.0007280690689085632,0.0,0.2999999999912184,2.0496425070002888e-11,0.0002572890747416746,0.03550008662127913,0.0005693907864822758,0.013448492531510392,0.00661530693773349,0.004722288511324111,6.908187816443471e-08,1.0,0.008218496793322398,0.008717039048740056,0.0005095451201545597,0.9055555555555556,0.8833333333333333,0.01697250257391053,0.5374760389548842,0.5220204439837264,0.011992179666830634,1,1,1,0
04_external_impact_y12N_t0p25:0028,04_external_impact_y12N_t0p25,33.52499999999998,33.924999999999976,0.2639420456330657,0.2639420456330657,0.2708961596007304,0.006042436101883145,1.0,1.9649502488702526,1.9649502488702526,2.280633259842677,0.17931157554723323,0.0,0.000158502870377359,0.00018958380099322244,0.0006338806595884997,0.00019735245078887149,0.0,-0.0001883436321551574,0.0006849613876167794,0.0009869305949062434,0.0007404631946715585,0.0,-0.00026288249097080647,0.0006760071405974029,0.0011572023088260563,0.0007155940677073614,0.0,0.2999999999912184,2.0496425070002888e-11,0.00021480888867748686,0.036057954358152684,0.0006849613876167794,0.01440296069336597,0.0074463852491827515,0.004584359713219019,5.918886010971717e-08,1.0,0.008284578884918365,0.008916568359359429,0.0006763618678247817,0.9009259259259258,0.8666666666666667,0.021852636520751752,0.5379626391627432,0.5297173037916156,0.0060521678045692305,1,1,1,0
04_external_impact_y12N_t0p25:0029,04_external_impact_y12N_t0p25,33.72499999999998,34.12499999999998,0.2614545204936873,0.2614545204936873,0.2691208894552883,0.005670728403858091,1.0,1.8287479856508948,1.8287479856508948,2.280633259842677,0.21037241186420672,0.0,0.00022452724043989076,0.00024500363823429054,0.0006338806595884997,0.0002009748673229905,0.0,9.588503029237697e-06,0.0008907949076027293,0.0015141575179006617,0.000940863846360288,0.0,-0.00018842567399864489,0.0009056468163381919,0.001715188894280252,0.000970540355188058,0.0,0.2999999999912184,2.0496425070002888e-11,0.0002529356211119965,0.03854547949753111,0.00089079491053079,0.014782640167563935,0.0072664768021956485,0.004549809980880038,6.893759885503573e-08,1.0,0.008935625887285173,0.010028222716099926,0.0008964503801038135,0.9031746031746033,0.8666666666666667,0.0217929051075333,0.5300502682687132,0.5219187772157156,0.0061192123226908295,1,1,1,0
04_external_impact_y12N_t0p25:0030,04_external_impact_y12N_t0p25,33.92499999999998,34.32499999999998,0.2589450611258029,0.2589450611258029,0.26745962933927125,0.005073193198254597,1.0,1.775323651356252,1.775323651356252,2.1805547997207215,0.181461333519378,0.0,0.0002049761362625469,0.00022564730450815563,0.0005573351737162222,0.00017885840750475493,0.0,-0.00012090315540429516,0.0008743621430636723,0.0015141575179006617,0.0009480133225178195,0.0,-0.0003548826653158984,0.0008723583802680519,0.001715188894280252,0.0009774972429067753,0.0,0.2999999999912184,2.0496425070002888e-11,0.00023826891629266054,0.04105493886541547,0.0008743621459917332,0.013951491516055207,0.00622688990694002,0.004121562568010892,7.574039302036848e-08,1.0,0.009118666487868786,0.010028222716099926,0.0007958725595842894,0.9087301587301587,0.8722222222222222,0.02032737853153286,0.5208728784513658,0.5086110842437351,0.006548028404018879,1,1,1,0
04_external_impact_y12N_t0p25:0031,04_external_impact_y12N_t0p25,34.12499999999998,34.52499999999998,0.2623604526296897,0.2623604526296897,0.26946121785734173,0.005588084855998834,1.0,1.8969173819281668,1.8969173819281668,2.1805547997207215,0.1832194496978982,0.0,0.00018633578926610656,0.00019221745698888557,0.00036148078222006743,0.0001263866869653306,0.0,-0.0002795695093483145,0.000645275021281631,0.0012491285643307089,0.0006862579141985922,0.0,-0.0005277097382155749,0.0007291921689406958,0.0016148229799535486,0.0007680890697743332,0.0,0.2999999999912484,2.0644454806619583e-11,0.0002299161972476584,0.03763954736156213,0.0006452750211430903,0.013384729667048158,0.006861107627092238,0.00413276214450395,9.824662799006608e-08,1.0,0.008579698127740653,0.009345904597378267,0.0007747928041689758,0.9027777777777778,0.8722222222222222,0.02216427630293672,0.5110584166955111,0.5053883145549812,0.004992535308824653,1,1,1,0
04_external_impact_y12N_t0p25:0032,04_external_impact_y12N_t0p25,34.324999999999974,34.72499999999997,0.2617770501478571,0.2617770501478571,0.26946121785734173,0.00573956658159805,1.0,1.8606034698535774,1.8606034698535774,2.103137675209936,0.15314555436597266,0.0,0.000263583764941034,0.0002659113469783135,0.0005899964900331177,0.00017139709569401125,0.0,-2.4544078428742017e-05,0.0005276773648364793,0.0008073070095370866,0.0006014257048646322,0.0,-0.00031519347182899354,0.0005866896196205562,0.0010982774507960868,0.00063159722046787,0.0,0.2999999999912928,2.087219286295295e-11,0.0002676900328101417,0.03822294984343917,0.0005276773647738513,0.013422006606453271,0.007175731913100604,0.004384655265910911,1.0194065265239272e-07,1.0,0.008728819524570485,0.009412107595294187,0.0006510178724722711,0.9027777777777778,0.8777777777777778,0.018633899812498255,0.5087364928386507,0.49708523055362785,0.009018384280171404,1,1,1,0
04_external_impact_y12N_t0p25:0033,04_external_impact_y12N_t0p25,34.52499999999998,34.924999999999976,0.2599296554232989,0.2599296554232989,0.26658483034889474,0.006561852989563099,1.0,1.8155678398162125,1.8155678398162125,2.0054529298306676,0.11319687603910912,0.0,0.00025134602211935317,0.0002934679596388547,0.0008805727539345056,0.0002628473862961977,0.0,0.00019965468149424576,0.0007917115482353339,0.0015900487510693466,0.0009036131384528408,0.0,-8.509503282714595e-05,0.0008077938702101326,0.001417790407925722,0.0009262311086205817,0.0,0.2999999999913072,2.095190118266963e-11,0.00026524059547709344,0.04007034456800832,0.0007917115482353338,0.013580596895997714,0.007067521466137254,0.0044782721819771575,7.404548539047352e-08,1.0,0.008878500870292577,0.009412107595294187,0.00044081033579776945,0.9046296296296297,0.8833333333333333,0.012178654109227707,0.5114287985388267,0.49708523055362785,0.010113778339770244,1,1,1,0
04_external_impact_y12N_t0p25:0034,04_external_impact_y12N_t0p25,34.72499999999998,35.12499999999998,0.26115387090686176,0.26115387090686176,0.26687173840621103,0.006292041193292109,1.0,1.8420817464298043,1.8420817464298043,2.1676285573275544,0.16593691001311367,0.0,-0.0012670010768738914,0.0015854185130581213,0.027394623104279966,0.005999923991518644,0.0,0.00015446427315752903,0.0007612348797139002,0.0015900487510693466,0.000902590600397244,0.0,0.0027558822611643986,0.0034923429806171594,0.016909065327115908,0.006390643845298182,0.0,0.299999999990842,2.297307643262824e-11,0.0012190657573184465,0.038846129084078244,0.0007612348920549306,0.43697709344068336,0.41809566486984684,0.006069517736331498,6.308206685269208e-08,1.0,0.008813811196293389,0.009693249378664748,0.0007131313935388484,0.9055555555555556,0.8666666666666667,0.020286020648339485,0.5243135044173476,0.507109936177114,0.013860602807705782,1,1,1,0
04_external_impact_y12N_t0p25:0035,04_external_impact_y12N_t0p25,34.924999999999976,35.324999999999974,0.2644711454558402,0.2644711454558402,0.3064853434260708,0.02175270757069203,1.0,1.7027944707448766,1.7027944707448766,2.1676285573275544,0.34288386733148224,0.0,-0.043192159515573175,0.04391735534133562,0.408456512050418,0.10430501372123908,0.15,0.0033536786685253645,0.0034121455090861605,0.013571037563941691,0.004826554693386125,0.0,0.048683510047132596,0.048713160465238346,0.2631325086878252,0.09611441503353099,0.16666666666666666,0.29999999999050786,4.562162613498145e-11,0.04245386732773178,0.037690635677724675,0.0034121455458131916,2.6464205927863897,2.170044049162793,0.018977311357288064,7.631238692958126e-08,1.0,0.010122520769826567,0.014563514717773698,0.002268149960626324,0.8731481481481483,0.7722222222222223,0.051161073272375186,0.5327078885956568,0.5174573505438094,0.009127353015844622,1,0,1,0
04_external_impact_y12N_t0p25:0036,04_external_impact_y12N_t0p25,35.12499999999997,35.52499999999997,0.26483808323706054,0.26483808323706054,0.3064853434260708,0.022140008545570387,1.0,1.6792141644347154,1.6792141644347154,1.911987005234371,0.30132995654008427,0.0,-0.04171127772221945,0.04258716726136334,0.408456512050418,0.10472717487270718,0.15,0.0035979725629101144,0.0036131470641327505,0.013571037563941691,0.004688577987348081,0.0,0.04612384608074054,0.046248544387427044,0.2631325086878252,0.09712581508663992,0.16666666666666666,0.29999999999097304,4.3600450885022824e-11,0.041502957222809084,0.03732369789687159,0.0036131470885187524,2.6101316315995438,2.2031610961775745,0.008612748771364248,8.607847628405646e-08,1.0,0.0102182098166892,0.014563514717773698,0.002111297664348247,0.8712962962962963,0.7722222222222223,0.04783552352996107,0.523848468442942,0.50904014081853,0.0110753112171296,1,0,1,0
04_external_impact_y12N_t0p25:0037,04_external_impact_y12N_t0p25,35.324999999999974,35.72499999999997,0.26309532460390755,0.26309532460390755,0.27179349508092954,0.00550011411276974,1.0,1.8333528268616563,1.8333528268616563,1.9983259957314963,0.10511515714059454,0.0,0.00027819436654147095,0.00027819436654147095,0.0007685775965405055,0.00019568096555824452,0.0,0.0006913774836754955,0.0007116054544093024,0.001454448717270439,0.0005739583588440962,0.0,0.0004434352311001837,0.0007354236845477921,0.0012451409891099101,0.000678839878114937,0.0,0.2999999999913072,2.0951901182669614e-11,0.00031725586068312374,0.03690467538739969,0.0007116054613932695,0.013234664329675797,0.0058031346536945,0.003938132453177106,7.52512042843377e-08,1.0,0.008900954539877335,0.00946398743735801,0.00044788305173279236,0.9046296296296297,0.8833333333333333,0.022086778596067714,0.5145794298987122,0.5022423037757109,0.009872645754117462,1,1,1,0
04_external_impact_y12N_t0p25:0038,04_external_impact_y12N_t0p25,35.52499999999998,35.924999999999976,0.26407483290653094,0.26407483290653094,0.2683581630600427,0.0022133138531001692,1.0,1.8564052259634718,1.8564052259634718,1.9983259957314963,0.08315034422469143,0.0,0.00025446848507363555,0.0002594404501444781,0.0005250576176750899,0.0001472281055169263,0.0,0.00010872662517391362,0.0004995102179865763,0.001154703148354374,0.0006366313692580992,0.0,-0.00016377757691963624,0.0005912880976313132,0.001058101114151044,0.0006502194979866112,0.0,0.2999999999913072,2.0951901182669614e-11,0.0002518494861412335,0.03592516708477627,0.0004995102179865763,0.012146766304593529,0.004442266307318911,0.003917009951588167,6.788510093799392e-08,1.0,0.008808285417966586,0.009299070203852683,0.00046344183980490014,0.9194444444444446,0.8833333333333333,0.025609845714702453,0.5000390611520705,0.47022570458052193,0.015652058047855133,1,1,1,0
04_external_impact_y12N_t0p25:0039,04_external_impact_y12N_t0p25,35.72499999999997,36.12499999999997,0.2707380021373023,0.2707380021373023,0.28961678727738105,0.00932508424022866,1.0,2.004896345699545,2.004896345699545,2.441370106394629,0.21358792433797116,0.0,0.00023822375528946877,0.00025645335669642556,0.0005122589000428042,0.00016713059783637194,0.0,-0.0005249132266017966,0.0005611454836238098,0.0009526417190740538,0.0003793388722917892,0.0,-0.0007216124493721127,0.0007216124493721127,0.0012252108203432248,0.0003866737253248072,0.0,0.2999999999913072,2.0951901182669614e-11,0.00022195175905785207,0.02926199785400492,0.0005611454696558757,0.013429744517621993,0.006293376617827381,0.003222481931257254,7.617195100090432e-08,1.0,0.008344976079115713,0.009269911701844815,0.0006803635849824443,0.9231481481481483,0.9,0.01881703836379774,0.474100496132474,0.45437225596970104,0.01807651458047713,1,1,1,0
04_external_impact_y12N_t0p25:0040,04_external_impact_y12N_t0p25,35.92499999999997,36.32499999999997,0.27403977395793166,0.27403977395793166,0.28961678727738105,0.009380979890176078,1.0,2.1064159795551665,2.1064159795551665,2.441370106394629,0.15544768036440046,0.0,0.00029293749246171426,0.00030619512879782857,0.000633088030198204,0.000192815247025723,0.0,-0.0006808215659301533,0.0007779998816633882,0.0014535188225679003,0.0005407900991427555,0.0,-0.0009724338193652736,0.0009724338193652736,0.0018725555390213344,0.0005977315943503695,0.0,0.2999999999913072,2.0951901182669614e-11,0.00028097609230495085,0.02596022603337557,0.0007779998676954539,0.014674702096127286,0.007823059394840412,0.003663091604204579,8.264481225960377e-08,1.0,0.007957028207504808,0.008639594944482777,0.0005131866190041987,0.9222222222222224,0.9,0.011564811108145187,0.4450671974008085,0.42199122307933423,0.015160070554421048,1,1,1,0
04_external_impact_y12N_t0p25:0041,04_external_impact_y12N_t0p25,36.12499999999997,36.52499999999997,0.27327255110770377,0.27327255110770377,0.28312592871956094,0.006898056038040477,1.0,2.053272157733265,2.053272157733265,2.1738248553281028,0.09161261862523133,0.0,0.00032677363229552836,0.00033281683555065557,0.0006902714509449604,0.00020984029735588965,0.0,-0.0006432132037353411,0.0007709167207638912,0.0014535188225679003,0.0006248664585581173,0.0,-0.0009438125874026753,0.0009438125874026753,0.0018725555390213344,0.0006498294799285808,0.0,0.2999999999913072,2.0951901182669614e-11,0.0003046308400727286,0.026727448883603473,0.0007709167137799241,0.014832059549752592,0.008096044455850389,0.00598845842016782,6.78052095459593e-08,1.0,0.008158193212293751,0.009003482400236653,0.0005038667041558124,0.9296296296296297,0.9222222222222223,0.006141897759917385,0.4253665232305343,0.40731212947632145,0.010014575982596382,1,1,1,0
04_external_impact_y12N_t0p25:0042,04_external_impact_y12N_t0p25,36.324999999999974,36.72499999999997,0.2759436927935826,0.2759436927935826,0.2834267665460476,0.004384293833278647,1.0,2.101724533279262,2.101724533279262,2.306184973286284,0.12529493143017634,0.0,0.00031794721432740897,0.0003239904175825362,0.0006902714509449604,0.0002078780676731244,0.0,-0.0007533981305136538,0.000783923331808969,0.0013469501706049529,0.0005737035967105236,0.0,-0.0009518009118384754,0.0009518009118384754,0.0015761616455244065,0.0005125821378837665,0.0,0.2999999999913072,2.0951901182669614e-11,0.00031300671028675704,0.02405630719772457,0.0007839233178410348,0.014323905710015863,0.007565924518375236,0.006452666073259774,7.906283432740447e-08,1.0,0.008038088531350294,0.009003482400236653,0.0004813976168482454,0.9333333333333335,0.9222222222222223,0.009622504486493728,0.4144146913977396,0.3988432660277439,0.00979476238452165,1,1,1,0
04_external_impact_y12N_t0p25:0043,04_external_impact_y12N_t0p25,36.52499999999997,36.92499999999997,0.25455339842812774,0.25455339842812774,0.2834267665460476,0.03664857731613548,1.0,1.9018822548976368,1.9018822548976368,2.306184973286284,0.517645884137165,0.0,0.02493061431580316,0.024935993960524656,0.25111508552383205,0.062230770312911896,0.1,0.07516821744210662,0.07648578523929378,0.3446047869539459,0.12717097979605396,0.3333333333333333,0.05166109899865238,0.0533957651383822,0.31517059241110373,0.11784674939056038,0.16666666666666666,0.2717999999969034,0.08224999999102309,0.05507394878946191,0.01914660156893485,0.0015758562343919462,1.1840885451354044,1.1259787889316215,0.00725140092689884,8.98269803291092e-08,1.0,0.008904411579282338,0.014968728493222573,0.002725536492968708,0.9148148148148149,0.8333333333333334,0.03844544350375312,0.39877218477340376,0.38502856924796913,0.011967328249713884,1,0,1,0
04_external_impact_y12N_t0p25:0044,04_external_impact_y12N_t0p25,36.724999999999966,37.124999999999964,0.20772701828900664,0.20772701828900664,0.2776916356097092,0.04023187879711878,1.0,1.1500746502137777,1.1500746502137777,2.183543900098152,0.6730475318597393,0.0,0.03690335657929891,0.036908736224020404,0.25111508552383205,0.05853849199077059,0.1,0.24739861019186604,0.24783449359056034,0.3456265712067423,0.14014679136053093,0.8333333333333334,0.21187025735169093,0.21249952857477294,0.3224733205998699,0.15049875967321077,0.6666666666666666,0.21179999999810906,0.2572499999490987,0.2177416772383959,0.01379090012019221,0.004345463463659966,1.1848167080697283,1.118708717333919,0.018608124134990668,6.386975271505577e-08,1.0,0.014141665471010043,0.018882346807039544,0.004863994556062536,0.8185185185185185,0.7277777777777777,0.08263078339749298,0.3887724561431665,0.38241955481199214,0.005180992888509765,1,0,1,0
04_external_impact_y12N_t0p25:0045,04_external_impact_y12N_t0p25,36.92499999999997,37.32499999999997,0.18125321371307512,0.18125321371307512,0.20345375522651035,0.01105525056856675,1.0,0.6325812038502019,0.6325812038502019,0.7005200242280588,0.036183642858087894,0.0,0.02581449637276988,0.02581449637276988,0.030914112018637308,0.002568926400899373,0.0,0.3434813225997934,0.3434813225997934,0.3456265712067423,0.001399299726715886,1.0,0.3176183665927957,0.3176183665927957,0.3224733205998699,0.002785603106278095,1.0,0.17999999999373628,0.3499999999370119,0.32423048317502434,0.008656109759545809,0.006518677337226028,0.06574344746710438,0.013511175186178934,0.009269695050223327,5.4423374931619746e-08,1.0,0.018627968690777447,0.019222785479121537,0.0006444271039767843,0.7398148148148148,0.7222222222222222,0.01484372179803833,0.40394359274799024,0.38241955481199214,0.017369862862347853,1,1,1,0
04_external_impact_y12N_t0p25:0046,04_external_impact_y12N_t0p25,37.12499999999997,37.52499999999997,0.18758206027376156,0.18758206027376156,0.21373203414917108,0.014233088359919642,1.0,0.6440714952903721,0.6440714952903721,0.7552751566363811,0.060311371035503915,0.0,0.02909116920927445,0.02909116920927445,0.031069083192275082,0.00248981002167974,0.0,0.3440983595293768,0.3440983595293768,0.3461061878699895,0.0013568618161691776,1.0,0.31495321243454405,0.31495321243454405,0.31799518340736693,0.002103210478979424,1.0,0.1799999999938784,0.349999999936283,0.3210148321042984,0.011730544672396771,0.005901640406883456,0.06690326028070526,0.012166234798727029,0.007787412266055227,7.10420417475506e-08,1.0,0.018992896327268825,0.02036642855166717,0.0010476518336507566,0.737037037037037,0.7166666666666667,0.01776233897523228,0.42355977180745635,0.4027833158682298,0.013002633705742093,1,1,1,0
04_external_impact_y12N_t0p25:0047,04_external_impact_y12N_t0p25,37.32499999999997,37.724999999999966,0.18688814855834565,0.18688814855834565,0.21373203414917108,0.015773926994693894,1.0,0.6254124411447791,0.6254124411447791,0.7552751566363811,0.0780920453027692,0.0,0.03076906803145909,0.03076906803145909,0.03108705151983565,0.00018035190940889648,0.0,0.34463508882034083,0.34463508882034083,0.3461061878699895,0.0011551729595942353,1.0,0.31383293694292735,0.31383293694292735,0.31530505620788024,0.0011435729169507348,1.0,0.17999999999410043,0.34999999993514447,0.3192154634525969,0.013865446637432721,0.0053649111147884765,0.061771289148537044,0.009673068747280767,0.008870953293977371,7.548264963544127e-08,1.0,0.019572368707466436,0.02118665908492231,0.0013035489891988332,0.7407407407407408,0.7166666666666667,0.014581496062984823,0.44431467350512927,0.4105695421878205,0.021246861355106495,1,1,1,0
04_external_impact_y12N_t0p25:0048,04_external_impact_y12N_t0p25,37.52499999999996,37.92499999999996,0.18031996731183098,0.18031996731183098,0.1892123432253566,0.009597457767277166,1.0,0.5518134607519544,0.5518134607519544,0.6170535969411807,0.05513936163535275,0.0,0.030788832455309834,0.030788832455309834,0.03136802680637024,0.00023620765850359282,0.0,0.3476150918392744,0.3476150918392744,0.3524504086840103,0.003294443302712789,1.0,0.3167564401881255,0.3167564401881255,0.32152350096067106,0.0032149748176562285,1.0,0.17999999999429583,0.3499999999341424,0.3192028806198482,0.00892091858826783,0.0032164720666623607,0.061476079501132215,0.010260838095769073,0.006128253746707991,5.5103266898713266e-08,1.0,0.02145012604544497,0.02357803920109847,0.0016143163898012349,0.7509259259259259,0.7388888888888889,0.008735167714867195,0.4719444898686964,0.43864342111179727,0.021774145602845005,1,1,1,0
04_external_impact_y12N_t0p25:0049,04_external_impact_y12N_t0p25,37.724999999999966,38.124999999999964,0.1985139701959331,0.1985139701959331,0.230462889807295,0.022848383483777202,1.0,0.581106682614652,0.581106682614652,0.6894791567038657,0.073565082406372,0.0,0.030819571880653686,0.030819571880653686,0.03136802680637024,0.000214104932134787,0.0,0.35224188382153154,0.35224188382153154,0.3557712518788204,0.002184807939028545,1.0,0.32136377761550405,0.32136377761550405,0.32517925258850255,0.002299157641504417,1.0,0.1799999999945623,0.3499999999335958,0.3191686554740515,0.022323411677164482,0.0023002667952581306,0.06041149042114614,0.008892330894931112,0.005982347102575808,6.692128767876678e-08,1.0,0.02236224766484013,0.02357803920109847,0.0009940228795206497,0.7555555555555555,0.7388888888888889,0.008486251286955253,0.4939808002615873,0.45536789554025453,0.0184538737754596,1,1,1,0
04_external_impact_y12N_t0p25:0050,04_external_impact_y12N_t0p25,37.92499999999997,38.32499999999997,0.2090738432470258,0.2090738432470258,0.230462889807295,0.015856846405965512,1.0,0.5872397890820172,0.5872397890820172,0.6894791567038657,0.06161180336024791,0.0,0.030830809316100983,0.030830809316100983,0.03117534194279903,0.00016603720638386107,0.0,0.35425689171202274,0.35425689171202274,0.3563747225308132,0.0016873909133587068,1.0,0.3234342682188533,0.3234342682188533,0.32560450446969424,0.001783306098561757,1.0,0.17999999999482874,0.34999999993314024,0.3191632896402478,0.029073843252225177,0.004256891778783732,0.05992920481122221,0.011312286587882681,0.005005433177725026,8.799921413173659e-08,1.0,0.023371441304917376,0.025100197270149976,0.0015221995818421635,0.7703703703703703,0.7388888888888889,0.019685455208767872,0.5216146805997112,0.4973162715199585,0.02512110974747563,1,1,1,0
04_external_impact_y12N_t0p25:0051,04_external_impact_y12N_t0p25,38.124999999999964,38.52499999999996,0.19237277034289946,0.19237277034289946,0.20906129084709316,0.01436472888367774,1.0,0.505637086170577,0.505637086170577,0.5450283238017269,0.04098130902359282,0.0,0.027958242357733233,0.027958242357733233,0.03117534194279903,0.005515967656569857,0.0,0.35631715431490996,0.35631715431490996,0.3588835607823718,0.0017913464298395557,1.0,0.32731614448996427,0.32731614448996427,0.3374571151109728,0.004866844188533815,1.0,0.17999999999491867,0.3499999999351272,0.321805582559341,0.017138838719510403,0.006317154380420328,0.05671494808546825,0.016418186796440495,0.010430953609920291,8.313974005619439e-08,1.0,0.024934623199789046,0.026578029383000225,0.0011412242340501546,0.7796296296296297,0.7666666666666667,0.011415581486979577,0.5692213298747516,0.5153482315664759,0.03747610200694282,1,1,1,0
04_external_impact_y12N_t0p25:0052,04_external_impact_y12N_t0p25,38.32499999999996,38.72499999999996,0.17862888926054762,0.17862888926054762,0.19947844155421085,0.00948110539384457,1.0,0.47641654585175625,0.47641654585175625,0.5756734193569933,0.058351136036383415,0.0,-0.014458512563697507,0.0409060393139012,0.3523272378650363,0.08795033202347137,0.1,0.2460461911983622,0.35058830263028423,0.3588835607823718,0.25029379035197086,1.0,0.2635308051766973,0.3036606277006098,0.3592161729626212,0.17208651159200397,1.0,0.17999999999452232,0.3394999999150363,0.3184033033466792,0.007863924587320993,0.00746285785242115,0.9226470296204163,0.8571048134756944,0.014742458511588799,7.908336804540298e-08,1.0,0.024850509054259572,0.02900617404785798,0.002924464716819292,0.7685185185185186,0.7388888888888889,0.01458149606298482,0.6230910289053607,0.5860760282354315,0.027378866624816554,1,0,0,0
04_external_impact_y12N_t0p25:0053,04_external_impact_y12N_t0p25,38.52499999999996,38.92499999999996,0.10758656719993569,0.10782064677188574,0.1770552266219515,0.0735465121999673,0.6666666666666666,0.2926004540019821,0.2932218255797517,0.5756734193569933,0.20758032468098242,0.0,-0.02663360984148272,0.02873094203611598,0.3523272378650363,0.08306050815808931,0.1,-0.11027980444635181,0.34908318642422115,0.35837240194098874,0.3315932512938641,1.0,-0.07961661420341619,0.3161463592708154,0.3592161729626212,0.3182507319195675,1.0,0.1799999999933799,0.3394999999224776,0.3314182727370552,0.07241343279374031,0.0059577416388112495,0.9232307984151147,0.8539718304690326,0.012416107617734422,7.500832625754574e-08,1.0,0.024761625848146434,0.02900617404785798,0.0028626349821673706,0.7416666666666667,0.7,0.028282452498706062,0.6438557185561196,0.6214006831532229,0.01147907332121839,1,0,0,0
04_external_impact_y12N_t0p25:0054,04_external_impact_y12N_t0p25,38.724999999999966,39.124999999999964,0.04844596498837753,0.048680044560327596,0.09380429289327892,0.029858348611385532,0.16666666666666666,0.12016379814434157,0.12078516972211113,0.26229658491869756,0.08217750899133096,0.0,0.0006133998134717628,0.0006133998134717628,0.0010421822755345422,0.00023498821898469043,0.0,-0.3532219786440112,0.3532219786440112,0.35703451945480896,0.0023626273075571334,1.0,-0.353842713186044,0.353842713186044,0.3579190203529621,0.00252269770614917,1.0,0.17999999999262606,0.349999999951701,0.3504978359620665,0.13155403500435459,0.0032219786928122784,0.06786137347164817,0.013425633392399982,0.006534997242122812,9.365621546154452e-08,1.0,0.026812716137044154,0.03152306348615756,0.0026017532026711867,0.7342592592592592,0.7,0.021852636520751777,0.6160208563854559,0.5702344209307123,0.032440867412094,1,1,1,1
04_external_impact_y12N_t0p25:0055,04_external_impact_y12N_t0p25,38.92499999999996,39.32499999999996,0.06556254612008112,0.06556254612008112,0.08247673688108169,0.011206373428283189,0.16666666666666666,0.16421867315241656,0.16421867315241656,0.2251755106944949,0.04080326075927312,0.0,0.0005262189935250572,0.0005262189935250572,0.0008394425795203442,0.0001813594801702976,0.0,-0.3482059753449615,0.3482059753449615,0.35229646658733976,0.0035467312902855313,1.0,-0.34869887830942553,0.34869887830942553,0.3528307402190397,0.0034860050457760855,1.0,0.17999999999266936,0.34999999995006686,0.3505243218291884,0.11443745387259137,0.0034171025035532212,0.06502336266850595,0.008375131759336633,0.004932450992485699,9.751644976155315e-08,1.0,0.026731951414955133,0.03152306348615756,0.00252338969888948,0.7509259259259259,0.7333333333333333,0.012593954174755053,0.563196075189853,0.5141779257618972,0.0349256416264449,1,1,1,1
04_external_impact_y12N_t0p25:0056,04_external_impact_y12N_t0p25,39.12499999999996,39.524999999999956,0.07313999141314666,0.07313999141314666,0.08247673688108169,0.007040941444756911,0.16666666666666666,0.19462145375132098,0.19462145375132098,0.2251755106944949,0.023177518212011354,0.0,0.0005424590470971935,0.0005424590470971935,0.0008394425795203442,0.00017011814080507802,0.0,-0.34409179692355213,0.34409179692355213,0.34586633121101723,0.0014601831042312433,1.0,-0.3446132302325866,0.3446132302325866,0.34644409230832524,0.0014187821981039915,1.0,0.17999999999276817,0.34999999994814823,0.35050078572981325,0.10686000857959542,0.005908203024893122,0.06484570179043239,0.008058687747304104,0.005428552606309332,8.482824503450083e-08,1.0,0.024658400843577784,0.02595374079383442,0.0008407313873563034,0.7435185185185186,0.7166666666666667,0.014843721798038324,0.5297794356382458,0.5115235166428532,0.01460842681086617,1,1,1,1
04_external_impact_y12N_t0p25:0057,04_external_impact_y12N_t0p25,39.32499999999996,39.72499999999996,0.07966016790757315,0.07966016790757315,0.09394854463516879,0.009376136509741527,0.3333333333333333,0.22294731309054105,0.22294731309054105,0.27541117155872347,0.036447084852346774,0.0,0.00051001530927616,0.00051001530927616,0.0008332837939190596,0.00017570404554666008,0.0,-0.3429250520510161,0.3429250520510161,0.3466650660336335,0.0023778330495739437,1.0,-0.34338440224957845,0.34338440224957845,0.34706165237265796,0.0023460640351456287,1.0,0.17999999999287475,0.34999999994609865,0.350504915827525,0.1003398320852868,0.007074947895348255,0.06482791574895024,0.009401234233372012,0.005862607887655531,7.820396932944448e-08,1.0,0.023538912440828733,0.02595374079383442,0.0012977228858206782,0.7398148148148148,0.7166666666666667,0.0133859558285194,0.5268253987946842,0.5115235166428532,0.009076887962221426,1,1,1,1
04_external_impact_y12N_t0p25:0058,04_external_impact_y12N_t0p25,39.52499999999996,39.92499999999996,0.07280416107612164,0.07280416107612164,0.09394854463516879,0.01488659372658511,0.3333333333333333,0.20260375413299905,0.20260375413299905,0.27541117155872347,0.05373773423912542,0.0,0.00046426748726397513,0.00046426748726397513,0.0008332837939190596,0.00017562497139861187,0.0,-0.3421646448758044,0.3421646448758044,0.3466650660336335,0.002272356199216632,1.0,-0.34262058218171676,0.34262058218171676,0.34706165237265796,0.0022521439515332934,1.0,0.1799999999930113,0.3499999999443052,0.3505023787488647,0.10719583891691446,0.007835355068745649,0.06438703403688617,0.010520079386023139,0.005939763644989257,7.316912772026737e-08,1.0,0.023938987568281906,0.02747135710594147,0.002108975039748372,0.7453703703703703,0.7166666666666667,0.016170601107937947,0.513849027311636,0.4695028999968095,0.02179342110151259,1,1,1,1
04_external_impact_y12N_t0p25:0059,04_external_impact_y12N_t0p25,39.72499999999996,40.12499999999996,0.05874419680052736,0.05874419680052736,0.06496824365972217,0.003360263756086063,0.0,0.149363663248307,0.149363663248307,0.1734335843717769,0.012856777213048388,0.0,0.0004437264566329563,0.0004437264566329563,0.000781810626248769,0.00016644759461013306,0.0,-0.3416520449185161,0.3416520449185161,0.34568370580937136,0.0024908727682442905,1.0,-0.34208929350629963,0.34208929350629963,0.3459878232229545,0.002396005499493063,1.0,0.17999999999316785,0.34999999994247755,0.3504134404264091,0.12125580319261826,0.008347955024257529,0.0653035505136481,0.009854211754851868,0.007582987015803833,8.30546552240343e-08,1.0,0.025883224560638296,0.02808953980591683,0.0020839305415290637,0.75,0.7166666666666667,0.02053803056742486,0.487088416011172,0.4695028999968095,0.018678264447557262,1,1,1,1
04_external_impact_y12N_t0p25:0060,04_external_impact_y12N_t0p25,39.924999999999955,40.32499999999995,0.06356595257223839,0.06356595257223839,0.07079160036431406,0.005883840405640931,0.0,0.1594941443145629,0.1594941443145629,0.1795180446319148,0.015495696367464005,0.0,0.00040490888606808104,0.00040490888606808104,0.000781810626248769,0.0001686788732372415,0.0,-0.34179815993267854,0.34179815993267854,0.34568370580937136,0.0025439352130497044,1.0,-0.3422731196372488,0.3422731196372488,0.3459878232229545,0.0024607364383440688,1.0,0.17999999999335436,0.34999999994079223,0.35039502841976644,0.11643404742105674,0.008201840008417388,0.06622445825682692,0.00931290579853482,0.00690757924821148,8.420781449813846e-08,1.0,0.026144350139077985,0.02808953980591683,0.001377609386568971,0.7583333333333333,0.7277777777777777,0.017494855210825184,0.46768610353634865,0.4389076761581179,0.013535290476061284,1,1,1,1
04_external_impact_y12N_t0p25:0061,04_external_impact_y12N_t0p25,40.12499999999996,40.524999999999956,0.05811255543769128,0.0604902282967292,0.07607966495725224,0.029391403157812964,0.0,0.14391508888181212,0.14887258956229535,0.18161661658119094,0.07122667209638997,0.0,0.016514766603668653,0.01651770492000413,0.322102737926401,0.0701070185825747,0.05,-0.34078187112365343,0.34078187112365343,0.34354884242487765,0.0023928949339762635,1.0,-0.34126421668383916,0.34126421668383916,0.34419053709412256,0.002529294984099534,1.0,0.1709999999971612,0.3324999999431969,0.3496130532161038,0.12188744455579038,0.009218128815878654,1.0802772412728303,1.038414862782024,0.007954858741593036,7.961512402028569e-08,1.0,0.02734519960690539,0.031481855051701854,0.0019766756592472516,0.7712962962962963,0.75,0.013385955828519413,0.4402142339972091,0.3946079298147423,0.025502484337876573,1,1,1,1
04_external_impact_y12N_t0p25:0062,04_external_impact_y12N_t0p25,40.32499999999996,40.72499999999996,0.00030515073407081956,0.042780477819933,0.12768628790987416,0.06304388068988133,0.14285714285714285,-0.012640147097712062,0.11551391343548285,0.28622056350792896,0.1499560175575717,0.0,0.01968216646501672,0.019752170108520074,0.322102737926401,0.07087858005067992,0.05,-0.14439125049991927,0.14676366591199907,0.3421317054623155,0.16890402893762518,0.42857142857142855,-0.18243925024235635,0.18281717929050884,0.34271829623070565,0.16032366576389498,0.5714285714285714,0.08100000000185625,0.1574999999837095,0.18132838980744734,0.07683770641415288,0.005851432555662725,1.30036659310956,1.2265588107857777,0.03742977671743323,6.857922546456978e-08,1.0,0.018844748117467152,0.031481855051701854,0.011703664924258568,0.8642857142857142,0.7777777777777778,0.09644734940294168,0.4020299305891471,0.38622067316659536,0.020558998393378335,1,1,1,1
05_wheel_block_left_f3N_tau0p08_t0p60:0000,05_wheel_block_left_f3N_tau0p08_t0p60,11.585,11.985000000000001,0.30842710772010035,0.30842710772010035,0.3185140398480875,0.008750256461462306,1.0,2.0734143325978427,2.0734143325978427,2.239426129256662,0.10822392779756759,0.0,5.0967162159299045e-05,0.00010494301367132709,0.00030727531406460253,0.0001263134710711083,0.0,-0.0004249352545117421,0.0009116047546998842,0.0021300446272964468,0.0010409245437577664,0.0,-0.00038115900881376103,0.0009511061115262037,0.002142390696509443,0.0010811315039609632,0.0,0.3499999999903025,0.0,0.00014232122237874996,0.04157289227020213,0.0009116047546998842,0.013807635302922385,0.006324444896830193,0.0046342602235123105,8.797041279069757e-08,1.0,0.009260976413427172,0.009760119607670625,0.0003256969628106654,0.8925925925925927,0.8777777777777778,0.011857637476727504,0.4988767940147749,0.480065580628876,0.010454084047459174,1,1,1,0
05_wheel_block_left_f3N_tau0p08_t0p60:0001,05_wheel_block_left_f3N_tau0p08_t0p60,11.785,12.185,0.3093940238838575,0.3093940238838575,0.32389038242867024,0.009803581871879007,1.0,2.0821168426213785,2.0821168426213785,2.394560338325876,0.19539766917078324,0.0,5.7150904104496875e-05,0.00010475929712720438,0.00030727531406460253,0.00012438075187571742,0.0,-0.0004299285654095616,0.00046736514771514884,0.0012754098456657992,0.0005053511857907977,0.0,-0.00042431739559498,0.0004766168909262264,0.001168063355784497,0.00047592120604411246,0.0,0.3499999999903025,0.0,0.00016321262268975057,0.04060597610644503,0.00046736514771514884,0.01305985946924186,0.005432961858510344,0.003941245150672762,9.668336674583285e-08,1.0,0.009296697433333645,0.010480711826953945,0.00070560646543027,0.8953703703703705,0.8722222222222222,0.01484372179803833,0.4967812198952031,0.480065580628876,0.00846697598342745,1,1,1,0
05_wheel_block_left_f3N_tau0p08_t0p60:0002,05_wheel_block_left_f3N_tau0p08_t0p60,11.985,12.385,0.3066072919214177,0.3066072919214177,0.32389038242867024,0.008414661580843986,1.0,2.033303331262618,2.033303331262618,2.394560338325876,0.18212894033056065,0.0,-5.4373537600450386e-05,0.00016258695637291602,0.00047578692055561884,0.0002023187104034669,0.0,-0.00032060409280170474,0.0003580406751072919,0.0008123057390356991,0.0003729828965130739,0.0,-0.0003346748186787329,0.00042052138166979867,0.000870142869932773,0.000435238358133762,0.0,0.3499999999903025,0.0,0.00017829602899640414,0.04339270806888484,0.0003580406751072919,0.011036285956817644,0.004350978916168619,0.0028142135942388308,9.265045839805753e-08,1.0,0.009443240341300837,0.010480711826953945,0.0006438456391494573,0.889814814814815,0.8722222222222222,0.01518631432116363,0.5053832047535886,0.4992240665201077,0.007996675954518808,1,1,1,0
05_wheel_block_left_f3N_tau0p08_t0p60:0003,05_wheel_block_left_f3N_tau0p08_t0p60,12.184999999999999,12.584999999999999,0.3103402050972135,0.3103402050972135,0.3167493853674897,0.006045357966675478,1.0,2.1229968461664384,2.1229968461664384,2.341216909559205,0.12852365322762743,0.0,-7.640345163632326e-05,0.00019396639519072585,0.00047578692055561884,0.00021753709675967578,0.0,-0.00037243126847920355,0.0004285302369895927,0.0008095787078585714,0.0003433991932600867,0.0,-0.00035952255803129465,0.000494092522119852,0.0008975169423110345,0.00045624748551887696,0.0,0.3499999999903025,0.0,0.00017190753688233889,0.039659794893089025,0.0004285302369895927,0.013151504832213324,0.0055860299356643136,0.004097785678053292,8.423784321109271e-08,1.0,0.009091716037284295,0.00947555171224,0.00046549520610133686,0.8824074074074074,0.8722222222222222,0.006740842490074564,0.5142686083234832,0.503942183100415,0.008493691558043774,1,1,1,0
05_wheel_block_left_f3N_tau0p08_t0p60:0004,05_wheel_block_left_f3N_tau0p08_t0p60,12.384999999999998,12.784999999999998,0.3119394235867337,0.3119394235867337,0.3167493853674897,0.005661880267273452,1.0,2.1176782436633865,2.1176782436633865,2.341216909559205,0.19171356599913697,0.0,0.011674925551868899,0.011811921168577346,0.21534040332480092,0.04689939144076949,0.05,-0.00033291011773525455,0.0004205430753620899,0.0008123553344606258,0.0003720807619039618,0.0,-0.0002983060701693863,0.0005078521661710468,0.0008996143107442669,0.0004966777580312861,0.0,0.3369999999953007,0.021999999989121888,0.008070498239081693,0.0380605764035688,0.0004205430753620899,0.8411092663199711,0.8076453672587174,0.005639698101857951,7.62899535764389e-08,1.0,0.009216008589180952,0.010531214254692962,0.0008367684809920543,0.8907407407407408,0.8722222222222222,0.01861088077985352,0.5146735236208324,0.5054442500016937,0.006815780888210551,1,1,1,0
05_wheel_block_left_f3N_tau0p08_t0p60:0005,05_wheel_block_left_f3N_tau0p08_t0p60,12.584999999999997,12.984999999999998,0.2674957252102126,0.2674957252102126,0.31256705921584804,0.04253014336626819,1.0,1.4505569759614587,1.4505569759614587,2.2749439997007523,0.5819053173399994,0.0,0.02016602221311114,0.020216345640879946,0.21534040332480092,0.04553082632235469,0.05,0.110234765157881,0.11059513303373998,0.22162632736307253,0.11056476407861157,0.5,0.1017663813440417,0.10219132130222845,0.2050731074611561,0.10208547773986502,0.5,0.2719999999966069,0.1319999999591776,0.10953366626230916,0.029790542546531712,0.0005951330636842592,0.8415878622918221,0.8040160115040071,0.014669556210895865,7.111200860717064e-08,1.0,0.013208380675929951,0.018984756400274534,0.004132016065688751,0.8870370370370372,0.8611111111111112,0.024357308218455376,0.5188929770953957,0.5054442500016937,0.012147636155660477,1,1,1,0
05_wheel_block_left_f3N_tau0p08_t0p60:0006,05_wheel_block_left_f3N_tau0p08_t0p60,12.784999999999997,13.184999999999997,0.23521245890129375,0.23521245890129375,0.26508955887324925,0.01806456117481119,1.0,0.8637558014208846,0.8637558014208846,1.015934341588201,0.07813822593629967,0.0,0.017522728958963518,0.017522728958963518,0.018539485486685686,0.0007086846758140335,0.0,0.22130650675162608,0.22130650675162608,0.22217058158168732,0.0007512703899690913,1.0,0.203841025698548,0.203841025698548,0.2050731074611561,0.0008887340314280538,1.0,0.21999999999295888,0.21999999993988512,0.2024880521503598,0.020657075455523196,0.001306506811666455,0.0465707147545276,0.01105818947809187,0.007902832041142747,8.779443610958328e-08,1.0,0.01784126549086291,0.019364454569755368,0.002283463671522773,0.8712962962962961,0.8555555555555555,0.014843721798038334,0.5343154591630994,0.5129372042068358,0.011683105850055105,1,1,1,0
05_wheel_block_left_f3N_tau0p08_t0p60:0007,05_wheel_block_left_f3N_tau0p08_t0p60,12.984999999999996,13.384999999999996,0.24278784157063663,0.24278784157063663,0.26508955887324925,0.012536273522193424,1.0,0.8320870877031953,0.8320870877031953,0.8991177472435372,0.05375562101452205,0.0,0.018163313907725482,0.018163313907725482,0.018563564560482554,0.0002932001790467391,0.0,0.22213394772764025,0.22213394772764025,0.22328493406544175,0.0008304698666581734,1.0,0.20402514272248293,0.20402514272248293,0.20504801022701738,0.0009379227950519966,1.0,0.21999999999307018,0.21999999993931718,0.20182532964110278,0.022787841577588095,0.002133947788208936,0.04769556456547072,0.00978891463191302,0.005922953722728729,7.575437776926985e-08,1.0,0.018998216375925546,0.0200641878386695,0.0006180311832501654,0.8759259259259261,0.8555555555555555,0.011857637476727516,0.5570089912518666,0.5369955985465962,0.01548470636886601,1,1,1,0
05_wheel_block_left_f3N_tau0p08_t0p60:0008,05_wheel_block_left_f3N_tau0p08_t0p60,13.184999999999995,13.584999999999996,0.23753146732446753,0.23753146732446753,0.25229674987045386,0.01363274905261978,1.0,0.8433869993951983,0.8433869993951983,0.9244311675930039,0.06901065403452838,0.0,0.01822211157310859,0.01822211157310859,0.018563564560482554,0.00016528183598285036,0.0,0.22311138148658116,0.22311138148658116,0.22499612347395215,0.0011309750377927346,1.0,0.20491428195329534,0.20491428195329534,0.20677595343414948,0.0011457030484823528,1.0,0.21999999999319925,0.21999999993865532,0.20175460094932318,0.02066151869049461,0.003111381547833058,0.04518509505617963,0.010069432694918137,0.006256019426052268,6.147903669401874e-08,1.0,0.01834769492088596,0.0200641878386695,0.0009405385927281776,0.875,0.8666666666666667,0.01051649693666717,0.5930141669219892,0.5676764647001324,0.021203872792801087,1,1,1,0
05_wheel_block_left_f3N_tau0p08_t0p60:0009,05_wheel_block_left_f3N_tau0p08_t0p60,13.384999999999994,13.784999999999995,0.2362720779009818,0.2362720779009818,0.24650176027771492,0.012775110644587761,1.0,0.8669114548342781,0.8669114548342781,0.941152899701965,0.06720343009929311,0.0,0.018225701886902597,0.018225701886902597,0.018512968439498817,0.00015756547536354613,0.0,0.2243951531152544,0.2243951531152544,0.2264051210589901,0.0012431879463055018,1.0,0.2061107243085618,0.2061107243085618,0.2079654986097752,0.0011039976168463173,1.0,0.21999999999332776,0.2199999999379935,0.20173897915655675,0.01940212926687625,0.004395153177192627,0.044925289807145954,0.010007275351445778,0.005363838191306355,8.187361644696689e-08,1.0,0.017720206887251993,0.018565355442344746,0.0005709105324128255,0.862962962962963,0.8555555555555555,0.004140866624999628,0.6269083145530839,0.6100837200634287,0.014464419746773292,1,1,1,0
05_wheel_block_left_f3N_tau0p08_t0p60:0010,05_wheel_block_left_f3N_tau0p08_t0p60,13.584999999999994,13.984999999999994,0.2011181524863509,0.2011181524863509,0.24650176027771492,0.048092971853675476,1.0,0.7453642506789836,0.7453642506789836,0.941152899701965,0.17834214264103304,0.0,0.00225812005255313,0.016048457217097554,0.10847275476384328,0.027687857293999762,0.05,0.02153034837655937,0.20349044103532007,0.2264051210589901,0.20711319920610416,1.0,0.02882758777289582,0.1777827104322043,0.22141744668086677,0.19088563001968717,0.8333333333333334,0.21999999999318956,0.219999999925317,0.20297761663516853,0.03835548521629845,0.003684593352482284,0.6534363568477551,0.6246856494751307,0.007510710581459117,8.084035814762154e-08,1.0,0.01754247647314848,0.018872056350433597,0.0010216485772082506,0.8388888888888889,0.7888888888888889,0.033793125168323467,0.6448996993378056,0.6318574828383536,0.008588388995617561,1,0,1,0
05_wheel_block_left_f3N_tau0p08_t0p60:0011,05_wheel_block_left_f3N_tau0p08_t0p60,13.784999999999993,14.184999999999993,0.15125284120629132,0.15125284120629132,0.21917083515636857,0.031871725407518835,1.0,0.5727773159638433,0.5727773159638433,0.8384080546047264,0.13362545819409247,0.0,-0.006860529875733989,0.007007001175623498,0.10847275476384328,0.023626686694438275,0.05,-0.20062940097358115,0.20062940097358115,0.22146273496460278,0.042841392184595324,1.0,-0.1841442063616456,0.1841442063616456,0.22141744668086677,0.07789980789282501,0.8333333333333334,0.21999999999273098,0.21999999992880706,0.21215678513768638,0.06874715878669661,0.0015248439435918875,0.6535967421162041,0.624285252341947,0.007649935695590131,6.592926752971446e-08,1.0,0.017251425696797957,0.01906143830939239,0.0012688783363060986,0.7972222222222222,0.7722222222222223,0.03450860213626708,0.6455082028623426,0.6330306794987237,0.006994844593603492,1,1,1,0
05_wheel_block_left_f3N_tau0p08_t0p60:0012,05_wheel_block_left_f3N_tau0p08_t0p60,13.984999999999992,14.384999999999993,0.138244991576746,0.138244991576746,0.15259712719573182,0.012015508700931543,1.0,0.5255782692953123,0.5255782692953123,0.6182157307206041,0.05820027497722961,0.0,8.976573223393458e-05,0.00017692605716690125,0.0005040096156090912,0.00021175258501650933,0.0,-0.2194483255287262,0.2194483255287262,0.22041795653059204,0.0006558662905980237,1.0,-0.2194702066244639,0.2194702066244639,0.22046647337204345,0.0006778334797064536,1.0,0.2199999999925378,0.21999999994409397,0.2201006924861845,0.08175500841577724,0.0006909932777976272,0.050730740279628976,0.010717820531678768,0.007402305779369834,6.228486788709771e-08,1.0,0.017105826190261134,0.01906143830939239,0.0009575909775648647,0.7787037037037038,0.7722222222222223,0.008124967025363047,0.6246511221495566,0.5754599967403985,0.024409734434132573,1,1,1,0
05_wheel_block_left_f3N_tau0p08_t0p60:0013,05_wheel_block_left_f3N_tau0p08_t0p60,14.184999999999992,14.584999999999992,0.1347672364616415,0.1347672364616415,0.1520568597701047,0.01511126939077126,1.0,0.5251940301343015,0.5251940301343015,0.5951588766680311,0.06065020496135541,0.0,5.607264083420105e-05,0.00016597621528453843,0.0003804270415365685,0.0001979813581848922,0.0,-0.21917862832647397,0.21917862832647397,0.22041795653059204,0.0011427712068714068,1.0,-0.21919997967010052,0.21919997967010052,0.22046647337204345,0.0011487283171915813,1.0,0.2199999999926389,0.219999999942961,0.22003540024151858,0.08523276353097127,0.001093264111432399,0.050001876025143,0.009029285993180943,0.0053684394570941915,7.39226383489801e-08,1.0,0.01662124301128937,0.017278762893898517,0.00037990409744228826,0.7712962962962964,0.75,0.01338595582851939,0.5952271339321591,0.5754599967403985,0.021899458025015247,1,1,1,0
05_wheel_block_left_f3N_tau0p08_t0p60:0014,05_wheel_block_left_f3N_tau0p08_t0p60,14.384999999999991,14.784999999999991,0.13683519323135976,0.13683519323135976,0.15086544492955967,0.01371084272934359,1.0,0.547162628103374,0.547162628103374,0.5951588766680311,0.05633889370777031,0.0,-4.145852693442087e-05,0.00015288695615518766,0.00041723212954147826,0.00019095408808777933,0.0,-0.218879318550846,0.218879318550846,0.22070307522844043,0.0012508293810344702,1.0,-0.21886265458161733,0.21886265458161733,0.22049072824698918,0.0011908821324090495,1.0,0.21999999999275097,0.21999999994193042,0.21996802397998091,0.08316480676136136,0.0014876134526060657,0.049443450461290235,0.010174922006345873,0.004749091265235077,1.0606085727701046e-07,1.0,0.01618241034692817,0.016550458190185642,0.00038715875132030764,0.7574074074074074,0.7444444444444445,0.009442628728875548,0.5728347865008131,0.5537096098422359,0.01064905286399168,1,1,1,0
05_wheel_block_left_f3N_tau0p08_t0p60:0015,05_wheel_block_left_f3N_tau0p08_t0p60,14.58499999999999,14.98499999999999,0.06937312163310001,0.09319227703725176,0.14962692224045898,0.08559750310550138,0.5714285714285714,0.2693186483822808,0.391062755772214,0.5926632818530757,0.3573386043567395,0.0,0.018324672509808092,0.01851142106135291,0.1936271344174004,0.055170251425154825,0.1,-0.1277402271261052,0.1281544199394692,0.22070307522844043,0.10560137552994821,0.5714285714285714,-0.15408099537125763,0.15449262900910354,0.22049072824698918,0.09775748700179582,0.7142857142857143,0.13420000000430032,0.1341999999720212,0.15516507062827628,0.05983360163486747,0.001204039050968416,1.4045658730733424,1.333531775795476,0.016372441198530624,1.5009930088965766e-07,1.0,0.012981706083022277,0.016550458190185642,0.004877603304418915,0.8063492063492064,0.7444444444444445,0.08806305718527109,0.5541715298177607,0.538081366509393,0.01041653996424022,1,1,1,0
05_wheel_block_left_f3N_tau0p08_t0p60:0016,05_wheel_block_left_f3N_tau0p08_t0p60,14.78499999999999,15.18499999999999,0.008696827990883336,0.033905262065007095,0.14400671928080727,0.059518784854096826,0.14285714285714285,0.02288007346435922,0.16076324412068801,0.5809570352039382,0.24891543254126736,0.0,0.01832388205124664,0.018490119541667984,0.1936271344174004,0.05517039670501291,0.1,-0.033827974582468896,0.03440190853358145,0.21918989108314077,0.07595859664895555,0.14285714285714285,-0.060173201545385455,0.06074401739956536,0.21911199114810695,0.095572629981707,0.2857142857142857,0.024200000007889022,0.02420000000127377,0.04525108239509028,0.027017627994674654,0.0006786394891958163,1.4041488916869287,1.3388147093834735,0.008065710584121071,1.2604587362994794e-07,1.0,0.008102727707589633,0.016023695975609698,0.005020605764656101,0.9111111111111112,0.75,0.10640841753710713,0.5424775509180626,0.532655478820877,0.007497764742409968,1,1,1,1
05_wheel_block_left_f3N_tau0p08_t0p60:0017,05_wheel_block_left_f3N_tau0p08_t0p60,14.984999999999989,15.38499999999999,-0.0016027026134896386,0.003924613790279003,0.006572329666061503,0.003923812712999874,0.0,-0.01922659290921989,0.0479035463977677,0.08002920539021974,0.04848222184612146,0.0,-2.9734288158971016e-05,0.0001471521081228137,0.0004927812298701427,0.00017763299983854667,0.0,-2.6590049903778377e-05,0.00038766094679128053,0.0010247534791074488,0.0005093156445688243,0.0,-6.192824029339194e-05,0.0003760234016864047,0.0011554933752716005,0.0005240707102791521,0.0,0.0,0.0,0.00017377018972222197,0.003924613790279003,0.00038766094679128053,0.016110739610342033,0.006680305187201995,0.0046393684274946044,9.380348114533552e-08,1.0,0.004398366450215247,0.005039403716904321,0.0003655113113746166,0.9972222222222222,0.9944444444444445,0.002777777777777768,0.5358739561977032,0.532655478820877,0.0018928437356753155,1,1,1,1
05_wheel_block_left_f3N_tau0p08_t0p60:0018,05_wheel_block_left_f3N_tau0p08_t0p60,15.184999999999988,15.584999999999988,-0.0011017243143021458,0.004246652230719118,0.006572329666061503,0.004432015077869271,0.0,-0.013056022955720614,0.05186402190274506,0.08002920539021974,0.05433377711768236,0.0,-2.9995120341654366e-05,0.00019944911055064688,0.0004927812298701427,0.00024205029305471838,0.0,-0.00020757507866147373,0.0006673659079997926,0.001321586664529499,0.0007746233131934233,0.0,-0.0002849846160308059,0.0006630717122139547,0.0012687591943259984,0.0007371811935562923,0.0,0.0,0.0,0.00016577276250789307,0.004246652230719118,0.0006673659079997926,0.014079469663723995,0.006225686708205873,0.004628733386879069,8.983463549510527e-08,1.0,0.004316214614833099,0.004679807071756363,0.0002522256059006525,0.9953703703703703,0.9944444444444445,0.002070433312499798,0.5370768342494361,0.534523389983951,0.002393952605591848,1,1,1,1
05_wheel_block_left_f3N_tau0p08_t0p60:0019,05_wheel_block_left_f3N_tau0p08_t0p60,15.384999999999987,15.784999999999988,0.1354647874047448,0.13690667266096476,0.2967922575754547,0.13586645453557092,0.5,1.1740598193995568,1.190678632095163,3.207747180499811,1.2474280940366975,0.16666666666666666,0.0021936627056030047,0.002341859756883882,0.02427571914045816,0.00600266024637022,0.0,-0.0001684976270345444,0.0006329924638789834,0.001321586664529499,0.0007430904662759033,0.0,-0.0013014365976578893,0.0015511411181710335,0.005274650740098967,0.0019091016132726023,0.0,0.11999999998542399,5.215201490034069e-12,0.0019764923497693756,0.01628391748339468,0.0006329924568769871,1.8907350629593827,1.7555434536133003,0.005312983797753668,7.518191541372542e-08,1.0,0.0058733988996148845,0.008380518914906434,0.0016997685299294976,0.9666666666666667,0.8888888888888888,0.0427934074381161,0.5376294458099903,0.5351450083342384,0.0020641431284444804,0,1,1,0
05_wheel_block_left_f3N_tau0p08_t0p60:0020,05_wheel_block_left_f3N_tau0p08_t0p60,15.584999999999987,15.984999999999987,0.2648648627510893,0.2648648627510893,0.2967922575754547,0.015055892645471561,1.0,2.1050921275715564,2.1050921275715564,3.207747180499811,0.5062747120448328,0.16666666666666666,0.0023053824752353055,0.002362881959488724,0.02427571914045816,0.005961602726271521,0.0,-0.00020217716401058774,0.00038158740769754957,0.0008127194291070719,0.00042798207010720084,0.0,-0.0014857013522387352,0.0014857013522387352,0.005274650740098967,0.0017245142932025897,0.0,0.2699999999810332,1.546341402503551e-11,0.0020231754781222426,0.03513513722611331,0.0003815873904473407,1.8907417664513413,1.7550891080055913,0.004827522002161833,7.426374993072895e-08,1.0,0.00791105084317141,0.00965145459624499,0.0013592947336061442,0.9222222222222222,0.8833333333333333,0.03875638803047474,0.5401078728744871,0.5348645332227587,0.005807302095405095,0,1,1,0
05_wheel_block_left_f3N_tau0p08_t0p60:0021,05_wheel_block_left_f3N_tau0p08_t0p60,15.784999999999986,16.184999999999985,0.2631066558703659,0.2631066558703659,0.27848494858396955,0.0076819190576460535,1.0,1.9503436988586882,1.9503436988586882,2.204586962706934,0.1667460720685111,0.0,0.00021775822887099065,0.00026367570051430146,0.0005624108124104894,0.00021444543645539676,0.0,-0.00020152225464190176,0.00036432008394223354,0.0005844767960259985,0.00035925195382726976,0.0,-0.00044702343533738464,0.0005168337488161923,0.0008897849147094495,0.00038818640463181216,0.0,0.2999999999912184,2.0496425070002885e-11,0.00026408190254315354,0.03689334412085244,0.0003643200702779501,0.014297817257778258,0.005721547637567627,0.004365750957677076,8.348680920038672e-08,1.0,0.008320335043559652,0.00965145459624499,0.0006654246542362252,0.8972222222222223,0.8555555555555555,0.026008466491089177,0.5364626604831211,0.5219257033317384,0.009563464556715973,1,1,1,0
05_wheel_block_left_f3N_tau0p08_t0p60:0022,05_wheel_block_left_f3N_tau0p08_t0p60,15.984999999999985,16.384999999999984,0.26333546368491906,0.26333546368491906,0.27848494858396955,0.007832949022888221,1.0,1.9237279473203934,1.9237279473203934,2.204586962706934,0.15699401080996056,0.0,0.0002657661383945283,0.00027592605681907653,0.0005624108124104894,0.00016064337296766077,0.0,-0.00023687862869866652,0.00039967645799899817,0.0005864654339997798,0.00036826979791065666,0.0,-0.0003686834372311038,0.0005309139179878912,0.0008712675087907222,0.0005006643395786546,0.0,0.2999999999912184,2.0496425070002885e-11,0.00027615900898853626,0.036664536306299324,0.00039967644433471487,0.013873128457942358,0.006700566359867221,0.004513559059921848,9.300571654783311e-08,1.0,0.008452050286630973,0.009371822614156334,0.0005664831360049031,0.8990740740740741,0.8555555555555555,0.025340615154451896,0.5243242430660565,0.5135771890524637,0.007373252698961895,1,1,1,0
05_wheel_block_left_f3N_tau0p08_t0p60:0023,05_wheel_block_left_f3N_tau0p08_t0p60,16.184999999999985,16.584999999999983,0.2586818130876416,0.2586818130876416,0.2653937100494943,0.004960777902341632,1.0,1.778212064645331,1.778212064645331,1.8837075055554022,0.07766892400221102,0.0,0.00025882746446404366,0.00025882746446404366,0.0005516171499160208,0.00013260881460698228,0.0,-0.00025881038153136027,0.00039901054319378015,0.0005864654339997798,0.00034539723790107444,0.0,-0.00048312998524585224,0.0005755501525238321,0.0009400679606146188,0.0004419337785928409,0.0,0.2999999999912273,2.054197268126956e-11,0.0002620429936777106,0.04131818690359161,0.00039901052960540943,0.013002854907365063,0.006956689789395726,0.005028140684731144,7.969136870431857e-08,1.0,0.009028133760545001,0.009371822614156334,0.0003079960071528252,0.9092592592592593,0.8944444444444445,0.012695656667409341,0.5150051323672141,0.5000953346626777,0.00743336383208671,1,1,1,0
05_wheel_block_left_f3N_tau0p08_t0p60:0024,05_wheel_block_left_f3N_tau0p08_t0p60,16.384999999999984,16.784999999999982,0.26063307218001436,0.26063307218001436,0.2735805203108489,0.006912654983099315,1.0,1.8155399092884885,1.8155399092884885,2.034823807001495,0.12828216729651615,0.0,0.00026711272679876604,0.00026711272679876604,0.0004907409822802459,0.00013329851423814164,0.0,0.00016082246247594139,0.0006818697157701001,0.001171442012200741,0.0007278738230293342,0.0,-0.00018977865167711671,0.0006331082910463995,0.0009866299527982855,0.0006795539007168593,0.0,0.2999999999912717,2.0769710737602937e-11,0.00030394164061542134,0.039366927811263254,0.0006818697159219255,0.015320617950477821,0.007426155329013299,0.005097880686589736,8.748617732126693e-08,1.0,0.008912781681209554,0.009435527171911385,0.0004880313362985195,0.9055555555555556,0.8777777777777778,0.01571348402636774,0.5122376683689112,0.5000953346626777,0.007226420079060793,1,1,1,0
05_wheel_block_left_f3N_tau0p08_t0p60:0025,05_wheel_block_left_f3N_tau0p08_t0p60,16.584999999999983,16.98499999999998,0.2613422498320021,0.2613422498320021,0.2735805203108489,0.007145244987273531,1.0,1.861426883354386,1.861426883354386,2.034823807001495,0.13997248109809513,0.0,0.0002646598884646109,0.0002775965250501443,0.00052008800385891,0.00016173608200561047,0.0,5.6752741322526865e-05,0.0007307799172706683,0.001171442012200741,0.0008192715968937443,0.0,-0.00020835377635071312,0.000676514838474598,0.001300222938413875,0.0007635798154760518,0.0,0.2999999999913072,2.095190118266963e-11,0.000307595128651186,0.03865775015930507,0.0007307799172706683,0.015376639253945171,0.006830367951638687,0.004541940409537442,9.187081168433861e-08,1.0,0.008697921596697964,0.009506414516475055,0.0005730867986196798,0.9083333333333335,0.8777777777777778,0.017786456215091267,0.5104913363471618,0.49920360541284897,0.006970138780662904,1,1,1,0
05_wheel_block_left_f3N_tau0p08_t0p60:0026,05_wheel_block_left_f3N_tau0p08_t0p60,16.784999999999982,17.18499999999998,0.2596789162914682,0.2596789162914682,0.2728495145714841,0.007847327520723278,1.0,1.8135400436608264,1.8135400436608264,2.006668901569408,0.14279349508126185,0.0,0.00026118106474705297,0.0002741177013325864,0.0006197005981361633,0.00017748892857086178,0.0,0.0002081733328452706,0.0006481993513332516,0.001089530426197522,0.0006931643370707563,0.0,-8.577133028355395e-07,0.0005551342505897139,0.001300222938413875,0.0007037019921098315,0.0,0.2999999999913072,2.095190118266963e-11,0.0002829026628042763,0.04032108369983894,0.0006481993583172186,0.013153061522704465,0.00555853453045824,0.003172489409343473,9.407885964188138e-08,1.0,0.008895346961294506,0.009506414516475055,0.000552381215571911,0.9092592592592593,0.8944444444444445,0.012695656667409343,0.5162965420339205,0.49920360541284897,0.014772770740526416,1,1,1,0
05_wheel_block_left_f3N_tau0p08_t0p60:0027,05_wheel_block_left_f3N_tau0p08_t0p60,16.98499999999998,17.38499999999998,0.2596466261988878,0.2596466261988878,0.2728495145714841,0.006739832702770173,1.0,1.7884756196842437,1.7884756196842437,2.006668901569408,0.11357427985139606,0.0,0.00024729936119034416,0.0002539691457415118,0.0006197005981361633,0.0001682481416481992,0.0,0.0005052548410841564,0.0005546153179619159,0.0009417589882250179,0.0004178145062257359,0.0,0.0002491150112038224,0.00048580924291725583,0.0008091413166874111,0.0004893480950514853,0.0,0.2999999999913072,2.095190118266963e-11,0.00026970271848689295,0.040353373792419434,0.0005546153319298499,0.012973877681486742,0.006056860791985042,0.0038614053739469537,9.890946975972714e-08,1.0,0.009018562326420497,0.009394815325353334,0.00038984074421295544,0.900925925925926,0.8944444444444445,0.00674084249007453,0.5350273405116449,0.5035866788070034,0.01645410662345818,1,1,1,0
05_wheel_block_left_f3N_tau0p08_t0p60:0028,05_wheel_block_left_f3N_tau0p08_t0p60,17.18499999999998,17.58499999999998,0.2608404721044954,0.2608404721044954,0.2687616317769592,0.004021918690690806,1.0,1.8166000646434861,1.8166000646434861,1.9212271449758858,0.08505134526307244,0.0,0.00019459430558766197,0.00020686010686716354,0.0006466668539752094,0.00016905124576847887,0.0,6.0171856037388575e-05,0.0005195737929458388,0.0009201800769735912,0.0006358506397721335,0.0,-0.00030483275182701503,0.000687125873558503,0.0015150590352389997,0.0007362227111547032,0.0,0.2999999999913072,2.095190118266963e-11,0.00025106730189280145,0.039159527886811825,0.0005195737929458388,0.012354943343855946,0.006224408428284305,0.004301906147287865,8.89633960355976e-08,1.0,0.008899485502272795,0.009399030094639887,0.0003735727639579388,0.9,0.8944444444444445,0.00641500299099582,0.5353456772441354,0.518363737923706,0.013469508777558278,1,1,1,0
05_wheel_block_left_f3N_tau0p08_t0p60:0029,05_wheel_block_left_f3N_tau0p08_t0p60,17.38499999999998,17.78499999999998,0.26620623284914396,0.26620623284914396,0.2757439437396104,0.005751153160893003,1.0,1.9204411073789494,1.9204411073789494,2.0785525746695694,0.12496284302579182,0.0,0.00026868431693107475,0.0002742803336594087,0.0006466668539752094,0.00017907352206875395,0.0,-4.676191730232088e-05,0.0005096643399829032,0.0009201800769735912,0.0005916558113277604,0.0,-0.00047531361253706116,0.0007387462830711019,0.0015150590352389997,0.0006840398758362767,0.0,0.2999999999913072,2.095190118266963e-11,0.00029106127107101824,0.03379376714216325,0.0005096643329989362,0.01341358956763151,0.006507539384621646,0.004394590168475901,7.858651762632325e-08,1.0,0.008562629181793006,0.009399030094639887,0.0005031884273964733,0.9055555555555556,0.8944444444444445,0.011564811108145176,0.5161235301717895,0.49846919160202496,0.012219883956732309,1,1,1,0
05_wheel_block_left_f3N_tau0p08_t0p60:0030,05_wheel_block_left_f3N_tau0p08_t0p60,17.58499999999998,17.984999999999978,0.26863132421067504,0.26863132421067504,0.2815548275918236,0.00827418465124249,1.0,2.07906766049171,2.07906766049171,2.524600662479793,0.21307470659941533,0.0,0.0003502420099426964,0.0003661934720975282,0.0007330828542295644,0.00018496000910204563,0.0,-0.00012469252338572702,0.00040464820374476137,0.0010219139471182546,0.0004966665545731648,0.0,-0.0004990487587533618,0.0005856674471447167,0.0012306936870288899,0.0004827821115039578,0.0,0.29999999999130667,2.0954747908373795e-11,0.00034027164023216064,0.031368675780630996,0.0004046481967546264,0.014130587366342737,0.005606943027681875,0.0035247499795972286,6.556176534047478e-08,1.0,0.007927641626314054,0.00892621774686772,0.0007215170464373315,0.9018518518518519,0.8666666666666667,0.02020131873080688,0.5010294891757737,0.4826032189952218,0.011807272676328185,1,1,1,0
05_wheel_block_left_f3N_tau0p08_t0p60:0031,05_wheel_block_left_f3N_tau0p08_t0p60,17.78499999999998,18.184999999999977,0.2706032140003446,0.2706032140003446,0.2815548275918236,0.00835962078340913,1.0,2.121756583007064,2.121756583007064,2.524600662479793,0.18636917506736567,0.0,0.0003507524446997025,0.00036670390685453424,0.0007618084440225569,0.00021794604676352578,0.0,-0.0008739433858538471,0.0013293658968712857,0.0037980091232038262,0.001573666090721022,0.0,-0.0011798352205365783,0.001469675611918352,0.00428788034414646,0.0016247439347492458,0.0,0.29999999999130667,2.0954747908373795e-11,0.0003240954168476023,0.029396785990961388,0.0013293658898811506,0.013536403355153766,0.0052569283622613625,0.0032822612605996025,8.660431698185543e-08,1.0,0.007787367151648006,0.008315618625291529,0.0005815740528577943,0.900925925925926,0.8666666666666667,0.019088451970452138,0.48537077017934194,0.4714834996890821,0.014466348891122046,1,1,1,0
05_wheel_block_left_f3N_tau0p08_t0p60:0032,05_wheel_block_left_f3N_tau0p08_t0p60,17.984999999999978,18.384999999999977,0.2745393845315409,0.2745393845315409,0.2785489753498119,0.003368532072004464,1.0,2.0718489386959695,2.0718489386959695,2.113301534389144,0.034603058970237535,0.0,0.0002702761123264307,0.0002735622918769473,0.0007618084440225569,0.00020008443845051063,0.0,-0.0012656264203050479,0.0016127881415379309,0.0037980091232038262,0.0014278944660574735,0.0,-0.0014256110857711337,0.001715451477152908,0.00428788034414646,0.0015288536423046619,0.0,0.299999999989502,1.9323574079886062e-11,0.00024960422624844837,0.025460615458316693,0.0016127881288737968,0.014208186147409091,0.005998804393627391,0.00464040339265768,8.08154033043427e-08,1.0,0.00810279666407448,0.008523419276965595,0.0002633535318271265,0.9101851851851852,0.8944444444444445,0.011748682907823636,0.45782058843865286,0.4295871091831889,0.0186327721113234,1,1,1,0
05_wheel_block_left_f3N_tau0p08_t0p60:0033,05_wheel_block_left_f3N_tau0p08_t0p60,18.184999999999977,18.584999999999976,0.2735291116424203,0.2735291116424203,0.2785489753498119,0.003944647092944592,1.0,2.055345262053279,2.055345262053279,2.113301534389144,0.046318581609743135,0.0,6.826971775351269e-05,0.00020276196813098953,0.0004330505344587885,0.00023323615156976485,0.0,-0.0010568304686541345,0.0010568304686541345,0.0014670233270878785,0.00041729844217175426,0.0,-0.0010977598224527518,0.0010977598224527518,0.0016608921901310912,0.00045853326718586074,0.0,0.29999999997692317,1.1443837330751615e-11,0.0001917309425351684,0.02647088833535184,0.0010568304595446121,0.014301625080669761,0.00603090645665475,0.003875337600968994,5.303622618203214e-08,1.0,0.008144938722708033,0.008523419276965595,0.0002850677821895091,0.9222222222222224,0.9,0.013981174880131012,0.4355526059110615,0.404374950552191,0.015886025734130272,1,1,1,0
05_wheel_block_left_f3N_tau0p08_t0p60:0034,05_wheel_block_left_f3N_tau0p08_t0p60,18.384999999999977,18.784999999999975,0.2750434064747421,0.2750434064747421,0.2850345276534024,0.006040725223532563,1.0,2.185984592041827,2.185984592041827,2.5616271492495932,0.1978311950165555,0.0,-0.00015413271601513994,0.00022164415321829887,0.0005660172243054972,0.00021520756491934313,0.0,-0.0009829175738723841,0.0009829175738723841,0.0023213102259947603,0.0008061383354718843,0.0,-0.0007965113091314722,0.0009512846199251213,0.0019606245682128936,0.0008990290804136337,0.0,0.29999999995422244,1.3043697176493504e-11,0.00021291923503013,0.024956593480611775,0.0009829175838330772,0.014642301515676808,0.006095049065469642,0.00448756122048856,6.072943687342507e-08,1.0,0.007670396753694686,0.008367540434885225,0.0006086835993436374,0.9212962962962963,0.8888888888888888,0.01908845197045214,0.41887363791360493,0.404374950552191,0.01773154941690339,1,1,1,0
05_wheel_block_left_f3N_tau0p08_t0p60:0035,05_wheel_block_left_f3N_tau0p08_t0p60,18.584999999999976,18.984999999999975,0.27720031292213504,0.27720031292213504,0.2850345276534024,0.006148998636485803,1.0,2.271133174454888,2.271133174454888,2.5616271492495932,0.18330392625829126,0.0,-0.0001259817956324372,0.0002323350983074058,0.0005660172243054972,0.00024389198218848513,0.0,-0.0009448117006930391,0.0009448117006930391,0.0023213102259947603,0.0008033031436451187,0.0,-0.0006946346028911167,0.0008494079136847658,0.0019606245682128936,0.0009238775704423701,0.0,0.299999999946452,2.5586370629053612e-11,0.000245023399060301,0.022799687022787018,0.0009448117191929607,0.014418539944265014,0.006425789562026416,0.004990078962129222,7.452149461164014e-08,1.0,0.007391990049680647,0.008459279030671658,0.0006081294829418148,0.9138888888888891,0.8888888888888888,0.018907942459872356,0.3996294084791469,0.3866502015816096,0.008242487176037884,1,1,1,0
05_wheel_block_left_f3N_tau0p08_t0p60:0036,05_wheel_block_left_f3N_tau0p08_t0p60,18.784999999999975,19.184999999999974,0.2777858552367779,0.2777858552367779,0.2832863568128935,0.004276855615375971,1.0,2.226892864776166,2.226892864776166,2.3789108196927304,0.14873795100198567,0.0,9.107054728462769e-05,0.00020855316998787455,0.0004624843290284576,0.00023743500190079734,0.0,-0.0009892279305608418,0.0009892279305608418,0.0017117685901356433,0.0004078119441942935,0.0,-0.0010189765181002302,0.0010189765181002302,0.0019261079118672786,0.000560627933284827,0.0,0.29999999997095794,2.5614837886095275e-11,0.00024547514732503075,0.02221414473201194,0.0009892279286867474,0.014638367311902416,0.006568848789919875,0.005242828886593393,7.131271427738563e-08,1.0,0.007580209717548097,0.00845947740530696,0.000636635756347642,0.925925925925926,0.8944444444444445,0.016871173294711637,0.39010455588695386,0.38354669760637483,0.003998851947345189,1,1,1,0
05_wheel_block_left_f3N_tau0p08_t0p60:0037,05_wheel_block_left_f3N_tau0p08_t0p60,18.984999999999975,19.384999999999973,0.2765223601836007,0.2765223601836007,0.28200637359765807,0.00428235505170816,1.0,2.2451268325300653,2.2451268325300653,2.4061381765528616,0.1335453178021184,0.0,0.00024756614962796796,0.00025954444063282136,0.0005011794693948017,0.0001723496610427733,0.0,-0.0009799018433211718,0.0010142221615842817,0.0019141265221249947,0.0006083404495516553,0.0,-0.0012345680597158188,0.0012345680597158188,0.002309819382262319,0.0006014029977749305,0.0,0.2999999999913072,2.0951901182669614e-11,0.00028808783446199985,0.023477639807706466,0.0010142221476163473,0.014772165303827757,0.005815737620977084,0.003449219635416085,6.81836803845276e-08,1.0,0.007458047932953099,0.00845947740530696,0.0005657421424631847,0.9287037037037038,0.9111111111111111,0.012178654109227673,0.3886576678105969,0.3747783320978198,0.007533627703226454,1,1,1,0
05_wheel_block_left_f3N_tau0p08_t0p60:0038,05_wheel_block_left_f3N_tau0p08_t0p60,19.184999999999974,19.584999999999972,0.2552019167713054,0.2552019167713054,0.2894992203214408,0.04630036702984861,1.0,2.0059365259106983,2.0059365259106983,2.4061381765528616,0.5281982357484557,0.0,0.0166589628819069,0.016685078257974557,0.24112656002471772,0.052530836605446656,0.05,0.05709995255546175,0.058831630630460124,0.3476917886029763,0.12995824673107922,0.16666666666666666,0.04644283968239416,0.0486521200633295,0.285284879237171,0.10681530809898945,0.16666666666666666,0.2759999999945961,0.06999999998773943,0.04847432831353808,0.02479808322501671,0.001267701048236389,0.847091741499889,0.801680336465256,0.005556865277268552,9.200472279618521e-08,1.0,0.008090835786818507,0.01118992929456334,0.0014477973444502995,0.924074074074074,0.9111111111111111,0.009442628728875534,0.39249403440966146,0.3747783320978198,0.008330408017170719,1,1,1,0
05_wheel_block_left_f3N_tau0p08_t0p60:0039,05_wheel_block_left_f3N_tau0p08_t0p60,19.384999999999973,19.78499999999997,0.2201352713310074,0.2201352713310074,0.2894992203214408,0.045664667285639754,1.0,1.1669470928166399,1.1669470928166399,2.3820239290372043,0.7505862239839745,0.0,0.027182270040089922,0.027200143652322612,0.24112656002471772,0.050289995741171274,0.05,0.22946706553197416,0.230203687481233,0.3476917886029763,0.16304594389906157,0.6666666666666666,0.20783596228178358,0.20873976578149409,0.32358524246546905,0.14848313057821194,0.6666666666666666,0.21599999999580177,0.244999999945815,0.21253997909149164,0.02332583119300895,0.0038662677255043073,0.8478515617337938,0.7955628359897413,0.014939647964254042,1.1298385916086104e-07,1.0,0.016072427692833083,0.024685299838884452,0.007395283432540007,0.8546296296296295,0.7333333333333333,0.07599928705174223,0.3851072272643165,0.36466638118812256,0.01342938833212821,1,1,1,0
05_wheel_block_left_f3N_tau0p08_t0p60:0040,05_wheel_block_left_f3N_tau0p08_t0p60,19.584999999999972,19.98499999999997,0.20127183853032093,0.20127183853032093,0.2268474271506244,0.01450820817933214,1.0,0.5841174801390421,0.5841174801390421,0.6436973101228698,0.03787511867549963,0.0,0.02084987466174954,0.02084987466174954,0.02608620722704763,0.002219738945898907,0.0,0.34343186734556247,0.34343186734556247,0.3457373861432992,0.0016751404662690567,1.0,0.3225322971495731,0.3225322971495731,0.32464854200285376,0.0021297794400703595,1.0,0.17999999999371852,0.349999999937103,0.32914043094224654,0.021271838536602417,0.006568132591540499,0.06069551954706411,0.013248608719399098,0.010483720893828138,9.304178286341632e-08,1.0,0.022555190226101345,0.024685299838884452,0.0017419460763415284,0.7703703703703703,0.7333333333333333,0.02933885095880531,0.3850750909592107,0.36466638118812256,0.014545745022315785,1,1,1,0
05_wheel_block_left_f3N_tau0p08_t0p60:0041,05_wheel_block_left_f3N_tau0p08_t0p60,19.78499999999997,20.18499999999997,0.1995262023379506,0.1995262023379506,0.2268474271506244,0.014991332693002091,1.0,0.5576250842618643,0.5576250842618643,0.6147776100326038,0.04436032561710365,0.0,0.024931417736023122,0.024931417736023122,0.031057755892482997,0.004948728475950436,0.0,0.3448434955414086,0.3448434955414086,0.3494240285503443,0.002747638358292464,1.0,0.32068532053197546,0.32068532053197546,0.32464854200285376,0.003480377710332566,1.0,0.17999999999380067,0.3499999999366816,0.32523947376060547,0.019526202344175445,0.005156504395404012,0.0674258465386895,0.012695889007318788,0.01046004002197435,7.441593642562125e-08,1.0,0.023489672078829554,0.02578599823459057,0.002101935216796577,0.7768518518518518,0.7444444444444445,0.021134652241691337,0.3968576621550996,0.38189214071129923,0.011147826267039772,1,1,1,0
05_wheel_block_left_f3N_tau0p08_t0p60:0042,05_wheel_block_left_f3N_tau0p08_t0p60,19.98499999999997,20.38499999999997,0.18991063882889037,0.18991063882889037,0.2067286639633623,0.015808733937868993,1.0,0.5425081470718196,0.5425081470718196,0.6620736741058589,0.06635468354794904,0.0,0.030137609241571984,0.030137609241571984,0.03112009272441535,0.0015088423452084988,0.0,0.3473500595032754,0.3473500595032754,0.3494240285503443,0.001680147669757814,1.0,0.3176064763723068,0.3176064763723068,0.3203279186841719,0.0018681470739026977,1.0,0.17999999999401384,0.3499999999355886,0.3199736555873013,0.01663895514640925,0.0026499404324744603,0.06418449731212976,0.013172782962515011,0.0065112015029546305,7.883997295810096e-08,1.0,0.02311013004859698,0.02578599823459057,0.0026500954513284294,0.7712962962962964,0.7111111111111111,0.03198132599846396,0.40786862134649876,0.38189214071129923,0.016189283081375364,1,1,1,0
05_wheel_block_left_f3N_tau0p08_t0p60:0043,05_wheel_block_left_f3N_tau0p08_t0p60,20.18499999999997,20.58499999999997,0.19136788681598246,0.19136788681598246,0.21501206065828596,0.017535491308129467,1.0,0.5336483839096477,0.5336483839096477,0.6620736741058589,0.06829412663665906,0.0,0.030773420663112876,0.030773420663112876,0.03112009272441535,0.00022050313154588054,0.0,0.351015078387253,0.351015078387253,0.3558721639478581,0.0031107444649072988,1.0,0.32026080596632206,0.32026080596632206,0.3250926851193464,0.003073007736275256,1.0,0.17999999999424254,0.34999999993441566,0.3192575066830786,0.018096203133261938,0.002911705918398441,0.06097796254281153,0.010654745636116254,0.006184070505691072,7.66651049944605e-08,1.0,0.02375338719724408,0.028588776839515887,0.0033264132216176733,0.7675925925925925,0.7111111111111111,0.030330258063257773,0.44166840541540336,0.40142592540822847,0.02635308578938642,1,1,1,0
05_wheel_block_left_f3N_tau0p08_t0p60:0044,05_wheel_block_left_f3N_tau0p08_t0p60,20.38499999999997,20.784999999999968,0.20145011250309877,0.20145011250309877,0.21501206065828596,0.013323780126066194,1.0,0.5262771168127452,0.5262771168127452,0.6319055278508439,0.05046591123537374,0.0,0.0307824781836507,0.0307824781836507,0.0312826323228621,0.00019011833922385807,0.0,0.3543146583434711,0.3543146583434711,0.35658582412989587,0.001429191548778609,1.0,0.3234842246387654,0.3234842246387654,0.3254973172669224,0.0013702980114445062,1.0,0.17999999999448457,0.3499999999337211,0.31921090564796445,0.02191863363350803,0.004314658409708227,0.05906346175177369,0.009926119590386417,0.008104477516689107,6.22848590260834e-08,1.0,0.0251863736688335,0.028588776839515887,0.00214000393601603,0.773148148148148,0.7222222222222222,0.02554280411876616,0.4755084412955217,0.45729258257486843,0.01367191509336896,1,1,1,0
05_wheel_block_left_f3N_tau0p08_t0p60:0045,05_wheel_block_left_f3N_tau0p08_t0p60,20.58499999999997,20.984999999999967,0.1969903013009763,0.1969903013009763,0.21497010019682872,0.012427429862294106,1.0,0.5431180521374032,0.5431180521374032,0.6319055278508439,0.05754627281912189,0.0,0.030790045652267693,0.030790045652267693,0.0312826323228621,0.0002492263656944741,0.0,0.3557948484216665,0.3557948484216665,0.35833018703047903,0.0016598967574407617,1.0,0.32490772853503086,0.32490772853503086,0.3274982151203603,0.0015914131739318829,1.0,0.17999999999475436,0.3499999999332485,0.31922208520730905,0.017458822431119125,0.005794848488359069,0.05945616834735089,0.009539269519393512,0.0065305748364825195,6.100709651813187e-08,1.0,0.02391365664574346,0.026981893518555976,0.0024393830377689644,0.7592592592592592,0.7222222222222222,0.021195413226406667,0.5071141611115512,0.47420891333265736,0.02299629375059547,1,1,1,0
05_wheel_block_left_f3N_tau0p08_t0p60:0046,05_wheel_block_left_f3N_tau0p08_t0p60,20.784999999999968,21.184999999999967,0.1866800293064288,0.1866800293064288,0.20386813808749452,0.011690205385715288,1.0,0.518046922946704,0.518046922946704,0.6160174798598621,0.05021621004280826,0.0,0.030068822237818073,0.030068822237818073,0.03122816511783344,0.0020529903051124372,0.0,0.357375334356647,0.357375334356647,0.36142013923314226,0.002062426220386935,1.0,0.3263513971621201,0.3263513971621201,0.3303950078365891,0.0021312079759150723,1.0,0.17999999999491423,0.34999999993392034,0.3198060472969997,0.011996130912726681,0.007375334423897556,0.059005310109870056,0.010937179865271178,0.006076872781400563,7.023985921397272e-08,1.0,0.023733711427761695,0.026981893518555976,0.0024436081528286325,0.7574074074074074,0.7388888888888889,0.014581496062984834,0.547270859519468,0.5226607404465509,0.027741589803310627,1,1,1,0
05_wheel_block_left_f3N_tau0p08_t0p60:0047,05_wheel_block_left_f3N_tau0p08_t0p60,20.984999999999967,21.384999999999966,0.16692070937863057,0.16692070937863057,0.18778714970957833,0.02022289181425817,1.0,0.4464884753582874,0.4464884753582874,0.5469913290443562,0.08311829714977179,0.0,-0.002440477501504479,0.03758578050125387,0.3641765338944108,0.08461804165566059,0.05,0.356831264291388,0.356831264291388,0.36142013923314226,0.0027772573454495804,1.0,0.3363284813741365,0.3363284813741365,0.35723304491249014,0.012409215376748214,1.0,0.17999999999374516,0.3499999999159574,0.31524532876192773,0.017790747129595493,0.006831264349893437,0.9190021698110741,0.8556992888364761,0.008958142813566897,8.454560972306058e-08,1.0,0.024899038038123277,0.02834126678882174,0.0028156832726425004,0.762037037037037,0.7333333333333333,0.022774766437497877,0.5810184380740638,0.5330007157354599,0.024932594101645198,1,0,0,0
05_wheel_block_left_f3N_tau0p08_t0p60:0048,05_wheel_block_left_f3N_tau0p08_t0p60,21.184999999999967,21.584999999999965,0.11308695469442402,0.11308695469442402,0.16850014765893848,0.04299011669584702,0.5714285714285714,0.34038912496253443,0.34038912496253443,0.6632340703629204,0.1746269775821094,0.0,-0.017957823417136757,0.02422433638022719,0.3641765338944108,0.08016321354425343,0.05,-0.04993522938282507,0.35490582166659834,0.35875010674016194,0.35139526349339484,1.0,-0.05023104035810109,0.3467138836326323,0.3592158818484482,0.3433763439618196,1.0,0.17999999999272487,0.3499999999237745,0.3288833413115192,0.06691304529699285,0.0057207485244050145,0.9202328611056282,0.8515487683684562,0.01648388921694342,8.352833269448884e-08,1.0,0.023525133948022338,0.02834126678882174,0.005113366181732063,0.7547619047619047,0.6944444444444444,0.06081664781164451,0.6000243384316477,0.5843311879914426,0.009233960594997877,1,0,0,0
05_wheel_block_left_f3N_tau0p08_t0p60:0049,05_wheel_block_left_f3N_tau0p08_t0p60,21.384999999999966,21.784999999999965,0.08494298245757695,0.08494298245757695,0.12606171781640962,0.022898933501970652,0.42857142857142855,0.2749088059332819,0.2749088059332819,0.6632340703629204,0.1652452591764651,0.0,-0.0006224577089104677,0.0015334440856951236,0.017576329055650763,0.004012920396143067,0.0,-0.35235542956786425,0.35235542956786425,0.35875010674016194,0.004019660438741504,1.0,-0.34866510397295464,0.34866510397295464,0.3592158818484482,0.01312503213209302,1.0,0.17999999999276817,0.34999999995076725,0.3490656354276354,0.09505701753319504,0.003780668785302293,0.07727916797808804,0.02480130736632896,0.009709452896893359,6.951239627857152e-08,1.0,0.022668415364299532,0.025057849989303715,0.004356846913850717,0.7404761904761905,0.6944444444444444,0.05671133360301539,0.5766601207313157,0.5266857499254594,0.03309076341130478,1,1,1,1
05_wheel_block_left_f3N_tau0p08_t0p60:0050,05_wheel_block_left_f3N_tau0p08_t0p60,21.584999999999965,21.984999999999964,0.089555355360042,0.089555355360042,0.10523522966884997,0.012712571351297343,0.8333333333333334,0.2494008952349621,0.2494008952349621,0.2975570577825656,0.043600615994101734,0.0,0.0004689963686487775,0.0004689963686487775,0.000795261493695687,0.00015941426714958287,0.0,-0.34815476987093,0.34815476987093,0.3509523301870551,0.0027944677584718774,1.0,-0.3486936153520272,0.3486936153520272,0.3516672624696227,0.002830535523408649,1.0,0.17999999999267047,0.3499999999501068,0.35049246131198275,0.09044464463261626,0.002419821056506894,0.06674622543364216,0.00966196470802589,0.006524148840485161,7.156919131210572e-08,1.0,0.023639301233033524,0.0248592613851862,0.0012232951561322685,0.7351851851851853,0.7277777777777777,0.006141897759917436,0.5305590034668319,0.5124856375482407,0.0159816866783014,1,1,1,1
05_wheel_block_left_f3N_tau0p08_t0p60:0051,05_wheel_block_left_f3N_tau0p08_t0p60,21.784999999999965,22.184999999999963,0.08875885331611473,0.08875885331611473,0.09736037390319498,0.0056095646889126535,1.0,0.2674684571329134,0.2674684571329134,0.3020399273561881,0.03245635013459057,0.0,0.0004843523975228414,0.0004843523975228414,0.000795261493695687,0.00019072844503832684,0.0,-0.34499373201228917,0.34499373201228917,0.35004335117394014,0.002495549990005174,1.0,-0.3455120379392564,0.3455120379392564,0.35045151614047115,0.00247387888470806,1.0,0.17999999999276373,0.3499999999481938,0.35051379167896524,0.09124114667668155,0.00502071834364409,0.06701476282779023,0.007790765357747611,0.005670732338045253,6.645640604567366e-08,1.0,0.021913298808777334,0.024845977445734725,0.0024167227764985586,0.7250000000000001,0.6777777777777778,0.02773144283679988,0.5210961779749382,0.5124856375482407,0.007125075038892866,1,1,1,1
05_wheel_block_left_f3N_tau0p08_t0p60:0052,05_wheel_block_left_f3N_tau0p08_t0p60,21.984999999999964,22.384999999999962,0.08594593366747172,0.08594593366747172,0.089830792559289,0.003487899486460234,0.8333333333333334,0.26637640032912785,0.26637640032912785,0.3020399273561881,0.025412584412055895,0.0,0.0004941417991377511,0.0004941417991377511,0.0007369037915669896,0.00014582388866865448,0.0,-0.3449686258070701,0.3449686258070701,0.3475591580314088,0.0016099085055991376,1.0,-0.345530398006189,0.345530398006189,0.34822853202306286,0.0016596337310094162,1.0,0.17999999999287364,0.3499999999461499,0.35052998283382386,0.09405406632542672,0.005031374138793218,0.06453492949442703,0.008581051571277492,0.00442375825909614,5.6972914235721695e-08,1.0,0.021208798734302998,0.024568585527586288,0.002023635689345939,0.7231481481481482,0.6777777777777778,0.02822176047060772,0.5064036168608443,0.4813228142342084,0.019383370412705506,1,1,1,1
05_wheel_block_left_f3N_tau0p08_t0p60:0053,05_wheel_block_left_f3N_tau0p08_t0p60,22.184999999999963,22.58499999999996,0.08472102570543096,0.08472102570543096,0.089830792559289,0.0032240030704202526,0.8333333333333334,0.2521470034677925,0.2521470034677925,0.277897231223571,0.013412601233225678,0.0,0.00047780924490570806,0.00047780924490570806,0.000827862433797566,0.00015355763100518367,0.0,-0.3460203624046005,0.3460203624046005,0.3475591580314088,0.0011002958000904729,1.0,-0.34653300912578433,0.34653300912578433,0.34822853202306286,0.0011667197746269978,1.0,0.17999999999301464,0.3499999999443336,0.3505091200045928,0.09527897428756221,0.003979637539562385,0.06597437553120145,0.010196786869494977,0.007271854395171411,6.989456314797611e-08,1.0,0.021951534503575437,0.022837474016834648,0.0006101627274480916,0.7333333333333334,0.7166666666666667,0.010143010324169756,0.4820136169422624,0.4639075607247824,0.013348179703569323,1,1,1,1
05_wheel_block_left_f3N_tau0p08_t0p60:0054,05_wheel_block_left_f3N_tau0p08_t0p60,22.384999999999962,22.78499999999996,0.07537928156455359,0.07537928156455359,0.08712109139900398,0.010392746848131348,0.5,0.2113635634557891,0.2113635634557891,0.26153671191533323,0.04101602229598513,0.0,0.0004176680904214719,0.0004176680904214719,0.000827862433797566,0.0001792546564516553,0.0,-0.34606210322466985,0.34606210322466985,0.3480313587893325,0.0012547674112569575,1.0,-0.34656400751057764,0.34656400751057764,0.34884272537638833,0.0013498801091865046,1.0,0.17999999999316785,0.34999999994247755,0.3504609199018332,0.10462071842860389,0.003937896717739388,0.06749427515244978,0.009468906731895767,0.006424662732898892,7.092509976304453e-08,1.0,0.023592353240152113,0.02565751883896177,0.0014914017773650422,0.7472222222222222,0.7277777777777777,0.017198310760191397,0.45644994642380093,0.43572051531569644,0.01869276216595154,1,1,1,1
05_wheel_block_left_f3N_tau0p08_t0p60:0055,05_wheel_block_left_f3N_tau0p08_t0p60,22.58499999999996,22.98499999999996,0.06927455002839429,0.06927455002839429,0.09362083018286993,0.013730142408524158,0.16666666666666666,0.1803429039426773,0.1803429039426773,0.2583856711186195,0.04314393013437504,0.0,0.00045594763996563425,0.00045594763996563425,0.0009714438082932819,0.0001929447852154886,0.0,-0.34572291321089166,0.34572291321089166,0.3480313587893325,0.0019048089041000347,1.0,-0.34628193338298624,0.34628193338298624,0.34884272537638833,0.002063835315383851,1.0,0.17999999999335436,0.34999999994079223,0.3504678673373984,0.11072544996496896,0.0042770867298550196,0.0648067642114631,0.009351043969020489,0.006216071614130257,7.005987694995521e-08,1.0,0.025388431185444715,0.026991630647737352,0.0013350958043178115,0.7648148148148147,0.7388888888888889,0.022604732621729056,0.4211144435346026,0.3855758637472902,0.02014484679885669,1,1,1,1
05_wheel_block_left_f3N_tau0p08_t0p60:0056,05_wheel_block_left_f3N_tau0p08_t0p60,22.78499999999996,23.18499999999996,0.065303909035794,0.065303909035794,0.09362083018286993,0.022535780638918024,0.3333333333333333,0.1682318799013266,0.1682318799013266,0.2583856711186195,0.06342247345111084,0.0,0.007456930312471108,0.007456930312471108,0.14090141947097234,0.030615006873502538,0.05,-0.33666963737050176,0.33666963737050176,0.34794833951933374,0.018406571773918426,1.0,-0.34532950080478164,0.34532950080478164,0.34882058175759856,0.001686006912232805,1.0,0.17639999999628841,0.34299999994215946,0.35041529562334006,0.1104960909609673,0.0051636959053139,1.2261820617317054,1.199446587627319,0.006820907974714033,9.368415581217943e-06,1.0,0.025769096462883754,0.026991630647737352,0.0012390230269635702,0.774074074074074,0.7388888888888889,0.019422386077224994,0.3867243373710576,0.3403286390575327,0.02421646355853473,1,1,1,1
05_wheel_block_left_f3N_tau0p08_t0p60:0057,05_wheel_block_left_f3N_tau0p08_t0p60,22.98499999999996,23.38499999999996,0.021849495925250196,0.040210495050279016,0.08463277536292582,0.04500157579197161,0.16666666666666666,0.05901733810550733,0.1367991906384263,0.2333455575987569,0.1438497095467702,0.0,0.019910107109027728,0.01998669414334708,0.2544479856378688,0.06191541831756604,0.1,-0.1639065142145858,0.16462745411911164,0.344894246365646,0.16529520036918877,0.5,-0.17229726941083182,0.17291113854568715,0.34547878291161227,0.17283511762694903,0.5,0.08640000000319614,0.1679999999870389,0.19312335290539306,0.06792718919308022,0.0030726395789598474,1.709852673380927,1.6206114454256464,0.03158244660962057,9.365342313070167e-06,1.0,0.01691153049104058,0.026836017664106513,0.009471454897696319,0.8546296296296297,0.7666666666666667,0.10180554502888463,0.3511018347416707,0.3288558067011859,0.02448371575315539,1,1,1,1
