window_id,run_id,window_start_sec,window_end_sec,wheel_translation_sample_count,wheel_translation_availability_fraction,wheel_translation_error_abs_mean,wheel_translation_error_abs_p90,wheel_translation_error_rmse,wheel_translation_within_tolerance_fraction,wheel_translation_tolerance,wheel_rotation_sample_count,wheel_rotation_availability_fraction,wheel_rotation_error_abs_mean,wheel_rotation_error_abs_p90,wheel_rotation_error_rmse,wheel_rotation_within_tolerance_fraction,wheel_rotation_tolerance,imu_yaw_rate_sample_count,imu_yaw_rate_availability_fraction,imu_yaw_rate_error_abs_mean,imu_yaw_rate_error_abs_p90,imu_yaw_rate_error_rmse,imu_yaw_rate_within_tolerance_fraction,imu_yaw_rate_tolerance,lidar_translation_sample_count,lidar_translation_availability_fraction,lidar_translation_error_abs_mean,lidar_translation_error_abs_p90,lidar_translation_error_rmse,lidar_translation_within_tolerance_fraction,lidar_translation_tolerance
00_normal_p2l_v2:0000,00_normal_p2l_v2,19.99,20.389999999999997,20.0,1.0,2.647434049778685e-05,2.6474340498383596e-05,2.647434049778685e-05,1.0,0.06,20.0,1.0,1.862515821306561e-15,2.0739694750101354e-15,1.8691562139165004e-15,1.0,0.08,40.0,1.0,0.00013401799604559418,0.000366742376643195,0.00018571197573323864,1.0,0.08,6.0,1.0,0.016154579741984153,0.037571566134185205,0.023253018343319574,1.0,0.12
00_normal_p2l_v2:0001,00_normal_p2l_v2,20.189999999999998,20.589999999999996,20.0,1.0,2.647434049756342e-05,2.647434049835029e-05,2.647434049756342e-05,1.0,0.06,20.0,1.0,2.1467017268416838e-15,2.373757472402854e-15,2.153500229968125e-15,1.0,0.08,40.0,1.0,0.0001597494955168575,0.000366742376643195,0.00020453777363457887,1.0,0.08,6.0,1.0,0.0181640049705364,0.04128922670631832,0.025297184486954786,1.0,0.12
00_normal_p2l_v2:0002,00_normal_p2l_v2,20.389999999999997,20.789999999999996,20.0,1.0,2.647434049762587e-05,2.647434049835029e-05,2.6474340497625874e-05,1.0,0.06,20.0,1.0,2.4675273781603596e-15,2.7348255841079367e-15,2.4754654990897665e-15,1.0,0.08,40.0,1.0,0.00016707583108573794,0.00034014270427904956,0.00020323606113603013,1.0,0.08,6.0,1.0,0.029215000650251052,0.04960379807140945,0.03368061908322916,1.0,0.12
00_normal_p2l_v2:0003,00_normal_p2l_v2,20.589999999999996,20.989999999999995,20.0,1.0,2.6474340497745218e-05,2.647434049835029e-05,2.6474340497745218e-05,1.0,0.06,20.0,1.0,2.8243373659343558e-15,3.108858226801262e-15,2.832400464859002e-15,1.0,0.08,40.0,1.0,0.00015988131498373255,0.00028279412775818484,0.0001930216193047014,1.0,0.08,7.0,1.0,0.023544700569907564,0.038175274914468274,0.027042012530983255,1.0,0.12
00_normal_p2l_v2:0004,00_normal_p2l_v2,20.789999999999996,21.189999999999994,20.0,1.0,2.6474340497542604e-05,2.647434049835029e-05,2.6474340497542604e-05,1.0,0.06,20.0,1.0,3.234352344563373e-15,3.58696588027133e-15,3.244766404532366e-15,1.0,0.08,40.0,1.0,0.00014914437902221797,0.0002766783927901045,0.0001815176626773213,1.0,0.08,7.0,1.0,0.014170417907112225,0.029087931203184703,0.01731448737661723,1.0,0.12
00_normal_p2l_v2:0005,00_normal_p2l_v2,20.989999999999995,21.389999999999993,20.0,1.0,2.6474340497646687e-05,2.6474340498330863e-05,2.6474340497646687e-05,1.0,0.06,20.0,1.0,3.712610902811875e-15,4.1044035902599016e-15,3.724116078569859e-15,1.0,0.08,40.0,1.0,0.0001328148477708581,0.00027149995598119137,0.00016250158468416462,1.0,0.08,6.0,1.0,0.023933233972430152,0.051609683522552866,0.03274614805779101,1.0,0.12
00_normal_p2l_v2:0006,00_normal_p2l_v2,21.189999999999994,21.589999999999993,20.0,1.0,2.6474340497566196e-05,2.6474340498405802e-05,2.6474340497566196e-05,1.0,0.06,20.0,1.0,4.266911243848277e-15,4.734964040966992e-15,4.280976529014302e-15,1.0,0.08,40.0,1.0,0.00013935501295420582,0.0002530125774615104,0.00017065404279032018,1.0,0.08,6.0,1.0,0.027821010612432483,0.051609683522552866,0.034046592088044614,1.0,0.12
00_normal_p2l_v2:0007,00_normal_p2l_v2,21.389999999999993,21.789999999999992,20.0,1.0,2.6474340497620318e-05,2.647434049835584e-05,2.647434049762032e-05,1.0,0.06,20.0,1.0,4.900007258845775e-15,5.415515796425696e-15,4.914996852715307e-15,1.0,0.08,40.0,1.0,0.00014346895116410056,0.0002899616945227188,0.0001782785745339279,1.0,0.08,6.0,1.0,0.017054558477659066,0.02598179733419971,0.01870101332713008,1.0,0.12
00_normal_p2l_v2:0008,00_normal_p2l_v2,21.589999999999993,21.98999999999999,20.0,1.0,2.6474340497735504e-05,2.647434049835029e-05,2.6474340497735504e-05,1.0,0.06,20.0,1.0,5.589506022423457e-15,6.1326011319840855e-15,5.6048788648791346e-15,1.0,0.08,40.0,1.0,0.0001400153313511992,0.00028167919822499134,0.00017284498223218408,1.0,0.08,6.0,1.0,0.022904079268475448,0.03556700748327084,0.025838501456641814,1.0,0.12
00_normal_p2l_v2:0009,00_normal_p2l_v2,21.789999999999992,22.18999999999999,20.0,1.0,2.647434049753705e-05,2.647434049835029e-05,2.6474340497537054e-05,1.0,0.06,20.0,1.0,6.4060577390890016e-15,7.11376494169022e-15,6.427196753106327e-15,1.0,0.08,40.0,1.0,0.00015711801429555008,0.0002847104003427414,0.000202620191364203,1.0,0.08,6.0,1.0,0.025584015309240996,0.045375429214408125,0.030901419936737347,1.0,0.12
00_normal_p2l_v2:0010,00_normal_p2l_v2,21.98999999999999,22.38999999999999,20.0,1.0,2.647434049763975e-05,2.647434049835029e-05,2.647434049763975e-05,1.0,0.06,20.0,1.0,7.3658659831829e-15,8.151246374523025e-15,7.388921693400405e-15,1.0,0.08,40.0,1.0,0.00015778119470566371,0.0002852773811281215,0.00020050695669807447,1.0,0.08,6.0,1.0,0.020065009295795203,0.0384044249789918,0.025713940669013353,1.0,0.12
00_normal_p2l_v2:0011,00_normal_p2l_v2,22.18999999999999,22.58999999999999,20.0,1.0,2.6474340497557868e-05,2.647434049835029e-05,2.647434049755787e-05,1.0,0.06,20.0,1.0,8.456341571866634e-15,9.368175698702922e-15,8.483471739428968e-15,1.0,0.08,40.0,1.0,0.0001474498651858532,0.0002641500881278678,0.0001740137666765484,1.0,0.08,6.0,1.0,0.0192693803338931,0.03182396459925059,0.02204482346906244,1.0,0.12
00_normal_p2l_v2:0012,00_normal_p2l_v2,22.38999999999999,22.78999999999999,20.0,1.0,2.6474340497620318e-05,2.647434049835029e-05,2.647434049762032e-05,1.0,0.06,20.0,1.0,9.718305179868596e-15,1.0773928007720928e-14,9.749418535633576e-15,1.0,0.08,40.0,1.0,0.00015867774670721114,0.00033047781290265163,0.00019791146764706614,1.0,0.08,6.0,1.0,0.016678931131115682,0.03182396459925059,0.020532628126317787,1.0,0.12
00_normal_p2l_v2:0013,00_normal_p2l_v2,22.58999999999999,22.989999999999988,20.0,1.0,2.647434049773828e-05,2.647434049835029e-05,2.6474340497738282e-05,1.0,0.06,20.0,1.0,1.115214884658551e-14,1.232215583817633e-14,1.1186658526446076e-14,1.0,0.08,40.0,1.0,0.00017917854183295735,0.00034523153161364236,0.00022142906740633898,1.0,0.08,6.0,1.0,0.01352372410208548,0.024313658163408844,0.015969645588715903,1.0,0.12
00_normal_p2l_v2:0014,00_normal_p2l_v2,22.78999999999999,23.189999999999987,20.0,1.0,2.647434049753705e-05,2.647434049835029e-05,2.6474340497537054e-05,1.0,0.06,20.0,1.0,1.2784189109431052e-14,1.4146646157137094e-14,1.2823662524220175e-14,1.0,0.08,40.0,1.0,0.0001611327423597045,0.00032274882981813053,0.00019931027346235718,1.0,0.08,6.0,1.0,0.012441819289691514,0.021144606778597835,0.014711430747038741,1.0,0.12
00_normal_p2l_v2:0015,00_normal_p2l_v2,22.989999999999988,23.389999999999986,20.0,1.0,0.007858282442754055,0.027738680501780286,0.01460833406620312,1.0,0.06,20.0,1.0,1.6002953934138785e-14,2.1056926688965747e-14,1.6307204537312228e-14,1.0,0.08,40.0,1.0,0.00014560788351973764,0.00031896246127851793,0.0001874164740053846,1.0,0.08,6.0,1.0,0.021780773301839182,0.04570916352961052,0.02949117986722227,1.0,0.12
00_normal_p2l_v2:0016,00_normal_p2l_v2,23.189999999999987,23.589999999999986,20.0,1.0,0.008272226750070184,0.027738680501780286,0.014692310774417594,1.0,0.06,20.0,1.0,2.2398288206318426e-14,2.775993453192937e-14,2.2876128647101268e-14,1.0,0.08,40.0,1.0,0.00016109155805754482,0.0003142667843636524,0.0002037898540067305,1.0,0.08,6.0,1.0,0.02745392903696306,0.04941958280239951,0.03334948868231809,1.0,0.12
00_normal_p2l_v2:0017,00_normal_p2l_v2,23.389999999999986,23.789999999999985,20.0,1.0,0.0004457106475686673,0.0001700332552986258,0.0015689514995407521,1.0,0.06,20.0,1.0,2.923644768757638e-14,3.361931730836454e-14,2.941419247701001e-14,1.0,0.08,40.0,1.0,0.0001674876258636911,0.00033666619400969834,0.00020812650067244883,1.0,0.08,6.0,1.0,0.017219678542864037,0.029287682571716267,0.020656827087319484,1.0,0.12
00_normal_p2l_v2:0018,00_normal_p2l_v2,23.589999999999986,23.989999999999984,20.0,1.0,3.7058340196530204e-05,3.705834039690603e-05,3.7058340196530204e-05,1.0,0.06,20.0,1.0,3.5417109218686744e-14,4.073622499923056e-14,3.5633234200690796e-14,1.0,0.08,40.0,1.0,0.00015238815611336013,0.0003373522560740768,0.0001921838839420826,1.0,0.08,6.0,1.0,0.01789075598829251,0.03511941991995937,0.02328535077655825,1.0,0.12
00_normal_p2l_v2:0019,00_normal_p2l_v2,23.789999999999985,24.189999999999984,20.0,1.0,3.705834039195721e-05,3.705834039735567e-05,3.705834039195721e-05,1.0,0.06,20.0,1.0,4.292892117540695e-14,4.939468955628646e-14,4.319210021395323e-14,1.0,0.08,40.0,1.0,0.00013924458707610562,0.0003181154968907837,0.00017803057753669997,1.0,0.08,6.0,1.0,0.028726369214085806,0.055712317897578856,0.0364090809651883,1.0,0.12
00_normal_p2l_v2:0020,00_normal_p2l_v2,23.989999999999984,24.389999999999983,20.0,1.0,3.705834039753608e-05,3.705834039741673e-05,3.705834039753608e-05,1.0,0.06,20.0,1.0,5.202048235479137e-14,5.980678902521982e-14,5.2336643225318686e-14,1.0,0.08,40.0,1.0,0.00013329100025428632,0.0002982951903068721,0.00016869584597048064,1.0,0.08,6.0,1.0,0.035204552108636884,0.05815236452593156,0.04016031083124834,1.0,0.12
00_normal_p2l_v2:0021,00_normal_p2l_v2,24.189999999999984,24.589999999999982,20.0,1.0,3.705834039632594e-05,3.7058340397466694e-05,3.705834039632594e-05,1.0,0.06,20.0,1.0,6.303781290962195e-14,7.253078716142421e-14,6.342354575316828e-14,1.0,0.08,40.0,1.0,0.00013702521627582931,0.000265385338906398,0.00016505448942910595,1.0,0.08,6.0,1.0,0.02431262079485073,0.04268075566400267,0.028291069522732686,1.0,0.12
00_normal_p2l_v2:0022,00_normal_p2l_v2,24.389999999999983,24.78999999999998,20.0,1.0,3.7058340396409203e-05,3.7058340397466694e-05,3.7058340396409203e-05,1.0,0.06,20.0,1.0,7.640639477868768e-14,8.788862262266533e-14,7.687347448418582e-14,1.0,0.08,40.0,1.0,0.00015351263372652397,0.00029681561723549467,0.0001871466181986651,1.0,0.08,6.0,1.0,0.029687291672323795,0.05896439578386817,0.03801626979680501,1.0,0.12
00_normal_p2l_v2:0023,00_normal_p2l_v2,24.589999999999982,24.98999999999998,20.0,1.0,3.7058340396578515e-05,3.705834039741673e-05,3.7058340396578515e-05,1.0,0.06,20.0,1.0,9.259831922975412e-14,1.0650669427790342e-13,9.316370000219314e-14,1.0,0.08,40.0,1.0,0.0001512461759099438,0.0002948431798698605,0.00018757354291204124,1.0,0.08,6.0,1.0,0.039604708183464836,0.06621384699148339,0.04529809586954036,1.0,0.12
00_normal_p2l_v2:0024,00_normal_p2l_v2,24.78999999999998,25.18999999999998,20.0,1.0,3.705834039629541e-05,3.705834039741673e-05,3.705834039629541e-05,1.0,0.06,20.0,1.0,1.1222252940781218e-13,1.2908901995215866e-13,1.1290816744801195e-13,1.0,0.08,40.0,1.0,0.00016368047370478967,0.0003616542537198773,0.0002184883740649864,1.0,0.08,6.0,1.0,0.025265408034329927,0.04430762010382844,0.030018571782851913,1.0,0.12
00_normal_p2l_v2:0025,00_normal_p2l_v2,24.98999999999998,25.38999999999998,20.0,1.0,0.006780517229131186,0.02948626959442217,0.015461821010834272,1.0,0.06,20.0,1.0,0.009808020701926008,0.03310703314923022,0.025750750604510583,0.95,0.08,40.0,1.0,0.008119181107989664,0.031822246009119204,0.020698801794342813,1.0,0.08,6.0,1.0,0.014504498498886917,0.02338136326215709,0.01668166543727409,1.0,0.12
00_normal_p2l_v2:0026,00_normal_p2l_v2,25.18999999999998,25.58999999999998,20.0,1.0,0.012577929072616812,0.04279546720507282,0.02124491592744219,1.0,0.06,20.0,1.0,0.030151622294608625,0.08645442954283804,0.04497695376970954,0.85,0.08,40.0,1.0,0.01856528537660747,0.05740700740605378,0.03136190024813089,0.975,0.08,6.0,1.0,0.019040990919855578,0.03434957739203348,0.022580559346981496,1.0,0.12
00_normal_p2l_v2:0027,00_normal_p2l_v2,25.38999999999998,25.789999999999978,20.0,1.0,0.0058476290648245815,0.02118702761103612,0.014569923698387603,1.0,0.06,20.0,1.0,0.029302622757440434,0.06286555932938047,0.038992532264360204,0.9,0.08,40.0,1.0,0.01065638466623329,0.04367838011705198,0.023562662545523805,0.975,0.08,6.0,1.0,0.027780541072677595,0.047162221461165915,0.03256416746980573,1.0,0.12
00_normal_p2l_v2:0028,00_normal_p2l_v2,25.58999999999998,25.989999999999977,20.0,1.0,5.213072680277098e-05,9.543910046441735e-05,6.543726129742752e-05,1.0,0.06,20.0,1.0,0.018086966273328155,0.018258250198978202,0.018089530836348972,1.0,0.08,40.0,1.0,0.00018377066586200904,0.00040659954702075844,0.0002312843845339268,1.0,0.08,6.0,1.0,0.019837504485186213,0.04212318349457485,0.02634404385272109,1.0,0.12
00_normal_p2l_v2:0029,00_normal_p2l_v2,25.789999999999978,26.189999999999976,20.0,1.0,4.1708188755175404e-05,4.296991236439063e-05,4.1718983676771944e-05,1.0,0.06,20.0,1.0,0.018260268541167836,0.018266848530568362,0.01826026923947932,1.0,0.08,40.0,1.0,0.00015821744744466196,0.0003676043640172877,0.0002066055559080773,1.0,0.08,6.0,1.0,0.022087930861984215,0.040446152101645094,0.0270723118775195,1.0,0.12
00_normal_p2l_v2:0030,00_normal_p2l_v2,25.989999999999977,26.389999999999976,20.0,1.0,5.31427968256476e-05,4.8746541610991737e-05,6.580033224330856e-05,1.0,0.06,20.0,1.0,0.021736709923621915,0.02157503373371378,0.024498183016310873,1.0,0.08,40.0,1.0,0.00296462657956252,0.0023693161974625288,0.010040342532278729,1.0,0.08,6.0,1.0,0.02801543054220308,0.0441004868468135,0.03151824937850684,1.0,0.12
00_normal_p2l_v2:0031,00_normal_p2l_v2,26.189999999999976,26.589999999999975,20.0,1.0,0.0011069875844612969,0.0032675871736748937,0.001720746790621378,1.0,0.06,20.0,1.0,0.05178533090983697,0.1361915638186237,0.07399924207599463,0.75,0.08,40.0,1.0,0.037177205671627404,0.12295462263024542,0.06293581149622943,0.8,0.08,6.0,1.0,0.02221867175286317,0.039672745677896123,0.026605522478843707,1.0,0.12
00_normal_p2l_v2:0032,00_normal_p2l_v2,26.389999999999976,26.789999999999974,20.0,1.0,0.003014780986665509,0.0038834398846632314,0.003237630970579139,1.0,0.06,20.0,1.0,0.03920191428427829,0.1361915638186237,0.07101075244329251,0.75,0.08,40.0,1.0,0.03438274338007734,0.12295462263024542,0.06213012524333109,0.8,0.08,6.0,1.0,0.017212609152955725,0.03274151617602625,0.021639523608073297,1.0,0.12
00_normal_p2l_v2:0033,00_normal_p2l_v2,26.589999999999975,26.989999999999974,20.0,1.0,0.0038806606450460857,0.0038834398846632314,0.0038806692764482733,1.0,0.06,20.0,1.0,2.849803139435142e-05,3.525996037334889e-05,3.9568784097781134e-05,1.0,0.08,40.0,1.0,0.0001639939220548621,0.0002816785485281526,0.00018987059682761868,1.0,0.08,6.0,1.0,0.014828217923046838,0.021339607939276292,0.01580858803482156,1.0,0.12
00_normal_p2l_v2:0034,00_normal_p2l_v2,26.789999999999974,27.189999999999973,20.0,1.0,0.0038812377459925204,0.003882352707677464,0.0038812378403943882,1.0,0.06,20.0,1.0,9.66033554410245e-06,1.9486209664348887e-05,1.1737307228437521e-05,1.0,0.08,40.0,1.0,0.0001775475730773607,0.0003437863658412893,0.0002149757079745533,1.0,0.08,6.0,1.0,0.0199009166291181,0.028601547359927454,0.02121151206753637,1.0,0.12
00_normal_p2l_v2:0035,00_normal_p2l_v2,26.989999999999974,27.389999999999972,20.0,1.0,0.0038797008540710372,0.0038808960541356075,0.0038797009623502683,1.0,0.06,20.0,1.0,1.0962813013708217e-05,2.1733692191061583e-05,1.335935494101035e-05,1.0,0.08,40.0,1.0,0.00017240345172124598,0.00035766849325389043,0.00022169759250672424,1.0,0.08,6.0,1.0,0.026078911084228367,0.04864067899087715,0.032490037282859326,1.0,0.12
00_normal_p2l_v2:0036,00_normal_p2l_v2,27.189999999999973,27.58999999999997,20.0,1.0,0.02586329045537509,0.07916575423084934,0.04134202113465395,0.85,0.06,20.0,1.0,0.025186674457086465,0.08223414877333787,0.04728972610171155,0.9,0.08,40.0,1.0,0.019018769975204637,0.06839844485860701,0.033889419907183714,0.975,0.08,7.0,1.0,0.034286126708912186,0.06418024990705848,0.04225860937445178,1.0,0.12
00_normal_p2l_v2:0037,00_normal_p2l_v2,27.389999999999972,27.78999999999997,20.0,1.0,0.02410538538399501,0.07916575423084934,0.04125802786234428,0.85,0.06,20.0,1.0,0.02577710771713625,0.08223414877333787,0.04735153576216309,0.9,0.08,40.0,1.0,0.019953253540661502,0.06839844485860701,0.03408346198872038,0.975,0.08,7.0,1.0,0.027390805093175537,0.05904020695062885,0.03490489857480223,1.0,0.12
00_normal_p2l_v2:0038,00_normal_p2l_v2,27.58999999999997,27.98999999999997,20.0,1.0,0.00018154799586773707,2.170077092113726e-05,0.0007649235926187024,1.0,0.06,20.0,1.0,0.0005992639033902243,0.0001240020750645699,0.0024186587843116852,1.0,0.08,40.0,1.0,0.001071463819841181,0.0008721078839979843,0.003636240638021112,1.0,0.08,6.0,1.0,0.02014743835087587,0.031026385423295614,0.021996721472841027,1.0,0.12
00_normal_p2l_v2:0039,00_normal_p2l_v2,27.78999999999997,28.18999999999997,20.0,1.0,5.983265789513284e-14,1.981439689282658e-13,1.0747742187644301e-13,1.0,0.06,20.0,1.0,3.736436665119858e-15,1.220204493002083e-14,6.9215614727951726e-15,1.0,0.08,40.0,1.0,0.0001267502450327754,0.0002485154474331446,0.00015776826237268846,1.0,0.08,6.0,1.0,0.020603901546458896,0.031026385423295614,0.022860967374111727,1.0,0.12
00_normal_p2l_v2:0040,00_normal_p2l_v2,27.98999999999997,28.38999999999997,20.0,1.0,0.03206377315863325,0.0992778140677612,0.060162315145981714,0.75,0.06,20.0,1.0,0.001473998742643835,0.004737142811561377,0.0024835761069398306,1.0,0.08,40.0,1.0,0.0021579183405915116,0.004689551969489327,0.004592666803931137,1.0,0.08,6.0,1.0,0.03813900162935591,0.07439502605914455,0.04779746005443543,1.0,0.12
00_normal_p2l_v2:0041,00_normal_p2l_v2,28.18999999999997,28.589999999999968,20.0,1.0,0.03437026953571397,0.0992778140677612,0.06063222013583852,0.75,0.06,20.0,1.0,0.0019291335355697329,0.004737142811561377,0.0026900068090226358,1.0,0.08,40.0,1.0,0.002524132025239895,0.004689551969489327,0.0047043385409015655,1.0,0.08,6.0,1.0,0.05774233159183877,0.0883322053026374,0.0633157938866542,1.0,0.12
00_normal_p2l_v2:0042,00_normal_p2l_v2,28.38999999999997,28.789999999999967,20.0,1.0,0.0023227814951208986,0.003497676740188218,0.007534088218656695,1.0,0.06,20.0,1.0,0.0005759410356846598,0.001367360477758424,0.0010474610494958366,1.0,0.08,40.0,1.0,0.00048390642216103767,0.001576217258720639,0.0010291104566690031,1.0,0.08,6.0,1.0,0.03449328727248826,0.07306398109058071,0.04547942367890025,1.0,0.12
00_normal_p2l_v2:0043,00_normal_p2l_v2,28.589999999999968,28.989999999999966,20.0,1.0,3.2570892744407386e-05,3.257192421028954e-05,3.257089275311546e-05,1.0,0.06,20.0,1.0,0.00024160634667988343,0.0002416156747753464,0.0002416063467835972,1.0,0.08,40.0,1.0,0.00011461955995243328,0.00019996783149687147,0.0001442275448991256,1.0,0.08,6.0,1.0,0.017309357614592763,0.03814519212720202,0.02307107719045383,1.0,0.12
00_normal_p2l_v2:0044,00_normal_p2l_v2,28.789999999999967,29.189999999999966,20.0,1.0,3.257228471280071e-05,3.257340682761289e-05,3.2572284723818706e-05,1.0,0.06,20.0,1.0,0.00024159406384438153,0.00024160340233408915,0.00024159406394828512,1.0,0.08,40.0,1.0,0.0001442995289415242,0.00027662293832310045,0.00017914181978530514,1.0,0.08,6.0,1.0,0.02451269764111899,0.054363749595583793,0.03288423830114158,1.0,0.12
00_normal_p2l_v2:0045,00_normal_p2l_v2,28.989999999999966,29.389999999999965,20.0,1.0,3.257376578586768e-05,3.2574899933779376e-05,3.257376579721918e-05,1.0,0.06,20.0,1.0,0.00024158177518456329,0.00024159111502619558,0.00024158177528849607,1.0,0.08,40.0,1.0,0.00020705913574527523,0.00039438610908455203,0.00025284115436877244,1.0,0.08,6.0,1.0,0.027910855680646603,0.06211313041105605,0.037068671746397185,1.0,0.12
00_normal_p2l_v2:0046,00_normal_p2l_v2,29.189999999999966,29.589999999999964,20.0,1.0,3.257525866391942e-05,3.257639433281723e-05,3.257525867531369e-05,1.0,0.06,20.0,1.0,0.00024156948579906234,0.0002415788257792357,0.00024156948590300272,1.0,0.08,40.0,1.0,0.00019049851358248388,0.00039438610908455203,0.00023969920501889434,1.0,0.08,6.0,1.0,0.027097069835978847,0.05116317066452243,0.033779994707954904,1.0,0.12
00_normal_p2l_v2:0047,00_normal_p2l_v2,29.389999999999965,29.789999999999964,20.0,1.0,3.257675299057905e-05,3.2577888756235575e-05,3.257675300197649e-05,1.0,0.06,20.0,1.0,0.00024155719636847323,0.0002415665363295821,0.0002415571964724183,1.0,0.08,40.0,1.0,0.0001424547438212438,0.00028235099316696615,0.00017500809097568439,1.0,0.08,6.0,1.0,0.02102265174313232,0.03817974751576192,0.0256017198689136,1.0,0.12
00_normal_p2l_v2:0048,00_normal_p2l_v2,29.589999999999964,29.989999999999963,20.0,1.0,3.257824737891435e-05,3.257938306078234e-05,3.257824739030984e-05,1.0,0.06,20.0,1.0,0.00024154490698499,0.000241554246900609,0.00024154490708893928,1.0,0.08,40.0,1.0,0.00015314688049731235,0.0003017095341923748,0.00018519252049550156,1.0,0.08,6.0,1.0,0.02806845254688828,0.04381167929081578,0.03183662564246914,1.0,0.12
00_normal_p2l_v2:0049,00_normal_p2l_v2,29.789999999999964,30.189999999999962,20.0,1.0,3.2579741647909e-05,3.258087721859093e-05,3.2579741659301764e-05,1.0,0.06,20.0,1.0,0.00024153261766202694,0.0002415419575319689,0.00024153261776598052,1.0,0.08,40.0,1.0,0.00015492396567529532,0.00035097721066254403,0.0001978953061657281,1.0,0.08,6.0,1.0,0.028224185369441684,0.04381167929081578,0.03232195176904807,1.0,0.12
00_normal_p2l_v2:0050,00_normal_p2l_v2,29.989999999999963,30.38999999999996,20.0,1.0,3.258123576616867e-05,3.25823712174933e-05,3.258123577755855e-05,1.0,0.06,20.0,1.0,0.00024152032839990433,0.00024152966822385528,0.00024152032850386222,1.0,0.08,40.0,1.0,0.00018801484196189866,0.00042844426962631123,0.0002396199952205244,1.0,0.08,6.0,1.0,0.018853876284109294,0.03289742519496666,0.023422750441139357,1.0,0.12
00_normal_p2l_v2:0051,00_normal_p2l_v2,30.189999999999962,30.58999999999996,20.0,1.0,3.258272973219734e-05,3.258386507117295e-05,3.25827297435844e-05,1.0,0.06,20.0,1.0,0.00024150803920011693,0.00024151737897560728,0.000241508039304079,1.0,0.08,40.0,1.0,0.00016968121556053148,0.0003515510535444661,0.00021731601407462995,1.0,0.08,6.0,1.0,0.02134798287094314,0.035633903902523495,0.025987099304119663,1.0,0.12
00_normal_p2l_v2:0052,00_normal_p2l_v2,30.38999999999996,30.78999999999996,20.0,1.0,3.258422347578449e-05,3.258535859254064e-05,3.2584223487166766e-05,1.0,0.06,20.0,1.0,0.0002414957504258213,0.00024150508979150972,0.00024149575052977653,1.0,0.08,40.0,1.0,0.00014415330009984274,0.00030894154763694677,0.00018400806607623405,1.0,0.08,6.0,1.0,0.02365098505438859,0.03656016121173167,0.027812093146213312,1.0,0.12
00_normal_p2l_v2:0053,00_normal_p2l_v2,30.58999999999996,30.98999999999996,20.0,1.0,3.2585717050773176e-05,3.258685214022061e-05,3.258571706215386e-05,1.0,0.06,20.0,1.0,0.00024148346180462437,0.00024149280148593884,0.00024148346190859082,1.0,0.08,40.0,1.0,0.000174220323354114,0.0003215260823136547,0.00020729458476992808,1.0,0.08,6.0,1.0,0.027201804983285217,0.040124047271037994,0.029986810698969173,1.0,0.12
00_normal_p2l_v2:0054,00_normal_p2l_v2,30.78999999999996,31.18999999999996,20.0,1.0,3.258721054412717e-05,3.2588345535916605e-05,3.2587210555505694e-05,1.0,0.06,20.0,1.0,0.00024147117288159754,0.00024148051251659535,0.0002414711729855724,1.0,0.08,40.0,1.0,0.0001573014245752899,0.00028970317170099916,0.00018395906166637362,1.0,0.08,6.0,1.0,0.020761950879809005,0.03792677885156168,0.025153148306988914,1.0,0.12
00_normal_p2l_v2:0055,00_normal_p2l_v2,30.98999999999996,31.389999999999958,20.0,1.0,3.258870390473456e-05,3.25898387820267e-05,3.258870391611036e-05,1.0,0.06,20.0,1.0,0.0002414588839292112,0.00024146822351736854,0.0002414588840331903,1.0,0.08,40.0,1.0,0.00012021032457174611,0.00028132356482155123,0.00015778706136162422,1.0,0.08,6.0,1.0,0.018720482508133185,0.030152499919403775,0.021620986246441837,1.0,0.12
00_normal_p2l_v2:0056,00_normal_p2l_v2,31.18999999999996,31.589999999999957,20.0,1.0,3.259019711302769e-05,3.259133187353269e-05,3.259019712440053e-05,1.0,0.06,20.0,1.0,0.00024144659504000385,0.00024145593457920896,0.00024144659514398716,1.0,0.08,40.0,1.0,0.00013300892186305543,0.0002680891992697007,0.0001716283889472125,1.0,0.08,6.0,1.0,0.036535317591658616,0.07343609512938742,0.045729564572225184,1.0,0.12
00_normal_p2l_v2:0057,00_normal_p2l_v2,31.389999999999958,31.789999999999957,20.0,1.0,3.259169016606167e-05,3.259282481183345e-05,3.2591690177431706e-05,1.0,0.06,20.0,1.0,0.0002414343062129857,0.0002414436457062495,0.00024143430631697326,1.0,0.08,40.0,1.0,0.0001384414829512057,0.0002819800783585151,0.00017016096580778014,1.0,0.08,6.0,1.0,0.050245042327793664,0.07777923142139297,0.0590114454276861,1.0,0.12
00_normal_p2l_v2:0058,00_normal_p2l_v2,31.589999999999957,31.989999999999956,20.0,1.0,3.2593183069790085e-05,3.259431760243015e-05,3.259318308115733e-05,1.0,0.06,20.0,1.0,0.00024142201744885788,0.00024143135689230622,0.0002414220175528496,1.0,0.08,40.0,1.0,0.00012341210403887625,0.00023797199099166887,0.00015235788961263211,1.0,0.08,6.0,1.0,0.03422090429802488,0.07000642089501777,0.042779895389084784,1.0,0.12
00_normal_p2l_v2:0059,00_normal_p2l_v2,31.789999999999957,32.189999999999955,20.0,1.0,0.00512239843845341,0.0211970215574114,0.012185624000608108,1.0,0.06,20.0,1.0,0.010369801513751758,0.04196651538058071,0.025357047128047757,1.0,0.08,40.0,1.0,0.010705425931298283,0.04062912759860605,0.028286371311023958,0.95,0.08,6.0,1.0,0.022680963572604226,0.04028627628936059,0.028797402687361855,1.0,0.12
00_normal_p2l_v2:0060,00_normal_p2l_v2,31.989999999999956,32.38999999999996,20.0,1.0,0.012117849728639584,0.03714352285143662,0.020272457093834184,1.0,0.06,20.0,1.0,0.04483673684938704,0.11338685494062421,0.06913848243905116,0.85,0.08,40.0,1.0,0.027520170443725,0.09298405160440557,0.04655986735768896,0.875,0.08,6.0,1.0,0.025542506589395803,0.052469497190314573,0.03288860549170815,1.0,0.12
00_normal_p2l_v2:0061,00_normal_p2l_v2,32.189999999999955,32.589999999999954,20.0,1.0,0.00808732171517695,0.025606440042462368,0.016272870279861216,1.0,0.06,20.0,1.0,0.04476025998064119,0.11338685494062421,0.06591158730688351,0.85,0.08,40.0,1.0,0.017098109086133857,0.06442296967013776,0.03698422483299731,0.925,0.08,6.0,1.0,0.0223872558224808,0.040478806876057496,0.026521699643532612,1.0,0.12
00_normal_p2l_v2:0062,00_normal_p2l_v2,32.38999999999996,32.78999999999996,20.0,1.0,0.0014282284186323824,0.002265862135515451,0.001653010054596617,1.0,0.06,20.0,1.0,0.023725226187304077,0.029703775688442107,0.024043897808955172,1.0,0.08,40.0,1.0,0.0005000626249848899,0.001042991601574972,0.0006122299428095209,1.0,0.08,6.0,1.0,0.015859012790017283,0.026834210461441937,0.018553579851813922,1.0,0.12
00_normal_p2l_v2:0063,00_normal_p2l_v2,32.589999999999954,32.98999999999995,20.0,1.0,0.00039937933308023256,0.0012382246726587612,0.0006435266841049128,1.0,0.06,20.0,1.0,0.028943665785180605,0.030790644089150877,0.02906407010469828,1.0,0.08,40.0,1.0,0.0003532124478529158,0.001042991601574972,0.0005222740747152368,1.0,0.08,6.0,1.0,0.017163633356057518,0.0350491921922054,0.022315477380703382,1.0,0.12
00_normal_p2l_v2:0064,00_normal_p2l_v2,32.78999999999995,33.18999999999995,20.0,1.0,9.513678670562964e-05,9.736094287005891e-05,9.52033513766101e-05,1.0,0.06,20.0,1.0,0.0307887437206096,0.03079693055658416,0.03078874780918556,1.0,0.08,40.0,1.0,0.00013906447784714228,0.0002541678992390218,0.00017106544214945914,1.0,0.08,6.0,1.0,0.01876636278777756,0.0350491921922054,0.023971858563620482,1.0,0.12
00_normal_p2l_v2:0065,00_normal_p2l_v2,32.98999999999995,33.38999999999995,20.0,1.0,9.791039653223865e-05,9.958571505514491e-05,9.791840394795825e-05,1.0,0.06,20.0,1.0,0.030797988067326858,0.030801782897274865,0.030797988215499655,1.0,0.08,40.0,1.0,0.00014263653935195215,0.00030176625038925715,0.00018044255562746453,1.0,0.08,6.0,1.0,0.019903517340192276,0.03472856481142275,0.02368910249995788,1.0,0.12
00_normal_p2l_v2:0066,00_normal_p2l_v2,33.189999999999955,33.589999999999954,20.0,1.0,0.0001001822582667844,0.00010200951814603453,0.00010019160221511645,1.0,0.06,20.0,1.0,0.03080249004103694,0.030805181440096262,0.030802490118799035,1.0,0.08,40.0,1.0,0.00013911145865058429,0.0003543101961928086,0.00018878262875618072,1.0,0.08,6.0,1.0,0.02402493818231075,0.040335945684933566,0.027529951302450915,1.0,0.12
00_normal_p2l_v2:0067,00_normal_p2l_v2,33.38999999999995,33.78999999999995,20.0,1.0,0.00010678961009672472,0.00010381934864233111,0.00011533133641128713,1.0,0.06,20.0,1.0,0.03065033494637136,0.030806516758984104,0.03065349156145189,1.0,0.08,40.0,1.0,0.00027584426541358426,0.0006337618026471869,0.00048751971625163337,1.0,0.08,6.0,1.0,0.017945016938261723,0.03074294914880052,0.021013605579239397,1.0,0.12
00_normal_p2l_v2:0068,00_normal_p2l_v2,33.58999999999995,33.989999999999945,20.0,1.0,0.0016932642901691997,0.005001756461802571,0.0026589815362998656,1.0,0.06,20.0,1.0,0.02375024133768216,0.030806516758984104,0.025218898323324426,1.0,0.08,40.0,1.0,0.0017758860229553446,0.003424552488711175,0.004216406775146984,1.0,0.08,6.0,1.0,0.01832504165998336,0.029147415186559972,0.020565268479067967,1.0,0.12
00_normal_p2l_v2:0069,00_normal_p2l_v2,33.78999999999995,34.18999999999995,20.0,1.0,0.004894880531057383,0.006724018646439523,0.00532071554939648,1.0,0.06,20.0,1.0,0.07564489831448885,0.20678895535824332,0.1160398070385437,0.7,0.08,40.0,1.0,0.057098560322324146,0.16901507518490463,0.09476822332341019,0.7,0.08,7.0,1.0,0.02108220255788869,0.033586229038317546,0.02337081250634654,1.0,0.12
00_normal_p2l_v2:0070,00_normal_p2l_v2,33.98999999999995,34.38999999999995,20.0,1.0,0.006553003087973612,0.006724018646439523,0.00655501390416295,1.0,0.06,20.0,1.0,0.06741834752255293,0.20678895535824332,0.11530211960984335,0.7,0.08,40.0,1.0,0.05572316863085702,0.16901507518490463,0.09467696478019029,0.7,0.08,7.0,1.0,0.022931468223937074,0.04358336727187513,0.029212353815629352,1.0,0.12
00_normal_p2l_v2:0071,00_normal_p2l_v2,34.18999999999995,34.58999999999995,20.0,1.0,0.006604336928612129,0.0066181876299556295,0.0066045369544755934,1.0,0.06,20.0,1.0,0.0005505168357002044,0.0005781968002639027,0.0005517066435944271,1.0,0.08,40.0,1.0,0.00025531621522690006,0.00039515155651665426,0.0005319994373231311,1.0,0.08,6.0,1.0,0.022111557668158244,0.04239381325395671,0.029270211327172575,1.0,0.12
00_normal_p2l_v2:0072,00_normal_p2l_v2,34.389999999999944,34.78999999999994,20.0,1.0,0.006618187100724619,0.006618273442848219,0.00661818710143085,1.0,0.06,20.0,1.0,0.0005371510152844483,0.0005567346479859181,0.0005373535749978771,1.0,0.08,40.0,1.0,0.0001555129572262462,0.0003115249808482434,0.00018836787684614815,1.0,0.08,6.0,1.0,0.01750569955559783,0.025616871210638728,0.019492335733452215,1.0,0.12
00_normal_p2l_v2:0073,00_normal_p2l_v2,34.58999999999995,34.989999999999945,20.0,1.0,0.006618204006168424,0.006618273442848219,0.006618204006644319,1.0,0.06,20.0,1.0,0.0005121658310667021,0.0005308523254546838,0.0005123588151186652,1.0,0.08,40.0,1.0,0.00017041991814250175,0.00032099912762222353,0.00021898087862526618,1.0,0.08,6.0,1.0,0.014468124928034695,0.02323788188746341,0.016338223065407966,1.0,0.12
00_normal_p2l_v2:0074,00_normal_p2l_v2,34.78999999999995,35.18999999999995,20.0,1.0,0.006617949982327655,0.0066182126540968115,0.006617949986255537,1.0,0.06,20.0,1.0,0.0004884407224129278,0.0005061385450041478,0.0004886217797879219,1.0,0.08,40.0,1.0,0.00016736883736144514,0.00033859851331886074,0.00022743798360403452,1.0,0.08,6.0,1.0,0.024718404023783735,0.05585967172917595,0.03719090921244691,1.0,0.12
00_normal_p2l_v2:0075,00_normal_p2l_v2,34.989999999999945,35.389999999999944,20.0,1.0,0.006617426330833594,0.00661789348242722,0.006617426341826758,1.0,0.06,20.0,1.0,0.0004660918719754964,0.00048271436945513947,0.0004662587851526282,1.0,0.08,40.0,1.0,0.0001629379730057723,0.00032574870135249626,0.0002170148116793734,1.0,0.08,6.0,1.0,0.029027365929684943,0.0655450803484964,0.04118986947845966,1.0,0.12
00_normal_p2l_v2:0076,00_normal_p2l_v2,35.18999999999994,35.58999999999994,20.0,1.0,0.0066166356723697415,0.006617304973709737,0.006616635693902733,1.0,0.06,20.0,1.0,0.0004452286815018913,0.00046069449471938806,0.00044537946098119693,1.0,0.08,40.0,1.0,0.00015891459033320204,0.0003273283015160334,0.00020792189961907248,1.0,0.08,6.0,1.0,0.025260834350028464,0.042823072344993426,0.029699778806285666,1.0,0.12
00_normal_p2l_v2:0077,00_normal_p2l_v2,35.389999999999944,35.78999999999994,20.0,1.0,0.0066155819329890755,0.006616450065901736,0.006615581968330646,1.0,0.06,20.0,1.0,0.00042595313613354445,0.00044018670047095697,0.0004260861299777107,1.0,0.08,40.0,1.0,0.00015130142842559451,0.00032482335030297187,0.0001916556022030995,1.0,0.08,6.0,1.0,0.020950567065290377,0.03503313411243987,0.02427320628009209,1.0,0.12
00_normal_p2l_v2:0078,00_normal_p2l_v2,35.58999999999995,35.989999999999945,20.0,1.0,0.02306887978105101,0.06433513753219534,0.03379286052445216,0.85,0.06,20.0,1.0,0.03700310239923062,0.11695792494063746,0.07036579995087734,0.8,0.08,40.0,1.0,0.027617326385187844,0.09958429678643649,0.050942975112627124,0.85,0.08,6.0,1.0,0.022328875489097916,0.05117192791918357,0.03450031009598417,1.0,0.12
00_normal_p2l_v2:0079,00_normal_p2l_v2,35.78999999999994,36.18999999999994,20.0,1.0,0.020356259967875868,0.06433513753219534,0.0335406941685252,0.85,0.06,20.0,1.0,0.03914763320811832,0.11695792494063746,0.07085007844131855,0.8,0.08,40.0,1.0,0.03083306190675863,0.09958429678643649,0.052091063730302846,0.85,0.08,6.0,1.0,0.02141643283208537,0.04689086706644967,0.0338560382908903,1.0,0.12
01_low_friction_mu_0p12_p2l_v2:0000,01_low_friction_mu_0p12_p2l_v2,11.78,12.18,20.0,1.0,5.108517445606925e-19,8.083844458051005e-19,5.827002238642715e-19,1.0,0.06,20.0,1.0,3.7238446458850177e-19,8.175366908961281e-19,4.8728680339863015e-19,1.0,0.08,40.0,1.0,0.0001657906815856586,0.00028412757957755263,0.0002014478599041148,1.0,0.08,6.0,1.0,0.017818330042594983,0.02636569792210188,0.019470480617172277,1.0,0.12
01_low_friction_mu_0p12_p2l_v2:0001,01_low_friction_mu_0p12_p2l_v2,11.979999999999999,12.379999999999999,20.0,1.0,2.404133654290779e-05,2.2212104414643784e-05,7.624512790653618e-05,1.0,0.06,20.0,1.0,8.464956496820069e-17,7.859870333506569e-17,2.6766698565988345e-16,1.0,0.08,40.0,1.0,0.00015437657438167277,0.00029017651002051866,0.00018862022687275877,1.0,0.08,6.0,1.0,0.021236861622163216,0.02632873170992609,0.022087890628707602,1.0,0.12
01_low_friction_mu_0p12_p2l_v2:0002,01_low_friction_mu_0p12_p2l_v2,12.179999999999998,12.579999999999998,20.0,1.0,0.025220842831970503,0.07970642113239328,0.042155523096514984,0.8,0.06,20.0,1.0,1.6729195216476222e-15,4.596554122282298e-15,2.5180930104227925e-15,1.0,0.08,40.0,1.0,0.00017206358007251825,0.0003092198458843835,0.00020891709030455093,1.0,0.08,6.0,1.0,0.03475065105265026,0.06432254219072442,0.04546093611768243,1.0,0.12
01_low_friction_mu_0p12_p2l_v2:0003,01_low_friction_mu_0p12_p2l_v2,12.379999999999997,12.779999999999998,20.0,1.0,0.026680617517120662,0.07970642113239328,0.04228441081309085,0.8,0.06,20.0,1.0,1.8356114497215676e-15,4.596554122282298e-15,2.5287474079391664e-15,1.0,0.08,40.0,1.0,0.00017836593437075418,0.00033377951049950224,0.0002125420413584253,1.0,0.08,6.0,1.0,0.02843037246454884,0.06047969684486172,0.04312362489302059,1.0,0.12
01_low_friction_mu_0p12_p2l_v2:0004,01_low_friction_mu_0p12_p2l_v2,12.579999999999997,12.979999999999997,20.0,1.0,0.0033350940399339266,0.007378639178793131,0.004949780919715649,1.0,0.06,20.0,1.0,5.560952215760151e-16,6.2488725844043e-16,5.623484697944626e-16,1.0,0.08,40.0,1.0,0.0001673435408850083,0.00033623803840134064,0.0002102633691221409,1.0,0.08,6.0,1.0,0.013629101780572153,0.018693382950823415,0.014659658200010523,1.0,0.12
01_low_friction_mu_0p12_p2l_v2:0005,01_low_friction_mu_0p12_p2l_v2,12.779999999999996,13.179999999999996,20.0,1.0,0.0029673395963006805,0.007378637323947087,0.004666704967769688,1.0,0.06,20.0,1.0,6.529457967150754e-16,7.204208001179502e-16,6.545467658943392e-16,1.0,0.08,40.0,1.0,0.0001691747934730549,0.0003271239522750258,0.00021139866349456762,1.0,0.08,6.0,1.0,0.026853635403437007,0.05250485715317503,0.035552460819567276,1.0,0.12
01_low_friction_mu_0p12_p2l_v2:0006,01_low_friction_mu_0p12_p2l_v2,12.979999999999995,13.379999999999995,20.0,1.0,0.0029673393819496102,0.0073786368822233075,0.004666704770895374,1.0,0.06,20.0,1.0,7.2227953120842985e-16,7.769115734024017e-16,7.237810576090834e-16,1.0,0.08,40.0,1.0,0.00017213665809362732,0.00032950408751667424,0.00021151880357942702,1.0,0.08,6.0,1.0,0.023079646267851764,0.05250485715317503,0.03434115978399818,1.0,0.12
01_low_friction_mu_0p12_p2l_v2:0007,01_low_friction_mu_0p12_p2l_v2,13.179999999999994,13.579999999999995,20.0,1.0,0.0029673393524182815,0.007378636866268831,0.004666704761011691,1.0,0.06,20.0,1.0,8.16962854540949e-16,9.04702155153566e-16,8.19784093973297e-16,1.0,0.08,40.0,1.0,0.00015762340975998865,0.00028177962174273045,0.0001974392656793652,1.0,0.08,6.0,1.0,0.013424574225328589,0.02353987112536776,0.01559940153416843,1.0,0.12
01_low_friction_mu_0p12_p2l_v2:0008,01_low_friction_mu_0p12_p2l_v2,13.379999999999994,13.779999999999994,20.0,1.0,0.002599731222618161,0.007378636859954412,0.0043653126174792705,1.0,0.06,20.0,1.0,9.426683430700089e-16,1.0349509366853542e-15,9.458213998063502e-16,1.0,0.08,40.0,1.0,0.00014321019895409447,0.00024003035888051793,0.00018079418991795941,1.0,0.08,6.0,1.0,0.02137152559797072,0.03171780747911013,0.023313974387215428,1.0,0.12
01_low_friction_mu_0p12_p2l_v2:0009,01_low_friction_mu_0p12_p2l_v2,13.579999999999993,13.979999999999993,20.0,1.0,0.003334947474130949,0.007378636859668053,0.004949779020115865,1.0,0.06,20.0,1.0,1.0754947675249684e-15,1.1968151640434508e-15,1.0786895681101301e-15,1.0,0.08,40.0,1.0,0.00018255674601541741,0.0003834782600922475,0.0002331120351124529,1.0,0.08,6.0,1.0,0.02339219983835261,0.034613096496704326,0.02509848538383975,1.0,0.12
01_low_friction_mu_0p12_p2l_v2:0010,01_low_friction_mu_0p12_p2l_v2,13.779999999999992,14.179999999999993,20.0,1.0,0.0029673393481657205,0.007378636859668053,0.004666704757874135,1.0,0.06,20.0,1.0,1.2322634812001842e-15,1.3563259068264594e-15,1.2364290875960462e-15,1.0,0.08,40.0,1.0,0.0001872368223471986,0.0003626772040275493,0.00023026988292518317,1.0,0.08,6.0,1.0,0.022440801596049803,0.03683999516463367,0.02482312001143548,1.0,0.12
01_low_friction_mu_0p12_p2l_v2:0011,01_low_friction_mu_0p12_p2l_v2,13.979999999999992,14.379999999999992,20.0,1.0,0.0029673393481657886,0.007378636859667914,0.004666704757874209,1.0,0.06,20.0,1.0,1.416143561825888e-15,1.5792123292920502e-15,1.4204953013186589e-15,1.0,0.08,40.0,1.0,0.00018012222652638438,0.00028069026345925864,0.00020959293325411796,1.0,0.08,6.0,1.0,0.018207554291019997,0.030180668107421885,0.021273192122645397,1.0,0.12
01_low_friction_mu_0p12_p2l_v2:0012,01_low_friction_mu_0p12_p2l_v2,14.17999999999999,14.579999999999991,20.0,1.0,0.002967339348165299,0.007378636859667914,0.004666704757873754,1.0,0.06,20.0,1.0,1.6303150169815615e-15,1.800087608387443e-15,1.6361320461484987e-15,1.0,0.08,40.0,1.0,0.00019312758733791146,0.0003435519587782982,0.00022748951850804888,1.0,0.08,6.0,1.0,0.029715240088315924,0.06033356626168039,0.03752474911442631,1.0,0.12
01_low_friction_mu_0p12_p2l_v2:0013,01_low_friction_mu_0p12_p2l_v2,14.37999999999999,14.77999999999999,20.0,1.0,0.002599731222206783,0.007378636859667914,0.004365312617253697,1.0,0.06,20.0,1.0,1.881092693721966e-15,2.0718630305971116e-15,1.8874325922115624e-15,1.0,0.08,40.0,1.0,0.0001685997532956302,0.00034303548232496957,0.00020439720580920287,1.0,0.08,6.0,1.0,0.03187228156990957,0.06033356626168039,0.03918729430840015,1.0,0.12
01_low_friction_mu_0p12_p2l_v2:0014,01_low_friction_mu_0p12_p2l_v2,14.57999999999999,14.97999999999999,20.0,1.0,0.0033349474741246735,0.007378636859667914,0.004949779020114846,1.0,0.06,20.0,1.0,2.158196569569004e-15,2.4165655657634503e-15,2.1653990251535693e-15,1.0,0.08,40.0,1.0,0.00014590555300757985,0.00026626949694703693,0.00017651290649941734,1.0,0.08,6.0,1.0,0.015816647831769563,0.028074065339184676,0.019637455545315482,1.0,0.12
01_low_friction_mu_0p12_p2l_v2:0015,01_low_friction_mu_0p12_p2l_v2,14.779999999999989,15.179999999999989,20.0,1.0,0.0029673393481660024,0.007378636859667914,0.004666704757873697,1.0,0.06,20.0,1.0,2.4680018098413975e-15,2.7020033353028223e-15,2.475562187227123e-15,1.0,0.08,40.0,1.0,0.00017256574677755452,0.00036738410061238665,0.00021051959149540067,1.0,0.08,6.0,1.0,0.015766638247267924,0.025088658296864505,0.017918177181580192,1.0,0.12
01_low_friction_mu_0p12_p2l_v2:0016,01_low_friction_mu_0p12_p2l_v2,14.979999999999988,15.379999999999988,20.0,1.0,0.002967339348165526,0.007378636859667914,0.004666704757873786,1.0,0.06,20.0,1.0,2.8224174783414975e-15,3.1366167999513563e-15,2.830998499285053e-15,1.0,0.08,40.0,1.0,0.0001903967301244449,0.0004016672615740032,0.00023113343614893577,1.0,0.08,7.0,1.0,0.019064268265983248,0.027225279943327095,0.01984893085154892,1.0,0.12
01_low_friction_mu_0p12_p2l_v2:0017,01_low_friction_mu_0p12_p2l_v2,15.179999999999987,15.579999999999988,20.0,1.0,0.0029673393481654416,0.007378636859667914,0.004666704757873693,1.0,0.06,20.0,1.0,3.250963116968864e-15,3.5972486756455494e-15,3.2625178331877013e-15,1.0,0.08,40.0,1.0,0.0001505815016740022,0.00032772280309421837,0.00019280416675084317,1.0,0.08,7.0,1.0,0.016215787921301687,0.023366239070235138,0.017889459375910247,1.0,0.12
01_low_friction_mu_0p12_p2l_v2:0018,01_low_friction_mu_0p12_p2l_v2,15.379999999999987,15.779999999999987,20.0,1.0,0.002599731222206926,0.007378636859667914,0.0043653126172536316,1.0,0.06,20.0,1.0,3.7398928429129734e-15,4.097103174955822e-15,3.751742007667584e-15,1.0,0.08,40.0,1.0,0.0001445603838590212,0.00031190528936353245,0.00018554224389762193,1.0,0.08,6.0,1.0,0.01302693976047927,0.023689286937956536,0.016256745174187296,1.0,0.12
01_low_friction_mu_0p12_p2l_v2:0019,01_low_friction_mu_0p12_p2l_v2,15.579999999999986,15.979999999999986,20.0,1.0,0.003334947474124053,0.007378636859667914,0.0049497790201147454,1.0,0.06,20.0,1.0,4.279343671010203e-15,4.792836551655562e-15,4.293476664745038e-15,1.0,0.08,40.0,1.0,0.00016672478587033103,0.0003564764854035426,0.00020567854328312586,1.0,0.08,6.0,1.0,0.02287050755010525,0.0405317048532013,0.028226052646221175,1.0,0.12
01_low_friction_mu_0p12_p2l_v2:0020,01_low_friction_mu_0p12_p2l_v2,15.779999999999985,16.179999999999986,20.0,1.0,0.001864514970289989,0.007378636859667864,0.0036893896710349164,1.0,0.06,20.0,1.0,4.940867203178325e-15,5.500267751905392e-15,4.959327542249117e-15,1.0,0.08,40.0,1.0,0.00015447042369600661,0.0003225118783108847,0.00019842592503923893,1.0,0.08,6.0,1.0,0.039157545175273596,0.05803984766835532,0.04264995974394557,1.0,0.12
01_low_friction_mu_0p12_p2l_v2:0021,01_low_friction_mu_0p12_p2l_v2,15.979999999999984,16.379999999999985,20.0,1.0,2.6474340497677218e-05,2.6474340498330863e-05,2.6474340497677218e-05,1.0,0.06,20.0,1.0,5.705016414318491e-15,6.3110693962216406e-15,5.722776620567232e-15,1.0,0.08,40.0,1.0,0.0001611336431749372,0.00034325428232026594,0.0002071282464046989,1.0,0.08,6.0,1.0,0.038564995849437324,0.07254042146219392,0.04849982624984327,1.0,0.12
01_low_friction_mu_0p12_p2l_v2:0022,01_low_friction_mu_0p12_p2l_v2,16.179999999999986,16.579999999999984,20.0,1.0,2.6474340497556482e-05,2.6474340498330863e-05,2.6474340497556482e-05,1.0,0.06,20.0,1.0,6.548990071120068e-15,7.266607140793861e-15,6.56997099720923e-15,1.0,0.08,40.0,1.0,0.00016812645237855445,0.0003360942159439337,0.00021017319956011254,1.0,0.08,6.0,1.0,0.028174449849919198,0.06886859932515096,0.04133494096015481,1.0,0.12
01_low_friction_mu_0p12_p2l_v2:0023,01_low_friction_mu_0p12_p2l_v2,16.37999999999998,16.77999999999998,20.0,1.0,2.6474340497635585e-05,2.6474340498405802e-05,2.6474340497635585e-05,1.0,0.06,20.0,1.0,7.512305081545932e-15,8.301965471429701e-15,7.535594522457704e-15,1.0,0.08,40.0,1.0,0.00016210444505758933,0.0003222627217012778,0.00020423480268902294,1.0,0.08,6.0,1.0,0.02215123503400011,0.04811763585894718,0.029101145733073,1.0,0.12
01_low_friction_mu_0p12_p2l_v2:0024,01_low_friction_mu_0p12_p2l_v2,16.579999999999984,16.979999999999983,20.0,1.0,0.0005846408987025056,0.00026133509718721305,0.002047198220411168,1.0,0.06,20.0,1.0,8.645822738598564e-15,9.537779574677646e-15,8.678049117472715e-15,1.0,0.08,40.0,1.0,0.00013018824816395124,0.00021949553640267103,0.00016838829772424142,1.0,0.08,6.0,1.0,0.021202111751854002,0.03742354387353343,0.025225189723925266,1.0,0.12
01_low_friction_mu_0p12_p2l_v2:0025,01_low_friction_mu_0p12_p2l_v2,16.77999999999998,17.17999999999998,20.0,1.0,0.01024316256560127,0.03158108985310922,0.017820724500479244,1.0,0.06,20.0,1.0,1.1648510657150069e-14,1.5772928686896075e-14,1.1962787164663525e-14,1.0,0.08,40.0,1.0,0.00010891709410452716,0.00021829756967558383,0.0001456112840811552,1.0,0.08,6.0,1.0,0.024045627839897974,0.03860688831107387,0.027050973235653728,1.0,0.12
01_low_friction_mu_0p12_p2l_v2:0026,01_low_friction_mu_0p12_p2l_v2,16.979999999999983,17.37999999999998,20.0,1.0,0.00969028800680799,0.03158108985310922,0.017702774874971877,1.0,0.06,20.0,1.0,1.6105778981639515e-14,1.90838447540019e-14,1.6304743228277036e-14,1.0,0.08,40.0,1.0,0.00013956023207490942,0.00030403028895467323,0.00018343026266528565,1.0,0.08,6.0,1.0,0.026583785862335552,0.04014808823345248,0.028994748094625832,1.0,0.12
01_low_friction_mu_0p12_p2l_v2:0027,01_low_friction_mu_0p12_p2l_v2,17.17999999999998,17.579999999999977,20.0,1.0,3.7058339769127645e-05,3.705834036040745e-05,3.705833976912765e-05,1.0,0.06,20.0,1.0,2.0121302238586742e-14,2.3172361615558932e-14,2.024566313557787e-14,1.0,0.08,40.0,1.0,0.00014863378134311053,0.00030516820512764255,0.0001848080343134778,1.0,0.08,6.0,1.0,0.026155715572082322,0.04350581182825608,0.030250194397365544,1.0,0.12
01_low_friction_mu_0p12_p2l_v2:0028,01_low_friction_mu_0p12_p2l_v2,17.37999999999998,17.77999999999998,20.0,1.0,3.7058340307316584e-05,3.705834039741673e-05,3.7058340307316584e-05,1.0,0.06,20.0,1.0,2.4396362814056555e-14,2.8033315667518016e-14,2.4545114366879573e-14,1.0,0.08,40.0,1.0,0.00013749395701182117,0.0002573044219196064,0.0001660661351784093,1.0,0.08,6.0,1.0,0.032586276459662854,0.06117495374197737,0.03971220596554753,1.0,0.12
01_low_friction_mu_0p12_p2l_v2:0029,01_low_friction_mu_0p12_p2l_v2,17.579999999999977,17.979999999999976,20.0,1.0,0.0003974421626903174,0.0007408063457769254,0.0011470703813243586,1.0,0.06,20.0,1.0,2.9673717140199043e-14,3.4389374257744137e-14,2.987460789435248e-14,1.0,0.08,40.0,1.0,0.00013344872944565203,0.00028175852968549594,0.00016872853278861015,1.0,0.08,6.0,1.0,0.04004331755098326,0.05967037728498867,0.04339112261598678,1.0,0.12
01_low_friction_mu_0p12_p2l_v2:0030,01_low_friction_mu_0p12_p2l_v2,17.77999999999998,18.17999999999998,20.0,1.0,0.005092355551720562,0.012438897255696213,0.007197564684813735,1.0,0.06,20.0,1.0,3.758167223557584e-14,4.462080186018982e-14,3.797677880180839e-14,1.0,0.08,40.0,1.0,0.00014744843344119743,0.00032177349444264885,0.00019421969812129691,1.0,0.08,6.0,1.0,0.03518278720542075,0.05849349742584331,0.04055953254751059,1.0,0.12
01_low_friction_mu_0p12_p2l_v2:0031,01_low_friction_mu_0p12_p2l_v2,17.979999999999976,18.379999999999974,20.0,1.0,0.004783794001347194,0.012438897255696213,0.007108700278508383,1.0,0.06,20.0,1.0,4.551826355807454e-14,5.07614497148729e-14,4.5681069737542446e-14,1.0,0.08,40.0,1.0,0.00012660194260586663,0.00030142136500434957,0.00017438555964451166,1.0,0.08,6.0,1.0,0.020588627757599804,0.045322806953013856,0.030697243956808257,1.0,0.12
01_low_friction_mu_0p12_p2l_v2:0032,01_low_friction_mu_0p12_p2l_v2,18.17999999999998,18.579999999999977,20.0,1.0,8.890783992671347e-05,5.3691600953048824e-05,0.00021084291973370544,1.0,0.06,20.0,1.0,5.3559876776028156e-14,6.155189161537076e-14,5.387725245579447e-14,1.0,0.08,40.0,1.0,0.00016766831727607086,0.0003522644439054654,0.00021489104165470986,1.0,0.08,6.0,1.0,0.01581202569047943,0.022844577041836095,0.018441830439048235,1.0,0.12
01_low_friction_mu_0p12_p2l_v2:0033,01_low_friction_mu_0p12_p2l_v2,18.379999999999974,18.779999999999973,20.0,1.0,3.7112367332731154e-05,3.7113228777185817e-05,3.7112367337292745e-05,1.0,0.06,20.0,1.0,6.483974217801477e-14,7.458130274469294e-14,6.52356202613484e-14,1.0,0.08,40.0,1.0,0.0002020917725769413,0.0003688388356094341,0.00023695139345735651,1.0,0.08,6.0,1.0,0.023412615484648874,0.03446624862035905,0.026086100008471308,1.0,0.12
01_low_friction_mu_0p12_p2l_v2:0034,01_low_friction_mu_0p12_p2l_v2,18.579999999999977,18.979999999999976,20.0,1.0,0.0036777871736504734,0.01008779952631223,0.005647442199799581,1.0,0.06,20.0,1.0,8.068584003765049e-14,9.707260372991018e-14,8.14582447189586e-14,1.0,0.08,40.0,1.0,0.00016818193284407314,0.0003248003615404498,0.00020792526954550996,1.0,0.08,6.0,1.0,0.02273392621878644,0.038748098783731644,0.02610429162494303,1.0,0.12
01_low_friction_mu_0p12_p2l_v2:0035,01_low_friction_mu_0p12_p2l_v2,18.779999999999973,19.17999999999997,20.0,1.0,0.02199203716554763,0.0793524090386465,0.03855783532751212,0.8,0.06,20.0,1.0,0.04386486147484866,0.2133151438816803,0.09578021277171003,0.8,0.08,40.0,1.0,0.0016694021052768768,0.0050808964580321475,0.004416047931417697,1.0,0.08,6.0,1.0,0.02952359784338482,0.05211149190421405,0.03584167608790023,1.0,0.12
01_low_friction_mu_0p12_p2l_v2:0036,01_low_friction_mu_0p12_p2l_v2,18.979999999999976,19.379999999999974,20.0,1.0,0.03032937469451852,0.0793524090386465,0.043237396191353875,0.8,0.06,20.0,1.0,0.10235648353976243,0.2133151438816803,0.13191287650985342,0.45,0.08,40.0,1.0,0.006171103776308905,0.017889244257950042,0.00936541773968872,1.0,0.08,6.0,1.0,0.02552154617702693,0.04884314883867946,0.03352848728504888,1.0,0.12
01_low_friction_mu_0p12_p2l_v2:0037,01_low_friction_mu_0p12_p2l_v2,19.17999999999997,19.57999999999997,20.0,1.0,0.012193362949384383,0.03678961730222296,0.020371003182358283,1.0,0.06,20.0,1.0,0.06962374872452068,0.16811405974173452,0.09209109906016796,0.65,0.08,40.0,1.0,0.00538400921934013,0.01606811024553283,0.008595653467905391,1.0,0.08,6.0,1.0,0.014144490103636298,0.02378752438601006,0.016209614694232755,1.0,0.12
01_low_friction_mu_0p12_p2l_v2:0038,01_low_friction_mu_0p12_p2l_v2,19.379999999999974,19.779999999999973,20.0,1.0,0.00022373520250330847,0.0003642719064178273,0.0005661654973226366,1.0,0.06,20.0,1.0,0.02138076031671078,0.0224434937679632,0.021533269208397546,1.0,0.08,40.0,1.0,0.0008876565184557067,0.0014198263682096814,0.002382544948820186,1.0,0.08,6.0,1.0,0.023848740798860582,0.03470915671081594,0.02655416037052285,1.0,0.12
01_low_friction_mu_0p12_p2l_v2:0039,01_low_friction_mu_0p12_p2l_v2,19.57999999999997,19.97999999999997,20.0,1.0,5.308969122321677e-05,5.428306019330531e-05,5.309755449137555e-05,1.0,0.06,20.0,1.0,0.0205017424373851,0.02050847216081384,0.020501743087128904,1.0,0.08,40.0,1.0,0.00017817580402124735,0.0003477825747093739,0.00021824525280369486,1.0,0.08,6.0,1.0,0.02105328317304585,0.03470915671081594,0.024613222828571854,1.0,0.12
01_low_friction_mu_0p12_p2l_v2:0040,01_low_friction_mu_0p12_p2l_v2,19.779999999999973,20.17999999999997,20.0,1.0,0.002779390898692849,0.010126937338972927,0.005662437584473746,1.0,0.06,20.0,1.0,0.08346173593070161,0.30074810330624724,0.14231543639497002,0.8,0.08,40.0,1.0,0.006274223199880598,0.0222612986184888,0.012796905443847073,1.0,0.08,6.0,1.0,0.018232610933042574,0.03820121880163904,0.023707432072123065,1.0,0.12
01_low_friction_mu_0p12_p2l_v2:0041,01_low_friction_mu_0p12_p2l_v2,19.97999999999997,20.379999999999967,20.0,1.0,0.016287324276827598,0.02918591117429422,0.020041429235765056,1.0,0.06,20.0,1.0,0.16123685176738983,0.30074810330624724,0.18997582036780977,0.3,0.08,40.0,1.0,0.009462895318293968,0.022269724019265445,0.014491607961731129,1.0,0.08,6.0,1.0,0.022310678987599395,0.03820121880163904,0.025886862615452453,1.0,0.12
01_low_friction_mu_0p12_p2l_v2:0042,01_low_friction_mu_0p12_p2l_v2,20.17999999999997,20.57999999999997,20.0,1.0,0.024120447113988593,0.02918591117429422,0.02444748203235584,1.0,0.06,20.0,1.0,0.14200268092890903,0.20189893431995926,0.14829568711000332,0.0,0.08,40.0,1.0,0.003373986679721401,0.011892489046777048,0.0068046161727354755,1.0,0.08,6.0,1.0,0.020020786963964643,0.035578358894132106,0.024317051174519873,1.0,0.12
01_low_friction_mu_0p12_p2l_v2:0043,01_low_friction_mu_0p12_p2l_v2,20.379999999999967,20.779999999999966,20.0,1.0,0.01613836081475905,0.023716344334379986,0.017151936703751734,1.0,0.06,20.0,1.0,0.08154503780757662,0.12184508971169998,0.08703673080554472,0.5,0.08,40.0,1.0,0.00017838065108042868,0.000326205190479062,0.00023933261980416153,1.0,0.08,6.0,1.0,0.029166927218777294,0.04544366454230492,0.03311443260578877,1.0,0.12
01_low_friction_mu_0p12_p2l_v2:0044,01_low_friction_mu_0p12_p2l_v2,20.57999999999997,20.97999999999997,20.0,1.0,0.007013595565906071,0.013812017291953691,0.008431597379258115,1.0,0.06,20.0,1.0,0.03578588025842536,0.06861399809866923,0.04217923650773185,1.0,0.08,40.0,1.0,0.0009037842250525528,0.002893921613959511,0.0015018723267774857,1.0,0.08,6.0,1.0,0.03552297319249975,0.04514459976037266,0.036544657120604104,1.0,0.12
01_low_friction_mu_0p12_p2l_v2:0045,01_low_friction_mu_0p12_p2l_v2,20.779999999999966,21.179999999999964,20.0,1.0,0.0032369242298327912,0.005651738629004314,0.004424448822508521,1.0,0.06,20.0,1.0,0.017796514520659817,0.0274128529482432,0.01886705382666812,1.0,0.08,40.0,1.0,0.0025969073719660806,0.005637696407827054,0.005000144420950686,1.0,0.08,6.0,1.0,0.031153537863723962,0.0471618733721442,0.03433895253932824,1.0,0.12
01_low_friction_mu_0p12_p2l_v2:0046,01_low_friction_mu_0p12_p2l_v2,20.97999999999997,21.379999999999967,20.0,1.0,0.06538119944486206,0.17276193708917903,0.09527094046174304,0.55,0.06,20.0,1.0,0.05421865660821627,0.1421915677731062,0.07379787273497558,0.75,0.08,40.0,1.0,0.006451521800510268,0.017407419901278177,0.009571150565162065,1.0,0.08,6.0,1.0,0.03300338920533433,0.05882330733392048,0.039295633829614256,1.0,0.12
01_low_friction_mu_0p12_p2l_v2:0047,01_low_friction_mu_0p12_p2l_v2,21.179999999999964,21.579999999999963,20.0,1.0,0.06879086117211523,0.17276193708917903,0.09593923180446637,0.55,0.06,20.0,1.0,0.04523721122097064,0.1421915677731062,0.07240022536829983,0.75,0.08,40.0,1.0,0.005283118806358835,0.01610729319310841,0.008492282939222622,1.0,0.08,6.0,1.0,0.0336214720729065,0.05174753517687347,0.037832945363340545,1.0,0.12
01_low_friction_mu_0p12_p2l_v2:0048,01_low_friction_mu_0p12_p2l_v2,21.379999999999967,21.779999999999966,20.0,1.0,0.005185029783713512,0.018911310205702844,0.011932083842375643,1.0,0.06,20.0,1.0,0.0005997712693284038,0.0008296065373847098,0.0019254623667571275,1.0,0.08,40.0,1.0,0.0006933840886077497,0.0006756994398023818,0.0018176255446258982,1.0,0.08,6.0,1.0,0.027845552524753004,0.035503867637852383,0.029146904508842653,1.0,0.12
01_low_friction_mu_0p12_p2l_v2:0049,01_low_friction_mu_0p12_p2l_v2,21.579999999999963,21.97999999999996,20.0,1.0,0.00019385375847218926,0.0002877668744128875,0.0006377823849502858,1.0,0.06,20.0,1.0,4.005856862893668e-06,5.98375761435742e-06,1.3176035274965763e-05,1.0,0.08,40.0,1.0,0.0001710670204359547,0.00032158227930835644,0.00020904338965815398,1.0,0.08,7.0,1.0,0.019916359538722367,0.03543424835086665,0.023993212798651953,1.0,0.12
01_low_friction_mu_0p12_p2l_v2:0050,01_low_friction_mu_0p12_p2l_v2,21.779999999999966,22.179999999999964,20.0,1.0,0.10624852901385813,0.2725478725062439,0.1641040329763272,0.6,0.06,20.0,1.0,0.0003698483261552253,0.0011559471878402395,0.0006136784644620414,1.0,0.08,40.0,1.0,0.00016795404685284045,0.0003345242558683689,0.00020688999984964292,1.0,0.08,7.0,1.0,0.017803376896371226,0.02856305164194556,0.020472467820797483,1.0,0.12
01_low_friction_mu_0p12_p2l_v2:0051,01_low_friction_mu_0p12_p2l_v2,21.97999999999996,22.37999999999996,20.0,1.0,0.19513570663182614,0.2725478725062439,0.20769059247577168,0.1,0.06,20.0,1.0,0.0017095326709272419,0.003254278750088663,0.0020462559003563727,1.0,0.08,40.0,1.0,0.000190633117335521,0.0003792554833019209,0.00024408789510109997,1.0,0.08,6.0,1.0,0.025441070982761212,0.034019643191837895,0.026448937124110335,1.0,0.12
01_low_friction_mu_0p12_p2l_v2:0052,01_low_friction_mu_0p12_p2l_v2,22.179999999999964,22.579999999999963,20.0,1.0,0.13311590234345855,0.2015859935110995,0.14289369605870872,0.1,0.06,20.0,1.0,0.003958031645682204,0.005987410435936744,0.004223893642021937,1.0,0.08,40.0,1.0,0.00018319703261918655,0.00035688347486239203,0.00024027078378947945,1.0,0.08,6.0,1.0,0.02837740166788777,0.05863920179284472,0.038508837810955134,1.0,0.12
01_low_friction_mu_0p12_p2l_v2:0053,01_low_friction_mu_0p12_p2l_v2,22.37999999999996,22.77999999999996,20.0,1.0,0.05054853617898971,0.11149364463219981,0.06618693692812463,0.6,0.06,20.0,1.0,0.0046866707199998015,0.0066408143126931215,0.005010927964813322,1.0,0.08,40.0,1.0,0.0008049483891621422,0.0023755649732334393,0.001252079161444193,1.0,0.08,6.0,1.0,0.021598690448502298,0.053814320716452646,0.034676325945581024,1.0,0.12
01_low_friction_mu_0p12_p2l_v2:0054,01_low_friction_mu_0p12_p2l_v2,22.579999999999963,22.97999999999996,20.0,1.0,0.006530003592995809,0.02344695271916533,0.012952147152365298,1.0,0.06,20.0,1.0,0.0021971259421497305,0.006430894681391837,0.003333176949331686,1.0,0.08,40.0,1.0,0.0007986427335372604,0.0023755649732334393,0.0012501577798018193,1.0,0.08,6.0,1.0,0.016875949505936544,0.026459927541145428,0.018682324964803994,1.0,0.12
01_low_friction_mu_0p12_p2l_v2:0055,01_low_friction_mu_0p12_p2l_v2,22.77999999999996,23.179999999999957,20.0,1.0,3.2404596210061644e-05,3.204577037035361e-05,3.244258532101202e-05,1.0,0.06,20.0,1.0,0.0002477246766626738,0.0002458697261447153,0.0002478580154641476,1.0,0.08,40.0,1.0,0.00013411696158343648,0.00029711053391570495,0.00016454227453119893,1.0,0.08,6.0,1.0,0.024552543829833018,0.03587847041691786,0.026814010290379362,1.0,0.12
01_low_friction_mu_0p12_p2l_v2:0056,01_low_friction_mu_0p12_p2l_v2,22.97999999999996,23.37999999999996,20.0,1.0,3.2045987100476345e-05,3.2047163537535225e-05,3.204598711290695e-05,1.0,0.06,20.0,1.0,0.0002458480714821275,0.0002458574224479734,0.00024584807158449946,1.0,0.08,40.0,1.0,0.0001465808771359919,0.0002694245113333719,0.00017660979025660586,1.0,0.08,6.0,1.0,0.02512770840539567,0.03737482372021095,0.027945636788176614,1.0,0.12
01_low_friction_mu_0p12_p2l_v2:0057,01_low_friction_mu_0p12_p2l_v2,23.179999999999957,23.579999999999956,20.0,1.0,3.204753501617752e-05,3.2048711398940945e-05,3.204753502860682e-05,1.0,0.06,20.0,1.0,0.0002458357675752874,0.0002458451185463096,0.00024583576767766457,1.0,0.08,40.0,1.0,0.00016971741432504853,0.000338211271356469,0.00020942639321955956,1.0,0.08,6.0,1.0,0.031222773906044037,0.06049470922060665,0.038704054851386144,1.0,0.12
01_low_friction_mu_0p12_p2l_v2:0058,01_low_friction_mu_0p12_p2l_v2,23.37999999999996,23.77999999999996,20.0,1.0,3.204908284011598e-05,3.205025911480197e-05,3.204908285254258e-05,1.0,0.06,20.0,1.0,0.0002458234636777604,0.0002458328146352986,0.0002458234637801422,1.0,0.08,40.0,1.0,0.00013788782237800248,0.00031361206788776735,0.0001799496901973783,1.0,0.08,6.0,1.0,0.03796419966128912,0.06049470922060665,0.04277796546991897,1.0,0.12
01_low_friction_mu_0p12_p2l_v2:0059,01_low_friction_mu_0p12_p2l_v2,23.579999999999956,23.979999999999954,20.0,1.0,3.205063052061363e-05,3.205180668216512e-05,3.205063053303712e-05,1.0,0.06,20.0,1.0,0.0002458111598003027,0.00024582051074145374,0.0002458111599026893,1.0,0.08,40.0,1.0,0.00012868814851049406,0.00025769498162725197,0.00016129315793734806,1.0,0.08,6.0,1.0,0.022835662850490452,0.0370395726979732,0.025705714225328632,1.0,0.12
01_low_friction_mu_0p12_p2l_v2:0060,01_low_friction_mu_0p12_p2l_v2,23.77999999999996,24.179999999999957,20.0,1.0,3.2052178043312506e-05,3.205335408287269e-05,3.205217805573287e-05,1.0,0.06,20.0,1.0,0.00024579885594428505,0.0002458082068692789,0.00024579885604667645,1.0,0.08,40.0,1.0,0.00014595040220715118,0.0002561053557983866,0.00017291543880903207,1.0,0.08,6.0,1.0,0.011620125326063121,0.01825811690264048,0.012991383719514093,1.0,0.12
01_low_friction_mu_0p12_p2l_v2:0061,01_low_friction_mu_0p12_p2l_v2,23.979999999999954,24.379999999999953,20.0,1.0,3.205372540784346e-05,3.205490132315303e-05,3.2053725420260665e-05,1.0,0.06,20.0,1.0,0.0002457865521100549,0.0002457959030183649,0.00024578655221245107,1.0,0.08,40.0,1.0,0.00014858370978585011,0.00027099494364626463,0.0001862146692447488,1.0,0.08,6.0,1.0,0.012188612235798249,0.02932624747037027,0.017857837426999746,1.0,0.12
01_low_friction_mu_0p12_p2l_v2:0062,01_low_friction_mu_0p12_p2l_v2,24.179999999999957,24.579999999999956,20.0,1.0,3.205527261573027e-05,3.205644841877131e-05,3.2055272628144395e-05,1.0,0.06,20.0,1.0,0.00024577424829790544,0.0002457835991895784,0.0002457742484003064,1.0,0.08,40.0,1.0,0.00017669113571360358,0.00038803081551780057,0.00022579666923578967,1.0,0.08,6.0,1.0,0.028477567639004858,0.07836718013565305,0.05135170575985451,1.0,0.12
01_low_friction_mu_0p12_p2l_v2:0063,01_low_friction_mu_0p12_p2l_v2,24.379999999999953,24.77999999999995,20.0,1.0,3.2056819675277406e-05,3.2057995365952775e-05,3.205681968768865e-05,1.0,0.06,20.0,1.0,0.0002457619445079995,0.0002457712953828059,0.0002457619446104052,1.0,0.08,40.0,1.0,0.00019800886767093153,0.0004111469033547513,0.0002400001190736913,1.0,0.08,6.0,1.0,0.04449526222685334,0.09866547655552894,0.0612632412034777,1.0,0.12
01_low_friction_mu_0p12_p2l_v2:0064,01_low_friction_mu_0p12_p2l_v2,24.579999999999956,24.979999999999954,20.0,1.0,3.2058366563150754e-05,3.205954209056228e-05,3.205836657555796e-05,1.0,0.06,20.0,1.0,0.00024574964084835043,0.00024575899159822205,0.00024574964095075625,1.0,0.08,40.0,1.0,0.00017792293630973952,0.00035649062633690524,0.00021644299886363678,1.0,0.08,6.0,1.0,0.02960110179196249,0.060043762699573996,0.038515276613332594,1.0,0.12
01_low_friction_mu_0p12_p2l_v2:0065,01_low_friction_mu_0p12_p2l_v2,24.77999999999995,25.17999999999995,20.0,1.0,3.205991322380308e-05,3.206108860915879e-05,3.2059913236206044e-05,1.0,0.06,20.0,1.0,0.000245737337558285,0.000245746687835335,0.0002457373376606895,1.0,0.08,40.0,1.0,0.00013443692085827276,0.00027940085888584245,0.0001716078951738598,1.0,0.08,6.0,1.0,0.025709773178453788,0.05092493424735409,0.03605152713281593,1.0,0.12
01_low_friction_mu_0p12_p2l_v2:0066,01_low_friction_mu_0p12_p2l_v2,24.979999999999954,25.379999999999953,20.0,1.0,3.2061459751187014e-05,3.206263508530594e-05,3.2061459763588946e-05,1.0,0.06,20.0,1.0,0.00024572503418259867,0.0002457343850060939,0.00024572503428501864,1.0,0.08,40.0,1.0,0.00012597212053759346,0.0002638185102413016,0.00015829650395578795,1.0,0.08,6.0,1.0,0.034234027302052626,0.06180011610945982,0.04155459035429642,1.0,0.12
01_low_friction_mu_0p12_p2l_v2:0067,01_low_friction_mu_0p12_p2l_v2,25.17999999999995,25.57999999999995,20.0,1.0,3.2063006191060395e-05,3.206418140385137e-05,3.206300620345916e-05,1.0,0.06,20.0,1.0,0.00024571273048214334,0.00024572208128857714,0.00024571273058456803,1.0,0.08,40.0,1.0,0.00016611371235997452,0.0003828398399633101,0.00020998819984803898,1.0,0.08,6.0,1.0,0.024946179668906537,0.040075330727720376,0.028053281998877844,1.0,0.12
01_low_friction_mu_0p12_p2l_v2:0068,01_low_friction_mu_0p12_p2l_v2,25.379999999999953,25.77999999999995,20.0,1.0,3.431575345932136e-05,3.206572757735726e-05,3.569128410534008e-05,1.0,0.06,20.0,1.0,0.00024797871092269185,0.00024571100796217055,0.000248177373774929,1.0,0.08,40.0,1.0,0.00018654183436526978,0.00040069210303955634,0.00023111947483652918,1.0,0.08,6.0,1.0,0.02825006667277932,0.0499534045966817,0.033197432475575314,1.0,0.12
01_low_friction_mu_0p12_p2l_v2:0069,01_low_friction_mu_0p12_p2l_v2,25.57999999999995,25.979999999999947,20.0,1.0,0.02263555191216136,0.07607629851511855,0.040111296997193874,0.8,0.06,20.0,1.0,0.08918996327248827,0.3179425645929886,0.1636506626953375,0.7,0.08,40.0,1.0,0.003511419854828188,0.0122574886850071,0.0064840251264182275,1.0,0.08,6.0,1.0,0.032445894138242365,0.05411355397346167,0.037568815194282026,1.0,0.12
01_low_friction_mu_0p12_p2l_v2:0070,01_low_friction_mu_0p12_p2l_v2,25.77999999999995,26.17999999999995,20.0,1.0,0.03726408944219288,0.07607629851511855,0.046176452313514096,0.8,0.06,20.0,1.0,0.17326014152048075,0.3179425645929886,0.20718894269282548,0.25,0.08,40.0,1.0,0.0047464360723381335,0.013416832645542602,0.0072232320641449944,1.0,0.08,6.0,1.0,0.03225496308306104,0.05642179629219096,0.039741434042400166,1.0,0.12
01_low_friction_mu_0p12_p2l_v2:0071,01_low_friction_mu_0p12_p2l_v2,25.979999999999947,26.379999999999946,20.0,1.0,0.016237067635785758,0.04158048497509397,0.02302112172137254,1.0,0.06,20.0,1.0,0.09510179488414842,0.226145327080071,0.12875829545448172,0.55,0.08,40.0,1.0,0.007044480689094789,0.018669412700681093,0.010239294759125396,1.0,0.08,6.0,1.0,0.03688792967390475,0.060622070882063686,0.044012912566991566,1.0,0.12
01_low_friction_mu_0p12_p2l_v2:0072,01_low_friction_mu_0p12_p2l_v2,26.17999999999995,26.57999999999995,20.0,1.0,0.004665198366225716,0.006875528486897667,0.00508868133391686,1.0,0.06,20.0,1.0,0.013135364140084618,0.038399961131925134,0.021235931283971245,1.0,0.08,40.0,1.0,0.0074185674835957295,0.018669412700681093,0.010190122976383418,1.0,0.08,6.0,1.0,0.028641650476279076,0.05065115343973882,0.0349212528011665,1.0,0.12
01_low_friction_mu_0p12_p2l_v2:0073,01_low_friction_mu_0p12_p2l_v2,26.379999999999946,26.779999999999944,20.0,1.0,0.003852572210917585,0.006875528486897667,0.004561528748565645,1.0,0.06,20.0,1.0,0.01851077354296609,0.03906893115953499,0.02403196292363528,1.0,0.08,40.0,1.0,0.004887128080203214,0.008722618112065445,0.0067687753435843765,1.0,0.08,6.0,1.0,0.02656836927612387,0.053592265498198025,0.033717345332552294,1.0,0.12
01_low_friction_mu_0p12_p2l_v2:0074,01_low_friction_mu_0p12_p2l_v2,26.57999999999995,26.979999999999947,20.0,1.0,0.0010169823757928784,0.0017580377246204297,0.001335386199646069,1.0,0.06,20.0,1.0,0.03254036280627004,0.03906893115953499,0.03303830321573137,1.0,0.08,40.0,1.0,0.004106033614906553,0.0083355070146041,0.006437040609376578,1.0,0.08,6.0,1.0,0.022077558955167557,0.04378482877981753,0.029694843685327908,1.0,0.12
01_low_friction_mu_0p12_p2l_v2:0075,01_low_friction_mu_0p12_p2l_v2,26.779999999999944,27.179999999999943,20.0,1.0,0.00028932258726815653,0.000912496875541805,0.0005026904994399939,1.0,0.06,20.0,1.0,0.03165804817851656,0.034516525054729984,0.03172230831231755,1.0,0.08,40.0,1.0,0.0009946262798544285,0.0038984457242988396,0.002187925946162342,1.0,0.08,6.0,1.0,0.026257500184248078,0.04689621954854897,0.032081400296396195,1.0,0.12
01_low_friction_mu_0p12_p2l_v2:0076,01_low_friction_mu_0p12_p2l_v2,26.979999999999947,27.379999999999946,20.0,1.0,0.00010112121029701992,0.0001029768429603256,0.00010113062296254375,1.0,0.06,20.0,1.0,0.03080095603408404,0.03080343591735877,0.03080095610818766,1.0,0.08,40.0,1.0,0.00015505442659495273,0.00029820273539577505,0.0001916778007043677,1.0,0.08,6.0,1.0,0.029784562592275566,0.04689621954854897,0.033628659504803274,1.0,0.12
01_low_friction_mu_0p12_p2l_v2:0077,01_low_friction_mu_0p12_p2l_v2,27.179999999999943,27.57999999999994,20.0,1.0,0.00024703124729580085,0.0006282988077524954,0.000441717516600601,1.0,0.06,20.0,1.0,0.02984224369311751,0.030804040748097904,0.029911519014503177,1.0,0.08,40.0,1.0,0.000605491144443944,0.0021495727702178892,0.001073147666659421,1.0,0.08,6.0,1.0,0.02442436096740969,0.035024773630089906,0.025591295739191687,1.0,0.12
01_low_friction_mu_0p12_p2l_v2:0078,01_low_friction_mu_0p12_p2l_v2,27.379999999999946,27.779999999999944,20.0,1.0,0.0026585521378085257,0.0062135116969404495,0.003655037176078563,1.0,0.06,20.0,1.0,0.07871212962370878,0.19428112752472107,0.11651784746028156,0.7,0.08,40.0,1.0,0.052509950063562426,0.18824136061840896,0.09328967673933372,0.725,0.08,6.0,1.0,0.02554715445479562,0.035024773630089906,0.026642372290082112,1.0,0.12
01_low_friction_mu_0p12_p2l_v2:0079,01_low_friction_mu_0p12_p2l_v2,27.57999999999994,27.97999999999994,20.0,1.0,0.005588151924025507,0.0065430629031064,0.005723370136614703,1.0,0.06,20.0,1.0,0.07105652994820688,0.19428112752472107,0.11643035834634474,0.65,0.08,40.0,1.0,0.05777817751338741,0.18824136061840896,0.09482971380959751,0.7,0.08,6.0,1.0,0.01714925351305463,0.023802446395513224,0.018041168902745118,1.0,0.12
01_low_friction_mu_0p12_p2l_v2:0080,01_low_friction_mu_0p12_p2l_v2,27.779999999999944,28.179999999999943,20.0,1.0,0.004957038043979542,0.0065430629031064,0.005172077779074864,1.0,0.06,20.0,1.0,0.012616759633274303,0.017678542602674298,0.02182492454218948,0.95,0.08,40.0,1.0,0.009638171666317455,0.012110540217777367,0.018022334110268764,0.975,0.08,6.0,1.0,0.0270887013100766,0.04529489515675561,0.031214730521459785,1.0,0.12
01_low_friction_mu_0p12_p2l_v2:0081,01_low_friction_mu_0p12_p2l_v2,27.97999999999994,28.37999999999994,20.0,1.0,0.005110241747193679,0.006611680014878182,0.005354702056516004,1.0,0.06,20.0,1.0,0.006151677744564465,0.015156800322683635,0.008756115211136539,1.0,0.08,40.0,1.0,0.00394806948890202,0.010217871557383497,0.00583293641220212,1.0,0.08,6.0,1.0,0.03091961845980468,0.04529489515675561,0.033378150885471095,1.0,0.12
01_low_friction_mu_0p12_p2l_v2:0082,01_low_friction_mu_0p12_p2l_v2,28.179999999999943,28.57999999999994,20.0,1.0,0.00658716173502973,0.00661798637735638,0.006588033016738199,1.0,0.06,20.0,1.0,0.0005694727148361056,0.000541804923619721,0.0006169844159366465,1.0,0.08,40.0,1.0,0.0001884642615727253,0.00030593306222237996,0.00028283834136768395,1.0,0.08,7.0,1.0,0.027127122114055102,0.04036608944853025,0.029113290048237876,1.0,0.12
01_low_friction_mu_0p12_p2l_v2:0083,01_low_friction_mu_0p12_p2l_v2,28.37999999999994,28.779999999999937,20.0,1.0,0.006617343903706439,0.00661798637735638,0.006617343973451402,1.0,0.06,20.0,1.0,0.00048683235179799165,0.0005051354805443775,0.0004870222383198839,1.0,0.08,40.0,1.0,0.00016639635493236326,0.0003006314089040285,0.00018964967401971633,1.0,0.08,7.0,1.0,0.021760087558969514,0.04036608944853025,0.02615538122430383,1.0,0.12
01_low_friction_mu_0p12_p2l_v2:0084,01_low_friction_mu_0p12_p2l_v2,28.57999999999994,28.97999999999994,20.0,1.0,0.00661737222328784,0.006617855773832271,0.006617372235004904,1.0,0.06,20.0,1.0,0.0004643475794570195,0.00048087932615917814,0.0004645132554092524,1.0,0.08,40.0,1.0,0.00015971850203425896,0.0003043302079939414,0.00019028657320761854,1.0,0.08,6.0,1.0,0.013084887373810111,0.01973325448690362,0.014278359210921278,1.0,0.12
01_low_friction_mu_0p12_p2l_v2:0085,01_low_friction_mu_0p12_p2l_v2,28.779999999999937,29.179999999999936,20.0,1.0,0.00661656015035066,0.006617245664124818,0.006616560172882013,1.0,0.06,20.0,1.0,0.00044360919527161867,0.0004589780394946397,0.0004437585920379942,1.0,0.08,40.0,1.0,0.00016628375925218375,0.0003424874241617637,0.00020712356584561386,1.0,0.08,6.0,1.0,0.019603976424898657,0.027904588219871004,0.02089311076717917,1.0,0.12
01_low_friction_mu_0p12_p2l_v2:0086,01_low_friction_mu_0p12_p2l_v2,28.97999999999994,29.37999999999994,20.0,1.0,0.006615485344831161,0.006616369385744003,0.006615485381424806,1.0,0.06,20.0,1.0,0.00042446646314854287,0.00043859706639164944,0.00042459795436727664,1.0,0.08,40.0,1.0,0.0001727827578295163,0.00034953877739214993,0.00021572411098577445,1.0,0.08,6.0,1.0,0.01259028799086323,0.025693250732229625,0.016941704560608704,1.0,0.12
01_low_friction_mu_0p12_p2l_v2:0087,01_low_friction_mu_0p12_p2l_v2,29.179999999999936,29.579999999999934,20.0,1.0,0.014132577698330939,0.03408386231566815,0.022433968517577264,0.95,0.06,20.0,1.0,0.010670283424180232,0.03369959325617075,0.028337705247924866,0.95,0.08,40.0,1.0,0.012228301659093957,0.048687609236316175,0.031735974096560975,0.925,0.08,6.0,1.0,0.020194067682430088,0.054251941423188434,0.036315539520014956,1.0,0.12
01_low_friction_mu_0p12_p2l_v2:0088,01_low_friction_mu_0p12_p2l_v2,29.37999999999994,29.779999999999937,20.0,1.0,0.021510307519300536,0.06165700394651862,0.03337828955436389,0.85,0.06,20.0,1.0,0.03843080499934021,0.10995438492775192,0.06885125568836549,0.8,0.08,40.0,1.0,0.030200778426941428,0.10431826918915721,0.05131145407293301,0.8,0.08,6.0,1.0,0.030953025447897426,0.0623000540744857,0.04090555219073733,1.0,0.12
02_asymmetric_left_mu_0p15_p2l_v2:0000,02_asymmetric_left_mu_0p15_p2l_v2,17.234,17.634,20.0,1.0,3.705834059966884e-05,3.7058341061113606e-05,3.705834059966884e-05,1.0,0.06,20.0,1.0,2.0228773632726194e-15,2.3367944495655568e-15,2.0356607017554493e-15,1.0,0.08,40.0,1.0,0.00016558111632934184,0.00032706649177820246,0.00022391981675236628,1.0,0.08,6.0,1.0,0.031487282169585205,0.054454098529829076,0.03747211207663271,1.0,0.12
02_asymmetric_left_mu_0p15_p2l_v2:0001,02_asymmetric_left_mu_0p15_p2l_v2,17.434,17.834,20.0,1.0,3.7058340396647904e-05,3.705834039768874e-05,3.7058340396647904e-05,1.0,0.06,20.0,1.0,2.4499000022849394e-15,2.798879170103648e-15,2.4643188271844947e-15,1.0,0.08,40.0,1.0,0.00016177465838165605,0.00031635948206275007,0.00020300479797245622,1.0,0.08,6.0,1.0,0.01824385901766366,0.04658234512117451,0.02720660730923434,1.0,0.12
02_asymmetric_left_mu_0p15_p2l_v2:0002,02_asymmetric_left_mu_0p15_p2l_v2,17.634,18.034,20.0,1.0,3.705834039634537e-05,3.705834039735567e-05,3.705834039634537e-05,1.0,0.06,20.0,1.0,2.9669577686258295e-15,3.422888282579605e-15,2.985255969406658e-15,1.0,0.08,40.0,1.0,0.00017231883737563278,0.00038424077025884455,0.00021660200034421943,1.0,0.08,6.0,1.0,0.015270315037696732,0.03301517584246824,0.021186293908895308,1.0,0.12
02_asymmetric_left_mu_0p15_p2l_v2:0003,02_asymmetric_left_mu_0p15_p2l_v2,17.834,18.233999999999998,20.0,1.0,3.7058340396264876e-05,3.705834039735567e-05,3.7058340396264876e-05,1.0,0.06,20.0,1.0,3.59906056652903e-15,4.127146650047892e-15,3.621087117275766e-15,1.0,0.08,40.0,1.0,0.0001858865089999653,0.0003375234689223025,0.0002207834078319961,1.0,0.08,6.0,1.0,0.015878916858254388,0.025118125997876634,0.018317142340089947,1.0,0.12
02_asymmetric_left_mu_0p15_p2l_v2:0004,02_asymmetric_left_mu_0p15_p2l_v2,18.034,18.433999999999997,20.0,1.0,0.011850274309602081,0.035916171168405626,0.020224970272939086,1.0,0.06,20.0,1.0,0.023738226801925194,0.0766716733887201,0.04208608334824636,0.9,0.08,40.0,1.0,0.018280060583766803,0.0654647537784677,0.03162529261175186,0.975,0.08,6.0,1.0,0.02444168614448694,0.04657445033585936,0.03143766808853146,1.0,0.12
02_asymmetric_left_mu_0p15_p2l_v2:0005,02_asymmetric_left_mu_0p15_p2l_v2,18.233999999999998,18.633999999999997,20.0,1.0,0.012004751286256953,0.035916171168405626,0.020229427855741524,1.0,0.06,20.0,1.0,0.03273203783315036,0.0766716733887201,0.043997771139677413,0.9,0.08,40.0,1.0,0.01865169659361662,0.0654647537784677,0.03166074468964889,0.975,0.08,6.0,1.0,0.020353156728779864,0.040414972256280546,0.029133047956710897,1.0,0.12
02_asymmetric_left_mu_0p15_p2l_v2:0006,02_asymmetric_left_mu_0p15_p2l_v2,18.433999999999997,18.833999999999996,20.0,1.0,0.00018975801342657612,0.00027043174242306347,0.0004261840759863865,1.0,0.06,20.0,1.0,0.018097067528261478,0.018253676878064933,0.01817435918618852,1.0,0.08,40.0,1.0,0.00054496071086335,0.0006337479565559523,0.0015121602813738119,1.0,0.08,6.0,1.0,0.0159179355356632,0.030525818361847354,0.02134468602685596,1.0,0.12
02_asymmetric_left_mu_0p15_p2l_v2:0007,02_asymmetric_left_mu_0p15_p2l_v2,18.633999999999997,19.033999999999995,20.0,1.0,3.751418105480547e-05,4.194949537980608e-05,3.846602171964806e-05,1.0,0.06,20.0,1.0,0.018232967418102642,0.018261719662905657,0.01823307775388848,1.0,0.08,40.0,1.0,0.00013407611322060613,0.00023221101253857458,0.0001669177033294387,1.0,0.08,6.0,1.0,0.023761183407226622,0.03928588133422413,0.0275080467346064,1.0,0.12
02_asymmetric_left_mu_0p15_p2l_v2:0008,02_asymmetric_left_mu_0p15_p2l_v2,18.833999999999996,19.233999999999995,20.0,1.0,4.2365074869130106e-05,4.365338188860035e-05,4.237616216262932e-05,1.0,0.06,20.0,1.0,0.018263679349817714,0.018270075084221397,0.018263680010012055,1.0,0.08,40.0,1.0,0.0001304279637546306,0.0002468610181084047,0.00016997344295341445,1.0,0.08,6.0,1.0,0.019234851701305455,0.03221439004290018,0.02235204351169303,1.0,0.12
02_asymmetric_left_mu_0p15_p2l_v2:0009,02_asymmetric_left_mu_0p15_p2l_v2,19.033999999999995,19.433999999999994,20.0,1.0,0.0003092277459772003,0.0010453462190433754,0.0006044518347533495,1.0,0.06,20.0,1.0,0.04466549722486575,0.12213902933554363,0.06637198816770476,0.8,0.08,40.0,1.0,0.032582890522049615,0.11284337276206685,0.060353459769556445,0.775,0.08,6.0,1.0,0.020549699303400334,0.037063851715494756,0.025451102765845106,1.0,0.12
02_asymmetric_left_mu_0p15_p2l_v2:0010,02_asymmetric_left_mu_0p15_p2l_v2,19.233999999999995,19.633999999999993,20.0,1.0,0.0020306974813514332,0.0038833512233928365,0.002563089796547414,1.0,0.06,20.0,1.0,0.041291690692069685,0.12213902933554363,0.06741202381484858,0.8,0.08,40.0,1.0,0.037058373196113464,0.11284337276206685,0.06191512828381057,0.775,0.08,6.0,1.0,0.02918467948973773,0.04868534309109987,0.03393466249410927,1.0,0.12
02_asymmetric_left_mu_0p15_p2l_v2:0011,02_asymmetric_left_mu_0p15_p2l_v2,19.433999999999994,19.833999999999993,20.0,1.0,0.0036843669809634412,0.0038833512233928365,0.003707054005732853,1.0,0.06,20.0,1.0,0.005771411878637637,0.011218782109960438,0.0174928319121724,1.0,0.08,40.0,1.0,0.004618123547773365,0.010226417136440851,0.013819410193060955,1.0,0.08,6.0,1.0,0.03632551409244266,0.06742844954218649,0.044888396799205546,1.0,0.12
02_asymmetric_left_mu_0p15_p2l_v2:0012,02_asymmetric_left_mu_0p15_p2l_v2,19.633999999999993,20.033999999999992,20.0,1.0,0.0038818699935074196,0.0038829495476234545,0.003881870082089061,1.0,0.06,20.0,1.0,1.422530917086079e-05,2.7005103009727917e-05,1.7090142207437253e-05,1.0,0.08,40.0,1.0,0.00015556149179474024,0.00026503332034817916,0.0001912022146009606,1.0,0.08,6.0,1.0,0.026860226849720687,0.05607405796804463,0.03840580223691341,1.0,0.12
02_asymmetric_left_mu_0p15_p2l_v2:0013,02_asymmetric_left_mu_0p15_p2l_v2,19.833999999999993,20.23399999999999,20.0,1.0,0.0038803788534311407,0.003881539606084103,0.0038803789556356226,1.0,0.06,20.0,1.0,8.387038223268973e-06,1.4977751814956865e-05,9.778409372563289e-06,1.0,0.08,40.0,1.0,0.00015253092276215768,0.0002772623108317441,0.0001952189038276053,1.0,0.08,6.0,1.0,0.016717718906327367,0.030210882157131747,0.0201800867032786,1.0,0.12
02_asymmetric_left_mu_0p15_p2l_v2:0014,02_asymmetric_left_mu_0p15_p2l_v2,20.033999999999992,20.43399999999999,20.0,1.0,0.007050974205034076,0.010785242919630891,0.011561315714145742,1.0,0.06,20.0,1.0,0.0014850620879550262,0.0012795977997075525,0.0051309060559484405,1.0,0.08,40.0,1.0,0.002163748894668093,0.004061854174704284,0.006826840627651789,1.0,0.08,6.0,1.0,0.024202194204573303,0.04036363356246982,0.029066100945619924,1.0,0.12
02_asymmetric_left_mu_0p15_p2l_v2:0015,02_asymmetric_left_mu_0p15_p2l_v2,20.23399999999999,20.63399999999999,20.0,1.0,0.022938793013038174,0.06675012398093758,0.03613145503816831,0.85,0.06,20.0,1.0,0.024489351767982188,0.08470865840530487,0.043558425233724864,0.85,0.08,40.0,1.0,0.01954330250664729,0.07079775258327121,0.03374709147795777,0.975,0.08,6.0,1.0,0.03953698052625395,0.07784496303482749,0.051511911340435056,1.0,0.12
02_asymmetric_left_mu_0p15_p2l_v2:0016,02_asymmetric_left_mu_0p15_p2l_v2,20.43399999999999,20.83399999999999,20.0,1.0,0.017827622153341636,0.06675012398093758,0.034341573875897105,0.85,0.06,20.0,1.0,0.02300970139179023,0.08470865840530487,0.0432551763487982,0.85,0.08,40.0,1.0,0.017503469564437945,0.07079775258327121,0.03304977133636371,0.975,0.08,6.0,1.0,0.04181983659180888,0.0841941924732933,0.05332485513880684,1.0,0.12
02_asymmetric_left_mu_0p15_p2l_v2:0017,02_asymmetric_left_mu_0p15_p2l_v2,20.63399999999999,21.03399999999999,20.0,1.0,2.2726284577214783e-13,6.088183009065133e-13,3.45723793091816e-13,1.0,0.06,20.0,1.0,2.7545516372901554e-14,7.989978628214989e-14,4.842068845197055e-14,1.0,0.08,40.0,1.0,0.00012477590979733435,0.00021872723774939325,0.00015840060163413585,1.0,0.08,6.0,1.0,0.025929999073441356,0.05004915607511521,0.0321684227889143,1.0,0.12
02_asymmetric_left_mu_0p15_p2l_v2:0018,02_asymmetric_left_mu_0p15_p2l_v2,20.83399999999999,21.233999999999988,20.0,1.0,1.4928939713394465e-14,6.941956966728399e-14,3.524937330487411e-14,1.0,0.06,20.0,1.0,1.1733038782970328e-15,5.455863034081187e-15,2.77033916675553e-15,1.0,0.08,40.0,1.0,0.00014859929048159209,0.00027928432265843516,0.00018457488464439402,1.0,0.08,6.0,1.0,0.023104061607411897,0.037869259739322696,0.02747041960687609,1.0,0.12
02_asymmetric_left_mu_0p15_p2l_v2:0019,02_asymmetric_left_mu_0p15_p2l_v2,21.03399999999999,21.433999999999987,20.0,1.0,0.028582417068741185,0.08993150487133476,0.05427817502241205,0.8,0.06,20.0,1.0,0.0020636991378767985,0.006471139801381729,0.0034238429315291575,1.0,0.08,40.0,1.0,0.0028993609278220667,0.0061301689895697665,0.005830451154961416,1.0,0.08,6.0,1.0,0.036204847921648804,0.058974286092063004,0.04273850661833976,1.0,0.12
02_asymmetric_left_mu_0p15_p2l_v2:0020,02_asymmetric_left_mu_0p15_p2l_v2,21.233999999999988,21.633999999999986,20.0,1.0,0.030384341885712762,0.08993150487133476,0.05461414505974804,0.8,0.06,20.0,1.0,0.0025927730781247307,0.006471139801381729,0.0036520451045417034,1.0,0.08,40.0,1.0,0.003232598281988468,0.0061301689895697665,0.005925680073628584,1.0,0.08,6.0,1.0,0.039426136615444585,0.05955074154518463,0.04375804595459746,1.0,0.12
02_asymmetric_left_mu_0p15_p2l_v2:0021,02_asymmetric_left_mu_0p15_p2l_v2,21.433999999999987,21.833999999999985,20.0,1.0,0.001818354297289032,0.002213517052223662,0.006048561539676515,1.0,0.06,20.0,1.0,0.0006486823529415722,0.0014728392451041608,0.0012819303298561959,1.0,0.08,40.0,1.0,0.0004900190415330955,0.0009696559458048262,0.0010756916901915078,1.0,0.08,6.0,1.0,0.019756903560684342,0.036012240529419925,0.024233621469239176,1.0,0.12
02_asymmetric_left_mu_0p15_p2l_v2:0022,02_asymmetric_left_mu_0p15_p2l_v2,21.633999999999986,22.033999999999985,20.0,1.0,3.285960688714506e-05,3.286062093104114e-05,3.2859606895506755e-05,1.0,0.06,20.0,1.0,0.00023921069539445248,0.0002392200091438171,0.00023921069549889953,1.0,0.08,40.0,1.0,0.0001374646811533366,0.00027536767544652287,0.00017284629758470755,1.0,0.08,6.0,1.0,0.009037216212043758,0.019889195969710644,0.012176118869963684,1.0,0.12
02_asymmetric_left_mu_0p15_p2l_v2:0023,02_asymmetric_left_mu_0p15_p2l_v2,21.833999999999985,22.233999999999984,20.0,1.0,6.816897739606032e-05,6.834570424311152e-05,0.00013161111742195563,1.0,0.06,20.0,1.0,0.000340960801714822,0.000281229295210528,0.0005074301278712668,1.0,0.08,40.0,1.0,0.0003610111358421372,0.0007222153856448839,0.0006861044473594171,1.0,0.08,6.0,1.0,0.018731691675430217,0.03386536370427859,0.023042259433144745,1.0,0.12
02_asymmetric_left_mu_0p15_p2l_v2:0024,02_asymmetric_left_mu_0p15_p2l_v2,22.033999999999985,22.433999999999983,20.0,1.0,0.00045226617862310914,0.0011076304375278567,0.0006304540034578206,1.0,0.06,20.0,1.0,0.0017485018401106548,0.004466335543031966,0.0024636262193091503,1.0,0.08,40.0,1.0,0.002349872208093671,0.004909118713607747,0.003958888977597713,1.0,0.08,6.0,1.0,0.03047130243790357,0.04909214430249928,0.03426129486959122,1.0,0.12
02_asymmetric_left_mu_0p15_p2l_v2:0025,02_asymmetric_left_mu_0p15_p2l_v2,22.233999999999984,22.633999999999983,20.0,1.0,0.0004286506954374075,0.0011076304375278567,0.0006182826504457474,1.0,0.06,20.0,1.0,0.0017473412037017507,0.004466335543031966,0.0024367112371753963,1.0,0.08,40.0,1.0,0.0021296220120387,0.004909118713607747,0.003903083457704183,1.0,0.08,6.0,1.0,0.03840550751015514,0.055650576005950816,0.0420431950667396,1.0,0.12
02_asymmetric_left_mu_0p15_p2l_v2:0026,02_asymmetric_left_mu_0p15_p2l_v2,22.433999999999983,22.833999999999982,20.0,1.0,5.664268227571489e-05,5.717507388220966e-05,5.665229493082931e-05,1.0,0.06,20.0,1.0,0.0004449249230319179,0.00044976620921113663,0.0004449587527689975,1.0,0.08,40.0,1.0,0.00013442910107157815,0.0003065969521829208,0.00016664829021262014,1.0,0.08,6.0,1.0,0.029013817331443145,0.053548808227932995,0.03432972688587719,1.0,0.12
02_asymmetric_left_mu_0p15_p2l_v2:0027,02_asymmetric_left_mu_0p15_p2l_v2,22.633999999999983,23.03399999999998,20.0,1.0,5.6933514274487564e-05,5.709733758290092e-05,5.6933672392536715e-05,1.0,0.06,20.0,1.0,0.000449564473339905,0.00044976620921113663,0.00044956490828509965,1.0,0.08,40.0,1.0,0.00013636261449831663,0.0002834140923535309,0.0001648310250872119,1.0,0.08,6.0,1.0,0.020512990153025906,0.03494811310796808,0.024321732486317048,1.0,0.12
02_asymmetric_left_mu_0p15_p2l_v2:0028,02_asymmetric_left_mu_0p15_p2l_v2,22.833999999999982,23.23399999999998,20.0,1.0,5.677918475733568e-05,5.6856625689044594e-05,5.6779214109301645e-05,1.0,0.06,20.0,1.0,0.0004496483320448661,0.00044968965425867086,0.0004496483330959266,1.0,0.08,40.0,1.0,0.00013620267766008902,0.00032114256684657685,0.00017090566887193807,1.0,0.08,7.0,1.0,0.019036626958871556,0.04120263272251567,0.024667278275075304,1.0,0.12
02_asymmetric_left_mu_0p15_p2l_v2:0029,02_asymmetric_left_mu_0p15_p2l_v2,23.03399999999998,23.43399999999998,20.0,1.0,5.66578149218816e-05,5.675498350852792e-05,5.665788500905738e-05,1.0,0.06,20.0,1.0,0.0004495980420239143,0.00044963477765393894,0.0004495980428514611,1.0,0.08,40.0,1.0,0.00013300818598118038,0.00028619395238801195,0.0001766034390595256,1.0,0.08,7.0,1.0,0.027454631889665737,0.0629382426335237,0.038241020728734476,1.0,0.12
02_asymmetric_left_mu_0p15_p2l_v2:0030,02_asymmetric_left_mu_0p15_p2l_v2,23.23399999999998,23.63399999999998,20.0,1.0,5.6173885811847124e-05,5.664605618224683e-05,5.617607978844529e-05,1.0,0.06,20.0,1.0,0.0004465751336403314,0.00044959028784874434,0.00044659638025805015,1.0,0.08,40.0,1.0,0.00013843901290823911,0.00028283233864622034,0.00017482167237345024,1.0,0.08,6.0,1.0,0.041163425739024755,0.06612739017918891,0.047429599495935344,1.0,0.12
02_asymmetric_left_mu_0p15_p2l_v2:0031,02_asymmetric_left_mu_0p15_p2l_v2,23.43399999999998,23.83399999999998,20.0,1.0,5.63919525782941e-05,5.71585633944216e-05,5.6396418028776315e-05,1.0,0.06,20.0,1.0,0.0004455755894615033,0.0004495571141334385,0.00044559657911646234,1.0,0.08,40.0,1.0,0.00013510701865500084,0.0002632474299966539,0.00016012868661861867,1.0,0.08,6.0,1.0,0.024533296052496285,0.04569071290855026,0.03030267562762547,1.0,0.12
02_asymmetric_left_mu_0p15_p2l_v2:0032,02_asymmetric_left_mu_0p15_p2l_v2,23.63399999999998,24.033999999999978,20.0,1.0,5.696106490450381e-05,5.71585633944216e-05,5.69613869177553e-05,1.0,0.06,20.0,1.0,0.00044847990281790626,0.00044946802233802283,0.0004484860836740792,1.0,0.08,40.0,1.0,0.0001532684871644213,0.0002731759230095607,0.00017895443197896607,1.0,0.08,6.0,1.0,0.01407820917331167,0.023776730652924155,0.016808986669273433,1.0,0.12
02_asymmetric_left_mu_0p15_p2l_v2:0033,02_asymmetric_left_mu_0p15_p2l_v2,23.83399999999998,24.233999999999977,20.0,1.0,5.6850583226369936e-05,5.6930351220130235e-05,5.6850613504700566e-05,1.0,0.06,20.0,1.0,0.00044934603085531157,0.0004494121065517875,0.0004493460331597057,1.0,0.08,40.0,1.0,0.00016188954299042874,0.00029653861182201053,0.0001884973506219232,1.0,0.08,6.0,1.0,0.018429017381001705,0.024459981468624964,0.01994982754140039,1.0,0.12
02_asymmetric_left_mu_0p15_p2l_v2:0034,02_asymmetric_left_mu_0p15_p2l_v2,24.033999999999978,24.433999999999976,20.0,1.0,5.6742472213261454e-05,5.6824188169091186e-05,5.674251531883776e-05,1.0,0.06,20.0,1.0,0.0004492815834730874,0.000449322196329358,0.00044928158447174764,1.0,0.08,40.0,1.0,0.000138946046650221,0.0003006028562815518,0.000173027103567463,1.0,0.08,6.0,1.0,0.013411401425108068,0.023449087944393515,0.01585114758102569,1.0,0.12
02_asymmetric_left_mu_0p15_p2l_v2:0035,02_asymmetric_left_mu_0p15_p2l_v2,24.233999999999977,24.633999999999975,20.0,1.0,5.633591438109764e-05,5.6727078395024665e-05,5.633796920633661e-05,1.0,0.06,20.0,1.0,0.0004475188227584015,0.00044926787465786864,0.00044753145364426347,1.0,0.08,40.0,1.0,0.000133980569047774,0.0003013688464775138,0.0001783131922427484,1.0,0.08,6.0,1.0,0.009720983543984865,0.019446786465084742,0.012684630250748934,1.0,0.12
02_asymmetric_left_mu_0p15_p2l_v2:0036,02_asymmetric_left_mu_0p15_p2l_v2,24.433999999999976,24.833999999999975,20.0,1.0,5.6379472890444315e-05,5.722970023930296e-05,5.638321263000151e-05,1.0,0.06,20.0,1.0,0.00044526114070593564,0.0004492310074399341,0.000445281495050151,1.0,0.08,40.0,1.0,0.00016338826858026744,0.000326994394599719,0.00021323571877919444,1.0,0.08,6.0,1.0,0.016049308511473265,0.026295419289863814,0.01870710802328644,1.0,0.12
02_asymmetric_left_mu_0p15_p2l_v2:0037,02_asymmetric_left_mu_0p15_p2l_v2,24.633999999999975,25.033999999999974,20.0,1.0,5.687504632432006e-05,5.722970023930296e-05,5.687655089448536e-05,1.0,0.06,20.0,1.0,0.0004469223267867395,0.0004491367299041315,0.0004469383560354818,1.0,0.08,40.0,1.0,0.00015373422661183307,0.0002576504707069125,0.00018963757991311085,1.0,0.08,6.0,1.0,0.022048007671594223,0.03747401913619916,0.0263414952215139,1.0,0.12
02_asymmetric_left_mu_0p15_p2l_v2:0038,02_asymmetric_left_mu_0p15_p2l_v2,24.833999999999975,25.233999999999973,20.0,1.0,0.010933896513672764,0.026865804845278837,0.027852646161198244,0.9,0.06,20.0,1.0,0.03645853227479891,0.04265198230417452,0.10905926329969098,0.9,0.08,40.0,1.0,0.007216801004147419,0.027592847508159064,0.017205325955417766,1.0,0.08,6.0,1.0,0.017215521118896532,0.03654796554032311,0.023395182882460147,1.0,0.12
02_asymmetric_left_mu_0p15_p2l_v2:0039,02_asymmetric_left_mu_0p15_p2l_v2,25.033999999999974,25.433999999999973,20.0,1.0,0.02830743057248768,0.07246639562794563,0.04012254866567738,0.8,0.06,20.0,1.0,0.13027588183424288,0.32328742215323564,0.1831764360187256,0.5,0.08,40.0,1.0,0.010626123539990925,0.028020343005169136,0.018695834628721715,1.0,0.08,6.0,1.0,0.011058376551863877,0.020840375517993087,0.013430482826022357,1.0,0.12
02_asymmetric_left_mu_0p15_p2l_v2:0040,02_asymmetric_left_mu_0p15_p2l_v2,25.233999999999973,25.633999999999972,20.0,1.0,0.020240045012002283,0.05327962611317125,0.029199344326965686,0.9,0.06,20.0,1.0,0.09763208131828091,0.27389378762832767,0.14746894088015772,0.6,0.08,40.0,1.0,0.006510659953727477,0.019981392761579564,0.011039444760341553,1.0,0.08,6.0,1.0,0.02911122783506194,0.06473702348529627,0.04411303923623512,1.0,0.12
02_asymmetric_left_mu_0p15_p2l_v2:0041,02_asymmetric_left_mu_0p15_p2l_v2,25.433999999999973,25.83399999999997,20.0,1.0,0.006375272256049362,0.0070765440160936695,0.006601163428640361,1.0,0.06,20.0,1.0,0.003757251164613737,0.011068377770849173,0.009346641275322108,1.0,0.08,40.0,1.0,0.0031180686987112628,0.010598760406724401,0.00826847817463025,1.0,0.08,6.0,1.0,0.03693556122131996,0.07234312766183555,0.0486052355467753,1.0,0.12
02_asymmetric_left_mu_0p15_p2l_v2:0042,02_asymmetric_left_mu_0p15_p2l_v2,25.633999999999972,26.03399999999997,20.0,1.0,0.007073987215850917,0.007075696484770758,0.007073987276770659,1.0,0.06,20.0,1.0,0.00034321648662739845,0.0003570212724980093,0.0003433627182433373,1.0,0.08,40.0,1.0,0.0001635979162254761,0.0003025679697817363,0.0002023921271057479,1.0,0.08,6.0,1.0,0.036183406120061636,0.05813823217870632,0.04110614718871899,1.0,0.12
02_asymmetric_left_mu_0p15_p2l_v2:0043,02_asymmetric_left_mu_0p15_p2l_v2,25.83399999999997,26.23399999999997,20.0,1.0,0.007072525501059533,0.0070737820093335095,0.00707252558430383,1.0,0.06,20.0,1.0,0.0003588919785401545,0.0003683626050094979,0.0003589828849184211,1.0,0.08,40.0,1.0,0.00015799115367234884,0.0002951066958542248,0.00018950151300394877,1.0,0.08,6.0,1.0,0.038286188030574306,0.05813823217870632,0.041413555529801575,1.0,0.12
02_asymmetric_left_mu_0p15_p2l_v2:0044,02_asymmetric_left_mu_0p15_p2l_v2,26.03399999999997,26.43399999999997,20.0,1.0,0.0070703403695469656,0.00707217069970287,0.007070340514630497,1.0,0.06,20.0,1.0,0.00037074758190715483,0.00037886668133630395,0.0003707973649363017,1.0,0.08,40.0,1.0,0.00015123752535344258,0.0002572925260776904,0.0001754227537431865,1.0,0.08,6.0,1.0,0.019169668942551326,0.035706704282041285,0.023851945556573946,1.0,0.12
02_asymmetric_left_mu_0p15_p2l_v2:0045,02_asymmetric_left_mu_0p15_p2l_v2,26.23399999999997,26.63399999999997,20.0,1.0,0.007068311006639551,0.007069819814188907,0.007068311084614676,1.0,0.06,20.0,1.0,0.0003776742881167278,0.0003801322804793117,0.00037768506310870706,1.0,0.08,40.0,1.0,0.00015201662275403648,0.00030792077663401864,0.00018514018608155612,1.0,0.08,6.0,1.0,0.006802455679286505,0.01151073399640326,0.007951376489591612,1.0,0.12
02_asymmetric_left_mu_0p15_p2l_v2:0046,02_asymmetric_left_mu_0p15_p2l_v2,26.43399999999997,26.833999999999968,20.0,1.0,0.00706593576942406,0.007067969827982567,0.007065935986910849,1.0,0.06,20.0,1.0,0.00038317967069565194,0.000388503398114598,0.00038320191958488665,1.0,0.08,40.0,1.0,0.0001757294699511261,0.00031421109852173835,0.00020978380485507745,1.0,0.08,6.0,1.0,0.014655582081001197,0.030840032084566857,0.019315750253225173,1.0,0.12
02_asymmetric_left_mu_0p15_p2l_v2:0047,02_asymmetric_left_mu_0p15_p2l_v2,26.63399999999997,27.033999999999967,20.0,1.0,0.012702285313424322,0.029543838428433954,0.016647680861045917,1.0,0.06,20.0,1.0,0.06319729700196197,0.15230773705923167,0.1643944987555792,0.85,0.08,40.0,1.0,0.021316433618609017,0.09068694803949098,0.043548606453747966,0.875,0.08,6.0,1.0,0.015586844271395145,0.030840032084566857,0.020416889603634844,1.0,0.12
02_asymmetric_left_mu_0p15_p2l_v2:0048,02_asymmetric_left_mu_0p15_p2l_v2,26.833999999999968,27.233999999999966,20.0,1.0,0.03294049311308994,0.05470979928492239,0.03761182971959189,1.0,0.06,20.0,1.0,0.2053182898409322,0.4361979374824546,0.2652876232775805,0.35,0.08,40.0,1.0,0.027377139223509962,0.09068694803949098,0.04688422713622674,0.875,0.08,6.0,1.0,0.016746711078006085,0.028451236135231858,0.020021210309455577,1.0,0.12
02_asymmetric_left_mu_0p15_p2l_v2:0049,02_asymmetric_left_mu_0p15_p2l_v2,27.033999999999967,27.433999999999966,20.0,1.0,0.02974871202291997,0.05470979928492239,0.03574772723289033,1.0,0.06,20.0,1.0,0.18403706548154594,0.34200842929288633,0.21915982013153637,0.25,0.08,40.0,1.0,0.008465877397738231,0.019904024042506394,0.018167932865508295,1.0,0.08,6.0,1.0,0.022210605818335057,0.03472118348612237,0.024219957591817633,1.0,0.12
02_asymmetric_left_mu_0p15_p2l_v2:0050,02_asymmetric_left_mu_0p15_p2l_v2,27.233999999999966,27.633999999999965,20.0,1.0,0.009283193206604132,0.020599715307297504,0.011723962687107028,1.0,0.06,20.0,1.0,0.042530359643344326,0.12826845454524907,0.0684385668608107,0.75,0.08,40.0,1.0,0.002960116823435906,0.01079092532874731,0.005638008133345467,1.0,0.08,6.0,1.0,0.01554450568464207,0.027282515168797927,0.018230436672641435,1.0,0.12
02_asymmetric_left_mu_0p15_p2l_v2:0051,02_asymmetric_left_mu_0p15_p2l_v2,27.433999999999966,27.833999999999964,20.0,1.0,0.0063013631760783185,0.006905986234257361,0.006378392030842322,1.0,0.06,20.0,1.0,0.0018159605192499511,0.004585095708124854,0.0029059061513679405,1.0,0.08,40.0,1.0,0.0017348018625521627,0.004645693585856611,0.003319878748911953,1.0,0.08,6.0,1.0,0.012642493549309805,0.021902573369205522,0.01500216172824086,1.0,0.12
02_asymmetric_left_mu_0p15_p2l_v2:0052,02_asymmetric_left_mu_0p15_p2l_v2,27.633999999999965,28.033999999999963,20.0,1.0,0.005113149149336681,0.006882231783184154,0.005508743046162192,1.0,0.06,20.0,1.0,0.0021940294132207355,0.005061700665144603,0.002883773247121261,1.0,0.08,40.0,1.0,0.0021900880020025186,0.00592043696702711,0.0036143517830567527,1.0,0.08,6.0,1.0,0.039318051402186055,0.07152792390941247,0.048210819819507617,1.0,0.12
02_asymmetric_left_mu_0p15_p2l_v2:0053,02_asymmetric_left_mu_0p15_p2l_v2,27.833999999999964,28.233999999999963,20.0,1.0,0.004552679115677562,0.006606670936023196,0.0049574629008712085,1.0,0.06,20.0,1.0,0.00589231201708113,0.016568581762026736,0.008431795880332979,1.0,0.08,40.0,1.0,0.0045763856725466,0.012526641243769532,0.006180058718195964,1.0,0.08,6.0,1.0,0.052206593813723896,0.07152792390941247,0.05523580091161777,1.0,0.12
02_asymmetric_left_mu_0p15_p2l_v2:0054,02_asymmetric_left_mu_0p15_p2l_v2,28.033999999999963,28.433999999999962,20.0,1.0,0.004976875672693083,0.00656657233916332,0.0051737301626980136,1.0,0.06,20.0,1.0,0.0080959497766362,0.017298162211146485,0.010431115821060292,1.0,0.08,40.0,1.0,0.004634162356564299,0.012526641243769532,0.0060984799502917355,1.0,0.08,6.0,1.0,0.030420718214499817,0.047933184682567596,0.0350067989361161,1.0,0.12
02_asymmetric_left_mu_0p15_p2l_v2:0055,02_asymmetric_left_mu_0p15_p2l_v2,28.233999999999963,28.63399999999996,20.0,1.0,0.005848759308782284,0.0066160861665518185,0.005978817778439282,1.0,0.06,20.0,1.0,0.003609331734810278,0.013242219052568064,0.0065221874322681,1.0,0.08,40.0,1.0,0.001261589631668593,0.004245580297650282,0.0021105267020812297,1.0,0.08,6.0,1.0,0.025005571120538108,0.0452929619605857,0.03123667486457888,1.0,0.12
02_asymmetric_left_mu_0p15_p2l_v2:0056,02_asymmetric_left_mu_0p15_p2l_v2,28.433999999999962,28.83399999999996,20.0,1.0,0.019126509596039395,0.06298783666952087,0.030020769664246032,0.85,0.06,20.0,1.0,0.025902701258493997,0.0924222381267294,0.06140763898473777,0.85,0.08,40.0,1.0,0.0180067704993527,0.08523314531631411,0.03989627720011738,0.875,0.08,6.0,1.0,0.03111555566926492,0.04367631413852718,0.034248493067659716,1.0,0.12
02_asymmetric_left_mu_0p15_p2l_v2:0057,02_asymmetric_left_mu_0p15_p2l_v2,28.63399999999996,29.03399999999996,20.0,1.0,0.020673354871958722,0.06298783666952087,0.03247971735861579,0.85,0.06,20.0,1.0,0.03969724377456933,0.1330756756931521,0.07123917070861772,0.75,0.08,40.0,1.0,0.030358385211860676,0.10579741129324621,0.05161174614693462,0.8,0.08,6.0,1.0,0.028236984887326514,0.04745453044830777,0.033473363509194706,1.0,0.12
03_rough_h0p008_spacing0p45_p2l_v2:0000,03_rough_h0p008_spacing0p45_p2l_v2,20.813,21.212999999999997,20.0,1.0,2.6474453789684937e-05,2.6474628164799285e-05,2.6474453789946962e-05,1.0,0.06,20.0,1.0,6.597174584044835e-16,7.085700871847726e-16,6.608809035690576e-16,1.0,0.08,40.0,1.0,0.00015974157202017548,0.00028695717010826993,0.00019963820417908735,1.0,0.08,6.0,1.0,0.02057871853355318,0.04620037838558769,0.028715733106298002,1.0,0.12
03_rough_h0p008_spacing0p45_p2l_v2:0001,03_rough_h0p008_spacing0p45_p2l_v2,21.012999999999998,21.412999999999997,20.0,1.0,2.6474355481068136e-05,2.6474378835625312e-05,2.6474355481072832e-05,1.0,0.06,20.0,1.0,7.360363755958379e-16,8.127443412407661e-16,7.377092768364446e-16,1.0,0.08,40.0,1.0,0.00014097140372110246,0.0002829365701537899,0.00017799469666318808,1.0,0.08,6.0,1.0,0.020732113994514644,0.03219387096545406,0.023542756023555454,1.0,0.12
03_rough_h0p008_spacing0p45_p2l_v2:0002,03_rough_h0p008_spacing0p45_p2l_v2,21.212999999999997,21.612999999999996,20.0,1.0,2.6474342316558374e-05,2.6474345441382385e-05,2.647434231655846e-05,1.0,0.06,20.0,1.0,8.415177853332697e-16,9.400312086365953e-16,8.449488242040662e-16,1.0,0.08,40.0,1.0,0.00012763095813203318,0.00024635320906373767,0.00015364500658502403,1.0,0.08,6.0,1.0,0.04169396072498275,0.07361051762286827,0.0481093239429014,1.0,0.12
03_rough_h0p008_spacing0p45_p2l_v2:0003,03_rough_h0p008_spacing0p45_p2l_v2,21.412999999999997,21.812999999999995,20.0,1.0,2.6474340630321114e-05,2.647434095921497e-05,2.6474340630321117e-05,1.0,0.06,20.0,1.0,9.7960238088472e-16,1.0926204224849021e-15,9.831182496399607e-16,1.0,0.08,40.0,1.0,0.0001432245623494091,0.00024635320906373767,0.0001718995722159565,1.0,0.08,6.0,1.0,0.03537566292744209,0.07361051762286827,0.04535591991193181,1.0,0.12
03_rough_h0p008_spacing0p45_p2l_v2:0004,03_rough_h0p008_spacing0p45_p2l_v2,21.612999999999996,22.012999999999995,20.0,1.0,2.6474340497960323e-05,2.6474340498405802e-05,2.6474340497960327e-05,1.0,0.06,20.0,1.0,1.1289458806899645e-15,1.2523819653341422e-15,1.1326095032341407e-15,1.0,0.08,40.0,1.0,0.00014572585554498734,0.0002504796523865027,0.0001871052939947051,1.0,0.08,6.0,1.0,0.020361561345025172,0.0333809075365685,0.022612933208810155,1.0,0.12
03_rough_h0p008_spacing0p45_p2l_v2:0005,03_rough_h0p008_spacing0p45_p2l_v2,21.812999999999995,22.212999999999994,20.0,1.0,2.6474340497829874e-05,2.6474340498405802e-05,2.6474340497829874e-05,1.0,0.06,20.0,1.0,1.301670504045755e-15,1.4448327128517264e-15,1.3062223648685956e-15,1.0,0.08,40.0,1.0,0.000154911036714936,0.0002941318702958834,0.00020012035973836036,1.0,0.08,6.0,1.0,0.028654010871930317,0.04098047749225257,0.030999136677153996,1.0,0.12
03_rough_h0p008_spacing0p45_p2l_v2:0006,03_rough_h0p008_spacing0p45_p2l_v2,22.012999999999995,22.412999999999993,20.0,1.0,2.647434049754399e-05,2.6474340498330863e-05,2.6474340497543993e-05,1.0,0.06,20.0,1.0,1.4920889175615851e-15,1.6338273720239974e-15,1.4960410845670348e-15,1.0,0.08,40.0,1.0,0.0001557578330272415,0.00030294987405765406,0.00018950237030209425,1.0,0.08,6.0,1.0,0.03549269653093282,0.06121213959231149,0.04167046042340699,1.0,0.12
03_rough_h0p008_spacing0p45_p2l_v2:0007,03_rough_h0p008_spacing0p45_p2l_v2,22.212999999999994,22.612999999999992,20.0,1.0,2.6474340497502356e-05,2.6474340498405802e-05,2.6474340497502356e-05,1.0,0.06,20.0,1.0,1.702890113216546e-15,1.8903677310646467e-15,1.7081446903357707e-15,1.0,0.08,40.0,1.0,0.00015624884614491919,0.0003052781496045838,0.00018746723814864796,1.0,0.08,6.0,1.0,0.03822891999806773,0.07773967835059102,0.04815954342685941,1.0,0.12
03_rough_h0p008_spacing0p45_p2l_v2:0008,03_rough_h0p008_spacing0p45_p2l_v2,22.412999999999993,22.81299999999999,20.0,1.0,2.6474340498204574e-05,2.6474340498441885e-05,2.6474340498204574e-05,1.0,0.06,20.0,1.0,1.95569690076821e-15,2.1671387922619933e-15,1.9620882556280455e-15,1.0,0.08,40.0,1.0,0.00017455812054860818,0.00037001960779865274,0.0002222094377183874,1.0,0.08,6.0,1.0,0.02693109134935928,0.05985998411336725,0.03796538669468311,1.0,0.12
03_rough_h0p008_spacing0p45_p2l_v2:0009,03_rough_h0p008_spacing0p45_p2l_v2,22.612999999999992,23.01299999999999,20.0,1.0,2.6474340498211513e-05,2.6474340498405802e-05,2.6474340498211513e-05,1.0,0.06,20.0,1.0,2.247754339939534e-15,2.4923091083315302e-15,2.254946339390332e-15,1.0,0.08,40.0,1.0,0.00015968539768306542,0.00032560274289975086,0.00020550276199412056,1.0,0.08,6.0,1.0,0.022587429591817785,0.04812076045297027,0.029665450216177065,1.0,0.12
03_rough_h0p008_spacing0p45_p2l_v2:0010,03_rough_h0p008_spacing0p45_p2l_v2,22.81299999999999,23.21299999999999,20.0,1.0,2.6474340497559257e-05,2.6474340498330863e-05,2.6474340497559257e-05,1.0,0.06,20.0,1.0,2.5800419856196617e-15,2.8510003727333185e-15,2.5881163587279273e-15,1.0,0.08,40.0,1.0,0.00014199322516654484,0.0002930785964785627,0.00017500732763850742,1.0,0.08,6.0,1.0,0.01802060842813333,0.03770437039218791,0.02534502447949632,1.0,0.12
03_rough_h0p008_spacing0p45_p2l_v2:0011,03_rough_h0p008_spacing0p45_p2l_v2,23.01299999999999,23.41299999999999,20.0,1.0,2.6474340497761874e-05,2.6474340498405802e-05,2.6474340497761874e-05,1.0,0.06,20.0,1.0,2.9515069470168486e-15,3.256298636750789e-15,2.9601114525290534e-15,1.0,0.08,40.0,1.0,0.00013385134874230968,0.0002757909210510027,0.00016942699879361433,1.0,0.08,6.0,1.0,0.017932880134047605,0.03716415527908873,0.023565172345700575,1.0,0.12
03_rough_h0p008_spacing0p45_p2l_v2:0012,03_rough_h0p008_spacing0p45_p2l_v2,23.21299999999999,23.61299999999999,20.0,1.0,2.6474340497627256e-05,2.6474340498405802e-05,2.647434049762726e-05,1.0,0.06,20.0,1.0,3.386454866904345e-15,3.759417527553804e-15,3.3976708066530968e-15,1.0,0.08,40.0,1.0,0.00013107718589120752,0.0002681247619022297,0.00016710818141565123,1.0,0.08,6.0,1.0,0.02325652274424762,0.04481839475902365,0.02895636155012874,1.0,0.12
03_rough_h0p008_spacing0p45_p2l_v2:0013,03_rough_h0p008_spacing0p45_p2l_v2,23.41299999999999,23.812999999999988,20.0,1.0,2.6474340497560646e-05,2.6474340498330863e-05,2.6474340497560646e-05,1.0,0.06,20.0,1.0,3.896070943380639e-15,4.323061637996778e-15,3.908669912926641e-15,1.0,0.08,40.0,1.0,0.00011959495721389842,0.00024821938560327776,0.00015237668587866408,1.0,0.08,6.0,1.0,0.022161979839409342,0.04269172090681579,0.026936092315206356,1.0,0.12
03_rough_h0p008_spacing0p45_p2l_v2:0014,03_rough_h0p008_spacing0p45_p2l_v2,23.61299999999999,24.012999999999987,20.0,1.0,2.6474340497646687e-05,2.6474340498330863e-05,2.6474340497646687e-05,1.0,0.06,20.0,1.0,4.4789013844019015e-15,4.952670619139204e-15,4.493355308191922e-15,1.0,0.08,40.0,1.0,0.00010224336391427965,0.0001882077193133938,0.000123095396224429,1.0,0.08,6.0,1.0,0.020153429102242746,0.03145237990834575,0.02266433000621486,1.0,0.12
03_rough_h0p008_spacing0p45_p2l_v2:0015,03_rough_h0p008_spacing0p45_p2l_v2,23.812999999999988,24.212999999999987,20.0,1.0,2.6474340497553707e-05,2.6474340498330863e-05,2.6474340497553707e-05,1.0,0.06,20.0,1.0,5.132790854821112e-15,5.667645634431287e-15,5.1477848741100735e-15,1.0,0.08,40.0,1.0,0.00013699411579578164,0.00026894349703718875,0.00016522875838750894,1.0,0.08,6.0,1.0,0.023743690045663127,0.048215918797956656,0.03077448129147741,1.0,0.12
03_rough_h0p008_spacing0p45_p2l_v2:0016,03_rough_h0p008_spacing0p45_p2l_v2,24.012999999999987,24.412999999999986,20.0,1.0,2.6474340497761874e-05,2.6474340498405802e-05,2.6474340497761874e-05,1.0,0.06,20.0,1.0,5.855571853753173e-15,6.468473047328459e-15,5.872714447651881e-15,1.0,0.08,40.0,1.0,0.0001480867715187249,0.00029926417947760036,0.00017709736932449818,1.0,0.08,6.0,1.0,0.03041974019759668,0.05181898865680758,0.03590352346425904,1.0,0.12
03_rough_h0p008_spacing0p45_p2l_v2:0017,03_rough_h0p008_spacing0p45_p2l_v2,24.212999999999987,24.612999999999985,20.0,1.0,2.6474340497635585e-05,2.6474340498405802e-05,2.6474340497635585e-05,1.0,0.06,20.0,1.0,6.714900391890103e-15,7.438821527401148e-15,6.737040001178715e-15,1.0,0.08,40.0,1.0,0.00013393466415546489,0.000243425409570534,0.00015592889343241827,1.0,0.08,6.0,1.0,0.027439890399188982,0.04335583220624109,0.031277620935083926,1.0,0.12
03_rough_h0p008_spacing0p45_p2l_v2:0018,03_rough_h0p008_spacing0p45_p2l_v2,24.412999999999986,24.812999999999985,20.0,1.0,2.647434049757036e-05,2.6474340498330863e-05,2.647434049757036e-05,1.0,0.06,20.0,1.0,7.717046297602971e-15,8.547641493419575e-15,7.74098741939627e-15,1.0,0.08,40.0,1.0,0.0001414586094642943,0.0002657149901417282,0.00017103418721152157,1.0,0.08,6.0,1.0,0.02192382723516512,0.038603802123990796,0.02625700226934659,1.0,0.12
03_rough_h0p008_spacing0p45_p2l_v2:0019,03_rough_h0p008_spacing0p45_p2l_v2,24.612999999999985,25.012999999999984,20.0,1.0,2.6474340497652237e-05,2.6474340498330863e-05,2.647434049765224e-05,1.0,0.06,20.0,1.0,8.859099044743931e-15,9.819350001027106e-15,8.887779020276276e-15,1.0,0.08,40.0,1.0,0.00015325486612230473,0.0002725097143747813,0.00018919308062486528,1.0,0.08,6.0,1.0,0.021852848544232004,0.028337621681087027,0.023152688446462233,1.0,0.12
03_rough_h0p008_spacing0p45_p2l_v2:0020,03_rough_h0p008_spacing0p45_p2l_v2,24.812999999999985,25.212999999999983,20.0,1.0,2.6474340497556482e-05,2.6474340498330863e-05,2.6474340497556482e-05,1.0,0.06,20.0,1.0,1.0184997913663489e-14,1.1275966123894282e-14,1.0217608554684792e-14,1.0,0.08,40.0,1.0,0.0001443457094840124,0.00025650526683759225,0.00016958686706160147,1.0,0.08,6.0,1.0,0.03206438828362633,0.05260757857619704,0.037809736642401254,1.0,0.12
03_rough_h0p008_spacing0p45_p2l_v2:0021,03_rough_h0p008_spacing0p45_p2l_v2,25.012999999999984,25.412999999999982,20.0,1.0,2.6474340497761874e-05,2.6474340498405802e-05,2.6474340497761874e-05,1.0,0.06,20.0,1.0,1.1680150808737037e-14,1.2912855141324624e-14,1.1715604824010116e-14,1.0,0.08,40.0,1.0,0.00016032620138536202,0.0003092428544539677,0.00018798512609077242,1.0,0.08,7.0,1.0,0.04365241250530933,0.06487362954200526,0.04774817175960754,1.0,0.12
03_rough_h0p008_spacing0p45_p2l_v2:0022,03_rough_h0p008_spacing0p45_p2l_v2,25.212999999999983,25.612999999999982,20.0,1.0,0.004782569797201777,0.021760907314917585,0.010828511912403221,1.0,0.06,20.0,1.0,1.3890227817655841e-14,1.679408210351968e-14,1.4025748824537528e-14,1.0,0.08,40.0,1.0,0.00017453505498793805,0.00032681559255285183,0.0002073510334188031,1.0,0.08,7.0,1.0,0.04032574832610834,0.055211371876561055,0.041849688212773566,1.0,0.12
03_rough_h0p008_spacing0p45_p2l_v2:0023,03_rough_h0p008_spacing0p45_p2l_v2,25.412999999999982,25.81299999999998,20.0,1.0,0.008999152960868543,0.026286940534017138,0.015293451455027389,1.0,0.06,20.0,1.0,1.9376752652207123e-14,2.4934480757340827e-14,1.9878654566650415e-14,1.0,0.08,40.0,1.0,0.00017625283812078103,0.00036139191063313213,0.0002122366375898433,1.0,0.08,6.0,1.0,0.030756991226696822,0.042288994390477286,0.03293410964240356,1.0,0.12
03_rough_h0p008_spacing0p45_p2l_v2:0024,03_rough_h0p008_spacing0p45_p2l_v2,25.612999999999982,26.01299999999998,20.0,1.0,0.004248349503806528,0.01537282812108215,0.01079972334256054,1.0,0.06,20.0,1.0,2.611890436788292e-14,3.020515236881932e-14,2.630938019748565e-14,1.0,0.08,40.0,1.0,0.00019919312542824214,0.00039666176013492145,0.00024316288450548592,1.0,0.08,6.0,1.0,0.02475044308363152,0.0429766200488364,0.030043364217635187,1.0,0.12
03_rough_h0p008_spacing0p45_p2l_v2:0025,03_rough_h0p008_spacing0p45_p2l_v2,25.81299999999998,26.21299999999998,20.0,1.0,3.705834005928166e-05,3.705834039585132e-05,3.705834005928166e-05,1.0,0.06,20.0,1.0,3.1858753577844456e-14,3.666752620919971e-14,3.2054014352913924e-14,1.0,0.08,40.0,1.0,0.0001689024955644543,0.0003224019113542332,0.00021496468416244365,1.0,0.08,6.0,1.0,0.025138524868287177,0.043814808969547175,0.03041039541417651,1.0,0.12
03_rough_h0p008_spacing0p45_p2l_v2:0026,03_rough_h0p008_spacing0p45_p2l_v2,26.01299999999998,26.41299999999998,20.0,1.0,0.0017257360988172017,0.005511816222244265,0.0028707205459836817,1.0,0.06,20.0,1.0,1.164645969860785e-06,5.669452206528177e-06,2.5720986948127815e-06,1.0,0.08,40.0,1.0,0.00015096871427215607,0.0003088370272494819,0.0001916846503535755,1.0,0.08,6.0,1.0,0.030653766476749767,0.06244153668729516,0.040175816561830335,1.0,0.12
03_rough_h0p008_spacing0p45_p2l_v2:0027,03_rough_h0p008_spacing0p45_p2l_v2,26.21299999999998,26.61299999999998,20.0,1.0,0.0038337242292822314,0.005695991085672958,0.00423435753851737,1.0,0.06,20.0,1.0,3.0691000712572667e-06,6.559212755289547e-06,4.149444724776879e-06,1.0,0.08,40.0,1.0,0.00015482439080154162,0.0003085710436406998,0.00019357398561290612,1.0,0.08,6.0,1.0,0.0309192907127198,0.06455217623506102,0.04075478942084838,1.0,0.12
03_rough_h0p008_spacing0p45_p2l_v2:0028,03_rough_h0p008_spacing0p45_p2l_v2,26.41299999999998,26.812999999999978,20.0,1.0,0.002845775238479409,0.005491921301308067,0.003509473796663293,1.0,0.06,20.0,1.0,2.018509571847859e-06,6.391264015879513e-06,3.260991772557172e-06,1.0,0.08,40.0,1.0,0.00016974499851169666,0.00034889409950670847,0.00020765046599068048,1.0,0.08,6.0,1.0,0.04324198518807301,0.07669702875870754,0.05178810076224206,1.0,0.12
03_rough_h0p008_spacing0p45_p2l_v2:0029,03_rough_h0p008_spacing0p45_p2l_v2,26.61299999999998,27.012999999999977,20.0,1.0,0.000737789115800247,0.0030221440108336955,0.0016210056037599739,1.0,0.06,20.0,1.0,2.0155915770760603e-07,3.00589356310716e-07,2.173197666290852e-07,1.0,0.08,40.0,1.0,0.00018569682928495644,0.0003500617993878033,0.00022215525245900433,1.0,0.08,6.0,1.0,0.03172082179915075,0.06746108596828487,0.04518298498500386,1.0,0.12
03_rough_h0p008_spacing0p45_p2l_v2:0030,03_rough_h0p008_spacing0p45_p2l_v2,26.812999999999978,27.212999999999976,20.0,1.0,0.0006718450126363184,0.0029853512173906595,0.0015163183951253057,1.0,0.06,20.0,1.0,1.9439307358851215e-07,2.262177064941031e-07,1.9572229988674403e-07,1.0,0.08,40.0,1.0,0.00016517615381319312,0.00029852561709737744,0.00019858766833061355,1.0,0.08,6.0,1.0,0.023798975604170575,0.0462425991884062,0.029031437668150126,1.0,0.12
03_rough_h0p008_spacing0p45_p2l_v2:0031,03_rough_h0p008_spacing0p45_p2l_v2,27.012999999999977,27.412999999999975,20.0,1.0,0.001917924860486106,0.0045256693578492385,0.0026554147170639855,1.0,0.06,20.0,1.0,2.3306149451984452e-07,2.539432612505308e-07,2.3408320800473145e-07,1.0,0.08,40.0,1.0,0.00017058186229810152,0.00031434294615410716,0.00019933386306633278,1.0,0.08,6.0,1.0,0.030700766540905117,0.0462425991884062,0.03355363626950968,1.0,0.12
03_rough_h0p008_spacing0p45_p2l_v2:0032,03_rough_h0p008_spacing0p45_p2l_v2,27.212999999999976,27.612999999999975,20.0,1.0,0.007875154409620977,0.022374384431224692,0.015688092928149266,1.0,0.06,20.0,1.0,0.006764640972352759,0.022272226777200196,0.018386690848322264,1.0,0.08,40.0,1.0,0.008126103773519546,0.03136791654880697,0.021050126285302506,0.975,0.08,6.0,1.0,0.0347439693277436,0.06124973196732439,0.04260787220335856,1.0,0.12
03_rough_h0p008_spacing0p45_p2l_v2:0033,03_rough_h0p008_spacing0p45_p2l_v2,27.412999999999975,27.812999999999974,20.0,1.0,0.013837360675492839,0.04027396510551705,0.022586179329437427,1.0,0.06,20.0,1.0,0.027389885380044342,0.07008567126578767,0.04247656949174262,0.9,0.08,40.0,1.0,0.019973617862532645,0.06420844980744067,0.03251789111512127,0.95,0.08,6.0,1.0,0.04647001780297155,0.0857977506522821,0.05516478596228841,1.0,0.12
03_rough_h0p008_spacing0p45_p2l_v2:0034,03_rough_h0p008_spacing0p45_p2l_v2,27.612999999999975,28.012999999999973,20.0,1.0,0.008434572396726141,0.02379843847737029,0.016500862538583298,1.0,0.06,20.0,1.0,0.027437648516784437,0.05985987168088173,0.039914916194925654,0.9,0.08,40.0,1.0,0.013842634953273859,0.03766606571610651,0.025099252957623722,0.975,0.08,6.0,1.0,0.03358519140998798,0.06404945899141992,0.042774449214358086,1.0,0.12
03_rough_h0p008_spacing0p45_p2l_v2:0035,03_rough_h0p008_spacing0p45_p2l_v2,27.812999999999974,28.212999999999973,20.0,1.0,0.002684124380169052,0.003939961823496696,0.0028407101863228133,1.0,0.06,20.0,1.0,0.010157239217381863,0.021819888116213645,0.012353376840561545,1.0,0.08,40.0,1.0,0.004938986733716969,0.010080088058575864,0.00624694583630691,1.0,0.08,6.0,1.0,0.031478844695813656,0.061937186646207565,0.040527780428425184,1.0,0.12
03_rough_h0p008_spacing0p45_p2l_v2:0036,03_rough_h0p008_spacing0p45_p2l_v2,28.012999999999973,28.412999999999972,20.0,1.0,0.0016925311540561734,0.003540641929022365,0.002192752763336902,1.0,0.06,20.0,1.0,0.011608095567396596,0.018268970495567645,0.012840238896465152,1.0,0.08,40.0,1.0,0.00386706584943268,0.008949214957900194,0.005199853416030036,1.0,0.08,6.0,1.0,0.032302548086303146,0.061937186646207565,0.04070995011966509,1.0,0.12
03_rough_h0p008_spacing0p45_p2l_v2:0037,03_rough_h0p008_spacing0p45_p2l_v2,28.212999999999973,28.61299999999997,20.0,1.0,0.0002449839646812696,0.0008248417948844406,0.0004974046569298895,1.0,0.06,20.0,1.0,0.019378672937737998,0.019037514240711373,0.020797235152054727,1.0,0.08,40.0,1.0,0.003732239280135514,0.006768784441646848,0.010288717996256504,1.0,0.08,6.0,1.0,0.024766438324196796,0.038589618787282315,0.027964095416101502,1.0,0.12
03_rough_h0p008_spacing0p45_p2l_v2:0038,03_rough_h0p008_spacing0p45_p2l_v2,28.412999999999972,28.81299999999997,20.0,1.0,0.0010385721505096381,0.003149141405879003,0.0016416440336645634,1.0,0.06,20.0,1.0,0.0557865086894251,0.1423652723885474,0.08182359023868625,0.7,0.08,40.0,1.0,0.03723240576505055,0.12126511282662301,0.06295685281927973,0.8,0.08,6.0,1.0,0.02808344584506189,0.05238047854108388,0.03344008849590475,1.0,0.12
03_rough_h0p008_spacing0p45_p2l_v2:0039,03_rough_h0p008_spacing0p45_p2l_v2,28.61299999999997,29.01299999999997,20.0,1.0,0.003052824922192711,0.004177135076371023,0.0033334870574638414,1.0,0.06,20.0,1.0,0.044845628452510104,0.1423652723885474,0.08001323469034334,0.7,0.08,40.0,1.0,0.03458074829069587,0.12126511282662301,0.06214296579380501,0.8,0.08,6.0,1.0,0.022832592154376805,0.04328099908401671,0.02884697164425204,1.0,0.12
03_rough_h0p008_spacing0p45_p2l_v2:0040,03_rough_h0p008_spacing0p45_p2l_v2,28.81299999999997,29.21299999999997,20.0,1.0,0.00427705184718281,0.005127533829336889,0.004320704568238232,1.0,0.06,20.0,1.0,0.0022080137987493505,0.005469610979630935,0.003152200539323991,1.0,0.08,40.0,1.0,0.0023086691721846556,0.005472969825276834,0.003894570346055321,1.0,0.08,6.0,1.0,0.019317295250110358,0.04075976985001013,0.026282498809896093,1.0,0.12
03_rough_h0p008_spacing0p45_p2l_v2:0041,03_rough_h0p008_spacing0p45_p2l_v2,29.01299999999997,29.41299999999997,20.0,1.0,0.002989347203235915,0.005127533829336889,0.0034148906316187034,1.0,0.06,20.0,1.0,0.003761508720098039,0.005469610979630935,0.004139681803248874,1.0,0.08,40.0,1.0,0.004407760897660924,0.010379625125047674,0.005659144581259404,1.0,0.08,6.0,1.0,0.02752891216487544,0.05325285974992605,0.035310052239745156,1.0,0.12
03_rough_h0p008_spacing0p45_p2l_v2:0042,03_rough_h0p008_spacing0p45_p2l_v2,29.21299999999997,29.612999999999968,20.0,1.0,0.0021877165135986863,0.003878821659099313,0.0025283718762434486,1.0,0.06,20.0,1.0,0.001808814693319913,0.004911983008271745,0.002737233523077722,1.0,0.08,40.0,1.0,0.0027876618876364204,0.009383644586102748,0.004585172093977299,1.0,0.08,6.0,1.0,0.020835957993853266,0.047314888766953195,0.028938187079734234,1.0,0.12
03_rough_h0p008_spacing0p45_p2l_v2:0043,03_rough_h0p008_spacing0p45_p2l_v2,29.41299999999997,29.812999999999967,20.0,1.0,0.024468048850186355,0.074894714445002,0.03995677873477247,0.8,0.06,20.0,1.0,0.022715917966975464,0.07393498146306483,0.041611155356715245,0.9,0.08,40.0,1.0,0.0192592627837875,0.06927367831559703,0.03337816357826663,0.975,0.08,6.0,1.0,0.024777574568761052,0.053051365845658206,0.03271426278005806,1.0,0.12
03_rough_h0p008_spacing0p45_p2l_v2:0044,03_rough_h0p008_spacing0p45_p2l_v2,29.612999999999968,30.012999999999966,20.0,1.0,0.023549515353754435,0.074894714445002,0.03994010013014724,0.8,0.06,20.0,1.0,0.023850262971392252,0.07393498146306483,0.04176373106321833,0.9,0.08,40.0,1.0,0.019677643207662607,0.06927367831559703,0.03346323703992402,0.975,0.08,6.0,1.0,0.027609228401524008,0.053051365845658206,0.03401756550608439,1.0,0.12
03_rough_h0p008_spacing0p45_p2l_v2:0045,03_rough_h0p008_spacing0p45_p2l_v2,29.812999999999967,30.212999999999965,20.0,1.0,0.0005479729087312909,0.00019857886558379792,0.0019105845379599642,1.0,0.06,20.0,1.0,0.0014090839706982238,0.0009642981764522518,0.003582620876773576,1.0,0.08,40.0,1.0,0.000943891568668488,0.0006906592189975824,0.0030804558122582786,1.0,0.08,6.0,1.0,0.015316488167194053,0.03309198965990082,0.019980553803175927,1.0,0.12
03_rough_h0p008_spacing0p45_p2l_v2:0046,03_rough_h0p008_spacing0p45_p2l_v2,30.012999999999966,30.412999999999965,20.0,1.0,3.996036001072158e-05,9.45395972211614e-05,5.2928372502778486e-05,1.0,0.06,20.0,1.0,0.00022682188825183929,0.0005367342545015235,0.00030022798201455086,1.0,0.08,40.0,1.0,0.0001580890256736651,0.0002782398500288792,0.00018954295730764937,1.0,0.08,6.0,1.0,0.020382429910259032,0.04263877229641437,0.026645737408402075,1.0,0.12
03_rough_h0p008_spacing0p45_p2l_v2:0047,03_rough_h0p008_spacing0p45_p2l_v2,30.212999999999965,30.612999999999964,20.0,1.0,0.023049823223955195,0.06609171555199532,0.05150189937062049,0.9,0.06,20.0,1.0,0.0006180909997822499,0.0023774848360547034,0.0012081941504156002,1.0,0.08,40.0,1.0,0.0005499361461831402,0.0016089014156678678,0.0010803732309212196,1.0,0.08,6.0,1.0,0.03779979787898622,0.0717267226381613,0.047739302796883445,1.0,0.12
03_rough_h0p008_spacing0p45_p2l_v2:0048,03_rough_h0p008_spacing0p45_p2l_v2,30.412999999999965,30.812999999999963,20.0,1.0,0.033517218709998124,0.09530781299714423,0.05742058506204121,0.85,0.06,20.0,1.0,0.0016162473659898518,0.0034583114739053515,0.002080601595616983,1.0,0.08,40.0,1.0,0.0009001022715093395,0.0021332904238272913,0.0018308467790079904,1.0,0.08,6.0,1.0,0.06428950613267899,0.11593648895710688,0.07618011544252488,0.8333333333333334,0.12
03_rough_h0p008_spacing0p45_p2l_v2:0049,03_rough_h0p008_spacing0p45_p2l_v2,30.612999999999964,31.012999999999963,20.0,1.0,0.012332433367621546,0.03353482766950926,0.02555956855561332,0.95,0.06,20.0,1.0,0.0019357732765374485,0.0034583114739053515,0.002226315167729076,1.0,0.08,40.0,1.0,0.0031741442601157777,0.0069398583471335035,0.007722448825452314,1.0,0.08,6.0,1.0,0.052978729599735645,0.10883519888055002,0.0712778326335529,0.8333333333333334,0.12
03_rough_h0p008_spacing0p45_p2l_v2:0050,03_rough_h0p008_spacing0p45_p2l_v2,30.812999999999963,31.212999999999962,20.0,1.0,0.0018746818892419054,0.005300378280753615,0.0029349590745272425,1.0,0.06,20.0,1.0,0.001032157681907554,0.002754890399085517,0.0014549627959754953,1.0,0.08,40.0,1.0,0.0028534066102770678,0.005778402285333221,0.007580403077185961,1.0,0.08,6.0,1.0,0.02459703191188174,0.05518330238989022,0.036351956608656054,1.0,0.12
03_rough_h0p008_spacing0p45_p2l_v2:0051,03_rough_h0p008_spacing0p45_p2l_v2,31.012999999999963,31.41299999999996,20.0,1.0,3.1246075261187614e-05,3.190179051780762e-05,3.124892809895199e-05,1.0,0.06,20.0,1.0,0.0002518890523659597,0.0002551315713931117,0.0002519090563160049,1.0,0.08,40.0,1.0,0.0001877382534906465,0.0003348183044513172,0.00023152019705593185,1.0,0.08,6.0,1.0,0.020319932281943138,0.028957647598397446,0.02183020946648546,1.0,0.12
03_rough_h0p008_spacing0p45_p2l_v2:0052,03_rough_h0p008_spacing0p45_p2l_v2,31.212999999999962,31.61299999999996,20.0,1.0,0.0006440212821346991,0.0027874088024860584,0.0013457049413101699,1.0,0.06,20.0,1.0,0.0004288082714185927,0.0010744686856293266,0.0005606912090369452,1.0,0.08,40.0,1.0,0.00035311902710027487,0.0009806914683797624,0.0005291758349567033,1.0,0.08,6.0,1.0,0.02313467195741205,0.04599605420174693,0.03060271741995739,1.0,0.12
03_rough_h0p008_spacing0p45_p2l_v2:0053,03_rough_h0p008_spacing0p45_p2l_v2,31.41299999999996,31.81299999999996,20.0,1.0,0.001438311456687491,0.00363348088704602,0.002049453897845728,1.0,0.06,20.0,1.0,0.0006921759284933386,0.0013900101715052678,0.0008329956463564703,1.0,0.08,40.0,1.0,0.0009744957950009985,0.0013406699631421251,0.002111727372944405,1.0,0.08,6.0,1.0,0.03203740112493409,0.057767823720054595,0.03872111678035192,1.0,0.12
03_rough_h0p008_spacing0p45_p2l_v2:0054,03_rough_h0p008_spacing0p45_p2l_v2,31.61299999999996,32.01299999999996,20.0,1.0,0.0012191487300858618,0.003265201475711233,0.0016677726454024796,1.0,0.06,20.0,1.0,0.0006927664989681843,0.001298462173854034,0.0007832188923566899,1.0,0.08,40.0,1.0,0.0011416451001846795,0.0012564689289877775,0.0025094165046205745,1.0,0.08,7.0,1.0,0.0417479712519791,0.07392222677763004,0.05118958034402145,1.0,0.12
03_rough_h0p008_spacing0p45_p2l_v2:0055,03_rough_h0p008_spacing0p45_p2l_v2,31.81299999999996,32.21299999999996,20.0,1.0,0.002553296153514015,0.005657989025113858,0.0032725845327532823,1.0,0.06,20.0,1.0,0.000802584674747346,0.0012155963673327228,0.0008556017286027353,1.0,0.08,40.0,1.0,0.001890259417043879,0.002420576503077556,0.0056641054128572016,1.0,0.08,7.0,1.0,0.04094189781171986,0.08481271443506269,0.053309559093531876,1.0,0.12
03_rough_h0p008_spacing0p45_p2l_v2:0056,03_rough_h0p008_spacing0p45_p2l_v2,32.01299999999996,32.41299999999996,20.0,1.0,0.004143242992789125,0.005725893446045144,0.004391995743234634,1.0,0.06,20.0,1.0,0.0017150691955736652,0.003276631227148191,0.0020374086255517784,1.0,0.08,40.0,1.0,0.004539683859332008,0.009464213028512879,0.0107892763028755,1.0,0.08,6.0,1.0,0.03985634488318602,0.0762995020906978,0.04916226771461943,1.0,0.12
03_rough_h0p008_spacing0p45_p2l_v2:0057,03_rough_h0p008_spacing0p45_p2l_v2,32.21299999999996,32.61299999999996,20.0,1.0,0.002643604128342808,0.0053955794141941965,0.003341212406367058,1.0,0.06,20.0,1.0,0.0020902130203218944,0.003773932590660062,0.0025219796383949343,1.0,0.08,40.0,1.0,0.0038575551490799935,0.008361751815124618,0.009417718156665535,1.0,0.08,6.0,1.0,0.031180563169442715,0.05916711017327181,0.0400404114807826,1.0,0.12
03_rough_h0p008_spacing0p45_p2l_v2:0058,03_rough_h0p008_spacing0p45_p2l_v2,32.412999999999954,32.81299999999995,20.0,1.0,0.0006602698791643435,0.002653478924493659,0.0014807929128918525,1.0,0.06,20.0,1.0,0.0009986522003254702,0.003431419500728872,0.001664374452113012,1.0,0.08,40.0,1.0,0.000854585588766669,0.0032808174830488064,0.0015136064215843258,1.0,0.08,6.0,1.0,0.024329922853614277,0.04325962653381435,0.0291383982342722,1.0,0.12
03_rough_h0p008_spacing0p45_p2l_v2:0059,03_rough_h0p008_spacing0p45_p2l_v2,32.61299999999996,33.012999999999955,20.0,1.0,3.144709311365956e-05,3.16755007661873e-05,3.144743729424483e-05,1.0,0.06,20.0,1.0,0.00025052780718279766,0.0002516193076391319,0.0002505306568800693,1.0,0.08,40.0,1.0,0.00013787260350363084,0.00028162426065397346,0.00016580016088213066,1.0,0.08,6.0,1.0,0.018865425417741954,0.04089811364134474,0.02517293350450878,1.0,0.12
03_rough_h0p008_spacing0p45_p2l_v2:0060,03_rough_h0p008_spacing0p45_p2l_v2,32.81299999999996,33.21299999999996,20.0,1.0,0.0013406600574043831,0.0035551858490803336,0.0020449188373614547,1.0,0.06,20.0,1.0,0.0006755288859904097,0.0014013499079265994,0.0008421393076926189,1.0,0.08,40.0,1.0,0.0008847321063790786,0.0011359110573275972,0.002147236220700614,1.0,0.08,6.0,1.0,0.021776955679665172,0.042871985076088054,0.027928857172425593,1.0,0.12
03_rough_h0p008_spacing0p45_p2l_v2:0061,03_rough_h0p008_spacing0p45_p2l_v2,33.012999999999955,33.412999999999954,20.0,1.0,0.0016583114531597415,0.0035551858490803336,0.0021270225877943363,1.0,0.06,20.0,1.0,0.0008206352844899503,0.0014013499079265994,0.0009224630009329293,1.0,0.08,40.0,1.0,0.0012358640195801374,0.0013685434433475573,0.0026263573967075108,1.0,0.08,6.0,1.0,0.036397124758697066,0.0584721812178471,0.040362359853915605,1.0,0.12
03_rough_h0p008_spacing0p45_p2l_v2:0062,03_rough_h0p008_spacing0p45_p2l_v2,33.21299999999995,33.61299999999995,20.0,1.0,0.001225174289668296,0.0030158476405557928,0.001768608745185005,1.0,0.06,20.0,1.0,0.0005944245985334974,0.0008303098036230753,0.0006411353362208072,1.0,0.08,40.0,1.0,0.0015987912219342648,0.0011570064736551049,0.005574846336772077,1.0,0.08,6.0,1.0,0.029974179467773702,0.04940368943324221,0.03395945809994385,1.0,0.12
03_rough_h0p008_spacing0p45_p2l_v2:0063,03_rough_h0p008_spacing0p45_p2l_v2,33.412999999999954,33.81299999999995,20.0,1.0,0.0029208919413166445,0.005624244549864654,0.003476089674214343,1.0,0.06,20.0,1.0,0.0013801440786750346,0.0031438812379625636,0.0017605762757793618,1.0,0.08,40.0,1.0,0.0017825172453902944,0.002344762210122578,0.0055684884015792645,1.0,0.08,6.0,1.0,0.0467626850449902,0.09125216336160703,0.06450571947991256,0.8333333333333334,0.12
03_rough_h0p008_spacing0p45_p2l_v2:0064,03_rough_h0p008_spacing0p45_p2l_v2,33.61299999999996,34.012999999999955,20.0,1.0,0.004081821740129321,0.005760798109025756,0.00435223587374128,1.0,0.06,20.0,1.0,0.0023866203544347835,0.0037986130223511493,0.002660919294660556,1.0,0.08,40.0,1.0,0.00448449663662954,0.008949445226663005,0.010397117404420701,1.0,0.08,6.0,1.0,0.05892570840581729,0.11232391153119746,0.07281507443764663,0.8333333333333334,0.12
03_rough_h0p008_spacing0p45_p2l_v2:0065,03_rough_h0p008_spacing0p45_p2l_v2,33.81299999999995,34.21299999999995,20.0,1.0,0.0020788021909888626,0.005549815062857927,0.003105944594257154,1.0,0.06,20.0,1.0,0.0015007933691020894,0.0036574633472877685,0.002077581811684876,1.0,0.08,40.0,1.0,0.003993653109605745,0.008949445226663005,0.010291639596070861,1.0,0.08,6.0,1.0,0.03647025029843193,0.060710613414515946,0.042996221188773144,1.0,0.12
03_rough_h0p008_spacing0p45_p2l_v2:0066,03_rough_h0p008_spacing0p45_p2l_v2,34.01299999999995,34.41299999999995,20.0,1.0,0.0017446231869386348,0.0036563720714441906,0.005258659223785444,1.0,0.06,20.0,1.0,0.0032545224202437106,0.00370085166265285,0.009984706707914558,1.0,0.08,40.0,1.0,0.004140503414155755,0.010277430064531553,0.012738068971829242,1.0,0.08,6.0,1.0,0.014745340414465588,0.035915543635299585,0.021119144920436223,1.0,0.12
03_rough_h0p008_spacing0p45_p2l_v2:0067,03_rough_h0p008_spacing0p45_p2l_v2,34.21299999999995,34.61299999999995,20.0,1.0,0.010696648963691564,0.035154530109137244,0.018527935209956662,1.0,0.06,20.0,1.0,0.03935430375796018,0.1100993921615059,0.06559813909036988,0.85,0.08,40.0,1.0,0.027098431602394037,0.09311263198348887,0.0461131564678637,0.875,0.08,6.0,1.0,0.02684354131620706,0.0628703875578697,0.04163672894984326,1.0,0.12
03_rough_h0p008_spacing0p45_p2l_v2:0068,03_rough_h0p008_spacing0p45_p2l_v2,34.412999999999954,34.81299999999995,20.0,1.0,0.010771895912408777,0.035154530109137244,0.017986611827628677,1.0,0.06,20.0,1.0,0.04432425623262433,0.1100993921615059,0.06606279799898619,0.85,0.08,40.0,1.0,0.026881101185614126,0.09311263198348887,0.04511160784671713,0.875,0.08,6.0,1.0,0.04250636232913054,0.07994020550192174,0.05086249747910518,1.0,0.12
03_rough_h0p008_spacing0p45_p2l_v2:0069,03_rough_h0p008_spacing0p45_p2l_v2,34.61299999999995,35.01299999999995,20.0,1.0,0.004030065961810682,0.006279573534237724,0.004505665520349602,1.0,0.06,20.0,1.0,0.010168190462700327,0.024150996605218095,0.013215157880798793,1.0,0.08,40.0,1.0,0.006536090315659793,0.018928281198579956,0.010171707610643599,1.0,0.08,6.0,1.0,0.023803817001002717,0.045186221825976036,0.031193611398369247,1.0,0.12
03_rough_h0p008_spacing0p45_p2l_v2:0070,03_rough_h0p008_spacing0p45_p2l_v2,34.812999999999946,35.212999999999944,20.0,1.0,0.0034384582905659725,0.006279573534237724,0.004022267641077212,1.0,0.06,20.0,1.0,0.004042544558484687,0.008135504977523128,0.005121494249734408,1.0,0.08,40.0,1.0,0.004740405419303423,0.013982615132424443,0.007196980047621007,1.0,0.08,6.0,1.0,0.03174629436346521,0.07340546770104785,0.04416833807678234,1.0,0.12
03_rough_h0p008_spacing0p45_p2l_v2:0071,03_rough_h0p008_spacing0p45_p2l_v2,35.01299999999995,35.41299999999995,20.0,1.0,0.0017483778776886353,0.0036871287326994883,0.0022025317343270026,1.0,0.06,20.0,1.0,0.014286479831940632,0.030156908560046197,0.018306952338028586,1.0,0.08,40.0,1.0,0.002667500936031214,0.0049420369587836075,0.004556032890804857,1.0,0.08,6.0,1.0,0.04232180214092505,0.07340546770104785,0.051134480242304076,1.0,0.12
03_rough_h0p008_spacing0p45_p2l_v2:0072,03_rough_h0p008_spacing0p45_p2l_v2,35.21299999999995,35.61299999999995,20.0,1.0,0.0005960176412294071,0.002247075169833976,0.0010461140516658377,1.0,0.06,20.0,1.0,0.02775826746585854,0.030802715433442367,0.02823385432762898,1.0,0.08,40.0,1.0,0.0007203543469956331,0.0022225785945993674,0.0012627565024920593,1.0,0.08,6.0,1.0,0.028402104734758238,0.046444157981042,0.032331075063792555,1.0,0.12
03_rough_h0p008_spacing0p45_p2l_v2:0073,03_rough_h0p008_spacing0p45_p2l_v2,35.41299999999995,35.812999999999946,20.0,1.0,0.00010075592877048511,0.00010261412641999478,0.00010076552761786563,1.0,0.06,20.0,1.0,0.03080333833437173,0.030805772578819907,0.03080333839914096,1.0,0.08,40.0,1.0,0.0001649530614782152,0.00034724574348478094,0.00020162714417339527,1.0,0.08,6.0,1.0,0.018047348358961855,0.028886827070058768,0.02099958649151801,1.0,0.12
03_rough_h0p008_spacing0p45_p2l_v2:0074,03_rough_h0p008_spacing0p45_p2l_v2,35.61299999999994,36.01299999999994,20.0,1.0,0.00020012266453752896,0.00042632117495495554,0.0003406919162185909,1.0,0.06,20.0,1.0,0.03008960079133303,0.030806402042374968,0.030131997755751143,1.0,0.08,40.0,1.0,0.0006159323921716032,0.0018982493181149756,0.0011082523098406164,1.0,0.08,6.0,1.0,0.0151337445036209,0.027105403715897022,0.01808949387163551,1.0,0.12
03_rough_h0p008_spacing0p45_p2l_v2:0075,03_rough_h0p008_spacing0p45_p2l_v2,35.812999999999946,36.212999999999944,20.0,1.0,0.0024202538394050717,0.006061170871635296,0.003419295355787021,1.0,0.06,20.0,1.0,0.019196389562845525,0.030806402042374968,0.02239914890852481,1.0,0.08,40.0,1.0,0.001170495560380813,0.002957965502833682,0.0016014521706700007,1.0,0.08,6.0,1.0,0.017340641472109664,0.024869950725544807,0.018695975948508636,1.0,0.12
03_rough_h0p008_spacing0p45_p2l_v2:0076,03_rough_h0p008_spacing0p45_p2l_v2,36.01299999999995,36.41299999999995,20.0,1.0,0.0056296711996254006,0.006871457886631754,0.005844677774390845,1.0,0.06,20.0,1.0,0.06791029889876375,0.20331934004081972,0.11137923741776222,0.7,0.08,40.0,1.0,0.05578524746067041,0.17579813920107187,0.09410378822661004,0.7,0.08,6.0,1.0,0.01901463691607393,0.03288567425223701,0.02293721071743961,1.0,0.12
03_rough_h0p008_spacing0p45_p2l_v2:0077,03_rough_h0p008_spacing0p45_p2l_v2,36.212999999999944,36.61299999999994,20.0,1.0,0.006617170164523666,0.006871457886631754,0.006620290745293638,1.0,0.06,20.0,1.0,0.06500675478723394,0.20331934004081972,0.11120303298389862,0.7,0.08,40.0,1.0,0.056407099872554725,0.17579813920107187,0.09420747312406784,0.7,0.08,6.0,1.0,0.02200402875034635,0.042534699333788464,0.027112921580239032,1.0,0.12
03_rough_h0p008_spacing0p45_p2l_v2:0078,03_rough_h0p008_spacing0p45_p2l_v2,36.41299999999994,36.81299999999994,20.0,1.0,0.006567545095589107,0.006617990213778907,0.0065686214526368405,1.0,0.06,20.0,1.0,0.0018893108299167128,0.0009329865938110741,0.005403819801286085,1.0,0.08,40.0,1.0,0.0013509911871368199,0.0010945435064783704,0.004572423919839015,1.0,0.08,6.0,1.0,0.031042653986843697,0.056132066920802595,0.03726805865346301,1.0,0.12
03_rough_h0p008_spacing0p45_p2l_v2:0079,03_rough_h0p008_spacing0p45_p2l_v2,36.61299999999994,37.01299999999994,20.0,1.0,0.006618031836454872,0.006618247596830521,0.006618031839273118,1.0,0.06,20.0,1.0,0.0005539249436248367,0.0005740379844381083,0.000554132416968291,1.0,0.08,40.0,1.0,0.00017155659308882575,0.0003504498666753453,0.000212473404752757,1.0,0.08,6.0,1.0,0.030457423535638354,0.0596222597083193,0.03847438761978328,1.0,0.12
03_rough_h0p008_spacing0p45_p2l_v2:0080,03_rough_h0p008_spacing0p45_p2l_v2,36.812999999999946,37.212999999999944,20.0,1.0,0.006618224045743982,0.006618272615398496,0.006618224045946854,1.0,0.06,20.0,1.0,0.000528189577912716,0.0005474670741428711,0.000528389028815265,1.0,0.08,40.0,1.0,0.00017586342195088922,0.00037730719614089694,0.0002202441144536129,1.0,0.08,6.0,1.0,0.019307885749263273,0.03914969959696511,0.02561857577816057,1.0,0.12
03_rough_h0p008_spacing0p45_p2l_v2:0081,03_rough_h0p008_spacing0p45_p2l_v2,37.01299999999994,37.41299999999994,20.0,1.0,0.00661814519038602,0.006618272615398496,0.006618145191662634,1.0,0.06,20.0,1.0,0.0005036357931281655,0.0005219832900507759,0.0005038248280598752,1.0,0.08,40.0,1.0,0.00015433501543393735,0.00037730719614089694,0.00020930775253224544,1.0,0.08,6.0,1.0,0.02329779459895305,0.039283311686420894,0.02668081945219734,1.0,0.12
03_rough_h0p008_spacing0p45_p2l_v2:0082,03_rough_h0p008_spacing0p45_p2l_v2,37.21299999999994,37.612999999999936,20.0,1.0,0.006617795714077164,0.0066181308144022954,0.006617795720093543,1.0,0.06,20.0,1.0,0.0004803838618622436,0.0004977115021359779,0.00048056016703708343,1.0,0.08,40.0,1.0,0.00015322666760256287,0.0003254987472709581,0.00020012392966056527,1.0,0.08,6.0,1.0,0.026614880056582756,0.039283311686420894,0.028692015465984474,1.0,0.12
03_rough_h0p008_spacing0p45_p2l_v2:0083,03_rough_h0p008_spacing0p45_p2l_v2,37.41299999999994,37.81299999999994,20.0,1.0,0.0066171773856394,0.0066177162560812994,0.006617177399967681,1.0,0.06,20.0,1.0,0.0004585476325567106,0.0004747705837187755,0.0004587090595049173,1.0,0.08,40.0,1.0,0.00017948361139083073,0.00034393365835276303,0.00022125178361298234,1.0,0.08,6.0,1.0,0.02786858936090925,0.04090096395805,0.029931085882654536,1.0,0.12
03_rough_h0p008_spacing0p45_p2l_v2:0084,03_rough_h0p008_spacing0p45_p2l_v2,37.61299999999994,38.01299999999994,20.0,1.0,0.006616293288714599,0.006617033249018292,0.0066162933147641215,1.0,0.06,20.0,1.0,0.00043823398517787716,0.0004532728542346265,0.0004383786498565222,1.0,0.08,40.0,1.0,0.00017574413941226497,0.00035367830449484775,0.00022042301855950555,1.0,0.08,6.0,1.0,0.026168195374233896,0.04471866799947351,0.030538856473114172,1.0,0.12
03_rough_h0p008_spacing0p45_p2l_v2:0085,03_rough_h0p008_spacing0p45_p2l_v2,37.81299999999994,38.21299999999994,20.0,1.0,0.02145970558844476,0.05759773433420649,0.031312154338140864,0.95,0.06,20.0,1.0,0.03159087804624407,0.10585774832672488,0.06361273201825125,0.85,0.08,40.0,1.0,0.02609003439546323,0.10233615320538705,0.05003027271250975,0.8,0.08,6.0,1.0,0.02863089438902645,0.05181883218414778,0.034962904696069205,1.0,0.12
03_rough_h0p008_spacing0p45_p2l_v2:0086,03_rough_h0p008_spacing0p45_p2l_v2,38.012999999999934,38.41299999999993,20.0,1.0,0.019545442008232515,0.05759773433420649,0.03130751581540808,0.95,0.06,20.0,1.0,0.03617203290268088,0.10585774832672488,0.0653619652869817,0.85,0.08,40.0,1.0,0.030106765629384726,0.10233615320538705,0.05169997142983619,0.8,0.08,6.0,1.0,0.023302554092407796,0.05181883218414778,0.03139677661193998,1.0,0.12
04_external_impact_y12N_t0p25_p2l_v2:0000,04_external_impact_y12N_t0p25_p2l_v2,21.483,21.883,20.0,1.0,8.103336268566891e-19,1.0856141876730315e-18,8.553474647657474e-19,1.0,0.06,20.0,1.0,1.6760108035245738e-18,2.173041140642744e-18,1.7200168627553314e-18,1.0,0.08,40.0,1.0,0.00014357579303822396,0.0002822660069631355,0.00017234069004553115,1.0,0.08,6.0,1.0,0.01867878070360614,0.03500620517517639,0.024025344267091887,1.0,0.12
04_external_impact_y12N_t0p25_p2l_v2:0001,04_external_impact_y12N_t0p25_p2l_v2,21.683,22.083,20.0,1.0,8.388299554219075e-19,1.0856141876730315e-18,8.809485317661405e-19,1.0,0.06,20.0,1.0,1.4583804741241553e-18,2.173041140642744e-18,1.5357914109441911e-18,1.0,0.08,40.0,1.0,0.0001419255111188812,0.0002953516895086874,0.00017228993827343592,1.0,0.08,6.0,1.0,0.019603650925137092,0.037039299106067625,0.024915787420060884,1.0,0.12
04_external_impact_y12N_t0p25_p2l_v2:0002,04_external_impact_y12N_t0p25_p2l_v2,21.883,22.282999999999998,20.0,1.0,8.987867701201502e-19,1.2441250667147983e-18,9.400578465569586e-19,1.0,0.06,20.0,1.0,1.0012186318227088e-18,1.2966271693004123e-18,1.063700697650933e-18,1.0,0.08,40.0,1.0,0.00014145485457442135,0.00029415530237411646,0.00017214950705059546,1.0,0.08,6.0,1.0,0.01294847028346647,0.022031454886889235,0.015188039282133043,1.0,0.12
04_external_impact_y12N_t0p25_p2l_v2:0003,04_external_impact_y12N_t0p25_p2l_v2,22.083,22.482999999999997,20.0,1.0,8.257549379391596e-19,1.2404568989884841e-18,8.785939068794554e-19,1.0,0.06,20.0,1.0,7.66077998941227e-19,1.2966271693004123e-18,8.826417656485154e-19,1.0,0.08,40.0,1.0,0.00016544484660379596,0.0003269641333540896,0.0001994226408392408,1.0,0.08,6.0,1.0,0.017227913162653513,0.03023637079159954,0.02017446739912664,1.0,0.12
04_external_impact_y12N_t0p25_p2l_v2:0004,04_external_impact_y12N_t0p25_p2l_v2,22.282999999999998,22.682999999999996,20.0,1.0,7.237765999990951e-19,1.040162902319144e-18,7.770279264220418e-19,1.0,0.06,20.0,1.0,6.055863664521316e-19,8.566987242418979e-19,6.45781778187685e-19,1.0,0.08,40.0,1.0,0.00018886049364632732,0.000353550806288738,0.0002278473004045815,1.0,0.08,6.0,1.0,0.015666534491949168,0.03023637079159954,0.018935340128267194,1.0,0.12
04_external_impact_y12N_t0p25_p2l_v2:0005,04_external_impact_y12N_t0p25_p2l_v2,22.482999999999997,22.882999999999996,20.0,1.0,7.360844636305965e-19,1.001754180932325e-18,7.662778888378653e-19,1.0,0.06,20.0,1.0,7.164145113565414e-19,8.667609736586726e-19,7.356944661431573e-19,1.0,0.08,40.0,1.0,0.00015437493975697963,0.0002848895984827725,0.00019544577200195605,1.0,0.08,6.0,1.0,0.010121716604886736,0.016171476599967743,0.011354846161203363,1.0,0.12
04_external_impact_y12N_t0p25_p2l_v2:0006,04_external_impact_y12N_t0p25_p2l_v2,22.682999999999996,23.082999999999995,20.0,1.0,0.025901205713966407,0.08720759875994434,0.04578768034610177,0.8,0.06,20.0,1.0,1.6396554981102292e-15,4.291907291706098e-15,2.4603031851930693e-15,1.0,0.08,40.0,1.0,0.00015893664868369333,0.0003173067230743686,0.0002016291067219577,1.0,0.08,6.0,1.0,0.03294556833374431,0.06370521733823135,0.04276473435677923,1.0,0.12
04_external_impact_y12N_t0p25_p2l_v2:0007,04_external_impact_y12N_t0p25_p2l_v2,22.882999999999996,23.282999999999994,20.0,1.0,0.026602416620630842,0.08720759875994434,0.04586212122518786,0.8,0.06,20.0,1.0,1.8808924299102608e-15,4.291907291706098e-15,2.4847333897426915e-15,1.0,0.08,40.0,1.0,0.000164511083659629,0.0003173067230743686,0.00020620229903386581,1.0,0.08,6.0,1.0,0.04475989258080847,0.06876476219304602,0.04966806124371527,1.0,0.12
04_external_impact_y12N_t0p25_p2l_v2:0008,04_external_impact_y12N_t0p25_p2l_v2,23.082999999999995,23.482999999999993,20.0,1.0,0.0007144484078431754,0.0002616375519061387,0.0026120570935391583,1.0,0.06,20.0,1.0,5.449271080666686e-16,6.127083702008721e-16,5.521084513025998e-16,1.0,0.08,40.0,1.0,0.00013635940136596866,0.00026532488946519144,0.00017463613874413807,1.0,0.08,6.0,1.0,0.023705553366902592,0.04432746135875823,0.029330388161681646,1.0,0.12
04_external_impact_y12N_t0p25_p2l_v2:0009,04_external_impact_y12N_t0p25_p2l_v2,23.282999999999994,23.682999999999993,20.0,1.0,2.6474715666055525e-05,2.6475292304495302e-05,2.6474715668920797e-05,1.0,0.06,20.0,1.0,6.294167773399001e-16,6.807688234639589e-16,6.301814314038901e-16,1.0,0.08,40.0,1.0,0.00015192133444023818,0.0002606888552117425,0.00019040502342980773,1.0,0.08,6.0,1.0,0.022593589538639644,0.04509441637102439,0.028804819446464625,1.0,0.12
04_external_impact_y12N_t0p25_p2l_v2:0010,04_external_impact_y12N_t0p25_p2l_v2,23.482999999999993,23.882999999999992,20.0,1.0,2.6474390565170426e-05,2.6474467825687854e-05,2.6474390565221858e-05,1.0,0.06,20.0,1.0,6.861946891891056e-16,7.331002582046781e-16,6.874428791968047e-16,1.0,0.08,40.0,1.0,0.00014783368583383706,0.0002512530947782289,0.00018047617097214448,1.0,0.08,6.0,1.0,0.02503370887976714,0.04509441637102439,0.02930877973504024,1.0,0.12
04_external_impact_y12N_t0p25_p2l_v2:0011,04_external_impact_y12N_t0p25_p2l_v2,23.682999999999993,24.08299999999999,20.0,1.0,2.647434701118223e-05,2.647435735939896e-05,2.6474347011183153e-05,1.0,0.06,20.0,1.0,7.772109458847987e-16,8.653172916414678e-16,7.798356646937363e-16,1.0,0.08,40.0,1.0,0.0001372974903027792,0.0002966238319434328,0.00018951965458976594,1.0,0.08,6.0,1.0,0.022877902425580358,0.03619708649338978,0.025428404771078095,1.0,0.12
04_external_impact_y12N_t0p25_p2l_v2:0012,04_external_impact_y12N_t0p25_p2l_v2,23.882999999999992,24.28299999999999,20.0,1.0,2.6474341206152163e-05,2.647434256636272e-05,2.647434120615218e-05,1.0,0.06,20.0,1.0,9.003033990660645e-16,1.0018063722771147e-15,9.035433002995876e-16,1.0,0.08,40.0,1.0,0.00014195210212264615,0.0003393306341980194,0.00020384674986875266,1.0,0.08,6.0,1.0,0.02541651137423326,0.04094368071762415,0.029228107287471206,1.0,0.12
04_external_impact_y12N_t0p25_p2l_v2:0013,04_external_impact_y12N_t0p25_p2l_v2,24.08299999999999,24.48299999999999,20.0,1.0,2.6474340521646932e-05,2.6474340583348966e-05,2.6474340521646932e-05,1.0,0.06,20.0,1.0,1.0384832109545831e-15,1.1420672902801876e-15,1.0417012840178324e-15,1.0,0.08,40.0,1.0,0.00017050350023168362,0.0003344051876014104,0.0002140770115627976,1.0,0.08,6.0,1.0,0.01935789931032018,0.03434203057793801,0.02375906922638424,1.0,0.12
04_external_impact_y12N_t0p25_p2l_v2:0014,04_external_impact_y12N_t0p25_p2l_v2,24.28299999999999,24.68299999999999,20.0,1.0,2.6474340497874282e-05,2.6474340498405802e-05,2.6474340497874282e-05,1.0,0.06,20.0,1.0,1.1949756692595396e-15,1.3332034603674564e-15,1.1989225376293764e-15,1.0,0.08,40.0,1.0,0.00017678826224914085,0.0003247927971244712,0.00021159747080224802,1.0,0.08,6.0,1.0,0.014661816858937712,0.02454751023485674,0.016440206357342776,1.0,0.12
04_external_impact_y12N_t0p25_p2l_v2:0015,04_external_impact_y12N_t0p25_p2l_v2,24.48299999999999,24.88299999999999,20.0,1.0,2.6474340497960323e-05,2.6474340498405802e-05,2.6474340497960323e-05,1.0,0.06,20.0,1.0,1.3768475037575338e-15,1.5273565812428473e-15,1.3814979198291683e-15,1.0,0.08,40.0,1.0,0.00014488995066501715,0.00031716101779014435,0.0001844542256609427,1.0,0.08,6.0,1.0,0.010637400200083072,0.01773149820955877,0.01254961390695316,1.0,0.12
04_external_impact_y12N_t0p25_p2l_v2:0016,04_external_impact_y12N_t0p25_p2l_v2,24.68299999999999,25.082999999999988,20.0,1.0,2.6474340497442685e-05,2.647434049841413e-05,2.6474340497442685e-05,1.0,0.06,20.0,1.0,1.5725678336064388e-15,1.7286965942739027e-15,1.5768450107925968e-15,1.0,0.08,40.0,1.0,0.00015148447082565108,0.0002833580783055698,0.00018536458178963219,1.0,0.08,7.0,1.0,0.016187977745964244,0.031482702829705916,0.021474100942685034,1.0,0.12
04_external_impact_y12N_t0p25_p2l_v2:0017,04_external_impact_y12N_t0p25_p2l_v2,24.88299999999999,25.282999999999987,20.0,1.0,2.6474340497495417e-05,2.6474340498439107e-05,2.647434049749542e-05,1.0,0.06,20.0,1.0,1.8071054044285345e-15,2.0108564115272465e-15,1.8136184734549263e-15,1.0,0.08,40.0,1.0,0.00016512938158374794,0.00036003407653109105,0.00020093007760642656,1.0,0.08,7.0,1.0,0.017421510628447406,0.03174444542861814,0.02186556723780889,1.0,0.12
04_external_impact_y12N_t0p25_p2l_v2:0018,04_external_impact_y12N_t0p25_p2l_v2,25.082999999999988,25.482999999999986,20.0,1.0,2.6474340498304493e-05,2.647434049835862e-05,2.6474340498304497e-05,1.0,0.06,20.0,1.0,2.0790293840392592e-15,2.2933022116166355e-15,2.0850483543935148e-15,1.0,0.08,40.0,1.0,0.00014490256874985903,0.0003002710475370799,0.0001861739550461002,1.0,0.08,6.0,1.0,0.027425681717910832,0.05622249068502448,0.03657401827423184,1.0,0.12
04_external_impact_y12N_t0p25_p2l_v2:0019,04_external_impact_y12N_t0p25_p2l_v2,25.282999999999987,25.682999999999986,20.0,1.0,2.647434049810049e-05,2.647434049835029e-05,2.647434049810049e-05,1.0,0.06,20.0,1.0,2.3839916180397805e-15,2.6468128069385022e-15,2.391925902099628e-15,1.0,0.08,40.0,1.0,0.0001509995764752494,0.0002925040183331061,0.00018746945821137117,1.0,0.08,6.0,1.0,0.031180457337051683,0.05846436978517694,0.03911896468427383,1.0,0.12
04_external_impact_y12N_t0p25_p2l_v2:0020,04_external_impact_y12N_t0p25_p2l_v2,25.482999999999986,25.882999999999985,20.0,1.0,2.6474340497646687e-05,2.647434049835029e-05,2.6474340497646687e-05,1.0,0.06,20.0,1.0,2.7393912991525594e-15,3.021450315575465e-15,2.7477421581651844e-15,1.0,0.08,40.0,1.0,0.00017325266817011512,0.0003266605756845327,0.00020513136402044053,1.0,0.08,6.0,1.0,0.019750226587125042,0.03923492205457027,0.02409583281097261,1.0,0.12
04_external_impact_y12N_t0p25_p2l_v2:0021,04_external_impact_y12N_t0p25_p2l_v2,25.682999999999986,26.082999999999984,20.0,1.0,2.647434049756203e-05,2.647434049835029e-05,2.647434049756203e-05,1.0,0.06,20.0,1.0,3.1358010155151388e-15,3.466655754461761e-15,3.145195906803453e-15,1.0,0.08,40.0,1.0,0.00015596143071917783,0.0003173923519565545,0.0001857368620375116,1.0,0.08,6.0,1.0,0.012953646454973128,0.02465519648144804,0.017411475884774586,1.0,0.12
04_external_impact_y12N_t0p25_p2l_v2:0022,04_external_impact_y12N_t0p25_p2l_v2,25.882999999999985,26.282999999999983,20.0,1.0,2.6474340497623096e-05,2.647434049835584e-05,2.6474340497623092e-05,1.0,0.06,20.0,1.0,3.592746295579385e-15,3.972654009104836e-15,3.6039663825670385e-15,1.0,0.08,40.0,1.0,0.0001594675134225154,0.000285946347596743,0.00019454372919114143,1.0,0.08,6.0,1.0,0.015424763506604267,0.025200757370816174,0.01788961195130529,1.0,0.12
04_external_impact_y12N_t0p25_p2l_v2:0023,04_external_impact_y12N_t0p25_p2l_v2,26.082999999999984,26.482999999999983,20.0,1.0,2.6474340497745218e-05,2.6474340498330863e-05,2.6474340497745218e-05,1.0,0.06,20.0,1.0,4.123389036758928e-15,4.570647213389336e-15,4.13645995441014e-15,1.0,0.08,40.0,1.0,0.0001997743527854617,0.00034319411582498974,0.00023933942354252923,1.0,0.08,6.0,1.0,0.029392928825778115,0.045439332315987235,0.03179233464527425,1.0,0.12
04_external_impact_y12N_t0p25_p2l_v2:0024,04_external_impact_y12N_t0p25_p2l_v2,26.282999999999983,26.682999999999982,20.0,1.0,6.71224166739648e-05,2.6474340498405802e-05,0.00018946892795448838,1.0,0.06,20.0,1.0,4.727214503206646e-15,5.235597745273548e-15,4.741500271046079e-15,1.0,0.08,40.0,1.0,0.00019327844564056011,0.00039738022153233286,0.0002349036152326967,1.0,0.08,6.0,1.0,0.032508876735828994,0.045439332315987235,0.03510195961013664,1.0,0.12
04_external_impact_y12N_t0p25_p2l_v2:0025,04_external_impact_y12N_t0p25_p2l_v2,26.482999999999983,26.88299999999998,20.0,1.0,0.010327336367003411,0.035151690793589006,0.018081844684824447,1.0,0.06,20.0,1.0,6.0066746781344585e-15,8.076372625439291e-15,6.140203631674501e-15,1.0,0.08,40.0,1.0,0.0001627848849737823,0.00032063114361509355,0.00020241945717768995,1.0,0.08,6.0,1.0,0.02973360041117322,0.03966393598390422,0.030823836000901387,1.0,0.12
04_external_impact_y12N_t0p25_p2l_v2:0026,04_external_impact_y12N_t0p25_p2l_v2,26.682999999999982,27.08299999999998,20.0,1.0,0.010291980290083958,0.035151690793589006,0.018080880670947735,1.0,0.06,20.0,1.0,8.400061823534132e-15,1.0336743048564866e-14,8.570595321223227e-15,1.0,0.08,40.0,1.0,0.00014389785161324087,0.0003111409454486793,0.0001816671998427471,1.0,0.08,6.0,1.0,0.035378706334861704,0.05822124170953394,0.04081655285005029,1.0,0.12
04_external_impact_y12N_t0p25_p2l_v2:0027,04_external_impact_y12N_t0p25_p2l_v2,26.88299999999998,27.28299999999998,20.0,1.0,3.705833957931281e-05,3.705834030199306e-05,3.705833957931282e-05,1.0,0.06,20.0,1.0,1.0873814196161075e-14,1.2502896208006371e-14,1.0940270379760982e-14,1.0,0.08,40.0,1.0,0.00014441050385215337,0.00030527989132991324,0.00017603311485411675,1.0,0.08,6.0,1.0,0.0330169571934693,0.06776563552190565,0.04324479526524018,1.0,0.12
04_external_impact_y12N_t0p25_p2l_v2:0028,04_external_impact_y12N_t0p25_p2l_v2,27.08299999999998,27.48299999999998,20.0,1.0,3.7058340271753364e-05,3.705834039690603e-05,3.705834027175337e-05,1.0,0.06,20.0,1.0,1.3178239853656923e-14,1.5166595561880134e-14,1.3258937708661614e-14,1.0,0.08,40.0,1.0,0.0001597882983264473,0.0003050005211786785,0.00020107405381449405,1.0,0.08,6.0,1.0,0.025157861420297366,0.0488091946421198,0.03167726282497567,1.0,0.12
04_external_impact_y12N_t0p25_p2l_v2:0029,04_external_impact_y12N_t0p25_p2l_v2,27.28299999999998,27.68299999999998,20.0,1.0,3.7058340396262104e-05,3.705834039735567e-05,3.7058340396262104e-05,1.0,0.06,20.0,1.0,1.5970481621348143e-14,1.8368079863625037e-14,1.60679359476336e-14,1.0,0.08,40.0,1.0,0.0001868853210777634,0.00031253933508761003,0.00023087796570956374,1.0,0.08,6.0,1.0,0.032907875889821143,0.050489048237064765,0.03623218874375465,1.0,0.12
04_external_impact_y12N_t0p25_p2l_v2:0030,04_external_impact_y12N_t0p25_p2l_v2,27.48299999999998,27.882999999999978,20.0,1.0,3.7058340396403654e-05,3.705834039735567e-05,3.7058340396403654e-05,1.0,0.06,20.0,1.0,1.9361571800280844e-14,2.2288461898047132e-14,1.9480935499081398e-14,1.0,0.08,40.0,1.0,0.00020114636977498925,0.00033576353953077676,0.00023191468473956296,1.0,0.08,6.0,1.0,0.03551510701180238,0.06065633652222968,0.040197339049299174,1.0,0.12
04_external_impact_y12N_t0p25_p2l_v2:0031,04_external_impact_y12N_t0p25_p2l_v2,27.68299999999998,28.082999999999977,20.0,1.0,3.705834039628708e-05,3.705834039735567e-05,3.705834039628708e-05,1.0,0.06,20.0,1.0,2.3473644267763515e-14,2.6992414167424706e-14,2.3616997177251882e-14,1.0,0.08,40.0,1.0,0.00018614689891889046,0.00033576353953077676,0.00021703846326673844,1.0,0.08,6.0,1.0,0.029525948064740588,0.04815963647683738,0.03369519179424441,1.0,0.12
04_external_impact_y12N_t0p25_p2l_v2:0032,04_external_impact_y12N_t0p25_p2l_v2,27.882999999999978,28.282999999999976,20.0,1.0,3.705834039636757e-05,3.705834039735567e-05,3.705834039636758e-05,1.0,0.06,20.0,1.0,2.843896961668482e-14,3.271154632881993e-14,2.8611910002501094e-14,1.0,0.08,40.0,1.0,0.0001656917199724391,0.00030672135996460856,0.00019954338759199615,1.0,0.08,6.0,1.0,0.0255097296929991,0.03862768568955546,0.02843721789251793,1.0,0.12
04_external_impact_y12N_t0p25_p2l_v2:0033,04_external_impact_y12N_t0p25_p2l_v2,28.082999999999977,28.482999999999976,20.0,1.0,3.705834039653966e-05,3.705834039735567e-05,3.705834039653966e-05,1.0,0.06,20.0,1.0,3.4460250934068796e-14,3.9640995502538595e-14,3.467125298950815e-14,1.0,0.08,40.0,1.0,0.00016378832539940019,0.00030672135996460856,0.00019492396556170357,1.0,0.08,6.0,1.0,0.02237249164462249,0.038771345220122794,0.02624513241615322,1.0,0.12
04_external_impact_y12N_t0p25_p2l_v2:0034,04_external_impact_y12N_t0p25_p2l_v2,28.282999999999976,28.682999999999975,20.0,1.0,3.7058340396262104e-05,3.705834039735567e-05,3.7058340396262104e-05,1.0,0.06,20.0,1.0,4.1761280645704695e-14,4.803263013393194e-14,4.201593093679149e-14,1.0,0.08,40.0,1.0,0.00017232562275985895,0.0003206997388493708,0.0001994397596319232,1.0,0.08,6.0,1.0,0.01723447690472295,0.03389129883994879,0.02213926846967944,1.0,0.12
04_external_impact_y12N_t0p25_p2l_v2:0035,04_external_impact_y12N_t0p25_p2l_v2,28.482999999999976,28.882999999999974,20.0,1.0,0.010662349825536871,0.0378340998463361,0.019332655394263615,1.0,0.06,20.0,1.0,0.020891336854001845,0.06764085946453355,0.03979410466046413,0.9,0.08,40.0,1.0,0.017701615312892317,0.06267413967482678,0.03263462330063936,0.95,0.08,6.0,1.0,0.013642541323839139,0.02495027612903572,0.016128482843471025,1.0,0.12
04_external_impact_y12N_t0p25_p2l_v2:0036,04_external_impact_y12N_t0p25_p2l_v2,28.682999999999975,29.082999999999974,20.0,1.0,0.01084890271739523,0.0378340998463361,0.019341390721235925,1.0,0.06,20.0,1.0,0.029997439164803425,0.06764085946453355,0.0418762972143603,0.9,0.08,40.0,1.0,0.018576239298942483,0.06267413967482678,0.03281172314854923,0.95,0.08,6.0,1.0,0.013543968830586625,0.021778038904602753,0.014941228052915007,1.0,0.12
04_external_impact_y12N_t0p25_p2l_v2:0037,04_external_impact_y12N_t0p25_p2l_v2,28.882999999999974,29.282999999999973,20.0,1.0,0.0002217617556229845,0.00026850427081440977,0.000582349026664711,1.0,0.06,20.0,1.0,0.01820676849475044,0.01825353868424697,0.018322164368700364,1.0,0.08,40.0,1.0,0.0010436443279012082,0.0006511663657971656,0.003410593366212834,1.0,0.08,6.0,1.0,0.00956033481743604,0.01646400850911557,0.011354860523355307,1.0,0.12
04_external_impact_y12N_t0p25_p2l_v2:0038,04_external_impact_y12N_t0p25_p2l_v2,29.082999999999974,29.482999999999972,20.0,1.0,3.742974211408262e-05,4.1924611580265726e-05,3.839960575122108e-05,1.0,0.06,20.0,1.0,0.018230310910526366,0.018261589641698796,0.018230442489989587,1.0,0.08,40.0,1.0,0.00014088770554575997,0.00032508336683420016,0.00018634972155228313,1.0,0.08,6.0,1.0,0.011256282188553776,0.02271985617044353,0.015326037860466015,1.0,0.12
04_external_impact_y12N_t0p25_p2l_v2:0039,04_external_impact_y12N_t0p25_p2l_v2,29.282999999999973,29.68299999999997,20.0,1.0,4.2339879805801396e-05,4.362718505881713e-05,4.23509561991369e-05,1.0,0.06,20.0,1.0,0.018263551566517728,0.018269954324860557,0.018263552228145182,1.0,0.08,40.0,1.0,0.00012904535548403372,0.0002944633855041873,0.00016790765897937578,1.0,0.08,6.0,1.0,0.013211075741649777,0.02336000135179625,0.016452348105933007,1.0,0.12
04_external_impact_y12N_t0p25_p2l_v2:0040,04_external_impact_y12N_t0p25_p2l_v2,29.482999999999972,29.88299999999997,20.0,1.0,0.00034859469657546607,0.0012051808911111052,0.0006776587115770264,1.0,0.06,20.0,1.0,0.05591434547600661,0.15330659835197938,0.08185867980122677,0.75,0.08,40.0,1.0,0.03222130210432924,0.1245265119923827,0.06075189229623332,0.775,0.08,6.0,1.0,0.01892840626323401,0.03934689480948082,0.028263202253589508,1.0,0.12
04_external_impact_y12N_t0p25_p2l_v2:0041,04_external_impact_y12N_t0p25_p2l_v2,29.68299999999997,30.08299999999997,20.0,1.0,0.002101812021288489,0.0038833627429069734,0.00261877727196216,1.0,0.06,20.0,1.0,0.050875062092411015,0.15330659835197938,0.08187672825628288,0.75,0.08,40.0,1.0,0.03708820529468622,0.1245265119923827,0.06255261325646227,0.775,0.08,6.0,1.0,0.021934524054349477,0.04278152078119081,0.029636048814333106,1.0,0.12
04_external_impact_y12N_t0p25_p2l_v2:0042,04_external_impact_y12N_t0p25_p2l_v2,29.88299999999997,30.28299999999997,20.0,1.0,0.003668507405630764,0.0038833627429069734,0.0036861910384985526,1.0,0.06,20.0,1.0,0.004338221038895451,0.005923286891420348,0.013050671683601694,1.0,0.08,40.0,1.0,0.00521274782669499,0.013824021004571965,0.014916103374586891,1.0,0.08,6.0,1.0,0.026286933222636602,0.04599512789486407,0.031171793582897282,1.0,0.12
04_external_impact_y12N_t0p25_p2l_v2:0043,04_external_impact_y12N_t0p25_p2l_v2,30.08299999999997,30.48299999999997,20.0,1.0,0.004986672709504961,0.00939740743429084,0.006911733797421964,1.0,0.06,20.0,1.0,0.019587313396672447,0.06447413128518674,0.0384903885113093,0.9,0.08,40.0,1.0,0.008978681535810485,0.04244707598199781,0.01908503048350312,1.0,0.08,6.0,1.0,0.027224388454376334,0.051977384857508496,0.03383211762277501,1.0,0.12
04_external_impact_y12N_t0p25_p2l_v2:0044,04_external_impact_y12N_t0p25_p2l_v2,30.28299999999997,30.682999999999968,20.0,1.0,0.011550632996664067,0.025263281458766003,0.014982988574491783,1.0,0.06,20.0,1.0,0.05721524518099934,0.13377518726014717,0.07614089001167967,0.65,0.08,40.0,1.0,0.05134104211083619,0.12389469051794234,0.08752046463442263,0.775,0.08,6.0,1.0,0.018536748295077416,0.03453770306029888,0.023544038195239807,1.0,0.12
04_external_impact_y12N_t0p25_p2l_v2:0045,04_external_impact_y12N_t0p25_p2l_v2,30.48299999999997,30.882999999999967,20.0,1.0,0.024009963940885542,0.05608880154284749,0.036425069670867324,0.9,0.06,20.0,1.0,0.049793158263815716,0.13445688746140083,0.07391652546833925,0.7,0.08,40.0,1.0,0.05057829196692545,0.12389469051794234,0.08775820462412869,0.775,0.08,6.0,1.0,0.011873327889862529,0.0267949290321276,0.016117506217823353,1.0,0.12
04_external_impact_y12N_t0p25_p2l_v2:0046,04_external_impact_y12N_t0p25_p2l_v2,30.682999999999968,31.082999999999966,20.0,1.0,0.024777508769148297,0.08028957496452307,0.0410715802788254,0.85,0.06,20.0,1.0,0.025625531825505154,0.08084980955722737,0.04687915536143263,0.9,0.08,40.0,1.0,0.019711857228387163,0.06923311871958004,0.03383612393578263,0.975,0.08,6.0,1.0,0.030439956271846483,0.08135054484566376,0.053483336134021106,0.8333333333333334,0.12
04_external_impact_y12N_t0p25_p2l_v2:0047,04_external_impact_y12N_t0p25_p2l_v2,30.882999999999967,31.282999999999966,20.0,1.0,0.009225205365213051,0.033530462841683956,0.023323704413037737,0.95,0.06,20.0,1.0,0.01370390292859706,0.0531960240182483,0.0324104295442537,0.95,0.08,40.0,1.0,0.011845692961483145,0.051839905007307945,0.027192414678594935,0.975,0.08,6.0,1.0,0.03036746499685435,0.08135054484566376,0.05350024578289567,0.8333333333333334,0.12
04_external_impact_y12N_t0p25_p2l_v2:0048,04_external_impact_y12N_t0p25_p2l_v2,31.082999999999966,31.482999999999965,20.0,1.0,1.3720201561890763e-13,3.69700590857776e-13,2.09514600364038e-13,1.0,0.06,20.0,1.0,7.167207168665912e-15,2.1825659966203633e-14,1.3168125337981641e-14,1.0,0.08,40.0,1.0,0.00015379379289903538,0.0003012689024298888,0.00019025395930437436,1.0,0.08,6.0,1.0,0.009389978024625892,0.016412693800987865,0.011122612929466983,1.0,0.12
04_external_impact_y12N_t0p25_p2l_v2:0049,04_external_impact_y12N_t0p25_p2l_v2,31.282999999999966,31.682999999999964,20.0,1.0,0.0018376648699502598,0.0022936138296611873,0.006197690752054606,1.0,0.06,20.0,1.0,2.756084675913091e-05,3.41696418929977e-05,9.30709038631089e-05,1.0,0.08,40.0,1.0,0.00014579386111447648,0.00030258914397951535,0.00018547305272574382,1.0,0.08,7.0,1.0,0.021259985684425452,0.035549410791947844,0.02379092620075916,1.0,0.12
04_external_impact_y12N_t0p25_p2l_v2:0050,04_external_impact_y12N_t0p25_p2l_v2,31.482999999999965,31.882999999999964,20.0,1.0,0.03435148891934707,0.09923516641077165,0.06061899861912674,0.75,0.06,20.0,1.0,0.00038492734664911314,0.0009085920278467313,0.0005385366869139126,1.0,0.08,40.0,1.0,0.00047682192924269895,0.0009334600578564558,0.0008383454002492465,1.0,0.08,7.0,1.0,0.03355824959838989,0.06384357259037259,0.04384259280348464,1.0,0.12
04_external_impact_y12N_t0p25_p2l_v2:0051,04_external_impact_y12N_t0p25_p2l_v2,31.682999999999964,32.08299999999996,20.0,1.0,0.03252978108018216,0.09923516641077165,0.060301344364626315,0.75,0.06,20.0,1.0,0.0004808153815589339,0.0009085920278467313,0.0005584253063598606,1.0,0.08,40.0,1.0,0.0004933272393124977,0.0009334600578564558,0.0008428089699536542,1.0,0.08,6.0,1.0,0.03411287572426498,0.06769609802193298,0.0466680587738606,1.0,0.12
04_external_impact_y12N_t0p25_p2l_v2:0052,04_external_impact_y12N_t0p25_p2l_v2,31.882999999999964,32.282999999999966,20.0,1.0,3.19145379765462e-05,3.191537375102915e-05,3.1914537981448005e-05,1.0,0.06,20.0,1.0,0.0002468916128238037,0.000246900959459459,0.00024689161292568384,1.0,0.08,40.0,1.0,0.00014979471143436213,0.0003394902242332969,0.00018682591626874903,1.0,0.08,6.0,1.0,0.02835257897833392,0.04104817641281308,0.031731326719359715,1.0,0.12
04_external_impact_y12N_t0p25_p2l_v2:0053,04_external_impact_y12N_t0p25_p2l_v2,32.08299999999996,32.48299999999996,20.0,1.0,3.191575418866055e-05,3.1916893610328676e-05,3.191575420000027e-05,1.0,0.06,20.0,1.0,0.0002468793099232726,0.000246888661228825,0.0002468793100252317,1.0,0.08,40.0,1.0,0.00014803956275004484,0.0002661142918252672,0.0001781192724167945,1.0,0.08,6.0,1.0,0.031557403014509516,0.04883890258917084,0.034737422613802194,1.0,0.12
04_external_impact_y12N_t0p25_p2l_v2:0054,04_external_impact_y12N_t0p25_p2l_v2,32.28299999999996,32.68299999999996,20.0,1.0,3.191726898382208e-05,3.191844897195151e-05,3.1917268996326115e-05,1.0,0.06,20.0,1.0,0.0002468670049345993,0.00024687635686799694,0.00024686700503657007,1.0,0.08,40.0,1.0,0.0001476527321485363,0.0002661142918252672,0.00017648489765883374,1.0,0.08,6.0,1.0,0.021632253694469212,0.04365784072443632,0.027701740775235562,1.0,0.12
04_external_impact_y12N_t0p25_p2l_v2:0055,04_external_impact_y12N_t0p25_p2l_v2,32.48299999999996,32.88299999999996,20.0,1.0,3.191882363786369e-05,3.192000895542724e-05,3.19188236505265e-05,1.0,0.06,20.0,1.0,0.00024685469969597907,0.0002468640517020213,0.00024685469979795615,1.0,0.08,40.0,1.0,0.00013579647068030998,0.0002661364189589267,0.00016199022896982995,1.0,0.08,6.0,1.0,0.022288262790536584,0.03852830084168274,0.02579572228137489,1.0,0.12
04_external_impact_y12N_t0p25_p2l_v2:0056,04_external_impact_y12N_t0p25_p2l_v2,32.682999999999964,33.08299999999996,20.0,1.0,3.19203834983045e-05,3.1921569438286836e-05,3.1920383510985894e-05,1.0,0.06,20.0,1.0,0.0002468423944230684,0.00024685174643114934,0.00024684239452505064,1.0,0.08,40.0,1.0,0.00016968671026140834,0.00031748529622100855,0.00020220346243154247,1.0,0.08,6.0,1.0,0.02609657469134749,0.03868773682497881,0.028937143475740976,1.0,0.12
04_external_impact_y12N_t0p25_p2l_v2:0057,04_external_impact_y12N_t0p25_p2l_v2,32.88299999999996,33.28299999999996,20.0,1.0,3.192194392337422e-05,3.1923129840133456e-05,3.192194393605554e-05,1.0,0.06,20.0,1.0,0.0002468300891557603,0.000246839441156351,0.0002468300892577474,1.0,0.08,40.0,1.0,0.00018961925017709963,0.0003525039102226616,0.00021956070233736661,1.0,0.08,6.0,1.0,0.029014210089317326,0.048106463819974576,0.03350708810333842,1.0,0.12
04_external_impact_y12N_t0p25_p2l_v2:0058,04_external_impact_y12N_t0p25_p2l_v2,33.082999999999956,33.482999999999954,20.0,1.0,3.192350429146174e-05,3.1924690097889784e-05,3.192350430414019e-05,1.0,0.06,20.0,1.0,0.0002468177838994924,0.00024682713589125525,0.00024681778400148437,1.0,0.08,40.0,1.0,0.00018950914664451202,0.0003301812021619323,0.00022130976942559804,1.0,0.08,6.0,1.0,0.03074202553991658,0.05121587768667904,0.03574554877543755,1.0,0.12
04_external_impact_y12N_t0p25_p2l_v2:0059,04_external_impact_y12N_t0p25_p2l_v2,33.28299999999996,33.68299999999996,20.0,1.0,3.192506451337729e-05,3.1926250202241045e-05,3.192506452605261e-05,1.0,0.06,20.0,1.0,0.0002468054786552654,0.00024681483063767327,0.00024680547875726236,1.0,0.08,40.0,1.0,0.00016969163629055754,0.0003301812021619323,0.00021066001331795302,1.0,0.08,6.0,1.0,0.021579715358130292,0.0368288641560722,0.02553449049705055,1.0,0.12
04_external_impact_y12N_t0p25_p2l_v2:0060,04_external_impact_y12N_t0p25_p2l_v2,33.48299999999996,33.88299999999996,20.0,1.0,3.192662457996709e-05,3.192781015304291e-05,3.192662459263926e-05,1.0,0.06,20.0,1.0,0.0002467931734232256,0.0002468025253965266,0.00024679317352522726,1.0,0.08,40.0,1.0,0.00015737110512400903,0.00030872025767504787,0.00019018194799467586,1.0,0.08,6.0,1.0,0.021568853613861686,0.04346448889047151,0.0287883130117518,1.0,0.12
04_external_impact_y12N_t0p25_p2l_v2:0061,04_external_impact_y12N_t0p25_p2l_v2,33.68299999999996,34.082999999999956,20.0,1.0,3.192818449443691e-05,3.1929369954952766e-05,3.192818450710607e-05,1.0,0.06,20.0,1.0,0.0002467808682033899,0.00024679022016730413,0.00024678086830539654,1.0,0.08,40.0,1.0,0.00018816461650205174,0.0003572362952102208,0.00022242030140621387,1.0,0.08,6.0,1.0,0.03544989721464739,0.06942555472821195,0.047108334880734425,1.0,0.12
04_external_impact_y12N_t0p25_p2l_v2:0062,04_external_impact_y12N_t0p25_p2l_v2,33.88299999999995,34.28299999999995,20.0,1.0,3.192974425675621e-05,3.193092959958288e-05,3.1929744269422214e-05,1.0,0.06,20.0,1.0,0.0002467685629959897,0.0002467779149504045,0.0002467685630980012,1.0,0.08,40.0,1.0,0.00021258118403360827,0.00038592789545716197,0.00024973728097389957,1.0,0.08,6.0,1.0,0.03173575690442466,0.06942555472821195,0.04293035887152932,1.0,0.12
04_external_impact_y12N_t0p25_p2l_v2:0063,04_external_impact_y12N_t0p25_p2l_v2,34.082999999999956,34.482999999999954,20.0,1.0,3.1931303858878654e-05,3.193248907386037e-05,3.1931303871541404e-05,1.0,0.06,20.0,1.0,0.00024675625780113785,0.0002467656097459775,0.00024675625790315423,1.0,0.08,40.0,1.0,0.00020076754496585006,0.000370675912209111,0.00023598831998804012,1.0,0.08,6.0,1.0,0.017922851308234386,0.043443720358091756,0.026230170077449006,1.0,0.12
04_external_impact_y12N_t0p25_p2l_v2:0064,04_external_impact_y12N_t0p25_p2l_v2,34.28299999999996,34.68299999999996,20.0,1.0,3.193286330255285e-05,3.193404840635683e-05,3.193286331521247e-05,1.0,0.06,20.0,1.0,0.0002467439526188774,0.00024675330455420813,0.0002467439527208986,1.0,0.08,40.0,1.0,0.00018226738853766578,0.00032955180332126837,0.00021508184167166202,1.0,0.08,6.0,1.0,0.020584584493189836,0.05079023900288894,0.029910242064299267,1.0,0.12
04_external_impact_y12N_t0p25_p2l_v2:0065,04_external_impact_y12N_t0p25_p2l_v2,34.482999999999954,34.88299999999995,20.0,1.0,3.193442259258328e-05,3.193560757444036e-05,3.1934422605239793e-05,1.0,0.06,20.0,1.0,0.00024673164744938857,0.00024674099937487,0.0002467316475514147,1.0,0.08,40.0,1.0,0.0001408999447864333,0.00027061279819849975,0.00017395446960291914,1.0,0.08,6.0,1.0,0.01910697249558042,0.04127169876367051,0.025226042925663866,1.0,0.12
04_external_impact_y12N_t0p25_p2l_v2:0066,04_external_impact_y12N_t0p25_p2l_v2,34.68299999999995,35.08299999999995,20.0,1.0,3.1935981728037356e-05,3.193716659735668e-05,3.193598174069073e-05,1.0,0.06,20.0,1.0,0.0002467193422928067,0.0002467286942084721,0.00024671934239483775,1.0,0.08,40.0,1.0,0.00012639833989445086,0.00026179748833338927,0.0001678134008632145,1.0,0.08,6.0,1.0,0.028863229080009947,0.05079023400620787,0.03490095737010439,1.0,0.12
04_external_impact_y12N_t0p25_p2l_v2:0067,04_external_impact_y12N_t0p25_p2l_v2,34.88299999999995,35.28299999999995,20.0,1.0,3.193754070921762e-05,3.193872545810828e-05,3.1937540721867885e-05,1.0,0.06,20.0,1.0,0.000246707037149256,0.0002467163890549357,0.0002467070372512918,1.0,0.08,40.0,1.0,0.00016435603919999207,0.0003587013177649704,0.00021665609333445846,1.0,0.08,6.0,1.0,0.0252151452820478,0.04940460246380725,0.03282791634078827,1.0,0.12
04_external_impact_y12N_t0p25_p2l_v2:0068,04_external_impact_y12N_t0p25_p2l_v2,35.082999999999956,35.482999999999954,20.0,1.0,0.000649085730960916,0.000352632166298376,0.00223612422497704,1.0,0.06,20.0,1.0,0.001085088763365881,0.0004265482098061234,0.0034432311621934875,1.0,0.08,40.0,1.0,0.0008286402718267725,0.0006530985310266808,0.002863962419732849,1.0,0.08,6.0,1.0,0.015301460142948614,0.038107533488838885,0.024385775673044886,1.0,0.12
04_external_impact_y12N_t0p25_p2l_v2:0069,04_external_impact_y12N_t0p25_p2l_v2,35.28299999999995,35.68299999999995,20.0,1.0,0.011242444189441422,0.034603516822242435,0.019260824597409253,1.0,0.06,20.0,1.0,0.04008299750426394,0.11198128073138892,0.06673674080662209,0.85,0.08,40.0,1.0,0.027263017014413544,0.09470920754440053,0.046273571794871786,0.875,0.08,6.0,1.0,0.03146262669680853,0.06941372710498164,0.04323175235863238,1.0,0.12
04_external_impact_y12N_t0p25_p2l_v2:0070,04_external_impact_y12N_t0p25_p2l_v2,35.48299999999995,35.882999999999946,20.0,1.0,0.011110994697750742,0.034603516822242435,0.019144040493922473,1.0,0.06,20.0,1.0,0.051961766863331406,0.11198128073138892,0.0690794419710859,0.85,0.08,40.0,1.0,0.026745997224498518,0.09470920754440053,0.04618643747534246,0.875,0.08,6.0,1.0,0.03250374506032316,0.057024726737363834,0.04005858914629946,1.0,0.12
04_external_impact_y12N_t0p25_p2l_v2:0071,04_external_impact_y12N_t0p25_p2l_v2,35.68299999999995,36.08299999999995,20.0,1.0,0.0005832071825096874,0.0011258814616196351,0.0007343171478926959,1.0,0.06,20.0,1.0,0.02781811379466903,0.030773387004089346,0.02791261631341469,1.0,0.08,40.0,1.0,0.0004018192180358815,0.0007085853622201434,0.00047812050479805786,1.0,0.08,6.0,1.0,0.02102255178195904,0.026441247870783155,0.021478061084830826,1.0,0.12
04_external_impact_y12N_t0p25_p2l_v2:0072,04_external_impact_y12N_t0p25_p2l_v2,35.88299999999995,36.28299999999995,20.0,1.0,0.00012896960830835886,0.00024068622855426012,0.00017046157633820815,1.0,0.06,20.0,1.0,0.030371956519688863,0.030790625352149565,0.030382298477444912,1.0,0.08,40.0,1.0,0.00027317963203702804,0.000683733949352644,0.00037584921864630417,1.0,0.08,6.0,1.0,0.01716655029625988,0.023195817624986875,0.01800545844627245,1.0,0.12
04_external_impact_y12N_t0p25_p2l_v2:0073,04_external_impact_y12N_t0p25_p2l_v2,36.08299999999995,36.48299999999995,20.0,1.0,9.58391494217295e-05,9.735526060755117e-05,9.58458193863605e-05,1.0,0.06,20.0,1.0,0.030792029859692448,0.03079691563122139,0.030792030099719,1.0,0.08,40.0,1.0,0.00016679604003566189,0.0004730211013851293,0.00022985154864284594,1.0,0.08,6.0,1.0,0.014230350737229877,0.02195248648998073,0.0162370669601451,1.0,0.12
04_external_impact_y12N_t0p25_p2l_v2:0074,04_external_impact_y12N_t0p25_p2l_v2,36.282999999999944,36.68299999999994,20.0,1.0,9.790458559455622e-05,9.957948791913251e-05,9.79125894197602e-05,1.0,0.06,20.0,1.0,0.030797974073875856,0.030801771837908453,0.03079797422226608,1.0,0.08,40.0,1.0,0.0001567120891622295,0.0003792908473766899,0.00021368345886048479,1.0,0.08,6.0,1.0,0.016864295796364503,0.026289652543405442,0.019148940776383214,1.0,0.12
04_external_impact_y12N_t0p25_p2l_v2:0075,04_external_impact_y12N_t0p25_p2l_v2,36.48299999999995,36.882999999999946,20.0,1.0,0.00010017590841447932,0.00010200277165033356,0.0001001852488134223,1.0,0.06,20.0,1.0,0.030802479923470315,0.0308051742909982,0.030802480001391457,1.0,0.08,40.0,1.0,0.0001570282768374967,0.000333961362431956,0.00019814482039577294,1.0,0.08,6.0,1.0,0.01991145642672561,0.02618848237446396,0.020667967621543746,1.0,0.12
04_external_impact_y12N_t0p25_p2l_v2:0076,04_external_impact_y12N_t0p25_p2l_v2,36.68299999999995,37.08299999999995,20.0,1.0,0.00010636865013387425,0.00010381225513255987,0.0001144058573835577,1.0,0.06,20.0,1.0,0.030653677864359463,0.030806511970943317,0.03065671829929668,1.0,0.08,40.0,1.0,0.00025204768716788063,0.000417737431937243,0.0004117013925263951,1.0,0.08,6.0,1.0,0.021482767813365874,0.028977508140727165,0.02254834337100753,1.0,0.12
04_external_impact_y12N_t0p25_p2l_v2:0077,04_external_impact_y12N_t0p25_p2l_v2,36.882999999999946,37.282999999999944,20.0,1.0,0.0016705674250211313,0.004984474141890855,0.0026161304765482184,1.0,0.06,20.0,1.0,0.02282426108131589,0.030806511970943317,0.024812157212598107,1.0,0.08,40.0,1.0,0.0009397818005878689,0.0026359103242909417,0.0014177253582002421,1.0,0.08,6.0,1.0,0.026995684189807592,0.039293124171138616,0.02929132555836444,1.0,0.12
04_external_impact_y12N_t0p25_p2l_v2:0078,04_external_impact_y12N_t0p25_p2l_v2,37.08299999999994,37.48299999999994,20.0,1.0,0.004952647044739604,0.006922088476122287,0.005399105901435547,1.0,0.06,20.0,1.0,0.08048247456648226,0.22981457322024934,0.13507476930364434,0.7,0.08,40.0,1.0,0.052761482321533645,0.18365091415142995,0.0935440985106373,0.725,0.08,6.0,1.0,0.025941347573503113,0.039293124171138616,0.02835047777609056,1.0,0.12
04_external_impact_y12N_t0p25_p2l_v2:0079,04_external_impact_y12N_t0p25_p2l_v2,37.282999999999944,37.68299999999994,20.0,1.0,0.006578643705588921,0.006922088476122287,0.006583061617511491,1.0,0.06,20.0,1.0,0.07686992476539305,0.22981457322024934,0.13516561369347624,0.7,0.08,40.0,1.0,0.057465265711087565,0.18365091415142995,0.09525496651430254,0.7,0.08,6.0,1.0,0.02452090841247337,0.04143017529694713,0.02842937408692306,1.0,0.12
04_external_impact_y12N_t0p25_p2l_v2:0080,04_external_impact_y12N_t0p25_p2l_v2,37.48299999999995,37.882999999999946,20.0,1.0,0.006549830672050286,0.006618024452280369,0.006551404413187321,1.0,0.06,20.0,1.0,0.0042425508444062674,0.0037659763042139508,0.013227723475796767,1.0,0.08,40.0,1.0,0.0055365944520322325,0.010866729682608376,0.018024442378422705,0.975,0.08,6.0,1.0,0.027375497720504748,0.044470226784815076,0.03171098278772868,1.0,0.12
04_external_impact_y12N_t0p25_p2l_v2:0081,04_external_impact_y12N_t0p25_p2l_v2,37.68299999999994,38.08299999999994,20.0,1.0,0.006618060214442262,0.00661825746572704,0.006618060216874934,1.0,0.06,20.0,1.0,0.0005515643679183335,0.0005716062136646438,0.0005517712181783823,1.0,0.08,40.0,1.0,0.00015789760912460343,0.00025940199338894687,0.00018270553658806504,1.0,0.08,6.0,1.0,0.01765986710692188,0.03569053631575887,0.022361847736921257,1.0,0.12
04_external_impact_y12N_t0p25_p2l_v2:0082,04_external_impact_y12N_t0p25_p2l_v2,37.88299999999994,38.28299999999994,20.0,1.0,0.006618228052499539,0.006618272932596781,0.0066182280526478265,1.0,0.06,20.0,1.0,0.0005259302275475997,0.0005451278542596194,0.0005261288386990764,1.0,0.08,40.0,1.0,0.0001620579290821933,0.0002540934508677484,0.0001828747132542289,1.0,0.08,7.0,1.0,0.026363767913344067,0.052248230387810526,0.032469098449112166,1.0,0.12
04_external_impact_y12N_t0p25_p2l_v2:0083,04_external_impact_y12N_t0p25_p2l_v2,38.08299999999994,38.48299999999994,20.0,1.0,0.006618124811075344,0.006618272932596781,0.006618124812629219,1.0,0.06,20.0,1.0,0.0005014887381178945,0.0005197480848009528,0.0005016767206771976,1.0,0.08,40.0,1.0,0.00014119342790558793,0.00023389449152618207,0.00016508441463935686,1.0,0.08,7.0,1.0,0.025291205812870553,0.052248230387810526,0.032001877204082936,1.0,0.12
04_external_impact_y12N_t0p25_p2l_v2:0084,04_external_impact_y12N_t0p25_p2l_v2,38.282999999999944,38.68299999999994,20.0,1.0,0.006617751053609185,0.006618104571392727,0.0066177510602291045,1.0,0.06,20.0,1.0,0.0004783596177055788,0.0004955912627277737,0.0004785346690334053,1.0,0.08,40.0,1.0,0.00015440705257007136,0.00028338754498846155,0.0001894665991402827,1.0,0.08,6.0,1.0,0.0203358713343226,0.04057524942763376,0.027393773186676032,1.0,0.12
04_external_impact_y12N_t0p25_p2l_v2:0085,04_external_impact_y12N_t0p25_p2l_v2,38.48299999999994,38.88299999999994,20.0,1.0,0.006617108667434056,0.006617665755245092,0.006617108682680313,1.0,0.06,20.0,1.0,0.0004566561105191186,0.00047277569410267284,0.0004568161016864701,1.0,0.08,40.0,1.0,0.0001669911930609655,0.00030781374643209516,0.00019663457390119154,1.0,0.08,6.0,1.0,0.0278928201962733,0.04950663751557515,0.03265762641079717,1.0,0.12
04_external_impact_y12N_t0p25_p2l_v2:0086,04_external_impact_y12N_t0p25_p2l_v2,38.682999999999936,39.082999999999934,20.0,1.0,0.006616200853807995,0.0066169587418802,0.006616200881071994,1.0,0.06,20.0,1.0,0.00043648444289897114,0.00045141307942623274,0.0004366275189373148,1.0,0.08,40.0,1.0,0.00015085902582640253,0.000245923963361594,0.00017127117664559376,1.0,0.08,6.0,1.0,0.016261952544671516,0.030031422310480074,0.02024706106252819,1.0,0.12
04_external_impact_y12N_t0p25_p2l_v2:0087,04_external_impact_y12N_t0p25_p2l_v2,38.88299999999994,39.28299999999994,20.0,1.0,0.013856373317498106,0.03982091227202363,0.020431738985296693,1.0,0.06,20.0,1.0,0.013359317625609591,0.0460102374964483,0.03410904254941952,0.95,0.08,40.0,1.0,0.011684318549454857,0.04480901242403903,0.030747453480469304,0.95,0.08,6.0,1.0,0.01671086176992104,0.039740333222646605,0.02764191400332687,1.0,0.12
04_external_impact_y12N_t0p25_p2l_v2:0088,04_external_impact_y12N_t0p25_p2l_v2,39.08299999999994,39.48299999999994,20.0,1.0,0.01941396434561738,0.052318582813373336,0.029395016924649246,0.95,0.06,20.0,1.0,0.03694177798862496,0.12341820463847422,0.06488552128871297,0.8,0.08,40.0,1.0,0.030935391068234657,0.10235443080695371,0.052200490273738305,0.85,0.08,6.0,1.0,0.022832635869881643,0.04509671832306633,0.03111431628755066,1.0,0.12
05_wheel_block_left_f3N_tau0p08_t0p60_p2l_v2:0000,05_wheel_block_left_f3N_tau0p08_t0p60_p2l_v2,19.316,19.715999999999998,20.0,1.0,2.6474340497854854e-05,2.6474340498405802e-05,2.6474340497854854e-05,1.0,0.06,20.0,1.0,1.4558844387742023e-15,1.6000292121743437e-15,1.4598957976843685e-15,1.0,0.08,40.0,1.0,0.00017086478248275975,0.0003230593630992663,0.00020886591002307504,1.0,0.08,6.0,1.0,0.01726343496448544,0.04453361698098779,0.026504413757322442,1.0,0.12
05_wheel_block_left_f3N_tau0p08_t0p60_p2l_v2:0001,05_wheel_block_left_f3N_tau0p08_t0p60_p2l_v2,19.516,19.915999999999997,20.0,1.0,2.647434049762448e-05,2.6474340498405802e-05,2.647434049762448e-05,1.0,0.06,20.0,1.0,1.6640913198040228e-15,1.852208705353267e-15,1.6693965100722852e-15,1.0,0.08,40.0,1.0,0.00016434798413970028,0.000324634192177828,0.00020537558487098573,1.0,0.08,6.0,1.0,0.016879911375598532,0.035553000265263424,0.024196561163573105,1.0,0.12
05_wheel_block_left_f3N_tau0p08_t0p60_p2l_v2:0002,05_wheel_block_left_f3N_tau0p08_t0p60_p2l_v2,19.715999999999998,20.115999999999996,20.0,1.0,2.64743404974746e-05,2.6474340498405802e-05,2.64743404974746e-05,1.0,0.06,20.0,1.0,1.9115109137932708e-15,2.113425649703937e-15,1.917783900704789e-15,1.0,0.08,40.0,1.0,0.0001578419299645305,0.0003416702970120277,0.00020062100643475987,1.0,0.08,6.0,1.0,0.017849064469554848,0.025699256768904583,0.019408404833575248,1.0,0.12
05_wheel_block_left_f3N_tau0p08_t0p60_p2l_v2:0003,05_wheel_block_left_f3N_tau0p08_t0p60_p2l_v2,19.915999999999997,20.315999999999995,20.0,1.0,2.6474340498129635e-05,2.6474340498405802e-05,2.6474340498129635e-05,1.0,0.06,20.0,1.0,2.1939466382008862e-15,2.4304865800933033e-15,2.2007358523655145e-15,1.0,0.08,40.0,1.0,0.00017171077469342586,0.00034101500667526154,0.0002161964315964704,1.0,0.08,6.0,1.0,0.03200272199573363,0.05453260053878624,0.036618365794239736,1.0,0.12
05_wheel_block_left_f3N_tau0p08_t0p60_p2l_v2:0004,05_wheel_block_left_f3N_tau0p08_t0p60_p2l_v2,20.115999999999996,20.515999999999995,20.0,1.0,2.6474340498211513e-05,2.6474340498405802e-05,2.6474340498211513e-05,1.0,0.06,20.0,1.0,2.5223018822202988e-15,2.7978258534056323e-15,2.5306886178865667e-15,1.0,0.08,40.0,1.0,0.00014880029662394393,0.00030356291016776077,0.00019103930344692243,1.0,0.08,6.0,1.0,0.030601136082378882,0.05453260053878624,0.036126180296947336,1.0,0.12
05_wheel_block_left_f3N_tau0p08_t0p60_p2l_v2:0005,05_wheel_block_left_f3N_tau0p08_t0p60_p2l_v2,20.315999999999995,20.715999999999994,20.0,1.0,2.6474340497556482e-05,2.6474340498330863e-05,2.6474340497556482e-05,1.0,0.06,20.0,1.0,2.8948660970551676e-15,3.1953361758418233e-15,2.9035041986305497e-15,1.0,0.08,40.0,1.0,0.00014349288248080393,0.00030854460428497265,0.00018196969566700496,1.0,0.08,6.0,1.0,0.023168851547022102,0.03815500666509036,0.02622334886116997,1.0,0.12
05_wheel_block_left_f3N_tau0p08_t0p60_p2l_v2:0006,05_wheel_block_left_f3N_tau0p08_t0p60_p2l_v2,20.515999999999995,20.915999999999993,20.0,1.0,2.647434049775771e-05,2.6474340498405802e-05,2.647434049775771e-05,1.0,0.06,20.0,1.0,3.3163003655302335e-15,3.667901650484001e-15,3.3266664709913567e-15,1.0,0.08,40.0,1.0,0.00014373134619927717,0.00028832715841699193,0.00018075262662921513,1.0,0.08,6.0,1.0,0.01877236731963974,0.034376387818091325,0.02296613348634197,1.0,0.12
05_wheel_block_left_f3N_tau0p08_t0p60_p2l_v2:0007,05_wheel_block_left_f3N_tau0p08_t0p60_p2l_v2,20.715999999999994,21.115999999999993,20.0,1.0,2.647434049762587e-05,2.6474340498405802e-05,2.647434049762587e-05,1.0,0.06,20.0,1.0,3.802009380628302e-15,4.201647487644294e-15,3.8136239460914655e-15,1.0,0.08,40.0,1.0,0.00014888738210465315,0.00028700439578206087,0.0001872251057154739,1.0,0.08,6.0,1.0,0.011290903828178997,0.02259570032110135,0.014426274408418358,1.0,0.12
05_wheel_block_left_f3N_tau0p08_t0p60_p2l_v2:0008,05_wheel_block_left_f3N_tau0p08_t0p60_p2l_v2,20.915999999999993,21.315999999999992,20.0,1.0,2.6474340497560646e-05,2.6474340498330863e-05,2.6474340497560646e-05,1.0,0.06,20.0,1.0,4.362547227158544e-15,4.827184805930209e-15,4.376403625994391e-15,1.0,0.08,40.0,1.0,0.00016448225083354678,0.0003425745345856927,0.000200585331339505,1.0,0.08,6.0,1.0,0.02894891698308057,0.06113905079643368,0.03823131773185078,1.0,0.12
05_wheel_block_left_f3N_tau0p08_t0p60_p2l_v2:0009,05_wheel_block_left_f3N_tau0p08_t0p60_p2l_v2,21.115999999999993,21.51599999999999,20.0,1.0,2.6474340497649462e-05,2.6474340498330863e-05,2.6474340497649462e-05,1.0,0.06,20.0,1.0,5.006803789723065e-15,5.53734832894003e-15,5.022224090275887e-15,1.0,0.08,40.0,1.0,0.00014305334615603334,0.0002627586245874436,0.0001703885860117653,1.0,0.08,6.0,1.0,0.03145931674939036,0.06113905079643368,0.039490058064383715,1.0,0.12
05_wheel_block_left_f3N_tau0p08_t0p60_p2l_v2:0010,05_wheel_block_left_f3N_tau0p08_t0p60_p2l_v2,21.315999999999992,21.71599999999999,20.0,1.0,2.6474340497556482e-05,2.6474340498330863e-05,2.6474340497556482e-05,1.0,0.06,20.0,1.0,5.730227906529498e-15,6.317211106660716e-15,5.747135172129858e-15,1.0,0.08,40.0,1.0,0.00015060782444642102,0.00026583599273551084,0.00018089772953851227,1.0,0.08,7.0,1.0,0.01679667336087597,0.027374141432770702,0.019898208324266718,1.0,0.12
05_wheel_block_left_f3N_tau0p08_t0p60_p2l_v2:0011,05_wheel_block_left_f3N_tau0p08_t0p60_p2l_v2,21.51599999999999,21.91599999999999,20.0,1.0,2.6474340497761874e-05,2.6474340498405802e-05,2.6474340497761874e-05,1.0,0.06,20.0,1.0,6.562962154638837e-15,7.271086439460639e-15,6.583482572681153e-15,1.0,0.08,40.0,1.0,0.0001624534703938044,0.00033938343316727306,0.0002016372705655082,1.0,0.08,7.0,1.0,0.019303213607696885,0.028929213366477607,0.021473375643702445,1.0,0.12
05_wheel_block_left_f3N_tau0p08_t0p60_p2l_v2:0012,05_wheel_block_left_f3N_tau0p08_t0p60_p2l_v2,21.71599999999999,22.11599999999999,20.0,1.0,2.6474340497635585e-05,2.6474340498405802e-05,2.6474340497635585e-05,1.0,0.06,20.0,1.0,7.540556821047054e-15,8.357674905646561e-15,7.565046787466152e-15,1.0,0.08,40.0,1.0,0.00017511445645434058,0.000345462568817085,0.00022041235990000703,1.0,0.08,6.0,1.0,0.02504368708503126,0.04359623146068069,0.029830392082420307,1.0,0.12
05_wheel_block_left_f3N_tau0p08_t0p60_p2l_v2:0013,05_wheel_block_left_f3N_tau0p08_t0p60_p2l_v2,21.91599999999999,22.31599999999999,20.0,1.0,2.647434049757036e-05,2.6474340498330863e-05,2.647434049757036e-05,1.0,0.06,20.0,1.0,8.65876290450599e-15,9.577122493025529e-15,8.685683094804128e-15,1.0,0.08,40.0,1.0,0.00016667641626413394,0.00033246075656483576,0.00020886662669730133,1.0,0.08,6.0,1.0,0.021991937399581194,0.0512451010420016,0.030641850626689067,1.0,0.12
05_wheel_block_left_f3N_tau0p08_t0p60_p2l_v2:0014,05_wheel_block_left_f3N_tau0p08_t0p60_p2l_v2,22.11599999999999,22.515999999999988,20.0,1.0,2.6474340497652237e-05,2.6474340498330863e-05,2.647434049765224e-05,1.0,0.06,20.0,1.0,9.938372983085916e-15,1.1015808435107954e-14,9.970077985860688e-15,1.0,0.08,40.0,1.0,0.00014414911029234805,0.0002924972738366158,0.00018037324660710987,1.0,0.08,6.0,1.0,0.02015480036776511,0.047613106184505705,0.028411164397608334,1.0,0.12
05_wheel_block_left_f3N_tau0p08_t0p60_p2l_v2:0015,05_wheel_block_left_f3N_tau0p08_t0p60_p2l_v2,22.31599999999999,22.715999999999987,20.0,1.0,2.6474340497556482e-05,2.6474340498330863e-05,2.6474340497556482e-05,1.0,0.06,20.0,1.0,1.1401840925194656e-14,1.2605661641329094e-14,1.1437074327033128e-14,1.0,0.08,40.0,1.0,0.00015587832248871344,0.0002910347455403151,0.00018929889757848676,1.0,0.08,6.0,1.0,0.019256544566888686,0.040386174522673554,0.0251782273589236,1.0,0.12
05_wheel_block_left_f3N_tau0p08_t0p60_p2l_v2:0016,05_wheel_block_left_f3N_tau0p08_t0p60_p2l_v2,22.515999999999988,22.915999999999986,20.0,1.0,0.00015520605390745567,2.6474340498405802e-05,0.0005834535879305183,1.0,0.06,20.0,1.0,1.3092556425719457e-14,1.4467177209894834e-14,1.3136081642291041e-14,1.0,0.08,40.0,1.0,0.00017357279719370616,0.0002963107496996233,0.00020045743874771437,1.0,0.08,6.0,1.0,0.02301726989931566,0.048326451551968755,0.030742236107804088,1.0,0.12
05_wheel_block_left_f3N_tau0p08_t0p60_p2l_v2:0017,05_wheel_block_left_f3N_tau0p08_t0p60_p2l_v2,22.715999999999987,23.115999999999985,20.0,1.0,0.009743741891116056,0.03129394822993737,0.016693485680075143,1.0,0.06,20.0,1.0,1.738828874747475e-14,2.3669828642865655e-14,1.7841444520964378e-14,1.0,0.08,40.0,1.0,0.00018121944740983757,0.0003504732677338183,0.00022048343857172434,1.0,0.08,6.0,1.0,0.027025058754063355,0.05031154908137497,0.03421810182226064,1.0,0.12
05_wheel_block_left_f3N_tau0p08_t0p60_p2l_v2:0018,05_wheel_block_left_f3N_tau0p08_t0p60_p2l_v2,22.915999999999986,23.315999999999985,20.0,1.0,0.009620302177018125,0.03129394822993737,0.016683317510831183,1.0,0.06,20.0,1.0,2.4120791077765733e-14,2.883614666469615e-14,2.4465236633702115e-14,1.0,0.08,40.0,1.0,0.00018166243584705338,0.0003630779290945157,0.00022613094509573226,1.0,0.08,6.0,1.0,0.02019659876012192,0.03595180970867595,0.024653095334442453,1.0,0.12
05_wheel_block_left_f3N_tau0p08_t0p60_p2l_v2:0019,05_wheel_block_left_f3N_tau0p08_t0p60_p2l_v2,23.115999999999985,23.515999999999984,20.0,1.0,3.705833964689209e-05,3.7058340323753435e-05,3.7058339646892097e-05,1.0,0.06,20.0,1.0,3.0383033160417354e-14,3.4948607552193524e-14,3.056845764855362e-14,1.0,0.08,40.0,1.0,0.00015299055848366655,0.00035075284162904794,0.00019214299293546813,1.0,0.08,6.0,1.0,0.014936199567132416,0.025226922167630395,0.017967268671020047,1.0,0.12
05_wheel_block_left_f3N_tau0p08_t0p60_p2l_v2:0020,05_wheel_block_left_f3N_tau0p08_t0p60_p2l_v2,23.315999999999985,23.715999999999983,20.0,1.0,3.705834028432664e-05,3.705834039690603e-05,3.705834028432664e-05,1.0,0.06,20.0,1.0,3.6820761625810516e-14,4.235774167954042e-14,3.7045813838073905e-14,1.0,0.08,40.0,1.0,0.00013080787928786402,0.00028352820596809676,0.00017021154736927558,1.0,0.08,6.0,1.0,0.02007844711322983,0.03283590521922872,0.023003813309995735,1.0,0.12
05_wheel_block_left_f3N_tau0p08_t0p60_p2l_v2:0021,05_wheel_block_left_f3N_tau0p08_t0p60_p2l_v2,23.515999999999984,23.915999999999983,20.0,1.0,3.705834039654243e-05,3.705834039735567e-05,3.705834039654243e-05,1.0,0.06,20.0,1.0,4.4612452354691495e-14,5.130222958745161e-14,4.488393293889205e-14,1.0,0.08,40.0,1.0,0.0001213561134337291,0.00026164644597117674,0.00016328771430195967,1.0,0.08,6.0,1.0,0.0210576785579335,0.038075579451254477,0.025104370949551813,1.0,0.12
05_wheel_block_left_f3N_tau0p08_t0p60_p2l_v2:0022,05_wheel_block_left_f3N_tau0p08_t0p60_p2l_v2,23.715999999999983,24.115999999999982,20.0,1.0,3.705834039637035e-05,3.705834039735567e-05,3.705834039637034e-05,1.0,0.06,20.0,1.0,5.405745071012403e-14,6.218443353227708e-14,5.4387842071171927e-14,1.0,0.08,40.0,1.0,0.0001242220176645217,0.00026628912310555733,0.0001724830532288155,1.0,0.08,6.0,1.0,0.020962812968647503,0.03563223981195865,0.02445364011070364,1.0,0.12
05_wheel_block_left_f3N_tau0p08_t0p60_p2l_v2:0023,05_wheel_block_left_f3N_tau0p08_t0p60_p2l_v2,23.915999999999983,24.31599999999998,20.0,1.0,3.705834039628708e-05,3.705834039735567e-05,3.705834039628708e-05,1.0,0.06,20.0,1.0,6.552526354559657e-14,7.538903018917668e-14,6.592669779971371e-14,1.0,0.08,40.0,1.0,0.00012585858865320028,0.00032291630516278526,0.00017359731870196358,1.0,0.08,6.0,1.0,0.022121427137856503,0.030511056799645664,0.024110889350557878,1.0,0.12
05_wheel_block_left_f3N_tau0p08_t0p60_p2l_v2:0024,05_wheel_block_left_f3N_tau0p08_t0p60_p2l_v2,24.115999999999982,24.51599999999998,20.0,1.0,3.705834039640088e-05,3.705834039735567e-05,3.705834039640088e-05,1.0,0.06,20.0,1.0,7.942621385887706e-14,9.135661115010069e-14,7.991183006227478e-14,1.0,0.08,40.0,1.0,0.0001329402820893733,0.00032291630516278526,0.0001743065379920071,1.0,0.08,6.0,1.0,0.02409000351531525,0.0357425080623473,0.02698206276040253,1.0,0.12
05_wheel_block_left_f3N_tau0p08_t0p60_p2l_v2:0025,05_wheel_block_left_f3N_tau0p08_t0p60_p2l_v2,24.31599999999998,24.71599999999998,20.0,1.0,3.7058340396259326e-05,3.705834039735567e-05,3.7058340396259326e-05,1.0,0.06,20.0,1.0,9.62555176110004e-14,1.1070789466856652e-13,9.684250302271645e-14,1.0,0.08,40.0,1.0,0.0001667916673034992,0.00032642363163953283,0.00020397935461068288,1.0,0.08,6.0,1.0,0.02376482650034493,0.03569846762725776,0.025842562586477515,1.0,0.12
05_wheel_block_left_f3N_tau0p08_t0p60_p2l_v2:0026,05_wheel_block_left_f3N_tau0p08_t0p60_p2l_v2,24.51599999999998,24.91599999999998,20.0,1.0,3.70583403966146e-05,3.705834039735567e-05,3.705834039661459e-05,1.0,0.06,20.0,1.0,1.1665108349425592e-13,1.3418920077295434e-13,1.1736413329696072e-13,1.0,0.08,40.0,1.0,0.0001657771374686332,0.0003424409207646288,0.00020365369903951728,1.0,0.08,6.0,1.0,0.022699378924893876,0.038936856931716446,0.027563357913259832,1.0,0.12
05_wheel_block_left_f3N_tau0p08_t0p60_p2l_v2:0027,05_wheel_block_left_f3N_tau0p08_t0p60_p2l_v2,24.71599999999998,25.11599999999998,20.0,1.0,0.01341795942467417,0.04284327275460357,0.02328205333114013,1.0,0.06,20.0,1.0,0.025630442335891068,0.07381582509787615,0.04495389906266548,0.9,0.08,40.0,1.0,0.018547587195739557,0.05641393262148408,0.031389507786964546,0.975,0.08,6.0,1.0,0.02962164033126197,0.056118834121124034,0.03569083039998356,1.0,0.12
05_wheel_block_left_f3N_tau0p08_t0p60_p2l_v2:0028,05_wheel_block_left_f3N_tau0p08_t0p60_p2l_v2,24.91599999999998,25.315999999999978,20.0,1.0,0.014049471445490128,0.04284327275460357,0.023311278064752965,1.0,0.06,20.0,1.0,0.03184197907421987,0.07381582509787615,0.045933903976478195,0.9,0.08,40.0,1.0,0.0200571372640061,0.05641393262148408,0.031519745217157884,0.975,0.08,6.0,1.0,0.03471800509302562,0.05417970506330966,0.03875747229874964,1.0,0.12
05_wheel_block_left_f3N_tau0p08_t0p60_p2l_v2:0029,05_wheel_block_left_f3N_tau0p08_t0p60_p2l_v2,25.11599999999998,25.515999999999977,20.0,1.0,0.0027048267640808047,0.004253977949697179,0.003135034515502713,1.0,0.06,20.0,1.0,0.006426396272119399,0.016683040170062058,0.009450536803114104,1.0,0.08,40.0,1.0,0.0017499774568944608,0.005560496010127262,0.002896718871774012,1.0,0.08,6.0,1.0,0.045874208847744125,0.07917557834739897,0.0546187958185413,1.0,0.12
05_wheel_block_left_f3N_tau0p08_t0p60_p2l_v2:0030,05_wheel_block_left_f3N_tau0p08_t0p60_p2l_v2,25.315999999999978,25.715999999999976,20.0,1.0,0.0042984713995598235,0.004568965559509841,0.004305623957821373,1.0,0.06,20.0,1.0,0.00045342974685111945,0.0006283666537134109,0.0006002335789316005,1.0,0.08,40.0,1.0,0.00023897834053504958,0.00039947866139833095,0.00044433853682821145,1.0,0.08,6.0,1.0,0.03696616874307531,0.07917557834739897,0.0492422980406743,1.0,0.12
05_wheel_block_left_f3N_tau0p08_t0p60_p2l_v2:0031,05_wheel_block_left_f3N_tau0p08_t0p60_p2l_v2,25.515999999999977,25.915999999999976,20.0,1.0,0.004229219558028531,0.004662197168151758,0.004278136235388765,1.0,0.06,20.0,1.0,0.0014110125405790083,0.00400345366083989,0.002517848023891994,1.0,0.08,40.0,1.0,0.0006405870086569024,0.0019843631741827466,0.0011199810947294924,1.0,0.08,6.0,1.0,0.026434026907347436,0.049578390681632736,0.03232794630482759,1.0,0.12
05_wheel_block_left_f3N_tau0p08_t0p60_p2l_v2:0032,05_wheel_block_left_f3N_tau0p08_t0p60_p2l_v2,25.715999999999976,26.115999999999975,20.0,1.0,0.002422264753723144,0.004662197168151758,0.002954988092657633,1.0,0.06,20.0,1.0,0.04274150227700637,0.15545648110758065,0.0776531186470135,0.8,0.08,40.0,1.0,0.03023902470361578,0.12993646599517658,0.059527072867094515,0.825,0.08,6.0,1.0,0.03404854294872562,0.060431433612005356,0.03899113553972659,1.0,0.12
05_wheel_block_left_f3N_tau0p08_t0p60_p2l_v2:0033,05_wheel_block_left_f3N_tau0p08_t0p60_p2l_v2,25.915999999999976,26.315999999999974,20.0,1.0,0.002137572937910079,0.003883939589887231,0.0025413779063978878,1.0,0.06,20.0,1.0,0.050839473832737944,0.15545648110758065,0.08193906085287953,0.75,0.08,40.0,1.0,0.037132146281802635,0.12993646599517658,0.06318546012217582,0.8,0.08,6.0,1.0,0.029280774599348344,0.05126099416098849,0.033723019646207955,1.0,0.12
05_wheel_block_left_f3N_tau0p08_t0p60_p2l_v2:0034,05_wheel_block_left_f3N_tau0p08_t0p60_p2l_v2,26.115999999999975,26.515999999999973,20.0,1.0,0.0036424445982740942,0.003883939589887231,0.003673747146972018,1.0,0.06,20.0,1.0,0.009285631070610246,0.025771805557335964,0.026272129042258015,0.95,0.08,40.0,1.0,0.007558578289656429,0.024128802666093657,0.021217822646255984,0.975,0.08,6.0,1.0,0.028629372319405325,0.06313840558509395,0.0392662390886367,1.0,0.12
05_wheel_block_left_f3N_tau0p08_t0p60_p2l_v2:0035,05_wheel_block_left_f3N_tau0p08_t0p60_p2l_v2,26.315999999999974,26.715999999999973,20.0,1.0,0.003882510980349453,0.00388355300151004,0.0038825110629643013,1.0,0.06,20.0,1.0,2.1778295745583653e-05,3.5016646791391494e-05,2.3957280785851765e-05,1.0,0.08,40.0,1.0,0.00015329222736854068,0.0003517362063397256,0.00019655624814746234,1.0,0.08,6.0,1.0,0.031212471525111942,0.07105457553718733,0.042719936622476175,1.0,0.12
05_wheel_block_left_f3N_tau0p08_t0p60_p2l_v2:0036,05_wheel_block_left_f3N_tau0p08_t0p60_p2l_v2,26.515999999999973,26.915999999999972,20.0,1.0,0.0038810683761503206,0.0038821925701406994,0.0038810684721002926,1.0,0.06,20.0,1.0,8.978146213320381e-06,1.7532062150771303e-05,1.0728047005460869e-05,1.0,0.08,40.0,1.0,0.00014791778455175916,0.00031216043013315156,0.00018975123790837417,1.0,0.08,6.0,1.0,0.026187008708107626,0.047270825351377,0.03165442808748081,1.0,0.12
05_wheel_block_left_f3N_tau0p08_t0p60_p2l_v2:0037,05_wheel_block_left_f3N_tau0p08_t0p60_p2l_v2,26.715999999999973,27.11599999999997,20.0,1.0,0.0073166242116728,0.011832603808489172,0.012209192882463466,1.0,0.06,20.0,1.0,0.0016306190340269117,0.0014876587743160937,0.005593552927259584,1.0,0.08,40.0,1.0,0.002326992949694616,0.004337226709323874,0.0072667829071316175,1.0,0.08,6.0,1.0,0.03660304312327402,0.07367460689673516,0.04938627329740812,1.0,0.12
05_wheel_block_left_f3N_tau0p08_t0p60_p2l_v2:0038,05_wheel_block_left_f3N_tau0p08_t0p60_p2l_v2,26.915999999999972,27.31599999999997,20.0,1.0,0.024857898748728267,0.07257064983581019,0.04006559479844148,0.8,0.06,20.0,1.0,0.026153381118958607,0.09107319041119075,0.04749687415703703,0.85,0.08,40.0,1.0,0.01998681907665384,0.06906503630368975,0.03367264306488395,0.975,0.08,6.0,1.0,0.034426175387670656,0.07783431213592555,0.050671527525711496,1.0,0.12
05_wheel_block_left_f3N_tau0p08_t0p60_p2l_v2:0039,05_wheel_block_left_f3N_tau0p08_t0p60_p2l_v2,27.11599999999997,27.51599999999997,20.0,1.0,0.019481434615618083,0.07257064983581019,0.038258540720602544,0.8,0.06,20.0,1.0,0.0245251791228433,0.09107319041119075,0.04716635705078584,0.85,0.08,40.0,1.0,0.01783050273145494,0.06906503630368975,0.032879883406370713,0.975,0.08,6.0,1.0,0.019031772222088923,0.04406797061054024,0.026692961881510473,1.0,0.12
05_wheel_block_left_f3N_tau0p08_t0p60_p2l_v2:0040,05_wheel_block_left_f3N_tau0p08_t0p60_p2l_v2,27.31599999999997,27.71599999999997,20.0,1.0,2.2503160157749262e-13,5.831566089135271e-13,3.38835394343681e-13,1.0,0.06,20.0,1.0,2.0421204184732526e-14,5.94520487133416e-14,3.8102427871452485e-14,1.0,0.08,40.0,1.0,0.00014773519316736014,0.0002553055724020187,0.00018032131646754813,1.0,0.08,6.0,1.0,0.02122699992831625,0.036484268393122986,0.024556101360560304,1.0,0.12
05_wheel_block_left_f3N_tau0p08_t0p60_p2l_v2:0041,05_wheel_block_left_f3N_tau0p08_t0p60_p2l_v2,27.51599999999997,27.91599999999997,20.0,1.0,0.002958525800985045,0.0054421181554601345,0.009393183626467527,1.0,0.06,20.0,1.0,0.00012062679190765655,0.00024699840947840394,0.00037091676584366577,1.0,0.08,40.0,1.0,0.000305870411173283,0.0007480833734580232,0.0004897298039256926,1.0,0.08,6.0,1.0,0.015596665717671812,0.0302075275531285,0.01938590006230055,1.0,0.12
05_wheel_block_left_f3N_tau0p08_t0p60_p2l_v2:0042,05_wheel_block_left_f3N_tau0p08_t0p60_p2l_v2,27.71599999999997,28.115999999999968,20.0,1.0,0.03251683109844204,0.10509210048583219,0.05600968258401152,0.75,0.06,20.0,1.0,0.0010486368193914667,0.0026092618572644364,0.0014924836898270902,1.0,0.08,40.0,1.0,0.0014808927783627936,0.0024605973625415967,0.0027087426906617896,1.0,0.08,6.0,1.0,0.03770464866191179,0.0922761649345134,0.05510091525682437,1.0,0.12
05_wheel_block_left_f3N_tau0p08_t0p60_p2l_v2:0043,05_wheel_block_left_f3N_tau0p08_t0p60_p2l_v2,27.91599999999997,28.315999999999967,20.0,1.0,0.0295744096981748,0.10509210048583219,0.05521642113741735,0.75,0.06,20.0,1.0,0.0010502862125035836,0.0026092618572644364,0.0014559640270514318,1.0,0.08,40.0,1.0,0.001337516595520913,0.0024605973625415967,0.0026704932205427944,1.0,0.08,7.0,1.0,0.04667529756183563,0.08887944503316711,0.05673709096396878,1.0,0.12
05_wheel_block_left_f3N_tau0p08_t0p60_p2l_v2:0044,05_wheel_block_left_f3N_tau0p08_t0p60_p2l_v2,28.115999999999968,28.515999999999966,20.0,1.0,3.2209292949872405e-05,3.22101407339237e-05,3.22092929549588e-05,1.0,0.06,20.0,1.0,0.00024454622908371445,0.0002445555585690973,0.00024454622918624545,1.0,0.08,40.0,1.0,0.00017130024104666553,0.0003304206857422867,0.0002089318581113605,1.0,0.08,7.0,1.0,0.037719150669847226,0.06867276171477983,0.04608752089337656,1.0,0.12
05_wheel_block_left_f3N_tau0p08_t0p60_p2l_v2:0045,05_wheel_block_left_f3N_tau0p08_t0p60_p2l_v2,28.315999999999967,28.715999999999966,20.0,1.0,3.2210513507272e-05,3.221163507701741e-05,3.221051351818741e-05,1.0,0.06,20.0,1.0,0.000244533938920704,0.00024454328509254073,0.00024453393902353174,1.0,0.08,40.0,1.0,0.00016491573359048427,0.0002980462832323348,0.0002128366198478161,1.0,0.08,6.0,1.0,0.040219012126211304,0.07411960970468469,0.04889205756670969,1.0,0.12
05_wheel_block_left_f3N_tau0p08_t0p60_p2l_v2:0046,05_wheel_block_left_f3N_tau0p08_t0p60_p2l_v2,28.515999999999966,28.915999999999965,20.0,1.0,3.221200329797114e-05,3.2213161469663024e-05,3.221200330991094e-05,1.0,0.06,20.0,1.0,0.0002445216394122205,0.00024453098778808084,0.000244521639515092,1.0,0.08,40.0,1.0,0.00015400958045954635,0.00025585448874061956,0.00020002697953807466,1.0,0.08,6.0,1.0,0.03230896523477132,0.06831147048821225,0.04340507182984922,1.0,0.12
05_wheel_block_left_f3N_tau0p08_t0p60_p2l_v2:0047,05_wheel_block_left_f3N_tau0p08_t0p60_p2l_v2,28.715999999999966,29.115999999999964,20.0,1.0,3.221352904524966e-05,3.2214692023863066e-05,3.2213529057328564e-05,1.0,0.06,20.0,1.0,0.0002445093386807633,0.0002445186873296551,0.00024450933878364476,1.0,0.08,40.0,1.0,0.00014477147318125942,0.0002844900299191153,0.00018124030605973508,1.0,0.08,6.0,1.0,0.030156242416744142,0.06159657182591165,0.041176313268447104,1.0,0.12
05_wheel_block_left_f3N_tau0p08_t0p60_p2l_v2:0048,05_wheel_block_left_f3N_tau0p08_t0p60_p2l_v2,28.915999999999965,29.315999999999963,20.0,1.0,3.2215059473203464e-05,3.221622298757998e-05,3.2215059485298356e-05,1.0,0.06,20.0,1.0,0.0002444970378149842,0.0002445063864780339,0.000244497037917871,1.0,0.08,40.0,1.0,0.00013899572331447485,0.00023571225905943952,0.00017034369282367662,1.0,0.08,6.0,1.0,0.027349017301468343,0.036829534573256134,0.028650735281102784,1.0,0.12
05_wheel_block_left_f3N_tau0p08_t0p60_p2l_v2:0049,05_wheel_block_left_f3N_tau0p08_t0p60_p2l_v2,29.115999999999964,29.515999999999963,20.0,1.0,3.221659039064351e-05,3.221775387499126e-05,3.221659040273793e-05,1.0,0.06,20.0,1.0,0.00024448473696084624,0.00024449408560307443,0.00024448473706373773,1.0,0.08,40.0,1.0,0.00016952157812979152,0.0002981268384821464,0.0002032369239811965,1.0,0.08,6.0,1.0,0.02495627846562641,0.04374213061605371,0.03021983024463308,1.0,0.12
05_wheel_block_left_f3N_tau0p08_t0p60_p2l_v2:0050,05_wheel_block_left_f3N_tau0p08_t0p60_p2l_v2,29.315999999999963,29.715999999999962,20.0,1.0,3.221812124225565e-05,3.221928462218138e-05,3.221812125434744e-05,1.0,0.06,20.0,1.0,0.0002444724361380776,0.0002444817847547519,0.00024447243624097366,1.0,0.08,40.0,1.0,0.00019966120634673135,0.0003247184763581947,0.00021851500597763442,1.0,0.08,6.0,1.0,0.017550678796741496,0.04252539456745884,0.026535232562039147,1.0,0.12
05_wheel_block_left_f3N_tau0p08_t0p60_p2l_v2:0051,05_wheel_block_left_f3N_tau0p08_t0p60_p2l_v2,29.515999999999963,29.91599999999996,20.0,1.0,3.2219651955087136e-05,3.2220815220246336e-05,3.221965196717602e-05,1.0,0.06,20.0,1.0,0.0002444601353494012,0.0002444694839395593,0.00024446013545230183,1.0,0.08,40.0,1.0,0.00018357422772438003,0.0003377656637880502,0.0002110638104059191,1.0,0.08,6.0,1.0,0.015752738815255102,0.030804117924105284,0.01994610624798948,1.0,0.12
05_wheel_block_left_f3N_tau0p08_t0p60_p2l_v2:0052,05_wheel_block_left_f3N_tau0p08_t0p60_p2l_v2,29.715999999999962,30.11599999999996,20.0,1.0,3.222118251555162e-05,3.222234566170323e-05,3.2221182527637436e-05,1.0,0.06,20.0,1.0,0.00024444783459531957,0.00024445718315949355,0.0002444478346982248,1.0,0.08,40.0,1.0,0.00018188198924641916,0.00037513436375237664,0.00022220518309713652,1.0,0.08,6.0,1.0,0.02900834969094494,0.04500880037843835,0.03255497298750339,1.0,0.12
05_wheel_block_left_f3N_tau0p08_t0p60_p2l_v2:0053,05_wheel_block_left_f3N_tau0p08_t0p60_p2l_v2,29.91599999999996,30.31599999999996,20.0,1.0,3.2222712919527385e-05,3.222387594888354e-05,3.222271293161018e-05,1.0,0.06,20.0,1.0,0.0002444355338758946,0.00024444488241383663,0.00024443553397880446,1.0,0.08,40.0,1.0,0.0001650144323968472,0.00030705991688292065,0.00020449621718240032,1.0,0.08,6.0,1.0,0.035575525320316374,0.05154914084652365,0.03767389226509847,1.0,0.12
05_wheel_block_left_f3N_tau0p08_t0p60_p2l_v2:0054,05_wheel_block_left_f3N_tau0p08_t0p60_p2l_v2,30.11599999999996,30.51599999999996,20.0,1.0,3.222424308043648e-05,3.222540590450684e-05,3.222424309251417e-05,1.0,0.06,20.0,1.0,0.0002444232336467593,0.00024443258170268325,0.00024442323374966233,1.0,0.08,40.0,1.0,0.00016179484348406844,0.00031051955848945226,0.000214970529681895,1.0,0.08,6.0,1.0,0.03184364017347999,0.0498324750027645,0.03492660000703676,1.0,0.12
05_wheel_block_left_f3N_tau0p08_t0p60_p2l_v2:0055,05_wheel_block_left_f3N_tau0p08_t0p60_p2l_v2,30.31599999999996,30.71599999999996,20.0,1.0,3.2225773089461504e-05,3.2226935887552656e-05,3.222577310153836e-05,1.0,0.06,20.0,1.0,0.00024441093345266453,0.0002444202819376818,0.00024441093355558367,1.0,0.08,40.0,1.0,0.0001680431207126012,0.00036990668138130005,0.00022717764654927387,1.0,0.08,6.0,1.0,0.039185405879417344,0.061838927819356126,0.044114557248031455,1.0,0.12
05_wheel_block_left_f3N_tau0p08_t0p60_p2l_v2:0056,05_wheel_block_left_f3N_tau0p08_t0p60_p2l_v2,30.51599999999996,30.915999999999958,20.0,1.0,3.2227303032197895e-05,3.222846570685722e-05,3.222730304427166e-05,1.0,0.06,20.0,1.0,0.00024439863283813926,0.00024440798129608576,0.0002443986329410629,1.0,0.08,40.0,1.0,0.00016780111427761594,0.0003725157752123309,0.00021480927760013827,1.0,0.08,6.0,1.0,0.03311353417425201,0.061838927819356126,0.039979986214265524,1.0,0.12
05_wheel_block_left_f3N_tau0p08_t0p60_p2l_v2:0057,05_wheel_block_left_f3N_tau0p08_t0p60_p2l_v2,30.71599999999996,31.115999999999957,20.0,1.0,3.2228832820863085e-05,3.222999538462501e-05,3.222883283293392e-05,1.0,0.06,20.0,1.0,0.00024438633225848757,0.00024439568068988044,0.0002443863323614158,1.0,0.08,40.0,1.0,0.00018577437355786963,0.00036883983469087776,0.00022759171907465038,1.0,0.08,6.0,1.0,0.021168105941215692,0.03598897527896422,0.025096511179435597,1.0,0.12
05_wheel_block_left_f3N_tau0p08_t0p60_p2l_v2:0058,05_wheel_block_left_f3N_tau0p08_t0p60_p2l_v2,30.915999999999958,31.315999999999956,20.0,1.0,3.2230362456528436e-05,3.2231524900455665e-05,3.223036246859623e-05,1.0,0.06,20.0,1.0,0.0002443740317139688,0.00024438338011841676,0.00024437403181690165,1.0,0.08,40.0,1.0,0.0001664424583258937,0.0003638879798590748,0.0002155354012664687,1.0,0.08,6.0,1.0,0.02177462012854924,0.033624065831912464,0.02446035808512029,1.0,0.12
05_wheel_block_left_f3N_tau0p08_t0p60_p2l_v2:0059,05_wheel_block_left_f3N_tau0p08_t0p60_p2l_v2,31.115999999999957,31.515999999999956,20.0,1.0,3.223189193592435e-05,3.2233054264035886e-05,3.223189194798913e-05,1.0,0.06,20.0,1.0,0.00024436173120531257,0.0002443710795824834,0.0002443617313082501,1.0,0.08,40.0,1.0,0.0001583759607178792,0.0003650048332675103,0.0002150374311951919,1.0,0.08,6.0,1.0,0.019899936774503624,0.03678323125900848,0.024114618135158142,1.0,0.12
05_wheel_block_left_f3N_tau0p08_t0p60_p2l_v2:0060,05_wheel_block_left_f3N_tau0p08_t0p60_p2l_v2,31.315999999999956,31.715999999999955,20.0,1.0,6.428409383756051e-05,3.223458347164643e-05,0.00015378622982180684,1.0,0.06,20.0,1.0,0.00024688875856342454,0.00024436000913137903,0.0002471366329379489,1.0,0.08,40.0,1.0,0.0002526419154720553,0.0003920384749963363,0.0004736815848425439,1.0,0.08,6.0,1.0,0.018149477524663022,0.03352958892941185,0.022496937214733136,1.0,0.12
05_wheel_block_left_f3N_tau0p08_t0p60_p2l_v2:0061,05_wheel_block_left_f3N_tau0p08_t0p60_p2l_v2,31.515999999999956,31.915999999999954,20.0,1.0,0.012291651109939636,0.04035533811649141,0.021199696028605237,1.0,0.06,20.0,1.0,0.04294951009893181,0.1382831900999878,0.073752808192721,0.75,0.08,40.0,1.0,0.027918595253630142,0.08924738628093645,0.047632399851770896,0.85,0.08,6.0,1.0,0.024758165137487378,0.04769859497981005,0.03313013026562689,1.0,0.12
05_wheel_block_left_f3N_tau0p08_t0p60_p2l_v2:0062,05_wheel_block_left_f3N_tau0p08_t0p60_p2l_v2,31.715999999999955,32.11599999999996,20.0,1.0,0.012947837462381257,0.04035533811649141,0.021223319962697832,1.0,0.06,20.0,1.0,0.054723284397640716,0.1382831900999878,0.07565256638986267,0.75,0.08,40.0,1.0,0.028009310653200968,0.08924738628093645,0.04763229586059331,0.85,0.08,6.0,1.0,0.02428740123836301,0.04787520634709601,0.03309191693810137,1.0,0.12
05_wheel_block_left_f3N_tau0p08_t0p60_p2l_v2:0063,05_wheel_block_left_f3N_tau0p08_t0p60_p2l_v2,31.915999999999954,32.31599999999995,20.0,1.0,0.0010490584968199505,0.0015858569599166235,0.0011738760290168108,1.0,0.06,20.0,1.0,0.025469103940195414,0.02931878676650544,0.02558662290937768,1.0,0.08,40.0,1.0,0.0005309806801637063,0.0009208375644020496,0.0006234294834809751,1.0,0.08,6.0,1.0,0.017360509248947147,0.0349938218940614,0.022537648692877676,1.0,0.12
05_wheel_block_left_f3N_tau0p08_t0p60_p2l_v2:0064,05_wheel_block_left_f3N_tau0p08_t0p60_p2l_v2,32.11599999999996,32.515999999999956,20.0,1.0,0.0003891185076699458,0.0011566714324850154,0.0005972361040546535,1.0,0.06,20.0,1.0,0.0289510480388413,0.030788471575946115,0.029050423970260326,1.0,0.08,40.0,1.0,0.0003418283296541411,0.0008808413228750368,0.0004653831894681295,1.0,0.08,6.0,1.0,0.022370036574633448,0.04422823537258652,0.028232965111759094,1.0,0.12
05_wheel_block_left_f3N_tau0p08_t0p60_p2l_v2:0065,05_wheel_block_left_f3N_tau0p08_t0p60_p2l_v2,32.31599999999995,32.71599999999995,20.0,1.0,9.251975414656526e-05,9.67307651158128e-05,9.307935704744174e-05,1.0,0.06,20.0,1.0,0.030777188495233483,0.030795185594272467,0.030777224578819033,1.0,0.08,40.0,1.0,0.00013338224862137482,0.0003453313116927981,0.00017409168859041236,1.0,0.08,6.0,1.0,0.021130892228528552,0.03463178783497951,0.024880678117018953,1.0,0.12
05_wheel_block_left_f3N_tau0p08_t0p60_p2l_v2:0066,05_wheel_block_left_f3N_tau0p08_t0p60_p2l_v2,32.51599999999995,32.91599999999995,20.0,1.0,9.726557752111758e-05,9.889372890058146e-05,9.727318110075466e-05,1.0,0.06,20.0,1.0,0.030796347937772205,0.030800472554920015,0.030796348111381124,1.0,0.08,40.0,1.0,0.00014612408698023993,0.0002782733861899367,0.00017850233735615948,1.0,0.08,6.0,1.0,0.02196068702782839,0.030126948478666912,0.023551978303621005,1.0,0.12
05_wheel_block_left_f3N_tau0p08_t0p60_p2l_v2:0067,05_wheel_block_left_f3N_tau0p08_t0p60_p2l_v2,32.71599999999995,33.11599999999995,20.0,1.0,9.947632537450624e-05,0.00010125854201083195,9.948526809033213e-05,1.0,0.06,20.0,1.0,0.030801285675958932,0.03080431103194366,0.030801285772642212,1.0,0.08,40.0,1.0,0.00015912105006247456,0.0002881017119316709,0.00018871946101866707,1.0,0.08,6.0,1.0,0.017793035736218585,0.030126948478666912,0.02056922097624893,1.0,0.12
05_wheel_block_left_f3N_tau0p08_t0p60_p2l_v2:0068,05_wheel_block_left_f3N_tau0p08_t0p60_p2l_v2,32.915999999999954,33.31599999999995,20.0,1.0,0.00010140371485204552,0.00010355151058450973,0.00010142426787732661,1.0,0.06,20.0,1.0,0.03080229316671294,0.030806514215346237,0.030802294926053696,1.0,0.08,40.0,1.0,0.00013474455806039982,0.0002881017119316709,0.00016540042189464827,1.0,0.08,6.0,1.0,0.009827977149318629,0.01570145424036877,0.011070523195720487,1.0,0.12
05_wheel_block_left_f3N_tau0p08_t0p60_p2l_v2:0069,05_wheel_block_left_f3N_tau0p08_t0p60_p2l_v2,33.11599999999995,33.51599999999995,20.0,1.0,0.0008742972378272262,0.0029360277831642087,0.0015536553508109033,1.0,0.06,20.0,1.0,0.026706232665457928,0.030806514215346237,0.027448558652525427,1.0,0.08,40.0,1.0,0.0006883815290424685,0.0020666133166064426,0.0011437646025565392,1.0,0.08,6.0,1.0,0.022204737840371167,0.039022822257077,0.02618235617051345,1.0,0.12
05_wheel_block_left_f3N_tau0p08_t0p60_p2l_v2:0070,05_wheel_block_left_f3N_tau0p08_t0p60_p2l_v2,33.315999999999946,33.715999999999944,20.0,1.0,0.003957165594792558,0.006605559979937742,0.004709507528108868,1.0,0.06,20.0,1.0,0.07885340618047385,0.20726759501852543,0.11667312868138983,0.7,0.08,40.0,1.0,0.0561309089780883,0.16962511651567697,0.0948037091926751,0.7,0.08,6.0,1.0,0.022807597149110657,0.039022822257077,0.0273016188142623,1.0,0.12
05_wheel_block_left_f3N_tau0p08_t0p60_p2l_v2:0071,05_wheel_block_left_f3N_tau0p08_t0p60_p2l_v2,33.51599999999995,33.91599999999995,20.0,1.0,0.006385473487560145,0.0066205531511315694,0.006397723521810859,1.0,0.06,20.0,1.0,0.06908298304386265,0.20726759501852543,0.11558431850743141,0.7,0.08,40.0,1.0,0.05670588945353379,0.16962511651567697,0.0948954912691113,0.7,0.08,6.0,1.0,0.01227621314177998,0.022828277184913467,0.014726546544341829,1.0,0.12
05_wheel_block_left_f3N_tau0p08_t0p60_p2l_v2:0072,05_wheel_block_left_f3N_tau0p08_t0p60_p2l_v2,33.71599999999995,34.11599999999995,20.0,1.0,0.006560558323439101,0.006618164811813473,0.006561975724444477,1.0,0.06,20.0,1.0,0.0018114787207343525,0.0009039278240853645,0.005131757487842215,1.0,0.08,40.0,1.0,0.0012722186525813126,0.0013736590386854946,0.004326848898330001,1.0,0.08,6.0,1.0,0.013817699082705465,0.021075030007659326,0.014811121550509631,1.0,0.12
05_wheel_block_left_f3N_tau0p08_t0p60_p2l_v2:0073,05_wheel_block_left_f3N_tau0p08_t0p60_p2l_v2,33.91599999999995,34.315999999999946,20.0,1.0,0.006618170720671003,0.006618273473707262,0.0066181707216003095,1.0,0.06,20.0,1.0,0.0005396823803629297,0.0005593494783071251,0.0005398857556075368,1.0,0.08,40.0,1.0,0.00015344056683537223,0.0002682095401161877,0.00017758183621159016,1.0,0.08,6.0,1.0,0.009091269719937206,0.017354793292959678,0.011236205647691904,1.0,0.12
05_wheel_block_left_f3N_tau0p08_t0p60_p2l_v2:0074,05_wheel_block_left_f3N_tau0p08_t0p60_p2l_v2,34.11599999999994,34.51599999999994,20.0,1.0,0.006618214403847846,0.006618273473707262,0.006618214404182092,1.0,0.06,20.0,1.0,0.0005145792937272409,0.0005333585399281638,0.0005147733295466731,1.0,0.08,40.0,1.0,0.00018215377715655734,0.0003187178736494045,0.00020832014409623002,1.0,0.08,6.0,1.0,0.007667145932690324,0.01718243893217948,0.012424861735374045,1.0,0.12
05_wheel_block_left_f3N_tau0p08_t0p60_p2l_v2:0075,05_wheel_block_left_f3N_tau0p08_t0p60_p2l_v2,34.315999999999946,34.715999999999944,20.0,1.0,0.006617987101110394,0.006618229489770219,0.006617987104534873,1.0,0.06,20.0,1.0,0.0004907244614148932,0.0005085238650462176,0.000490906798240301,1.0,0.08,40.0,1.0,0.00017431731057128695,0.00032832782901066616,0.00020911770720768769,1.0,0.08,6.0,1.0,0.015147806984915206,0.040485213766092494,0.024319191739517153,1.0,0.12
05_wheel_block_left_f3N_tau0p08_t0p60_p2l_v2:0076,05_wheel_block_left_f3N_tau0p08_t0p60_p2l_v2,34.51599999999995,34.91599999999995,20.0,1.0,0.00661748998335515,0.006617937027715795,0.006617489993493112,1.0,0.06,20.0,1.0,0.00046823470567004257,0.00048496711486643027,0.0004684031088028814,1.0,0.08,40.0,1.0,0.0001357071749884739,0.00032747763270467024,0.00017165824021399864,1.0,0.08,7.0,1.0,0.023051764909549518,0.047594865982763884,0.02975810166046387,1.0,0.12
05_wheel_block_left_f3N_tau0p08_t0p60_p2l_v2:0077,05_wheel_block_left_f3N_tau0p08_t0p60_p2l_v2,34.715999999999944,35.11599999999994,20.0,1.0,0.006616725541413479,0.006617375009702969,0.006616725561756204,1.0,0.06,20.0,1.0,0.00044722012181633297,0.0004628036351453757,0.00044737257466729414,1.0,0.08,40.0,1.0,0.00012307315933840214,0.0002407331282996639,0.00014852728524856457,1.0,0.08,7.0,1.0,0.025388203156983445,0.041122527013934235,0.02833431407083172,1.0,0.12
05_wheel_block_left_f3N_tau0p08_t0p60_p2l_v2:0078,05_wheel_block_left_f3N_tau0p08_t0p60_p2l_v2,34.91599999999994,35.31599999999994,20.0,1.0,0.006615697573291668,0.006616546244354049,0.006615697607131113,1.0,0.06,20.0,1.0,0.0004277836311036315,0.000442141913782379,0.0004279184381155025,1.0,0.08,40.0,1.0,0.00013622737255630652,0.0002477150838182285,0.0001696506384958364,1.0,0.08,6.0,1.0,0.02534397966013598,0.033569367620052526,0.026492291675330595,1.0,0.12
05_wheel_block_left_f3N_tau0p08_t0p60_p2l_v2:0079,05_wheel_block_left_f3N_tau0p08_t0p60_p2l_v2,35.11599999999994,35.51599999999994,20.0,1.0,0.023183274241757614,0.06561904943489998,0.03434077088832962,0.85,0.06,20.0,1.0,0.03767088552053341,0.12609830491291876,0.07307265632906407,0.8,0.08,40.0,1.0,0.028094198006443492,0.10095529318382196,0.051424013093888124,0.825,0.08,6.0,1.0,0.03788034491313467,0.07074540662616766,0.04575238071602745,1.0,0.12
05_wheel_block_left_f3N_tau0p08_t0p60_p2l_v2:0080,05_wheel_block_left_f3N_tau0p08_t0p60_p2l_v2,35.315999999999946,35.715999999999944,20.0,1.0,0.020641663586490007,0.06561904943489998,0.034132857466255814,0.85,0.06,20.0,1.0,0.040377669327625806,0.12609830491291876,0.07373881014041897,0.8,0.08,40.0,1.0,0.030451003655367098,0.10095529318382196,0.05210703603061818,0.825,0.08,6.0,1.0,0.035336956629521084,0.07074540662616766,0.04456812906630463,1.0,0.12
06_healthy_low_turns_p2l_v2:0000,06_healthy_low_turns_p2l_v2,15.953,16.352999999999998,20.0,1.0,0.00018916702988601777,1.271514039649646e-05,0.0007920569941590554,1.0,0.06,20.0,1.0,2.964894527948007e-16,3.0581959808473825e-16,2.9661984911403466e-16,1.0,0.08,40.0,1.0,0.0002039254397974415,0.00040557943647858276,0.0002525637093832818,1.0,0.08,6.0,1.0,0.017471212029659716,0.031222299479061223,0.02147174831583979,1.0,0.12
06_healthy_low_turns_p2l_v2:0001,06_healthy_low_turns_p2l_v2,16.153,16.552999999999997,20.0,1.0,1.2715140388537549e-05,1.2715140396331314e-05,1.2715140388537549e-05,1.0,0.06,20.0,1.0,3.1127281366341967e-16,3.2565202483429307e-16,3.1150184388552477e-16,1.0,0.08,40.0,1.0,0.000194088625177532,0.0003805126164967758,0.0002361395654991849,1.0,0.08,6.0,1.0,0.03043707870854524,0.05242368094286226,0.036177266359866386,1.0,0.12
06_healthy_low_turns_p2l_v2:0002,06_healthy_low_turns_p2l_v2,16.352999999999998,16.752999999999997,20.0,1.0,1.2715140385141655e-05,1.271514038539423e-05,1.2715140385141655e-05,1.0,0.06,20.0,1.0,3.313822284177181e-16,3.4652087251971817e-16,3.315818809454827e-16,1.0,0.08,40.0,1.0,0.00016787562096627073,0.000417430039315309,0.00021904468231108925,1.0,0.08,6.0,1.0,0.025138098529583635,0.05242368094286226,0.03196152807810497,1.0,0.12
06_healthy_low_turns_p2l_v2:0003,06_healthy_low_turns_p2l_v2,16.552999999999997,16.952999999999996,20.0,1.0,1.2715140385302637e-05,1.271514038539423e-05,1.2715140385302637e-05,1.0,0.06,20.0,1.0,3.520131590274201e-16,3.681069444591533e-16,3.522291758742131e-16,1.0,0.08,40.0,1.0,0.0001538193699180855,0.0003674669172300282,0.00020143776164729523,1.0,0.08,6.0,1.0,0.025821654728308437,0.05195398936896985,0.032234486619694615,1.0,0.12
06_healthy_low_turns_p2l_v2:0004,06_healthy_low_turns_p2l_v2,16.752999999999997,17.152999999999995,20.0,1.0,1.271514038721222e-05,1.2715140387552226e-05,1.271514038721222e-05,1.0,0.06,20.0,1.0,3.7395880065478057e-16,3.8929140145912003e-16,3.7417112472227123e-16,1.0,0.08,40.0,1.0,0.00014670915018469906,0.00029494145796220164,0.00018484375698619627,1.0,0.08,6.0,1.0,0.02649962014193365,0.05195398936896985,0.032380345822229394,1.0,0.12
06_healthy_low_turns_p2l_v2:0005,06_healthy_low_turns_p2l_v2,16.952999999999996,17.352999999999994,20.0,1.0,1.2715140398301267e-05,1.2715140407433545e-05,1.2715140398301267e-05,1.0,0.06,20.0,1.0,3.9902731736899553e-16,4.230920088703299e-16,3.993584342850975e-16,1.0,0.08,40.0,1.0,0.00015233481261314323,0.00032203429726788074,0.00019265501100736653,1.0,0.08,6.0,1.0,0.017108683381527906,0.025916621690522557,0.018443029269374682,1.0,0.12
06_healthy_low_turns_p2l_v2:0006,06_healthy_low_turns_p2l_v2,17.152999999999995,17.552999999999994,20.0,1.0,1.2715140407203174e-05,1.271514040759869e-05,1.2715140407203174e-05,1.0,0.06,20.0,1.0,4.215895044644599e-16,4.342040260139936e-16,4.217619369598539e-16,1.0,0.08,40.0,1.0,0.00017312217224939186,0.0003470087762223279,0.00021834003951699658,1.0,0.08,6.0,1.0,0.021661873463265438,0.03646008192618833,0.025356673621751452,1.0,0.12
06_healthy_low_turns_p2l_v2:0007,06_healthy_low_turns_p2l_v2,17.352999999999994,17.752999999999993,20.0,1.0,0.0005109516771360026,0.0001793461647001514,0.0018960091228505786,1.0,0.06,20.0,1.0,4.404664366275537e-16,4.678763633827346e-16,4.4080875724908586e-16,1.0,0.08,40.0,1.0,0.00020153371071260476,0.00039125118205608203,0.0002550002915034481,1.0,0.08,6.0,1.0,0.015164393864953054,0.030200542954833626,0.021006120200697524,1.0,0.12
06_healthy_low_turns_p2l_v2:0008,06_healthy_low_turns_p2l_v2,17.552999999999994,17.952999999999992,20.0,1.0,0.01232616357687356,0.04030867436112278,0.021501312860826016,1.0,0.06,20.0,1.0,2.8849558559517096e-16,4.678763633827346e-16,3.435666404162464e-16,1.0,0.08,40.0,1.0,0.00018469625671195522,0.00039391802325235766,0.00024112649389836343,1.0,0.08,6.0,1.0,0.016731116817859198,0.03603123534648974,0.02491618016403501,1.0,0.12
06_healthy_low_turns_p2l_v2:0009,06_healthy_low_turns_p2l_v2,17.752999999999993,18.15299999999999,20.0,1.0,0.011821569546479314,0.04030867436112278,0.021417555532380148,1.0,0.06,20.0,1.0,6.32392560896866e-17,2.4299673206104003e-16,1.2771023356177522e-16,1.0,0.08,40.0,1.0,0.0001683817547149387,0.00037874640193569464,0.00021768174115484646,1.0,0.08,7.0,1.0,0.016018271457746848,0.032563870106635445,0.023703300432901666,1.0,0.12
06_healthy_low_turns_p2l_v2:0010,06_healthy_low_turns_p2l_v2,17.952999999999992,18.35299999999999,20.0,1.0,7.653822272938167e-11,3.1792800210666404e-10,2.0815652427658484e-10,1.0,0.06,20.0,1.0,6.736301572443453e-20,2.798156037784219e-19,1.8320325084586012e-19,1.0,0.08,40.0,1.0,0.00015117589128949048,0.00031158036592921666,0.00019079671102307112,1.0,0.08,7.0,1.0,0.015360347753651854,0.03269674576409883,0.020732634349608182,1.0,0.12
06_healthy_low_turns_p2l_v2:0011,06_healthy_low_turns_p2l_v2,18.15299999999999,18.55299999999999,20.0,1.0,1.3222384490920355e-29,2.2410821171051338e-29,1.489940429204786e-29,1.0,0.06,20.0,1.0,0.0,0.0,0.0,1.0,0.08,40.0,1.0,0.00013451290357662714,0.0002605290514372402,0.00015978291130968274,1.0,0.08,6.0,1.0,0.02015276396718872,0.03750063711672187,0.02505912318478136,1.0,0.12
06_healthy_low_turns_p2l_v2:0012,06_healthy_low_turns_p2l_v2,18.35299999999999,18.75299999999999,20.0,1.0,1.4791141972893955e-29,2.2410821171051338e-29,1.6160672971495962e-29,1.0,0.06,20.0,1.0,0.0,0.0,0.0,1.0,0.08,40.0,1.0,0.00015028230503919769,0.0002819648822579009,0.00018287547320083037,1.0,0.08,6.0,1.0,0.017807346148663125,0.040444521860755644,0.0246086427177238,1.0,0.12
06_healthy_low_turns_p2l_v2:0013,06_healthy_low_turns_p2l_v2,18.55299999999999,18.95299999999999,20.0,1.0,1.5687574819735988e-29,2.2410821171051344e-29,1.6949456804889162e-29,1.0,0.06,20.0,1.0,0.0,0.0,0.0,1.0,0.08,40.0,1.0,0.00014461615087512424,0.00030653515601342845,0.00018077737849924979,1.0,0.08,6.0,1.0,0.0164326626045609,0.036553940993219854,0.02289775088387566,1.0,0.12
06_healthy_low_turns_p2l_v2:0014,06_healthy_low_turns_p2l_v2,18.75299999999999,19.152999999999988,20.0,1.0,1.4791141972893955e-29,2.2410821171051344e-29,1.6160672971495962e-29,1.0,0.06,20.0,1.0,0.0,0.0,0.0,1.0,0.08,40.0,1.0,0.0001553051668816288,0.00030794920774963186,0.0001947503377575874,1.0,0.08,6.0,1.0,0.01279380732260666,0.024236800727308654,0.015391372028599987,1.0,0.12
06_healthy_low_turns_p2l_v2:0015,06_healthy_low_turns_p2l_v2,18.95299999999999,19.352999999999987,20.0,1.0,1.3222384490920357e-29,2.2410821171051338e-29,1.489940429204786e-29,1.0,0.06,20.0,1.0,0.0,0.0,0.0,1.0,0.08,40.0,1.0,0.00015707964368737122,0.0003292724847457317,0.0002015168904513384,1.0,0.08,6.0,1.0,0.015614069907486447,0.030411635026714852,0.019499330196867365,1.0,0.12
06_healthy_low_turns_p2l_v2:0016,06_healthy_low_turns_p2l_v2,19.152999999999988,19.552999999999987,20.0,1.0,1.3222384490920355e-29,2.2410821171051338e-29,1.489940429204786e-29,1.0,0.06,20.0,1.0,0.0,0.0,0.0,1.0,0.08,40.0,1.0,0.00013070009935245398,0.0002711133852771527,0.00016647937086573735,1.0,0.08,6.0,1.0,0.016199793189691242,0.027271110862178587,0.018943516426292006,1.0,0.12
06_healthy_low_turns_p2l_v2:0017,06_healthy_low_turns_p2l_v2,19.352999999999987,19.752999999999986,20.0,1.0,1.4791141972893955e-29,2.2410821171051338e-29,1.6160672971495962e-29,1.0,0.06,20.0,1.0,0.0,0.0,0.0,1.0,0.08,40.0,1.0,0.00012165899533927273,0.00026644762217063256,0.00016469139057122078,1.0,0.08,6.0,1.0,0.03093234269904638,0.06543062065184763,0.03988207683294804,1.0,0.12
06_healthy_low_turns_p2l_v2:0018,06_healthy_low_turns_p2l_v2,19.552999999999987,19.952999999999985,20.0,1.0,1.5687574819735988e-29,2.2410821171051344e-29,1.6949456804889162e-29,1.0,0.06,20.0,1.0,0.0,0.0,0.0,1.0,0.08,40.0,1.0,0.000139284699140421,0.00032054106416642665,0.00018709206131496038,1.0,0.08,6.0,1.0,0.0308801858043512,0.06543062065184763,0.04018827045486485,1.0,0.12
06_healthy_low_turns_p2l_v2:0019,06_healthy_low_turns_p2l_v2,19.752999999999986,20.152999999999984,20.0,1.0,1.4791141972893955e-29,2.2410821171051344e-29,1.6160672971495962e-29,1.0,0.06,20.0,1.0,0.0,0.0,0.0,1.0,0.08,40.0,1.0,0.00014609381339505292,0.00025400802781015306,0.00018368433689094533,1.0,0.08,6.0,1.0,0.01931294052623742,0.03396213845422191,0.022661584353035422,1.0,0.12
06_healthy_low_turns_p2l_v2:0020,06_healthy_low_turns_p2l_v2,19.952999999999985,20.352999999999984,20.0,1.0,1.3222384490920357e-29,2.2410821171051338e-29,1.489940429204786e-29,1.0,0.06,20.0,1.0,0.0,0.0,0.0,1.0,0.08,40.0,1.0,0.0001361566235265128,0.00021774327308423023,0.00016697925256936791,1.0,0.08,6.0,1.0,0.03158733555266529,0.0544412318315062,0.037710981074211426,1.0,0.12
06_healthy_low_turns_p2l_v2:0021,06_healthy_low_turns_p2l_v2,20.152999999999984,20.552999999999983,20.0,1.0,0.0005349088077122173,0.00021705204427095357,0.0019676390792862986,1.0,0.06,20.0,1.0,0.0004716634618118884,6.208794482903198e-05,0.0019753949613182413,1.0,0.08,40.0,1.0,0.0009253725047990502,0.00038146431198511405,0.0032117998984601,1.0,0.08,6.0,1.0,0.022322938963415046,0.0472221659618726,0.03251184569289021,1.0,0.12
06_healthy_low_turns_p2l_v2:0022,06_healthy_low_turns_p2l_v2,20.352999999999984,20.752999999999982,20.0,1.0,0.012518895265478896,0.04082447436947901,0.02163889610610513,1.0,0.06,20.0,1.0,0.03591777192326352,0.09774676030124893,0.05899140207632543,0.8,0.08,40.0,1.0,0.02264070705053689,0.07134369448392135,0.03857176207979262,0.9,0.08,6.0,1.0,0.019953680487360317,0.037905232127846154,0.02532097852984239,1.0,0.12
06_healthy_low_turns_p2l_v2:0023,06_healthy_low_turns_p2l_v2,20.552999999999983,20.95299999999998,20.0,1.0,0.012024455711204318,0.04082447436947901,0.021549327829512334,1.0,0.06,20.0,1.0,0.047869771652886604,0.09774676030124893,0.061520556633135805,0.8,0.08,40.0,1.0,0.02188302315736875,0.07134369448392135,0.03843835348885006,0.9,0.08,6.0,1.0,0.023958206736653123,0.037905232127846154,0.0277321047356628,1.0,0.12
06_healthy_low_turns_p2l_v2:0024,06_healthy_low_turns_p2l_v2,20.752999999999982,21.15299999999998,20.0,1.0,8.374706693101905e-05,8.673716055231928e-05,8.399236796979414e-05,1.0,0.06,20.0,1.0,0.024861256877940344,0.02487634598781217,0.024861275691484334,1.0,0.08,40.0,1.0,0.00020128516127861513,0.0003186326840454834,0.00023005993994861627,1.0,0.08,6.0,1.0,0.018939276069664206,0.03815441271781614,0.02551853335057535,1.0,0.12
06_healthy_low_turns_p2l_v2:0025,06_healthy_low_turns_p2l_v2,20.95299999999998,21.35299999999998,20.0,1.0,8.69321726235904e-05,8.751728294365685e-05,8.693325850319445e-05,1.0,0.06,20.0,1.0,0.02487725693935884,0.02488032838085628,0.0248772570540022,1.0,0.08,40.0,1.0,0.00019116207120674356,0.0003143793741325118,0.00021835457510893503,1.0,0.08,6.0,1.0,0.02550303045322534,0.04773587997961508,0.031596369477711786,1.0,0.12
06_healthy_low_turns_p2l_v2:0026,06_healthy_low_turns_p2l_v2,21.15299999999998,21.55299999999998,20.0,1.0,8.773670307508571e-05,8.839974009659663e-05,8.77380925851178e-05,1.0,0.06,20.0,1.0,0.024881091976512684,0.02488369998524398,0.024881092059976708,1.0,0.08,40.0,1.0,0.00017209085721088952,0.0003225912924255559,0.00020908341892171767,1.0,0.08,6.0,1.0,0.027904761611474416,0.038744440180168524,0.03029216662779194,1.0,0.12
06_healthy_low_turns_p2l_v2:0027,06_healthy_low_turns_p2l_v2,21.35299999999998,21.75299999999998,20.0,1.0,8.864299726712085e-05,8.938223438521575e-05,8.864471463411415e-05,1.0,0.06,20.0,1.0,0.024884314242208248,0.0248864520522865,0.024884314299088005,1.0,0.08,40.0,1.0,0.0001728511982414388,0.0003660547129652414,0.00021330347231447497,1.0,0.08,6.0,1.0,0.023571466632184523,0.03846269592854158,0.02706253981374634,1.0,0.12
06_healthy_low_turns_p2l_v2:0028,06_healthy_low_turns_p2l_v2,21.55299999999998,21.952999999999978,20.0,1.0,8.964869427955033e-05,9.046220551213457e-05,8.965075840878027e-05,1.0,0.06,20.0,1.0,0.024886915381894074,0.024888577454566956,0.024886915417056676,1.0,0.08,40.0,1.0,0.00017478723358328174,0.0003552694905987641,0.0002125819050381399,1.0,0.08,6.0,1.0,0.021303938131512257,0.038712511204274755,0.025826862207605175,1.0,0.12
06_healthy_low_turns_p2l_v2:0029,06_healthy_low_turns_p2l_v2,21.75299999999998,22.152999999999977,20.0,1.0,9.075117598878538e-05,9.163684530851257e-05,9.075360033863108e-05,1.0,0.06,20.0,1.0,0.024888888650604783,0.024890070671239987,0.02488888866913887,1.0,0.08,40.0,1.0,0.0001872721195591162,0.000344505777839188,0.0002224452909702123,1.0,0.08,6.0,1.0,0.020883513297437307,0.032215340191455104,0.023473898022860578,1.0,0.12
06_healthy_low_turns_p2l_v2:0030,06_healthy_low_turns_p2l_v2,21.952999999999978,22.352999999999977,20.0,1.0,9.194757377225665e-05,9.290309604452069e-05,9.195036630692845e-05,1.0,0.06,20.0,1.0,0.024890228930488086,0.024890927838005884,0.024890228937652404,1.0,0.08,40.0,1.0,0.00018252245366025404,0.0003517429283445396,0.00022342861835024952,1.0,0.08,6.0,1.0,0.02432503944572616,0.042119248524529605,0.029157841645509965,1.0,0.12
06_healthy_low_turns_p2l_v2:0031,06_healthy_low_turns_p2l_v2,22.152999999999977,22.552999999999976,20.0,1.0,9.323477481731763e-05,9.425766520513578e-05,9.323793809525014e-05,1.0,0.06,20.0,1.0,0.024890932748493133,0.02489114859642641,0.02489093274966244,1.0,0.08,40.0,1.0,0.0001675425109776099,0.00033679819146495427,0.00020824696593271756,1.0,0.08,6.0,1.0,0.029092233340972235,0.05091984178785367,0.03449445259208443,1.0,0.12
06_healthy_low_turns_p2l_v2:0032,06_healthy_low_turns_p2l_v2,22.352999999999977,22.752999999999975,20.0,1.0,0.011484604465016108,0.04286430202925731,0.021539236105399453,1.0,0.06,20.0,1.0,0.0452553273694276,0.10507576406686896,0.05672700936321607,0.85,0.08,40.0,1.0,0.020516129832208647,0.08204052537975991,0.03887215061742303,0.875,0.08,6.0,1.0,0.03219164681593823,0.05085019294419355,0.03599504322200694,1.0,0.12
06_healthy_low_turns_p2l_v2:0033,06_healthy_low_turns_p2l_v2,22.552999999999976,22.952999999999975,20.0,1.0,0.012511932980344226,0.04286430202925731,0.021836244483587258,1.0,0.06,20.0,1.0,0.03609481872968122,0.10507576406686896,0.054925658524529575,0.85,0.08,40.0,1.0,0.023242081538246,0.08204052537975991,0.03990922710451692,0.875,0.08,6.0,1.0,0.02482539892465979,0.04407716689905588,0.029073653152349093,1.0,0.12
06_healthy_low_turns_p2l_v2:0034,06_healthy_low_turns_p2l_v2,22.752999999999975,23.152999999999974,20.0,1.0,0.0010742788514046622,0.0012996004939827702,0.0035898871693962357,1.0,0.06,20.0,1.0,0.0032850539655183775,0.005784511096693017,0.010423935446001252,1.0,0.08,40.0,1.0,0.002887087061293416,0.0051718904911353236,0.009041159419204395,1.0,0.08,6.0,1.0,0.01087480191677153,0.015783099559429203,0.012139743062653769,1.0,0.12
06_healthy_low_turns_p2l_v2:0035,06_healthy_low_turns_p2l_v2,22.952999999999975,23.352999999999973,20.0,1.0,2.2803320052569725e-29,3.864969500435528e-29,2.569550786376728e-29,1.0,0.06,20.0,1.0,0.0,0.0,0.0,1.0,0.08,40.0,1.0,0.00014270686595398803,0.00028282336956421693,0.0001753405851036038,1.0,0.08,6.0,1.0,0.008974667763096855,0.014828200841246891,0.010645237361385082,1.0,0.12
06_healthy_low_turns_p2l_v2:0036,06_healthy_low_turns_p2l_v2,23.152999999999974,23.552999999999972,20.0,1.0,2.2803320052569725e-29,3.864969500435528e-29,2.569550786376728e-29,1.0,0.06,20.0,1.0,0.0,0.0,0.0,1.0,0.08,40.0,1.0,0.00014934460745811678,0.00027414312869950805,0.00017722640561436152,1.0,0.08,6.0,1.0,0.011940786273862622,0.018545804392758186,0.01378514149120559,1.0,0.12
06_healthy_low_turns_p2l_v2:0037,06_healthy_low_turns_p2l_v2,23.352999999999973,23.75299999999997,20.0,1.0,2.5508798702874603e-29,3.864969500435528e-29,2.787069142384956e-29,1.0,0.06,20.0,1.0,0.0,0.0,0.0,1.0,0.08,40.0,1.0,0.00017350972464982237,0.0003128191183063429,0.0002060537055289702,1.0,0.08,6.0,1.0,0.010500015784565006,0.018285210836795962,0.012528463567915222,1.0,0.12
06_healthy_low_turns_p2l_v2:0038,06_healthy_low_turns_p2l_v2,23.552999999999972,23.95299999999997,20.0,1.0,2.705478650304878e-29,3.864969500435529e-29,2.9231027769953357e-29,1.0,0.06,20.0,1.0,0.0,0.0,0.0,1.0,0.08,40.0,1.0,0.0001764903924472718,0.00034805406832387237,0.0002116204769374279,1.0,0.08,6.0,1.0,0.007932325522767706,0.013832723240408636,0.009244949156384213,1.0,0.12
06_healthy_low_turns_p2l_v2:0039,06_healthy_low_turns_p2l_v2,23.75299999999997,24.15299999999997,20.0,1.0,2.55087987028746e-29,3.864969500435529e-29,2.787069142384957e-29,1.0,0.06,20.0,1.0,0.0,0.0,0.0,1.0,0.08,40.0,1.0,0.00018266644291770298,0.00036870972882735074,0.00022459972234431584,1.0,0.08,6.0,1.0,0.007779609763111021,0.013493607820887816,0.00893123794632571,1.0,0.12
06_healthy_low_turns_p2l_v2:0040,06_healthy_low_turns_p2l_v2,23.95299999999997,24.35299999999997,20.0,1.0,2.2803320052569725e-29,3.864969500435528e-29,2.569550786376728e-29,1.0,0.06,20.0,1.0,0.0,0.0,0.0,1.0,0.08,40.0,1.0,0.00019479493964238092,0.00034252245420222975,0.0002325528600231392,1.0,0.08,6.0,1.0,0.007006602481531443,0.009889280706148796,0.007572533587808271,1.0,0.12
06_healthy_low_turns_p2l_v2:0041,06_healthy_low_turns_p2l_v2,24.15299999999997,24.55299999999997,20.0,1.0,2.2803320052569725e-29,3.864969500435528e-29,2.569550786376728e-29,1.0,0.06,20.0,1.0,0.0,0.0,0.0,1.0,0.08,40.0,1.0,0.00014592421708626907,0.0003079161074134163,0.00018407476450575566,1.0,0.08,6.0,1.0,0.006781783357347119,0.008647762608332298,0.007098229938925212,1.0,0.12
06_healthy_low_turns_p2l_v2:0042,06_healthy_low_turns_p2l_v2,24.35299999999997,24.752999999999968,20.0,1.0,2.5508798702874603e-29,3.864969500435528e-29,2.787069142384956e-29,1.0,0.06,20.0,1.0,0.0,0.0,0.0,1.0,0.08,40.0,1.0,0.00010831512133421925,0.000233883647035431,0.00013858091534472086,1.0,0.08,7.0,1.0,0.01134208928963606,0.026390585370224956,0.015244718986048325,1.0,0.12
06_healthy_low_turns_p2l_v2:0043,06_healthy_low_turns_p2l_v2,24.55299999999997,24.952999999999967,20.0,1.0,2.705478650304878e-29,3.864969500435529e-29,2.9231027769953357e-29,1.0,0.06,20.0,1.0,0.0,0.0,0.0,1.0,0.08,40.0,1.0,0.0001425486363128864,0.00030064817277125833,0.00018731976750557477,1.0,0.08,7.0,1.0,0.017346103464525097,0.03931184766829773,0.025285427440056445,1.0,0.12
06_healthy_low_turns_p2l_v2:0044,06_healthy_low_turns_p2l_v2,24.752999999999968,25.152999999999967,20.0,1.0,0.0007028645083468442,0.00044811075403785325,0.0024974411021973543,1.0,0.06,20.0,1.0,0.000692890943164386,0.00017000271045769033,0.002772872708440198,1.0,0.08,40.0,1.0,0.0012788814434596368,0.0010336184357459248,0.00423051647163809,1.0,0.08,6.0,1.0,0.017583541773756036,0.03903060464961572,0.025309942228958965,1.0,0.12
06_healthy_low_turns_p2l_v2:0045,06_healthy_low_turns_p2l_v2,24.952999999999967,25.352999999999966,20.0,1.0,0.011497011842530745,0.035935290066277346,0.019028476903787523,1.0,0.06,20.0,1.0,0.0274577111573854,0.07730082849159166,0.04910884166764094,0.9,0.08,40.0,1.0,0.02357887840252349,0.07656009290324262,0.03923951537060607,0.925,0.08,6.0,1.0,0.023929604254109976,0.042624411801719095,0.02888063706594175,1.0,0.12
06_healthy_low_turns_p2l_v2:0046,06_healthy_low_turns_p2l_v2,25.152999999999967,25.552999999999965,20.0,1.0,0.013464509944268321,0.035935290066277346,0.019238177028820427,1.0,0.06,20.0,1.0,0.026995418115819857,0.07730082849159166,0.049031592742342395,0.9,0.08,40.0,1.0,0.02248946572658429,0.07656009290324262,0.03901150273293869,0.925,0.08,6.0,1.0,0.030566125390901238,0.052078369720478995,0.035709412549067725,1.0,0.12
06_healthy_low_turns_p2l_v2:0047,06_healthy_low_turns_p2l_v2,25.352999999999966,25.752999999999965,20.0,1.0,0.005342757366483613,0.005344878765742314,0.005342763484007407,1.0,0.06,20.0,1.0,0.000462922464082266,0.0004806099459581492,0.00046425949451677395,1.0,0.08,40.0,1.0,0.00021044162679150353,0.0004179338856035997,0.0002578392865142553,1.0,0.08,6.0,1.0,0.04145401875328139,0.07218328627694703,0.05012248752728861,1.0,0.12
06_healthy_low_turns_p2l_v2:0048,06_healthy_low_turns_p2l_v2,25.552999999999965,25.952999999999964,20.0,1.0,0.0053449297220726135,0.005345128143102178,0.0053449297245475045,1.0,0.06,20.0,1.0,0.0004580389117785549,0.000468152117874443,0.00045810234584334875,1.0,0.08,40.0,1.0,0.00017771332438540205,0.0004179338856035997,0.00023454956040392505,1.0,0.08,6.0,1.0,0.03760588194479733,0.06790390803486351,0.04673190971426917,1.0,0.12
06_healthy_low_turns_p2l_v2:0049,06_healthy_low_turns_p2l_v2,25.752999999999965,26.152999999999963,20.0,1.0,0.005345150254941077,0.005345257570311757,0.005345150255773288,1.0,0.06,20.0,1.0,0.0004450974558059567,0.00045479164313091405,0.0004451573424593281,1.0,0.08,40.0,1.0,0.00017239306340024324,0.00037092654469457205,0.00022031980908033673,1.0,0.08,6.0,1.0,0.02101151445311497,0.027437930994320292,0.022487629405984005,1.0,0.12
06_healthy_low_turns_p2l_v2:0050,06_healthy_low_turns_p2l_v2,25.952999999999964,26.352999999999962,20.0,1.0,0.005345250772291987,0.00534527680841085,0.005345250772372463,1.0,0.06,20.0,1.0,0.00043273380058597987,0.0004419785573302193,0.00043278972285495243,1.0,0.08,40.0,1.0,0.0001660943714600474,0.00036294047873811075,0.00020957248635905724,1.0,0.08,6.0,1.0,0.01579020308325112,0.023581476992554473,0.01801572975904955,1.0,0.12
06_healthy_low_turns_p2l_v2:0051,06_healthy_low_turns_p2l_v2,26.152999999999963,26.55299999999996,20.0,1.0,0.005345230974060445,0.00534527680841085,0.00534523097428911,1.0,0.06,20.0,1.0,0.0004209867250439481,0.00042975305745479586,0.00042103831400195333,1.0,0.08,40.0,1.0,0.00011810131495892939,0.0002531057426402583,0.00015031889063133095,1.0,0.08,6.0,1.0,0.014992501049654626,0.03001322187529195,0.02011759945582289,1.0,0.12
06_healthy_low_turns_p2l_v2:0052,06_healthy_low_turns_p2l_v2,26.352999999999962,26.75299999999996,20.0,1.0,0.005345090937538416,0.005345228255634747,0.005345090938813012,1.0,0.06,20.0,1.0,0.0004098930646694504,0.0004181534883227811,0.0004099400109669892,1.0,0.08,40.0,1.0,0.00014395224865539346,0.0003351068999388307,0.00018753362911735167,1.0,0.08,6.0,1.0,0.017570074025807333,0.038779074465481254,0.02367209676162618,1.0,0.12
06_healthy_low_turns_p2l_v2:0053,06_healthy_low_turns_p2l_v2,26.55299999999996,26.95299999999996,20.0,1.0,0.0053448311169601494,0.005345059325215153,0.005344831120165121,1.0,0.06,20.0,1.0,0.00039948759772146235,0.0004072162162078341,0.00039952966304253275,1.0,0.08,40.0,1.0,0.0001858331518607967,0.00034981681845027703,0.00022963092119881182,1.0,0.08,6.0,1.0,0.014240389482798411,0.0325988820112874,0.019517524709596213,1.0,0.12
06_healthy_low_turns_p2l_v2:0054,06_healthy_low_turns_p2l_v2,26.75299999999996,27.15299999999996,20.0,1.0,0.005344337735764504,0.005344770713117561,0.005344337769725776,1.0,0.06,20.0,1.0,0.0003892724642649281,0.00039697553129561247,0.00038932660612146205,1.0,0.08,40.0,1.0,0.0001524057756708136,0.0003013335614920898,0.00019484593901277644,1.0,0.08,6.0,1.0,0.01394563643731282,0.032000499773034576,0.019075808436520427,1.0,0.12
06_healthy_low_turns_p2l_v2:0055,06_healthy_low_turns_p2l_v2,26.95299999999996,27.35299999999996,20.0,1.0,0.005216575022274402,0.005344363339720987,0.005220987147164449,1.0,0.06,20.0,1.0,0.0006781278943704145,0.001677332933338239,0.0010216061587574293,1.0,0.08,40.0,1.0,0.0002265353480639304,0.00048105394470666647,0.00028501565513233673,1.0,0.08,6.0,1.0,0.025211748010059164,0.03895620767137019,0.029759061539303407,1.0,0.12
06_healthy_low_turns_p2l_v2:0056,06_healthy_low_turns_p2l_v2,27.15299999999996,27.552999999999958,20.0,1.0,0.0040584925075251846,0.0053040211496102494,0.004246275880668416,1.0,0.06,20.0,1.0,0.00568185633072382,0.014432248675526718,0.008066522973538869,1.0,0.08,40.0,1.0,0.0003892036759524112,0.000640278879597539,0.00043943779878978653,1.0,0.08,6.0,1.0,0.03006667519317699,0.038449795728577416,0.03152371225609125,1.0,0.12
06_healthy_low_turns_p2l_v2:0057,06_healthy_low_turns_p2l_v2,27.35299999999996,27.752999999999957,20.0,1.0,0.0016535212209605604,0.003921104080242101,0.0022674164471285273,1.0,0.06,20.0,1.0,0.016953553000638947,0.024879233721041026,0.018495290977459937,1.0,0.08,40.0,1.0,0.0005525689804321415,0.0011887922130344954,0.000751625968138772,1.0,0.08,6.0,1.0,0.031621428930266975,0.052510142278651424,0.03722756021853931,1.0,0.12
06_healthy_low_turns_p2l_v2:0058,06_healthy_low_turns_p2l_v2,27.552999999999958,27.952999999999957,20.0,1.0,0.00018355586007907793,0.0004529339250393384,0.0003061028167192201,1.0,0.06,20.0,1.0,0.024198735616011303,0.024882794458341483,0.02423904957385455,1.0,0.08,40.0,1.0,0.0004160078214794277,0.0011887922130344954,0.0006814873288730994,1.0,0.08,6.0,1.0,0.03126379294540068,0.05400013387607872,0.03777418596432598,1.0,0.12
06_healthy_low_turns_p2l_v2:0059,06_healthy_low_turns_p2l_v2,27.752999999999957,28.152999999999956,20.0,1.0,8.837235313934113e-05,8.908988760097658e-05,8.837397414527495e-05,1.0,0.06,20.0,1.0,0.02488345179821285,0.02488572530980509,0.024883451862242563,1.0,0.08,40.0,1.0,0.00015346203545267833,0.0003195511370431614,0.00019376901931053757,1.0,0.08,6.0,1.0,0.02279082661579454,0.034268681736148075,0.025968349126852856,1.0,0.12
06_healthy_low_turns_p2l_v2:0060,06_healthy_low_turns_p2l_v2,27.952999999999957,28.352999999999955,20.0,1.0,8.934975039790877e-05,9.014213256433174e-05,8.935171329070957e-05,1.0,0.06,20.0,1.0,0.024886232137250268,0.024888031375170393,0.0248862321781396,1.0,0.08,40.0,1.0,0.0001495740673241014,0.00029375486584901637,0.0001874465648089988,1.0,0.08,6.0,1.0,0.01918480478358067,0.030815907901489088,0.022105740351770604,1.0,0.12
06_healthy_low_turns_p2l_v2:0061,06_healthy_low_turns_p2l_v2,28.152999999999956,28.552999999999955,20.0,1.0,0.007888481103056174,0.03065837309285464,0.0182434563116066,1.0,0.06,20.0,1.0,0.03875881424207479,0.07730160566029058,0.04961183356165327,0.9,0.08,40.0,1.0,0.012169367450468416,0.05058017384188342,0.028879726390634793,0.95,0.08,6.0,1.0,0.014348545098767889,0.024292574268721043,0.01644930386869319,1.0,0.12
06_healthy_low_turns_p2l_v2:0062,06_healthy_low_turns_p2l_v2,28.352999999999955,28.752999999999954,20.0,1.0,0.012551060162114871,0.043456285891322576,0.021928852030683184,1.0,0.06,20.0,1.0,0.03873019120635461,0.10501052587898864,0.05571558667147773,0.85,0.08,40.0,1.0,0.023219034300753272,0.08096629438227528,0.04033940117630393,0.9,0.08,6.0,1.0,0.02186387180510754,0.04017965647200567,0.026923753878363293,1.0,0.12
06_healthy_low_turns_p2l_v2:0063,06_healthy_low_turns_p2l_v2,28.552999999999955,28.952999999999953,20.0,1.0,0.004707510645993225,0.016800529506337043,0.012167780854898147,1.0,0.06,20.0,1.0,0.012415110255287142,0.046577708600016664,0.030863984924586196,0.95,0.08,40.0,1.0,0.011254649087180466,0.0454798893275504,0.028165417383972227,0.95,0.08,6.0,1.0,0.02710534123019479,0.04304766834766579,0.03038453014324604,1.0,0.12
06_healthy_low_turns_p2l_v2:0064,06_healthy_low_turns_p2l_v2,28.752999999999954,29.152999999999953,20.0,1.0,2.7540272095928886e-29,4.1727684993831465e-29,3.0090261570333816e-29,1.0,0.06,20.0,1.0,1.4791141972893955e-29,2.2410821171051344e-29,1.6160672971495962e-29,1.0,0.08,40.0,1.0,0.0001942324754048847,0.00045465998732099086,0.00024126292471371604,1.0,0.08,6.0,1.0,0.023790339461734557,0.04203936659502008,0.028329065629590772,1.0,0.12
06_healthy_low_turns_p2l_v2:0065,06_healthy_low_turns_p2l_v2,28.952999999999953,29.352999999999952,20.0,1.0,2.4619334146360677e-29,4.1727684993831454e-29,2.774185042792644e-29,1.0,0.06,20.0,1.0,1.3222384490920357e-29,2.2410821171051338e-29,1.489940429204786e-29,1.0,0.08,40.0,1.0,0.00016558918929076612,0.0003294809601148364,0.00020625920514959694,1.0,0.08,6.0,1.0,0.01787510583732713,0.04045044029029299,0.025482551762554977,1.0,0.12
06_healthy_low_turns_p2l_v2:0066,06_healthy_low_turns_p2l_v2,29.152999999999953,29.55299999999995,20.0,1.0,2.4619334146360682e-29,4.1727684993831454e-29,2.774185042792644e-29,1.0,0.06,20.0,1.0,1.3222384490920355e-29,2.2410821171051338e-29,1.489940429204786e-29,1.0,0.08,40.0,1.0,0.0001789923974885126,0.0003832204178184133,0.00021568467353547886,1.0,0.08,6.0,1.0,0.013802612972318213,0.029767924327032902,0.018055340975578524,1.0,0.12
06_healthy_low_turns_p2l_v2:0067,06_healthy_low_turns_p2l_v2,29.352999999999952,29.75299999999995,20.0,1.0,2.7540272095928886e-29,4.1727684993831454e-29,3.0090261570333816e-29,1.0,0.06,20.0,1.0,1.4791141972893955e-29,2.2410821171051338e-29,1.6160672971495962e-29,1.0,0.08,40.0,1.0,0.00019229540186139162,0.00032406027980885315,0.0002296087857168835,1.0,0.08,6.0,1.0,0.01724263647492655,0.032317517304887355,0.020332721232111176,1.0,0.12
06_healthy_low_turns_p2l_v2:0068,06_healthy_low_turns_p2l_v2,29.55299999999995,29.95299999999995,20.0,1.0,2.920937949568211e-29,4.1727684993831465e-29,3.1558932578720356e-29,1.0,0.06,20.0,1.0,1.5687574819735988e-29,2.2410821171051344e-29,1.6949456804889162e-29,1.0,0.08,40.0,1.0,0.00018162391789896658,0.00032607271788630374,0.0002224366578990103,1.0,0.08,6.0,1.0,0.01718626869388406,0.030183665378832977,0.019749269889870275,1.0,0.12
06_healthy_low_turns_p2l_v2:0069,06_healthy_low_turns_p2l_v2,29.75299999999995,30.15299999999995,20.0,1.0,0.0034728614896004906,0.011295363494684872,0.009450945152066594,1.0,0.06,20.0,1.0,0.005111649679945007,0.013188322792249263,0.015077399319474764,1.0,0.08,40.0,1.0,0.006376435229206204,0.02217878871904317,0.017810766486477093,1.0,0.08,6.0,1.0,0.020626361437048445,0.0379960874214786,0.0254091175306586,1.0,0.12
06_healthy_low_turns_p2l_v2:0070,06_healthy_low_turns_p2l_v2,29.95299999999995,30.35299999999995,20.0,1.0,0.01163497006274313,0.03536277055196763,0.019045205264504497,1.0,0.06,20.0,1.0,0.026975532328797937,0.08112142324988006,0.04959980840291423,0.9,0.08,40.0,1.0,0.023476047744662228,0.0753931262353713,0.03895888515746981,0.925,0.08,6.0,1.0,0.029929046302396244,0.06132371519855238,0.04045376226454263,1.0,0.12
06_healthy_low_turns_p2l_v2:0071,06_healthy_low_turns_p2l_v2,30.15299999999995,30.552999999999948,20.0,1.0,0.010834723505209264,0.026796270460975376,0.016961285931508367,1.0,0.06,20.0,1.0,0.022083309490998376,0.08112142324988006,0.047253669973477186,0.9,0.08,40.0,1.0,0.017266152890894178,0.06448462317219328,0.03464991390184058,0.925,0.08,6.0,1.0,0.03223455258178337,0.06671719981214844,0.04201464063125473,1.0,0.12
06_healthy_low_turns_p2l_v2:0072,06_healthy_low_turns_p2l_v2,30.35299999999995,30.752999999999947,20.0,1.0,0.0053452504835923,0.005345276885879127,0.005345250483674938,1.0,0.06,20.0,1.0,0.0004328190914413277,0.00044206713029109056,0.0004328750431019913,1.0,0.08,40.0,1.0,0.00016912393889568223,0.0003380423782499198,0.00021073495291592723,1.0,0.08,6.0,1.0,0.02808217064524311,0.04455303253153039,0.03250240152352453,1.0,0.12
06_healthy_low_turns_p2l_v2:0073,06_healthy_low_turns_p2l_v2,30.552999999999948,30.952999999999946,20.0,1.0,0.005345231536423644,0.005345276885879127,0.0053452315366481,1.0,0.06,20.0,1.0,0.00042106752465172204,0.0004298373382954024,0.00042111914541235855,1.0,0.08,40.0,1.0,0.00019758691559958603,0.0003477078398560319,0.00023845906316363914,1.0,0.08,6.0,1.0,0.023512294967301246,0.03697417155046804,0.02767599927581808,1.0,0.12
06_healthy_low_turns_p2l_v2:0074,06_healthy_low_turns_p2l_v2,30.752999999999947,31.152999999999945,20.0,1.0,0.005345092348934358,0.005345229022505166,0.005345092350198433,1.0,0.06,20.0,1.0,0.0004099691199753036,0.00041823321322004834,0.00041001610002138633,1.0,0.08,40.0,1.0,0.00020498919679717286,0.00039357878465659524,0.00024346807111477297,1.0,0.08,6.0,1.0,0.03958974859684904,0.08127305991626146,0.05228621289084182,1.0,0.12
06_healthy_low_turns_p2l_v2:0075,06_healthy_low_turns_p2l_v2,30.952999999999946,31.352999999999945,20.0,1.0,0.005344833372677299,0.005345060940567475,0.005344833375865571,1.0,0.06,20.0,1.0,0.00039955867076614526,0.00040729113660301075,0.0003996007712451978,1.0,0.08,40.0,1.0,0.00012224508603768668,0.00028391785801790137,0.00016115022891577662,1.0,0.08,7.0,1.0,0.04052270128793093,0.07657946132198716,0.05066720531378252,1.0,0.12
06_healthy_low_turns_p2l_v2:0076,06_healthy_low_turns_p2l_v2,31.152999999999945,31.552999999999944,20.0,1.0,0.00534435410920331,0.005344773171766774,0.005344354138266804,1.0,0.06,20.0,1.0,0.00038939992517472434,0.0003970454110059474,0.00038945164735848216,1.0,0.08,40.0,1.0,0.00013167279476904435,0.0002920759289860242,0.00018877588447490127,1.0,0.08,7.0,1.0,0.024116649137320208,0.035452525417231914,0.027126642933122076,1.0,0.12
06_healthy_low_turns_p2l_v2:0077,06_healthy_low_turns_p2l_v2,31.352999999999945,31.752999999999943,20.0,1.0,0.005219565223126454,0.005344366633910492,0.005223806324540244,1.0,0.06,20.0,1.0,0.0006675535374794456,0.0016317701810046334,0.0009999408522967496,1.0,0.08,40.0,1.0,0.0002625870191461363,0.0005401699118927517,0.0003228311877313083,1.0,0.08,6.0,1.0,0.019849718523373798,0.03772321779055335,0.024935867187987522,1.0,0.12
06_healthy_low_turns_p2l_v2:0078,06_healthy_low_turns_p2l_v2,31.552999999999944,31.952999999999943,20.0,1.0,0.004073085585521148,0.005305927067081021,0.004257528135138078,1.0,0.06,20.0,1.0,0.005617166079872693,0.014298936673879634,0.007988535987261488,1.0,0.08,40.0,1.0,0.000359840849447253,0.0006619639673476064,0.000420679144191574,1.0,0.08,6.0,1.0,0.015785564794504086,0.038955509826797345,0.023184221927538797,1.0,0.12
06_healthy_low_turns_p2l_v2:0079,06_healthy_low_turns_p2l_v2,31.752999999999943,32.15299999999994,20.0,1.0,0.0016690629823995404,0.003940067801622519,0.002283143695126958,1.0,0.06,20.0,1.0,0.016878176372512346,0.02487894371192772,0.018437303420943758,1.0,0.08,40.0,1.0,0.0004906113982608512,0.001021994777705105,0.0007107184095783743,1.0,0.08,6.0,1.0,0.023978992518984527,0.04230004292300423,0.029843623850701596,1.0,0.12
06_healthy_low_turns_p2l_v2:0080,06_healthy_low_turns_p2l_v2,31.952999999999943,32.352999999999945,20.0,1.0,0.0001874766076995986,0.00047063862006162846,0.00031442690989399373,1.0,0.06,20.0,1.0,0.02417736965415396,0.024882771530870602,0.02421977523885527,1.0,0.08,40.0,1.0,0.0003871790028737207,0.001021994777705105,0.0006509086584297128,1.0,0.08,6.0,1.0,0.028024052915230968,0.04230004292300423,0.030962769968303588,1.0,0.12
06_healthy_low_turns_p2l_v2:0081,06_healthy_low_turns_p2l_v2,32.15299999999994,32.55299999999994,20.0,1.0,8.836579629265331e-05,8.908279477791992e-05,8.836741494827351e-05,1.0,0.06,20.0,1.0,0.024883429928846793,0.024885706773892634,0.024883429993057475,1.0,0.08,40.0,1.0,0.00017973443135073098,0.0003395045718550205,0.00021643404393872776,1.0,0.08,6.0,1.0,0.01812674684411218,0.03204417194473068,0.020977466032525753,1.0,0.12
06_healthy_low_turns_p2l_v2:0082,06_healthy_low_turns_p2l_v2,32.35299999999994,32.752999999999936,20.0,1.0,8.934249444310996e-05,9.01343542957872e-05,8.934445485923763e-05,1.0,0.06,20.0,1.0,0.024886214670697092,0.024888017280115603,0.02488621471173264,1.0,0.08,40.0,1.0,0.00017795759936559548,0.0003507179112118231,0.00021594425538016274,1.0,0.08,6.0,1.0,0.02322020515829726,0.03868506424236478,0.02687054167018833,1.0,0.12
06_healthy_low_turns_p2l_v2:0083,06_healthy_low_turns_p2l_v2,32.55299999999994,32.95299999999994,20.0,1.0,9.04167742069549e-05,9.128143454574244e-05,9.041909145137972e-05,1.0,0.06,20.0,1.0,0.02488837335885758,0.02488969705863451,0.024888373381746782,1.0,0.08,40.0,1.0,0.00017039471840548658,0.000290810569930472,0.00020647260984549214,1.0,0.08,6.0,1.0,0.023018277033607887,0.03868506424236478,0.026627938253108656,1.0,0.12
06_healthy_low_turns_p2l_v2:0084,06_healthy_low_turns_p2l_v2,32.75299999999994,33.15299999999994,20.0,1.0,9.158583984594862e-05,9.252105080581885e-05,9.158852349836697e-05,1.0,0.06,20.0,1.0,0.024889900395490456,0.02489074175262081,0.02488990040544746,1.0,0.08,40.0,1.0,0.00014943245281027334,0.0002806974727752654,0.00018886166213685662,1.0,0.08,6.0,1.0,0.017352565848593692,0.026281254576526338,0.019725646838376142,1.0,0.12
06_healthy_low_turns_p2l_v2:0085,06_healthy_low_turns_p2l_v2,32.95299999999994,33.35299999999994,20.0,1.0,9.284664982791083e-05,9.384997839945313e-05,9.28497040231777e-05,1.0,0.06,20.0,1.0,0.02489079182124173,0.024891148636792558,0.024890791823612816,1.0,0.08,40.0,1.0,0.00014998693134078006,0.0003248846947256079,0.00019300304873324264,1.0,0.08,6.0,1.0,0.016181758372015437,0.02486028036367325,0.01792323019747742,1.0,0.12
06_healthy_low_turns_p2l_v2:0086,06_healthy_low_turns_p2l_v2,33.152999999999935,33.55299999999993,20.0,1.0,0.012400783745807527,0.03974230815293041,0.021491977754471,1.0,0.06,20.0,1.0,0.045298929553588586,0.0981992320555777,0.0562742440202505,0.8,0.08,40.0,1.0,0.023244161159501908,0.08057316310603363,0.0395640488980126,0.875,0.08,6.0,1.0,0.019866104437326993,0.038895017833732115,0.024626849846894654,1.0,0.12
06_healthy_low_turns_p2l_v2:0087,06_healthy_low_turns_p2l_v2,33.35299999999994,33.752999999999936,20.0,1.0,0.012373119320261285,0.03974230815293041,0.021492045543493064,1.0,0.06,20.0,1.0,0.03296137551752663,0.0981992320555777,0.05345316517559508,0.8,0.08,40.0,1.0,0.02330593938291608,0.08057316310603363,0.03956532849786531,0.875,0.08,6.0,1.0,0.024759443005831123,0.038895017833732115,0.028661159857458502,1.0,0.12
06_healthy_low_turns_p2l_v2:0088,06_healthy_low_turns_p2l_v2,33.55299999999994,33.95299999999994,20.0,1.0,1.9085372235069693e-05,1.4375336149535276e-10,8.535225400173655e-05,1.0,0.06,20.0,1.0,0.00010798508363369127,4.3246424623206956e-10,0.0004829235979157307,1.0,0.08,40.0,1.0,0.00020282822634312155,0.0003050182339030773,0.00036785516615115007,1.0,0.08,6.0,1.0,0.018743736740136206,0.029960219285200932,0.02154999836805453,1.0,0.12
06_healthy_low_turns_p2l_v2:0089,06_healthy_low_turns_p2l_v2,33.752999999999936,34.152999999999935,20.0,1.0,8.161410323374158e-29,1.5695019852642572e-28,9.776372307345927e-29,1.0,0.06,20.0,1.0,4.6614508035787366e-29,8.964328468420623e-29,5.583848470116104e-29,1.0,0.08,40.0,1.0,0.0001357316190432161,0.0002730974841249015,0.00016783588158548606,1.0,0.08,6.0,1.0,0.013938293584766956,0.021117081708639737,0.01625119294288973,1.0,0.12
06_healthy_low_turns_p2l_v2:0090,06_healthy_low_turns_p2l_v2,33.95299999999993,34.35299999999993,20.0,1.0,8.318360521900557e-29,1.5695019852642572e-28,1.0243931575449133e-28,1.0,0.06,20.0,1.0,4.7510940882629243e-29,8.964328468420623e-29,5.850898457760803e-29,1.0,0.08,40.0,1.0,0.00014808553122974932,0.000309340074193003,0.00018238680353497002,1.0,0.08,6.0,1.0,0.010445782764730042,0.01823091808011407,0.012530185823144947,1.0,0.12
06_healthy_low_turns_p2l_v2:0091,06_healthy_low_turns_p2l_v2,34.152999999999935,34.55299999999993,20.0,1.0,8.318360521900554e-29,1.5695019852642572e-28,1.0243931575449133e-28,1.0,0.06,20.0,1.0,4.7510940882629243e-29,8.964328468420623e-29,5.850898457760803e-29,1.0,0.08,40.0,1.0,0.0001584568387506107,0.00034747115734534343,0.00019280716217873162,1.0,0.08,6.0,1.0,0.015716986271776496,0.026090380449069375,0.01849033669229951,1.0,0.12
06_healthy_low_turns_p2l_v2:0092,06_healthy_low_turns_p2l_v2,34.35299999999994,34.752999999999936,20.0,1.0,8.16141032337416e-29,1.5695019852642572e-28,9.776372307345927e-29,1.0,0.06,20.0,1.0,4.6614508035787355e-29,8.964328468420623e-29,5.583848470116104e-29,1.0,0.08,40.0,1.0,0.00016589029032485224,0.0003189673247607992,0.00019688029021778475,1.0,0.08,6.0,1.0,0.018775644634290486,0.026090380449069375,0.02007256974000594,1.0,0.12
06_healthy_low_turns_p2l_v2:0093,06_healthy_low_turns_p2l_v2,34.55299999999993,34.95299999999993,20.0,1.0,8.475310720427003e-29,1.5695019852642572e-28,9.975910678361033e-29,1.0,0.06,20.0,1.0,4.8407373729471445e-29,8.964328468420623e-29,5.697816309381488e-29,1.0,0.08,40.0,1.0,0.00018135876099919135,0.0003248331715590404,0.00022289850487782536,1.0,0.08,6.0,1.0,0.021966514372876823,0.03846204544741227,0.02581395005346439,1.0,0.12
06_healthy_low_turns_p2l_v2:0094,06_healthy_low_turns_p2l_v2,34.75299999999993,35.15299999999993,20.0,1.0,0.0040275122868234075,0.013836799869734295,0.010650802373469654,1.0,0.06,20.0,1.0,0.006201244859729778,0.017832337039804358,0.017710033014569648,1.0,0.08,40.0,1.0,0.007661284894045109,0.028026168813677033,0.02070841361659249,0.975,0.08,6.0,1.0,0.022393872760338555,0.03846204544741227,0.026285756042250603,1.0,0.12
06_healthy_low_turns_p2l_v2:0095,06_healthy_low_turns_p2l_v2,34.95299999999993,35.35299999999993,20.0,1.0,0.01416856693032792,0.03978777602581016,0.022154941683390442,1.0,0.06,20.0,1.0,0.03198514783599382,0.10607374868065142,0.056910577455663705,0.85,0.08,40.0,1.0,0.0236225407054435,0.07254953871433525,0.039585617440359586,0.9,0.08,6.0,1.0,0.021469605918328045,0.042856644779826175,0.02862977143782918,1.0,0.12
06_healthy_low_turns_p2l_v2:0096,06_healthy_low_turns_p2l_v2,35.152999999999935,35.55299999999993,20.0,1.0,0.012813394140766182,0.03707250401636666,0.01979102439437729,1.0,0.06,20.0,1.0,0.026018319149631534,0.10607374868065142,0.054085843494610736,0.85,0.08,40.0,1.0,0.016155952438349275,0.06709525165571412,0.033737817112683546,0.925,0.08,6.0,1.0,0.027697309546095766,0.04896019943566604,0.03340487451301125,1.0,0.12
06_healthy_low_turns_p2l_v2:0097,06_healthy_low_turns_p2l_v2,35.35299999999993,35.75299999999993,20.0,1.0,0.005344837593476325,0.005345064000378509,0.005344837596634729,1.0,0.06,20.0,1.0,0.0004621402474808883,0.00047237633149337376,0.00046220468538202557,1.0,0.08,40.0,1.0,0.00016442999238397565,0.00031386546889986553,0.00020745928278234548,1.0,0.08,6.0,1.0,0.027330851295387676,0.042902556385778196,0.030046670639390236,1.0,0.12
06_healthy_low_turns_p2l_v2:0098,06_healthy_low_turns_p2l_v2,35.552999999999926,35.952999999999925,20.0,1.0,0.005345095018921076,0.005345230478171791,0.005345095020165573,1.0,0.06,20.0,1.0,0.0004490287139010951,0.0004588554277636547,0.0004490897409294455,1.0,0.08,40.0,1.0,0.00015558049034105763,0.0002834370543247811,0.00019329540519736504,1.0,0.08,6.0,1.0,0.024292200850919838,0.03959855927803642,0.02783367811719178,1.0,0.12
06_healthy_low_turns_p2l_v2:0099,06_healthy_low_turns_p2l_v2,35.75299999999993,36.15299999999993,20.0,1.0,0.005345232597322251,0.005345276898918318,0.005345232597538783,1.0,0.06,20.0,1.0,0.0004364826484769296,0.0004458691638384027,0.0004365398351216989,1.0,0.08,40.0,1.0,0.00014952309184241286,0.0003043384980541242,0.00018526995068921445,1.0,0.08,6.0,1.0,0.011746139714110954,0.029506519985544155,0.017341243803044956,1.0,0.12
06_healthy_low_turns_p2l_v2:0100,06_healthy_low_turns_p2l_v2,35.95299999999993,36.35299999999993,20.0,1.0,0.005345249912343555,0.005345276898918318,0.005345249912430461,1.0,0.06,20.0,1.0,0.0004245414059267982,0.00043345828254470753,0.00042459436720955886,1.0,0.08,40.0,1.0,0.00013231714212348227,0.00025418160387776786,0.0001641468065878609,1.0,0.08,6.0,1.0,0.009506645243723045,0.021550554173537843,0.014128767993337019,1.0,0.12
06_healthy_low_turns_p2l_v2:0101,06_healthy_low_turns_p2l_v2,36.15299999999993,36.552999999999926,20.0,1.0,0.005345146925036776,0.0053452561113377945,0.0053451469258936615,1.0,0.06,20.0,1.0,0.0004132424330005713,0.0004216617101369891,0.00041329083998375824,1.0,0.08,40.0,1.0,0.00014169174794882028,0.000277340973243373,0.0001836638323859464,1.0,0.08,6.0,1.0,0.01530309554745153,0.026313810525944427,0.018005923139229784,1.0,0.12
06_healthy_low_turns_p2l_v2:0102,06_healthy_low_turns_p2l_v2,36.35299999999992,36.75299999999992,20.0,1.0,0.005344923973699612,0.005345124216545304,0.005344923976216198,1.0,0.06,20.0,1.0,0.0004026211531883289,0.00041051643765021575,0.00040266474444362876,1.0,0.08,40.0,1.0,0.00015492569496032422,0.0002749806774897057,0.0001913284659464587,1.0,0.08,6.0,1.0,0.02127479762612966,0.04047654952314343,0.02702069681961712,1.0,0.12
06_healthy_low_turns_p2l_v2:0103,06_healthy_low_turns_p2l_v2,36.552999999999926,36.952999999999925,20.0,1.0,0.005344581772163735,0.0053448724323703805,0.005344581777208835,1.0,0.06,20.0,1.0,0.0003927107744177205,0.00040005740564487137,0.00039274936893619736,1.0,0.08,40.0,1.0,0.00015780662953812085,0.0002583155606140253,0.00018380424042326068,1.0,0.08,6.0,1.0,0.021337694620497685,0.04047654952314343,0.026931490936896275,1.0,0.12
06_healthy_low_turns_p2l_v2:0104,06_healthy_low_turns_p2l_v2,36.75299999999993,37.15299999999993,20.0,1.0,0.005306115370567377,0.005344501563441769,0.005306685884826462,1.0,0.06,20.0,1.0,0.000381554012053506,0.00040744502918259616,0.00041865193707269643,1.0,0.08,40.0,1.0,0.00022715437225036134,0.0004939432907418939,0.0002792925700404183,1.0,0.08,6.0,1.0,0.016653813252670017,0.02945650427931408,0.019518290428584894,1.0,0.12
06_healthy_low_turns_p2l_v2:0105,06_healthy_low_turns_p2l_v2,36.952999999999925,37.35299999999992,20.0,1.0,0.015764871060597253,0.03992764851885874,0.022356341384046338,1.0,0.06,20.0,1.0,0.029141662998186747,0.09932917108873693,0.052056109239120706,0.85,0.08,40.0,1.0,0.02418337998352592,0.07764460131656813,0.04176260210933967,0.9,0.08,6.0,1.0,0.03449478401741515,0.06928197902242565,0.04421188615431862,1.0,0.12
06_healthy_low_turns_p2l_v2:0106,06_healthy_low_turns_p2l_v2,37.15299999999992,37.55299999999992,20.0,1.0,0.013380803952837009,0.03992764851885874,0.0220666980223644,1.0,0.06,20.0,1.0,0.02995607269326095,0.09932917108873693,0.05219876246140247,0.85,0.08,40.0,1.0,0.024873953676450188,0.07764460131656813,0.041880397739302654,0.9,0.08,6.0,1.0,0.04561015564280433,0.07152985803087011,0.05151920453587552,1.0,0.12
06_healthy_low_turns_p2l_v2:0107,06_healthy_low_turns_p2l_v2,37.35299999999992,37.75299999999992,20.0,1.0,0.0002498577770339658,5.273261577862739e-05,0.0010064157277881976,1.0,0.06,20.0,1.0,0.00100199505013533,0.00029968703388607074,0.0038694071482698418,1.0,0.08,40.0,1.0,0.0009084204179992748,0.000611848713209824,0.0031509629382054758,1.0,0.08,6.0,1.0,0.024064468620308258,0.05070515997916515,0.031674467067899614,1.0,0.12
06_healthy_low_turns_p2l_v2:0108,06_healthy_low_turns_p2l_v2,37.552999999999926,37.952999999999925,20.0,1.0,0.0,0.0,0.0,1.0,0.06,20.0,1.0,6.0509217161839306e-30,1.1205410585525778e-29,7.12227038672686e-30,1.0,0.08,40.0,1.0,0.00015386780585264858,0.0003283758658471624,0.00020264189750919556,1.0,0.08,7.0,1.0,0.01328806884317644,0.02968898467564061,0.02064742806642961,1.0,0.12
06_healthy_low_turns_p2l_v2:0109,06_healthy_low_turns_p2l_v2,37.75299999999992,38.15299999999992,20.0,1.0,0.0,0.0,0.0,1.0,0.06,20.0,1.0,5.826813504473421e-30,1.1205410585525778e-29,6.97981058764513e-30,1.0,0.08,40.0,1.0,0.0001390054383599691,0.00028442287103217054,0.00018590772843468133,1.0,0.08,7.0,1.0,0.014241004376591728,0.028118850501029344,0.02070738391310614,1.0,0.12
06_healthy_low_turns_p2l_v2:0110,06_healthy_low_turns_p2l_v2,37.95299999999992,38.352999999999916,20.0,1.0,0.0,0.0,0.0,1.0,0.06,20.0,1.0,5.9388676103286554e-30,1.1205410585525778e-29,7.313623072201003e-30,1.0,0.08,40.0,1.0,0.00011929692762066174,0.00024192511341229877,0.0001484534877057236,1.0,0.08,6.0,1.0,0.012233882672559038,0.021328895984629444,0.014670267973347901,1.0,0.12
06_healthy_low_turns_p2l_v2:0111,06_healthy_low_turns_p2l_v2,38.15299999999992,38.55299999999992,20.0,1.0,0.0,0.0,0.0,1.0,0.06,20.0,1.0,5.9388676103286554e-30,1.1205410585525778e-29,7.313623072201003e-30,1.0,0.08,40.0,1.0,0.00016119243501121373,0.00032111593001389984,0.0002179738087649374,1.0,0.08,6.0,1.0,0.016154356011409538,0.03403772792344829,0.021261934566624764,1.0,0.12
06_healthy_low_turns_p2l_v2:0112,06_healthy_low_turns_p2l_v2,38.35299999999992,38.75299999999992,20.0,1.0,0.0,0.0,0.0,1.0,0.06,20.0,1.0,5.826813504473419e-30,1.1205410585525778e-29,6.97981058764513e-30,1.0,0.08,40.0,1.0,0.00016902288724589962,0.000328997975974332,0.00022672341442790979,1.0,0.08,6.0,1.0,0.011554151892153586,0.026944280711756922,0.01784622907032216,1.0,0.12
06_healthy_low_turns_p2l_v2:0113,06_healthy_low_turns_p2l_v2,38.55299999999992,38.95299999999992,20.0,1.0,0.0,0.0,0.0,1.0,0.06,20.0,1.0,6.0509217161839306e-30,1.1205410585525778e-29,7.12227038672686e-30,1.0,0.08,40.0,1.0,0.00015863711280686887,0.0003134279712164344,0.00019815095805983618,1.0,0.08,6.0,1.0,0.014113542803467447,0.0266212598754628,0.018404346782669768,1.0,0.12
06_healthy_low_turns_p2l_v2:0114,06_healthy_low_turns_p2l_v2,38.752999999999915,39.15299999999991,20.0,1.0,0.0,0.0,0.0,1.0,0.06,20.0,1.0,5.826813504473421e-30,1.1205410585525778e-29,6.97981058764513e-30,1.0,0.08,40.0,1.0,0.00015442927780745958,0.0002814132008399079,0.00018778427094213893,1.0,0.08,6.0,1.0,0.013957463061206238,0.0266212598754628,0.018186883698696445,1.0,0.12
06_healthy_low_turns_p2l_v2:0115,06_healthy_low_turns_p2l_v2,38.95299999999992,39.352999999999916,20.0,1.0,0.0,0.0,0.0,1.0,0.06,20.0,1.0,5.9388676103286554e-30,1.1205410585525778e-29,7.313623072201003e-30,1.0,0.08,40.0,1.0,0.00017151319281330304,0.00030273867342429077,0.0001971245813201328,1.0,0.08,6.0,1.0,0.011561131887605963,0.025260897221944037,0.017356912742972627,1.0,0.12
06_healthy_low_turns_p2l_v2:0116,06_healthy_low_turns_p2l_v2,39.15299999999992,39.55299999999992,20.0,1.0,0.0,0.0,0.0,1.0,0.06,20.0,1.0,5.9388676103286554e-30,1.1205410585525778e-29,7.313623072201003e-30,1.0,0.08,40.0,1.0,0.00018145908255647365,0.00030273867342429077,0.00021048598613820912,1.0,0.08,6.0,1.0,0.017246272931436577,0.036447990661345936,0.022458757139923718,1.0,0.12
06_healthy_low_turns_p2l_v2:0117,06_healthy_low_turns_p2l_v2,39.352999999999916,39.752999999999915,20.0,1.0,0.0,0.0,0.0,1.0,0.06,20.0,1.0,5.826813504473419e-30,1.1205410585525778e-29,6.97981058764513e-30,1.0,0.08,40.0,1.0,0.00014806167381395543,0.0002763321843155073,0.00017878055333844266,1.0,0.08,6.0,1.0,0.015512835104237706,0.027321863350667164,0.018601074704532795,1.0,0.12
06_healthy_low_turns_p2l_v2:0118,06_healthy_low_turns_p2l_v2,39.55299999999991,39.95299999999991,20.0,1.0,0.0,0.0,0.0,1.0,0.06,20.0,1.0,6.0509217161839306e-30,1.1205410585525778e-29,7.12227038672686e-30,1.0,0.08,40.0,1.0,0.00017428144710879642,0.0003586293368717059,0.00020984892901470577,1.0,0.08,6.0,1.0,0.013639006080112911,0.01890536857391955,0.014617857227813199,1.0,0.12
06_healthy_low_turns_p2l_v2:0119,06_healthy_low_turns_p2l_v2,39.752999999999915,40.15299999999991,20.0,1.0,0.004675705846711651,0.015504791034113804,0.012643312836653767,1.0,0.06,20.0,1.0,0.00039334543076251704,0.0017947620082452392,0.000935491571526175,1.0,0.08,40.0,1.0,0.0005668799139162586,0.0021306278269091197,0.0010364391867782599,1.0,0.08,6.0,1.0,0.025810958804442664,0.04268573518826212,0.029195138356319913,1.0,0.12
06_healthy_low_turns_p2l_v2:0120,06_healthy_low_turns_p2l_v2,39.95299999999992,40.352999999999916,20.0,1.0,0.01328738261200168,0.04393152305645005,0.02292225190880175,0.95,0.06,20.0,1.0,0.0011797715959224802,0.002985718717287095,0.0017078056620006437,1.0,0.08,40.0,1.0,0.002014433713993764,0.0028477518909305155,0.004724942099846795,1.0,0.08,6.0,1.0,0.03632346072940323,0.050936908799234876,0.038794513815264185,1.0,0.12
06_healthy_low_turns_p2l_v2:0121,06_healthy_low_turns_p2l_v2,40.15299999999991,40.55299999999991,20.0,1.0,0.008620269557203786,0.027923845131481096,0.01912005284399646,0.95,0.06,20.0,1.0,0.0008429529122420546,0.002985718717287095,0.0014310297848181533,1.0,0.08,40.0,1.0,0.0016469601168952693,0.002763284296863434,0.004616170727134972,1.0,0.08,6.0,1.0,0.029364206874892135,0.05655789453587564,0.03579985481296601,1.0,0.12
06_healthy_low_turns_p2l_v2:0122,06_healthy_low_turns_p2l_v2,40.35299999999991,40.75299999999991,20.0,1.0,1.7185747704415166e-05,1.718599673754262e-05,1.7185747705454486e-05,1.0,0.06,20.0,1.0,0.00011305197726879236,0.00011305428292653653,0.00011305197728232718,1.0,0.08,40.0,1.0,0.00018859067429462007,0.0003804206711634197,0.00023571400053892235,1.0,0.08,6.0,1.0,0.017476344825945265,0.03753240330771312,0.0248023695133675,1.0,0.12
06_healthy_low_turns_p2l_v2:0123,06_healthy_low_turns_p2l_v2,40.55299999999991,40.95299999999991,20.0,1.0,1.7186075285949286e-05,1.7186324098375505e-05,1.7186075286986285e-05,1.0,0.06,20.0,1.0,0.00011304894344231913,0.00011305124917690303,0.00011304894345585502,1.0,0.08,40.0,1.0,0.00016108414540514791,0.0003170065224458891,0.00020714335309870784,1.0,0.08,6.0,1.0,0.011487586478251793,0.019658944906464,0.013812313849087156,1.0,0.12
06_healthy_low_turns_p2l_v2:0124,06_healthy_low_turns_p2l_v2,40.752999999999915,41.15299999999991,20.0,1.0,1.718640266388238e-05,1.7186651451908674e-05,1.7186402664918937e-05,1.0,0.06,20.0,1.0,0.00011304590958650675,0.00011304821531421499,0.00011304590960004288,1.0,0.08,40.0,1.0,0.00016224085971109105,0.00034787409774734854,0.00020381384910379436,1.0,0.08,6.0,1.0,0.016005347821522572,0.021508349008639807,0.017464391421875138,1.0,0.12
06_healthy_low_turns_p2l_v2:0125,06_healthy_low_turns_p2l_v2,40.95299999999991,41.35299999999991,20.0,1.0,1.7186730016539865e-05,1.7186978803943043e-05,1.7186730017576457e-05,1.0,0.06,20.0,1.0,0.00011304287574691062,0.00011304518146017427,0.00011304287576044696,1.0,0.08,40.0,1.0,0.00017565469628060435,0.00036002799850352917,0.00021662602488308649,1.0,0.08,6.0,1.0,0.021528481952670514,0.03182253089774057,0.023328000678728502,1.0,0.12
06_healthy_low_turns_p2l_v2:0126,06_healthy_low_turns_p2l_v2,41.152999999999906,41.552999999999905,20.0,1.0,1.7187057341994105e-05,1.718730608608887e-05,1.7187057343030315e-05,1.0,0.06,20.0,1.0,0.00011303984193044932,0.00011304214762474035,0.00011303984194398578,1.0,0.08,40.0,1.0,0.00016305187893597716,0.0003514566905347836,0.00020203734031138431,1.0,0.08,6.0,1.0,0.023086898180372153,0.04781213109551018,0.029834090329598568,1.0,0.12
06_healthy_low_turns_p2l_v2:0127,06_healthy_low_turns_p2l_v2,41.35299999999991,41.75299999999991,20.0,1.0,1.7187384641585703e-05,1.7187633385151724e-05,1.718738464262192e-05,1.0,0.06,20.0,1.0,0.00011303680813720956,0.00011303911381496926,0.00011303680815074619,1.0,0.08,40.0,1.0,0.00015025019637707293,0.00031798580101484507,0.00019598770417490052,1.0,0.08,6.0,1.0,0.018005736452342855,0.03691109385206504,0.02552830566988548,1.0,0.12
06_healthy_low_turns_p2l_v2:0128,06_healthy_low_turns_p2l_v2,41.55299999999991,41.95299999999991,20.0,1.0,1.7187711934538164e-05,1.7187960668862968e-05,1.7187711935574214e-05,1.0,0.06,20.0,1.0,0.00011303377436722461,0.00011303608002550087,0.00011303377438076139,1.0,0.08,40.0,1.0,0.0001323551035135523,0.0002826338930081108,0.0001723874597425562,1.0,0.08,6.0,1.0,0.011531884150336158,0.02279096275147069,0.015413420404209663,1.0,0.12
06_healthy_low_turns_p2l_v2:0129,06_healthy_low_turns_p2l_v2,41.75299999999991,42.152999999999906,20.0,1.0,1.718803920554013e-05,1.7188287923081134e-05,1.7188039206576064e-05,1.0,0.06,20.0,1.0,0.00011303074062172932,0.0001130330462625336,0.00011303074063526623,1.0,0.08,40.0,1.0,0.0001426048505021306,0.00026077184674427845,0.00017496208697190873,1.0,0.08,6.0,1.0,0.016572712593850732,0.03185353294033793,0.021072729656852987,1.0,0.12
06_healthy_low_turns_p2l_v2:0130,06_healthy_low_turns_p2l_v2,41.9529999999999,42.3529999999999,20.0,1.0,1.718836645832056e-05,1.718861516041281e-05,1.7188366459356342e-05,1.0,0.06,20.0,1.0,0.00011302770689902455,0.00011303001252256448,0.00011302770691256162,1.0,0.08,40.0,1.0,0.00015731022606666427,0.0003838073052865658,0.00019794408581026113,1.0,0.08,6.0,1.0,0.023746877296332094,0.04640360760444722,0.02952263564347326,1.0,0.12
06_healthy_low_turns_p2l_v2:0131,06_healthy_low_turns_p2l_v2,42.152999999999906,42.552999999999905,20.0,1.0,1.7188693696419675e-05,1.7188942395385265e-05,1.7188693697455383e-05,1.0,0.06,20.0,1.0,0.0001130246732009666,0.00011302697880518954,0.00011302467321450383,1.0,0.08,40.0,1.0,0.00016088066037160312,0.00031531736007622124,0.000193822074163349,1.0,0.08,6.0,1.0,0.02389990496816018,0.044816063719412096,0.029617780323750217,1.0,0.12
06_healthy_low_turns_p2l_v2:0132,06_healthy_low_turns_p2l_v2,42.35299999999991,42.75299999999991,20.0,1.0,0.01566938728485761,0.05404275712484228,0.027613464621668422,0.95,0.06,20.0,1.0,0.0005143941593774849,0.0012173569273559194,0.0006923168513965729,1.0,0.08,40.0,1.0,0.0008348387836189473,0.0011934927680552691,0.0017877035065801484,1.0,0.08,6.0,1.0,0.023447541160476575,0.04554459535056972,0.029992433819587747,1.0,0.12
06_healthy_low_turns_p2l_v2:0133,06_healthy_low_turns_p2l_v2,42.552999999999905,42.9529999999999,20.0,1.0,0.01572426183376547,0.05404275712484228,0.027614920727262963,0.95,0.06,20.0,1.0,0.00047362432977577284,0.0012173569273559194,0.0006912825190943564,1.0,0.08,40.0,1.0,0.0008292876646672353,0.0011934927680552691,0.0017878134382843143,1.0,0.08,6.0,1.0,0.022536144992577806,0.0454687314775158,0.029200543537815208,1.0,0.12
07b_healthy_high_safe_zigzag_p2l_v2:0000,07b_healthy_high_safe_zigzag_p2l_v2,28.335,28.735,20.0,1.0,8.505192338455774e-19,1.0565846620660745e-18,8.748700285995944e-19,1.0,0.06,20.0,1.0,1.843702287858631e-18,2.2044270742204177e-18,1.8761783935797632e-18,1.0,0.08,40.0,1.0,0.00014148803893398055,0.00024909106675728184,0.00017626863046924624,1.0,0.08,6.0,1.0,0.013432808798956974,0.025112996660741863,0.016217723009993187,1.0,0.12
07b_healthy_high_safe_zigzag_p2l_v2:0001,07b_healthy_high_safe_zigzag_p2l_v2,28.535,28.935,20.0,1.0,0.005741328559406901,0.016738756436556076,0.016175917081114724,0.95,0.06,20.0,1.0,6.39432785408637e-16,2.8747290644341097e-15,1.4321384884141282e-15,1.0,0.08,40.0,1.0,0.00016874713524651976,0.000349342755187114,0.00020910695683389654,1.0,0.08,6.0,1.0,0.008854313047755278,0.015374986896212995,0.010534687482178538,1.0,0.12
07b_healthy_high_safe_zigzag_p2l_v2:0002,07b_healthy_high_safe_zigzag_p2l_v2,28.735,29.134999999999998,20.0,1.0,0.023520079202084716,0.06446305293901473,0.041568297304670584,0.85,0.06,20.0,1.0,1.7590689587482071e-15,4.1527223736627346e-15,2.4356307424132564e-15,1.0,0.08,40.0,1.0,0.00018449387845340825,0.000349342755187114,0.00022308290344184376,1.0,0.08,6.0,1.0,0.031117809089787594,0.06830656900200129,0.045418538654589224,1.0,0.12
07b_healthy_high_safe_zigzag_p2l_v2:0003,07b_healthy_high_safe_zigzag_p2l_v2,28.935,29.334999999999997,20.0,1.0,0.017791988744915183,0.06248893419973165,0.03829181894202843,0.9,0.06,20.0,1.0,1.3883651590309607e-15,4.094636147820171e-15,2.0064023303574834e-15,1.0,0.08,40.0,1.0,0.0001822808462111281,0.0003786214874351113,0.00022332827333045526,1.0,0.08,6.0,1.0,0.035268734313689425,0.06830656900200129,0.047244511378693406,1.0,0.12
07b_healthy_high_safe_zigzag_p2l_v2:0004,07b_healthy_high_safe_zigzag_p2l_v2,29.134999999999998,29.534999999999997,20.0,1.0,2.6475397253687695e-05,2.6477020855922296e-05,2.647539727640234e-05,1.0,0.06,20.0,1.0,5.778284824123246e-16,6.239287052040559e-16,5.800863595106883e-16,1.0,0.08,40.0,1.0,0.00018074128120094005,0.00038770130251032956,0.00022900366924082219,1.0,0.08,6.0,1.0,0.01131783551409731,0.025839041158694454,0.01611479192887669,1.0,0.12
07b_healthy_high_safe_zigzag_p2l_v2:0005,07b_healthy_high_safe_zigzag_p2l_v2,29.334999999999997,29.734999999999996,20.0,1.0,0.0015586397621912816,0.001514901269621683,0.005316287796770083,1.0,0.06,20.0,1.0,6.386236331391827e-16,6.785906573072404e-16,6.391740074522179e-16,1.0,0.08,40.0,1.0,0.0001729512918770269,0.00037038710632409104,0.00022040045659083975,1.0,0.08,6.0,1.0,0.011949428554432212,0.024447091665561707,0.016301108212234197,1.0,0.12
07b_healthy_high_safe_zigzag_p2l_v2:0006,07b_healthy_high_safe_zigzag_p2l_v2,29.534999999999997,29.934999999999995,20.0,1.0,0.027843273174286965,0.07914758111073142,0.04943121153194588,0.8,0.06,20.0,1.0,4.1956268021315467e-16,6.785906573072404e-16,4.996018207798216e-16,1.0,0.08,40.0,1.0,0.0001711233570803494,0.0003765964584784277,0.00022120452514772632,1.0,0.08,6.0,1.0,0.035221843775443754,0.07093441092531161,0.04490436618640064,1.0,0.12
07b_healthy_high_safe_zigzag_p2l_v2:0007,07b_healthy_high_safe_zigzag_p2l_v2,29.734999999999996,30.134999999999994,20.0,1.0,0.02629787070711199,0.07914758111073142,0.04914450231745003,0.8,0.06,20.0,1.0,9.085353925053603e-17,3.4673720160669016e-16,1.821710173755503e-16,1.0,0.08,40.0,1.0,0.00015546277646051615,0.00035564593030699434,0.00020292579175728567,1.0,0.08,6.0,1.0,0.04169293457810062,0.07093441092531161,0.04886440192296433,1.0,0.12
07b_healthy_high_safe_zigzag_p2l_v2:0008,07b_healthy_high_safe_zigzag_p2l_v2,29.934999999999995,30.334999999999994,20.0,1.0,6.94735456302595e-30,1.1205410585525669e-29,7.698369883045364e-30,1.0,0.06,20.0,1.0,4.936392317507874e-44,7.961923092754595e-44,5.470020797592215e-44,1.0,0.08,40.0,1.0,0.00016623538451716538,0.00036040863553081623,0.00021871290055082998,1.0,0.08,6.0,1.0,0.0204071950873409,0.041695827976857364,0.02567691892315732,1.0,0.12
07b_healthy_high_safe_zigzag_p2l_v2:0009,07b_healthy_high_safe_zigzag_p2l_v2,30.134999999999994,30.534999999999993,20.0,1.0,6.611192245460177e-30,1.1205410585525669e-29,7.44970214602393e-30,1.0,0.06,20.0,1.0,4.697534624725234e-44,7.961923092754595e-44,5.293331743433733e-44,1.0,0.08,40.0,1.0,0.00018443003699062846,0.00035162437104171984,0.00023033410942666617,1.0,0.08,6.0,1.0,0.011906340332070865,0.022116733050086115,0.014718767713988407,1.0,0.12
07b_healthy_high_safe_zigzag_p2l_v2:0010,07b_healthy_high_safe_zigzag_p2l_v2,30.334999999999994,30.734999999999992,20.0,1.0,6.94735456302595e-30,1.1205410585525669e-29,7.698369883045364e-30,1.0,0.06,20.0,1.0,4.936392317507874e-44,7.961923092754595e-44,5.470020797592215e-44,1.0,0.08,40.0,1.0,0.00016193310238417252,0.00032985608829322956,0.00019646239449004022,1.0,0.08,6.0,1.0,0.014216502869943207,0.03491912634239619,0.021091085364612273,1.0,0.12
07b_healthy_high_safe_zigzag_p2l_v2:0011,07b_healthy_high_safe_zigzag_p2l_v2,30.534999999999993,30.93499999999999,20.0,1.0,0.025812986820132368,0.08401673715362415,0.062457647398002795,0.85,0.06,20.0,1.0,0.03195171122541942,0.051443825623861975,0.09633106685211516,0.9,0.08,40.0,1.0,0.011157759065839587,0.042995530929247586,0.029715860285481187,0.95,0.08,6.0,1.0,0.035155755019359976,0.0856729632640399,0.056433779093663795,0.8333333333333334,0.12
07b_healthy_high_safe_zigzag_p2l_v2:0012,07b_healthy_high_safe_zigzag_p2l_v2,30.734999999999992,31.13499999999999,20.0,1.0,0.04133392447377863,0.1277784533926801,0.07204253305110603,0.75,0.06,20.0,1.0,0.07436089352287248,0.24262416916658922,0.12560947379431867,0.7,0.08,40.0,1.0,0.028748306144268765,0.0978222101799112,0.048217368645802366,0.85,0.08,6.0,1.0,0.051128716589295624,0.10505623038952087,0.06559149767042945,0.8333333333333334,0.12
07b_healthy_high_safe_zigzag_p2l_v2:0013,07b_healthy_high_safe_zigzag_p2l_v2,30.93499999999999,31.33499999999999,20.0,1.0,0.017880130191979312,0.0540719383685484,0.03606182939989872,0.9,0.06,20.0,1.0,0.04736593589491676,0.1475658643672908,0.08093548456750056,0.8,0.08,40.0,1.0,0.017889710347701714,0.07253461467821083,0.03797386186222596,0.9,0.08,6.0,1.0,0.04488219069444799,0.06533620699353794,0.048295939507853915,1.0,0.12
07b_healthy_high_safe_zigzag_p2l_v2:0014,07b_healthy_high_safe_zigzag_p2l_v2,31.13499999999999,31.53499999999999,20.0,1.0,0.004818901233770259,0.005374133333042879,0.0048468506412386765,1.0,0.06,20.0,1.0,0.009445257746804788,0.01318261869164082,0.009748994130497301,1.0,0.08,40.0,1.0,0.0004742550382455635,0.0006550365567802363,0.0004987086283343337,1.0,0.08,6.0,1.0,0.03089509365423811,0.04744360575504189,0.035854030527921986,1.0,0.12
07b_healthy_high_safe_zigzag_p2l_v2:0015,07b_healthy_high_safe_zigzag_p2l_v2,31.33499999999999,31.73499999999999,20.0,1.0,0.0033889269449156934,0.00534143105010042,0.003820082375497811,1.0,0.06,20.0,1.0,0.016085226366189545,0.028345692845977752,0.018049497470951262,1.0,0.08,40.0,1.0,0.0007123550760962952,0.0014129165059541765,0.0008864615496883051,1.0,0.08,6.0,1.0,0.024965366474186027,0.0640357957133282,0.03898024129714018,1.0,0.12
07b_healthy_high_safe_zigzag_p2l_v2:0016,07b_healthy_high_safe_zigzag_p2l_v2,31.53499999999999,31.934999999999988,20.0,1.0,0.0019085829123051262,0.0037366960095056197,0.0023867707363584593,1.0,0.06,20.0,1.0,0.02216549268585006,0.03075430107918392,0.02357205245191929,1.0,0.08,40.0,1.0,0.0017328232348134075,0.0038384482149055113,0.002360471250444128,1.0,0.08,6.0,1.0,0.02959154433514385,0.06995181384745446,0.04228583608060322,1.0,0.12
07b_healthy_high_safe_zigzag_p2l_v2:0017,07b_healthy_high_safe_zigzag_p2l_v2,31.73499999999999,32.13499999999999,20.0,1.0,0.002716479740657535,0.00479758346037173,0.003182059128152006,1.0,0.06,20.0,1.0,0.020043663707655972,0.03134389143606652,0.022252488835717066,1.0,0.08,40.0,1.0,0.0016423847277853732,0.0038384482149055113,0.0023114913911597163,1.0,0.08,6.0,1.0,0.0256628093281973,0.046980738638341984,0.03174438948957066,1.0,0.12
07b_healthy_high_safe_zigzag_p2l_v2:0018,07b_healthy_high_safe_zigzag_p2l_v2,31.934999999999988,32.33499999999999,20.0,1.0,0.0020191888752853298,0.00479758346037173,0.002647452792325639,1.0,0.06,20.0,1.0,0.028065604213036464,0.038254732604563725,0.030250168228015132,1.0,0.08,40.0,1.0,0.0006765148499594059,0.0013907100368172618,0.0008939850645479631,1.0,0.08,6.0,1.0,0.019637953731275665,0.035533014730372015,0.024197801371395884,1.0,0.12
07b_healthy_high_safe_zigzag_p2l_v2:0019,07b_healthy_high_safe_zigzag_p2l_v2,32.13499999999999,32.53499999999999,20.0,1.0,0.0007394642911244337,0.0012849560893515859,0.0008453958611789654,1.0,0.06,20.0,1.0,0.0361589876534986,0.038254732604563725,0.036235818013173174,1.0,0.08,40.0,1.0,0.0005847835425623171,0.0011923525190095485,0.0007498091136426882,1.0,0.08,6.0,1.0,0.01642249394890009,0.02716655515923158,0.01886017000330407,1.0,0.12
07b_healthy_high_safe_zigzag_p2l_v2:0020,07b_healthy_high_safe_zigzag_p2l_v2,32.33499999999999,32.734999999999985,20.0,1.0,0.002533772620486793,0.005351234046489407,0.0031826170822654796,1.0,0.06,20.0,1.0,0.025995393176965607,0.03750684734532391,0.02812893593310213,1.0,0.08,40.0,1.0,0.0007962699297871772,0.0011446370130135616,0.0010610880015332594,1.0,0.08,6.0,1.0,0.02271715092278199,0.03343840151636143,0.024840705122553642,1.0,0.12
07b_healthy_high_safe_zigzag_p2l_v2:0021,07b_healthy_high_safe_zigzag_p2l_v2,32.53499999999998,32.93499999999998,20.0,1.0,0.03646715909032232,0.10302331470264495,0.05787165288568365,0.75,0.06,20.0,1.0,0.060221195899121574,0.192331509577277,0.09772798250156517,0.75,0.08,40.0,1.0,0.03222556584604351,0.10884533986370092,0.056442033864262435,0.825,0.08,6.0,1.0,0.04190695932651021,0.0787698147717349,0.050535662841026084,1.0,0.12
07b_healthy_high_safe_zigzag_p2l_v2:0022,07b_healthy_high_safe_zigzag_p2l_v2,32.734999999999985,33.134999999999984,20.0,1.0,0.03477184281793224,0.10302331470264495,0.057807023015467494,0.75,0.06,20.0,1.0,0.053539134502780396,0.192331509577277,0.09706868922042924,0.75,0.08,40.0,1.0,0.03315459134468664,0.10884533986370092,0.05669003875032754,0.825,0.08,7.0,1.0,0.03122302362322902,0.0786709352569811,0.04397596131002914,1.0,0.12
07b_healthy_high_safe_zigzag_p2l_v2:0023,07b_healthy_high_safe_zigzag_p2l_v2,32.93499999999999,33.33499999999999,20.0,1.0,0.00038106585449817115,0.00012123708019024093,0.0014596171081431009,1.0,0.06,20.0,1.0,0.001745055101587338,0.0006699586434858598,0.006487433966659465,1.0,0.08,40.0,1.0,0.0015467136422685848,0.000906131540823311,0.00538818809291145,1.0,0.08,7.0,1.0,0.015694578907654775,0.026868358860915226,0.017794428509587647,1.0,0.12
07b_healthy_high_safe_zigzag_p2l_v2:0024,07b_healthy_high_safe_zigzag_p2l_v2,33.134999999999984,33.53499999999998,20.0,1.0,7.251137844351986e-14,2.2905743112522575e-13,1.2343307240170116e-13,1.0,0.06,20.0,1.0,8.162157818312325e-14,2.0336762576985773e-13,1.1769623338516169e-13,1.0,0.08,40.0,1.0,0.00018633873941998445,0.0003467534371322241,0.00023025869019854199,1.0,0.08,6.0,1.0,0.0189442989268848,0.02989007289606383,0.020616308755887793,1.0,0.12
07b_healthy_high_safe_zigzag_p2l_v2:0025,07b_healthy_high_safe_zigzag_p2l_v2,33.33499999999998,33.73499999999998,20.0,1.0,1.0543394108797963e-15,0.0,4.7151491881686115e-15,1.0,0.06,20.0,1.0,2.207829878515909e-15,0.0,9.87371538223335e-15,1.0,0.08,40.0,1.0,0.00018591647128015986,0.0003848857014943778,0.00023443683048910745,1.0,0.08,6.0,1.0,0.016987716625778665,0.03053607812151688,0.020165476424437036,1.0,0.12
07b_healthy_high_safe_zigzag_p2l_v2:0026,07b_healthy_high_safe_zigzag_p2l_v2,33.53499999999998,33.93499999999998,20.0,1.0,0.0,0.0,0.0,1.0,0.06,20.0,1.0,0.0,0.0,0.0,1.0,0.08,40.0,1.0,0.0002000299477842098,0.00038909172271367427,0.00025059775430936754,1.0,0.08,6.0,1.0,0.009384661643569688,0.020874254302250844,0.013936967760874833,1.0,0.12
07b_healthy_high_safe_zigzag_p2l_v2:0027,07b_healthy_high_safe_zigzag_p2l_v2,33.734999999999985,34.134999999999984,20.0,1.0,0.0,0.0,0.0,1.0,0.06,20.0,1.0,0.0,0.0,0.0,1.0,0.08,40.0,1.0,0.0001696105892331511,0.0002978901618358282,0.0002056231012849803,1.0,0.08,6.0,1.0,0.008169625846512749,0.018803461999578653,0.011932808749232924,1.0,0.12
07b_healthy_high_safe_zigzag_p2l_v2:0028,07b_healthy_high_safe_zigzag_p2l_v2,33.93499999999998,34.33499999999998,20.0,1.0,0.00028116320217031344,4.219016539937829e-05,0.0011668798505338395,1.0,0.06,20.0,1.0,4.963157838867458e-06,8.154560163231571e-07,2.0453939997528328e-05,1.0,0.08,40.0,1.0,0.00012972640443291965,0.0002651583758773077,0.00016806524469126482,1.0,0.08,6.0,1.0,0.013535553737412035,0.03172840887905263,0.019256335420372576,1.0,0.12
07b_healthy_high_safe_zigzag_p2l_v2:0029,07b_healthy_high_safe_zigzag_p2l_v2,34.13499999999998,34.534999999999975,20.0,1.0,0.052229389920367256,0.17012062396294161,0.09266959299126928,0.7,0.06,20.0,1.0,0.07448022238170734,0.268798770480888,0.1368769098174998,0.7,0.08,40.0,1.0,0.029067970034050945,0.09714221257410281,0.05175651371432818,0.825,0.08,6.0,1.0,0.03538596926303517,0.07876187479428348,0.051327636419134945,1.0,0.12
07b_healthy_high_safe_zigzag_p2l_v2:0030,07b_healthy_high_safe_zigzag_p2l_v2,34.33499999999998,34.73499999999998,20.0,1.0,0.055605447899249906,0.17012062396294161,0.09281246402296782,0.7,0.06,20.0,1.0,0.07685378372771522,0.268798770480888,0.1370943172166634,0.7,0.08,40.0,1.0,0.030912424525176486,0.09714221257410281,0.05217988628516791,0.825,0.08,6.0,1.0,0.04303559669293047,0.07876187479428348,0.05387629059821603,1.0,0.12
07b_healthy_high_safe_zigzag_p2l_v2:0031,07b_healthy_high_safe_zigzag_p2l_v2,34.53499999999998,34.93499999999998,20.0,1.0,0.007039962579882967,0.006842850467227997,0.00712372796944843,1.0,0.06,20.0,1.0,0.002642763295078887,0.0017075471165657902,0.007726811505067614,1.0,0.08,40.0,1.0,0.0019561905008182376,0.0015699015547028473,0.006635264406730496,1.0,0.08,6.0,1.0,0.024035921156377742,0.03784157782400305,0.026651854980135562,1.0,0.12
07b_healthy_high_safe_zigzag_p2l_v2:0032,07b_healthy_high_safe_zigzag_p2l_v2,34.73499999999998,35.13499999999998,20.0,1.0,0.00676511791199943,0.006765593871219405,0.006765117925751249,1.0,0.06,20.0,1.0,0.000495673022574375,0.0005457151849177111,0.0004971144565688936,1.0,0.08,40.0,1.0,0.0001493012488732695,0.00033025737793305755,0.0001876880902876311,1.0,0.08,6.0,1.0,0.014933443308557762,0.02351694369798027,0.017565066875853002,1.0,0.12
07b_healthy_high_safe_zigzag_p2l_v2:0033,07b_healthy_high_safe_zigzag_p2l_v2,34.934999999999974,35.33499999999997,20.0,1.0,0.00676406894140936,0.006765030410098705,0.006764068988065822,1.0,0.06,20.0,1.0,0.00043090319743051275,0.0004797160423052838,0.0004324769909413848,1.0,0.08,40.0,1.0,0.00016656975127431471,0.000331811175440061,0.00020376455535372372,1.0,0.08,6.0,1.0,0.014634311075331946,0.03516416358357036,0.02251271844166929,1.0,0.12
07b_healthy_high_safe_zigzag_p2l_v2:0034,07b_healthy_high_safe_zigzag_p2l_v2,35.13499999999998,35.534999999999975,20.0,1.0,0.006762384938547425,0.006763827614770857,0.006762385037487256,1.0,0.06,20.0,1.0,0.0003679968130998773,0.00041529777249254554,0.00036972259955378315,1.0,0.08,40.0,1.0,0.00016641483277855668,0.0003078948852495156,0.00020460211566132597,1.0,0.08,6.0,1.0,0.0176842267137232,0.0380363818832658,0.024113108031347134,1.0,0.12
07b_healthy_high_safe_zigzag_p2l_v2:0035,07b_healthy_high_safe_zigzag_p2l_v2,35.33499999999998,35.73499999999998,20.0,1.0,0.006760075101912797,0.006761990613895014,0.006760075271284586,1.0,0.06,20.0,1.0,0.00030731703633344877,0.0003528334395665078,0.00030922470626756617,1.0,0.08,40.0,1.0,0.00015698805192483484,0.0003078948852495156,0.00018907432605682822,1.0,0.08,6.0,1.0,0.02492332094959902,0.04345768475158879,0.029387602316708374,1.0,0.12
07b_healthy_high_safe_zigzag_p2l_v2:0036,07b_healthy_high_safe_zigzag_p2l_v2,35.534999999999975,35.934999999999974,20.0,1.0,0.0067571529562289595,0.006759530050574702,0.006757153212561588,1.0,0.06,20.0,1.0,0.00024921337028250277,0.0002926831597442725,0.0002513510893403552,1.0,0.08,40.0,1.0,0.00014428951286523246,0.00027956267326521015,0.0001750938866121474,1.0,0.08,6.0,1.0,0.026671525516490168,0.04345768475158879,0.030711311054867227,1.0,0.12
07b_healthy_high_safe_zigzag_p2l_v2:0037,07b_healthy_high_safe_zigzag_p2l_v2,35.73499999999997,36.13499999999997,20.0,1.0,0.006753635635602506,0.006756460384599888,0.006753635993440034,1.0,0.06,20.0,1.0,0.00019402010377630175,0.00023519328420551489,0.00019647168482764136,1.0,0.08,40.0,1.0,0.00014981299279174105,0.0003081058624095301,0.0001959690291370635,1.0,0.08,6.0,1.0,0.02350754637301572,0.03889968539125288,0.02699317839976899,1.0,0.12
07b_healthy_high_safe_zigzag_p2l_v2:0038,07b_healthy_high_safe_zigzag_p2l_v2,35.934999999999974,36.33499999999997,20.0,1.0,0.006749543697174662,0.006752799609317056,0.006749544168754303,1.0,0.06,20.0,1.0,0.00014205447282872042,0.00018069446535267652,0.0001449827504176203,1.0,0.08,40.0,1.0,0.00015526484710230576,0.00035582834052638187,0.00020955231386373763,1.0,0.08,6.0,1.0,0.027361038986897835,0.04585142884732321,0.031725407634744025,1.0,0.12
07b_healthy_high_safe_zigzag_p2l_v2:0039,07b_healthy_high_safe_zigzag_p2l_v2,36.13499999999998,36.534999999999975,20.0,1.0,0.00674490097809888,0.0067485691050244824,0.006744901573077921,1.0,0.06,20.0,1.0,9.361489998225281e-05,0.00012949987850847112,9.73966657090348e-05,1.0,0.08,40.0,1.0,0.00016376420128302315,0.0003335892912427474,0.00020429462795082151,1.0,0.08,6.0,1.0,0.02119891697562974,0.03982005280424239,0.025191041700261,1.0,0.12
07b_healthy_high_safe_zigzag_p2l_v2:0040,07b_healthy_high_safe_zigzag_p2l_v2,36.33499999999997,36.73499999999997,20.0,1.0,0.006739734457829996,0.006743793498224388,0.006739735183066576,1.0,0.06,20.0,1.0,4.89794058859544e-05,8.190339085821231e-05,5.481355402439475e-05,1.0,0.08,40.0,1.0,0.00015348037512648988,0.0002747400922591348,0.00018371872490491008,1.0,0.08,6.0,1.0,0.0204148562928272,0.039247507688094346,0.024756365383926334,1.0,0.12
07b_healthy_high_safe_zigzag_p2l_v2:0041,07b_healthy_high_safe_zigzag_p2l_v2,36.53499999999997,36.93499999999997,20.0,1.0,0.006694475936680178,0.006738500526391073,0.006695029236681653,1.0,0.06,20.0,1.0,0.0002033158179117811,0.0006564740893495463,0.00043897984890885075,1.0,0.08,40.0,1.0,0.00022833350752990146,0.0004651537853941679,0.00027899018634605204,1.0,0.08,6.0,1.0,0.03237679041610155,0.05597342849796577,0.03783274680304722,1.0,0.12
07b_healthy_high_safe_zigzag_p2l_v2:0042,07b_healthy_high_safe_zigzag_p2l_v2,36.73499999999997,37.13499999999997,20.0,1.0,0.005942885233572415,0.006731879657617551,0.0060034991617561075,1.0,0.06,20.0,1.0,0.003588379333097616,0.009505397250317411,0.005240191911281485,1.0,0.08,40.0,1.0,0.0009567809767842675,0.001967112881435896,0.0019248401870289888,1.0,0.08,6.0,1.0,0.026245175316904068,0.053967322254448474,0.03443772870696322,1.0,0.12
07b_healthy_high_safe_zigzag_p2l_v2:0043,07b_healthy_high_safe_zigzag_p2l_v2,36.934999999999974,37.33499999999997,20.0,1.0,0.00429467542854709,0.005889079563217676,0.004503230000974131,1.0,0.06,20.0,1.0,0.011299679366718524,0.027090293514036738,0.0146507452203961,1.0,0.08,40.0,1.0,0.002224837479472587,0.005334686683091101,0.0032801271850940164,1.0,0.08,6.0,1.0,0.02034126528672438,0.049380242746544734,0.02970716498549139,1.0,0.12
07b_healthy_high_safe_zigzag_p2l_v2:0044,07b_healthy_high_safe_zigzag_p2l_v2,37.13499999999997,37.53499999999997,20.0,1.0,0.0019070298715465172,0.004512160805669585,0.0025456085387555415,1.0,0.06,20.0,1.0,0.02645725552273459,0.03748811569238248,0.02960285003508354,1.0,0.08,40.0,1.0,0.0016437176573126141,0.004316476363260208,0.002722850246150087,1.0,0.08,6.0,1.0,0.023696924974696693,0.04879968746987651,0.030784514360452906,1.0,0.12
07b_healthy_high_safe_zigzag_p2l_v2:0045,07b_healthy_high_safe_zigzag_p2l_v2,37.334999999999965,37.734999999999964,20.0,1.0,0.000428126629459788,0.0004608422942468495,0.00043870169722226695,1.0,0.06,20.0,1.0,0.03726122501691283,0.03748811569238248,0.03726510924821408,1.0,0.08,40.0,1.0,0.00031470331062301434,0.0005129115261120427,0.0005709590636612197,1.0,0.08,6.0,1.0,0.030148635161636444,0.046683258256051074,0.033496783036031194,1.0,0.12
07b_healthy_high_safe_zigzag_p2l_v2:0046,07b_healthy_high_safe_zigzag_p2l_v2,37.53499999999997,37.93499999999997,20.0,1.0,0.0004954097377031202,0.0007402172791166674,0.0005265531058452597,1.0,0.06,20.0,1.0,0.03682126760462825,0.03743347121865675,0.03683612092733901,1.0,0.08,40.0,1.0,0.0003173446465220511,0.0007250203317874294,0.00041810012449907335,1.0,0.08,6.0,1.0,0.03599233703848928,0.056757655880572716,0.039629579770426436,1.0,0.12
07b_healthy_high_safe_zigzag_p2l_v2:0047,07b_healthy_high_safe_zigzag_p2l_v2,37.73499999999997,38.13499999999997,20.0,1.0,0.0017431929323977109,0.0038368758050626233,0.0022773998363330872,1.0,0.06,20.0,1.0,0.02981551025150094,0.03726017744336026,0.03085833361273457,1.0,0.08,40.0,1.0,0.0005548662345757239,0.0009476397964728989,0.0006314181526634652,1.0,0.08,6.0,1.0,0.03224218954157082,0.04795802520507822,0.03559723730555048,1.0,0.12
07b_healthy_high_safe_zigzag_p2l_v2:0048,07b_healthy_high_safe_zigzag_p2l_v2,37.93499999999997,38.334999999999965,20.0,1.0,0.04566667805887109,0.148553556603117,0.07571635158272787,0.7,0.06,20.0,1.0,0.07162639221173189,0.2348513049607329,0.11395954605558696,0.7,0.08,40.0,1.0,0.031211808711872863,0.10894528590421569,0.05698163768626229,0.8,0.08,6.0,1.0,0.044645307246537445,0.07968744211067257,0.05689057184026415,0.8333333333333334,0.12
07b_healthy_high_safe_zigzag_p2l_v2:0049,07b_healthy_high_safe_zigzag_p2l_v2,38.13499999999996,38.53499999999996,20.0,1.0,0.04493978779746367,0.148553556603117,0.0757280612488906,0.7,0.06,20.0,1.0,0.06292339630765123,0.2348513049607329,0.11312374483316424,0.7,0.08,40.0,1.0,0.033385626150394254,0.10894528590421569,0.05763708599540719,0.8,0.08,6.0,1.0,0.03892760161622009,0.08159830457808287,0.05551608450304312,0.8333333333333334,0.12
07b_healthy_high_safe_zigzag_p2l_v2:0050,07b_healthy_high_safe_zigzag_p2l_v2,38.334999999999965,38.734999999999964,20.0,1.0,0.0007197439171780578,0.0005339782028872745,0.002600334631433348,1.0,0.06,20.0,1.0,0.0029960090328630404,0.0029252491252918654,0.010260461523677024,1.0,0.08,40.0,1.0,0.0025931352524479457,0.0022472970641868855,0.00868337127344338,1.0,0.08,6.0,1.0,0.012035983821665604,0.027236764968604388,0.01834628143869147,1.0,0.12
07b_healthy_high_safe_zigzag_p2l_v2:0051,07b_healthy_high_safe_zigzag_p2l_v2,38.53499999999997,38.93499999999997,20.0,1.0,2.4969942638907213e-13,1.161102332709195e-12,5.895762501408114e-13,1.0,0.06,20.0,1.0,2.7684925059516816e-13,1.287349015267543e-12,6.536808889815552e-13,1.0,0.08,40.0,1.0,0.0001719381753854686,0.0002982708511008026,0.00020246434637155946,1.0,0.08,6.0,1.0,0.011122072398775011,0.02424921141546852,0.014928493311075848,1.0,0.12
07b_healthy_high_safe_zigzag_p2l_v2:0052,07b_healthy_high_safe_zigzag_p2l_v2,38.734999999999964,39.13499999999996,20.0,1.0,1.424537323742957e-28,2.6380320810054717e-28,1.6767594213861733e-28,1.0,0.06,20.0,1.0,0.0,0.0,0.0,1.0,0.08,40.0,1.0,0.00016964575974383228,0.0002982708511008026,0.0001994569024076135,1.0,0.08,6.0,1.0,0.014196178282602492,0.02552026485835816,0.01769578314445929,1.0,0.12
07b_healthy_high_safe_zigzag_p2l_v2:0053,07b_healthy_high_safe_zigzag_p2l_v2,38.93499999999996,39.33499999999996,20.0,1.0,1.371776682122845e-28,2.6380320810054717e-28,1.685039765183286e-28,1.0,0.06,20.0,1.0,0.0,0.0,0.0,1.0,0.08,40.0,1.0,0.0001728315403841812,0.00033286388512660946,0.00020645980196854993,1.0,0.08,6.0,1.0,0.017897408707608267,0.03364166678230626,0.0223249688391041,1.0,0.12
07b_healthy_high_safe_zigzag_p2l_v2:0054,07b_healthy_high_safe_zigzag_p2l_v2,39.13499999999996,39.53499999999996,20.0,1.0,0.016159649812799937,0.03618702835600752,0.04413985257940776,0.9,0.06,20.0,1.0,0.02115013894557712,0.026020737501118992,0.07050639403627329,0.9,0.08,40.0,1.0,0.009310668615640923,0.03250925042717177,0.025971969379921012,0.95,0.08,6.0,1.0,0.025920130765927488,0.04454505110278345,0.02977807102013508,1.0,0.12
07b_healthy_high_safe_zigzag_p2l_v2:0055,07b_healthy_high_safe_zigzag_p2l_v2,39.334999999999965,39.734999999999964,20.0,1.0,0.03605749744246841,0.10412454504587473,0.06114249725645066,0.75,0.06,20.0,1.0,0.06043085793255702,0.20409760073503103,0.1088650752159611,0.7,0.08,40.0,1.0,0.030883222108960506,0.10038362289093256,0.051354188028624084,0.825,0.08,7.0,1.0,0.033617407642787756,0.06709424167340534,0.044439116661256786,1.0,0.12
07b_healthy_high_safe_zigzag_p2l_v2:0056,07b_healthy_high_safe_zigzag_p2l_v2,39.53499999999996,39.93499999999996,20.0,1.0,0.023349245282840513,0.06829434620756025,0.04258993632949408,0.85,0.06,20.0,1.0,0.03958090606053666,0.15294364296785676,0.08294958322345733,0.8,0.08,40.0,1.0,0.021747368712778013,0.09351820684005134,0.044302983947416635,0.875,0.08,7.0,1.0,0.02952066743649082,0.06480160869411886,0.04256017189916495,1.0,0.12
07b_healthy_high_safe_zigzag_p2l_v2:0057,07b_healthy_high_safe_zigzag_p2l_v2,39.73499999999996,40.134999999999955,20.0,1.0,0.0069028618357170335,0.006902963530241846,0.006902861836572837,1.0,0.06,20.0,1.0,0.0005725119246995092,0.0006149988928263017,0.0005734127645943456,1.0,0.08,40.0,1.0,0.00016266208216498683,0.00029225092914900164,0.00020492879257599577,1.0,0.08,6.0,1.0,0.015030643742174832,0.032532195428992494,0.020437113269139835,1.0,0.12
07b_healthy_high_safe_zigzag_p2l_v2:0058,07b_healthy_high_safe_zigzag_p2l_v2,39.93499999999996,40.33499999999996,20.0,1.0,0.006902727630466099,0.006902963530241846,0.006902727634814292,1.0,0.06,20.0,1.0,0.0005174407712016549,0.0005589759854247644,0.0005183912059129016,1.0,0.08,40.0,1.0,0.0001502966393807384,0.00029113325659400056,0.000186292611565993,1.0,0.08,6.0,1.0,0.02193260069775574,0.043166855631527945,0.028564438323801965,1.0,0.12
07b_healthy_high_safe_zigzag_p2l_v2:0059,07b_healthy_high_safe_zigzag_p2l_v2,40.13499999999996,40.53499999999996,20.0,1.0,0.006902055726281673,0.006902705472331472,0.006902055748130144,1.0,0.06,20.0,1.0,0.00046383680839267026,0.0005041733585955499,0.00046483447131385916,1.0,0.08,40.0,1.0,0.00016598119150966484,0.0002908819156078768,0.00020405214853065954,1.0,0.08,6.0,1.0,0.030463514667386154,0.0579263388757284,0.03662081864070559,1.0,0.12
07b_healthy_high_safe_zigzag_p2l_v2:0060,07b_healthy_high_safe_zigzag_p2l_v2,40.33499999999996,40.73499999999996,20.0,1.0,0.006900845194413171,0.006901903404486509,0.006900845247532721,1.0,0.06,20.0,1.0,0.00041201337874856027,0.00045091760119839175,0.00041305561161462414,1.0,0.08,40.0,1.0,0.00016129585286487613,0.0002828607546735696,0.00020176835305061176,1.0,0.08,6.0,1.0,0.02499793877859523,0.048297792805558515,0.030705957851140074,1.0,0.12
07b_healthy_high_safe_zigzag_p2l_v2:0061,07b_healthy_high_safe_zigzag_p2l_v2,40.534999999999954,40.93499999999995,20.0,1.0,0.006899102577292584,0.00690056313126991,0.006899102674725712,1.0,0.06,20.0,1.0,0.0003622698500122423,0.000399517340995581,0.0003633534751715532,1.0,0.08,40.0,1.0,0.00014932498442138398,0.0002826725640444172,0.0001783713802321071,1.0,0.08,6.0,1.0,0.02869751961963335,0.0516684895858886,0.034793050926585675,1.0,0.12
07b_healthy_high_safe_zigzag_p2l_v2:0062,07b_healthy_high_safe_zigzag_p2l_v2,40.73499999999996,41.134999999999955,20.0,1.0,0.00689683806023268,0.006898692388288124,0.006896838214000346,1.0,0.06,20.0,1.0,0.00031489290867544315,0.00035026909747357674,0.0003160141126668035,1.0,0.08,40.0,1.0,0.0001417475428262968,0.000305300337862513,0.0001771588476184257,1.0,0.08,6.0,1.0,0.023578909747895466,0.0516684895858886,0.03108015436950068,1.0,0.12
07b_healthy_high_safe_zigzag_p2l_v2:0063,07b_healthy_high_safe_zigzag_p2l_v2,40.93499999999996,41.33499999999996,20.0,1.0,0.008638509036504588,0.008833372342019807,0.010345306656681093,1.0,0.06,20.0,1.0,0.0004655737382175451,0.0003080204387277741,0.0009480173430829677,1.0,0.08,40.0,1.0,0.0006399079038284128,0.0005037723798210882,0.0021865476226562712,1.0,0.08,6.0,1.0,0.012986857504758384,0.021805781424834914,0.014756460808839833,1.0,0.12
07b_healthy_high_safe_zigzag_p2l_v2:0064,07b_healthy_high_safe_zigzag_p2l_v2,41.134999999999955,41.534999999999954,20.0,1.0,0.040874494848767824,0.10880020310604495,0.06601677386859604,0.75,0.06,20.0,1.0,0.05477658742151033,0.1936681990766475,0.10214007245765215,0.75,0.08,40.0,1.0,0.0320161768890624,0.10578072343968113,0.05346110660072909,0.8,0.08,6.0,1.0,0.03835023076310031,0.08433173304885573,0.060467882297060675,0.8333333333333334,0.12
07b_healthy_high_safe_zigzag_p2l_v2:0065,07b_healthy_high_safe_zigzag_p2l_v2,41.33499999999995,41.73499999999995,20.0,1.0,0.03568377421153506,0.10880020310604495,0.06538320542924696,0.75,0.06,20.0,1.0,0.05445692923240576,0.1936681990766475,0.10213588169789355,0.75,0.08,40.0,1.0,0.03152736132464225,0.10578072343968113,0.053416748240038066,0.8,0.08,6.0,1.0,0.03869696701562293,0.08386200707340515,0.06049992948207937,0.8333333333333334,0.12
07b_healthy_high_safe_zigzag_p2l_v2:0066,07b_healthy_high_safe_zigzag_p2l_v2,41.534999999999954,41.93499999999995,20.0,1.0,3.1315772924026196e-13,8.052339163459819e-13,4.522196601295751e-13,1.0,0.06,20.0,1.0,3.510796451535557e-14,1.158296943208518e-13,7.493195500312153e-14,1.0,0.08,40.0,1.0,0.00016674551389484106,0.00034556561558797273,0.0002079884634499941,1.0,0.08,6.0,1.0,0.02345055949675612,0.04349734677551709,0.028535184492927097,1.0,0.12
07b_healthy_high_safe_zigzag_p2l_v2:0067,07b_healthy_high_safe_zigzag_p2l_v2,41.73499999999996,42.134999999999955,20.0,1.0,3.402879801792693e-14,1.1790060724053495e-13,6.841254784568e-14,1.0,0.06,20.0,1.0,1.3215438844259766e-16,4.2327252813833782e-16,2.774840641090779e-16,1.0,0.08,40.0,1.0,0.00014145234460851547,0.00027753653518026696,0.0001769810231125182,1.0,0.08,6.0,1.0,0.024097954481106913,0.04349734677551709,0.0300468009098601,1.0,0.12
07b_healthy_high_safe_zigzag_p2l_v2:0068,07b_healthy_high_safe_zigzag_p2l_v2,41.93499999999995,42.33499999999995,20.0,1.0,1.735957534495169e-33,3.3383798740291704e-33,2.1323860613865876e-33,1.0,0.06,20.0,1.0,0.0,0.0,0.0,1.0,0.08,40.0,1.0,0.00015447801522489713,0.00036823173939691306,0.0002037446033768179,1.0,0.08,6.0,1.0,0.010996387492607305,0.0254745011613176,0.016208455376115448,1.0,0.12
07b_healthy_high_safe_zigzag_p2l_v2:0069,07b_healthy_high_safe_zigzag_p2l_v2,42.13499999999995,42.53499999999995,20.0,1.0,1.769341333235459e-33,3.3383798740291704e-33,2.178916326547582e-33,1.0,0.06,20.0,1.0,0.0,0.0,0.0,1.0,0.08,40.0,1.0,0.0001697541307859588,0.00039103135146552565,0.00021775965460926107,1.0,0.08,6.0,1.0,0.0173321888662312,0.03533977418874698,0.023304724151033945,1.0,0.12
07b_healthy_high_safe_zigzag_p2l_v2:0070,07b_healthy_high_safe_zigzag_p2l_v2,42.33499999999995,42.73499999999995,20.0,1.0,1.8027251319757588e-33,3.3383798740291704e-33,2.163517431636664e-33,1.0,0.06,20.0,1.0,0.0,0.0,0.0,1.0,0.08,40.0,1.0,0.00014855839936621785,0.0002752077656360237,0.00018374617364399397,1.0,0.08,6.0,1.0,0.025572030365441287,0.043084619544793576,0.02911440728413085,1.0,0.12
07b_healthy_high_safe_zigzag_p2l_v2:0071,07b_healthy_high_safe_zigzag_p2l_v2,42.534999999999954,42.93499999999995,20.0,1.0,1.7025737357548782e-33,3.3383798740291704e-33,2.0416042193732905e-33,1.0,0.06,20.0,1.0,0.0,0.0,0.0,1.0,0.08,40.0,1.0,0.00018893628618808816,0.00038551651769782864,0.00022905903918320002,1.0,0.08,6.0,1.0,0.018974825470909975,0.03537778707254306,0.022950689260652277,1.0,0.12
07b_healthy_high_safe_zigzag_p2l_v2:0072,07b_healthy_high_safe_zigzag_p2l_v2,42.73499999999995,43.13499999999995,20.0,1.0,1.8027251319757554e-33,3.3383798740291704e-33,2.1219074423882213e-33,1.0,0.06,20.0,1.0,0.0,0.0,0.0,1.0,0.08,40.0,1.0,0.00022897364306578835,0.00044253038880841516,0.00028371871754379486,1.0,0.08,6.0,1.0,0.018863234852070296,0.03711208633305769,0.023391023126546936,1.0,0.12
07b_healthy_high_safe_zigzag_p2l_v2:0073,07b_healthy_high_safe_zigzag_p2l_v2,42.934999999999945,43.334999999999944,20.0,1.0,1.735957534495169e-33,3.3383798740291704e-33,2.1323860613865876e-33,1.0,0.06,20.0,1.0,0.0,0.0,0.0,1.0,0.08,40.0,1.0,0.0002025082525100128,0.0004106511560518349,0.00025761126866701944,1.0,0.08,6.0,1.0,0.016797858242194968,0.030840299163435364,0.02091913836856174,1.0,0.12
07b_healthy_high_safe_zigzag_p2l_v2:0074,07b_healthy_high_safe_zigzag_p2l_v2,43.13499999999995,43.53499999999995,20.0,1.0,1.769341333235459e-33,3.3383798740291704e-33,2.178916326547582e-33,1.0,0.06,20.0,1.0,0.0,0.0,0.0,1.0,0.08,40.0,1.0,0.00014811549564609991,0.0003331194766558835,0.00019110214774751516,1.0,0.08,6.0,1.0,0.011638583004394581,0.015813322569088937,0.012280079443176606,1.0,0.12
08_low_friction_mild_mu_0p20_p2l_v2:0000,08_low_friction_mild_mu_0p20_p2l_v2,11.95,12.35,20.0,1.0,0.0029673393481653293,0.0073786368596681804,0.004666704757873804,1.0,0.06,20.0,1.0,1.7361795514652173e-15,1.921798589012634e-15,1.7422585633352904e-15,1.0,0.08,40.0,1.0,0.00021010179503260217,0.0003661567822297581,0.0002519365344707952,1.0,0.08,6.0,1.0,0.02941884616042456,0.042636662259899094,0.03146938315162102,1.0,0.12
08_low_friction_mild_mu_0p20_p2l_v2:0001,08_low_friction_mild_mu_0p20_p2l_v2,12.149999999999999,12.549999999999999,20.0,1.0,0.0029673393481652833,0.007378636859667939,0.004666704757873749,1.0,0.06,20.0,1.0,2.004884573816562e-15,2.228412364931168e-15,2.0122981917216194e-15,1.0,0.08,40.0,1.0,0.00017507399261225192,0.000350688855356602,0.00022225229381906515,1.0,0.08,6.0,1.0,0.03324789468864847,0.05253819331638196,0.03770406591153168,1.0,0.12
08_low_friction_mild_mu_0p20_p2l_v2:0002,08_low_friction_mild_mu_0p20_p2l_v2,12.349999999999998,12.749999999999998,20.0,1.0,0.0029673393481660024,0.007378636859667914,0.004666704757873697,1.0,0.06,20.0,1.0,2.3002854275050686e-15,2.5315228627208787e-15,2.307125973523337e-15,1.0,0.08,40.0,1.0,0.00014605349336274694,0.00031116130956052344,0.00019186260487024794,1.0,0.08,6.0,1.0,0.0307487231525824,0.05253819331638196,0.0362353955936471,1.0,0.12
08_low_friction_mild_mu_0p20_p2l_v2:0003,08_low_friction_mild_mu_0p20_p2l_v2,12.549999999999997,12.949999999999998,20.0,1.0,0.0029673393481661954,0.007378636859667914,0.0046667047578738815,1.0,0.06,20.0,1.0,2.61946176845774e-15,2.9199462589041017e-15,2.6272602741812113e-15,1.0,0.08,40.0,1.0,0.00012448711394246918,0.00025572429452929687,0.00015441393816976318,1.0,0.08,6.0,1.0,0.02336071186028832,0.03923867372071592,0.026583757194962098,1.0,0.12
08_low_friction_mild_mu_0p20_p2l_v2:0004,08_low_friction_mild_mu_0p20_p2l_v2,12.749999999999996,13.149999999999997,20.0,1.0,0.0029673393481654473,0.007378636859667914,0.004666704757873693,1.0,0.06,20.0,1.0,3.0028569245098648e-15,3.327879902437594e-15,3.0132692181559164e-15,1.0,0.08,40.0,1.0,0.00011981236098785401,0.0002476605079770658,0.00014502963731756783,1.0,0.08,6.0,1.0,0.01760909780172051,0.02929201615707508,0.020479075774743703,1.0,0.12
08_low_friction_mild_mu_0p20_p2l_v2:0005,08_low_friction_mild_mu_0p20_p2l_v2,12.949999999999996,13.349999999999996,20.0,1.0,0.002967339348165468,0.007378636859667914,0.004666704757873694,1.0,0.06,20.0,1.0,3.457614109097424e-15,3.788575151392656e-15,3.4688495637032985e-15,1.0,0.08,40.0,1.0,0.00016389005395991437,0.00029989159052559006,0.00020424761607255203,1.0,0.08,6.0,1.0,0.015552052493420218,0.02535012689831613,0.017570344787929574,1.0,0.12
08_low_friction_mild_mu_0p20_p2l_v2:0006,08_low_friction_mild_mu_0p20_p2l_v2,13.149999999999995,13.549999999999995,20.0,1.0,0.0029673393481654624,0.007378636859667914,0.004666704757873694,1.0,0.06,20.0,1.0,3.966501383957685e-15,4.384334176662681e-15,3.979214937654556e-15,1.0,0.08,40.0,1.0,0.0001844657253667213,0.00040696212419956944,0.00023290445405114537,1.0,0.08,6.0,1.0,0.02573039558678764,0.042829747945208316,0.030622889185206243,1.0,0.12
08_low_friction_mild_mu_0p20_p2l_v2:0007,08_low_friction_mild_mu_0p20_p2l_v2,13.349999999999994,13.749999999999995,20.0,1.0,0.0029673393481654416,0.007378636859667914,0.004666704757873693,1.0,0.06,20.0,1.0,4.5428314557355e-15,5.013265302090274e-15,4.55714740778524e-15,1.0,0.08,40.0,1.0,0.0001567896508806442,0.00029005581874492114,0.00019893317567432826,1.0,0.08,6.0,1.0,0.029172013832609017,0.04550829400304725,0.03243172660867997,1.0,0.12
08_low_friction_mild_mu_0p20_p2l_v2:0008,08_low_friction_mild_mu_0p20_p2l_v2,13.549999999999994,13.949999999999994,20.0,1.0,0.002967339348165632,0.0073786368596679445,0.004666704757873879,1.0,0.06,20.0,1.0,5.2124138506984755e-15,5.839149711392528e-15,5.229959714592708e-15,1.0,0.08,40.0,1.0,0.00015181415937380854,0.00032680141757437334,0.00019235922977224005,1.0,0.08,6.0,1.0,0.033658867844562686,0.054362244337553836,0.038817672201151995,1.0,0.12
08_low_friction_mild_mu_0p20_p2l_v2:0009,08_low_friction_mild_mu_0p20_p2l_v2,13.749999999999993,14.149999999999993,20.0,1.0,0.0029673393481654334,0.0073786368596682195,0.0046667047578736985,1.0,0.06,20.0,1.0,5.970276763135919e-15,6.574528465331108e-15,5.988532741169883e-15,1.0,0.08,40.0,1.0,0.0001558970515095002,0.00033501072696754346,0.00019548856510651872,1.0,0.08,6.0,1.0,0.03911168123869302,0.06554473275483742,0.04591840627921881,1.0,0.12
08_low_friction_mild_mu_0p20_p2l_v2:0010,08_low_friction_mild_mu_0p20_p2l_v2,13.949999999999992,14.349999999999993,20.0,1.0,0.002967339348165454,0.00737863685966825,0.0046667047578736985,1.0,0.06,20.0,1.0,6.8483708045708955e-15,7.529338469292931e-15,6.87116364814902e-15,1.0,0.08,40.0,1.0,0.00016063784158155584,0.0003123373572900411,0.0001928155185614138,1.0,0.08,6.0,1.0,0.033133326800626285,0.05286574546685019,0.03766853985329079,1.0,0.12
08_low_friction_mild_mu_0p20_p2l_v2:0011,08_low_friction_mild_mu_0p20_p2l_v2,14.149999999999991,14.549999999999992,20.0,1.0,0.002967339348165454,0.007378636859668525,0.0046667047578736985,1.0,0.06,20.0,1.0,7.872461508659866e-15,8.730923226809542e-15,7.898715073711214e-15,1.0,0.08,40.0,1.0,0.00019819795910430387,0.0003478472665109788,0.00024339356813179308,1.0,0.08,6.0,1.0,0.02731447632348069,0.03619702006057825,0.028369105748282167,1.0,0.12
08_low_friction_mild_mu_0p20_p2l_v2:0012,08_low_friction_mild_mu_0p20_p2l_v2,14.34999999999999,14.749999999999991,20.0,1.0,0.002967339348165436,0.007378636859668525,0.0046667047578736985,1.0,0.06,20.0,1.0,9.031689513644649e-15,9.964444419719529e-15,9.060624598165658e-15,1.0,0.08,40.0,1.0,0.00016296396393861411,0.00033798890459500513,0.00021812543086785296,1.0,0.08,6.0,1.0,0.030475665845182614,0.04816153496655268,0.03447596389214149,1.0,0.12
08_low_friction_mild_mu_0p20_p2l_v2:0013,08_low_friction_mild_mu_0p20_p2l_v2,14.54999999999999,14.94999999999999,20.0,1.0,0.0029673393481656264,0.007378636859668525,0.004666704757873879,1.0,0.06,20.0,1.0,1.0365140341585547e-14,1.1599090176735233e-14,1.0399530884049177e-14,1.0,0.08,40.0,1.0,0.00014016859660191504,0.0003018873314626501,0.00018227649753079582,1.0,0.08,6.0,1.0,0.03650826228128562,0.059340152321385606,0.04012874087307837,1.0,0.12
08_low_friction_mild_mu_0p20_p2l_v2:0014,08_low_friction_mild_mu_0p20_p2l_v2,14.74999999999999,15.14999999999999,20.0,1.0,0.0029673393481654334,0.007378636859668525,0.0046667047578736985,1.0,0.06,20.0,1.0,1.188384840999131e-14,1.3112040830879836e-14,1.1921251809751635e-14,1.0,0.08,40.0,1.0,0.0001638921349741873,0.00035606581813090745,0.00020423528765176687,1.0,0.08,6.0,1.0,0.02954432391097543,0.046163998953148294,0.03261164436019533,1.0,0.12
08_low_friction_mild_mu_0p20_p2l_v2:0015,08_low_friction_mild_mu_0p20_p2l_v2,14.949999999999989,15.349999999999989,20.0,1.0,0.003249805291585972,0.007378636859668525,0.004807222345428252,1.0,0.06,20.0,1.0,1.3662833324630662e-14,1.4958563791087557e-14,1.3712643122836733e-14,1.0,0.08,40.0,1.0,0.00012912899053577352,0.00029774275662547883,0.0001687585258851908,1.0,0.08,6.0,1.0,0.022591673422591736,0.03605222815224933,0.025266484649055433,1.0,0.12
08_low_friction_mild_mu_0p20_p2l_v2:0016,08_low_friction_mild_mu_0p20_p2l_v2,15.149999999999988,15.549999999999988,20.0,1.0,0.011655990153876746,0.036198534070386076,0.01831023245463405,1.0,0.06,20.0,1.0,1.8311173067320986e-14,2.509741038525842e-14,1.8813118599664524e-14,1.0,0.08,40.0,1.0,0.00012718013386072655,0.00023769379818897154,0.0001605622159634489,1.0,0.08,6.0,1.0,0.02190504266807812,0.034945409763649515,0.02451283468201475,1.0,0.12
08_low_friction_mild_mu_0p20_p2l_v2:0017,08_low_friction_mild_mu_0p20_p2l_v2,15.349999999999987,15.749999999999988,20.0,1.0,0.011966989245106346,0.036198534070386076,0.018557662568534146,1.0,0.06,20.0,1.0,2.5352447085839526e-14,2.992280096198206e-14,2.569375023007074e-14,1.0,0.08,40.0,1.0,0.00018187329704414922,0.0003586292642489544,0.0002159217371374714,1.0,0.08,6.0,1.0,0.02672865633521046,0.03735769396530625,0.02872765452625909,1.0,0.12
08_low_friction_mild_mu_0p20_p2l_v2:0018,08_low_friction_mild_mu_0p20_p2l_v2,15.549999999999986,15.949999999999987,20.0,1.0,0.005017774264725388,0.010429602004930223,0.007085489440970198,1.0,0.06,20.0,1.0,3.233176357635693e-14,3.930340274259702e-14,3.263178018692631e-14,1.0,0.08,40.0,1.0,0.00017261620549527447,0.000356917963835749,0.00020885539933093936,1.0,0.08,6.0,1.0,0.03182029689569658,0.03715381538967863,0.032256087442839074,1.0,0.12
08_low_friction_mild_mu_0p20_p2l_v2:0019,08_low_friction_mild_mu_0p20_p2l_v2,15.749999999999986,16.149999999999984,20.0,1.0,0.004155053982209308,0.011557668826792288,0.0063701681917446495,1.0,0.06,20.0,1.0,3.9959780355063683e-14,4.5335110775047354e-14,4.024363084588076e-14,1.0,0.08,40.0,1.0,0.0001591143746809597,0.000321122749239022,0.0001993495754725743,1.0,0.08,6.0,1.0,0.03032554072396712,0.04556340865948391,0.033489680662404334,1.0,0.12
08_low_friction_mild_mu_0p20_p2l_v2:0020,08_low_friction_mild_mu_0p20_p2l_v2,15.949999999999985,16.349999999999984,20.0,1.0,0.0012329694374608679,0.0030384086936067487,0.003423173709373299,1.0,0.06,20.0,1.0,4.813824098494879e-14,5.488319873180801e-14,4.837472482896608e-14,1.0,0.08,40.0,1.0,0.0001671723955534664,0.0003435158367720083,0.00022029357318874805,1.0,0.08,6.0,1.0,0.022649288868121054,0.04019134498786911,0.027531612076850603,1.0,0.12
08_low_friction_mild_mu_0p20_p2l_v2:0021,08_low_friction_mild_mu_0p20_p2l_v2,16.149999999999984,16.549999999999983,20.0,1.0,3.711079499907344e-05,3.7111685709811934e-05,3.711079501391483e-05,1.0,0.06,20.0,1.0,5.785011692073036e-14,6.656940236542018e-14,5.82045035953702e-14,1.0,0.08,40.0,1.0,0.00013756391290001242,0.0002666210178035176,0.00017988900667831317,1.0,0.08,6.0,1.0,0.010369758512257085,0.017464589469168068,0.012273523396650764,1.0,0.12
08_low_friction_mild_mu_0p20_p2l_v2:0022,08_low_friction_mild_mu_0p20_p2l_v2,16.349999999999984,16.749999999999982,20.0,1.0,0.0005397461879636356,0.0017878105643202719,0.0014213660793554223,1.0,0.06,20.0,1.0,7.03427163915024e-14,8.121000915881453e-14,7.081205053598148e-14,1.0,0.08,40.0,1.0,0.00014260937307168986,0.00028076309237771063,0.0001769349012659278,1.0,0.08,6.0,1.0,0.015461688483479471,0.03651642355488685,0.025533679181853442,1.0,0.12
08_low_friction_mild_mu_0p20_p2l_v2:0023,08_low_friction_mild_mu_0p20_p2l_v2,16.549999999999983,16.94999999999998,20.0,1.0,0.0025183513657417974,0.006510114543531331,0.003688314125418264,1.0,0.06,20.0,1.0,8.643078722002633e-14,9.887288862103761e-14,8.703008275884515e-14,1.0,0.08,40.0,1.0,0.00013987549300479137,0.0003132214040680924,0.00018265259322141082,1.0,0.08,6.0,1.0,0.03637334844832618,0.07285196320756526,0.046131637547853904,1.0,0.12
08_low_friction_mild_mu_0p20_p2l_v2:0024,08_low_friction_mild_mu_0p20_p2l_v2,16.749999999999982,17.14999999999998,20.0,1.0,0.002015682786207412,0.006510114543531331,0.003403638392434098,1.0,0.06,20.0,1.0,1.0449074154170099e-13,1.1902822720552775e-13,1.0500327813595064e-13,1.0,0.08,40.0,1.0,0.00013411554866966545,0.000304208585802141,0.00018570232731006584,1.0,0.08,6.0,1.0,0.029804992407534304,0.06089608538222513,0.039732754160302614,1.0,0.12
08_low_friction_mild_mu_0p20_p2l_v2:0025,08_low_friction_mild_mu_0p20_p2l_v2,16.94999999999998,17.34999999999998,20.0,1.0,3.705001065420765e-05,3.705734533134275e-05,3.7050011662210456e-05,1.0,0.06,20.0,1.0,1.2541030330164746e-13,1.4424161266327297e-13,1.2617521428964394e-13,1.0,0.08,40.0,1.0,0.00013770237353340323,0.0002977698421504787,0.0001865160506866028,1.0,0.08,6.0,1.0,0.017723287201660377,0.030956297875712496,0.020528490532813505,1.0,0.12
08_low_friction_mild_mu_0p20_p2l_v2:0026,08_low_friction_mild_mu_0p20_p2l_v2,17.14999999999998,17.54999999999998,20.0,1.0,0.016238714579182845,0.061462225595254855,0.03169948466873481,0.9,0.06,20.0,1.0,0.04153637776709387,0.182212447317937,0.0859026017750595,0.75,0.08,40.0,1.0,0.004965232153683137,0.022741238547224974,0.011507636855144101,1.0,0.08,6.0,1.0,0.017857830747585308,0.030956297875712496,0.021412883104143566,1.0,0.12
08_low_friction_mild_mu_0p20_p2l_v2:0027,08_low_friction_mild_mu_0p20_p2l_v2,17.34999999999998,17.74999999999998,20.0,1.0,0.020576837176001533,0.061462225595254855,0.03314334223235681,0.9,0.06,20.0,1.0,0.06928171647845609,0.182212447317937,0.09839358954012664,0.6,0.08,40.0,1.0,0.011002513345677131,0.03166439861496424,0.016621089733676004,1.0,0.08,6.0,1.0,0.03009408780497887,0.05582497250240412,0.036458272626755696,1.0,0.12
08_low_friction_mild_mu_0p20_p2l_v2:0028,08_low_friction_mild_mu_0p20_p2l_v2,17.54999999999998,17.949999999999978,20.0,1.0,0.004379791486320788,0.015193741350708148,0.009676030370480126,1.0,0.06,20.0,1.0,0.03788894443554867,0.08697943902831591,0.05007820832309616,0.85,0.08,40.0,1.0,0.006166952665616574,0.020827959224584726,0.011994296191424917,1.0,0.08,6.0,1.0,0.031506871157915645,0.05582497250240412,0.037625575415740305,1.0,0.12
08_low_friction_mild_mu_0p20_p2l_v2:0029,08_low_friction_mild_mu_0p20_p2l_v2,17.74999999999998,18.149999999999977,20.0,1.0,4.5516153148233986e-05,4.66682356280751e-05,4.552470977317029e-05,1.0,0.06,20.0,1.0,0.020291873511205302,0.02029888834756024,0.02029187422363826,1.0,0.08,40.0,1.0,0.00014404144715227316,0.00031528824721338,0.00019265876247018566,1.0,0.08,6.0,1.0,0.021906249932697523,0.04078061780130887,0.027679713277987173,1.0,0.12
08_low_friction_mild_mu_0p20_p2l_v2:0030,08_low_friction_mild_mu_0p20_p2l_v2,17.949999999999978,18.349999999999977,20.0,1.0,4.3941243888549755e-05,4.5161126235357396e-05,4.395116502632834e-05,1.0,0.06,20.0,1.0,0.020300904022281702,0.020307470815317374,0.02030090464755597,1.0,0.08,40.0,1.0,0.0001641059041534755,0.0003132456324083682,0.00020867594744072135,1.0,0.08,7.0,1.0,0.0247588680994854,0.044890185685199785,0.03045914375509925,1.0,0.12
08_low_friction_mild_mu_0p20_p2l_v2:0031,08_low_friction_mild_mu_0p20_p2l_v2,18.149999999999977,18.549999999999976,20.0,1.0,0.0006567856740353831,0.0021018353073045943,0.001605068933895374,1.0,0.06,20.0,1.0,0.0390239490364942,0.05459048250086344,0.0701711004095471,0.95,0.08,40.0,1.0,0.00768794346650882,0.032729660116127275,0.01882350139096171,1.0,0.08,7.0,1.0,0.01976993275780913,0.032618443480895515,0.02383815119809069,1.0,0.12
08_low_friction_mild_mu_0p20_p2l_v2:0032,08_low_friction_mild_mu_0p20_p2l_v2,18.349999999999977,18.749999999999975,20.0,1.0,0.004981289593193157,0.011313478990637239,0.006637590867419778,1.0,0.06,20.0,1.0,0.0930026474268544,0.2523832383691928,0.13028283337793,0.65,0.08,40.0,1.0,0.016579789626117388,0.039253493510737154,0.02351165210699056,1.0,0.08,6.0,1.0,0.0154345290539147,0.022127778392008857,0.016404165464547663,1.0,0.12
08_low_friction_mild_mu_0p20_p2l_v2:0033,08_low_friction_mild_mu_0p20_p2l_v2,18.549999999999976,18.949999999999974,20.0,1.0,0.006110148401633772,0.011313478990637239,0.00692126827711562,1.0,0.06,20.0,1.0,0.06669370385304979,0.20883272293221833,0.11081497818685054,0.7,0.08,40.0,1.0,0.009639902379851175,0.023270604172162764,0.01416064529309929,1.0,0.08,6.0,1.0,0.017353431189815808,0.03748197111949911,0.024125518439054763,1.0,0.12
08_low_friction_mild_mu_0p20_p2l_v2:0034,08_low_friction_mild_mu_0p20_p2l_v2,18.749999999999975,19.149999999999974,20.0,1.0,0.003939489022258653,0.0043515933579332785,0.0039857846521652,1.0,0.06,20.0,1.0,0.0026883897935599797,0.008047615890479474,0.004919937558617951,1.0,0.08,40.0,1.0,0.0007391730442967932,0.001615691922187893,0.0014293890548240991,1.0,0.08,6.0,1.0,0.02625559173879043,0.056385326994818755,0.034498810301729924,1.0,0.12
08_low_friction_mild_mu_0p20_p2l_v2:0035,08_low_friction_mild_mu_0p20_p2l_v2,18.949999999999974,19.349999999999973,20.0,1.0,0.0042849097064124545,0.0043515933579332785,0.004286570994098575,1.0,0.06,20.0,1.0,0.0005627815702597044,0.0013415755693178106,0.000792585787336319,1.0,0.08,40.0,1.0,0.00019012247841457137,0.00035466567337180964,0.0002327424846527742,1.0,0.08,6.0,1.0,0.02348484482366761,0.0413367347512804,0.02917326167026196,1.0,0.12
08_low_friction_mild_mu_0p20_p2l_v2:0036,08_low_friction_mild_mu_0p20_p2l_v2,19.149999999999974,19.549999999999972,20.0,1.0,0.004078686284050614,0.004397076180241286,0.0043022437043616765,1.0,0.06,20.0,1.0,0.0045571024978907386,0.010895798323924084,0.006746204016293927,1.0,0.08,40.0,1.0,0.0005973722663627619,0.0008292369537992374,0.0012316324190464578,1.0,0.08,6.0,1.0,0.030268050592650045,0.05360423866377674,0.035650405704667786,1.0,0.12
08_low_friction_mild_mu_0p20_p2l_v2:0037,08_low_friction_mild_mu_0p20_p2l_v2,19.349999999999973,19.74999999999997,20.0,1.0,0.0451948602398846,0.13903511012218503,0.07235974692120956,0.7,0.06,20.0,1.0,0.04761951968214407,0.13535497692156243,0.07120195351375072,0.75,0.08,40.0,1.0,0.004953826782951692,0.015017868886649115,0.007826003456793278,1.0,0.08,6.0,1.0,0.04750849749173738,0.0669434190514633,0.04966992078450249,1.0,0.12
08_low_friction_mild_mu_0p20_p2l_v2:0038,08_low_friction_mild_mu_0p20_p2l_v2,19.549999999999972,19.94999999999997,20.0,1.0,0.044903251133860164,0.13903511012218503,0.07245234056302123,0.7,0.06,20.0,1.0,0.04541080102139344,0.13535497692156243,0.07108656436226103,0.75,0.08,40.0,1.0,0.006819336601847234,0.018176263246755257,0.010000607252962817,1.0,0.08,6.0,1.0,0.027866070548928052,0.05642565074086854,0.03651669252842575,1.0,0.12
08_low_friction_mild_mu_0p20_p2l_v2:0039,08_low_friction_mild_mu_0p20_p2l_v2,19.74999999999997,20.14999999999997,20.0,1.0,0.0016775778056684642,0.004607309038759089,0.004796676955367089,1.0,0.06,20.0,1.0,0.0019116228329454344,0.00557728184099528,0.005338193361443649,1.0,0.08,40.0,1.0,0.0024366422861262695,0.008089877606586748,0.006345485728811785,1.0,0.08,6.0,1.0,0.020224799419038042,0.04246868325963752,0.025888273212426045,1.0,0.12
08_low_friction_mild_mu_0p20_p2l_v2:0040,08_low_friction_mild_mu_0p20_p2l_v2,19.94999999999997,20.34999999999997,20.0,1.0,2.663741049934716e-14,6.828863418923559e-14,3.967259183262853e-14,1.0,0.06,20.0,1.0,1.2576745200831769e-15,3.224220133304154e-15,1.873125313542762e-15,1.0,0.08,40.0,1.0,0.00016790197336957665,0.0003136157572397305,0.00019918906501686736,1.0,0.08,6.0,1.0,0.028928129733994012,0.04378463379662032,0.03230756147299809,1.0,0.12
08_low_friction_mild_mu_0p20_p2l_v2:0041,08_low_friction_mild_mu_0p20_p2l_v2,20.14999999999997,20.54999999999997,20.0,1.0,0.051692028230155875,0.24613997216193678,0.11255456846400455,0.8,0.06,20.0,1.0,0.0009575304519560896,0.0034776241413460346,0.0019506342337991178,1.0,0.08,40.0,1.0,0.0003327766378391147,0.0008173046198131855,0.0004774159595293166,1.0,0.08,6.0,1.0,0.026201584257293176,0.049539628877770914,0.03127486352026982,1.0,0.12
08_low_friction_mild_mu_0p20_p2l_v2:0042,08_low_friction_mild_mu_0p20_p2l_v2,20.34999999999997,20.749999999999968,20.0,1.0,0.11716439587323146,0.24613997216193678,0.15010304819401069,0.35,0.06,20.0,1.0,0.008152002930446147,0.019062444780871147,0.010786484429672397,1.0,0.08,40.0,1.0,0.0005388192105710633,0.0011501631900749617,0.0008690414314664683,1.0,0.08,6.0,1.0,0.04370167826795493,0.08723204178237377,0.05617739540200509,1.0,0.12
08_low_friction_mild_mu_0p20_p2l_v2:0043,08_low_friction_mild_mu_0p20_p2l_v2,20.54999999999997,20.949999999999967,20.0,1.0,0.07042642048818766,0.17701825558472198,0.09996565373312845,0.55,0.06,20.0,1.0,0.01066208834588231,0.019062444780871147,0.012515090495944497,1.0,0.08,40.0,1.0,0.0027602727132043934,0.008330112176145153,0.004623501235697497,1.0,0.08,6.0,1.0,0.04325570992055563,0.08723204178237377,0.0558396824425547,1.0,0.12
08_low_friction_mild_mu_0p20_p2l_v2:0044,08_low_friction_mild_mu_0p20_p2l_v2,20.749999999999968,21.149999999999967,20.0,1.0,0.004970391269456098,0.017934245717424305,0.011434083485997193,1.0,0.06,20.0,1.0,0.003587981688047253,0.013084917356079247,0.006641776384805106,1.0,0.08,40.0,1.0,0.0025471887438445564,0.008330112176145153,0.004565586969953199,1.0,0.08,6.0,1.0,0.023171506862377636,0.040147921130945355,0.02853417967011066,1.0,0.12
08_low_friction_mild_mu_0p20_p2l_v2:0045,08_low_friction_mild_mu_0p20_p2l_v2,20.949999999999967,21.349999999999966,20.0,1.0,3.2677579316206516e-05,3.267869402385215e-05,3.267757932704968e-05,1.0,0.06,20.0,1.0,0.00024072549964357118,0.00024073483457853008,0.0002407254997477706,1.0,0.08,40.0,1.0,0.00014104292263353706,0.00023877011250883907,0.0001672310486731024,1.0,0.08,6.0,1.0,0.023391640343198582,0.03503950459598201,0.026415881268194594,1.0,0.12
08_low_friction_mild_mu_0p20_p2l_v2:0046,08_low_friction_mild_mu_0p20_p2l_v2,21.149999999999967,21.549999999999965,20.0,1.0,3.2679050406891894e-05,3.2680176515736956e-05,3.267905041804752e-05,1.0,0.06,20.0,1.0,0.0002407132156207427,0.000240722551953663,0.00024071321572497213,1.0,0.08,40.0,1.0,0.00014829948301424949,0.0002810246793401838,0.00018762664427438865,1.0,0.08,6.0,1.0,0.021735552360163234,0.03389212002293643,0.023582111413421557,1.0,0.12
08_low_friction_mild_mu_0p20_p2l_v2:0047,08_low_friction_mild_mu_0p20_p2l_v2,21.349999999999966,21.749999999999964,20.0,1.0,3.2680532662612835e-05,3.2681660189048944e-05,3.268053267380836e-05,1.0,0.06,20.0,1.0,0.00024070093084881472,0.0002407102673226924,0.0002407009309530518,1.0,0.08,40.0,1.0,0.00013991411999930296,0.0003059599348709217,0.00017469605452779256,1.0,0.08,6.0,1.0,0.021127819175644658,0.036103104340848235,0.025812152434562884,1.0,0.12
08_low_friction_mild_mu_0p20_p2l_v2:0048,08_low_friction_mild_mu_0p20_p2l_v2,21.549999999999965,21.949999999999964,20.0,1.0,3.268201627635303e-05,3.2683143887529684e-05,3.268201628755124e-05,1.0,0.06,20.0,1.0,0.00024068864603530546,0.00024069798248631429,0.00024068864613954725,1.0,0.08,40.0,1.0,0.00013942777077140004,0.0003072156737824208,0.00017515013320842647,1.0,0.08,6.0,1.0,0.027394645245794564,0.04936150604453646,0.03330335808875343,1.0,0.12
08_low_friction_mild_mu_0p20_p2l_v2:0049,08_low_friction_mild_mu_0p20_p2l_v2,21.749999999999964,22.149999999999963,20.0,1.0,3.268349993704733e-05,3.2684627467222116e-05,3.268349994824362e-05,1.0,0.06,20.0,1.0,0.00024067636127633485,0.00024068569767626984,0.00024067636138058073,1.0,0.08,40.0,1.0,0.00018999746178532058,0.0003921681526794495,0.00023879608634249543,1.0,0.08,6.0,1.0,0.037643609621286926,0.06461863019453438,0.04477089671585182,1.0,0.12
08_low_friction_mild_mu_0p20_p2l_v2:0050,08_low_friction_mild_mu_0p20_p2l_v2,21.949999999999964,22.349999999999962,20.0,1.0,3.2684983476960475e-05,3.268611089234375e-05,3.268498348815406e-05,1.0,0.06,20.0,1.0,0.00024066407658584893,0.00024067341293276042,0.00024066407669009899,1.0,0.08,40.0,1.0,0.00019365395641154584,0.00036119852475532976,0.00023451693231578432,1.0,0.08,6.0,1.0,0.035381424648954295,0.0595939363930736,0.04236933381390739,1.0,0.12
08_low_friction_mild_mu_0p20_p2l_v2:0051,08_low_friction_mild_mu_0p20_p2l_v2,22.149999999999963,22.54999999999996,20.0,1.0,3.268646686745702e-05,3.268759416533706e-05,3.268646687864778e-05,1.0,0.06,20.0,1.0,0.00024065179196404072,0.00024066112825920532,0.00024065179206829494,1.0,0.08,40.0,1.0,0.0001409106918076457,0.00025986936658972307,0.00017040347924639196,1.0,0.08,6.0,1.0,0.02540873274761725,0.04339226053536173,0.03035496870059882,1.0,0.12
08_low_friction_mild_mu_0p20_p2l_v2:0052,08_low_friction_mild_mu_0p20_p2l_v2,22.349999999999962,22.74999999999996,20.0,1.0,3.268795010631653e-05,3.2689077292735734e-05,3.268795011750452e-05,1.0,0.06,20.0,1.0,0.0002406395074118572,0.00024064884365307545,0.00024063950751611562,1.0,0.08,40.0,1.0,0.00014232293193258298,0.000334823953031564,0.00018053377477459043,1.0,0.08,6.0,1.0,0.02079422347426915,0.03903860729986468,0.02578434245673485,1.0,0.12
08_low_friction_mild_mu_0p20_p2l_v2:0053,08_low_friction_mild_mu_0p20_p2l_v2,22.54999999999996,22.94999999999996,20.0,1.0,3.2689433136529056e-05,3.2690560099823963e-05,3.268943314771255e-05,1.0,0.06,20.0,1.0,0.00024062722324857833,0.00024063655911819065,0.00024062722335283028,1.0,0.08,40.0,1.0,0.0001462971598375648,0.000331834498239556,0.00017882920433154363,1.0,0.08,6.0,1.0,0.029492472619574415,0.05937147221011095,0.03641574533992543,1.0,0.12
08_low_friction_mild_mu_0p20_p2l_v2:0054,08_low_friction_mild_mu_0p20_p2l_v2,22.74999999999996,23.14999999999996,20.0,1.0,3.269091598730456e-05,3.269204291521666e-05,3.269091599848593e-05,1.0,0.06,20.0,1.0,0.000240614939291455,0.0002406242746534762,0.00024061493939571567,1.0,0.08,40.0,1.0,0.00014261673427751827,0.00026734289758439337,0.00018105443499010534,1.0,0.08,6.0,1.0,0.031014409418153185,0.05937147221011095,0.03789607626980481,1.0,0.12
08_low_friction_mild_mu_0p20_p2l_v2:0055,08_low_friction_mild_mu_0p20_p2l_v2,22.94999999999996,23.34999999999996,20.0,1.0,3.269239874517105e-05,3.2693525584470694e-05,3.269239875635068e-05,1.0,0.06,20.0,1.0,0.00024060265508581437,0.00024061199116760053,0.00024060265519008518,1.0,0.08,40.0,1.0,0.00014492802563418936,0.00023741098576991916,0.00018534828112652188,1.0,0.08,6.0,1.0,0.018416933445177152,0.03377763105050874,0.022048894140348847,1.0,0.12
08_low_friction_mild_mu_0p20_p2l_v2:0056,08_low_friction_mild_mu_0p20_p2l_v2,23.14999999999996,23.549999999999958,20.0,1.0,3.269388137936424e-05,3.269500809994774e-05,3.269388139054105e-05,1.0,0.06,20.0,1.0,0.00024059037081301826,0.00024059970684294047,0.00024059037091729316,1.0,0.08,40.0,1.0,0.00014699004532267853,0.000249765848206893,0.0001838437483202809,1.0,0.08,6.0,1.0,0.015826817734140786,0.030104210503075046,0.019813375109773594,1.0,0.12
08_low_friction_mild_mu_0p20_p2l_v2:0057,08_low_friction_mild_mu_0p20_p2l_v2,23.34999999999996,23.749999999999957,20.0,1.0,3.26953638636357e-05,3.269649047755174e-05,3.269536387480978e-05,1.0,0.06,20.0,1.0,0.00024057808661061638,0.00024058742258561795,0.0002405780867148954,1.0,0.08,40.0,1.0,0.00015208333175924094,0.0003584638267145015,0.0002134729299116243,1.0,0.08,6.0,1.0,0.023399870742301692,0.051161715956585335,0.0321435167055816,1.0,0.12
08_low_friction_mild_mu_0p20_p2l_v2:0058,08_low_friction_mild_mu_0p20_p2l_v2,23.549999999999958,23.949999999999957,20.0,1.0,0.00011524843930733886,0.00034923445722671056,0.0002155595656415282,1.0,0.06,20.0,1.0,0.00025088566539889143,0.00027930362537946095,0.0002675716321619259,1.0,0.08,40.0,1.0,0.00021980594979289494,0.0005782176663602121,0.0003310702871948404,1.0,0.08,6.0,1.0,0.025844359978462583,0.051161715956585335,0.03339388742223712,1.0,0.12
08_low_friction_mild_mu_0p20_p2l_v2:0059,08_low_friction_mild_mu_0p20_p2l_v2,23.749999999999957,24.149999999999956,20.0,1.0,0.00036572634774130475,0.000837884802543465,0.000492023360512673,1.0,0.06,20.0,1.0,0.0005367211080433011,0.0012218744663449216,0.0006751727239035635,1.0,0.08,40.0,1.0,0.001414384956144879,0.004640224820091865,0.0027165784030152135,1.0,0.08,6.0,1.0,0.019675853434074814,0.03127612050649817,0.023210512413057487,1.0,0.12
08_low_friction_mild_mu_0p20_p2l_v2:0060,08_low_friction_mild_mu_0p20_p2l_v2,23.949999999999957,24.349999999999955,20.0,1.0,0.008617721707355728,0.03437697543561779,0.018627481318358105,1.0,0.06,20.0,1.0,0.021931652381078554,0.07479138034032128,0.053524812743901765,0.9,0.08,40.0,1.0,0.015480526065969044,0.056241509532187046,0.03414082615702464,0.925,0.08,6.0,1.0,0.01918077755692944,0.03127612050649817,0.02236558844911787,1.0,0.12
08_low_friction_mild_mu_0p20_p2l_v2:0061,08_low_friction_mild_mu_0p20_p2l_v2,24.149999999999956,24.549999999999955,20.0,1.0,0.012595977041811025,0.040318199165056356,0.021548974846989238,1.0,0.06,20.0,1.0,0.04916086200161207,0.11526144401032377,0.07260414890771846,0.8,0.08,40.0,1.0,0.02811524444214557,0.09218860879204098,0.047813141979498354,0.85,0.08,6.0,1.0,0.03263488157053307,0.05995628182621199,0.039326945182687575,1.0,0.12
08_low_friction_mild_mu_0p20_p2l_v2:0062,08_low_friction_mild_mu_0p20_p2l_v2,24.349999999999955,24.749999999999954,20.0,1.0,0.004668286929368172,0.013897572230562611,0.010860098675921583,1.0,0.06,20.0,1.0,0.04083870971755878,0.078851996242154,0.05249562669753782,0.9,0.08,40.0,1.0,0.014097257917350971,0.05275830077506758,0.03358404217280856,0.925,0.08,6.0,1.0,0.03142164773119764,0.05995628182621199,0.03858415325040488,1.0,0.12
08_low_friction_mild_mu_0p20_p2l_v2:0063,08_low_friction_mild_mu_0p20_p2l_v2,24.549999999999955,24.949999999999953,20.0,1.0,0.00048468946635859823,0.000974132659632207,0.000618524450024854,1.0,0.06,20.0,1.0,0.028307863827806645,0.03078051149432609,0.02838076189151188,1.0,0.08,40.0,1.0,0.0003681626676436234,0.0005822684904657927,0.00044652534856786345,1.0,0.08,7.0,1.0,0.016185472690389776,0.0275118749631311,0.019300948478566445,1.0,0.12
08_low_friction_mild_mu_0p20_p2l_v2:0064,08_low_friction_mild_mu_0p20_p2l_v2,24.749999999999954,25.149999999999952,20.0,1.0,0.00010902544193061997,0.0001359374432172435,0.00012946839049852725,1.0,0.06,20.0,1.0,0.03049762351435168,0.030788198297139985,0.03050318513669816,1.0,0.08,40.0,1.0,0.00024202889638393204,0.0005107802792268469,0.0003472990606028063,1.0,0.08,7.0,1.0,0.022296526233907592,0.03662808056886567,0.02518968765379309,1.0,0.12
08_low_friction_mild_mu_0p20_p2l_v2:0065,08_low_friction_mild_mu_0p20_p2l_v2,24.949999999999953,25.34999999999995,20.0,1.0,0.0003062746433812408,0.0008994543069472206,0.0005492949635477322,1.0,0.06,20.0,1.0,0.02527817286627504,0.030789567775625432,0.026996405512349855,1.0,0.08,40.0,1.0,0.005120728334008763,0.019115518565000662,0.010616591150496735,1.0,0.08,6.0,1.0,0.023604241108990426,0.03433311674734868,0.025439100246609187,1.0,0.12
08_low_friction_mild_mu_0p20_p2l_v2:0066,08_low_friction_mild_mu_0p20_p2l_v2,25.149999999999952,25.54999999999995,20.0,1.0,0.0019343821247731902,0.0036980232846292537,0.0024557431756433495,1.0,0.06,20.0,1.0,0.013927790320242595,0.030750602944556192,0.01739699278492909,1.0,0.08,40.0,1.0,0.007978492341360286,0.02194291028932091,0.012885739062591405,1.0,0.08,6.0,1.0,0.013311896731550954,0.02352387115618447,0.01609897720690624,1.0,0.12
08_low_friction_mild_mu_0p20_p2l_v2:0067,08_low_friction_mild_mu_0p20_p2l_v2,25.34999999999995,25.74999999999995,20.0,1.0,0.0029252577448771965,0.0036980232846292537,0.0030256081554704863,1.0,0.06,20.0,1.0,0.013373906291151292,0.0218528862360439,0.015111614808474255,1.0,0.08,40.0,1.0,0.003201576917072721,0.009190968205625429,0.00731659670785811,1.0,0.08,6.0,1.0,0.009656033598311459,0.015890140574993133,0.010777285986153516,1.0,0.12
08_low_friction_mild_mu_0p20_p2l_v2:0068,08_low_friction_mild_mu_0p20_p2l_v2,25.54999999999995,25.94999999999995,20.0,1.0,0.0014035540846145124,0.003208871051406284,0.0018730895348866036,1.0,0.06,20.0,1.0,0.02381282871261884,0.030269524638415635,0.024516887382947963,1.0,0.08,40.0,1.0,0.0010000078920938613,0.002489632036773554,0.0013552202481606004,1.0,0.08,6.0,1.0,0.012378864220193755,0.020020092264860054,0.014738180323190271,1.0,0.12
08_low_friction_mild_mu_0p20_p2l_v2:0069,08_low_friction_mild_mu_0p20_p2l_v2,25.74999999999995,26.14999999999995,20.0,1.0,0.0022508672760650273,0.0059144447466431055,0.003247523873960881,1.0,0.06,20.0,1.0,0.02735397194764578,0.03181451891822419,0.0330238639946285,0.95,0.08,40.0,1.0,0.007517182585571198,0.013474638194018307,0.020976380177854328,0.975,0.08,6.0,1.0,0.012567145346807132,0.020969317300224694,0.014851836305886875,1.0,0.12
08_low_friction_mild_mu_0p20_p2l_v2:0070,08_low_friction_mild_mu_0p20_p2l_v2,25.94999999999995,26.349999999999948,20.0,1.0,0.005335616347673178,0.006734013959824448,0.005608748198159351,1.0,0.06,20.0,1.0,0.07982545416188082,0.2542458967224833,0.1290265366674031,0.65,0.08,40.0,1.0,0.05755811690074754,0.1766036853941118,0.0955768078202615,0.7,0.08,6.0,1.0,0.012267420207026975,0.023816552024178886,0.015366929150484739,1.0,0.12
08_low_friction_mild_mu_0p20_p2l_v2:0071,08_low_friction_mild_mu_0p20_p2l_v2,26.14999999999995,26.549999999999947,20.0,1.0,0.006547515610995841,0.006675650573323927,0.006549493816849955,1.0,0.06,20.0,1.0,0.06723887343274712,0.2542458967224833,0.1264037127264438,0.7,0.08,40.0,1.0,0.05083463639374861,0.1766036853941118,0.09325544742698412,0.725,0.08,6.0,1.0,0.01711281920039913,0.03298801496416556,0.021002969269785527,1.0,0.12
08_low_friction_mild_mu_0p20_p2l_v2:0072,08_low_friction_mild_mu_0p20_p2l_v2,26.349999999999948,26.749999999999947,20.0,1.0,0.006617898598907136,0.006618220070254777,0.0066178986135516805,1.0,0.06,20.0,1.0,0.0005585190222728936,0.0005776722453361083,0.0005587143880382733,1.0,0.08,40.0,1.0,0.00013867590859874406,0.000274785462015964,0.00016753435677618376,1.0,0.08,6.0,1.0,0.03632576567075414,0.07137683644124111,0.04600563628869319,1.0,0.12
08_low_friction_mild_mu_0p20_p2l_v2:0073,08_low_friction_mild_mu_0p20_p2l_v2,26.549999999999947,26.949999999999946,20.0,1.0,0.006618208703491122,0.006618272442687279,0.006618208703903059,1.0,0.06,20.0,1.0,0.0005329149271847494,0.0005523559457471128,0.0005331160610056606,1.0,0.08,40.0,1.0,0.0001378939993491632,0.00029876322379570057,0.0001720453761237436,1.0,0.08,6.0,1.0,0.033760523219785614,0.07137683644124111,0.044505749196057376,1.0,0.12
08_low_friction_mild_mu_0p20_p2l_v2:0074,08_low_friction_mild_mu_0p20_p2l_v2,26.749999999999947,27.149999999999945,20.0,1.0,0.00661818053225101,0.006618272442687279,0.006618180533046586,1.0,0.06,20.0,1.0,0.0005081309116419547,0.000526659253839723,0.0005083220732605219,1.0,0.08,40.0,1.0,0.00015274066077193422,0.0003122085710436762,0.00018844613849270276,1.0,0.08,6.0,1.0,0.01014568705459116,0.020846933873330295,0.012869086657816577,1.0,0.12
08_low_friction_mild_mu_0p20_p2l_v2:0075,08_low_friction_mild_mu_0p20_p2l_v2,26.949999999999946,27.349999999999945,20.0,1.0,0.006617881556092943,0.006618178342773104,0.006617881560947915,1.0,0.06,20.0,1.0,0.0004846267343202093,0.0005021516502195511,0.0004848055889695615,1.0,0.08,40.0,1.0,0.00017393003021359683,0.00031406023878417517,0.00020603391120102002,1.0,0.08,6.0,1.0,0.008578351047427482,0.018824074111302783,0.011254338173764042,1.0,0.12
08_low_friction_mild_mu_0p20_p2l_v2:0076,08_low_friction_mild_mu_0p20_p2l_v2,27.149999999999945,27.549999999999944,20.0,1.0,0.006617313296733113,0.006617814244713277,0.006617313309242486,1.0,0.06,20.0,1.0,0.00046251748799532586,0.00047895317215512767,0.000462681849125372,1.0,0.08,40.0,1.0,0.0001625295125774806,0.0002908835894377182,0.00019234083309851483,1.0,0.08,6.0,1.0,0.01640575149746548,0.02832045058697398,0.019745243526847537,1.0,0.12
08_low_friction_mild_mu_0p20_p2l_v2:0077,08_low_friction_mild_mu_0p20_p2l_v2,27.349999999999945,27.749999999999943,20.0,1.0,0.006616478593094254,0.006617181207140235,0.006616478616702909,1.0,0.06,20.0,1.0,0.0004419113954216347,0.00045717741108984854,0.00044205932152527403,1.0,0.08,40.0,1.0,0.00016137205362538182,0.00030535129171230805,0.00019058525479966897,1.0,0.08,6.0,1.0,0.014500689898865096,0.02601648184141367,0.018300372163380315,1.0,0.12
08_low_friction_mild_mu_0p20_p2l_v2:0078,08_low_friction_mild_mu_0p20_p2l_v2,27.549999999999944,27.949999999999942,20.0,1.0,0.006615381586726884,0.006616282385914796,0.006615381624663118,1.0,0.06,20.0,1.0,0.0004229093978376758,0.0004369309407865063,0.0004230392980897878,1.0,0.08,40.0,1.0,0.00018641068951336936,0.0003401527821728646,0.0002245192475089659,1.0,0.08,6.0,1.0,0.015411674420296076,0.02635638785707549,0.017821741890579383,1.0,0.12
08_low_friction_mild_mu_0p20_p2l_v2:0079,08_low_friction_mild_mu_0p20_p2l_v2,27.749999999999943,28.14999999999994,20.0,1.0,0.023327726904730235,0.06616080402238884,0.03409296238194527,0.85,0.06,20.0,1.0,0.03922178005002154,0.12150101446539147,0.0721927111155898,0.8,0.08,40.0,1.0,0.029665956620150747,0.09729420662998463,0.05204235470475421,0.85,0.08,6.0,1.0,0.02059674327536758,0.03692176894990974,0.024970796448522438,1.0,0.12
08_low_friction_mild_mu_0p20_p2l_v2:0080,08_low_friction_mild_mu_0p20_p2l_v2,27.949999999999942,28.34999999999994,20.0,1.0,0.02015721293704059,0.06616080402238884,0.033775415027123334,0.85,0.06,20.0,1.0,0.039721869925304194,0.12150101446539147,0.07225149356546254,0.8,0.08,40.0,1.0,0.03082235300881584,0.09729420662998463,0.052255510172244564,0.85,0.08,6.0,1.0,0.020679470449723385,0.045380664525739994,0.027342994367576638,1.0,0.12
09_low_friction_severe_mu_0p06_p2l_v2:0000,09_low_friction_severe_mu_0p06_p2l_v2,11.042,11.442,20.0,1.0,0.022123543747192276,0.07617640463356815,0.04453630416279549,0.85,0.06,20.0,1.0,1.265433872332247e-15,4.028625255255036e-15,1.9225182073426967e-15,1.0,0.08,40.0,1.0,0.0001451507073195832,0.0002702978338186101,0.0001762367209665781,1.0,0.08,6.0,1.0,0.031055202269134274,0.04439055869769982,0.033383325453078726,1.0,0.12
09_low_friction_severe_mu_0p06_p2l_v2:0001,09_low_friction_severe_mu_0p06_p2l_v2,11.241999999999999,11.642,20.0,1.0,0.0029673402781125262,0.007378638276840396,0.004666705399615982,1.0,0.06,20.0,1.0,5.920317398634913e-16,6.388657745271823e-16,5.948602075353574e-16,1.0,0.08,40.0,1.0,0.00014561115886583902,0.00025551812792366503,0.0001749018146991293,1.0,0.08,6.0,1.0,0.025867447300181076,0.03638278042527228,0.028425065940847368,1.0,0.12
09_low_friction_severe_mu_0p06_p2l_v2:0002,09_low_friction_severe_mu_0p06_p2l_v2,11.441999999999998,11.841999999999999,20.0,1.0,0.0029673394714875485,0.007378636970678659,0.004666704829158056,1.0,0.06,20.0,1.0,6.760622604752967e-16,7.478503243847016e-16,6.781240168862448e-16,1.0,0.08,40.0,1.0,0.00014194968495163032,0.0002495523709282502,0.00016764591368362375,1.0,0.08,6.0,1.0,0.016439588280778853,0.035146615546032225,0.02139584990289781,1.0,0.12
09_low_friction_severe_mu_0p06_p2l_v2:0003,09_low_friction_severe_mu_0p06_p2l_v2,11.641999999999998,12.041999999999998,20.0,1.0,0.002967339364691214,0.007378636880254308,0.004666704767750449,1.0,0.06,20.0,1.0,7.65191850200612e-16,8.477400603124411e-16,7.671593945225642e-16,1.0,0.08,40.0,1.0,0.00013453159170618084,0.00026019078778981216,0.00016226282469433592,1.0,0.08,6.0,1.0,0.01854913892688052,0.04203063863188149,0.025661911958413795,1.0,0.12
09_low_friction_severe_mu_0p06_p2l_v2:0004,09_low_friction_severe_mu_0p06_p2l_v2,11.841999999999997,12.241999999999997,20.0,1.0,0.002967339350174983,0.007378636862435106,0.004666704759362737,1.0,0.06,20.0,1.0,8.63095878896141e-16,9.511934622756183e-16,8.659642272762218e-16,1.0,0.08,40.0,1.0,0.0001295113853239456,0.00026131393363504655,0.00016807666884840236,1.0,0.08,6.0,1.0,0.03127262770067949,0.049192611542384884,0.03507319180025916,1.0,0.12
09_low_friction_severe_mu_0p06_p2l_v2:0005,09_low_friction_severe_mu_0p06_p2l_v2,12.041999999999996,12.441999999999997,20.0,1.0,0.0029673393483232212,0.007378636859752033,0.004666704757930615,1.0,0.06,20.0,1.0,9.9035716199256e-16,1.1103826505496448e-15,9.937605672947894e-16,1.0,0.08,40.0,1.0,0.00016116164216336434,0.000327015352303201,0.00019912335981850355,1.0,0.08,6.0,1.0,0.020069524260219258,0.04006060002450569,0.026028366081350132,1.0,0.12
09_low_friction_severe_mu_0p06_p2l_v2:0006,09_low_friction_severe_mu_0p06_p2l_v2,12.241999999999996,12.641999999999996,20.0,1.0,0.0029673393481654486,0.007378636859668053,0.004666704757873696,1.0,0.06,20.0,1.0,1.1316350635487974e-15,1.240650064742569e-15,1.1347971699537975e-15,1.0,0.08,40.0,1.0,0.00018393152094301873,0.0003439604847664011,0.00022738866685664494,1.0,0.08,6.0,1.0,0.02739751785053216,0.05474070872346615,0.035576164471447895,1.0,0.12
09_low_friction_severe_mu_0p06_p2l_v2:0007,09_low_friction_severe_mu_0p06_p2l_v2,12.441999999999995,12.841999999999995,20.0,1.0,0.0029673393481654694,0.007378636859667914,0.004666704757873696,1.0,0.06,20.0,1.0,1.2965875724184362e-15,1.4336589905238952e-15,1.3011508160178699e-15,1.0,0.08,40.0,1.0,0.0001669520141639937,0.00034843248095661213,0.00021533393532200426,1.0,0.08,6.0,1.0,0.03332062150087622,0.05474070872346615,0.03974710131190302,1.0,0.12
09_low_friction_severe_mu_0p06_p2l_v2:0008,09_low_friction_severe_mu_0p06_p2l_v2,12.641999999999994,13.041999999999994,20.0,1.0,0.002967339348165511,0.007378636859667914,0.0046667047578737185,1.0,0.06,20.0,1.0,1.4996526282596119e-15,1.6741452504527108e-15,1.5052607018521241e-15,1.0,0.08,40.0,1.0,0.00016315572476169102,0.00037225928677044474,0.00020854201672713528,1.0,0.08,6.0,1.0,0.0180663369657995,0.03504913631606581,0.023153511457727517,1.0,0.12
09_low_friction_severe_mu_0p06_p2l_v2:0009,09_low_friction_severe_mu_0p06_p2l_v2,12.841999999999993,13.241999999999994,20.0,1.0,0.0029673393481655847,0.007378636859667928,0.004666704757873763,1.0,0.06,20.0,1.0,1.7245293159428444e-15,1.8978207818054305e-15,1.7299486554686351e-15,1.0,0.08,40.0,1.0,0.00016994845479322284,0.0003318288734801763,0.00020818103226090244,1.0,0.08,6.0,1.0,0.02183109015972548,0.033621894457202706,0.023624382559065127,1.0,0.12
09_low_friction_severe_mu_0p06_p2l_v2:0010,09_low_friction_severe_mu_0p06_p2l_v2,13.041999999999993,13.441999999999993,20.0,1.0,0.0029673393481657344,0.007378636859667928,0.004666704757873922,1.0,0.06,20.0,1.0,1.975640274081058e-15,2.21033894167228e-15,1.982147257727062e-15,1.0,0.08,40.0,1.0,0.00017110646328286368,0.0003273426183671413,0.0002018250464932684,1.0,0.08,6.0,1.0,0.01836752559075742,0.033621894457202706,0.021447302110693414,1.0,0.12
09_low_friction_severe_mu_0p06_p2l_v2:0011,09_low_friction_severe_mu_0p06_p2l_v2,13.241999999999992,13.641999999999992,20.0,1.0,0.0029673393481654473,0.007378636859667914,0.004666704757873693,1.0,0.06,20.0,1.0,2.2658456692995814e-15,2.503692624774563e-15,2.273045404708974e-15,1.0,0.08,40.0,1.0,0.00016600885879033728,0.0003291912503056659,0.00020190559570605875,1.0,0.08,6.0,1.0,0.01267166378294097,0.02618086886486891,0.017751426808015166,1.0,0.12
09_low_friction_severe_mu_0p06_p2l_v2:0012,09_low_friction_severe_mu_0p06_p2l_v2,13.441999999999991,13.841999999999992,20.0,1.0,0.002967339348165468,0.007378636859667914,0.004666704757873694,1.0,0.06,20.0,1.0,2.592397142249186e-15,2.8543886460386786e-15,2.600493008385728e-15,1.0,0.08,40.0,1.0,0.0001531239891807889,0.0003186422935017745,0.00018464546359656258,1.0,0.08,6.0,1.0,0.018085206113596982,0.032227246648710114,0.022049318856237083,1.0,0.12
09_low_friction_severe_mu_0p06_p2l_v2:0013,09_low_friction_severe_mu_0p06_p2l_v2,13.64199999999999,14.041999999999991,20.0,1.0,0.0029673393481654624,0.007378636859667914,0.004666704757873694,1.0,0.06,20.0,1.0,2.9760263333063955e-15,3.3075275707549576e-15,2.9866077266530042e-15,1.0,0.08,40.0,1.0,0.00014747879563736235,0.0003001442241138379,0.00018753599349337132,1.0,0.08,6.0,1.0,0.018004896763356457,0.03134653546136601,0.021514435378190283,1.0,0.12
09_low_friction_severe_mu_0p06_p2l_v2:0014,09_low_friction_severe_mu_0p06_p2l_v2,13.84199999999999,14.24199999999999,20.0,1.0,0.0029673393481654416,0.007378636859667914,0.004666704757873693,1.0,0.06,20.0,1.0,3.42065196903685e-15,3.7720944808710966e-15,3.4314476898086253e-15,1.0,0.08,40.0,1.0,0.00015134147260427894,0.00030305178196747713,0.0001949205026949108,1.0,0.08,6.0,1.0,0.019750491456902993,0.04165392841336883,0.02596390532680836,1.0,0.12
09_low_friction_severe_mu_0p06_p2l_v2:0015,09_low_friction_severe_mu_0p06_p2l_v2,14.04199999999999,14.44199999999999,20.0,1.0,0.0029673393481656402,0.007378636859667914,0.004666704757873879,1.0,0.06,20.0,1.0,3.922945229919439e-15,4.394263868996007e-15,3.935954753692045e-15,1.0,0.08,40.0,1.0,0.00017870515046284453,0.00033812629976460925,0.00021511178225420963,1.0,0.08,6.0,1.0,0.01945002985662107,0.03393244585762828,0.023369230663637133,1.0,0.12
09_low_friction_severe_mu_0p06_p2l_v2:0016,09_low_friction_severe_mu_0p06_p2l_v2,14.241999999999988,14.641999999999989,20.0,1.0,0.002967339348165424,0.007378636859667864,0.0046667047578736656,1.0,0.06,20.0,1.0,4.5050096904587576e-15,4.9761840040910686e-15,4.51980126717692e-15,1.0,0.08,40.0,1.0,0.00017261198308648432,0.0003404738025265618,0.00021172166000355317,1.0,0.08,6.0,1.0,0.019233658718926617,0.03507429432699573,0.024717865103848366,1.0,0.12
09_low_friction_severe_mu_0p06_p2l_v2:0017,09_low_friction_severe_mu_0p06_p2l_v2,14.441999999999988,14.841999999999988,20.0,1.0,0.002967339348165436,0.007378636859667895,0.0046667047578736656,1.0,0.06,20.0,1.0,5.1660889817726096e-15,5.661776884261726e-15,5.1820688601406086e-15,1.0,0.08,40.0,1.0,0.00014696421498567523,0.0002893204447016138,0.00018264923912313032,1.0,0.08,6.0,1.0,0.024159115055832275,0.04563683910945812,0.029283574708748043,1.0,0.12
09_low_friction_severe_mu_0p06_p2l_v2:0018,09_low_friction_severe_mu_0p06_p2l_v2,14.641999999999987,15.041999999999987,20.0,1.0,0.002967339348165454,0.0073786368596682195,0.004666704757873698,1.0,0.06,20.0,1.0,5.906596975294343e-15,6.5406027699101504e-15,5.925063491499207e-15,1.0,0.08,40.0,1.0,0.00013868778679301526,0.00025513474338163236,0.00016970672024405392,1.0,0.08,6.0,1.0,0.02296582267388152,0.036358974089825344,0.02497292323397951,1.0,0.12
09_low_friction_severe_mu_0p06_p2l_v2:0019,09_low_friction_severe_mu_0p06_p2l_v2,14.841999999999986,15.241999999999987,20.0,1.0,0.002967339348165436,0.00737863685966825,0.0046667047578736985,1.0,0.06,20.0,1.0,6.769350478435347e-15,7.482263072411792e-15,6.791407280671899e-15,1.0,0.08,40.0,1.0,0.00014718546305478132,0.00026006134688655807,0.00017566987903398605,1.0,0.08,6.0,1.0,0.025619905207079807,0.0340392754658982,0.026780198961865953,1.0,0.12
09_low_friction_severe_mu_0p06_p2l_v2:0020,09_low_friction_severe_mu_0p06_p2l_v2,15.041999999999986,15.441999999999986,20.0,1.0,0.0029673393481656264,0.007378636859668525,0.004666704757873879,1.0,0.06,20.0,1.0,7.778344250212862e-15,8.718939528204724e-15,7.804457668741623e-15,1.0,0.08,40.0,1.0,0.0001594589728610342,0.00030131979385001646,0.00019009124947695576,1.0,0.08,6.0,1.0,0.033229658485972306,0.047979446064436354,0.03590929117878697,1.0,0.12
09_low_friction_severe_mu_0p06_p2l_v2:0021,09_low_friction_severe_mu_0p06_p2l_v2,15.241999999999985,15.641999999999985,20.0,1.0,0.0029673393481654334,0.007378636859668525,0.0046667047578736985,1.0,0.06,20.0,1.0,8.925970558514514e-15,9.854878885382542e-15,8.95460981410674e-15,1.0,0.08,40.0,1.0,0.00012822974598525268,0.0002700822461744758,0.0001632286924614585,1.0,0.08,6.0,1.0,0.033311361487248975,0.05410951685211246,0.03774442430781339,1.0,0.12
09_low_friction_severe_mu_0p06_p2l_v2:0022,09_low_friction_severe_mu_0p06_p2l_v2,15.441999999999984,15.841999999999985,20.0,1.0,0.002967339348165454,0.007378636859668525,0.0046667047578736985,1.0,0.06,20.0,1.0,1.0223802719525353e-14,1.1212164583530277e-14,1.0255630274114132e-14,1.0,0.08,40.0,1.0,0.00014219711750521933,0.00032740080950822737,0.00018841885971490214,1.0,0.08,7.0,1.0,0.027112807701528262,0.05553721926542141,0.034170906060280275,1.0,0.12
09_low_friction_severe_mu_0p06_p2l_v2:0023,09_low_friction_severe_mu_0p06_p2l_v2,15.641999999999983,16.041999999999984,20.0,1.0,0.0025997312222068624,0.007378636859668525,0.004365312617253559,1.0,0.06,20.0,1.0,1.1756129877623753e-14,1.3157802625494806e-14,1.1799190557191481e-14,1.0,0.08,40.0,1.0,0.00019489057283010965,0.0004010745387419144,0.00024383850407242016,1.0,0.08,7.0,1.0,0.021776998671766957,0.04470762489417651,0.029013012149469435,1.0,0.12
09_low_friction_severe_mu_0p06_p2l_v2:0024,09_low_friction_severe_mu_0p06_p2l_v2,15.841999999999983,16.241999999999983,20.0,1.0,0.004499762580049989,0.0115492583950879,0.009474988173386798,1.0,0.06,20.0,1.0,1.3886571105134598e-14,1.6195050508545365e-14,1.3989027445209191e-14,1.0,0.08,40.0,1.0,0.0001873054075806859,0.00033871698119096477,0.00023252865417052598,1.0,0.08,6.0,1.0,0.02379389871842152,0.040293807007615354,0.027569859337208378,1.0,0.12
09_low_friction_severe_mu_0p06_p2l_v2:0025,09_low_friction_severe_mu_0p06_p2l_v2,16.04199999999998,16.44199999999998,20.0,1.0,0.008270109950308694,0.027738680501780525,0.014692306197670472,1.0,0.06,20.0,1.0,1.929931243221761e-14,2.5264915209347866e-14,1.9819845448102227e-14,1.0,0.08,40.0,1.0,0.00017266515902614974,0.0002836215938278842,0.00021007880837079992,1.0,0.08,6.0,1.0,0.025261516135658153,0.03770090580275094,0.02808898843352454,1.0,0.12
09_low_friction_severe_mu_0p06_p2l_v2:0026,09_low_friction_severe_mu_0p06_p2l_v2,16.241999999999983,16.64199999999998,20.0,1.0,0.0049049380882106195,0.016921248287805873,0.011586890643236744,1.0,0.06,20.0,1.0,2.62873373212608e-14,3.058392957733318e-14,2.651073145325725e-14,1.0,0.08,40.0,1.0,0.00016809649453425915,0.00033673323166857856,0.0002074076618188077,1.0,0.08,6.0,1.0,0.01725949627747152,0.030970896315152513,0.021227228193937166,1.0,0.12
09_low_friction_severe_mu_0p06_p2l_v2:0027,09_low_friction_severe_mu_0p06_p2l_v2,16.44199999999998,16.841999999999977,20.0,1.0,0.004477156311322264,0.017381247315585602,0.009111713170769807,1.0,0.06,20.0,1.0,3.2843091283229976e-14,3.921444949057084e-14,3.3135657938811206e-14,1.0,0.08,40.0,1.0,0.00016051314756249883,0.000335647367552985,0.0002174147254435658,1.0,0.08,6.0,1.0,0.023628436300667337,0.04470942658770255,0.030046412128553586,1.0,0.12
09_low_friction_severe_mu_0p06_p2l_v2:0028,09_low_friction_severe_mu_0p06_p2l_v2,16.64199999999998,17.04199999999998,20.0,1.0,0.018061060643301506,0.03204703989363905,0.021568284201479437,1.0,0.06,20.0,1.0,4.2555813903177604e-14,5.233570192038634e-14,4.312982741344866e-14,1.0,0.08,40.0,1.0,0.00016354281829876181,0.00033179223241583503,0.00021752556457334634,1.0,0.08,6.0,1.0,0.04129829356189791,0.05979088284786463,0.04492435860835438,1.0,0.12
09_low_friction_severe_mu_0p06_p2l_v2:0029,09_low_friction_severe_mu_0p06_p2l_v2,16.841999999999977,17.241999999999976,20.0,1.0,0.01703766675790405,0.03204703989363905,0.020462372226731817,1.0,0.06,20.0,1.0,5.540136987450928e-14,6.401517919589708e-14,5.5923460394367386e-14,1.0,0.08,40.0,1.0,0.0001606522067679616,0.0002940811766543826,0.00019103048263702376,1.0,0.08,6.0,1.0,0.04259566480125033,0.06490986351174424,0.04727076613439224,1.0,0.12
09_low_friction_severe_mu_0p06_p2l_v2:0030,09_low_friction_severe_mu_0p06_p2l_v2,17.04199999999998,17.44199999999998,20.0,1.0,0.0034644178369036523,0.011431671916647882,0.006045132945164218,1.0,0.06,20.0,1.0,6.461253413604888e-14,6.998240543638554e-14,6.472031653076704e-14,1.0,0.08,40.0,1.0,0.00015062140861813814,0.0003558226422467343,0.00018789031719449508,1.0,0.08,6.0,1.0,0.02701100147282895,0.05972222659713419,0.0365940663378077,1.0,0.12
09_low_friction_severe_mu_0p06_p2l_v2:0031,09_low_friction_severe_mu_0p06_p2l_v2,17.241999999999976,17.641999999999975,20.0,1.0,0.0007922832497741367,0.0020682465014064608,0.0022047180551050265,1.0,0.06,20.0,1.0,7.408465447184678e-14,8.525184443955988e-14,7.45426130019681e-14,1.0,0.08,40.0,1.0,0.00015039768577792935,0.00033709005611097303,0.00018987939202527444,1.0,0.08,6.0,1.0,0.024036844979754484,0.060402416709105594,0.03573953506223051,1.0,0.12
09_low_friction_severe_mu_0p06_p2l_v2:0032,09_low_friction_severe_mu_0p06_p2l_v2,17.44199999999998,17.841999999999977,20.0,1.0,0.00954403250237149,0.020923216193608596,0.012871665482441843,1.0,0.06,20.0,1.0,9.582203008424993e-14,1.204924165487046e-13,9.73117702381706e-14,1.0,0.08,40.0,1.0,0.00015396238586557728,0.0003346892112904164,0.00018782919009311858,1.0,0.08,6.0,1.0,0.03126534293547478,0.052750898621126446,0.037188145154854,1.0,0.12
09_low_friction_severe_mu_0p06_p2l_v2:0033,09_low_friction_severe_mu_0p06_p2l_v2,17.641999999999975,18.041999999999973,20.0,1.0,0.010396440676616108,0.020923216193608596,0.013090359623314209,1.0,0.06,20.0,1.0,1.216070252611891e-13,1.3324674468265775e-13,1.2236568567922593e-13,1.0,0.08,40.0,1.0,0.00016180123904033488,0.00035387507594727296,0.0002046722376623652,1.0,0.08,6.0,1.0,0.027774120135508073,0.039462799613403876,0.030179061293104804,1.0,0.12
09_low_friction_severe_mu_0p06_p2l_v2:0034,09_low_friction_severe_mu_0p06_p2l_v2,17.841999999999977,18.241999999999976,20.0,1.0,0.001708574080534131,0.005834195481473956,0.0032589062710407673,1.0,0.06,20.0,1.0,1.4138481677343577e-13,1.5704983690011362e-13,1.4179769121332902e-13,1.0,0.08,40.0,1.0,0.00016466844681688506,0.00029631167858785355,0.00020245410658844705,1.0,0.08,6.0,1.0,0.017259767005595367,0.032938900691255935,0.021901250958226003,1.0,0.12
09_low_friction_severe_mu_0p06_p2l_v2:0035,09_low_friction_severe_mu_0p06_p2l_v2,18.041999999999973,18.44199999999997,20.0,1.0,0.031074816955846307,0.09668158809546103,0.05186373895088552,0.7,0.06,20.0,1.0,0.07699849768486783,0.21999995381771223,0.1301512158867857,0.65,0.08,40.0,1.0,0.0001479209425196681,0.00027709773028250316,0.00017688758959633579,1.0,0.08,6.0,1.0,0.018630061897545607,0.035835508150268536,0.02450637259731477,1.0,0.12
09_low_friction_severe_mu_0p06_p2l_v2:0036,09_low_friction_severe_mu_0p06_p2l_v2,18.241999999999976,18.641999999999975,20.0,1.0,0.043420748738165704,0.09668158809546103,0.05565394807435298,0.7,0.06,20.0,1.0,0.1869807474091698,0.21999995381771223,0.20280909628357385,0.15,0.08,40.0,1.0,0.00014012238328108388,0.000304308708139871,0.00017482802543088193,1.0,0.08,6.0,1.0,0.02559298433426672,0.04599495539008075,0.029997208752288444,1.0,0.12
09_low_friction_severe_mu_0p06_p2l_v2:0037,09_low_friction_severe_mu_0p06_p2l_v2,18.44199999999997,18.84199999999997,20.0,1.0,0.021797126116229408,0.03670768513151179,0.02551312492500067,1.0,0.06,20.0,1.0,0.2199605041073353,0.21997045048887334,0.21996050421556754,0.0,0.08,40.0,1.0,0.00013369467534461683,0.00028977360167108357,0.00017792690447589678,1.0,0.08,6.0,1.0,0.01573050634024359,0.03193453756612141,0.020821991963237026,1.0,0.12
09_low_friction_severe_mu_0p06_p2l_v2:0038,09_low_friction_severe_mu_0p06_p2l_v2,18.641999999999975,19.041999999999973,20.0,1.0,0.030354081583878513,0.042903323988827194,0.03355652818210337,1.0,0.06,20.0,1.0,0.21996429360471917,0.21997459147593032,0.21996429376101323,0.0,0.08,40.0,1.0,0.0001731044495624716,0.0003670382386817597,0.00021960771562431073,1.0,0.08,6.0,1.0,0.00715838516116496,0.010814486449136379,0.007894868827090916,1.0,0.12
09_low_friction_severe_mu_0p06_p2l_v2:0039,09_low_friction_severe_mu_0p06_p2l_v2,18.84199999999997,19.24199999999997,20.0,1.0,0.04244741214552032,0.042903323988827194,0.04246234548127843,1.0,0.06,20.0,1.0,0.2199721364590305,0.21997459147593032,0.21997213647410238,0.0,0.08,40.0,1.0,0.00018534330623441985,0.0003988467575121852,0.0002280060882039702,1.0,0.08,6.0,1.0,0.022250943819517626,0.041884990379489014,0.027615282519103865,1.0,0.12
09_low_friction_severe_mu_0p06_p2l_v2:0040,09_low_friction_severe_mu_0p06_p2l_v2,19.041999999999973,19.44199999999997,20.0,1.0,0.04290451980804473,0.04290835349608,0.04290451986717061,1.0,0.06,20.0,1.0,0.21998242710494406,0.22000884856534958,0.21998242767061155,0.0,0.08,40.0,1.0,0.0001588448242220185,0.0003085013824757842,0.00019374443659330012,1.0,0.08,6.0,1.0,0.02438126526447069,0.041884990379489014,0.028994578429878362,1.0,0.12
09_low_friction_severe_mu_0p06_p2l_v2:0041,09_low_friction_severe_mu_0p06_p2l_v2,19.24199999999997,19.641999999999967,20.0,1.0,0.042907742296097354,0.04290939152489474,0.042907742355536606,1.0,0.06,20.0,1.0,0.21999895249397722,0.22000884856534958,0.21999895291065788,0.0,0.08,40.0,1.0,0.00016545179081095155,0.00031782480496238546,0.00020389767888045232,1.0,0.08,6.0,1.0,0.019139796613328337,0.030051612240305822,0.02156827708579887,1.0,0.12
09_low_friction_severe_mu_0p06_p2l_v2:0042,09_low_friction_severe_mu_0p06_p2l_v2,19.44199999999997,19.84199999999997,20.0,1.0,0.04290942426674758,0.04290952338010957,0.04290942426681109,1.0,0.06,20.0,1.0,0.2200055733216173,0.22000608158949625,0.22000557332194307,0.0,0.08,40.0,1.0,0.00017033545861189957,0.0003403857812797355,0.00020811878098459793,1.0,0.08,6.0,1.0,0.036035792887752965,0.06912292087199401,0.04578073805668982,1.0,0.12
09_low_friction_severe_mu_0p06_p2l_v2:0043,09_low_friction_severe_mu_0p06_p2l_v2,19.641999999999967,20.041999999999966,20.0,1.0,0.04290956021762948,0.04290967172904937,0.042909560217709884,1.0,0.06,20.0,1.0,0.2200062704977112,0.22000684234466125,0.2200062704981236,0.0,0.08,40.0,1.0,0.00017483655057795152,0.0003548010618884644,0.00020811941717060068,1.0,0.08,6.0,1.0,0.031494086252350215,0.06912292087199401,0.04402466205557894,1.0,0.12
09_low_friction_severe_mu_0p06_p2l_v2:0044,09_low_friction_severe_mu_0p06_p2l_v2,19.84199999999997,20.24199999999997,20.0,1.0,0.04290971317454408,0.0429098386348381,0.04290971317464586,1.0,0.06,20.0,1.0,0.2200070548832443,0.22000769826210795,0.22000705488376626,0.0,0.08,40.0,1.0,0.0001622772478719131,0.00038370503497954555,0.00019953742738553916,1.0,0.08,6.0,1.0,0.0172429585644958,0.03065288740501257,0.020799841308300107,1.0,0.12
09_low_friction_severe_mu_0p06_p2l_v2:0045,09_low_friction_severe_mu_0p06_p2l_v2,20.041999999999966,20.441999999999965,20.0,1.0,0.06430905140574614,0.14183820023433436,0.0762671631913329,0.8,0.06,20.0,1.0,0.1771098692039389,0.22001046748121122,0.19684310132527424,0.2,0.08,40.0,1.0,0.0001386445600121097,0.0002196184261678963,0.0001659588418370496,1.0,0.08,6.0,1.0,0.024958131286554747,0.04711660067923823,0.03144342218465952,1.0,0.12
09_low_friction_severe_mu_0p06_p2l_v2:0046,09_low_friction_severe_mu_0p06_p2l_v2,20.24199999999997,20.641999999999967,20.0,1.0,0.08253039851013497,0.14183820023433436,0.09233477849689957,0.45,0.06,20.0,1.0,0.06711130252290096,0.22001046748121122,0.12060498802586195,0.7,0.08,40.0,1.0,0.0001286958106519268,0.0002650533823654637,0.00015602671968056986,1.0,0.08,6.0,1.0,0.021975724816735834,0.04711660067923823,0.029073738989472978,1.0,0.12
09_low_friction_severe_mu_0p06_p2l_v2:0047,09_low_friction_severe_mu_0p06_p2l_v2,20.441999999999965,20.841999999999963,20.0,1.0,0.04256349881139092,0.10751878287448155,0.06062401289233074,0.65,0.06,20.0,1.0,5.5571343016723565e-06,1.3948156020050506e-05,7.854822592766237e-06,1.0,0.08,40.0,1.0,0.00016928687887963657,0.0003024367900286973,0.00019864830090881322,1.0,0.08,6.0,1.0,0.017132795131152408,0.027514651251305984,0.019533973045010887,1.0,0.12
09_low_friction_severe_mu_0p06_p2l_v2:0048,09_low_friction_severe_mu_0p06_p2l_v2,20.641999999999967,21.041999999999966,20.0,1.0,0.0028872546296222308,0.01046366277475066,0.006753856909073627,1.0,0.06,20.0,1.0,3.887344920270937e-07,1.410587246845611e-06,9.085893186654385e-07,1.0,0.08,40.0,1.0,0.00018414389061020112,0.0003255373942757351,0.00021864104769896164,1.0,0.08,6.0,1.0,0.02035791178423307,0.031158485377311605,0.02263246100467604,1.0,0.12
09_low_friction_severe_mu_0p06_p2l_v2:0049,09_low_friction_severe_mu_0p06_p2l_v2,20.841999999999963,21.241999999999962,20.0,1.0,0.007502127377052463,0.0008266222828856091,0.032969844785280825,0.95,0.06,20.0,1.0,3.508876089576873e-08,1.123230419710736e-07,9.334298628361087e-08,1.0,0.08,40.0,1.0,0.00015131177902678349,0.0003133567625263166,0.00019070756552640717,1.0,0.08,6.0,1.0,0.023380334816688202,0.04172823347634115,0.028334993804591188,1.0,0.12
09_low_friction_severe_mu_0p06_p2l_v2:0050,09_low_friction_severe_mu_0p06_p2l_v2,21.041999999999966,21.441999999999965,20.0,1.0,0.15072764437554084,0.29257372045406715,0.20526896194955027,0.45,0.06,20.0,1.0,9.587350970344816e-07,2.660442456456947e-06,1.4535560097866062e-06,1.0,0.08,40.0,1.0,0.00016034637177731495,0.00030537156262467593,0.00018771944699486892,1.0,0.08,6.0,1.0,0.025327561505940264,0.04574590126368512,0.030873616092449804,1.0,0.12
09_low_friction_severe_mu_0p06_p2l_v2:0051,09_low_friction_severe_mu_0p06_p2l_v2,21.241999999999962,21.64199999999996,20.0,1.0,0.27470493864411527,0.29257372045406715,0.2750367251179012,0.0,0.06,20.0,1.0,3.486552318209636e-06,6.00853854910645e-06,3.9647162608919075e-06,1.0,0.08,40.0,1.0,0.0001852040486308634,0.00030537156262467593,0.00021002823013462798,1.0,0.08,6.0,1.0,0.026860969767389473,0.03687882124278822,0.029653780757089923,1.0,0.12
09_low_friction_severe_mu_0p06_p2l_v2:0052,09_low_friction_severe_mu_0p06_p2l_v2,21.441999999999965,21.841999999999963,20.0,1.0,0.2511041454515958,0.2691232188655631,0.2514760458707977,0.0,0.06,20.0,1.0,6.905548692586949e-06,9.653691676248582e-06,7.204764247764509e-06,1.0,0.08,40.0,1.0,0.00016129770398435169,0.0002744448635379945,0.00018875337309377148,1.0,0.08,6.0,1.0,0.03701474311977774,0.043832065640868514,0.03766590165111875,1.0,0.12
09_low_friction_severe_mu_0p06_p2l_v2:0053,09_low_friction_severe_mu_0p06_p2l_v2,21.64199999999996,22.04199999999996,20.0,1.0,0.2273946311518266,0.24541394315509896,0.2278052501996407,0.0,0.06,20.0,1.0,1.0679952819048401e-05,1.3779188487464768e-05,1.092559686355276e-05,1.0,0.08,40.0,1.0,0.0001354046230075641,0.0002731585122726146,0.0001675288222136661,1.0,0.08,6.0,1.0,0.026409416579535373,0.043832065640868514,0.03158529567688552,1.0,0.12
09_low_friction_severe_mu_0p06_p2l_v2:0054,09_low_friction_severe_mu_0p06_p2l_v2,21.841999999999963,22.241999999999962,20.0,1.0,0.203684982344373,0.2217043263059393,0.20414329845624676,0.0,0.06,20.0,1.0,1.4992666143974517e-05,1.861355294177835e-05,1.5230015457538136e-05,1.0,0.08,40.0,1.0,0.0001426297865758527,0.00028278142010225205,0.00017774397554311592,1.0,0.08,6.0,1.0,0.01987968527671197,0.04357083802839627,0.02669705038518955,1.0,0.12
09_low_friction_severe_mu_0p06_p2l_v2:0055,09_low_friction_severe_mu_0p06_p2l_v2,22.04199999999996,22.441999999999958,20.0,1.0,0.17997531552937404,0.19799466376095007,0.1804938462735818,0.0,0.06,20.0,1.0,2.0088313719348122e-05,2.4446316203977474e-05,2.0343262262947377e-05,1.0,0.08,40.0,1.0,0.0001411301377842384,0.00026486090374791137,0.00016930281433394435,1.0,0.08,7.0,1.0,0.02381199496556407,0.04944317636794371,0.031352960392608514,1.0,0.12
09_low_friction_severe_mu_0p06_p2l_v2:0056,09_low_friction_severe_mu_0p06_p2l_v2,22.241999999999962,22.64199999999996,20.0,1.0,0.15626564632229245,0.17428499510840698,0.1568625722482874,0.0,0.06,20.0,1.0,2.6279988161141438e-05,3.1656344560731756e-05,2.6574865367013006e-05,1.0,0.08,40.0,1.0,0.00014266956539085875,0.0002819598286613607,0.00017226169591844613,1.0,0.08,7.0,1.0,0.023809534703816932,0.0528127410760649,0.03088731596678692,1.0,0.12
09_low_friction_severe_mu_0p06_p2l_v2:0057,09_low_friction_severe_mu_0p06_p2l_v2,22.441999999999958,22.841999999999956,20.0,1.0,0.13255597682551554,0.15057532565962353,0.1332591510727329,0.0,0.06,20.0,1.0,3.3980449637911224e-05,4.0751387236179906e-05,3.43403168590753e-05,1.0,0.08,40.0,1.0,0.00017736025559352914,0.0003142945171121848,0.00021065170506934504,1.0,0.08,6.0,1.0,0.03183951282119039,0.05426909089194746,0.03651009783074121,1.0,0.12
09_low_friction_severe_mu_0p06_p2l_v2:0058,09_low_friction_severe_mu_0p06_p2l_v2,22.64199999999996,23.04199999999996,20.0,1.0,0.108846307336587,0.1268656561371329,0.10970156321795527,0.0,0.06,20.0,1.0,4.3746140110262135e-05,5.242447573465624e-05,4.420327666327358e-05,1.0,0.08,40.0,1.0,0.0001949937004942272,0.00039046546041070863,0.0002320062505085616,1.0,0.08,6.0,1.0,0.029836905299902256,0.04871335186091387,0.03368998399412426,1.0,0.12
09_low_friction_severe_mu_0p06_p2l_v2:0059,09_low_friction_severe_mu_0p06_p2l_v2,22.841999999999956,23.241999999999955,20.0,1.0,0.08513663792061951,0.1031559866547983,0.08622738234799181,0.0,0.06,20.0,1.0,5.634029503698657e-05,6.763564696142664e-05,5.693914157557243e-05,1.0,0.08,40.0,1.0,0.00016739652225393242,0.0003323590110994027,0.0002054242775064804,1.0,0.08,6.0,1.0,0.04233178328931566,0.0700967389143209,0.04811208311049479,1.0,0.12
09_low_friction_severe_mu_0p06_p2l_v2:0060,09_low_friction_severe_mu_0p06_p2l_v2,23.04199999999996,23.441999999999958,20.0,1.0,0.06142696862757284,0.07944631725499708,0.06293001527518692,0.45,0.06,20.0,1.0,7.282480733315746e-05,8.773189264233868e-05,7.36286743251347e-05,1.0,0.08,40.0,1.0,0.00016798984256591312,0.00031924200208867116,0.00020393052479265379,1.0,0.08,6.0,1.0,0.04299982805701419,0.0700967389143209,0.04977156543175447,1.0,0.12
09_low_friction_severe_mu_0p06_p2l_v2:0061,09_low_friction_severe_mu_0p06_p2l_v2,23.241999999999955,23.641999999999953,20.0,1.0,0.03771729953321602,0.0557366479878967,0.04011868676747132,0.95,0.06,20.0,1.0,9.469561022310488e-05,0.00011462521107941707,9.579654312660092e-05,1.0,0.08,40.0,1.0,0.00019993800871051024,0.00035922042823180553,0.00023919774235985463,1.0,0.08,6.0,1.0,0.016878899815178757,0.03869833649085695,0.02477372843577679,1.0,0.12
09_low_friction_severe_mu_0p06_p2l_v2:0062,09_low_friction_severe_mu_0p06_p2l_v2,23.441999999999958,23.841999999999956,20.0,1.0,0.015354692168026655,0.03202697893483386,0.01944924677852479,1.0,0.06,20.0,1.0,0.000119249066924541,0.00013391710227372844,0.00012002436337716968,1.0,0.08,40.0,1.0,0.00019143422433735477,0.0003470623924890372,0.0002293007319853759,1.0,0.08,6.0,1.0,0.023159661678722326,0.04880519940300493,0.03333299180630646,1.0,0.12
09_low_friction_severe_mu_0p06_p2l_v2:0063,09_low_friction_severe_mu_0p06_p2l_v2,23.641999999999953,24.041999999999952,20.0,1.0,0.0024455564706452023,0.008459170562375365,0.004544448120570526,1.0,0.06,20.0,1.0,0.0001406684379868607,0.00015773399287521294,0.00014113019855825689,1.0,0.08,40.0,1.0,0.0001529217741821781,0.00031202751254231646,0.00019132737837188933,1.0,0.08,6.0,1.0,0.03378903180565498,0.057190793908383164,0.03996237949213779,1.0,0.12
09_low_friction_severe_mu_0p06_p2l_v2:0064,09_low_friction_severe_mu_0p06_p2l_v2,23.841999999999956,24.241999999999955,20.0,1.0,4.700897661409909e-05,5.1665202752709805e-05,4.7140726925550976e-05,1.0,0.06,20.0,1.0,0.0001665874170844851,0.00019258173006447458,0.00016768099338462596,1.0,0.08,40.0,1.0,0.00015015517645536008,0.00031799184819051863,0.00020004209052095805,1.0,0.08,6.0,1.0,0.03224128803609599,0.04989613970684523,0.037128048575074124,1.0,0.12
09_low_friction_severe_mu_0p06_p2l_v2:0065,09_low_friction_severe_mu_0p06_p2l_v2,24.041999999999952,24.44199999999995,20.0,1.0,5.376826259429479e-05,5.9959703419659725e-05,5.396105556829755e-05,1.0,0.06,20.0,1.0,0.00020336887519520574,0.00023512631923826728,0.00020470790376601357,1.0,0.08,40.0,1.0,0.00017621796781019253,0.00032350172262640475,0.00021944750303689347,1.0,0.08,6.0,1.0,0.02655071798394909,0.04989613970684523,0.03186287281877713,1.0,0.12
09_low_friction_severe_mu_0p06_p2l_v2:0066,09_low_friction_severe_mu_0p06_p2l_v2,24.241999999999955,24.641999999999953,20.0,1.0,6.252718453880757e-05,7.008593793587647e-05,6.277423665140493e-05,1.0,0.06,20.0,1.0,0.0002482957649686807,0.00028706692657741407,0.00024993044874140275,1.0,0.08,40.0,1.0,0.0001657070941068727,0.00031849512196337025,0.00019934214878874711,1.0,0.08,6.0,1.0,0.03262949890804102,0.06198961950321215,0.039322999929461346,1.0,0.12
09_low_friction_severe_mu_0p06_p2l_v2:0067,09_low_friction_severe_mu_0p06_p2l_v2,24.44199999999995,24.84199999999995,20.0,1.0,7.322032105955834e-05,8.24481253376419e-05,7.353469826782781e-05,1.0,0.06,20.0,1.0,0.0003031444922882651,0.0003504775105223959,0.0003051400606791557,1.0,0.08,40.0,1.0,0.0001444948944894406,0.0003132637098238961,0.00019065295685250628,1.0,0.08,6.0,1.0,0.052265148892402025,0.09328940313028786,0.06257933122298262,1.0,0.12
09_low_friction_severe_mu_0p06_p2l_v2:0068,09_low_friction_severe_mu_0p06_p2l_v2,24.641999999999953,25.041999999999952,20.0,1.0,0.00034684537150016513,0.000521577202503594,0.0008811868127013312,1.0,0.06,20.0,1.0,0.0003701065852033053,0.00042840276039095407,0.00037254105269385763,1.0,0.08,40.0,1.0,0.00013647984050083208,0.00027838120344321493,0.00017851270014225608,1.0,0.08,6.0,1.0,0.033957738961114925,0.07439659899116943,0.05147315907623899,1.0,0.12
09_low_friction_severe_mu_0p06_p2l_v2:0069,09_low_friction_severe_mu_0p06_p2l_v2,24.84199999999995,25.241999999999948,20.0,1.0,0.03201479105622515,0.08813288499207647,0.04976963150595907,0.7,0.06,20.0,1.0,0.14352055096079666,0.34954352587138615,0.22161704095499127,0.6,0.08,40.0,1.0,0.00013910894737438595,0.00024787695993548316,0.00015864970047367607,1.0,0.08,6.0,1.0,0.015988470459994464,0.029349242387159746,0.01998709559866573,1.0,0.12
09_low_friction_severe_mu_0p06_p2l_v2:0070,09_low_friction_severe_mu_0p06_p2l_v2,25.041999999999952,25.44199999999995,20.0,1.0,0.04687085565454012,0.08813288499207647,0.05487481274104121,0.7,0.06,20.0,1.0,0.3180924222933566,0.3495563156115891,0.3319741883700492,0.1,0.08,40.0,1.0,0.0001606803443854909,0.00029381247752457523,0.00019236181573973314,1.0,0.08,6.0,1.0,0.02365330436117218,0.042569407143038765,0.029120934125498484,1.0,0.12
09_low_friction_severe_mu_0p06_p2l_v2:0071,09_low_friction_severe_mu_0p06_p2l_v2,25.241999999999948,25.641999999999946,20.0,1.0,0.022273784889231707,0.041410538229654806,0.026192098434225687,1.0,0.06,20.0,1.0,0.3495693136276461,0.3496012888768575,0.34956931431639854,0.0,0.08,40.0,1.0,0.00015443043464002612,0.0002816334102444578,0.00018801521816085584,1.0,0.08,6.0,1.0,0.037510233646689754,0.057396584082999365,0.04179629634496916,1.0,0.12
09_low_friction_severe_mu_0p06_p2l_v2:0072,09_low_friction_severe_mu_0p06_p2l_v2,25.44199999999995,25.84199999999995,20.0,1.0,0.03364859995548975,0.06266853072871596,0.040129370064249756,0.85,0.06,20.0,1.0,0.34962048897776654,0.3496734241784881,0.34962049096653935,0.0,0.08,40.0,1.0,0.00016469157462914116,0.00027628699077689606,0.0001979682540878761,1.0,0.08,6.0,1.0,0.03171446695431571,0.05406305078441522,0.03647754237643986,1.0,0.12
09_low_friction_severe_mu_0p06_p2l_v2:0073,09_low_friction_severe_mu_0p06_p2l_v2,25.641999999999946,26.041999999999945,20.0,1.0,0.06057533234130631,0.06819276455784536,0.06145269300608411,0.35,0.06,20.0,1.0,0.34966621472364806,0.349685210737042,0.34966621531233233,0.0,0.08,40.0,1.0,0.00016738168886981262,0.0003199541052880122,0.00020640970022817447,1.0,0.08,6.0,1.0,0.022011832696704096,0.041712141687111404,0.028570139213309635,1.0,0.12
09_low_friction_severe_mu_0p06_p2l_v2:0074,09_low_friction_severe_mu_0p06_p2l_v2,25.84199999999995,26.241999999999948,20.0,1.0,0.06813121512470456,0.06819276455784536,0.06813149498499674,0.0,0.06,20.0,1.0,0.34966749045114626,0.349685210737042,0.3496674907170668,0.0,0.08,40.0,1.0,0.0001577803954028036,0.0003248986973643227,0.00019908595744284595,1.0,0.08,6.0,1.0,0.020649733302805503,0.041712141687111404,0.027760931305195136,1.0,0.12
09_low_friction_severe_mu_0p06_p2l_v2:0075,09_low_friction_severe_mu_0p06_p2l_v2,26.041999999999945,26.441999999999943,20.0,1.0,0.06818552088140833,0.06818941985821374,0.06818552094718347,0.0,0.06,20.0,1.0,0.3496422474425219,0.34966224962215703,0.34964224777970004,0.0,0.08,40.0,1.0,0.00018964106046149865,0.0004027449692394124,0.00023851777697158992,1.0,0.08,6.0,1.0,0.021720191272370303,0.03783616007079173,0.02571685518396429,1.0,0.12
09_low_friction_severe_mu_0p06_p2l_v2:0076,09_low_friction_severe_mu_0p06_p2l_v2,26.241999999999948,26.641999999999946,20.0,1.0,0.06818012789093894,0.06818432822241129,0.06818012796727065,0.0,0.06,20.0,1.0,0.34961464904693224,0.34963611071463563,0.349614649435605,0.0,0.08,40.0,1.0,0.00018719528360726227,0.0003754047788204433,0.00023711056755575734,1.0,0.08,6.0,1.0,0.022068706952640977,0.041793446903282176,0.027553013126660624,1.0,0.12
09_low_friction_severe_mu_0p06_p2l_v2:0077,09_low_friction_severe_mu_0p06_p2l_v2,26.441999999999943,26.841999999999942,20.0,1.0,0.06817451427525467,0.0681788428936204,0.06817451435236765,0.0,0.06,20.0,1.0,0.34958494484640473,0.34960811201899794,0.3495849452982727,0.0,0.08,40.0,1.0,0.00016823682058727613,0.00034964924838063317,0.0002130682811518603,1.0,0.08,6.0,1.0,0.015242816301605617,0.03458310925118868,0.02072681978944612,1.0,0.12
09_low_friction_severe_mu_0p06_p2l_v2:0078,09_low_friction_severe_mu_0p06_p2l_v2,26.641999999999946,27.041999999999945,20.0,1.0,0.06822204041105495,0.06832932906680252,0.06822207064250634,0.0,0.06,20.0,1.0,0.34983115274941523,0.3504537297509122,0.3498313901477273,0.0,0.08,40.0,1.0,0.00018121891296633494,0.0003783502364792473,0.0002262593219874156,1.0,0.08,6.0,1.0,0.02238021576115987,0.03555997698630086,0.025389921174989658,1.0,0.12
09_low_friction_severe_mu_0p06_p2l_v2:0079,09_low_friction_severe_mu_0p06_p2l_v2,26.841999999999942,27.24199999999994,20.0,1.0,0.0680452720822281,0.0683588380109841,0.06804945231938597,0.0,0.06,20.0,1.0,0.3502713239816252,0.35047282980511585,0.3502715096550853,0.0,0.08,40.0,1.0,0.00015799857602775562,0.00028029049881720395,0.00019861241638975048,1.0,0.08,6.0,1.0,0.022579497742784258,0.03543841139272792,0.0253152462351725,1.0,0.12
09_low_friction_severe_mu_0p06_p2l_v2:0080,09_low_friction_severe_mu_0p06_p2l_v2,27.041999999999945,27.441999999999943,20.0,1.0,0.049766348155332554,0.0683588380109841,0.05484720251141867,0.45,0.06,20.0,1.0,0.2817891724588371,0.35047282980511585,0.29930505200626334,0.1,0.08,40.0,1.0,0.02942943652479115,0.1054833653957015,0.050673962952277905,0.825,0.08,6.0,1.0,0.023120655441344794,0.04039037530715455,0.02691067185376064,1.0,0.12
09_low_friction_severe_mu_0p06_p2l_v2:0081,09_low_friction_severe_mu_0p06_p2l_v2,27.24199999999994,27.64199999999994,20.0,1.0,0.016334929818686998,0.05173187931930804,0.026618005675403882,0.95,0.06,20.0,1.0,0.11987003496659701,0.3182585432455131,0.16891189353747232,0.6,0.08,40.0,1.0,0.03002049460479058,0.1054833653957015,0.05072028246689217,0.825,0.08,6.0,1.0,0.024228846130791192,0.034271839509188814,0.026145233462953867,1.0,0.12
09_low_friction_severe_mu_0p06_p2l_v2:0082,09_low_friction_severe_mu_0p06_p2l_v2,27.441999999999943,27.841999999999942,20.0,1.0,0.0005807576919380761,0.001001272991138491,0.0007139064146615867,1.0,0.06,20.0,1.0,0.028138318187965167,0.03076955231291349,0.028211847544817217,1.0,0.08,40.0,1.0,0.0008418591702236147,0.0008324797898116745,0.002192904087506956,1.0,0.08,6.0,1.0,0.022290904881776315,0.03741457345268978,0.025653067570372706,1.0,0.12
09_low_friction_severe_mu_0p06_p2l_v2:0083,09_low_friction_severe_mu_0p06_p2l_v2,27.64199999999994,28.041999999999938,20.0,1.0,0.00015048389218530884,0.00035094230118192535,0.00021059212761340783,1.0,0.06,20.0,1.0,0.03022503127229693,0.030787004550576962,0.03024067167686514,1.0,0.08,40.0,1.0,0.00026566319763613453,0.0005612199943988372,0.000347677428725433,1.0,0.08,6.0,1.0,0.02647434348265718,0.04941426972933456,0.03368665778412562,1.0,0.12
09_low_friction_severe_mu_0p06_p2l_v2:0084,09_low_friction_severe_mu_0p06_p2l_v2,27.841999999999942,28.24199999999994,20.0,1.0,9.573779808569327e-05,9.722544731169125e-05,9.574422170667752e-05,1.0,0.06,20.0,1.0,0.030788463595552106,0.03079352581991242,0.030788463852692453,1.0,0.08,40.0,1.0,0.00017734020475063117,0.00036276798434177194,0.0002144415789924585,1.0,0.08,6.0,1.0,0.020040225652842133,0.04077641499690085,0.027374417329979205,1.0,0.12
09_low_friction_severe_mu_0p06_p2l_v2:0085,09_low_friction_severe_mu_0p06_p2l_v2,28.041999999999938,28.441999999999936,20.0,1.0,9.776615719839094e-05,9.941342665752695e-05,9.777390491573813e-05,1.0,0.06,20.0,1.0,0.030794640109860966,0.0307986141521011,0.03079464027163088,1.0,0.08,40.0,1.0,0.00016644024514882728,0.0003616490785470938,0.00020113998876782787,1.0,0.08,6.0,1.0,0.014462813403759952,0.021725820004418916,0.016017047820864883,1.0,0.12
09_low_friction_severe_mu_0p06_p2l_v2:0086,09_low_friction_severe_mu_0p06_p2l_v2,28.24199999999994,28.64199999999994,20.0,1.0,0.00010000155886195627,0.00010180176810385966,0.00010001063940161188,1.0,0.06,20.0,1.0,0.03079937888358434,0.030802251690177966,0.030799378971371326,1.0,0.08,40.0,1.0,0.00014675301077479857,0.0002687027357716643,0.00017475183789226423,1.0,0.08,6.0,1.0,0.018750476602666197,0.0286345100424958,0.020738511602270564,1.0,0.12
09_low_friction_severe_mu_0p06_p2l_v2:0087,09_low_friction_severe_mu_0p06_p2l_v2,28.441999999999936,28.841999999999935,20.0,1.0,0.018485420702527573,0.06545132889501137,0.0330836050479129,0.85,0.06,20.0,1.0,0.05830547046114357,0.12190856535461188,0.07377593603277124,0.75,0.08,40.0,1.0,0.02507510422719459,0.08965532185871228,0.046148151713603244,0.85,0.08,6.0,1.0,0.03514718402668502,0.07416405885741256,0.05180508730638044,1.0,0.12
09_low_friction_severe_mu_0p06_p2l_v2:0088,09_low_friction_severe_mu_0p06_p2l_v2,28.64199999999994,29.041999999999938,20.0,1.0,0.01905238003330034,0.06545132889501137,0.03316378436963315,0.85,0.06,20.0,1.0,0.04512076832406656,0.12190856535461188,0.07091406885206776,0.75,0.08,40.0,1.0,0.028047790567802166,0.08965532185871228,0.04725010567285542,0.85,0.08,7.0,1.0,0.031882723016913105,0.07464103313388872,0.04943812811099248,1.0,0.12
10_external_impact_neg_x12N_p2l_v2:0000,10_external_impact_neg_x12N_p2l_v2,12.047,12.447000000000001,20.0,1.0,5.307221326041053e-19,8.251123819542114e-19,5.771529213766992e-19,1.0,0.06,20.0,1.0,3.6455845763637294e-19,6.500243699808735e-19,4.1310177804174174e-19,1.0,0.08,40.0,1.0,0.00018385804026788623,0.00032039203682969534,0.0002263173315430804,1.0,0.08,6.0,1.0,0.016663160311173132,0.02339157701519961,0.017506252809248894,1.0,0.12
10_external_impact_neg_x12N_p2l_v2:0001,10_external_impact_neg_x12N_p2l_v2,12.247,12.647,20.0,1.0,5.561410316321171e-19,8.251123819542114e-19,5.883065168658926e-19,1.0,0.06,20.0,1.0,4.847313209476555e-19,6.927555767405937e-19,5.210278929404086e-19,1.0,0.08,40.0,1.0,0.00016790020929237617,0.00032877444033496054,0.00021371954396467448,1.0,0.08,6.0,1.0,0.022009732899924018,0.02927809690923984,0.02308371453488217,1.0,0.12
10_external_impact_neg_x12N_p2l_v2:0002,10_external_impact_neg_x12N_p2l_v2,12.447,12.847,20.0,1.0,0.009073775357732709,0.03286421262613498,0.025037873127703614,0.95,0.06,20.0,1.0,7.771057869196925e-16,3.9752704509239505e-15,1.7192639195261186e-15,1.0,0.08,40.0,1.0,0.00013617124746096012,0.0003363413939010836,0.00018177973852874884,1.0,0.08,6.0,1.0,0.02035331407961159,0.02927809690923984,0.022434713939636437,1.0,0.12
10_external_impact_neg_x12N_p2l_v2:0003,10_external_impact_neg_x12N_p2l_v2,12.646999999999998,13.046999999999999,20.0,1.0,0.032740256083057626,0.09557902879813848,0.05453088512577118,0.8,0.06,20.0,1.0,1.972944846023148e-15,4.724486793720946e-15,2.710844877444965e-15,1.0,0.08,40.0,1.0,0.00015502755171454527,0.00030392320101653127,0.00019061873731505323,1.0,0.08,6.0,1.0,0.03267934614090464,0.08450543364053073,0.060472916423466166,0.8333333333333334,0.12
10_external_impact_neg_x12N_p2l_v2:0004,10_external_impact_neg_x12N_p2l_v2,12.846999999999998,13.246999999999998,20.0,1.0,0.02574361657907026,0.08412273036779666,0.048662767044032204,0.85,0.06,20.0,1.0,1.6288161365352643e-15,3.965300827944153e-15,2.18366497584797e-15,1.0,0.08,40.0,1.0,0.00016093850786662133,0.00027100909821581716,0.00018899297635074973,1.0,0.08,6.0,1.0,0.0431845740446671,0.09273093428371347,0.0644379789914833,0.8333333333333334,0.12
10_external_impact_neg_x12N_p2l_v2:0005,10_external_impact_neg_x12N_p2l_v2,13.046999999999997,13.446999999999997,20.0,1.0,0.004154270715544653,0.010330087350056466,0.006533383766735669,1.0,0.06,20.0,1.0,9.445871160226017e-16,1.0793573458485802e-15,9.49211957866853e-16,1.0,0.08,40.0,1.0,0.0001533268409527536,0.00026399751254362313,0.0001836320929976756,1.0,0.08,6.0,1.0,0.022002257826013265,0.03965736436255024,0.026225654780238725,1.0,0.12
10_external_impact_neg_x12N_p2l_v2:0006,10_external_impact_neg_x12N_p2l_v2,13.246999999999996,13.646999999999997,20.0,1.0,0.004154269591282409,0.010330086299091056,0.006533383239449501,1.0,0.06,20.0,1.0,1.1320232067956677e-15,1.31099527018084e-15,1.1391692895683863e-15,1.0,0.08,40.0,1.0,0.00016621548473877827,0.00037478924631978596,0.00021693114911249214,1.0,0.08,6.0,1.0,0.02060297390971273,0.034836699534049664,0.02407090824092828,1.0,0.12
10_external_impact_neg_x12N_p2l_v2:0007,10_external_impact_neg_x12N_p2l_v2,13.446999999999996,13.846999999999996,20.0,1.0,0.004154269441516903,0.010330086056587622,0.006533383133532231,1.0,0.06,20.0,1.0,1.3681839678811353e-15,1.5636999241095148e-15,1.3766007807576017e-15,1.0,0.08,40.0,1.0,0.00018337060525392863,0.00037478924631978596,0.0002310412524383058,1.0,0.08,6.0,1.0,0.0253519380622515,0.03850335894537174,0.02870239343865974,1.0,0.12
10_external_impact_neg_x12N_p2l_v2:0008,10_external_impact_neg_x12N_p2l_v2,13.646999999999995,14.046999999999995,20.0,1.0,0.004154269421674625,0.010330086039790303,0.006533383122121325,1.0,0.06,20.0,1.0,1.656330702226471e-15,1.9462339025902096e-15,1.6674133861568673e-15,1.0,0.08,40.0,1.0,0.0001613983318182824,0.0002908084886578332,0.0001952362727669615,1.0,0.08,6.0,1.0,0.024206887757294054,0.03711617968477296,0.027439898450163945,1.0,0.12
10_external_impact_neg_x12N_p2l_v2:0009,10_external_impact_neg_x12N_p2l_v2,13.846999999999994,14.246999999999995,20.0,1.0,0.004154269418960988,0.010330086036472657,0.006533383120557024,1.0,0.06,20.0,1.0,2.0120350214918543e-15,2.2918800205630156e-15,2.0250470960973278e-15,1.0,0.08,40.0,1.0,0.00014041363730593555,0.0002218619851291829,0.00017589774962714595,1.0,0.08,6.0,1.0,0.027564715547080915,0.03921489898728067,0.030464188563988776,1.0,0.12
10_external_impact_neg_x12N_p2l_v2:0010,10_external_impact_neg_x12N_p2l_v2,14.046999999999993,14.446999999999994,20.0,1.0,0.004154269418635298,0.010330086035981078,0.006533383120303282,1.0,0.06,20.0,1.0,2.442655796855267e-15,2.841925954804008e-15,2.458074508310455e-15,1.0,0.08,40.0,1.0,0.00016000942668060046,0.0003307610805825342,0.00019873542038797602,1.0,0.08,6.0,1.0,0.025729723148239902,0.04022222959598179,0.029103164836119275,1.0,0.12
10_external_impact_neg_x12N_p2l_v2:0011,10_external_impact_neg_x12N_p2l_v2,14.246999999999993,14.646999999999993,20.0,1.0,0.004154269418629869,0.010330086035981078,0.006533383120302981,1.0,0.06,20.0,1.0,2.949659838637659e-15,3.3728869308404288e-15,2.967231005316305e-15,1.0,0.08,40.0,1.0,0.00015944086691791794,0.0003727199190215041,0.00020197116828335804,1.0,0.08,6.0,1.0,0.025962995224881342,0.03934813912519736,0.028047245233688255,1.0,0.12
10_external_impact_neg_x12N_p2l_v2:0012,10_external_impact_neg_x12N_p2l_v2,14.446999999999992,14.846999999999992,20.0,1.0,0.004180315278264837,0.01033008603598079,0.006534569087966373,1.0,0.06,20.0,1.0,3.557429960982661e-15,4.058210948833664e-15,3.579231710957578e-15,1.0,0.08,40.0,1.0,0.00014683697265488056,0.0003380399091880648,0.00019717390955164565,1.0,0.08,6.0,1.0,0.021641497315622694,0.036018124286652464,0.02474907920881532,1.0,0.12
10_external_impact_neg_x12N_p2l_v2:0013,10_external_impact_neg_x12N_p2l_v2,14.646999999999991,15.046999999999992,20.0,1.0,0.014731830583366606,0.035159868854009825,0.0206837403907791,1.0,0.06,20.0,1.0,0.0256622986926622,0.08645443024218562,0.04295763499436093,0.85,0.08,40.0,1.0,0.01842921250878638,0.06309812810003401,0.031186613576055986,1.0,0.08,6.0,1.0,0.0306718916038779,0.047333860237409375,0.034383632625560684,1.0,0.12
10_external_impact_neg_x12N_p2l_v2:0014,10_external_impact_neg_x12N_p2l_v2,14.84699999999999,15.246999999999991,20.0,1.0,0.014005873179993583,0.035159868854009825,0.020377399366720773,1.0,0.06,20.0,1.0,0.03549372485744977,0.08645443024218562,0.04520141250874257,0.85,0.08,40.0,1.0,0.019793826163208048,0.06309812810003401,0.0313089115825372,1.0,0.08,6.0,1.0,0.029962278106373752,0.047333860237409375,0.0334835441935109,1.0,0.12
10_external_impact_neg_x12N_p2l_v2:0015,10_external_impact_neg_x12N_p2l_v2,15.04699999999999,15.44699999999999,20.0,1.0,0.0026746174415484534,0.006586884660233339,0.004130029655530555,1.0,0.06,20.0,1.0,0.020135038569280877,0.0241834515837123,0.02035613738028583,1.0,0.08,40.0,1.0,0.002634558352934733,0.006093862396006694,0.0037083945632392203,1.0,0.08,7.0,1.0,0.020057182108223763,0.03915894193145723,0.024891497807571064,1.0,0.12
10_external_impact_neg_x12N_p2l_v2:0016,10_external_impact_neg_x12N_p2l_v2,15.24699999999999,15.64699999999999,20.0,1.0,0.002595599307832214,0.0064303334271447465,0.004067397697824717,1.0,0.06,20.0,1.0,0.020620485747227125,0.024193376127924125,0.020824627130684076,1.0,0.08,40.0,1.0,0.002356400301606947,0.0060590271422483605,0.0034297289892579047,1.0,0.08,7.0,1.0,0.022162924816626694,0.0396318911810569,0.027386785114402856,1.0,0.12
10_external_impact_neg_x12N_p2l_v2:0017,10_external_impact_neg_x12N_p2l_v2,15.446999999999989,15.846999999999989,20.0,1.0,0.002596639166948364,0.0064283353218832886,0.004065460715173278,1.0,0.06,20.0,1.0,0.020637925172496945,0.024201458716426847,0.020841659088975735,1.0,0.08,40.0,1.0,0.0024625479551928725,0.006097378455249136,0.00347386913615075,1.0,0.08,6.0,1.0,0.024612450189316747,0.03703661495209616,0.026898961948422978,1.0,0.12
10_external_impact_neg_x12N_p2l_v2:0018,10_external_impact_neg_x12N_p2l_v2,15.646999999999988,16.046999999999986,20.0,1.0,0.002817783048201511,0.0064418409551035005,0.004046882875018988,1.0,0.06,20.0,1.0,0.05042921251875844,0.1201620127172185,0.06908615207887892,0.8,0.08,40.0,1.0,0.038840714947728616,0.11510389703838389,0.06373240113796273,0.775,0.08,6.0,1.0,0.018213609786323384,0.03146426996880168,0.021926364856330482,1.0,0.12
10_external_impact_neg_x12N_p2l_v2:0019,10_external_impact_neg_x12N_p2l_v2,15.846999999999987,16.246999999999986,20.0,1.0,0.0033913348517768797,0.006440622768375759,0.0038923725408944354,1.0,0.06,20.0,1.0,0.0406792264255335,0.1201620127172185,0.06752188797412464,0.8,0.08,40.0,1.0,0.03853366693090772,0.11510389703838389,0.06377785887403163,0.775,0.08,6.0,1.0,0.020470173676310374,0.04837632403991804,0.029182147925647713,1.0,0.12
10_external_impact_neg_x12N_p2l_v2:0020,10_external_impact_neg_x12N_p2l_v2,16.046999999999986,16.446999999999985,20.0,1.0,0.0038130729745426044,0.0038832232810226573,0.0038171977316589097,1.0,0.06,20.0,1.0,0.0005797601843842551,0.0009656656345737719,0.001892566738008056,1.0,0.08,40.0,1.0,0.0010947971695135928,0.001566218460177147,0.0034959044948947252,1.0,0.08,6.0,1.0,0.026894227518581056,0.055716994532441125,0.03621422839925025,1.0,0.12
10_external_impact_neg_x12N_p2l_v2:0021,10_external_impact_neg_x12N_p2l_v2,16.246999999999986,16.646999999999984,20.0,1.0,0.003881439181292555,0.0038825430267400013,0.0038814392738471537,1.0,0.06,20.0,1.0,1.0752044667679262e-05,2.1842666746493823e-05,1.3216015911374611e-05,1.0,0.08,40.0,1.0,0.00019792890859122517,0.00034339646655630335,0.00024276670204061425,1.0,0.08,6.0,1.0,0.023907369831684924,0.04600495135603894,0.030030439188886524,1.0,0.12
10_external_impact_neg_x12N_p2l_v2:0022,10_external_impact_neg_x12N_p2l_v2,16.446999999999985,16.846999999999984,20.0,1.0,0.0038799166498597547,0.0038811010391807677,0.00387991675621353,1.0,0.06,20.0,1.0,9.817922425421622e-06,1.9618696242851286e-05,1.1916966956523172e-05,1.0,0.08,40.0,1.0,0.00017250416736986767,0.00033141028856483736,0.00021725284418096303,1.0,0.08,6.0,1.0,0.02819056601195546,0.04044244466350594,0.02981047314096744,1.0,0.12
10_external_impact_neg_x12N_p2l_v2:0023,10_external_impact_neg_x12N_p2l_v2,16.646999999999984,17.046999999999983,20.0,1.0,0.016364762179923047,0.04395672594497073,0.02966822174653909,0.9,0.06,20.0,1.0,0.012814197324884235,0.04445426040442609,0.032609741952953596,0.95,0.08,40.0,1.0,0.009794869114485457,0.04362907005104197,0.023276668530235307,1.0,0.08,6.0,1.0,0.03681693998640813,0.05871475479650756,0.04104532008179584,1.0,0.12
10_external_impact_neg_x12N_p2l_v2:0024,10_external_impact_neg_x12N_p2l_v2,16.846999999999984,17.246999999999982,20.0,1.0,0.021413139886266922,0.0665063942894912,0.03491306839400762,0.85,0.06,20.0,1.0,0.023660404939253418,0.06664568792580432,0.042244752997416826,0.9,0.08,40.0,1.0,0.019678450409216796,0.06935382414273693,0.033854797533756045,0.975,0.08,6.0,1.0,0.0393091922878991,0.057002852908876134,0.04242790585453386,1.0,0.12
10_external_impact_neg_x12N_p2l_v2:0025,10_external_impact_neg_x12N_p2l_v2,17.046999999999983,17.44699999999998,20.0,1.0,0.006987942210904203,0.023458994331649736,0.01860760017105568,0.95,0.06,20.0,1.0,0.010853967939985387,0.040794504655617195,0.02685561424063426,0.95,0.08,40.0,1.0,0.01006072311377543,0.03931199910944477,0.02458434074052304,0.975,0.08,6.0,1.0,0.01981640504905435,0.036534378436288886,0.02505520786636684,1.0,0.12
10_external_impact_neg_x12N_p2l_v2:0026,10_external_impact_neg_x12N_p2l_v2,17.246999999999982,17.64699999999998,20.0,1.0,1.1528547557824726e-13,3.210118973490382e-13,1.8321788029934172e-13,1.0,0.06,20.0,1.0,1.0613826736697002e-14,2.977132429471413e-14,1.825462860562223e-14,1.0,0.08,40.0,1.0,0.00018950002438705027,0.00035463494071586674,0.00021713119063345942,1.0,0.08,6.0,1.0,0.006068645434257793,0.009350195059398728,0.0066343405857019885,1.0,0.12
10_external_impact_neg_x12N_p2l_v2:0027,10_external_impact_neg_x12N_p2l_v2,17.44699999999998,17.84699999999998,20.0,1.0,0.0007468521578002203,0.0002686981928934259,0.0028088626592178644,1.0,0.06,20.0,1.0,8.512710241089682e-05,3.0373949828380856e-05,0.0003203660102229368,1.0,0.08,40.0,1.0,0.000232694530429081,0.0004040118906342914,0.00034097865417763825,1.0,0.08,6.0,1.0,0.0081168608523918,0.010734990984256988,0.00844541737800968,1.0,0.12
10_external_impact_neg_x12N_p2l_v2:0028,10_external_impact_neg_x12N_p2l_v2,17.64699999999998,18.04699999999998,20.0,1.0,0.03038882871049317,0.08993631071234863,0.054617763133110425,0.8,0.06,20.0,1.0,0.002511247259667081,0.006481841945152897,0.003654098095287869,1.0,0.08,40.0,1.0,0.0032324471814617764,0.006158765952629622,0.0059210193484196885,1.0,0.08,6.0,1.0,0.03644245466724155,0.08630631990264111,0.051348605647067565,1.0,0.12
10_external_impact_neg_x12N_p2l_v2:0029,10_external_impact_neg_x12N_p2l_v2,17.84699999999998,18.24699999999998,20.0,1.0,0.030738602261220917,0.08993631071234863,0.05459443787941881,0.8,0.06,20.0,1.0,0.003452999685608264,0.006567667733395517,0.004384331919020266,1.0,0.08,40.0,1.0,0.0039684251383647244,0.007072826199733786,0.006300758677452413,1.0,0.08,6.0,1.0,0.037140433850901926,0.08630631990264111,0.05167947689673594,1.0,0.12
10_external_impact_neg_x12N_p2l_v2:0030,10_external_impact_neg_x12N_p2l_v2,18.04699999999998,18.446999999999978,20.0,1.0,0.003350157966710679,0.008101625619841468,0.004604238184851757,1.0,0.06,20.0,1.0,0.0038179225292463348,0.00937091139734947,0.005399118667340921,1.0,0.08,40.0,1.0,0.004453495646194008,0.00879968837071622,0.00794748584700847,1.0,0.08,6.0,1.0,0.01580737982577224,0.030869220326186275,0.021492052476184888,1.0,0.12
10_external_impact_neg_x12N_p2l_v2:0031,10_external_impact_neg_x12N_p2l_v2,18.24699999999998,18.646999999999977,20.0,1.0,0.0022699854377093544,0.008101625619841468,0.003982115459597952,1.0,0.06,20.0,1.0,0.002910451844036341,0.00937091139734947,0.004817305414961433,1.0,0.08,40.0,1.0,0.003642045101813089,0.00879968837071622,0.007644804445755913,1.0,0.08,6.0,1.0,0.023183021699988135,0.04906033293862787,0.029715549803935808,1.0,0.12
10_external_impact_neg_x12N_p2l_v2:0032,10_external_impact_neg_x12N_p2l_v2,18.446999999999978,18.846999999999976,20.0,1.0,3.290708309678092e-05,3.290818594532396e-05,3.290708310736455e-05,1.0,0.06,20.0,1.0,0.00023881155041893153,0.00023882087664842114,0.0002388115505237682,1.0,0.08,40.0,1.0,0.0001655265144628644,0.0003474261276511038,0.00020594641506755125,1.0,0.08,6.0,1.0,0.024882779051125816,0.04480578288880237,0.029792793317010294,1.0,0.12
10_external_impact_neg_x12N_p2l_v2:0033,10_external_impact_neg_x12N_p2l_v2,18.646999999999977,19.046999999999976,20.0,1.0,3.2908536584008716e-05,3.2909645622664074e-05,3.290853659475933e-05,1.0,0.06,20.0,1.0,0.00023879927821375703,0.00023880860542315477,0.00023879927831861624,1.0,0.08,40.0,1.0,0.00017833826275292995,0.0003345204798339108,0.00020673341313470417,1.0,0.08,6.0,1.0,0.01803204005698662,0.03417138787524618,0.023392546031820446,1.0,0.12
10_external_impact_neg_x12N_p2l_v2:0034,10_external_impact_neg_x12N_p2l_v2,18.846999999999976,19.246999999999975,20.0,1.0,3.2909996117139186e-05,3.291110588231061e-05,3.290999612790986e-05,1.0,0.06,20.0,1.0,0.00023878700550826983,0.00023879633278902073,0.0002387870056131355,1.0,0.08,40.0,1.0,0.00018770125213219386,0.0003758789024386332,0.00022986599484591522,1.0,0.08,6.0,1.0,0.016711401832257528,0.031735703980557306,0.0207438632686232,1.0,0.12
10_external_impact_neg_x12N_p2l_v2:0035,10_external_impact_neg_x12N_p2l_v2,19.046999999999976,19.446999999999974,20.0,1.0,3.2911456290782295e-05,3.29125660010976e-05,3.29114563015524e-05,1.0,0.06,20.0,1.0,0.0002387747329995108,0.00023878406004486326,0.00023877473310437509,1.0,0.08,40.0,1.0,0.0001849570493289953,0.00039238730883338433,0.00023456360332376798,1.0,0.08,6.0,1.0,0.027269464663945767,0.04572207397590754,0.031183174962069824,1.0,0.12
10_external_impact_neg_x12N_p2l_v2:0036,10_external_impact_neg_x12N_p2l_v2,19.246999999999975,19.646999999999974,20.0,1.0,3.2912916423166735e-05,3.291402608614491e-05,3.291291643393531e-05,1.0,0.06,20.0,1.0,0.00023876246060654415,0.00023877178778285843,0.00023876246071141618,1.0,0.08,40.0,1.0,0.00015706090931540806,0.00029333986998583906,0.00020066685507071433,1.0,0.08,6.0,1.0,0.025568641232821713,0.04915338891220279,0.0315297159031391,1.0,0.12
10_external_impact_neg_x12N_p2l_v2:0037,10_external_impact_neg_x12N_p2l_v2,19.446999999999974,19.846999999999973,20.0,1.0,3.291437645748796e-05,3.291548600663497e-05,3.291437646825412e-05,1.0,0.06,20.0,1.0,0.00023875018810901697,0.00023875951521578142,0.00023875018821389483,1.0,0.08,40.0,1.0,0.00013807915853134887,0.0002855590220684882,0.00017761879238226909,1.0,0.08,6.0,1.0,0.022492423266997224,0.03610049658795317,0.025557692383243007,1.0,0.12
10_external_impact_neg_x12N_p2l_v2:0038,10_external_impact_neg_x12N_p2l_v2,19.646999999999974,20.046999999999972,20.0,1.0,3.291583634893458e-05,3.2916945784772224e-05,3.291583635969804e-05,1.0,0.06,20.0,1.0,0.00023873791565593035,0.00023874724269973388,0.00023873791576081214,1.0,0.08,40.0,1.0,0.00013626211494723836,0.00027153135843090365,0.00016622818426713948,1.0,0.08,6.0,1.0,0.022283533160775776,0.029034750123293818,0.023157702651948435,1.0,0.12
10_external_impact_neg_x12N_p2l_v2:0039,10_external_impact_neg_x12N_p2l_v2,19.846999999999973,20.24699999999997,20.0,1.0,3.2917296092624394e-05,3.2918405424253724e-05,3.291729610338522e-05,1.0,0.06,20.0,1.0,0.00023872564329113901,0.0002387349702646823,0.00023872564339602457,1.0,0.08,40.0,1.0,0.0001434587300573775,0.00027400574059096276,0.000174758342595467,1.0,0.08,6.0,1.0,0.02404547096486966,0.036779073293507186,0.025912446863872157,1.0,0.12
10_external_impact_neg_x12N_p2l_v2:0040,10_external_impact_neg_x12N_p2l_v2,20.046999999999972,20.44699999999997,20.0,1.0,3.291875568696701e-05,3.291986490295828e-05,3.2918755697725166e-05,1.0,0.06,20.0,1.0,0.00023871337101462922,0.00023872269792264762,0.00023871337111951879,1.0,0.08,40.0,1.0,0.0001621061578054082,0.00030003081193672327,0.0001911578254017652,1.0,0.08,6.0,1.0,0.023313116848975968,0.036779073293507186,0.02540937205824488,1.0,0.12
10_external_impact_neg_x12N_p2l_v2:0041,10_external_impact_neg_x12N_p2l_v2,20.24699999999997,20.64699999999997,20.0,1.0,3.2920215133117046e-05,3.292132423593497e-05,3.292021514387254e-05,1.0,0.06,20.0,1.0,0.00023870109882506984,0.00023871042566657777,0.00023870109892996325,1.0,0.08,40.0,1.0,0.00018833557699976687,0.0003554666783549581,0.00022532478482133972,1.0,0.08,6.0,1.0,0.019841445500242843,0.028596574658700413,0.021304582398295135,1.0,0.12
10_external_impact_neg_x12N_p2l_v2:0042,10_external_impact_neg_x12N_p2l_v2,20.44699999999997,20.84699999999997,20.0,1.0,3.2921674422414784e-05,3.292278339531163e-05,3.2921674433167366e-05,1.0,0.06,20.0,1.0,0.0002386888267213824,0.00023869815349841818,0.00023868882682627984,1.0,0.08,40.0,1.0,0.00017331466208007272,0.0003077547622115523,0.0002138795461453392,1.0,0.08,6.0,1.0,0.02164732273676483,0.03312155070421796,0.02404607670592561,1.0,0.12
10_external_impact_neg_x12N_p2l_v2:0043,10_external_impact_neg_x12N_p2l_v2,20.64699999999997,21.04699999999997,20.0,1.0,3.292313356040577e-05,3.292424243821479e-05,3.292313357115586e-05,1.0,0.06,20.0,1.0,0.00023867655470205274,0.00023868588141614112,0.00023867655480695404,1.0,0.08,40.0,1.0,0.00017266310712054587,0.00030812136560989356,0.00020501277956392594,1.0,0.08,6.0,1.0,0.01573569130587892,0.028135407956933894,0.018495496236727697,1.0,0.12
10_external_impact_neg_x12N_p2l_v2:0044,10_external_impact_neg_x12N_p2l_v2,20.84699999999997,21.246999999999968,20.0,1.0,3.29245925549837e-05,3.2925701314284736e-05,3.2924592565731135e-05,1.0,0.06,20.0,1.0,0.0002386642827714596,0.00023867360941475557,0.00023866428287636475,1.0,0.08,40.0,1.0,0.00018380222012289458,0.0003451543606406118,0.00022041934538193715,1.0,0.08,6.0,1.0,0.018671089336814894,0.03272157234264092,0.021744266205457097,1.0,0.12
10_external_impact_neg_x12N_p2l_v2:0045,10_external_impact_neg_x12N_p2l_v2,21.04699999999997,21.446999999999967,20.0,1.0,3.292605139914584e-05,3.292716004427154e-05,3.292605140989055e-05,1.0,0.06,20.0,1.0,0.00023865201093125257,0.00023866133750688625,0.0002386520110361616,1.0,0.08,40.0,1.0,0.00017365383767035868,0.0003501724797618973,0.0002132247280111846,1.0,0.08,6.0,1.0,0.02174817113374795,0.037041912682228284,0.025009918827158736,1.0,0.12
10_external_impact_neg_x12N_p2l_v2:0046,10_external_impact_neg_x12N_p2l_v2,21.246999999999968,21.646999999999966,20.0,1.0,0.00044111018880483855,0.00017881026327167467,0.0015434103557095376,1.0,0.06,20.0,1.0,0.0006674478382033434,0.00024068024820948558,0.00198034100735437,1.0,0.08,40.0,1.0,0.0005137579485663382,0.0004668643533792552,0.001610712679724214,1.0,0.08,6.0,1.0,0.02487705930181952,0.049837112968188574,0.03208792323664812,1.0,0.12
10_external_impact_neg_x12N_p2l_v2:0047,10_external_impact_neg_x12N_p2l_v2,21.446999999999967,21.846999999999966,20.0,1.0,0.012600286895218134,0.04350615859932907,0.0219379651248037,1.0,0.06,20.0,1.0,0.04410858882550783,0.1250223713009292,0.07417072332434627,0.75,0.08,40.0,1.0,0.027111689422321127,0.09159828633792473,0.046339778415167614,0.85,0.08,6.0,1.0,0.03173985135615496,0.06380357129084818,0.03905322116306792,1.0,0.12
10_external_impact_neg_x12N_p2l_v2:0048,10_external_impact_neg_x12N_p2l_v2,21.646999999999966,22.046999999999965,20.0,1.0,0.013481503749627713,0.04350615859932907,0.02196316333057294,1.0,0.06,20.0,1.0,0.052662078040274826,0.1250223713009292,0.07526453032917758,0.75,0.08,40.0,1.0,0.02688338410642328,0.09159828633792473,0.04631310399035578,0.85,0.08,7.0,1.0,0.022924641049043525,0.03874831203165453,0.028091588769044766,1.0,0.12
10_external_impact_neg_x12N_p2l_v2:0049,10_external_impact_neg_x12N_p2l_v2,21.846999999999966,22.246999999999964,20.0,1.0,0.0024854039703283426,0.0029948151304576313,0.0025328941719965727,1.0,0.06,20.0,1.0,0.01879111078823325,0.02188597333498686,0.018927632599393843,1.0,0.08,40.0,1.0,0.000420787653025631,0.0007511123991879421,0.00047972158956587877,1.0,0.08,7.0,1.0,0.016459328741940227,0.022753101000706044,0.017271373338596553,1.0,0.12
10_external_impact_neg_x12N_p2l_v2:0050,10_external_impact_neg_x12N_p2l_v2,22.046999999999965,22.446999999999964,20.0,1.0,0.0013355349334760486,0.002858354604649574,0.0017414106783158266,1.0,0.06,20.0,1.0,0.024290393523181155,0.030753346954909676,0.024877517063050227,1.0,0.08,40.0,1.0,0.0005467806515146903,0.0012363044699454488,0.0006894261597217534,1.0,0.08,6.0,1.0,0.018269537459959687,0.029763717113843333,0.021205927671499297,1.0,0.12
10_external_impact_neg_x12N_p2l_v2:0051,10_external_impact_neg_x12N_p2l_v2,22.246999999999964,22.646999999999963,20.0,1.0,0.00020393149716931152,0.0005400996256609118,0.00033069233566439634,1.0,0.06,20.0,1.0,0.029997104032383516,0.030794144362984548,0.030034456448982585,1.0,0.08,40.0,1.0,0.00040038470436234015,0.0012363044699454488,0.0006043052401509344,1.0,0.08,6.0,1.0,0.026760752742621546,0.04130639504772651,0.030128857682567973,1.0,0.12
10_external_impact_neg_x12N_p2l_v2:0052,10_external_impact_neg_x12N_p2l_v2,22.446999999999964,22.846999999999962,20.0,1.0,9.691029744452045e-05,9.851158480157496e-05,9.691767375171693e-05,1.0,0.06,20.0,1.0,0.030795365637002692,0.030799675560358574,0.03079536582579031,1.0,0.08,40.0,1.0,0.00017015125464190511,0.00033040937635984155,0.00021099149522360702,1.0,0.08,6.0,1.0,0.037608320785541764,0.055176365694542054,0.040382990924152436,1.0,0.12
10_external_impact_neg_x12N_p2l_v2:0053,10_external_impact_neg_x12N_p2l_v2,22.646999999999963,23.04699999999996,20.0,1.0,9.908622114759708e-05,0.00010084274557395912,9.909493676368282e-05,1.0,0.06,20.0,1.0,0.03080054831259855,0.030803761507022086,0.03080054842083562,1.0,0.08,40.0,1.0,0.00020707850070916524,0.00038369043522013544,0.00024347942519687354,1.0,0.08,6.0,1.0,0.03835245621733986,0.058934389475007856,0.04133195891795794,1.0,0.12
10_external_impact_neg_x12N_p2l_v2:0054,10_external_impact_neg_x12N_p2l_v2,22.846999999999962,23.24699999999996,20.0,1.0,0.00010146321076357073,0.00010336781806489226,0.00010147325151058468,1.0,0.06,20.0,1.0,0.03080428219574849,0.0308063856256545,0.03080428224524004,1.0,0.08,40.0,1.0,0.00022341147270445866,0.0004266222643285634,0.000263365165042941,1.0,0.08,6.0,1.0,0.03317865151174784,0.04404544101505628,0.0345587373067645,1.0,0.12
10_external_impact_neg_x12N_p2l_v2:0055,10_external_impact_neg_x12N_p2l_v2,23.04699999999996,23.44699999999996,20.0,1.0,0.000558293922588829,0.0017826425097565001,0.0010666486433364305,1.0,0.06,20.0,1.0,0.030269182907144653,0.03080656717625783,0.03065704411547614,1.0,0.08,40.0,1.0,0.002121981606111804,0.0030817120850118508,0.006115602221422455,1.0,0.08,6.0,1.0,0.022352549514303863,0.03440756080923431,0.025810830804311558,1.0,0.12
10_external_impact_neg_x12N_p2l_v2:0056,10_external_impact_neg_x12N_p2l_v2,23.24699999999996,23.64699999999996,20.0,1.0,0.0032805323289642474,0.006067466505851815,0.0040902151685672265,1.0,0.06,20.0,1.0,0.0892979728256355,0.25038254016569156,0.13358786342156284,0.65,0.08,40.0,1.0,0.0569067784823427,0.19179613091090122,0.09382195313075863,0.7,0.08,6.0,1.0,0.0150802446075256,0.028234744579617957,0.018186021117842788,1.0,0.12
10_external_impact_neg_x12N_p2l_v2:0057,10_external_impact_neg_x12N_p2l_v2,23.44699999999996,23.84699999999996,20.0,1.0,0.00607451020197268,0.006618063059522355,0.0061147795743230066,1.0,0.06,20.0,1.0,0.07468650252613188,0.25038254016569156,0.13183512292959879,0.65,0.08,40.0,1.0,0.05501768094775963,0.19179613091090122,0.09362298626376539,0.7,0.08,6.0,1.0,0.017002010548513854,0.023956518351726866,0.01802429439500565,1.0,0.12
10_external_impact_neg_x12N_p2l_v2:0058,10_external_impact_neg_x12N_p2l_v2,23.64699999999996,24.046999999999958,20.0,1.0,0.006610035695397057,0.006618266488180724,0.006610114176132732,1.0,0.06,20.0,1.0,0.0005226554271211354,0.0005633101033628741,0.0005310851927637241,1.0,0.08,40.0,1.0,0.00019159812921605568,0.00037452087732638427,0.0002918264349358674,1.0,0.08,6.0,1.0,0.019610262309052617,0.03698716101503269,0.025232238731996464,1.0,0.12
10_external_impact_neg_x12N_p2l_v2:0059,10_external_impact_neg_x12N_p2l_v2,23.84699999999996,24.246999999999957,20.0,1.0,0.0066182299628662535,0.006618272644313597,0.006618229962988486,1.0,0.06,20.0,1.0,0.0005232015822037722,0.0005423012611138145,0.0005233991481996016,1.0,0.08,40.0,1.0,0.00016775818038413658,0.0003547858344454369,0.0002027977457612499,1.0,0.08,6.0,1.0,0.0131190415673959,0.031631510727557224,0.022346695509551106,1.0,0.12
10_external_impact_neg_x12N_p2l_v2:0060,10_external_impact_neg_x12N_p2l_v2,24.046999999999958,24.446999999999957,20.0,1.0,0.006618097135735348,0.006618267784157287,0.006618097137665526,1.0,0.06,20.0,1.0,0.0004988976663548694,0.0005170490713085118,0.0004990843467216286,1.0,0.08,40.0,1.0,0.00018046288270297112,0.00036974941994452067,0.0002188027486002029,1.0,0.08,6.0,1.0,0.021741116065086264,0.043786094431458686,0.028574826418339912,1.0,0.12
10_external_impact_neg_x12N_p2l_v2:0061,10_external_impact_neg_x12N_p2l_v2,24.246999999999957,24.646999999999956,20.0,1.0,0.006617693934425637,0.006618069781825725,0.006617693941816688,1.0,0.06,20.0,1.0,0.00047591880663042373,0.0004930330454659182,0.00047609231320006214,1.0,0.08,40.0,1.0,0.00017264774312057002,0.00030897631052963513,0.00021657149473290244,1.0,0.08,6.0,1.0,0.040368907298601944,0.054202809677477495,0.04289345799404231,1.0,0.12
10_external_impact_neg_x12N_p2l_v2:0062,10_external_impact_neg_x12N_p2l_v2,24.446999999999957,24.846999999999955,20.0,1.0,0.0066170223905514785,0.006617601553679117,0.006617022406948542,1.0,0.06,20.0,1.0,0.0004543775082044538,0.0004703708001633111,0.0004545357368688347,1.0,0.08,40.0,1.0,0.00016779393385613905,0.0003328994590534096,0.0002180639119611781,1.0,0.08,6.0,1.0,0.03155576727936028,0.05351174976632295,0.035926003308407506,1.0,0.12
10_external_impact_neg_x12N_p2l_v2:0063,10_external_impact_neg_x12N_p2l_v2,24.646999999999956,25.046999999999954,20.0,1.0,0.006616085848327189,0.006616865448922158,0.006616085877099152,1.0,0.06,20.0,1.0,0.00043437931452589283,0.0004491732821840233,0.00043452044253317144,1.0,0.08,40.0,1.0,0.00016966959930456992,0.00032394069388823056,0.00021547768599344393,1.0,0.08,6.0,1.0,0.01787834142477526,0.025814407272079787,0.019444918723278526,1.0,0.12
10_external_impact_neg_x12N_p2l_v2:0064,10_external_impact_neg_x12N_p2l_v2,24.846999999999955,25.246999999999954,20.0,1.0,0.007109321456777062,0.006766311766662611,0.0073433744525247925,1.0,0.06,20.0,1.0,0.000623786469674309,0.00043143374231378596,0.0011270171533608647,1.0,0.08,40.0,1.0,0.0003709453743008406,0.0003692175459000858,0.0009318877119578783,1.0,0.08,6.0,1.0,0.024917747060427698,0.046498810305479636,0.03070724427107524,1.0,0.12
10_external_impact_neg_x12N_p2l_v2:0065,10_external_impact_neg_x12N_p2l_v2,25.046999999999954,25.446999999999953,20.0,1.0,0.02280260827528881,0.06616843691110165,0.034034203635908915,0.85,0.06,20.0,1.0,0.03988173248661689,0.12144235442770213,0.07223435813384549,0.8,0.08,40.0,1.0,0.03086886569321735,0.09747267839092119,0.05231359719876345,0.85,0.08,6.0,1.0,0.036614848023018745,0.06045216150999331,0.0429608376733402,1.0,0.12
10_external_impact_neg_x12N_p2l_v2:0066,10_external_impact_neg_x12N_p2l_v2,25.246999999999954,25.646999999999952,20.0,1.0,0.019001062767922846,0.06616843691110165,0.03356016435939925,0.85,0.06,20.0,1.0,0.03947033566154972,0.12144235442770213,0.07222619026199,0.8,0.08,40.0,1.0,0.030649953467086516,0.09747267839092119,0.052305644835985925,0.85,0.08,6.0,1.0,0.02718121612267607,0.05567450671092439,0.03805119713281497,1.0,0.12
11_external_impact_y20N_p2l_v2:0000,11_external_impact_y20N_p2l_v2,8.878,9.278,20.0,1.0,0.02407368439197726,0.0961466679730533,0.04595421417808672,0.8,0.06,20.0,1.0,1.7031424978691085e-15,4.821165712539775e-15,2.4108988796832104e-15,1.0,0.08,40.0,1.0,0.00014407385390999985,0.0003005175598951592,0.0001879590509876936,1.0,0.08,6.0,1.0,0.031216364525602947,0.06157743325623646,0.040663481172178724,1.0,0.12
11_external_impact_y20N_p2l_v2:0001,11_external_impact_y20N_p2l_v2,9.078,9.478,20.0,1.0,0.0033349485695775257,0.007378638220989725,0.004949779655905219,1.0,0.06,20.0,1.0,6.83801793745865e-16,6.631928989492638e-16,7.812695521212068e-16,1.0,0.08,40.0,1.0,0.00016724799526871874,0.0003179457565746437,0.00020236317425778694,1.0,0.08,6.0,1.0,0.02007689631102001,0.030859047699996353,0.022912330996839064,1.0,0.12
11_external_impact_y20N_p2l_v2:0002,11_external_impact_y20N_p2l_v2,9.277999999999999,9.677999999999999,20.0,1.0,0.0029673394937359474,0.0073786371321276885,0.004666704881031901,1.0,0.06,20.0,1.0,6.722625563996571e-16,7.283127330961002e-16,6.738053124071121e-16,1.0,0.08,40.0,1.0,0.00017999924509210478,0.0004019420409475387,0.0002262143643767563,1.0,0.08,6.0,1.0,0.019250497188500634,0.033300715712812665,0.02322395696794892,1.0,0.12
11_external_impact_y20N_p2l_v2:0003,11_external_impact_y20N_p2l_v2,9.477999999999998,9.877999999999998,20.0,1.0,0.0029673393679054165,0.007378636872818445,0.004666704765460665,1.0,0.06,20.0,1.0,7.592889509699112e-16,8.435548294614152e-16,7.61382030597432e-16,1.0,0.08,40.0,1.0,0.00014211476788705233,0.0003195390341067888,0.00020114652095478918,1.0,0.08,6.0,1.0,0.01816150280046157,0.030822396200132926,0.022050372561738536,1.0,0.12
11_external_impact_y20N_p2l_v2:0004,11_external_impact_y20N_p2l_v2,9.677999999999997,10.077999999999998,20.0,1.0,0.0029673393505719264,0.007378636863457008,0.0046667047596591965,1.0,0.06,20.0,1.0,8.711519703973242e-16,9.59519331877522e-16,8.741808499348718e-16,1.0,0.08,40.0,1.0,0.0001487209209311636,0.00031469097034303694,0.00020123291939169705,1.0,0.08,6.0,1.0,0.018212365040702044,0.031849140339062026,0.02138404331857084,1.0,0.12
11_external_impact_y20N_p2l_v2:0005,11_external_impact_y20N_p2l_v2,9.877999999999997,10.277999999999997,20.0,1.0,0.002599731222399314,0.007378636859750098,0.00436531261736246,1.0,0.06,20.0,1.0,1.00101332286097e-15,1.0959880983060975e-15,1.0040699508210553e-15,1.0,0.08,40.0,1.0,0.00015486725905349642,0.0003202932302847713,0.00019224083009656689,1.0,0.08,6.0,1.0,0.023829539878744994,0.036109474843483744,0.027149768992079083,1.0,0.12
11_external_impact_y20N_p2l_v2:0006,11_external_impact_y20N_p2l_v2,10.077999999999996,10.477999999999996,20.0,1.0,0.0033349474741241293,0.007378636859668053,0.00494977902011486,1.0,0.06,20.0,1.0,1.1434301877050893e-15,1.2762752454271735e-15,1.1470918698409758e-15,1.0,0.08,40.0,1.0,0.00016144494640083206,0.00030221898214852086,0.00019447522092952752,1.0,0.08,6.0,1.0,0.028013998804359768,0.04538087904820401,0.03300422833001132,1.0,0.12
11_external_impact_y20N_p2l_v2:0007,11_external_impact_y20N_p2l_v2,10.277999999999995,10.677999999999995,20.0,1.0,0.0029673393481654655,0.007378636859667928,0.0046667047578737115,1.0,0.06,20.0,1.0,1.3144719118797785e-15,1.4541385235552548e-15,1.3190707424142475e-15,1.0,0.08,40.0,1.0,0.000160048549172851,0.0003073210903744486,0.0002111039666263786,1.0,0.08,6.0,1.0,0.030496162291345528,0.05355815728320139,0.035943231645871564,1.0,0.12
11_external_impact_y20N_p2l_v2:0008,11_external_impact_y20N_p2l_v2,10.477999999999994,10.877999999999995,20.0,1.0,0.002967339348165568,0.007378636859667914,0.004666704757873806,1.0,0.06,20.0,1.0,1.5060322317560747e-15,1.6524833166506338e-15,1.510244159530822e-15,1.0,0.08,40.0,1.0,0.00016732105066229836,0.0003554372731917941,0.00022223906371167748,1.0,0.08,6.0,1.0,0.033156536628702014,0.059553312912339854,0.03904406821519491,1.0,0.12
11_external_impact_y20N_p2l_v2:0009,11_external_impact_y20N_p2l_v2,10.677999999999994,11.077999999999994,20.0,1.0,0.0029673393481655804,0.007378636859667928,0.004666704757873749,1.0,0.06,20.0,1.0,1.7275111642438296e-15,1.9180709187605373e-15,1.7336431048170487e-15,1.0,0.08,40.0,1.0,0.00016363821964076805,0.0003218396319831449,0.00019948934568222846,1.0,0.08,6.0,1.0,0.03836523581638808,0.05931568137201057,0.0433775477018738,1.0,0.12
11_external_impact_y20N_p2l_v2:0010,11_external_impact_y20N_p2l_v2,10.877999999999993,11.277999999999993,20.0,1.0,0.002599731222207034,0.007378636859667914,0.00436531261725367,1.0,0.06,20.0,1.0,1.994968944020237e-15,2.1940220807596637e-15,2.0020908329756433e-15,1.0,0.08,40.0,1.0,0.00018344979185996134,0.0003347023801673379,0.00022116015208230178,1.0,0.08,6.0,1.0,0.03216376640286362,0.05242226479822586,0.035853535281150824,1.0,0.12
11_external_impact_y20N_p2l_v2:0011,11_external_impact_y20N_p2l_v2,11.077999999999992,11.477999999999993,20.0,1.0,0.0033349474741241254,0.007378636859667914,0.004949779020114843,1.0,0.06,20.0,1.0,2.287687125986179e-15,2.5568746523129414e-15,2.294869646056493e-15,1.0,0.08,40.0,1.0,0.00020835917352523729,0.0003625336844309895,0.00024621061833702504,1.0,0.08,6.0,1.0,0.025336387819735056,0.03723464141773729,0.027767527821661534,1.0,0.12
11_external_impact_y20N_p2l_v2:0012,11_external_impact_y20N_p2l_v2,11.277999999999992,11.677999999999992,20.0,1.0,0.0029673393481654555,0.007378636859667914,0.004666704757873693,1.0,0.06,20.0,1.0,2.611741050280857e-15,2.86092726000589e-15,2.619666011142837e-15,1.0,0.08,40.0,1.0,0.00018587329616049893,0.0003076127718125448,0.00021525384500685205,1.0,0.08,6.0,1.0,0.029469765121367588,0.054536114143545325,0.03614982374905671,1.0,0.12
11_external_impact_y20N_p2l_v2:0013,11_external_impact_y20N_p2l_v2,11.47799999999999,11.877999999999991,20.0,1.0,0.002967339348165533,0.007378636859667914,0.004666704757873786,1.0,0.06,20.0,1.0,2.9835409499126074e-15,3.318648979006421e-15,2.9924741999292628e-15,1.0,0.08,40.0,1.0,0.00015512200863225986,0.0002780509190993297,0.00018785411162089687,1.0,0.08,6.0,1.0,0.03177403348810104,0.05245647565846924,0.03650757126803826,1.0,0.12
11_external_impact_y20N_p2l_v2:0014,11_external_impact_y20N_p2l_v2,11.67799999999999,12.07799999999999,20.0,1.0,0.002967339348165443,0.007378636859667914,0.004666704757873693,1.0,0.06,20.0,1.0,3.4366256380211314e-15,3.802836777870775e-15,3.44913701885888e-15,1.0,0.08,40.0,1.0,0.00017111365225602033,0.0003609527987961476,0.00021655935151830165,1.0,0.08,6.0,1.0,0.03600510261410461,0.0539799084563678,0.03945524120510874,1.0,0.12
11_external_impact_y20N_p2l_v2:0015,11_external_impact_y20N_p2l_v2,11.87799999999999,12.27799999999999,20.0,1.0,0.002599731222206926,0.007378636859667914,0.0043653126172536316,1.0,0.06,20.0,1.0,3.954596538498172e-15,4.32577459249906e-15,3.966775495437073e-15,1.0,0.08,40.0,1.0,0.0001929475389891207,0.00036784895519873504,0.00023160664410210293,1.0,0.08,7.0,1.0,0.03672809226987685,0.056338357774975686,0.04130568269004312,1.0,0.12
11_external_impact_y20N_p2l_v2:0016,11_external_impact_y20N_p2l_v2,12.077999999999989,12.477999999999989,20.0,1.0,0.0033349474741241184,0.007378636859667914,0.004949779020114843,1.0,0.06,20.0,1.0,4.517681183200611e-15,5.05743177537604e-15,4.532246198565434e-15,1.0,0.08,40.0,1.0,0.00016150605970602084,0.00032443934521211246,0.0002015867305569478,1.0,0.08,7.0,1.0,0.029654108754515594,0.0457724786118279,0.033676466168101056,1.0,0.12
11_external_impact_y20N_p2l_v2:0017,11_external_impact_y20N_p2l_v2,12.277999999999988,12.677999999999988,20.0,1.0,0.002967339348165424,0.007378636859667914,0.004666704757873674,1.0,0.06,20.0,1.0,5.1884629784752085e-15,5.726811622275333e-15,5.20625266557429e-15,1.0,0.08,40.0,1.0,0.00016172915552855054,0.00033507886157095124,0.00020174582200166148,1.0,0.08,6.0,1.0,0.028977469026343045,0.04652429435999965,0.03347928469979625,1.0,0.12
11_external_impact_y20N_p2l_v2:0018,11_external_impact_y20N_p2l_v2,12.477999999999987,12.877999999999988,20.0,1.0,0.0029673393481654876,0.007378636859668275,0.0046667047578737506,1.0,0.06,20.0,1.0,5.937967601153942e-15,6.5828887496660265e-15,5.954780786857398e-15,1.0,0.08,40.0,1.0,0.00015398049038284792,0.0002856938160329482,0.00018856567422497343,1.0,0.08,6.0,1.0,0.03638610931753939,0.058941412253926684,0.04220266493400958,1.0,0.12
11_external_impact_y20N_p2l_v2:0019,11_external_impact_y20N_p2l_v2,12.677999999999987,13.077999999999987,20.0,1.0,0.0029673393481654473,0.007378636859668275,0.004666704757873715,1.0,0.06,20.0,1.0,6.8158138416959026e-15,7.534211541457684e-15,6.839891943730842e-15,1.0,0.08,40.0,1.0,0.00016409473574463838,0.0003438375417457677,0.0001996323179691366,1.0,0.08,6.0,1.0,0.03252809713020761,0.05500668895159025,0.03776680209746083,1.0,0.12
11_external_impact_y20N_p2l_v2:0020,11_external_impact_y20N_p2l_v2,12.877999999999986,13.277999999999986,20.0,1.0,0.002599731222206944,0.007378636859668305,0.004365312617253681,1.0,0.06,20.0,1.0,7.844205622510485e-15,8.596177294279916e-15,7.869149387404667e-15,1.0,0.08,40.0,1.0,0.0001575378079266572,0.0003258195630872978,0.0001857333480115618,1.0,0.08,6.0,1.0,0.02427933757588627,0.0378347766943099,0.026695880872559256,1.0,0.12
11_external_impact_y20N_p2l_v2:0021,11_external_impact_y20N_p2l_v2,13.077999999999985,13.477999999999986,20.0,1.0,0.003334947474124152,0.00737863685966858,0.004949779020114914,1.0,0.06,20.0,1.0,8.981500115211685e-15,1.0065297539428689e-14,9.011326292080073e-15,1.0,0.08,40.0,1.0,0.0001348668367439639,0.00021785155860189464,0.00015713800872381854,1.0,0.08,6.0,1.0,0.017241836448528083,0.03272018039642591,0.021324632378765185,1.0,0.12
11_external_impact_y20N_p2l_v2:0022,11_external_impact_y20N_p2l_v2,13.277999999999984,13.677999999999985,20.0,1.0,0.0029673393481654447,0.00737863685966858,0.004666704757873716,1.0,0.06,20.0,1.0,1.0322582782216989e-14,1.1388663713893578e-14,1.0357818227129628e-14,1.0,0.08,40.0,1.0,0.00014037908472934506,0.0002787894056329548,0.00016960713923654038,1.0,0.08,6.0,1.0,0.01846469418175736,0.03174214471117201,0.021203424407475958,1.0,0.12
11_external_impact_y20N_p2l_v2:0023,11_external_impact_y20N_p2l_v2,13.477999999999984,13.877999999999984,20.0,1.0,0.002967339348165457,0.00737863685966858,0.004666704757873703,1.0,0.06,20.0,1.0,1.182355568828e-14,1.3112710082465471e-14,1.1857862458716815e-14,1.0,0.08,40.0,1.0,0.0001437508042428253,0.00029806008467699074,0.00017786409285160126,1.0,0.08,6.0,1.0,0.030302722484975644,0.04162303844577764,0.031905411327925806,1.0,0.12
11_external_impact_y20N_p2l_v2:0024,11_external_impact_y20N_p2l_v2,13.677999999999983,14.077999999999983,20.0,1.0,0.003623022050922131,0.00737863685966858,0.0054896872927758045,1.0,0.06,20.0,1.0,1.3650651442895989e-14,1.5011925586800017e-14,1.3711204787195112e-14,1.0,0.08,40.0,1.0,0.00014782989839487855,0.00031111043442956645,0.00018941372235788855,1.0,0.08,6.0,1.0,0.03203423139038528,0.04799998301676574,0.03532063139815251,1.0,0.12
11_external_impact_y20N_p2l_v2:0025,11_external_impact_y20N_p2l_v2,13.877999999999982,14.277999999999983,20.0,1.0,0.01310112690778852,0.036854977156171385,0.021275776574013944,0.95,0.06,20.0,1.0,1.8585781245855016e-14,2.475862026269581e-14,1.909436778772237e-14,1.0,0.08,40.0,1.0,0.00013469872672629995,0.00029104730310360223,0.0001816143109824023,1.0,0.08,6.0,1.0,0.02515645857898849,0.04757971232027838,0.030959959190401017,1.0,0.12
11_external_impact_y20N_p2l_v2:0026,11_external_impact_y20N_p2l_v2,14.077999999999982,14.477999999999982,20.0,1.0,0.013921168750519469,0.036854977156171385,0.021513048613724148,0.95,0.06,20.0,1.0,2.5582701474927595e-14,3.0540600487492305e-14,2.5875897263242253e-14,1.0,0.08,40.0,1.0,0.00013976571983932663,0.00029096820877054145,0.00018275397722531165,1.0,0.08,6.0,1.0,0.023651983743324334,0.04003082468999969,0.027437013853133067,1.0,0.12
11_external_impact_y20N_p2l_v2:0027,11_external_impact_y20N_p2l_v2,14.277999999999981,14.677999999999981,20.0,1.0,0.004154269418067821,0.010330086035756808,0.006533383119847921,1.0,0.06,20.0,1.0,3.18093044829071e-14,3.6305615274592105e-14,3.201298700219113e-14,1.0,0.08,40.0,1.0,0.00013248111639095581,0.00024735004436177784,0.00016338308864773715,1.0,0.08,6.0,1.0,0.027853079917508582,0.048042939085603587,0.032415412819599726,1.0,0.12
11_external_impact_y20N_p2l_v2:0028,11_external_impact_y20N_p2l_v2,14.47799999999998,14.87799999999998,20.0,1.0,0.0041542694185503605,0.010330086035981456,0.006533383120281576,1.0,0.06,20.0,1.0,3.848477501949597e-14,4.471463686041043e-14,3.870913111218302e-14,1.0,0.08,40.0,1.0,0.00013093127436357335,0.000215642980585365,0.000152002004926876,1.0,0.08,6.0,1.0,0.0296607524870304,0.04854628709316938,0.0340286975879667,1.0,0.12
11_external_impact_y20N_p2l_v2:0029,11_external_impact_y20N_p2l_v2,14.67799999999998,15.07799999999998,20.0,1.0,0.004154269418629739,0.010330086035981456,0.006533383120302889,1.0,0.06,20.0,1.0,4.67191868625294e-14,5.3341394078722895e-14,4.702443913525569e-14,1.0,0.08,40.0,1.0,0.000148077601190961,0.0002815367440343822,0.0001909631584541859,1.0,0.08,6.0,1.0,0.031178293887572244,0.04804325561485134,0.03491075269418951,1.0,0.12
11_external_impact_y20N_p2l_v2:0030,11_external_impact_y20N_p2l_v2,14.877999999999979,15.27799999999998,20.0,1.0,0.0036396180338504613,0.01033008603598079,0.006111434347773793,1.0,0.06,20.0,1.0,5.66969046780801e-14,6.467813417308105e-14,5.703874887393352e-14,1.0,0.08,40.0,1.0,0.00015439870903795246,0.0003748313824084318,0.0002046461427814008,1.0,0.08,6.0,1.0,0.02629287913514844,0.04323246385675386,0.030494855990414828,1.0,0.12
11_external_impact_y20N_p2l_v2:0031,11_external_impact_y20N_p2l_v2,15.077999999999978,15.477999999999978,20.0,1.0,0.004668920803409152,0.01033008603598079,0.006929686876487914,1.0,0.06,20.0,1.0,6.85139195493452e-14,7.981760050660017e-14,6.894908899845361e-14,1.0,0.08,40.0,1.0,0.00015583968234376367,0.00036606293354117547,0.0002014954123613389,1.0,0.08,6.0,1.0,0.03719510450149776,0.061426870166966935,0.04255409811545737,1.0,0.12
11_external_impact_y20N_p2l_v2:0032,11_external_impact_y20N_p2l_v2,15.277999999999977,15.677999999999978,20.0,1.0,0.004154269418629719,0.01033008603598079,0.006533383120302876,1.0,0.06,20.0,1.0,8.313091397925492e-14,9.488306045013311e-14,8.366336582224133e-14,1.0,0.08,40.0,1.0,0.0001741214914293266,0.0003569381090955701,0.00022353379042808447,1.0,0.08,6.0,1.0,0.03377972489756682,0.061426870166966935,0.04292134200398595,1.0,0.12
11_external_impact_y20N_p2l_v2:0033,11_external_impact_y20N_p2l_v2,15.477999999999977,15.877999999999977,20.0,1.0,0.004154269418629827,0.01033008603598079,0.006533383120303004,1.0,0.06,20.0,1.0,1.0058491024476849e-13,1.1687444149351973e-13,1.0117234866772921e-13,1.0,0.08,40.0,1.0,0.00018163734346162452,0.0003616018091138082,0.00023062975197201319,1.0,0.08,6.0,1.0,0.021842496737678668,0.035463980358801384,0.02634859495815591,1.0,0.12
11_external_impact_y20N_p2l_v2:0034,11_external_impact_y20N_p2l_v2,15.677999999999976,16.077999999999975,20.0,1.0,0.004203518483057059,0.01033008603598079,0.006394649459795058,1.0,0.06,20.0,1.0,0.003068441423853546,0.004725274510256318,0.009975282905237625,1.0,0.08,40.0,1.0,0.004168201928380836,0.009895560802876305,0.013060118471625954,1.0,0.08,6.0,1.0,0.02678264596400894,0.0355273023465201,0.028720059380211663,1.0,0.12
11_external_impact_y20N_p2l_v2:0035,11_external_impact_y20N_p2l_v2,15.877999999999975,16.277999999999974,20.0,1.0,0.041215610788708494,0.09433698051122476,0.06330175626681209,0.65,0.06,20.0,1.0,0.17792904603322415,0.4432925331208235,0.26686069995844774,0.5,0.08,40.0,1.0,0.07974123523610897,0.21129074519166327,0.1451127318626288,0.65,0.08,6.0,1.0,0.040646925805586424,0.06968875145341619,0.048932046529547225,1.0,0.12
11_external_impact_y20N_p2l_v2:0036,11_external_impact_y20N_p2l_v2,16.077999999999975,16.477999999999973,20.0,1.0,0.047331092554017754,0.09433698051122476,0.06563242245996141,0.65,0.06,20.0,1.0,0.21801204095124863,0.4432925331208235,0.28321698988344157,0.35,0.08,40.0,1.0,0.10866506591000942,0.2793551001779548,0.16460042190440002,0.475,0.08,6.0,1.0,0.04445707676890446,0.07068259967915358,0.05176180015854268,1.0,0.12
11_external_impact_y20N_p2l_v2:0037,11_external_impact_y20N_p2l_v2,16.277999999999974,16.677999999999972,20.0,1.0,0.007768411578948725,0.030684511582598748,0.017740444745510207,1.0,0.06,20.0,1.0,0.05232918817632885,0.1551031193017264,0.09625597408923316,0.85,0.08,40.0,1.0,0.033120867963932724,0.13080670625440577,0.07877929737033539,0.825,0.08,6.0,1.0,0.04587555185335442,0.08446400248459056,0.05635103238797764,1.0,0.12
11_external_impact_y20N_p2l_v2:0038,11_external_impact_y20N_p2l_v2,16.477999999999973,16.87799999999997,20.0,1.0,6.390923617723005e-05,5.704032422815542e-05,9.138409974176757e-05,1.0,0.06,20.0,1.0,0.018316595271259534,0.01835279124171773,0.018317014590245064,1.0,0.08,40.0,1.0,0.0001898511641945863,0.0004030494499802529,0.0002425586304628834,1.0,0.08,6.0,1.0,0.03941144450618129,0.08446400248459056,0.05342783799493962,1.0,0.12
11_external_impact_y20N_p2l_v2:0039,11_external_impact_y20N_p2l_v2,16.677999999999972,17.07799999999997,20.0,1.0,6.290589184693301e-05,5.653976697301568e-05,8.975918277889522e-05,1.0,0.06,20.0,1.0,0.018123100526767084,0.018283170100666706,0.018128134943686834,1.0,0.08,40.0,1.0,0.0003249270146743519,0.0006702437411753637,0.0005822333858876553,1.0,0.08,6.0,1.0,0.025346132726048996,0.04448530824166512,0.031248904835002884,1.0,0.12
11_external_impact_y20N_p2l_v2:0040,11_external_impact_y20N_p2l_v2,16.87799999999997,17.27799999999997,20.0,1.0,0.0011126523091645872,0.002996470898103901,0.0016429969786866993,1.0,0.06,20.0,1.0,0.03191431197546384,0.07385608013621288,0.05173159681561665,0.9,0.08,40.0,1.0,0.020774206587863973,0.0784059955452007,0.048885561039499814,0.9,0.08,6.0,1.0,0.027310323397860936,0.04279443539033462,0.031266757622192345,1.0,0.12
11_external_impact_y20N_p2l_v2:0041,11_external_impact_y20N_p2l_v2,17.07799999999997,17.47799999999997,20.0,1.0,0.0028388095774019295,0.0038655012143578387,0.002995551770730504,1.0,0.06,20.0,1.0,0.049004823534477646,0.1513499055775084,0.0798035182456633,0.75,0.08,40.0,1.0,0.03981558665837,0.12384997113860609,0.06648616216095157,0.775,0.08,6.0,1.0,0.031337269951715714,0.049829473076644565,0.03557739824167936,1.0,0.12
11_external_impact_y20N_p2l_v2:0042,11_external_impact_y20N_p2l_v2,17.27799999999997,17.67799999999997,20.0,1.0,0.0037092492607043296,0.0038862910748898747,0.003718954275359058,1.0,0.06,20.0,1.0,0.02610950710474441,0.1002827285067458,0.0620809004376449,0.85,0.08,40.0,1.0,0.019347410234044727,0.08852329089455,0.04506598540549736,0.875,0.08,6.0,1.0,0.04401751567110623,0.05995732284178769,0.04632018099615759,1.0,0.12
11_external_impact_y20N_p2l_v2:0043,11_external_impact_y20N_p2l_v2,17.47799999999997,17.877999999999968,20.0,1.0,0.003885220672165547,0.003886080812367526,0.003885220728819012,1.0,0.06,20.0,1.0,6.015341698449722e-05,7.439712276514631e-05,6.110685284969616e-05,1.0,0.08,40.0,1.0,0.00012677004682373205,0.0002747083138741086,0.00015460952256874332,1.0,0.08,6.0,1.0,0.030408803560415098,0.05599056201998917,0.03662522875042962,1.0,0.12
11_external_impact_y20N_p2l_v2:0044,11_external_impact_y20N_p2l_v2,17.67799999999997,18.077999999999967,20.0,1.0,0.0038840137704026015,0.0038849602276010363,0.003884013838766705,1.0,0.06,20.0,1.0,4.180948201042561e-05,5.559690441183929e-05,4.308427029447425e-05,1.0,0.08,40.0,1.0,0.00015400080602559276,0.00032408793391879855,0.00019399376994359512,1.0,0.08,6.0,1.0,0.020077381679396683,0.036797317722110576,0.025406527540420963,1.0,0.12
11_external_impact_y20N_p2l_v2:0045,11_external_impact_y20N_p2l_v2,17.877999999999968,18.277999999999967,20.0,1.0,0.004004826081528749,0.0038838543254096553,0.0040400136822674685,1.0,0.06,20.0,1.0,3.250657018109976e-05,3.9186073265068404e-05,4.720702719423447e-05,1.0,0.08,40.0,1.0,0.00018998494965068933,0.0003660769866565301,0.00026046141146343155,1.0,0.08,6.0,1.0,0.03681481831694031,0.061682581270298506,0.04299977018318121,1.0,0.12
11_external_impact_y20N_p2l_v2:0046,11_external_impact_y20N_p2l_v2,18.077999999999967,18.477999999999966,20.0,1.0,0.025581375262985685,0.0795189572491119,0.04072663342031718,0.85,0.06,20.0,1.0,0.025161865733533035,0.07821975210295189,0.04600418673366385,0.9,0.08,40.0,1.0,0.01972247576062098,0.0693616601758685,0.03378787875526159,0.975,0.08,6.0,1.0,0.04451867894249798,0.06265642301126968,0.048139120999427396,1.0,0.12
11_external_impact_y20N_p2l_v2:0047,11_external_impact_y20N_p2l_v2,18.277999999999967,18.677999999999965,20.0,1.0,0.023523074539252457,0.0795189572491119,0.04061868725906161,0.85,0.06,20.0,1.0,0.02517337783542443,0.07821975210295189,0.046004334371016295,0.9,0.08,40.0,1.0,0.019723678466470045,0.0693616601758685,0.03378777712038172,0.975,0.08,6.0,1.0,0.03163645486870252,0.050870641635259145,0.03610366101866116,1.0,0.12
11_external_impact_y20N_p2l_v2:0048,11_external_impact_y20N_p2l_v2,18.477999999999966,18.877999999999965,20.0,1.0,4.834347475607626e-06,9.815164037813576e-13,2.161985774610729e-05,1.0,0.06,20.0,1.0,2.7624151331581156e-05,5.116866526448544e-14,0.00012353896033826176,1.0,0.08,40.0,1.0,0.00020089132473738778,0.000386461806781994,0.00025846264394962197,1.0,0.08,7.0,1.0,0.024338211112483993,0.04472449851297838,0.03114231943382415,1.0,0.12
11_external_impact_y20N_p2l_v2:0049,11_external_impact_y20N_p2l_v2,18.677999999999965,19.077999999999964,20.0,1.0,1.890516793628092e-05,1.934437130636778e-13,8.454648109419644e-05,1.0,0.06,20.0,1.0,3.3551802916960496e-06,1.0750869891299141e-14,1.500482240803307e-05,1.0,0.08,40.0,1.0,0.00016620530547826513,0.00033525406293930627,0.0002132822327124407,1.0,0.08,7.0,1.0,0.02276010778832237,0.043703361026062496,0.02901738444720612,1.0,0.12
11_external_impact_y20N_p2l_v2:0050,11_external_impact_y20N_p2l_v2,18.877999999999965,19.277999999999963,20.0,1.0,0.03467116453353172,0.1148667761055393,0.06148251616228022,0.75,0.06,20.0,1.0,0.004259348399321192,0.011440660984936967,0.006523665718429789,1.0,0.08,40.0,1.0,0.00539926753542267,0.011251805708323542,0.010022172719534865,1.0,0.08,6.0,1.0,0.05600330599469817,0.13056205019415235,0.08198175844061677,0.8333333333333334,0.12
11_external_impact_y20N_p2l_v2:0051,11_external_impact_y20N_p2l_v2,19.077999999999964,19.477999999999962,20.0,1.0,0.03496012114436543,0.1148667761055393,0.06149429265982568,0.75,0.06,20.0,1.0,0.004633965715641619,0.011440660984936967,0.0066032773724219555,1.0,0.08,40.0,1.0,0.005625584239842106,0.011251805708323542,0.010057240970555362,1.0,0.08,6.0,1.0,0.05122749641593368,0.13056205019415235,0.08131755288810087,0.8333333333333334,0.12
11_external_impact_y20N_p2l_v2:0052,11_external_impact_y20N_p2l_v2,19.277999999999963,19.67799999999996,20.0,1.0,0.0003248303916394413,8.216365730687804e-05,0.0012066317012059057,1.0,0.06,20.0,1.0,0.0004928995285447473,0.00034936917548938055,0.001035229076757417,1.0,0.08,40.0,1.0,0.0003428126108884916,0.0004399102757565077,0.000851668462754433,1.0,0.08,6.0,1.0,0.017889300067346885,0.03432794397730529,0.022440126210567218,1.0,0.12
11_external_impact_y20N_p2l_v2:0053,11_external_impact_y20N_p2l_v2,19.477999999999962,19.87799999999996,20.0,1.0,3.393783654231375e-05,3.39387889868592e-05,3.3937836549553774e-05,1.0,0.06,20.0,1.0,0.00022984798522764357,0.00022985721865025443,0.00022984798533452207,1.0,0.08,40.0,1.0,0.00011376612306522498,0.00020930829137516597,0.00014192465903862012,1.0,0.08,6.0,1.0,0.02232681868416797,0.03432794397730529,0.024558910582564333,1.0,0.12
11_external_impact_y20N_p2l_v2:0054,11_external_impact_y20N_p2l_v2,19.67799999999996,20.07799999999996,20.0,1.0,3.39391149303564e-05,3.394013299385379e-05,3.3939114939077775e-05,1.0,0.06,20.0,1.0,0.00022983581721474185,0.00022984507225638851,0.0002298358173220259,1.0,0.08,40.0,1.0,0.0001492675674665234,0.00028215276572616865,0.00018931977379222782,1.0,0.08,6.0,1.0,0.0175235065833713,0.02907414381060791,0.02036611314672958,1.0,0.12
11_external_impact_y20N_p2l_v2:0055,11_external_impact_y20N_p2l_v2,19.87799999999996,20.27799999999996,20.0,1.0,3.394045783001454e-05,3.394148460933444e-05,3.394045783894615e-05,1.0,0.06,20.0,1.0,0.000229823637107363,0.00022983289493820266,0.0002298236372147038,1.0,0.08,40.0,1.0,0.00015727626412923002,0.00034214615273201,0.00020248982038928128,1.0,0.08,6.0,1.0,0.024644324975038375,0.05176306727950515,0.03345548895743335,1.0,0.12
11_external_impact_y20N_p2l_v2:0056,11_external_impact_y20N_p2l_v2,20.07799999999996,20.47799999999996,20.0,1.0,3.394180925684331e-05,3.394283710186352e-05,3.394180926580128e-05,1.0,0.06,20.0,1.0,0.0002298114555191124,0.00022982071361686503,0.00022981145562646327,1.0,0.08,40.0,1.0,0.00016565274032812543,0.0003381650830891568,0.00021119549158822693,1.0,0.08,6.0,1.0,0.023425933056892802,0.04723790534845214,0.032172000031549956,1.0,0.12
11_external_impact_y20N_p2l_v2:0057,11_external_impact_y20N_p2l_v2,20.27799999999996,20.677999999999958,20.0,1.0,3.3943161698396504e-05,3.394418959474232e-05,3.394316170735608e-05,1.0,0.06,20.0,1.0,0.00022979927386913035,0.00022980853190010354,0.00022979927397648515,1.0,0.08,40.0,1.0,0.00018095018460910001,0.0003564054658256904,0.00022187159588748167,1.0,0.08,6.0,1.0,0.012777366830294734,0.02471119903295535,0.016738085087579492,1.0,0.12
11_external_impact_y20N_p2l_v2:0058,11_external_impact_y20N_p2l_v2,20.47799999999996,20.877999999999957,20.0,1.0,3.39445141474326e-05,3.394554195130239e-05,3.394451415639032e-05,1.0,0.06,20.0,1.0,0.00022978709235074168,0.00022979635026484918,0.00022978709245809938,1.0,0.08,40.0,1.0,0.00017430999002450965,0.00034757681206545806,0.0002117401795181131,1.0,0.08,6.0,1.0,0.007282917868442586,0.01834037691523982,0.01110882616543065,1.0,0.12
11_external_impact_y20N_p2l_v2:0059,11_external_impact_y20N_p2l_v2,20.677999999999958,21.077999999999957,20.0,1.0,3.394586647687825e-05,3.394689417994256e-05,3.394586648583395e-05,1.0,0.06,20.0,1.0,0.00022977491098629833,0.00022978416878297565,0.00022977491109365907,1.0,0.08,40.0,1.0,0.0001608938315425012,0.0002719255680431377,0.0001956613249972837,1.0,0.08,6.0,1.0,0.01650535933397627,0.03654132887469,0.025892548398346284,1.0,0.12
11_external_impact_y20N_p2l_v2:0060,11_external_impact_y20N_p2l_v2,20.877999999999957,21.277999999999956,20.0,1.0,3.394721867022166e-05,3.394824626443693e-05,3.394721867917503e-05,1.0,0.06,20.0,1.0,0.00022976272977865537,0.00022977198745761777,0.0002297627298860189,1.0,0.08,40.0,1.0,0.00015818534242639798,0.00027972234955007214,0.0001940456582975373,1.0,0.08,6.0,1.0,0.028780269096170635,0.051446492567194774,0.03411958530293536,1.0,0.12
11_external_impact_y20N_p2l_v2:0061,11_external_impact_y20N_p2l_v2,21.077999999999957,21.477999999999955,20.0,1.0,3.3948570717154404e-05,3.394959820489652e-05,3.394857072610553e-05,1.0,0.06,20.0,1.0,0.00022975054874082933,0.00022975980628480707,0.0002297505488481954,1.0,0.08,40.0,1.0,0.00017418709980703066,0.00036303093414505365,0.00021896500128961642,1.0,0.08,6.0,1.0,0.020954907976121373,0.038169993758983084,0.024906097892071963,1.0,0.12
11_external_impact_y20N_p2l_v2:0062,11_external_impact_y20N_p2l_v2,21.277999999999956,21.677999999999955,20.0,1.0,3.3949922621531735e-05,3.395094999773529e-05,3.394992263048061e-05,1.0,0.06,20.0,1.0,0.00022973836786031933,0.0002297476252825971,0.0002297383679676885,1.0,0.08,40.0,1.0,0.00017586041381601578,0.00038363976383679765,0.00022309836791222138,1.0,0.08,6.0,1.0,0.01799411838934605,0.030741279133410238,0.020735853958214107,1.0,0.12
11_external_impact_y20N_p2l_v2:0063,11_external_impact_y20N_p2l_v2,21.477999999999955,21.877999999999954,20.0,1.0,3.3951274382318374e-05,3.3952301646433813e-05,3.3951274391265e-05,1.0,0.06,20.0,1.0,0.0002297261871350625,0.00022973544444042368,0.00022972618724243453,1.0,0.08,40.0,1.0,0.00017317803308335383,0.0002978032172482391,0.00020723354151976176,1.0,0.08,6.0,1.0,0.022302376589605988,0.030741279133410238,0.023843583854266825,1.0,0.12
11_external_impact_y20N_p2l_v2:0064,11_external_impact_y20N_p2l_v2,21.677999999999955,22.077999999999953,20.0,1.0,3.395262599837356e-05,3.395365315252974e-05,3.395262600731789e-05,1.0,0.06,20.0,1.0,0.00022971400657704192,0.00022972326375992868,0.0002297140066844168,1.0,0.08,40.0,1.0,0.00016967452581984418,0.0002875990624221174,0.00019443572193916358,1.0,0.08,6.0,1.0,0.022531787444750817,0.037627887878184135,0.026695538648098184,1.0,0.12
11_external_impact_y20N_p2l_v2:0065,11_external_impact_y20N_p2l_v2,21.877999999999954,22.277999999999953,20.0,1.0,3.395397747226192e-05,3.395500452323397e-05,3.3953977481204063e-05,1.0,0.06,20.0,1.0,0.00022970182617993397,0.00022971108324096228,0.0002297018262873117,1.0,0.08,40.0,1.0,0.00017363238341193301,0.00032403567151879475,0.00020233826041833773,1.0,0.08,6.0,1.0,0.02165363814020375,0.048185222610985956,0.02983650784329302,1.0,0.12
11_external_impact_y20N_p2l_v2:0066,11_external_impact_y20N_p2l_v2,22.077999999999953,22.477999999999952,20.0,1.0,3.395532880408891e-05,3.395635574311995e-05,3.3955328813028776e-05,1.0,0.06,20.0,1.0,0.00022968964594362356,0.0002296989028815004,0.00022968964605100424,1.0,0.08,40.0,1.0,0.0001719626442582571,0.0003011417463598277,0.00021181979893762298,1.0,0.08,6.0,1.0,0.0192147013870141,0.041130146218317676,0.025677227080119873,1.0,0.12
11_external_impact_y20N_p2l_v2:0067,11_external_impact_y20N_p2l_v2,22.277999999999953,22.67799999999995,20.0,1.0,3.395667999047946e-05,3.395770681968724e-05,3.395667999941706e-05,1.0,0.06,20.0,1.0,0.00022967746586840054,0.00022968672268372148,0.00022967746597578404,1.0,0.08,40.0,1.0,0.0001549258334032861,0.0002751202703383332,0.00018924469190814046,1.0,0.08,6.0,1.0,0.02160772190407262,0.03240136703928523,0.024023114678352834,1.0,0.12
11_external_impact_y20N_p2l_v2:0068,11_external_impact_y20N_p2l_v2,22.477999999999952,22.87799999999995,20.0,1.0,3.395803103414807e-05,3.3959057757237955e-05,3.3958031043083444e-05,1.0,0.06,20.0,1.0,0.00022966528595471563,0.0002296745426478109,0.00022966528606210195,1.0,0.08,40.0,1.0,0.00016995730170510888,0.0003290865800636521,0.00020860370837145803,1.0,0.08,6.0,1.0,0.019885648664411643,0.03261534626316248,0.023156785461417546,1.0,0.12
11_external_impact_y20N_p2l_v2:0069,11_external_impact_y20N_p2l_v2,22.67799999999995,23.07799999999995,20.0,1.0,0.006683835028562364,0.024091858702653256,0.015312570331774184,1.0,0.06,20.0,1.0,0.01962878732213834,0.05517153953875967,0.04793713011174494,0.9,0.08,40.0,1.0,0.016931279527724483,0.06715382269245046,0.0369267741957556,0.9,0.08,6.0,1.0,0.027853609296769288,0.056011296569070834,0.03632742460312028,1.0,0.12
11_external_impact_y20N_p2l_v2:0070,11_external_impact_y20N_p2l_v2,22.87799999999995,23.27799999999995,20.0,1.0,0.01025646049892663,0.03572692907174153,0.01809077210211141,1.0,0.06,20.0,1.0,0.04666837538249442,0.10585317743505962,0.066644958705133,0.8,0.08,40.0,1.0,0.02724101096529159,0.09199426062453858,0.04618866003576294,0.85,0.08,6.0,1.0,0.02881391463832415,0.056011296569070834,0.03624710286345686,1.0,0.12
11_external_impact_y20N_p2l_v2:0071,11_external_impact_y20N_p2l_v2,23.07799999999995,23.47799999999995,20.0,1.0,0.005104892240806252,0.011579851000983998,0.009954061055887548,1.0,0.06,20.0,1.0,0.03797816495392947,0.07204436535196944,0.04920370313580583,0.9,0.08,40.0,1.0,0.013549604019267764,0.03948405001071403,0.02864775873342259,0.95,0.08,6.0,1.0,0.02523199165353117,0.03888549056027185,0.027801712628801042,1.0,0.12
11_external_impact_y20N_p2l_v2:0072,11_external_impact_y20N_p2l_v2,23.27799999999995,23.677999999999948,20.0,1.0,0.0023371436351862355,0.004763899152710316,0.0028004284653953787,1.0,0.06,20.0,1.0,0.014806375293220448,0.03012337845478872,0.018095442071210284,1.0,0.08,40.0,1.0,0.006755775768489564,0.017331207830793473,0.009512755521442892,1.0,0.08,6.0,1.0,0.0290140092885595,0.03919955397640902,0.030821113841174873,1.0,0.12
11_external_impact_y20N_p2l_v2:0073,11_external_impact_y20N_p2l_v2,23.47799999999995,23.877999999999947,20.0,1.0,0.0012987673846025574,0.0019209151715787382,0.0014685787580837762,1.0,0.06,20.0,1.0,0.013309676694992964,0.02171003695698112,0.015211887194429027,1.0,0.08,40.0,1.0,0.0071063554246628136,0.015255157014344529,0.008968608343212787,1.0,0.08,6.0,1.0,0.02276713522896191,0.03240634953230698,0.024122582340359057,1.0,0.12
11_external_impact_y20N_p2l_v2:0074,11_external_impact_y20N_p2l_v2,23.677999999999948,24.077999999999946,20.0,1.0,0.0013807937146140203,0.0023282158977529725,0.001553679143670056,1.0,0.06,20.0,1.0,0.01710055644019957,0.024460714323143767,0.018395861652060724,1.0,0.08,40.0,1.0,0.008600415563268318,0.015240909198326425,0.011877472656375468,1.0,0.08,6.0,1.0,0.014332592038901087,0.022297415556245703,0.015694755785242556,1.0,0.12
11_external_impact_y20N_p2l_v2:0075,11_external_impact_y20N_p2l_v2,23.877999999999947,24.277999999999945,20.0,1.0,0.0011400852184759753,0.0023282158977529725,0.0013943166153523702,1.0,0.06,20.0,1.0,0.022532041185201572,0.03025616541156518,0.024352026062749367,1.0,0.08,40.0,1.0,0.005430264367781619,0.012507228345882618,0.010026619893700883,1.0,0.08,6.0,1.0,0.01992756937874905,0.03577020553797487,0.024248497443296626,1.0,0.12
11_external_impact_y20N_p2l_v2:0076,11_external_impact_y20N_p2l_v2,24.077999999999946,24.477999999999945,20.0,1.0,0.00026615777852731645,0.0006438969338144751,0.00035826805578152205,1.0,0.06,20.0,1.0,0.030895542256785535,0.032788633962411017,0.0309339026400326,1.0,0.08,40.0,1.0,0.00043892101884425856,0.0009684360131804016,0.0005527659673981877,1.0,0.08,6.0,1.0,0.023363518688610266,0.04377777400924786,0.028776219410100605,1.0,0.12
11_external_impact_y20N_p2l_v2:0077,11_external_impact_y20N_p2l_v2,24.277999999999945,24.677999999999944,20.0,1.0,6.920116400451204e-05,8.492216423675038e-05,7.344186014191619e-05,1.0,0.06,20.0,1.0,0.03257190795888811,0.032944404894532826,0.03257539951378341,1.0,0.08,40.0,1.0,0.0001848152389793037,0.0003594425353116215,0.00024525928659948444,1.0,0.08,6.0,1.0,0.014393113688449833,0.032154149274627813,0.020073168139851317,1.0,0.12
11_external_impact_y20N_p2l_v2:0078,11_external_impact_y20N_p2l_v2,24.477999999999945,24.877999999999943,20.0,1.0,0.0003223886160611866,0.0010117620510792854,0.0006427565422457375,1.0,0.06,20.0,1.0,0.05745555184194282,0.11979877550887902,0.08260691061733359,0.85,0.08,40.0,1.0,0.026669535482700225,0.11825223919459357,0.06513171600973575,0.85,0.08,6.0,1.0,0.021149563768747843,0.03945996711417942,0.026925226140943035,1.0,0.12
11_external_impact_y20N_p2l_v2:0079,11_external_impact_y20N_p2l_v2,24.677999999999944,25.077999999999943,20.0,1.0,0.002963968219486192,0.0065516278484899606,0.0039481513619190585,1.0,0.06,20.0,1.0,0.0878279390467774,0.25863378920218605,0.13330534894359833,0.65,0.08,40.0,1.0,0.054726363782698836,0.1841969844748753,0.09102571788911379,0.7,0.08,6.0,1.0,0.024168553098657158,0.04102032962902873,0.028549317681025446,1.0,0.12
11_external_impact_y20N_p2l_v2:0080,11_external_impact_y20N_p2l_v2,24.877999999999943,25.277999999999942,20.0,1.0,0.005989370665516136,0.006617298363225557,0.006088579045749425,1.0,0.06,20.0,1.0,0.0471077678457949,0.18188848738030663,0.1071765421884921,0.8,0.08,40.0,1.0,0.028240675718961904,0.11224873188507518,0.06358934751466443,0.85,0.08,6.0,1.0,0.022804473011586956,0.04123970946527575,0.02791801716146886,1.0,0.12
11_external_impact_y20N_p2l_v2:0081,11_external_impact_y20N_p2l_v2,25.077999999999943,25.47799999999994,20.0,1.0,0.006361747542475732,0.007714456343412369,0.006515684271149762,1.0,0.06,20.0,1.0,0.013562434828347606,0.03935143423840548,0.021061832538321838,1.0,0.08,40.0,1.0,0.011515798433879247,0.02576512758235333,0.027520201816033193,0.975,0.08,7.0,1.0,0.023351916213173306,0.044887217606429025,0.029041799851673798,1.0,0.12
11_external_impact_y20N_p2l_v2:0082,11_external_impact_y20N_p2l_v2,25.277999999999942,25.67799999999994,20.0,1.0,0.004821500386785023,0.007714456343412369,0.005381917949156787,1.0,0.06,20.0,1.0,0.02075583191924183,0.03935143423840548,0.024870317167047153,1.0,0.08,40.0,1.0,0.013608811080857902,0.02576512758235333,0.027779591748319954,0.975,0.08,7.0,1.0,0.02367067003171653,0.03899362137163135,0.026932285686179457,1.0,0.12
11_external_impact_y20N_p2l_v2:0083,11_external_impact_y20N_p2l_v2,25.47799999999994,25.87799999999994,20.0,1.0,0.005076610409445885,0.0066182735520342924,0.005503972704061311,1.0,0.06,20.0,1.0,0.007752250845232553,0.0250370596916336,0.013238059434568563,1.0,0.08,40.0,1.0,0.0022890541989767726,0.007454796995200275,0.003796729444277049,1.0,0.08,6.0,1.0,0.02783547941309689,0.03842987061840003,0.029207105188264425,1.0,0.12
11_external_impact_y20N_p2l_v2:0084,11_external_impact_y20N_p2l_v2,25.67799999999994,26.07799999999994,20.0,1.0,0.009230624015043157,0.016371926478658847,0.010922502861399628,1.0,0.06,20.0,1.0,0.021351486013144978,0.08139718053722839,0.050319898905039066,0.9,0.08,40.0,1.0,0.02311926178444469,0.10179483456040932,0.052891016381397475,0.875,0.08,6.0,1.0,0.020175844085956268,0.03181686421549454,0.022735765975944226,1.0,0.12
11_external_impact_y20N_p2l_v2:0085,11_external_impact_y20N_p2l_v2,25.87799999999994,26.27799999999994,20.0,1.0,0.03519197110555497,0.06740568428173745,0.04321264258009044,0.7,0.06,20.0,1.0,0.18151536380724312,0.35024245159969475,0.23453375257038345,0.4,0.08,40.0,1.0,0.03634811876647268,0.1229424017668278,0.06337216857267396,0.8,0.08,6.0,1.0,0.0242874213876238,0.04172479830788775,0.028255024913664935,1.0,0.12
11_external_impact_y20N_p2l_v2:0086,11_external_impact_y20N_p2l_v2,26.07799999999994,26.477999999999938,20.0,1.0,0.0632340546382729,0.06794756916244211,0.06385202921001729,0.2,0.06,20.0,1.0,0.33531738982592185,0.35024245159969475,0.3371212622832346,0.0,0.08,40.0,1.0,0.013417830853216042,0.05240496732897997,0.03490883817370365,0.925,0.08,6.0,1.0,0.03139405202896654,0.04172479830788775,0.033356914363295354,1.0,0.12
11_external_impact_y20N_p2l_v2:0087,11_external_impact_y20N_p2l_v2,26.27799999999994,26.677999999999937,20.0,1.0,0.07040356019105026,0.07506182355254713,0.07075302053897584,0.0,0.06,20.0,1.0,0.34807061719174853,0.3498490523861451,0.34808111202865855,0.0,0.08,40.0,1.0,0.0013674040489301531,0.0038947714768872315,0.0025887816095128023,1.0,0.08,6.0,1.0,0.02211677897444445,0.034353531369023124,0.02535600014116158,1.0,0.12
11_external_impact_y20N_p2l_v2:0088,11_external_impact_y20N_p2l_v2,26.477999999999938,26.877999999999936,20.0,1.0,0.04862259900057167,0.08511094515726433,0.059747052802757473,0.45,0.06,20.0,1.0,0.19122036234988396,0.34939861184598314,0.2566194377551833,0.45,0.08,40.0,1.0,0.0025060710038967552,0.007103326760083194,0.003897014036670386,1.0,0.08,6.0,1.0,0.014938851594132984,0.0258965771794437,0.01820418208759159,1.0,0.12
12_low_friction_mu_0p16_low_weave_p2l_v2:0000,12_low_friction_mu_0p16_low_weave_p2l_v2,10.838000000000001,11.238000000000001,20.0,1.0,4.596256771425028e-19,7.477254842062529e-19,5.179127681876259e-19,1.0,0.06,20.0,1.0,5.899587472420524e-19,8.52466760575344e-19,6.504519725555096e-19,1.0,0.08,40.0,1.0,0.00012357370199598698,0.00025318807675412855,0.00015493704306908049,1.0,0.08,6.0,1.0,0.02354205629075812,0.03694630107029342,0.02546486028084186,1.0,0.12
12_low_friction_mu_0p16_low_weave_p2l_v2:0001,12_low_friction_mu_0p16_low_weave_p2l_v2,11.038,11.438,20.0,1.0,4.856086071265772e-19,8.078027774653644e-19,5.570289470829364e-19,1.0,0.06,20.0,1.0,6.57245613710865e-19,9.372318962188543e-19,6.95516246579274e-19,1.0,0.08,40.0,1.0,0.00013388059920274578,0.00025243990264650504,0.00016294921841755616,1.0,0.08,6.0,1.0,0.02374868234794167,0.03736343135812559,0.025936110663543333,1.0,0.12
12_low_friction_mu_0p16_low_weave_p2l_v2:0002,12_low_friction_mu_0p16_low_weave_p2l_v2,11.238,11.638,20.0,1.0,5.759870401895781e-19,8.256312195581075e-19,6.306872524483473e-19,1.0,0.06,20.0,1.0,6.431212618794536e-19,8.126515839772077e-19,6.757006755499902e-19,1.0,0.08,40.0,1.0,0.00015867948393776172,0.0003098959296974382,0.0001899784900816947,1.0,0.08,6.0,1.0,0.016185299354641875,0.029423092510411412,0.0191498002935174,1.0,0.12
12_low_friction_mu_0p16_low_weave_p2l_v2:0003,12_low_friction_mu_0p16_low_weave_p2l_v2,11.437999999999999,11.838,20.0,1.0,5.783368138965158e-19,8.000060162141012e-19,6.099317118340597e-19,1.0,0.06,20.0,1.0,8.194374442486457e-19,1.1067372249376837e-18,8.496531050833165e-19,1.0,0.08,40.0,1.0,0.00015436072339530837,0.00034818304280395093,0.00019544209072451697,1.0,0.08,6.0,1.0,0.010284398614429148,0.015692723834829836,0.011464322595008788,1.0,0.12
12_low_friction_mu_0p16_low_weave_p2l_v2:0004,12_low_friction_mu_0p16_low_weave_p2l_v2,11.637999999999998,12.037999999999998,20.0,1.0,5.088477609318104e-19,8.083844458051005e-19,5.8046876195966505e-19,1.0,0.06,20.0,1.0,6.6188359409309805e-19,1.1067372249376837e-18,7.567858108518705e-19,1.0,0.08,40.0,1.0,0.00017165332556175439,0.0003166004661978877,0.00020956111961247269,1.0,0.08,6.0,1.0,0.00991135035689785,0.016125889100723538,0.011335070617668011,1.0,0.12
12_low_friction_mu_0p16_low_weave_p2l_v2:0005,12_low_friction_mu_0p16_low_weave_p2l_v2,11.837999999999997,12.237999999999998,20.0,1.0,4.471511059419267e-19,7.51363992860901e-19,5.30800876843427e-19,1.0,0.06,20.0,1.0,2.831160663040746e-19,5.304106548796536e-19,3.4518650497204844e-19,1.0,0.08,40.0,1.0,0.0001759437125053274,0.0003226584706105998,0.00021585451910532358,1.0,0.08,6.0,1.0,0.017188291010726615,0.033511324479372225,0.023193620951027803,1.0,0.12
12_low_friction_mu_0p16_low_weave_p2l_v2:0006,12_low_friction_mu_0p16_low_weave_p2l_v2,12.037999999999997,12.437999999999997,20.0,1.0,5.260180992853608e-19,7.4043978221681135e-19,5.70854104359423e-19,1.0,0.06,20.0,1.0,3.508026092718804e-19,6.500243699808735e-19,4.0775363840229175e-19,1.0,0.08,40.0,1.0,0.00016183025872112654,0.00039314299921524947,0.00020948976738021472,1.0,0.08,6.0,1.0,0.02529748486620338,0.041005436551534324,0.028717407409448514,1.0,0.12
12_low_friction_mu_0p16_low_weave_p2l_v2:0007,12_low_friction_mu_0p16_low_weave_p2l_v2,12.237999999999996,12.637999999999996,20.0,1.0,5.497734712029683e-19,8.251123819542114e-19,5.823131994538097e-19,1.0,0.06,20.0,1.0,4.9383955143646295e-19,6.927555767405937e-19,5.279299083214037e-19,1.0,0.08,40.0,1.0,0.00016419332426710484,0.0003584803072706029,0.00022116374422355648,1.0,0.08,6.0,1.0,0.01870449263221612,0.029680366000863885,0.021232666568146475,1.0,0.12
12_low_friction_mu_0p16_low_weave_p2l_v2:0008,12_low_friction_mu_0p16_low_weave_p2l_v2,12.437999999999995,12.837999999999996,20.0,1.0,5.678308238803376e-19,7.565449513827661e-19,5.995282471445148e-19,1.0,0.06,20.0,1.0,5.032319170824652e-19,6.927555767405937e-19,5.323953658075602e-19,1.0,0.08,40.0,1.0,0.00013388843092724902,0.00028166937586746916,0.00019052290093801038,1.0,0.08,6.0,1.0,0.018768482800912284,0.030340208194430604,0.021475617388042365,1.0,0.12
12_low_friction_mu_0p16_low_weave_p2l_v2:0009,12_low_friction_mu_0p16_low_weave_p2l_v2,12.637999999999995,13.037999999999995,20.0,1.0,0.017486276900650452,0.0668498436027797,0.03433163857453308,0.85,0.06,20.0,1.0,1.835960839408692e-15,5.541419428679612e-15,3.026698874835865e-15,1.0,0.08,40.0,1.0,0.0001181948700006578,0.00020076960130706493,0.000142881288864521,1.0,0.08,6.0,1.0,0.03668704512854361,0.07078928130429255,0.04491375575631694,1.0,0.12
12_low_friction_mu_0p16_low_weave_p2l_v2:0010,12_low_friction_mu_0p16_low_weave_p2l_v2,12.837999999999994,13.237999999999994,20.0,1.0,0.021362674564983662,0.0668498436027797,0.03565511829327554,0.85,0.06,20.0,1.0,2.3694929614639926e-15,5.541419428679612e-15,3.2445113401755997e-15,1.0,0.08,40.0,1.0,0.0001340282109575268,0.00024978990058708867,0.00016491980917634244,1.0,0.08,6.0,1.0,0.034996442632234635,0.07078928130429255,0.044020536594166805,1.0,0.12
12_low_friction_mu_0p16_low_weave_p2l_v2:0011,12_low_friction_mu_0p16_low_weave_p2l_v2,13.037999999999993,13.437999999999994,20.0,1.0,0.004944641813447677,0.00612860013962093,0.009913170722443956,1.0,0.06,20.0,1.0,7.764333853991229e-16,9.000038149424703e-16,1.2181272985479345e-15,1.0,0.08,40.0,1.0,0.0001411023672683941,0.0003271842861751238,0.00017863906539957946,1.0,0.08,6.0,1.0,0.01759779053833684,0.027065552109858865,0.01969001842893279,1.0,0.12
12_low_friction_mu_0p16_low_weave_p2l_v2:0012,12_low_friction_mu_0p16_low_weave_p2l_v2,13.237999999999992,13.637999999999993,20.0,1.0,0.0018718104536372612,0.005312622436030412,0.0031430274056361463,1.0,0.06,20.0,1.0,5.099638022704082e-16,5.515545773188823e-16,5.108014745381964e-16,1.0,0.08,40.0,1.0,0.00015004840612080993,0.0003134144110220443,0.00018629069892478134,1.0,0.08,6.0,1.0,0.01797879837241938,0.02868923501268146,0.02040446845226515,1.0,0.12
12_low_friction_mu_0p16_low_weave_p2l_v2:0013,12_low_friction_mu_0p16_low_weave_p2l_v2,13.437999999999992,13.837999999999992,20.0,1.0,0.0021364882986177336,0.005312622436033365,0.0033600299040384986,1.0,0.06,20.0,1.0,5.58339549281161e-16,5.938634187553985e-16,5.590855488316537e-16,1.0,0.08,40.0,1.0,0.00016940126725525554,0.0003745200678396623,0.00021343483171645954,1.0,0.08,6.0,1.0,0.026615328384939643,0.04813131398848826,0.032788982258671134,1.0,0.12
12_low_friction_mu_0p16_low_weave_p2l_v2:0014,12_low_friction_mu_0p16_low_weave_p2l_v2,13.637999999999991,14.037999999999991,20.0,1.0,0.002136488298621078,0.005312622436033365,0.003360029904038765,1.0,0.06,20.0,1.0,6.173900868042791e-16,6.825645277933307e-16,6.188300884642776e-16,1.0,0.08,40.0,1.0,0.0001734450092423778,0.00038307871305916344,0.00021816200586218236,1.0,0.08,6.0,1.0,0.02459659509497378,0.045789427342190325,0.03126010780813114,1.0,0.12
12_low_friction_mu_0p16_low_weave_p2l_v2:0015,12_low_friction_mu_0p16_low_weave_p2l_v2,13.83799999999999,14.23799999999999,20.0,1.0,0.002136488298621027,0.005312622436033365,0.0033600299040387007,1.0,0.06,20.0,1.0,6.717715092727749e-16,7.049298091190593e-16,6.7246539035008e-16,1.0,0.08,40.0,1.0,0.00015395058965023915,0.00035413315163883166,0.0001919889372351846,1.0,0.08,6.0,1.0,0.019233984049937286,0.028995789611090422,0.02069349232266689,1.0,0.12
12_low_friction_mu_0p16_low_weave_p2l_v2:0016,12_low_friction_mu_0p16_low_weave_p2l_v2,14.03799999999999,14.43799999999999,20.0,1.0,0.0024011661434056226,0.005312622436033457,0.003563843520510839,1.0,0.06,20.0,1.0,7.316087451166289e-16,7.840736281084821e-16,7.330480940063114e-16,1.0,0.08,40.0,1.0,0.00016918509362336628,0.0003908867213006343,0.00021830565561037124,1.0,0.08,6.0,1.0,0.02305668724591259,0.036437062787430474,0.02605623656261124,1.0,0.12
12_low_friction_mu_0p16_low_weave_p2l_v2:0017,12_low_friction_mu_0p16_low_weave_p2l_v2,14.237999999999989,14.63799999999999,20.0,1.0,0.0018718104538368086,0.005312622436033457,0.0031430274057642153,1.0,0.06,20.0,1.0,8.159900286823454e-16,8.815356666624452e-16,8.175188003119781e-16,1.0,0.08,40.0,1.0,0.00015213393161191466,0.0003786374213301477,0.0002054752898112865,1.0,0.08,6.0,1.0,0.018231434431190876,0.035465861612607646,0.022967145069950526,1.0,0.12
12_low_friction_mu_0p16_low_weave_p2l_v2:0018,12_low_friction_mu_0p16_low_weave_p2l_v2,14.437999999999988,14.837999999999989,20.0,1.0,0.0021364882986210226,0.005312622436033532,0.003360029904038701,1.0,0.06,20.0,1.0,9.036226513723338e-16,9.75801196779148e-16,9.051873726406867e-16,1.0,0.08,40.0,1.0,0.0001124564357821331,0.00021250972661062244,0.00013984168848315312,1.0,0.08,6.0,1.0,0.016464923254632873,0.024216447818786582,0.018404749742776175,1.0,0.12
12_low_friction_mu_0p16_low_weave_p2l_v2:0019,12_low_friction_mu_0p16_low_weave_p2l_v2,14.637999999999987,15.037999999999988,20.0,1.0,0.0021364882986210933,0.005312622436033532,0.0033600299040387935,1.0,0.06,20.0,1.0,9.936976404432566e-16,1.0640475073204038e-15,9.952373010760655e-16,1.0,0.08,40.0,1.0,0.00014236596057795456,0.0002928852642801639,0.0001777468404491147,1.0,0.08,6.0,1.0,0.018824096557134823,0.024216447818786582,0.019527891552402,1.0,0.12
12_low_friction_mu_0p16_low_weave_p2l_v2:0020,12_low_friction_mu_0p16_low_weave_p2l_v2,14.837999999999987,15.237999999999987,20.0,1.0,0.002136488298621013,0.005312622436033382,0.0033600299040386877,1.0,0.06,20.0,1.0,1.0929414375648701e-15,1.181127787154945e-15,1.0947031247772419e-15,1.0,0.08,40.0,1.0,0.0001506064522246249,0.00030885155454424273,0.00018559883463612186,1.0,0.08,6.0,1.0,0.012294442791806854,0.017917100256432672,0.013360347338487,1.0,0.12
12_low_friction_mu_0p16_low_weave_p2l_v2:0021,12_low_friction_mu_0p16_low_weave_p2l_v2,15.037999999999986,15.437999999999986,20.0,1.0,0.0024011661434054643,0.005312622436033365,0.0035638435205106013,1.0,0.06,20.0,1.0,1.2065763991546261e-15,1.2911268529179475e-15,1.2087291217443268e-15,1.0,0.08,40.0,1.0,0.00015871653016624076,0.0003396512913759047,0.00020104848779958458,1.0,0.08,6.0,1.0,0.008477819887736812,0.013892242929222906,0.009613773157844287,1.0,0.12
12_low_friction_mu_0p16_low_weave_p2l_v2:0022,12_low_friction_mu_0p16_low_weave_p2l_v2,15.237999999999985,15.637999999999986,20.0,1.0,0.0018718104538366683,0.00531262243603334,0.003143027405763988,1.0,0.06,20.0,1.0,1.3392544510147964e-15,1.4457723311408644e-15,1.341849478030737e-15,1.0,0.08,40.0,1.0,0.00018485715070964813,0.0003905882191341427,0.00023302268120556577,1.0,0.08,6.0,1.0,0.0139700325743429,0.025462684054026824,0.01686706699341043,1.0,0.12
12_low_friction_mu_0p16_low_weave_p2l_v2:0023,12_low_friction_mu_0p16_low_weave_p2l_v2,15.437999999999985,15.837999999999985,20.0,1.0,0.002136488298621121,0.005312622436033493,0.0033600299040387758,1.0,0.06,20.0,1.0,1.4866865005035198e-15,1.6005712692693573e-15,1.4893207282187e-15,1.0,0.08,40.0,1.0,0.0001751749048626309,0.0003905174979028028,0.00023465504118502445,1.0,0.08,6.0,1.0,0.013006769810691132,0.025462684054026824,0.01658898699115704,1.0,0.12
12_low_friction_mu_0p16_low_weave_p2l_v2:0024,12_low_friction_mu_0p16_low_weave_p2l_v2,15.637999999999984,16.037999999999982,20.0,1.0,0.0021364882986211033,0.005312622436033518,0.003360029904038778,1.0,0.06,20.0,1.0,1.6432382965013999e-15,1.7837296986841145e-15,1.6462176171931946e-15,1.0,0.08,40.0,1.0,0.00018299339627013942,0.00037170087557657683,0.0002348131051099273,1.0,0.08,6.0,1.0,0.0104776562955574,0.02013536343347387,0.013114949321678978,1.0,0.12
12_low_friction_mu_0p16_low_weave_p2l_v2:0025,12_low_friction_mu_0p16_low_weave_p2l_v2,15.837999999999983,16.237999999999982,20.0,1.0,0.0008130990746993861,0.0053126224360317414,0.002057644902013045,1.0,0.06,20.0,1.0,1.8263739147029637e-15,1.9786879636642074e-15,1.83012341371227e-15,1.0,0.08,40.0,1.0,0.00017679893478519354,0.00036569330812614726,0.00021137273830076653,1.0,0.08,7.0,1.0,0.027755983457683684,0.04807173441501951,0.032424713675691504,1.0,0.12
12_low_friction_mu_0p16_low_weave_p2l_v2:0026,12_low_friction_mu_0p16_low_weave_p2l_v2,16.037999999999982,16.43799999999998,20.0,1.0,1.9065540346685505e-05,1.9065540347029675e-05,1.9065540346685508e-05,1.0,0.06,20.0,1.0,2.024925542714463e-15,2.176064852184467e-15,2.028056425668466e-15,1.0,0.08,40.0,1.0,0.00015503087302538767,0.00032754061846265237,0.00018866358920820655,1.0,0.08,7.0,1.0,0.029335957422680272,0.05176934408716928,0.03511393682595093,1.0,0.12
12_low_friction_mu_0p16_low_weave_p2l_v2:0027,12_low_friction_mu_0p16_low_weave_p2l_v2,16.237999999999982,16.63799999999998,20.0,1.0,2.505777616921695e-05,1.9065540347029675e-05,3.619562210407069e-05,1.0,0.06,20.0,1.0,2.2276777613659745e-15,2.3842867071039186e-15,2.2309624140378664e-15,1.0,0.08,40.0,1.0,0.0001474902863463794,0.00028411931116563226,0.0001781916422047587,1.0,0.08,6.0,1.0,0.012618404873931307,0.027447699287327362,0.01956104839722074,1.0,0.12
12_low_friction_mu_0p16_low_weave_p2l_v2:0028,12_low_friction_mu_0p16_low_weave_p2l_v2,16.43799999999998,16.83799999999998,20.0,1.0,0.015838929614875572,0.05284712515572803,0.02774564885384431,0.95,0.06,20.0,1.0,1.7829463316841433e-15,2.3842867071039186e-15,1.9514407065021622e-15,1.0,0.08,40.0,1.0,0.0001467574652146528,0.0003130416056893809,0.00018262495140464885,1.0,0.08,6.0,1.0,0.02778912124464827,0.061365458090647335,0.03831024805034026,1.0,0.12
12_low_friction_mu_0p16_low_weave_p2l_v2:0029,12_low_friction_mu_0p16_low_weave_p2l_v2,16.63799999999998,17.03799999999998,20.0,1.0,0.015839711837595274,0.05284712515572803,0.027745724363298335,0.95,0.06,20.0,1.0,6.163869160902875e-16,2.0362640345297803e-15,1.0409322738168987e-15,1.0,0.08,40.0,1.0,0.0001397976953260837,0.00030546587739623254,0.00017250037410746985,1.0,0.08,6.0,1.0,0.02989790208780203,0.061365458090647335,0.03919423800818461,1.0,0.12
12_low_friction_mu_0p16_low_weave_p2l_v2:0030,12_low_friction_mu_0p16_low_weave_p2l_v2,16.83799999999998,17.23799999999998,20.0,1.0,1.6307228715565162e-05,4.6800462495288206e-11,7.292803946355484e-05,1.0,0.06,20.0,1.0,2.5985886331778294e-19,3.7248754481786755e-19,7.502259075268238e-19,1.0,0.08,40.0,1.0,0.00016025624729505136,0.0003069046173211459,0.0001893749485105179,1.0,0.08,6.0,1.0,0.01747121712190774,0.031849037538245584,0.02162164427668562,1.0,0.12
12_low_friction_mu_0p16_low_weave_p2l_v2:0031,12_low_friction_mu_0p16_low_weave_p2l_v2,17.03799999999998,17.437999999999978,20.0,1.0,3.0926933216050957e-29,4.4821642342102687e-29,3.348149681856842e-29,1.0,0.06,20.0,1.0,0.0,0.0,0.0,1.0,0.08,40.0,1.0,0.0001664678318573615,0.00032784958401439946,0.00019946397717085013,1.0,0.08,6.0,1.0,0.020430848230656103,0.032160463054840244,0.023013021101957316,1.0,0.12
12_low_friction_mu_0p16_low_weave_p2l_v2:0032,12_low_friction_mu_0p16_low_weave_p2l_v2,17.23799999999998,17.637999999999977,20.0,1.0,3.047871679262995e-29,4.4821642342102687e-29,3.330100225936672e-29,1.0,0.06,20.0,1.0,0.0,0.0,0.0,1.0,0.08,40.0,1.0,0.0001568029562450149,0.0003275183572598344,0.0001957683298848622,1.0,0.08,6.0,1.0,0.018594888723299178,0.027823280240407627,0.01994806873410691,1.0,0.12
12_low_friction_mu_0p16_low_weave_p2l_v2:0033,12_low_friction_mu_0p16_low_weave_p2l_v2,17.437999999999978,17.837999999999976,20.0,1.0,2.77894182521038e-29,4.4821642342102676e-29,3.0793479532181456e-29,1.0,0.06,20.0,1.0,0.0,0.0,0.0,1.0,0.08,40.0,1.0,0.00015111555954315222,0.0003210761437009912,0.00019636016432228887,1.0,0.08,6.0,1.0,0.014256107082157278,0.0236150069624364,0.016483688476215348,1.0,0.12
12_low_friction_mu_0p16_low_weave_p2l_v2:0034,12_low_friction_mu_0p16_low_weave_p2l_v2,17.637999999999977,18.037999999999975,20.0,1.0,0.01632153965989607,0.0668441003533053,0.03525108844637202,0.85,0.06,20.0,1.0,0.014315878533517878,0.04072588648550504,0.03755195532260993,0.9,0.08,40.0,1.0,0.008703881143446784,0.034909016667951924,0.019574177330382206,1.0,0.08,6.0,1.0,0.03163436675915637,0.0768693593456788,0.05104562432897992,1.0,0.12
12_low_friction_mu_0p16_low_weave_p2l_v2:0035,12_low_friction_mu_0p16_low_weave_p2l_v2,17.837999999999976,18.237999999999975,20.0,1.0,0.021778254629410503,0.0668441003533053,0.038282632721070686,0.85,0.06,20.0,1.0,0.029276992755255672,0.08377834587053279,0.04593198047765706,0.85,0.08,40.0,1.0,0.015513754835808389,0.05435411774662715,0.026288460853976733,1.0,0.08,6.0,1.0,0.0320179791211325,0.0768693593456788,0.051169960940300005,1.0,0.12
12_low_friction_mu_0p16_low_weave_p2l_v2:0036,12_low_friction_mu_0p16_low_weave_p2l_v2,18.037999999999975,18.437999999999974,20.0,1.0,0.005471741828447713,0.017139966192647443,0.01493054530385632,1.0,0.06,20.0,1.0,0.02232486669391685,0.042996354757140316,0.02842617078148839,0.95,0.08,40.0,1.0,0.006969207239556763,0.02726293242173378,0.01754916157262176,1.0,0.08,6.0,1.0,0.015100901797059913,0.024924746758792957,0.017614337437500575,1.0,0.12
12_low_friction_mu_0p16_low_weave_p2l_v2:0037,12_low_friction_mu_0p16_low_weave_p2l_v2,18.237999999999975,18.637999999999973,20.0,1.0,3.064067626333683e-05,3.153907970795677e-05,3.0648164299319086e-05,1.0,0.06,20.0,1.0,0.014731133076036304,0.014736601511331443,0.01473113367107015,1.0,0.08,40.0,1.0,0.00016791775568418058,0.0002895628852902982,0.00019684857522801567,1.0,0.08,6.0,1.0,0.02798312681294343,0.04077374970485201,0.03016219739102831,1.0,0.12
12_low_friction_mu_0p16_low_weave_p2l_v2:0038,12_low_friction_mu_0p16_low_weave_p2l_v2,18.437999999999974,18.837999999999973,20.0,1.0,3.184077430806592e-05,3.277934404886107e-05,3.184862562746413e-05,1.0,0.06,20.0,1.0,0.014738204898648443,0.014743394594920866,0.014738205433815548,1.0,0.08,40.0,1.0,0.00015582952987062276,0.00029886883074640996,0.00019133520339761111,1.0,0.08,6.0,1.0,0.02532392647630112,0.03947981490361176,0.028980761959275493,1.0,0.12
12_low_friction_mu_0p16_low_weave_p2l_v2:0039,12_low_friction_mu_0p16_low_weave_p2l_v2,18.637999999999973,19.037999999999972,20.0,1.0,3.309358852417316e-05,3.4072322225592314e-05,3.3101810465838844e-05,1.0,0.06,20.0,1.0,0.014744909011157086,0.014749819248689285,0.014744909490673913,1.0,0.08,40.0,1.0,0.0001522611097064544,0.0002908825053028169,0.0001858542955133446,1.0,0.08,6.0,1.0,0.0381624792851071,0.07200361521918563,0.048732271813729265,1.0,0.12
12_low_friction_mu_0p16_low_weave_p2l_v2:0040,12_low_friction_mu_0p16_low_weave_p2l_v2,18.837999999999973,19.23799999999997,20.0,1.0,0.021076125025599135,0.07153988639820096,0.03703261787835894,0.85,0.06,20.0,1.0,0.02950170573871073,0.06059662382950332,0.038108906009224015,0.95,0.08,40.0,1.0,0.014402464157273486,0.04915933751025111,0.02476686723692119,1.0,0.08,6.0,1.0,0.05519090631010013,0.08898687743994693,0.06056252257453126,1.0,0.12
12_low_friction_mu_0p16_low_weave_p2l_v2:0041,12_low_friction_mu_0p16_low_weave_p2l_v2,19.037999999999972,19.43799999999997,20.0,1.0,0.021183412435133508,0.07153988639820096,0.03703663553376183,0.85,0.06,20.0,1.0,0.02244780761128262,0.06059662382950332,0.03668022149905863,0.95,0.08,40.0,1.0,0.014608250625173994,0.04915933751025111,0.02479092364585239,1.0,0.08,6.0,1.0,0.03094298743285326,0.06011653009299896,0.03956205874468485,1.0,0.12
12_low_friction_mu_0p16_low_weave_p2l_v2:0042,12_low_friction_mu_0p16_low_weave_p2l_v2,19.23799999999997,19.63799999999997,20.0,1.0,0.00012415404110185599,4.149244049927582e-06,0.0005460345895444392,1.0,0.06,20.0,1.0,0.00032018658894184465,2.3708942846004518e-05,0.0013799219050793835,1.0,0.08,40.0,1.0,0.0003342810240691823,0.0003031528668536501,0.0011041600334752715,1.0,0.08,6.0,1.0,0.015419894913230656,0.02481817866559702,0.017688233719277694,1.0,0.12
12_low_friction_mu_0p16_low_weave_p2l_v2:0043,12_low_friction_mu_0p16_low_weave_p2l_v2,19.43799999999997,19.83799999999997,20.0,1.0,2.1322822648926158e-14,8.469623507992112e-14,4.670438234810236e-14,1.0,0.06,20.0,1.0,4.081331232570912e-15,1.631523199369627e-14,8.913909877087237e-15,1.0,0.08,40.0,1.0,0.0001293567433844624,0.00026725557482216593,0.0001633660721752251,1.0,0.08,6.0,1.0,0.026037627990338808,0.0382937356301067,0.028431155517297097,1.0,0.12
12_low_friction_mu_0p16_low_weave_p2l_v2:0044,12_low_friction_mu_0p16_low_weave_p2l_v2,19.63799999999997,20.03799999999997,20.0,1.0,5.197068765154777e-29,8.808591127380933e-29,5.856222734922539e-29,1.0,0.06,20.0,1.0,0.0,0.0,0.0,1.0,0.08,40.0,1.0,0.00015216665371521913,0.000264828655297846,0.00018276483915357746,1.0,0.08,6.0,1.0,0.02230605371965878,0.03809618370620512,0.025653882475232564,1.0,0.12
12_low_friction_mu_0p16_low_weave_p2l_v2:0045,12_low_friction_mu_0p16_low_weave_p2l_v2,19.83799999999997,20.237999999999968,20.0,1.0,5.461326498976206e-29,8.808591127380933e-29,6.051700839475201e-29,1.0,0.06,20.0,1.0,0.0,0.0,0.0,1.0,0.08,40.0,1.0,0.00018756228377216292,0.00040827018352429246,0.0002453849860693082,1.0,0.08,6.0,1.0,0.010942614015367757,0.015309622704623226,0.01171000101864155,1.0,0.12
12_low_friction_mu_0p16_low_weave_p2l_v2:0046,12_low_friction_mu_0p16_low_weave_p2l_v2,20.03799999999997,20.437999999999967,20.0,1.0,0.005623946505671992,0.017526987063845912,0.013973876437268877,1.0,0.06,20.0,1.0,0.002162064805778988,0.007497389599717976,0.0058630737528934706,1.0,0.08,40.0,1.0,0.004531619770031896,0.013902886890243342,0.013071362823171956,1.0,0.08,6.0,1.0,0.018929946522271975,0.038506478916345815,0.023540639074714733,1.0,0.12
12_low_friction_mu_0p16_low_weave_p2l_v2:0047,12_low_friction_mu_0p16_low_weave_p2l_v2,20.237999999999968,20.637999999999966,20.0,1.0,0.01905957943666242,0.053071976251133475,0.03272488771750561,0.9,0.06,20.0,1.0,0.021067189007461806,0.0735796630259674,0.04024614785724245,0.9,0.08,40.0,1.0,0.016573027227676784,0.05899471053931885,0.029359159608552652,0.95,0.08,6.0,1.0,0.024809728655501184,0.047283294811955916,0.031910549430256854,1.0,0.12
12_low_friction_mu_0p16_low_weave_p2l_v2:0048,12_low_friction_mu_0p16_low_weave_p2l_v2,20.437999999999967,20.837999999999965,20.0,1.0,0.01499711280251818,0.04904424197456113,0.029673649796835583,0.9,0.06,20.0,1.0,0.018922965804216447,0.0735796630259674,0.03981679830469976,0.9,0.08,40.0,1.0,0.012217794614900584,0.05028994865487306,0.02628979839920678,0.95,0.08,6.0,1.0,0.020388688155012016,0.04312603758603884,0.027390104342375102,1.0,0.12
12_low_friction_mu_0p16_low_weave_p2l_v2:0049,12_low_friction_mu_0p16_low_weave_p2l_v2,20.637999999999966,21.037999999999965,20.0,1.0,0.0031224065396492527,0.0031232394248428053,0.0031224066048392996,1.0,0.06,20.0,1.0,4.213230455538952e-05,5.188541351438536e-05,4.2783735825882444e-05,1.0,0.08,40.0,1.0,0.00015692913228123259,0.00026973714575469497,0.00018474614255010677,1.0,0.08,6.0,1.0,0.018851167091955303,0.03487005556146794,0.022528292523598437,1.0,0.12
12_low_friction_mu_0p16_low_weave_p2l_v2:0050,12_low_friction_mu_0p16_low_weave_p2l_v2,20.837999999999965,21.237999999999964,20.0,1.0,0.0031212681091233527,0.003122149852310285,0.0031212681821034664,1.0,0.06,20.0,1.0,5.482579213919453e-05,6.426573044693296e-05,5.5296735709448136e-05,1.0,0.08,40.0,1.0,0.00016603393949082972,0.0003843624307228733,0.00021450372522257067,1.0,0.08,6.0,1.0,0.02356536359384566,0.044257036030445424,0.028968118910062308,1.0,0.12
12_low_friction_mu_0p16_low_weave_p2l_v2:0051,12_low_friction_mu_0p16_low_weave_p2l_v2,21.037999999999965,21.437999999999963,20.0,1.0,0.003120066394648062,0.003120995845276761,0.003120066475661929,1.0,0.06,20.0,1.0,6.710187857586342e-05,7.621649376449436e-05,6.746148355481592e-05,1.0,0.08,40.0,1.0,0.00016220134996117533,0.0003843624307228733,0.00021079647044235312,1.0,0.08,6.0,1.0,0.02375973421218283,0.041497706537760165,0.028411136906677174,1.0,0.12
12_low_friction_mu_0p16_low_weave_p2l_v2:0052,12_low_friction_mu_0p16_low_weave_p2l_v2,21.237999999999964,21.637999999999963,20.0,1.0,0.017738889424083533,0.05990977398839542,0.030497390496569046,0.9,0.06,20.0,1.0,0.014927206497933573,0.05280478300969938,0.03124816999590183,0.95,0.08,40.0,1.0,0.014148935912717514,0.05809940263136715,0.0267795593969165,1.0,0.08,6.0,1.0,0.03135508055099446,0.05637870364282578,0.03894105531921399,1.0,0.12
12_low_friction_mu_0p16_low_weave_p2l_v2:0053,12_low_friction_mu_0p16_low_weave_p2l_v2,21.437999999999963,21.837999999999962,20.0,1.0,0.01749801757040244,0.05990977398839542,0.030757806491789313,0.9,0.06,20.0,1.0,0.01722436804068057,0.05280478300969938,0.03210441958944412,0.95,0.08,40.0,1.0,0.01610153446981723,0.05809940263136715,0.027542286907536104,1.0,0.08,6.0,1.0,0.025074847911800615,0.05637870364282578,0.036026378829834484,1.0,0.12
12_low_friction_mu_0p16_low_weave_p2l_v2:0054,12_low_friction_mu_0p16_low_weave_p2l_v2,21.637999999999963,22.03799999999996,20.0,1.0,0.0013188530999986054,0.0012697387555735012,0.004562599808669411,1.0,0.06,20.0,1.0,0.002333728331206831,0.004303569559372477,0.007365345146776901,1.0,0.08,40.0,1.0,0.0021458738612400003,0.003915641157347691,0.006440844856563192,1.0,0.08,6.0,1.0,0.009439945970344416,0.01671574224498018,0.011507574993950049,1.0,0.12
12_low_friction_mu_0p16_low_weave_p2l_v2:0055,12_low_friction_mu_0p16_low_weave_p2l_v2,21.837999999999962,22.23799999999996,20.0,1.0,3.348449301534421e-14,1.0142228897052704e-13,6.240171566207728e-14,1.0,0.06,20.0,1.0,1.4003161004487303e-15,4.3025084757579234e-15,2.5910771392894746e-15,1.0,0.08,40.0,1.0,0.00019253140223764872,0.00035888994758078276,0.00022384141485664726,1.0,0.08,6.0,1.0,0.018134957395676003,0.03252391439073897,0.022161262009731033,1.0,0.12
12_low_friction_mu_0p16_low_weave_p2l_v2:0056,12_low_friction_mu_0p16_low_weave_p2l_v2,22.03799999999996,22.43799999999996,20.0,1.0,6.184671736790684e-29,8.963292372160383e-29,6.695525406048918e-29,1.0,0.06,20.0,1.0,0.0,0.0,0.0,1.0,0.08,40.0,1.0,0.00016684349734303746,0.0002881843002453919,0.00018842289871171049,1.0,0.08,6.0,1.0,0.014200447937648408,0.03252391439073897,0.01989135671630627,1.0,0.12
12_low_friction_mu_0p16_low_weave_p2l_v2:0057,12_low_friction_mu_0p16_low_weave_p2l_v2,22.23799999999996,22.63799999999996,20.0,1.0,6.095038813069083e-29,8.963292372160383e-29,6.659430666517489e-29,1.0,0.06,20.0,1.0,0.0,0.0,0.0,1.0,0.08,40.0,1.0,0.00015427046515211068,0.00029460747619818023,0.00018662636341103844,1.0,0.08,6.0,1.0,0.013545129182871922,0.02928576481031781,0.019999399914284077,1.0,0.12
12_low_friction_mu_0p16_low_weave_p2l_v2:0058,12_low_friction_mu_0p16_low_weave_p2l_v2,22.43799999999996,22.83799999999996,20.0,1.0,5.557241270739464e-29,8.963292372160381e-29,6.157984084929688e-29,1.0,0.06,20.0,1.0,0.0,0.0,0.0,1.0,0.08,40.0,1.0,0.00014521694681888958,0.00033281614604858473,0.0001827439239312965,1.0,0.08,7.0,1.0,0.017120072530439248,0.027330258766851672,0.020842364977333636,1.0,0.12
12_low_friction_mu_0p16_low_weave_p2l_v2:0059,12_low_friction_mu_0p16_low_weave_p2l_v2,22.63799999999996,23.037999999999958,20.0,1.0,0.024953756100735962,0.0856935462210048,0.04899076989777308,0.8,0.06,20.0,1.0,0.0006070028038980406,0.0022260624032546614,0.0010843186441075055,1.0,0.08,40.0,1.0,0.0010913844399634534,0.002153665980763723,0.002348315164181463,1.0,0.08,7.0,1.0,0.03602570990923282,0.07570351270413944,0.04618448057639855,1.0,0.12
12_low_friction_mu_0p16_low_weave_p2l_v2:0060,12_low_friction_mu_0p16_low_weave_p2l_v2,22.83799999999996,23.237999999999957,20.0,1.0,0.028654038008088557,0.0856935462210048,0.05025632770509924,0.8,0.06,20.0,1.0,0.0009329815147868829,0.0022260624032546614,0.0012632810228903036,1.0,0.08,40.0,1.0,0.0012819019724911447,0.002153665980763723,0.002414462409450959,1.0,0.08,6.0,1.0,0.038857201258087185,0.07753601645532801,0.04941312202962479,1.0,0.12
12_low_friction_mu_0p16_low_weave_p2l_v2:0061,12_low_friction_mu_0p16_low_weave_p2l_v2,23.037999999999958,23.437999999999956,20.0,1.0,0.0037142617289026387,0.008216066602650281,0.011207289150218139,1.0,0.06,20.0,1.0,0.0004317811467821913,0.0011510795621286504,0.0006652220168643463,1.0,0.08,40.0,1.0,0.0003540853003522936,0.0008956069357099432,0.0005961814731851271,1.0,0.08,6.0,1.0,0.021963225823190023,0.03675565018559354,0.02592619966588589,1.0,0.12
12_low_friction_mu_0p16_low_weave_p2l_v2:0062,12_low_friction_mu_0p16_low_weave_p2l_v2,23.237999999999957,23.637999999999955,20.0,1.0,2.7959874888858206e-05,2.796035247960571e-05,2.7959874890670223e-05,1.0,0.06,20.0,1.0,0.00021160025751751376,0.00021160726859933884,0.00021160025758441787,1.0,0.08,40.0,1.0,0.00015564138780690452,0.00031012643257427824,0.00019540675946357592,1.0,0.08,6.0,1.0,0.0173951039222517,0.03675565018559354,0.024506229619351005,1.0,0.12
12_low_friction_mu_0p16_low_weave_p2l_v2:0063,12_low_friction_mu_0p16_low_weave_p2l_v2,23.437999999999956,23.837999999999955,20.0,1.0,2.7960634231491422e-05,2.7961452916269724e-05,2.7960634238057232e-05,1.0,0.06,20.0,1.0,0.00021159102439613123,0.00021159804470753657,0.00021159102446317908,1.0,0.08,40.0,1.0,0.00014753611968257345,0.00027628407793309944,0.00017910837902294544,1.0,0.08,6.0,1.0,0.015809796836140103,0.03757912311168213,0.022604984989736964,1.0,0.12
12_low_friction_mu_0p16_low_weave_p2l_v2:0064,12_low_friction_mu_0p16_low_weave_p2l_v2,23.637999999999955,24.037999999999954,20.0,1.0,2.796172897819027e-05,2.7962593360630894e-05,2.7961728985831934e-05,1.0,0.06,20.0,1.0,0.00021158178609080323,0.00021158880761574633,0.00021158178615787246,1.0,0.08,40.0,1.0,0.00014949489489194398,0.00027628407793309944,0.00017888931333010327,1.0,0.08,6.0,1.0,0.03319867777901161,0.05329382439175957,0.03718275098358107,1.0,0.12
12_low_friction_mu_0p16_low_weave_p2l_v2:0065,12_low_friction_mu_0p16_low_weave_p2l_v2,23.837999999999955,24.237999999999953,20.0,1.0,2.7962868625858173e-05,2.796373903464766e-05,2.7962868633650195e-05,1.0,0.06,20.0,1.0,0.00021157254711630862,0.0002115795687856447,0.00021157254718338287,1.0,0.08,40.0,1.0,0.00014743730883046073,0.000283968666910447,0.00018826860848706066,1.0,0.08,6.0,1.0,0.03392902005765391,0.06795798775909362,0.041896377973127154,1.0,0.12
12_low_friction_mu_0p16_low_weave_p2l_v2:0066,12_low_friction_mu_0p16_low_weave_p2l_v2,24.037999999999954,24.437999999999953,20.0,1.0,0.0010456505618111928,0.003990035096677936,0.00189989007516909,1.0,0.06,20.0,1.0,0.0009232353453696964,0.0032039953168771203,0.0016666922306696117,1.0,0.08,40.0,1.0,0.0019768361476753386,0.007917438079687927,0.004304580159309709,1.0,0.08,6.0,1.0,0.033081116401152216,0.05703294359856198,0.03948608767501971,1.0,0.12
12_low_friction_mu_0p16_low_weave_p2l_v2:0067,12_low_friction_mu_0p16_low_weave_p2l_v2,24.237999999999953,24.637999999999952,20.0,1.0,0.0016809758897036481,0.0040791414812739015,0.0023572529469068847,1.0,0.06,20.0,1.0,0.0020641640410641923,0.005215685632791436,0.002872640714102135,1.0,0.08,40.0,1.0,0.0030501808862999236,0.008035908859263604,0.004986214598678219,1.0,0.08,6.0,1.0,0.03171562853671674,0.04499216249511512,0.03434122178002319,1.0,0.12
12_low_friction_mu_0p16_low_weave_p2l_v2:0068,12_low_friction_mu_0p16_low_weave_p2l_v2,24.437999999999953,24.83799999999995,20.0,1.0,0.0006632271164972115,0.0027258131333418823,0.0013956495609937193,1.0,0.06,20.0,1.0,0.001353135361758128,0.005215685632791436,0.002349305255834963,1.0,0.08,40.0,1.0,0.0012249961207122214,0.004375920484750174,0.002523822000698518,1.0,0.08,6.0,1.0,0.023016615287162933,0.04056637066650538,0.027057160162451774,1.0,0.12
12_low_friction_mu_0p16_low_weave_p2l_v2:0069,12_low_friction_mu_0p16_low_weave_p2l_v2,24.637999999999952,25.03799999999995,20.0,1.0,0.0004949271363202196,0.0007222425478390942,0.0015472807263968845,1.0,0.06,20.0,1.0,0.00041218740805063934,0.0006578360344811132,0.0007094491183262407,1.0,0.08,40.0,1.0,0.00037627353578449185,0.0009770563608913901,0.0007107763546262667,1.0,0.08,6.0,1.0,0.023938093385912015,0.04380472328908186,0.02874881267936883,1.0,0.12
12_low_friction_mu_0p16_low_weave_p2l_v2:0070,12_low_friction_mu_0p16_low_weave_p2l_v2,24.83799999999995,25.23799999999995,20.0,1.0,0.06558388568787292,0.19334230983435916,0.10456032367155076,0.6,0.06,20.0,1.0,0.0037385824516712714,0.008487544667755259,0.005026031262323244,1.0,0.08,40.0,1.0,0.0014161245373931642,0.004423658473818287,0.002273753282272737,1.0,0.08,6.0,1.0,0.028495283324989722,0.05358025742361543,0.03395161567702267,1.0,0.12
12_low_friction_mu_0p16_low_weave_p2l_v2:0071,12_low_friction_mu_0p16_low_weave_p2l_v2,25.03799999999995,25.43799999999995,20.0,1.0,0.07437213764928398,0.19334230983435916,0.10648095230008708,0.55,0.06,20.0,1.0,0.003991962924935933,0.008487544667755259,0.0051241974108891634,1.0,0.08,40.0,1.0,0.0013198672677962532,0.004423658473818287,0.002202862720872797,1.0,0.08,6.0,1.0,0.026037175437443456,0.047243014070697316,0.030872758606894153,1.0,0.12
12_low_friction_mu_0p16_low_weave_p2l_v2:0072,12_low_friction_mu_0p16_low_weave_p2l_v2,25.23799999999995,25.63799999999995,20.0,1.0,0.009269259029872797,0.03411306478180287,0.020192216483539725,0.95,0.06,20.0,1.0,0.0005591451790519887,0.002062587799727599,0.0012153492900612674,1.0,0.08,40.0,1.0,0.0002633285471909803,0.0008120328793323944,0.00042664439822873694,1.0,0.08,6.0,1.0,0.024536440988476068,0.041037765120466974,0.02750103240149043,1.0,0.12
12_low_friction_mu_0p16_low_weave_p2l_v2:0073,12_low_friction_mu_0p16_low_weave_p2l_v2,25.43799999999995,25.837999999999948,20.0,1.0,2.0594637106796654e-13,7.105427357601001e-13,3.4101200973874336e-13,1.0,0.06,20.0,1.0,2.8467257041670694e-15,1.4006763231907086e-30,1.2730944375627044e-14,1.0,0.08,40.0,1.0,0.00011602831416446528,0.00024263499639642908,0.00014608908043034892,1.0,0.08,6.0,1.0,0.023547778035472047,0.03656615262778161,0.02581967576729622,1.0,0.12
12_low_friction_mu_0p16_low_weave_p2l_v2:0074,12_low_friction_mu_0p16_low_weave_p2l_v2,25.63799999999995,26.037999999999947,20.0,1.0,0.0426382145229198,0.1760405992700771,0.08478433660919558,0.75,0.06,20.0,1.0,0.0455074371544555,0.19728112305753429,0.09225793791172034,0.75,0.08,40.0,1.0,0.00024122964564343946,0.0005505765522778605,0.00031561072227969734,1.0,0.08,6.0,1.0,0.015232262006465845,0.028921493956270472,0.018838956011230066,1.0,0.12
12_low_friction_mu_0p16_low_weave_p2l_v2:0075,12_low_friction_mu_0p16_low_weave_p2l_v2,25.837999999999948,26.237999999999946,20.0,1.0,0.08860327393103061,0.1760405992700771,0.10961155114547504,0.35,0.06,20.0,1.0,0.13967093674983727,0.19728112305753429,0.16208297819874395,0.25,0.08,40.0,1.0,0.0016490821665652577,0.007016204455738005,0.003310235633870497,1.0,0.08,6.0,1.0,0.018760905890071986,0.044952413325349105,0.026965920904137464,1.0,0.12
12_low_friction_mu_0p16_low_weave_p2l_v2:0076,12_low_friction_mu_0p16_low_weave_p2l_v2,26.037999999999947,26.437999999999946,20.0,1.0,0.05645951147211938,0.12362604296751566,0.07130280237770542,0.6,0.06,20.0,1.0,0.15024736137620173,0.1939258997960418,0.15701300824732042,0.1,0.08,40.0,1.0,0.002065079152323521,0.007016204455738005,0.0035194191011798143,1.0,0.08,6.0,1.0,0.024557996925155215,0.044952413325349105,0.030356810469942815,1.0,0.12
12_low_friction_mu_0p16_low_weave_p2l_v2:0077,12_low_friction_mu_0p16_low_weave_p2l_v2,26.237999999999946,26.637999999999945,20.0,1.0,0.014904489433036202,0.027942036857129156,0.017327432394219126,1.0,0.06,20.0,1.0,0.07723938621281022,0.14461739695507062,0.0883796444538094,0.6,0.08,40.0,1.0,0.008281590788479648,0.020916549520677796,0.012352063552023791,1.0,0.08,6.0,1.0,0.014629581153431095,0.03003953461156776,0.01905548651115648,1.0,0.12
12_low_friction_mu_0p16_low_weave_p2l_v2:0078,12_low_friction_mu_0p16_low_weave_p2l_v2,26.437999999999946,26.837999999999944,20.0,1.0,0.006097598940314063,0.011316003189655387,0.007156479388438441,1.0,0.06,20.0,1.0,0.030700423605792716,0.04899771814679673,0.034878297174587125,1.0,0.08,40.0,1.0,0.009900371965391341,0.020916549520677796,0.012970512489682593,1.0,0.08,6.0,1.0,0.01012168662392913,0.021267095456473414,0.013496574040370713,1.0,0.12
12_low_friction_mu_0p16_low_weave_p2l_v2:0079,12_low_friction_mu_0p16_low_weave_p2l_v2,26.637999999999945,27.037999999999943,20.0,1.0,0.02986058365421359,0.1601753617356141,0.06811953944681995,0.85,0.06,20.0,1.0,0.034402048615496186,0.12174577542116402,0.057213005452208594,0.85,0.08,40.0,1.0,0.006068028543358223,0.014733222086784752,0.008741315696575639,1.0,0.08,6.0,1.0,0.02375536038606532,0.050753582568004746,0.030815246926703035,1.0,0.12
12_low_friction_mu_0p16_low_weave_p2l_v2:0080,12_low_friction_mu_0p16_low_weave_p2l_v2,26.837999999999944,27.237999999999943,20.0,1.0,0.05749982057868004,0.1601753617356141,0.0858195757753601,0.65,0.06,20.0,1.0,0.04322510239806118,0.12174577542116402,0.06454910121596324,0.8,0.08,40.0,1.0,0.007465258913073233,0.01589942563782197,0.009584799373960663,1.0,0.08,6.0,1.0,0.04245772295359399,0.06903734203917203,0.048930508180282134,1.0,0.12
12_low_friction_mu_0p16_low_weave_p2l_v2:0081,12_low_friction_mu_0p16_low_weave_p2l_v2,27.037999999999943,27.437999999999942,20.0,1.0,0.029389513938626592,0.09893531048154114,0.05228336404870571,0.8,0.06,20.0,1.0,0.018399134167948326,0.06302094937230744,0.03453301064860175,0.95,0.08,40.0,1.0,0.003718553081387822,0.010468238432844067,0.0057160590277092835,1.0,0.08,6.0,1.0,0.03169199191516318,0.06331472706041794,0.04084699260068627,1.0,0.12
12_low_friction_mu_0p16_low_weave_p2l_v2:0082,12_low_friction_mu_0p16_low_weave_p2l_v2,27.237999999999943,27.63799999999994,20.0,1.0,6.271544287372914e-05,1.3722785024033006e-05,0.00025636675732628437,1.0,0.06,20.0,1.0,3.1181211580852975e-05,6.827160660981681e-06,0.00012745471245304897,1.0,0.08,40.0,1.0,0.00018604284940205895,0.00038681145313099527,0.00024697806015579405,1.0,0.08,6.0,1.0,0.012652556707583085,0.02208752099941861,0.01497490151655039,1.0,0.12
12_low_friction_mu_0p16_low_weave_p2l_v2:0083,12_low_friction_mu_0p16_low_weave_p2l_v2,27.437999999999942,27.83799999999994,20.0,1.0,5.496987442617533e-29,8.866108778415333e-29,6.091216763419898e-29,1.0,0.06,20.0,1.0,6.94735456302595e-30,1.1205410585525669e-29,7.698369883045364e-30,1.0,0.08,40.0,1.0,0.00018239753282354591,0.00037056008073185694,0.00023015654509335364,1.0,0.08,6.0,1.0,0.009386339713379049,0.01562657702027026,0.010716635932275764,1.0,0.12
12_low_friction_mu_0p16_low_weave_p2l_v2:0084,12_low_friction_mu_0p16_low_weave_p2l_v2,27.63799999999994,28.03799999999994,20.0,1.0,0.0013328822488072455,0.0041890545667615285,0.0035823475252598643,1.0,0.06,20.0,1.0,0.0006648292121517851,0.002086048034351088,0.001788026103986156,1.0,0.08,40.0,1.0,0.0008805128235759369,0.0028421060589405626,0.001860797417270281,1.0,0.08,6.0,1.0,0.014806168873253317,0.02932704150585659,0.019984145341987933,1.0,0.12
12_low_friction_mu_0p16_low_weave_p2l_v2:0085,12_low_friction_mu_0p16_low_weave_p2l_v2,27.83799999999994,28.23799999999994,20.0,1.0,0.07454053318269108,0.1801306786910951,0.1066279735976674,0.5,0.06,20.0,1.0,0.1193216604505177,0.2548604351666542,0.16830415081001243,0.5,0.08,40.0,1.0,0.0015423850798501075,0.004182019267013751,0.0024574353295596374,1.0,0.08,6.0,1.0,0.020209644126017313,0.039041232476974316,0.02477822649582111,1.0,0.12
12_low_friction_mu_0p16_low_weave_p2l_v2:0086,12_low_friction_mu_0p16_low_weave_p2l_v2,28.03799999999994,28.43799999999994,20.0,1.0,0.09853665811326687,0.1801306786910951,0.11290940706615106,0.35,0.06,20.0,1.0,0.23263065166740565,0.26457131422008306,0.23421979545220575,0.0,0.08,40.0,1.0,0.004491514888611226,0.014709135858223126,0.0074428149715756965,1.0,0.08,6.0,1.0,0.014062856378403281,0.025115808334202218,0.017199233103088556,1.0,0.12
12_low_friction_mu_0p16_low_weave_p2l_v2:0087,12_low_friction_mu_0p16_low_weave_p2l_v2,28.23799999999994,28.637999999999938,20.0,1.0,0.03364436989239293,0.06241178318895674,0.039517403754010055,0.85,0.06,20.0,1.0,0.16154046105700864,0.2606943323627816,0.17822901910967182,0.2,0.08,40.0,1.0,0.004616198256922436,0.014709135858223126,0.0076017992654727334,1.0,0.08,6.0,1.0,0.007292417074995987,0.01009944613010598,0.007960389561990164,1.0,0.12
12_low_friction_mu_0p16_low_weave_p2l_v2:0088,12_low_friction_mu_0p16_low_weave_p2l_v2,28.43799999999994,28.837999999999937,20.0,1.0,0.009167362108753905,0.02388587865008003,0.013094294586133965,1.0,0.06,20.0,1.0,0.05581913119806853,0.12935836431500808,0.0733908360278803,0.7,0.08,40.0,1.0,0.0021405374015538445,0.007195553190797114,0.0038623986963056355,1.0,0.08,6.0,1.0,0.014055566763296732,0.028269501008749046,0.0178834474740453,1.0,0.12
12_low_friction_mu_0p16_low_weave_p2l_v2:0089,12_low_friction_mu_0p16_low_weave_p2l_v2,28.637999999999938,29.037999999999936,20.0,1.0,0.002944396014377479,0.004764938295218827,0.004342938697845558,1.0,0.06,20.0,1.0,0.014113316129452966,0.021974844057315236,0.015237138834322804,1.0,0.08,40.0,1.0,0.002576082709104953,0.008871036638927812,0.004777651114083545,1.0,0.08,6.0,1.0,0.02059450484340027,0.030039665791347425,0.022705066469693894,1.0,0.12
12_low_friction_mu_0p16_low_weave_p2l_v2:0090,12_low_friction_mu_0p16_low_weave_p2l_v2,28.837999999999937,29.237999999999936,20.0,1.0,0.05164891154976411,0.1508420410107764,0.07985056706305915,0.65,0.06,20.0,1.0,0.045910106005371924,0.12599897927804138,0.06632527897335418,0.75,0.08,40.0,1.0,0.006202955666104109,0.016295199038011292,0.009280227273944093,1.0,0.08,6.0,1.0,0.017318190306553197,0.025409686507867152,0.018570502849848895,1.0,0.12
12_low_friction_mu_0p16_low_weave_p2l_v2:0091,12_low_friction_mu_0p16_low_weave_p2l_v2,29.037999999999936,29.437999999999935,20.0,1.0,0.05157601120822107,0.1508420410107764,0.07993213319425915,0.65,0.06,20.0,1.0,0.04087047719572297,0.12599897927804138,0.06580168323005567,0.75,0.08,40.0,1.0,0.005605610651728437,0.016295199038011292,0.008832984195412525,1.0,0.08,7.0,1.0,0.013764446834306984,0.024540618972096147,0.016628070388297004,1.0,0.12
12_low_friction_mu_0p16_low_weave_p2l_v2:0092,12_low_friction_mu_0p16_low_weave_p2l_v2,29.237999999999936,29.637999999999934,20.0,1.0,0.0020194962770969313,0.006189300424156457,0.005496904374121162,1.0,0.06,20.0,1.0,0.0008211967497047957,0.0016617624041947118,0.0025564204767750277,1.0,0.08,40.0,1.0,0.000820053292639398,0.0013048252727898416,0.0021986374338339282,1.0,0.08,7.0,1.0,0.011124620098148347,0.020246382335591236,0.014755254007993978,1.0,0.12
12_low_friction_mu_0p16_low_weave_p2l_v2:0093,12_low_friction_mu_0p16_low_weave_p2l_v2,29.437999999999935,29.837999999999933,20.0,1.0,6.492660023721704e-15,4.637614302658541e-15,2.135317981258713e-14,1.0,0.06,20.0,1.0,4.106563574039655e-16,2.933259695742667e-16,1.3505741882050093e-15,1.0,0.08,40.0,1.0,0.00018514338604716805,0.0003588147450320251,0.00023004674940934483,1.0,0.08,6.0,1.0,0.019795793449543703,0.04248251050596345,0.026862183076736327,1.0,0.12
12_low_friction_mu_0p16_low_weave_p2l_v2:0094,12_low_friction_mu_0p16_low_weave_p2l_v2,29.637999999999934,30.037999999999933,20.0,1.0,1.0566204678622172e-28,1.7908821489190034e-28,1.190633621699813e-28,1.0,0.06,20.0,1.0,0.0,0.0,0.0,1.0,0.08,40.0,1.0,0.00017867401096594268,0.00034973041496640415,0.00022173196738926125,1.0,0.08,6.0,1.0,0.028949957463741533,0.049244583904060155,0.03399813333631481,1.0,0.12
12_low_friction_mu_0p16_low_weave_p2l_v2:0095,12_low_friction_mu_0p16_low_weave_p2l_v2,29.837999999999933,30.237999999999932,20.0,1.0,1.1103469323297877e-28,1.7908821489190034e-28,1.2303764412819015e-28,1.0,0.06,20.0,1.0,0.0,0.0,0.0,1.0,0.08,40.0,1.0,0.00015650919668470177,0.0003406712492064952,0.00020164546958354864,1.0,0.08,6.0,1.0,0.018488414239298447,0.03745108609092747,0.023295237153124076,1.0,0.12
12_low_friction_mu_0p16_low_weave_p2l_v2:0096,12_low_friction_mu_0p16_low_weave_p2l_v2,30.037999999999933,30.43799999999993,20.0,1.0,1.2357086827541165e-28,1.7908821489190039e-28,1.3377781767523175e-28,1.0,0.06,20.0,1.0,0.0,0.0,0.0,1.0,0.08,40.0,1.0,0.00016459556637960488,0.0003158034521474937,0.00019753421330827848,1.0,0.08,6.0,1.0,0.011612288832425635,0.022266520436511963,0.01510113159423953,1.0,0.12
12_low_friction_mu_0p16_low_weave_p2l_v2:0097,12_low_friction_mu_0p16_low_weave_p2l_v2,30.237999999999932,30.63799999999993,20.0,1.0,0.03426363297542566,0.13557877275364888,0.06734011264832734,0.75,0.06,20.0,1.0,0.001549565086185737,0.005590590373621654,0.003095777822513302,1.0,0.08,40.0,1.0,0.00044038818085467705,0.0011829726296098673,0.0006750128495671176,1.0,0.08,6.0,1.0,0.021447599072646196,0.0513480524365765,0.03257350169157882,1.0,0.12
12_low_friction_mu_0p16_low_weave_p2l_v2:0098,12_low_friction_mu_0p16_low_weave_p2l_v2,30.43799999999993,30.83799999999993,20.0,1.0,0.06081662338709241,0.13557877275364888,0.0805215350945085,0.55,0.06,20.0,1.0,0.009730903607931175,0.01947587810305239,0.012169052292586822,1.0,0.08,40.0,1.0,0.0021799916342022953,0.007848550438490517,0.003950244023021469,1.0,0.08,6.0,1.0,0.03498597485855459,0.07283361410494582,0.04457333089002681,1.0,0.12
12_low_friction_mu_0p16_low_weave_p2l_v2:0099,12_low_friction_mu_0p16_low_weave_p2l_v2,30.63799999999993,31.03799999999993,20.0,1.0,0.026944208251745268,0.08309476032760442,0.04416315153378354,0.8,0.06,20.0,1.0,0.00916794476428265,0.01947587810305239,0.012027030831422167,1.0,0.08,40.0,1.0,0.002670041253277939,0.008755587127166503,0.004447811768359006,1.0,0.08,6.0,1.0,0.030182584405823307,0.05915067257765881,0.03833183684091163,1.0,0.12
12_low_friction_mu_0p16_low_weave_p2l_v2:0100,12_low_friction_mu_0p16_low_weave_p2l_v2,30.83799999999993,31.23799999999993,20.0,1.0,0.00040122729307375676,0.0008368928294287862,0.0011650370326644621,1.0,0.06,20.0,1.0,0.001057118689492791,0.003312456455343275,0.0024814151722321906,1.0,0.08,40.0,1.0,0.0009453549937759262,0.0028941841350331363,0.0021551639110985953,1.0,0.08,6.0,1.0,0.03398513483426472,0.05813380271077612,0.04081944757974591,1.0,0.12
12_low_friction_mu_0p16_low_weave_p2l_v2:0101,12_low_friction_mu_0p16_low_weave_p2l_v2,31.03799999999993,31.437999999999928,20.0,1.0,2.0019160753742548e-05,2.0019547970420713e-05,2.0019160755898606e-05,1.0,0.06,20.0,1.0,0.00014102268965482208,0.0001410260401165028,0.00014102268967773374,1.0,0.08,40.0,1.0,0.0001942290033695491,0.0003522318389179867,0.00022950699763620998,1.0,0.08,6.0,1.0,0.05027801154935751,0.09143704783097881,0.059522334656206974,1.0,0.12
12_low_friction_mu_0p16_low_weave_p2l_v2:0102,12_low_friction_mu_0p16_low_weave_p2l_v2,31.23799999999993,31.637999999999927,20.0,1.0,2.0019670219507957e-05,2.002005735664558e-05,2.001967022166287e-05,1.0,0.06,20.0,1.0,0.00014101828113566214,0.0001410216316169152,0.00014101828115857466,1.0,0.08,40.0,1.0,0.00016018916745421055,0.000297133920139206,0.00018999831868043394,1.0,0.08,6.0,1.0,0.041047838551260714,0.07504246633797867,0.05236499924069168,1.0,0.12
12_low_friction_mu_0p16_low_weave_p2l_v2:0103,12_low_friction_mu_0p16_low_weave_p2l_v2,31.437999999999928,31.837999999999926,20.0,1.0,2.002017960121838e-05,2.0020566713777056e-05,2.0020179603372855e-05,1.0,0.06,20.0,1.0,0.00014101387261997712,0.00014101722308681756,0.00014101387264289013,1.0,0.08,40.0,1.0,0.0001595940710640231,0.00034938776079956245,0.00019922339148579948,1.0,0.08,6.0,1.0,0.03160575926532168,0.05537959608221707,0.03805072674729135,1.0,0.12
12_low_friction_mu_0p16_low_weave_p2l_v2:0104,12_low_friction_mu_0p16_low_weave_p2l_v2,31.637999999999927,32.037999999999926,20.0,1.0,2.0020688943786502e-05,2.002107602616099e-05,2.0020688945940656e-05,1.0,0.06,20.0,1.0,0.00014100946412624722,0.00014101281457566626,0.00014100946414916072,1.0,0.08,40.0,1.0,0.00017231018188844325,0.00034938776079956245,0.00021338908093983296,1.0,0.08,6.0,1.0,0.02251036614754524,0.04884367395410223,0.03282877274409468,1.0,0.12
12_low_friction_mu_0p16_low_weave_p2l_v2:0105,12_low_friction_mu_0p16_low_weave_p2l_v2,31.837999999999926,32.23799999999993,20.0,1.0,2.0021198252752336e-05,2.0021585307192223e-05,2.0021198254906114e-05,1.0,0.06,20.0,1.0,0.00014100505565842504,0.000141008406086854,0.00014100505568133897,1.0,0.08,40.0,1.0,0.00015800139676779563,0.00031664164020194077,0.0001900486546653869,1.0,0.08,6.0,1.0,0.009978085141906762,0.025008140484313324,0.014724168781706667,1.0,0.12
12_low_friction_mu_0p16_low_weave_p2l_v2:0106,12_low_friction_mu_0p16_low_weave_p2l_v2,32.037999999999926,32.437999999999924,20.0,1.0,2.0021707525509636e-05,2.0022094558622138e-05,2.0021707527663072e-05,1.0,0.06,20.0,1.0,0.0001410006472167877,0.00014100399762597904,0.00014100064723970209,1.0,0.08,40.0,1.0,0.00017023721305183494,0.00031113774366713163,0.00020643350366409934,1.0,0.08,6.0,1.0,0.025170813403267905,0.05197055292977236,0.03266476492726692,1.0,0.12
12_low_friction_mu_0p16_low_weave_p2l_v2:0107,12_low_friction_mu_0p16_low_weave_p2l_v2,32.23799999999993,32.63799999999993,20.0,1.0,2.0022216771321822e-05,2.0022603785102566e-05,2.0022216773475044e-05,1.0,0.06,20.0,1.0,0.00014099623880027288,0.00014099958919021547,0.0001409962388231877,1.0,0.08,40.0,1.0,0.00017218235934881592,0.00029834159717199695,0.0002081857659928746,1.0,0.08,6.0,1.0,0.02932472176876898,0.05197055292977236,0.033686218094599506,1.0,0.12
12_low_friction_mu_0p16_low_weave_p2l_v2:0108,12_low_friction_mu_0p16_low_weave_p2l_v2,32.437999999999924,32.83799999999992,20.0,1.0,2.0022725988427804e-05,2.0023112971420675e-05,2.002272599058063e-05,1.0,0.06,20.0,1.0,0.00014099183040926344,0.00014099518078011127,0.0001409918304321787,1.0,0.08,40.0,1.0,0.00015751277632158726,0.00030760981783856226,0.00019303091424198126,1.0,0.08,6.0,1.0,0.0282894705091473,0.06083106322110296,0.04210881461700427,1.0,0.12
12_low_friction_mu_0p16_low_weave_p2l_v2:0109,12_low_friction_mu_0p16_low_weave_p2l_v2,32.63799999999992,33.03799999999992,20.0,1.0,0.00024707000670478875,0.0001664389465134432,0.0008233501791978595,1.0,0.06,20.0,1.0,0.0003147632743142637,0.00025581740288321304,0.0006643425856241838,1.0,0.08,40.0,1.0,0.0003851813547293008,0.000534090295657205,0.0008219897241904503,1.0,0.08,6.0,1.0,0.029456048766545465,0.06717979052296905,0.04355689107906133,1.0,0.12
12_low_friction_mu_0p16_low_weave_p2l_v2:0110,12_low_friction_mu_0p16_low_weave_p2l_v2,32.83799999999992,33.23799999999992,20.0,1.0,0.035461942957259754,0.10665410381909445,0.05812510327453011,0.7,0.06,20.0,1.0,0.005168247117893522,0.012707192773511245,0.007282408020073105,1.0,0.08,40.0,1.0,0.0028482005867513493,0.007571111096338352,0.004522594531148872,1.0,0.08,6.0,1.0,0.02039155029935624,0.04534008731759853,0.02777463831028269,1.0,0.12
12_low_friction_mu_0p16_low_weave_p2l_v2:0111,12_low_friction_mu_0p16_low_weave_p2l_v2,33.037999999999926,33.437999999999924,20.0,1.0,0.037245666551011726,0.10665410381909445,0.05837826389057956,0.7,0.06,20.0,1.0,0.005284815271501542,0.012707192773511245,0.007318638918962877,1.0,0.08,40.0,1.0,0.0028884829059251807,0.007571111096338352,0.004524719770705618,1.0,0.08,6.0,1.0,0.019635144963413887,0.04125583451040207,0.026619093719501094,1.0,0.12
13_low_friction_mu_0p10_variable_s_p2l_v2:0000,13_low_friction_mu_0p10_variable_s_p2l_v2,13.26,13.66,20.0,1.0,0.0028486481070563703,0.007083494633077831,0.004480038140262328,1.0,0.06,20.0,1.0,5.171141006994483e-16,5.820012757047165e-16,5.207053433924704e-16,1.0,0.08,40.0,1.0,0.0001809627598113969,0.00032788190276758007,0.00021604919157747147,1.0,0.08,6.0,1.0,0.01714209104783715,0.039086601175440355,0.02442253339021486,1.0,0.12
13_low_friction_mu_0p10_variable_s_p2l_v2:0001,13_low_friction_mu_0p10_variable_s_p2l_v2,13.459999999999999,13.86,20.0,1.0,0.0028486465754807315,0.0070834921530092635,0.0044800370571090814,1.0,0.06,20.0,1.0,5.974462080517325e-16,6.407538388193568e-16,5.984834125171308e-16,1.0,0.08,40.0,1.0,0.00016223701576646013,0.0002703602960006236,0.00018611893705462016,1.0,0.08,6.0,1.0,0.015110187857508986,0.02977818451375923,0.019194054999036855,1.0,0.12
13_low_friction_mu_0p10_variable_s_p2l_v2:0002,13_low_friction_mu_0p10_variable_s_p2l_v2,13.659999999999998,14.059999999999999,20.0,1.0,0.0028486463726935486,0.007083491981314994,0.0044800369405074,1.0,0.06,20.0,1.0,6.566439728150884e-16,7.152847355693319e-16,6.577728290187164e-16,1.0,0.08,40.0,1.0,0.0001494707025082445,0.00026808185568272334,0.00016924473390052028,1.0,0.08,7.0,1.0,0.018179949468559137,0.0357144116712001,0.022183376643117838,1.0,0.12
13_low_friction_mu_0p10_variable_s_p2l_v2:0003,13_low_friction_mu_0p10_variable_s_p2l_v2,13.859999999999998,14.259999999999998,20.0,1.0,0.002848646345124893,0.007083491947479944,0.004480036924579271,1.0,0.06,20.0,1.0,7.39100809099152e-16,8.126865183110446e-16,7.414637173836029e-16,1.0,0.08,40.0,1.0,0.0001414686746400641,0.000268297928442235,0.0001727230048177881,1.0,0.08,7.0,1.0,0.016953693523953074,0.02884497717108077,0.020198669612465848,1.0,0.12
13_low_friction_mu_0p10_variable_s_p2l_v2:0004,13_low_friction_mu_0p10_variable_s_p2l_v2,14.059999999999997,14.459999999999997,20.0,1.0,0.002848646341436785,0.007083491942409689,0.004480036921755923,1.0,0.06,20.0,1.0,8.47769469414052e-16,9.356504393138774e-16,8.501731753232696e-16,1.0,0.08,40.0,1.0,0.0001248848895274093,0.00024195346525655357,0.0001584316139964612,1.0,0.08,6.0,1.0,0.014671069071009674,0.022316654517720386,0.016571853618914674,1.0,0.12
13_low_friction_mu_0p10_variable_s_p2l_v2:0005,13_low_friction_mu_0p10_variable_s_p2l_v2,14.259999999999996,14.659999999999997,20.0,1.0,0.002848646340934306,0.0070834919418407746,0.004480036921519298,1.0,0.06,20.0,1.0,9.758015580739315e-16,1.0860251878552445e-15,9.792156736530334e-16,1.0,0.08,40.0,1.0,0.0001353904404228363,0.00023836149599636963,0.00016530738580984987,1.0,0.08,6.0,1.0,0.02126228108415433,0.0427552825478664,0.027193788386268854,1.0,0.12
13_low_friction_mu_0p10_variable_s_p2l_v2:0006,13_low_friction_mu_0p10_variable_s_p2l_v2,14.459999999999996,14.859999999999996,20.0,1.0,0.0028486463408995966,0.007083491941821107,0.004480036921493879,1.0,0.06,20.0,1.0,1.1237027645599544e-15,1.2419279249919047e-15,1.127447728218021e-15,1.0,0.08,40.0,1.0,0.00016935300543176644,0.00037551705611107495,0.00020885970720617455,1.0,0.08,6.0,1.0,0.01749783920646554,0.0427552825478664,0.025338820461076297,1.0,0.12
13_low_friction_mu_0p10_variable_s_p2l_v2:0007,13_low_friction_mu_0p10_variable_s_p2l_v2,14.659999999999995,15.059999999999995,20.0,1.0,0.0028486463408995966,0.007083491941821091,0.0044800369214938775,1.0,0.06,20.0,1.0,1.2851084460856369e-15,1.4115832409390813e-15,1.2890891109059702e-15,1.0,0.08,40.0,1.0,0.00016533106593871822,0.0003626883227452023,0.00020497738573330824,1.0,0.08,6.0,1.0,0.006901728460269522,0.01491897957612974,0.009178699518241367,1.0,0.12
13_low_friction_mu_0p10_variable_s_p2l_v2:0008,13_low_friction_mu_0p10_variable_s_p2l_v2,14.859999999999994,15.259999999999994,20.0,1.0,0.002848646340899705,0.007083491941821377,0.004480036921493994,1.0,0.06,20.0,1.0,1.4592926645617085e-15,1.5941878058446876e-15,1.4629480908534256e-15,1.0,0.08,40.0,1.0,0.00013920319942962712,0.0002638929306438604,0.00017331395613077988,1.0,0.08,6.0,1.0,0.023047772961375824,0.04080105885698036,0.02809825663780587,1.0,0.12
13_low_friction_mu_0p10_variable_s_p2l_v2:0009,13_low_friction_mu_0p10_variable_s_p2l_v2,15.059999999999993,15.459999999999994,20.0,1.0,0.002848646340899917,0.007083491941821377,0.004480036921494187,1.0,0.06,20.0,1.0,1.6541396931994946e-15,1.8360350281786774e-15,1.6588915770306178e-15,1.0,0.08,40.0,1.0,0.0001363909058017951,0.0002526299726515659,0.00017251263130751315,1.0,0.08,6.0,1.0,0.03813835063989999,0.04826354198553949,0.03886090799727065,1.0,0.12
13_low_friction_mu_0p10_variable_s_p2l_v2:0010,13_low_friction_mu_0p10_variable_s_p2l_v2,15.259999999999993,15.659999999999993,20.0,1.0,0.002848646340899613,0.007083491941821091,0.00448003692149391,1.0,0.06,20.0,1.0,1.8945480880358463e-15,2.1019613467973057e-15,1.9009507435886838e-15,1.0,0.08,40.0,1.0,0.0001625673299100242,0.00031424778266437323,0.00019957018882862167,1.0,0.08,6.0,1.0,0.03635038993833598,0.05156262062736924,0.0395838777480408,1.0,0.12
13_low_friction_mu_0p10_variable_s_p2l_v2:0011,13_low_friction_mu_0p10_variable_s_p2l_v2,15.459999999999992,15.859999999999992,20.0,1.0,0.0028486463408996035,0.007083491941821091,0.00448003692149389,1.0,0.06,20.0,1.0,2.1759562193208616e-15,2.375909940750857e-15,2.18263110760149e-15,1.0,0.08,40.0,1.0,0.0001632364220726784,0.000288644708162774,0.00019550262742207592,1.0,0.08,6.0,1.0,0.029633669460565323,0.052098851318919115,0.03594224803581504,1.0,0.12
13_low_friction_mu_0p10_variable_s_p2l_v2:0012,13_low_friction_mu_0p10_variable_s_p2l_v2,15.659999999999991,16.05999999999999,20.0,1.0,0.002495742540822787,0.007083491941821091,0.004190700444073416,1.0,0.06,20.0,1.0,2.4867781811191223e-15,2.7669947909389334e-15,2.49456509578785e-15,1.0,0.08,40.0,1.0,0.00015444764429531704,0.0002725690539898757,0.00018801754129437102,1.0,0.08,6.0,1.0,0.021314986259287457,0.03696731250298872,0.025810152518699597,1.0,0.12
13_low_friction_mu_0p10_variable_s_p2l_v2:0013,13_low_friction_mu_0p10_variable_s_p2l_v2,15.85999999999999,16.25999999999999,20.0,1.0,0.0010841273405158766,0.0070834919418189144,0.0027435247015458837,1.0,0.06,20.0,1.0,2.8459844119767996e-15,3.1486242971693824e-15,2.855281320686411e-15,1.0,0.08,40.0,1.0,0.00017901538823962627,0.00035481485379036074,0.000219767902184573,1.0,0.08,6.0,1.0,0.021593180152202827,0.037445912535888734,0.025786147894401156,1.0,0.12
13_low_friction_mu_0p10_variable_s_p2l_v2:0014,13_low_friction_mu_0p10_variable_s_p2l_v2,16.059999999999988,16.459999999999987,20.0,1.0,2.5415940285981875e-05,2.541594028646066e-05,2.5415940285981875e-05,1.0,0.06,20.0,1.0,3.258964551494707e-15,3.595629595965449e-15,3.268594482224639e-15,1.0,0.08,40.0,1.0,0.00017910601396196215,0.00035069652822797384,0.00022631198880132506,1.0,0.08,6.0,1.0,0.026707985157018527,0.045042631221939466,0.03194956999152373,1.0,0.12
13_low_friction_mu_0p10_variable_s_p2l_v2:0015,13_low_friction_mu_0p10_variable_s_p2l_v2,16.25999999999999,16.65999999999999,20.0,1.0,2.5415940285650197e-05,2.541594028638572e-05,2.5415940285650197e-05,1.0,0.06,20.0,1.0,3.7291422081734234e-15,4.1263096799702984e-15,3.74052220423624e-15,1.0,0.08,40.0,1.0,0.00018304239219235464,0.0003916175757101936,0.00023062502862548933,1.0,0.08,6.0,1.0,0.023801301938908174,0.03935674355970023,0.02808334690066569,1.0,0.12
13_low_friction_mu_0p10_variable_s_p2l_v2:0016,13_low_friction_mu_0p10_variable_s_p2l_v2,16.459999999999987,16.859999999999985,20.0,1.0,2.5415940285632155e-05,2.541594028638572e-05,2.541594028563216e-05,1.0,0.06,20.0,1.0,4.259008521555421e-15,4.689529617783947e-15,4.271128155817748e-15,1.0,0.08,40.0,1.0,0.00018408002694581495,0.0003916175757101936,0.00022693890381368366,1.0,0.08,6.0,1.0,0.01653741575565838,0.028308677405161062,0.01990709468251216,1.0,0.12
13_low_friction_mu_0p10_variable_s_p2l_v2:0017,13_low_friction_mu_0p10_variable_s_p2l_v2,16.65999999999999,17.059999999999988,20.0,1.0,2.541594028563493e-05,2.541594028638572e-05,2.5415940285634934e-05,1.0,0.06,20.0,1.0,4.848138613854194e-15,5.332724281831328e-15,4.86156184108984e-15,1.0,0.08,40.0,1.0,0.00017448995495503177,0.00032351898480930216,0.0002078862595668288,1.0,0.08,6.0,1.0,0.019890067067826228,0.041158198614884595,0.02763990063560744,1.0,0.12
13_low_friction_mu_0p10_variable_s_p2l_v2:0018,13_low_friction_mu_0p10_variable_s_p2l_v2,16.859999999999985,17.259999999999984,20.0,1.0,2.5415940285657136e-05,2.541594028646066e-05,2.5415940285657136e-05,1.0,0.06,20.0,1.0,5.5375443282991446e-15,6.107486152123387e-15,5.554152156106029e-15,1.0,0.08,40.0,1.0,0.00017928784664401058,0.0003331601398853788,0.00023082828069045233,1.0,0.08,6.0,1.0,0.021060816901404985,0.04173657842785013,0.02798924198503264,1.0,0.12
13_low_friction_mu_0p10_variable_s_p2l_v2:0019,13_low_friction_mu_0p10_variable_s_p2l_v2,17.059999999999988,17.459999999999987,20.0,1.0,2.5415940285983264e-05,2.5415940286435678e-05,2.5415940285983264e-05,1.0,0.06,20.0,1.0,6.313287954438987e-15,6.9459971666904715e-15,6.330304314595315e-15,1.0,0.08,40.0,1.0,0.00016779501634568952,0.00035171307089027013,0.00022918753177351002,1.0,0.08,6.0,1.0,0.018374179245163113,0.034343975578595504,0.02299786077923908,1.0,0.12
13_low_friction_mu_0p10_variable_s_p2l_v2:0020,13_low_friction_mu_0p10_variable_s_p2l_v2,17.259999999999984,17.659999999999982,20.0,1.0,0.007467971715169467,0.024668905435796206,0.019971975173485194,0.95,0.06,20.0,1.0,6.979278794725071e-15,7.610210082808624e-15,6.996874798669818e-15,1.0,0.08,40.0,1.0,0.00017017132721479285,0.0003509975253859751,0.00021248502068283576,1.0,0.08,6.0,1.0,0.02047790498272338,0.04186631536132483,0.025732901215844588,1.0,0.12
13_low_friction_mu_0p10_variable_s_p2l_v2:0021,13_low_friction_mu_0p10_variable_s_p2l_v2,17.459999999999987,17.859999999999985,20.0,1.0,0.02654116060684516,0.0763123831687696,0.04709612751064726,0.8,0.06,20.0,1.0,4.342089645214206e-15,7.610210082808624e-15,5.374280556768932e-15,1.0,0.08,40.0,1.0,0.00017209662520751705,0.0003462274286442584,0.00020879377371135202,1.0,0.08,6.0,1.0,0.021117789552836247,0.05170760147528573,0.031373092005813584,1.0,0.12
13_low_friction_mu_0p10_variable_s_p2l_v2:0022,13_low_friction_mu_0p10_variable_s_p2l_v2,17.659999999999982,18.05999999999998,20.0,1.0,0.01908589686186808,0.07468998740575199,0.042651679417742124,0.85,0.06,20.0,1.0,7.189388301970624e-16,2.839257058302704e-15,1.575759359549532e-15,1.0,0.08,40.0,1.0,0.00013620065478936756,0.00029452444051256404,0.00016749058707737292,1.0,0.08,6.0,1.0,0.0281402000169355,0.06180907750506259,0.03826505291164035,1.0,0.12
13_low_friction_mu_0p10_variable_s_p2l_v2:0023,13_low_friction_mu_0p10_variable_s_p2l_v2,17.859999999999985,18.259999999999984,20.0,1.0,4.939483165923201e-14,1.8972702197185118e-13,9.460438476923709e-14,1.0,0.06,20.0,1.0,3.405713245371181e-19,1.2600455967079132e-18,6.246551593781733e-19,1.0,0.08,40.0,1.0,0.00011058140891826365,0.00021427508481285744,0.00013431024815629803,1.0,0.08,6.0,1.0,0.03178046732336143,0.05052134659331729,0.03570086903212484,1.0,0.12
13_low_friction_mu_0p10_variable_s_p2l_v2:0024,13_low_friction_mu_0p10_variable_s_p2l_v2,18.05999999999998,18.45999999999998,20.0,1.0,6.275029927894395e-29,8.964328468420537e-29,6.779782721955665e-29,1.0,0.06,20.0,1.0,4.458676931942588e-43,6.3695384742036775e-43,4.817325363117437e-43,1.0,0.08,40.0,1.0,0.00014947523864866082,0.00028443383824677094,0.0001977533514140557,1.0,0.08,6.0,1.0,0.02795552063597941,0.04828222565771037,0.03250553981083314,1.0,0.12
13_low_friction_mu_0p10_variable_s_p2l_v2:0025,13_low_friction_mu_0p10_variable_s_p2l_v2,18.259999999999984,18.659999999999982,20.0,1.0,5.916456789157582e-29,8.964328468420537e-29,6.464269188598385e-29,1.0,0.06,20.0,1.0,4.2038953929744464e-43,6.3695384742036775e-43,4.593139513956419e-43,1.0,0.08,40.0,1.0,0.0001748071153236898,0.00040184824994158794,0.00023465869496776923,1.0,0.08,6.0,1.0,0.020942777354715128,0.040499954051787856,0.026451517456073242,1.0,0.12
13_low_friction_mu_0p10_variable_s_p2l_v2:0026,13_low_friction_mu_0p10_variable_s_p2l_v2,18.45999999999998,18.859999999999978,20.0,1.0,5.288953796368143e-29,8.964328468420535e-29,5.959761716819144e-29,1.0,0.06,20.0,1.0,3.758027699780188e-43,6.369538474203676e-43,4.234665394746986e-43,1.0,0.08,40.0,1.0,0.00015657533402997482,0.00039779825981014864,0.0002109724476319104,1.0,0.08,6.0,1.0,0.0219285296023647,0.028181866292084887,0.02335123172910148,1.0,0.12
13_low_friction_mu_0p10_variable_s_p2l_v2:0027,13_low_friction_mu_0p10_variable_s_p2l_v2,18.659999999999982,19.05999999999998,20.0,1.0,5.288953796368142e-29,8.964328468420535e-29,5.959761716819144e-29,1.0,0.06,20.0,1.0,3.758027699780187e-43,6.369538474203676e-43,4.234665394746986e-43,1.0,0.08,40.0,1.0,0.00015829448149265509,0.0003222506595734082,0.00019935483045801944,1.0,0.08,6.0,1.0,0.02341331573684434,0.028181866292084887,0.02495552164051757,1.0,0.12
13_low_friction_mu_0p10_variable_s_p2l_v2:0028,13_low_friction_mu_0p10_variable_s_p2l_v2,18.859999999999978,19.259999999999977,20.0,1.0,5.916456789157582e-29,8.964328468420535e-29,6.464269188598385e-29,1.0,0.06,20.0,1.0,4.2038953929744464e-43,6.369538474203676e-43,4.593139513956419e-43,1.0,0.08,40.0,1.0,0.00015791571708802455,0.0003268294690543143,0.00020360625688874677,1.0,0.08,6.0,1.0,0.020013090152508472,0.026938786494318724,0.02169283991401578,1.0,0.12
13_low_friction_mu_0p10_variable_s_p2l_v2:0029,13_low_friction_mu_0p10_variable_s_p2l_v2,19.05999999999998,19.45999999999998,20.0,1.0,6.275029927894395e-29,8.964328468420537e-29,6.779782721955665e-29,1.0,0.06,20.0,1.0,4.458676931942588e-43,6.3695384742036775e-43,4.817325363117437e-43,1.0,0.08,40.0,1.0,0.00016637008294998504,0.0003152916835061895,0.00021181915197986145,1.0,0.08,6.0,1.0,0.01766711508482893,0.02430368938536749,0.01854937892498926,1.0,0.12
13_low_friction_mu_0p10_variable_s_p2l_v2:0030,13_low_friction_mu_0p10_variable_s_p2l_v2,19.259999999999977,19.659999999999975,20.0,1.0,5.916456789157582e-29,8.964328468420537e-29,6.464269188598385e-29,1.0,0.06,20.0,1.0,4.2038953929744464e-43,6.3695384742036775e-43,4.593139513956419e-43,1.0,0.08,40.0,1.0,0.00015832108308182815,0.0003193686791108913,0.0002014636221239912,1.0,0.08,6.0,1.0,0.01826305518451697,0.03201469267352526,0.022702167499124265,1.0,0.12
13_low_friction_mu_0p10_variable_s_p2l_v2:0031,13_low_friction_mu_0p10_variable_s_p2l_v2,19.45999999999998,19.859999999999978,20.0,1.0,5.288953796368143e-29,8.964328468420535e-29,5.959761716819144e-29,1.0,0.06,20.0,1.0,3.758027699780188e-43,6.369538474203676e-43,4.234665394746986e-43,1.0,0.08,40.0,1.0,0.00017232620654041025,0.0003869450615119103,0.00022572038907769747,1.0,0.08,6.0,1.0,0.02154325021963359,0.04612290293189543,0.028018370213705197,1.0,0.12
13_low_friction_mu_0p10_variable_s_p2l_v2:0032,13_low_friction_mu_0p10_variable_s_p2l_v2,19.659999999999975,20.059999999999974,20.0,1.0,5.288953796368142e-29,8.964328468420535e-29,5.959761716819144e-29,1.0,0.06,20.0,1.0,3.758027699780187e-43,6.369538474203676e-43,4.234665394746986e-43,1.0,0.08,40.0,1.0,0.0001795180134420682,0.00034080925888667254,0.0002209514934020177,1.0,0.08,6.0,1.0,0.0164733585975965,0.031099840148518618,0.021766756595572742,1.0,0.12
13_low_friction_mu_0p10_variable_s_p2l_v2:0033,13_low_friction_mu_0p10_variable_s_p2l_v2,19.859999999999978,20.259999999999977,20.0,1.0,5.916456789157582e-29,8.964328468420535e-29,6.464269188598385e-29,1.0,0.06,20.0,1.0,4.2038953929744464e-43,6.369538474203676e-43,4.593139513956419e-43,1.0,0.08,40.0,1.0,0.00012387753331671628,0.0002522569249350581,0.00015502388372834016,1.0,0.08,6.0,1.0,0.020631485497087636,0.04268366506986528,0.03017794460726039,1.0,0.12
13_low_friction_mu_0p10_variable_s_p2l_v2:0034,13_low_friction_mu_0p10_variable_s_p2l_v2,20.059999999999974,20.459999999999972,20.0,1.0,6.275029927894395e-29,8.964328468420537e-29,6.779782721955665e-29,1.0,0.06,20.0,1.0,4.458676931942588e-43,6.3695384742036775e-43,4.817325363117437e-43,1.0,0.08,40.0,1.0,0.0001493338445803283,0.00030367061915311525,0.00019278340913702312,1.0,0.08,6.0,1.0,0.04047363963188711,0.06101728936762753,0.04642327224689042,1.0,0.12
13_low_friction_mu_0p10_variable_s_p2l_v2:0035,13_low_friction_mu_0p10_variable_s_p2l_v2,20.259999999999977,20.659999999999975,20.0,1.0,0.03227091231300575,0.10208471886247036,0.06302982046071111,0.75,0.06,20.0,1.0,1.578193306172573e-15,6.025585247942772e-15,3.1896476222476388e-15,1.0,0.08,40.0,1.0,0.0001839334898816809,0.0003882404119467753,0.00022371147212569786,1.0,0.08,7.0,1.0,0.05274381667643086,0.08276946940843424,0.060589154315004674,1.0,0.12
13_low_friction_mu_0p10_variable_s_p2l_v2:0036,13_low_friction_mu_0p10_variable_s_p2l_v2,20.459999999999972,20.85999999999997,20.0,1.0,0.03741585515152402,0.10208471886247036,0.06481897806351458,0.75,0.06,20.0,1.0,8.222243038658975e-15,1.4234678149966592e-14,9.957674239897254e-15,1.0,0.08,40.0,1.0,0.00014543571798336885,0.00032624856210765844,0.00018534437156642972,1.0,0.08,7.0,1.0,0.047116988325713836,0.08276946940843424,0.05707768490488639,1.0,0.12
13_low_friction_mu_0p10_variable_s_p2l_v2:0037,13_low_friction_mu_0p10_variable_s_p2l_v2,20.659999999999975,21.059999999999974,20.0,1.0,0.005162943831790984,0.012873410756479351,0.01512422883853669,1.0,0.06,20.0,1.0,1.481898461247784e-14,1.7134875531320196e-14,1.4933887085900465e-14,1.0,0.08,40.0,1.0,0.00014225243050195726,0.00027233001673722564,0.00017486387938825,1.0,0.08,6.0,1.0,0.029613881579626383,0.04896378071786425,0.03335250673797734,1.0,0.12
13_low_friction_mu_0p10_variable_s_p2l_v2:0038,13_low_friction_mu_0p10_variable_s_p2l_v2,20.85999999999997,21.25999999999997,20.0,1.0,3.600110049870875e-05,3.60028826493497e-05,3.6001100518835026e-05,1.0,0.06,20.0,1.0,1.8014793939977324e-14,2.0619911403256867e-14,1.8117016931670393e-14,1.0,0.08,40.0,1.0,0.0001312135356746278,0.00027233001673722564,0.00016733079594679056,1.0,0.08,6.0,1.0,0.022335800159784508,0.03448656048425586,0.02429930695332969,1.0,0.12
13_low_friction_mu_0p10_variable_s_p2l_v2:0039,13_low_friction_mu_0p10_variable_s_p2l_v2,21.059999999999974,21.459999999999972,20.0,1.0,3.600009573486163e-05,3.600033451378049e-05,3.600009573522293e-05,1.0,0.06,20.0,1.0,2.1690244157036758e-14,2.4858196343381857e-14,2.1814572623273376e-14,1.0,0.08,40.0,1.0,0.00013588709342874362,0.000313206210273747,0.0001732406611046378,1.0,0.08,6.0,1.0,0.02217410045105217,0.037753095987420854,0.025176744684237903,1.0,0.12
13_low_friction_mu_0p10_variable_s_p2l_v2:0040,13_low_friction_mu_0p10_variable_s_p2l_v2,21.25999999999997,21.659999999999968,20.0,1.0,3.5999961113661326e-05,3.599999310581192e-05,3.599996111366781e-05,1.0,0.06,20.0,1.0,2.6142948594465158e-14,2.996063120792748e-14,2.6294735373216876e-14,1.0,0.08,40.0,1.0,0.0001602187373909885,0.0002797999286285451,0.00018496161744644676,1.0,0.08,6.0,1.0,0.022949273367309342,0.03822123610932307,0.02577033375419189,1.0,0.12
13_low_friction_mu_0p10_variable_s_p2l_v2:0041,13_low_friction_mu_0p10_variable_s_p2l_v2,21.459999999999972,21.85999999999997,20.0,1.0,0.006192302240504885,0.021001505358526865,0.011630144720176558,1.0,0.06,20.0,1.0,3.255750410240839e-14,3.9802616869336204e-14,3.289941824911229e-14,1.0,0.08,40.0,1.0,0.00016006733287405342,0.00030187768256770953,0.0001869660727890086,1.0,0.08,6.0,1.0,0.023078517890984102,0.03206325191479023,0.024471234688671108,1.0,0.12
13_low_friction_mu_0p10_variable_s_p2l_v2:0042,13_low_friction_mu_0p10_variable_s_p2l_v2,21.659999999999968,22.059999999999967,20.0,1.0,0.12340489482041335,0.26710891943830933,0.16808584964416023,0.5,0.06,20.0,1.0,3.62444041930592e-14,4.1418610274923225e-14,3.648515362995583e-14,1.0,0.08,40.0,1.0,0.0001710772480284626,0.0003502812060719439,0.00021180832742288298,1.0,0.08,6.0,1.0,0.024667751145361266,0.036211978068203726,0.026857689035122083,1.0,0.12
13_low_friction_mu_0p10_variable_s_p2l_v2:0043,13_low_friction_mu_0p10_variable_s_p2l_v2,21.85999999999997,22.25999999999997,20.0,1.0,0.16324766708149221,0.26710891943830933,0.18236403006538765,0.15,0.06,20.0,1.0,2.534988355291531e-14,4.0783163854039814e-14,2.8092497632746754e-14,1.0,0.08,40.0,1.0,0.0001832422211481425,0.0003597149091538592,0.00022331173266719513,1.0,0.08,6.0,1.0,0.02361275456588717,0.04657664135893848,0.029993523215924456,1.0,0.12
13_low_friction_mu_0p10_variable_s_p2l_v2:0044,13_low_friction_mu_0p10_variable_s_p2l_v2,22.059999999999967,22.459999999999965,20.0,1.0,0.04804646269091476,0.13078982118558488,0.07187904061536934,0.65,0.06,20.0,1.0,7.70428902026649e-15,2.082794266785838e-14,1.1463607544160875e-14,1.0,0.08,40.0,1.0,0.0001760466014284133,0.0003597149091538592,0.00021562708934822218,1.0,0.08,6.0,1.0,0.01449684527807593,0.03401114954603274,0.022198157169497672,1.0,0.12
13_low_friction_mu_0p10_variable_s_p2l_v2:0045,13_low_friction_mu_0p10_variable_s_p2l_v2,22.25999999999997,22.659999999999968,20.0,1.0,0.0020293881619358528,0.006758980086353906,0.005248833249525413,1.0,0.06,20.0,1.0,3.3386905541627195e-16,1.1134820702635862e-15,8.630538137114724e-16,1.0,0.08,40.0,1.0,0.00016879315736147366,0.00030703137106599936,0.00020485206482256292,1.0,0.08,6.0,1.0,0.013282127305811768,0.023037090336323646,0.015634182234524716,1.0,0.12
13_low_friction_mu_0p10_variable_s_p2l_v2:0046,13_low_friction_mu_0p10_variable_s_p2l_v2,22.459999999999965,22.859999999999964,20.0,1.0,5.024281009846685e-06,0.0,2.2469267752156954e-05,1.0,0.06,20.0,1.0,3.810297156093657e-18,2.547815389681471e-42,1.7040166910999088e-17,1.0,0.08,40.0,1.0,0.00018521211480491888,0.00035937517102964086,0.00022946983609528791,1.0,0.08,6.0,1.0,0.016004586432013815,0.023784484765066293,0.017231940934406633,1.0,0.12
13_low_friction_mu_0p10_variable_s_p2l_v2:0047,13_low_friction_mu_0p10_variable_s_p2l_v2,22.659999999999968,23.059999999999967,20.0,1.0,0.07746270022785745,0.2604960688843739,0.14042386104544655,0.7,0.06,20.0,1.0,0.0839999999983487,0.2799999999944958,0.15336231609843132,0.7,0.08,40.0,1.0,0.00016175444468622882,0.0003621146908553763,0.00021245877119775597,1.0,0.08,6.0,1.0,0.020780390688025206,0.03669329011353552,0.025605712974836756,1.0,0.12
13_low_friction_mu_0p10_variable_s_p2l_v2:0048,13_low_friction_mu_0p10_variable_s_p2l_v2,22.859999999999964,23.259999999999962,20.0,1.0,0.17907420998336016,0.2604960688843739,0.2013956452757916,0.2,0.06,20.0,1.0,0.22399999999547876,0.2799999999944958,0.25043961347492133,0.2,0.08,40.0,1.0,0.00013326162434638495,0.0002444853424393519,0.00016407078258868116,1.0,0.08,6.0,1.0,0.02446625029696729,0.050019306707476605,0.030510204824448828,1.0,0.12
13_low_friction_mu_0p10_variable_s_p2l_v2:0049,13_low_friction_mu_0p10_variable_s_p2l_v2,23.059999999999967,23.459999999999965,20.0,1.0,0.1693423443289866,0.22085586442563077,0.1737942417541867,0.0,0.06,20.0,1.0,0.2799999999939117,0.27999999999448993,0.2799999999939117,0.0,0.08,40.0,1.0,0.00013858562630929947,0.0002444853424393519,0.0001673357987917026,1.0,0.08,6.0,1.0,0.03270400073786028,0.06158581500808877,0.040004364694233956,1.0,0.12
13_low_friction_mu_0p10_variable_s_p2l_v2:0050,13_low_friction_mu_0p10_variable_s_p2l_v2,23.259999999999962,23.65999999999996,20.0,1.0,0.10411725879628826,0.1530750942932423,0.11005172039858808,0.15,0.06,20.0,1.0,0.279932916368312,0.2799999999935675,0.2799329436633974,0.0,0.08,40.0,1.0,0.00017640237967783522,0.0003507601891057878,0.00021631022660348185,1.0,0.08,6.0,1.0,0.02640157598881263,0.053428688046347705,0.035559019107979796,1.0,0.12
13_low_friction_mu_0p10_variable_s_p2l_v2:0051,13_low_friction_mu_0p10_variable_s_p2l_v2,23.459999999999965,23.859999999999964,20.0,1.0,0.09544305106321099,0.1784849128139657,0.10731830289451656,0.3,0.06,20.0,1.0,0.21122054720840294,0.2799977705159416,0.24234089334824913,0.25,0.08,40.0,1.0,0.0002514538824624806,0.0004922957951008602,0.00029597622740387865,1.0,0.08,6.0,1.0,0.022394256634399354,0.045388573432130236,0.03207119547405536,1.0,0.12
13_low_friction_mu_0p10_variable_s_p2l_v2:0052,13_low_friction_mu_0p10_variable_s_p2l_v2,23.65999999999996,24.05999999999996,20.0,1.0,0.09657909899400065,0.1784849128139657,0.11139240900266334,0.35,0.06,20.0,1.0,0.07130023800313603,0.27949078331419946,0.13988086375690525,0.75,0.08,40.0,1.0,0.0002422955668332582,0.0004376813781333666,0.00028685753096693763,1.0,0.08,6.0,1.0,0.025121359014673272,0.0542155680655328,0.034578625015012125,1.0,0.12
13_low_friction_mu_0p10_variable_s_p2l_v2:0053,13_low_friction_mu_0p10_variable_s_p2l_v2,23.859999999999964,24.259999999999962,20.0,1.0,0.03844325812860131,0.11219481265053376,0.06038479474419598,0.7,0.06,20.0,1.0,1.2923916642152801e-05,3.751592070202128e-05,2.018024805088495e-05,1.0,0.08,40.0,1.0,0.00018447432966317676,0.0003387197108683285,0.00022021487492536527,1.0,0.08,6.0,1.0,0.01264334678204103,0.024159523293052123,0.016828279219877763,1.0,0.12
13_low_friction_mu_0p10_variable_s_p2l_v2:0054,13_low_friction_mu_0p10_variable_s_p2l_v2,24.05999999999996,24.459999999999958,20.0,1.0,0.0009157616939974033,0.0024549542351985885,0.002642802159705641,1.0,0.06,20.0,1.0,3.1675037867438833e-07,8.504085056330902e-07,9.137144227168608e-07,1.0,0.08,40.0,1.0,0.0001703271123943277,0.00033697033115228877,0.00020713497488220994,1.0,0.08,6.0,1.0,0.011944130060496336,0.021673182364076473,0.01493564443090769,1.0,0.12
13_low_friction_mu_0p10_variable_s_p2l_v2:0055,13_low_friction_mu_0p10_variable_s_p2l_v2,24.259999999999962,24.65999999999996,20.0,1.0,5.916456757195746e-29,8.964328419993516e-29,6.464269153677162e-29,1.0,0.06,20.0,1.0,3.611118645726063e-33,5.471391887463707e-33,3.945476799681631e-33,1.0,0.08,40.0,1.0,0.00019362653069503617,0.0003691047896123679,0.0002272648977495439,1.0,0.08,6.0,1.0,0.009444737961581406,0.020124800775045835,0.013743491930383172,1.0,0.12
13_low_friction_mu_0p10_variable_s_p2l_v2:0056,13_low_friction_mu_0p10_variable_s_p2l_v2,24.459999999999958,24.859999999999957,20.0,1.0,5.288953767796199e-29,8.964328419993513e-29,5.959761684623369e-29,1.0,0.06,20.0,1.0,3.228121213603603e-33,5.4713918874637056e-33,3.637549875988247e-33,1.0,0.08,40.0,1.0,0.00021133354139693953,0.00037590618215760564,0.0002423398209975349,1.0,0.08,6.0,1.0,0.005500050787277247,0.010383076202524075,0.006972397741748969,1.0,0.12
13_low_friction_mu_0p10_variable_s_p2l_v2:0057,13_low_friction_mu_0p10_variable_s_p2l_v2,24.65999999999996,25.05999999999996,20.0,1.0,5.2889537677962e-29,8.964328419993513e-29,5.959761684623369e-29,1.0,0.06,20.0,1.0,3.228121213603602e-33,5.4713918874637056e-33,3.637549875988247e-33,1.0,0.08,40.0,1.0,0.00017888082158486052,0.00037622609337278857,0.00022167496304048307,1.0,0.08,6.0,1.0,0.005446966486700781,0.011432449727369969,0.007225268534790877,1.0,0.12
13_low_friction_mu_0p10_variable_s_p2l_v2:0058,13_low_friction_mu_0p10_variable_s_p2l_v2,24.859999999999957,25.259999999999955,20.0,1.0,0.02739195561312895,0.03189817738838492,0.08487420409149399,0.9,0.06,20.0,1.0,0.028000599961208027,0.028002166848646252,0.08854505807800425,0.9,0.08,40.0,1.0,0.0001622327368855487,0.00037074799241648194,0.00021214587030340834,1.0,0.08,6.0,1.0,0.012387088761077315,0.023863112988323575,0.015452673728796778,1.0,0.12
13_low_friction_mu_0p10_variable_s_p2l_v2:0059,13_low_friction_mu_0p10_variable_s_p2l_v2,25.05999999999996,25.459999999999958,20.0,1.0,0.14300542069891348,0.2613402968567802,0.18472204426762745,0.4,0.06,20.0,1.0,0.16800923969452106,0.2800235795980578,0.21689874534976997,0.4,0.08,40.0,1.0,0.00017299965590617192,0.000307574827737398,0.00021949092879532974,1.0,0.08,6.0,1.0,0.022095086280987632,0.03269948425801922,0.024278295570039205,1.0,0.12
13_low_friction_mu_0p10_variable_s_p2l_v2:0060,13_low_friction_mu_0p10_variable_s_p2l_v2,25.259999999999955,25.659999999999954,20.0,1.0,0.1974040913414418,0.24894330005439044,0.20121514587783446,0.0,0.06,20.0,1.0,0.28003043689022844,0.28005100145655054,0.28003043730352284,0.0,0.08,40.0,1.0,0.0001439393319711856,0.0003084922941201463,0.0001892656605047616,1.0,0.08,6.0,1.0,0.025763425249384107,0.048955516069471725,0.03171085335719392,1.0,0.12
13_low_friction_mu_0p10_variable_s_p2l_v2:0061,13_low_friction_mu_0p10_variable_s_p2l_v2,25.459999999999958,25.859999999999957,20.0,1.0,0.1340729158199054,0.18120458947063472,0.13817927205378203,0.0,0.06,20.0,1.0,0.2800581580825443,0.28007899466915365,0.2800581585646963,0.0,0.08,40.0,1.0,0.0001333633135869451,0.00034795598497965535,0.00018340584568528415,1.0,0.08,6.0,1.0,0.022711084685956135,0.04233837224435635,0.029247204392962262,1.0,0.12
13_low_friction_mu_0p10_variable_s_p2l_v2:0062,13_low_friction_mu_0p10_variable_s_p2l_v2,25.659999999999954,26.059999999999953,20.0,1.0,0.09110188513145738,0.11342228235191029,0.09282569325314474,0.0,0.06,20.0,1.0,0.2800452436127499,0.2800841494064964,0.28004525093757765,0.0,0.08,40.0,1.0,0.00015801415435014177,0.00035436344244514287,0.00020753097390792229,1.0,0.08,6.0,1.0,0.018570208242409736,0.040480001619892375,0.026214690206544565,1.0,0.12
13_low_friction_mu_0p10_variable_s_p2l_v2:0063,13_low_friction_mu_0p10_variable_s_p2l_v2,25.859999999999957,26.259999999999955,20.0,1.0,0.10916202016179843,0.18368604336229252,0.11874852102038747,0.0,0.06,20.0,1.0,0.16801798393458256,0.2800841494064964,0.21687989310601963,0.4,0.08,40.0,1.0,0.0002204902778117495,0.0005195015916146787,0.0002995077492065243,1.0,0.08,6.0,1.0,0.03265208545574955,0.06200362414766471,0.04106073035116007,1.0,0.12
13_low_friction_mu_0p10_variable_s_p2l_v2:0064,13_low_friction_mu_0p10_variable_s_p2l_v2,26.059999999999953,26.45999999999995,20.0,1.0,0.08907602876622542,0.18368604336229252,0.11032093458691987,0.35,0.06,20.0,1.0,0.02801711799690041,0.028099311541588328,0.08849808166743434,0.9,0.08,40.0,1.0,0.00021586012679347555,0.0005021066297212608,0.0002937299431220488,1.0,0.08,6.0,1.0,0.03321545111964963,0.05522677363512686,0.03822499528948333,1.0,0.12
13_low_friction_mu_0p10_variable_s_p2l_v2:0065,13_low_friction_mu_0p10_variable_s_p2l_v2,26.259999999999955,26.659999999999954,20.0,1.0,0.018753239956495533,0.06410887474655107,0.034081299709492696,0.85,0.06,20.0,1.0,8.02530316645284e-06,2.743210666672232e-05,1.4536716139911565e-05,1.0,0.08,40.0,1.0,0.00016154488363526154,0.00034069142687961657,0.00020092323987685415,1.0,0.08,6.0,1.0,0.017389327367237768,0.028110683507020413,0.01931920509360832,1.0,0.12
13_low_friction_mu_0p10_variable_s_p2l_v2:0066,13_low_friction_mu_0p10_variable_s_p2l_v2,26.45999999999995,26.85999999999995,20.0,1.0,1.9635784859297146e-05,0.0,8.781389947389914e-05,1.0,0.06,20.0,1.0,8.55372760888531e-09,1.0942783774927414e-32,3.825343278896857e-08,1.0,0.08,40.0,1.0,0.00014910118713752646,0.00034154915635661675,0.0001895460114200007,1.0,0.08,6.0,1.0,0.01821381078429701,0.02609456514298642,0.019810885976754608,1.0,0.12
13_low_friction_mu_0p10_variable_s_p2l_v2:0067,13_low_friction_mu_0p10_variable_s_p2l_v2,26.659999999999954,27.059999999999953,20.0,1.0,0.02848273500809484,0.18211864584510687,0.07226415583254962,0.85,0.06,20.0,1.0,1.106749227737089e-06,4.065071818513487e-06,2.459623831786914e-06,1.0,0.08,40.0,1.0,0.00014560918684464554,0.0002598650314541778,0.00019680970509478103,1.0,0.08,6.0,1.0,0.030410766273402595,0.04328350165667458,0.033022864501273966,1.0,0.12
13_low_friction_mu_0p10_variable_s_p2l_v2:0068,13_low_friction_mu_0p10_variable_s_p2l_v2,26.85999999999995,27.25999999999995,20.0,1.0,0.10119060868386778,0.18211864584510687,0.12642917763842967,0.35,0.06,20.0,1.0,1.3289230650620435e-05,3.240980004464778e-05,1.851171516848462e-05,1.0,0.08,40.0,1.0,0.0001947042067744552,0.00035218766099440104,0.000246812473033775,1.0,0.08,7.0,1.0,0.03020172231150261,0.04321390103746371,0.0331307743346558,1.0,0.12
13_low_friction_mu_0p10_variable_s_p2l_v2:0069,13_low_friction_mu_0p10_variable_s_p2l_v2,27.059999999999953,27.45999999999995,20.0,1.0,0.11145200588801348,0.16312397310224686,0.1181312965084195,0.1,0.06,20.0,1.0,4.1196110629442723e-05,6.753364820061573e-05,4.556646279310639e-05,1.0,0.08,40.0,1.0,0.0001933673763368398,0.00035218766099440104,0.00023487004281206838,1.0,0.08,7.0,1.0,0.02408781771494945,0.04010424681919122,0.02794279978709846,1.0,0.12
13_low_friction_mu_0p10_variable_s_p2l_v2:0070,13_low_friction_mu_0p10_variable_s_p2l_v2,27.25999999999995,27.659999999999947,20.0,1.0,0.046697307654115935,0.0951598697991632,0.05835497196416314,0.6,0.06,20.0,1.0,7.366709805646014e-05,9.259626617267406e-05,7.574541003954281e-05,1.0,0.08,40.0,1.0,0.0001325867332305257,0.0002458340042865416,0.0001648877706626187,1.0,0.08,6.0,1.0,0.02607909062960039,0.06682588387998638,0.040342261808163575,1.0,0.12
13_low_friction_mu_0p10_variable_s_p2l_v2:0071,13_low_friction_mu_0p10_variable_s_p2l_v2,27.45999999999995,27.85999999999995,20.0,1.0,0.00796999282924293,0.02736249552941627,0.014578392967043927,1.0,0.06,20.0,1.0,9.272529684963781e-05,9.880882772220852e-05,9.286435899173626e-05,1.0,0.08,40.0,1.0,0.00013467356231956334,0.00024611306071367585,0.0001797396852334758,1.0,0.08,6.0,1.0,0.03039511516495125,0.06812574287669576,0.042781619128038295,1.0,0.12
13_low_friction_mu_0p10_variable_s_p2l_v2:0072,13_low_friction_mu_0p10_variable_s_p2l_v2,27.659999999999947,28.059999999999945,20.0,1.0,0.02638483946783739,0.15629415428946467,0.06474643927318842,0.85,0.06,20.0,1.0,0.0001012733010566109,0.00010930462897857256,0.00010144886200868722,1.0,0.08,40.0,1.0,0.0001602403212970382,0.0003153798411116663,0.0002052897672132986,1.0,0.08,6.0,1.0,0.03376148252605997,0.06269516347447049,0.04040830966119687,1.0,0.12
13_low_friction_mu_0p10_variable_s_p2l_v2:0073,13_low_friction_mu_0p10_variable_s_p2l_v2,27.85999999999995,28.25999999999995,20.0,1.0,0.06409870496454537,0.15629415428946467,0.0886666561521562,0.55,0.06,20.0,1.0,7.95145781937188e-05,0.00010930462897857256,8.617837398769445e-05,1.0,0.08,40.0,1.0,0.00018229701565827434,0.00037979594661765497,0.00023692622585654632,1.0,0.08,6.0,1.0,0.022437331408397255,0.04940640526856938,0.03300345895961829,1.0,0.12
13_low_friction_mu_0p10_variable_s_p2l_v2:0074,13_low_friction_mu_0p10_variable_s_p2l_v2,28.059999999999945,28.459999999999944,20.0,1.0,0.03866883390925787,0.11272253214597139,0.060637919425278124,0.7,0.06,20.0,1.0,2.698919872057792e-05,7.8483365976027e-05,4.200844581905807e-05,1.0,0.08,40.0,1.0,0.00017296749580300954,0.0003915313553905234,0.00023246061696095613,1.0,0.08,6.0,1.0,0.011277480822622555,0.022854125651720084,0.014406576877781824,1.0,0.12
13_low_friction_mu_0p10_variable_s_p2l_v2:0075,13_low_friction_mu_0p10_variable_s_p2l_v2,28.25999999999995,28.659999999999947,20.0,1.0,0.0009381510251823683,0.0025375386773394027,0.002698424428007897,1.0,0.06,20.0,1.0,6.760935837329757e-07,1.8315396890312517e-06,1.9437768775076796e-06,1.0,0.08,40.0,1.0,0.00014861663647013185,0.00029110499341281076,0.00018773824426430974,1.0,0.08,6.0,1.0,0.009115660537677704,0.015749063612475123,0.010912365642299717,1.0,0.12
13_low_friction_mu_0p10_variable_s_p2l_v2:0076,13_low_friction_mu_0p10_variable_s_p2l_v2,28.459999999999944,28.859999999999943,20.0,1.0,4.168108058084302e-07,1.7143593492443685e-06,9.321665064237137e-07,1.0,0.06,20.0,1.0,0.001521702939170181,0.004702636742591515,0.0041252741139019946,1.0,0.08,40.0,1.0,0.0017937112135360382,0.0069471335415405185,0.00431539955856708,1.0,0.08,6.0,1.0,0.008916800444518485,0.019745717342540194,0.012788072785745267,1.0,0.12
13_low_friction_mu_0p10_variable_s_p2l_v2:0077,13_low_friction_mu_0p10_variable_s_p2l_v2,28.659999999999947,29.059999999999945,20.0,1.0,0.00014694732445459131,0.0004996677627983382,0.0002867566445329607,1.0,0.06,20.0,1.0,0.18216892716229446,0.40276755256304103,0.2573964111806552,0.5,0.08,40.0,1.0,0.0026818822491685218,0.009104387467271314,0.004975243037056267,1.0,0.08,6.0,1.0,0.020335978478356775,0.04613859008412493,0.02933332227183234,1.0,0.12
13_low_friction_mu_0p10_variable_s_p2l_v2:0078,13_low_friction_mu_0p10_variable_s_p2l_v2,28.859999999999943,29.25999999999994,20.0,1.0,0.0018025787874140122,0.004754420338508516,0.0026324965772382223,1.0,0.06,20.0,1.0,0.2818108465517833,0.40276755256304103,0.29621293353813033,0.0,0.08,40.0,1.0,0.0012770300502505047,0.003881952171107926,0.0025794471911743575,1.0,0.08,5.0,0.8333333333333334,0.02118322394228129,0.045213133888164794,0.03042805586845587,1.0,0.12
13_low_friction_mu_0p10_variable_s_p2l_v2:0079,13_low_friction_mu_0p10_variable_s_p2l_v2,29.059999999999945,29.459999999999944,20.0,1.0,0.005057266075604015,0.00827136153929376,0.005603638640042163,1.0,0.06,20.0,1.0,0.1783862944666425,0.25912559495302595,0.18656873579532557,0.0,0.08,40.0,1.0,0.015254063462552706,0.04538482312936371,0.024703127756927724,1.0,0.08,5.0,0.8333333333333334,0.012646625039180851,0.0181366151564607,0.01381517274581901,1.0,0.12
13_low_friction_mu_0p10_variable_s_p2l_v2:0080,13_low_friction_mu_0p10_variable_s_p2l_v2,29.25999999999994,29.65999999999994,20.0,1.0,0.003612538816209808,0.00827136153929376,0.004987602700844661,1.0,0.06,20.0,1.0,0.08325995894673421,0.18762364384920824,0.11648550624290224,0.5,0.08,40.0,1.0,0.020243477940268623,0.05160576434349248,0.028665531635034925,1.0,0.08,6.0,1.0,0.014250544312394564,0.019686738107373376,0.015183331268556312,1.0,0.12
13_low_friction_mu_0p10_variable_s_p2l_v2:0081,13_low_friction_mu_0p10_variable_s_p2l_v2,29.459999999999944,29.859999999999943,20.0,1.0,0.000211321014371022,0.0006662230013966656,0.0005685282914868209,1.0,0.06,20.0,1.0,0.006037286808750734,0.01870084943729934,0.016345867413445767,1.0,0.08,40.0,1.0,0.005375936785987917,0.017830413827252024,0.014559880838363185,1.0,0.08,6.0,1.0,0.01481725042783793,0.021693219409489102,0.01595826244193802,1.0,0.12
13_low_friction_mu_0p10_variable_s_p2l_v2:0082,13_low_friction_mu_0p10_variable_s_p2l_v2,29.65999999999994,30.05999999999994,20.0,1.0,6.275314933442022e-08,1.7798113770610645e-28,2.806406154279186e-07,1.0,0.06,20.0,1.0,1.7371795011738016e-06,0.0,7.768902907487593e-06,1.0,0.08,40.0,1.0,0.0001672765172631133,0.0003167111049560569,0.0001970274064679604,1.0,0.08,6.0,1.0,0.02545863715092414,0.04212890670637127,0.029662856502711853,1.0,0.12
13_low_friction_mu_0p10_variable_s_p2l_v2:0083,13_low_friction_mu_0p10_variable_s_p2l_v2,29.859999999999943,30.25999999999994,20.0,1.0,0.0005431452443317603,0.0019094435025412664,0.0010184076532084529,1.0,0.06,20.0,1.0,0.11247462563899573,0.398258437373425,0.20588277606414027,0.7,0.08,40.0,1.0,0.0025649410822647543,0.008722772067201394,0.0047801173574296835,1.0,0.08,6.0,1.0,0.02183207069603625,0.04212890670637127,0.028151268980875794,1.0,0.12
13_low_friction_mu_0p10_variable_s_p2l_v2:0084,13_low_friction_mu_0p10_variable_s_p2l_v2,30.05999999999994,30.459999999999937,20.0,1.0,0.002994188758772327,0.0057043424550345355,0.0036625796155736836,1.0,0.06,20.0,1.0,0.25240785153070977,0.398258437373425,0.28738433717345224,0.2,0.08,40.0,1.0,0.002754845015285061,0.008722772067201394,0.004796525740373882,1.0,0.08,5.0,0.8333333333333334,0.02655952619844153,0.057279540639179984,0.03636200727566447,1.0,0.12
13_low_friction_mu_0p10_variable_s_p2l_v2:0085,13_low_friction_mu_0p10_variable_s_p2l_v2,30.25999999999994,30.65999999999994,20.0,1.0,0.004732716921973401,0.005840530964356326,0.0048526031308300695,1.0,0.06,20.0,1.0,0.20139631863105922,0.32114398598417004,0.2205525332291359,0.1,0.08,40.0,1.0,0.002006439285814509,0.0071693323793320584,0.004009041921410374,1.0,0.08,5.0,0.8333333333333334,0.024372127261664375,0.057279540639179984,0.035878904128521384,1.0,0.12
13_low_friction_mu_0p10_variable_s_p2l_v2:0086,13_low_friction_mu_0p10_variable_s_p2l_v2,30.459999999999937,30.859999999999935,20.0,1.0,0.0027467807560683528,0.005699913125961516,0.003417625860089631,1.0,0.06,20.0,1.0,0.13499906773970252,0.22025655147888065,0.15069129816874816,0.25,0.08,40.0,1.0,0.01754082559337204,0.051588277537719586,0.026302810202931206,1.0,0.08,5.0,0.8333333333333334,0.008685086698194814,0.015106528400273454,0.010462052694063114,1.0,0.12
13_low_friction_mu_0p10_variable_s_p2l_v2:0087,13_low_friction_mu_0p10_variable_s_p2l_v2,30.65999999999994,31.05999999999994,20.0,1.0,0.0005115481278851382,0.0012556267491537216,0.0007256054546035979,1.0,0.06,20.0,1.0,0.07789917259892302,0.22025655147888065,0.12008207476031595,0.65,0.08,40.0,1.0,0.01959261705930953,0.051588277537719586,0.028199949726157632,1.0,0.08,5.0,0.8333333333333334,0.01405655374899976,0.0197093615084344,0.01563327678572597,1.0,0.12
13_low_friction_mu_0p10_variable_s_p2l_v2:0088,13_low_friction_mu_0p10_variable_s_p2l_v2,30.859999999999935,31.259999999999934,20.0,1.0,4.6378026200285365e-05,0.00013696574731907892,0.00012945474296997898,1.0,0.06,20.0,1.0,0.004361460419064468,0.01220922116098099,0.012378102263482257,1.0,0.08,40.0,1.0,0.003857238121966966,0.011534105306162591,0.010922877474387136,1.0,0.08,6.0,1.0,0.008890675933869687,0.019576225565655934,0.011830391021269496,1.0,0.12
13_low_friction_mu_0p10_variable_s_p2l_v2:0089,13_low_friction_mu_0p10_variable_s_p2l_v2,31.05999999999994,31.459999999999937,20.0,1.0,1.2540368672141408e-28,1.7914812388773394e-28,1.3549094717842643e-28,1.0,0.06,20.0,1.0,0.0,0.0,0.0,1.0,0.08,40.0,1.0,0.0001662148817233181,0.0003106895588427247,0.00019545625095084896,1.0,0.08,6.0,1.0,0.008752107681522485,0.019244273790050552,0.013700290364415267,1.0,0.12
13_low_friction_mu_0p10_variable_s_p2l_v2:0090,13_low_friction_mu_0p10_variable_s_p2l_v2,31.259999999999934,31.659999999999933,20.0,1.0,1.182377617659049e-28,1.7914812388773394e-28,1.2918554931608038e-28,1.0,0.06,20.0,1.0,0.0,0.0,0.0,1.0,0.08,40.0,1.0,0.00016011034827615863,0.000289851640625912,0.00018948524212852963,1.0,0.08,6.0,1.0,0.011381040695459808,0.024809334961739277,0.015453611896134173,1.0,0.12
13_low_friction_mu_0p10_variable_s_p2l_v2:0091,13_low_friction_mu_0p10_variable_s_p2l_v2,31.459999999999937,31.859999999999935,20.0,1.0,1.0569739309376351e-28,1.791481238877339e-28,1.1910319151594062e-28,1.0,0.06,20.0,1.0,0.0,0.0,0.0,1.0,0.08,40.0,1.0,0.00015441899841601886,0.0002896896430264983,0.00018182751432098925,1.0,0.08,6.0,1.0,0.018898828515192017,0.04361466234495784,0.029834801049884986,1.0,0.12
13_low_friction_mu_0p10_variable_s_p2l_v2:0092,13_low_friction_mu_0p10_variable_s_p2l_v2,31.659999999999933,32.05999999999993,20.0,1.0,1.1107183681039566e-28,1.791481238877339e-28,1.3017549137390487e-28,1.0,0.06,20.0,1.0,0.0,0.0,0.0,1.0,0.08,40.0,1.0,0.00018222696253521062,0.0003583525788793222,0.0002347732912778944,1.0,0.08,6.0,1.0,0.02351666516277313,0.05357284282346854,0.03323654075370097,1.0,0.12
13_low_friction_mu_0p10_variable_s_p2l_v2:0093,13_low_friction_mu_0p10_variable_s_p2l_v2,31.859999999999935,32.259999999999934,20.0,1.0,1.576503490212077e-28,2.9380292317589155e-28,1.8925369250407047e-28,1.0,0.06,20.0,1.0,0.0,0.0,0.0,1.0,0.08,40.0,1.0,0.00018227782261937033,0.0003584721599043383,0.00023988793001896233,1.0,0.08,6.0,1.0,0.02396027046121045,0.04212100077131857,0.02793802397481212,1.0,0.12
13_low_friction_mu_0p10_variable_s_p2l_v2:0094,13_low_friction_mu_0p10_variable_s_p2l_v2,32.05999999999993,32.45999999999993,20.0,1.0,1.9347997379875512e-28,3.582962477754713e-28,2.2688952525218773e-28,1.0,0.06,20.0,1.0,0.0,0.0,0.0,1.0,0.08,40.0,1.0,0.0001641650432408442,0.0003493015221252582,0.00020758388168462292,1.0,0.08,6.0,1.0,0.0226735847306333,0.03680506998471289,0.02579069832853238,1.0,0.12
13_low_friction_mu_0p10_variable_s_p2l_v2:0095,13_low_friction_mu_0p10_variable_s_p2l_v2,32.259999999999934,32.65999999999993,20.0,1.0,0.05294559366153451,0.2778948936869408,0.11850929694252084,0.8,0.06,20.0,1.0,0.059647981388098625,0.3216433954360867,0.1345760983575619,0.8,0.08,40.0,1.0,0.0002484822334722677,0.0005824382451540343,0.00033161504332028275,1.0,0.08,6.0,1.0,0.017691109718785052,0.02466210568641246,0.018776331851728497,1.0,0.12
13_low_friction_mu_0p10_variable_s_p2l_v2:0096,13_low_friction_mu_0p10_variable_s_p2l_v2,32.45999999999993,32.85999999999993,20.0,1.0,0.1732013469998554,0.2778948936869408,0.20774282787616663,0.3,0.06,20.0,1.0,0.22365188076600875,0.33044680476059984,0.268158441319812,0.3,0.08,40.0,1.0,0.0002600885553596825,0.0005824382451540343,0.00033714904676543015,1.0,0.08,6.0,1.0,0.01808975697809901,0.023988677937304706,0.01904565035783473,1.0,0.12
13_low_friction_mu_0p10_variable_s_p2l_v2:0097,13_low_friction_mu_0p10_variable_s_p2l_v2,32.65999999999993,33.05999999999993,20.0,1.0,0.2065875787131896,0.25816429622474174,0.21025903760446768,0.0,0.06,20.0,1.0,0.33312848747019386,0.34115087806701677,0.3331811881467146,0.0,0.08,40.0,1.0,0.00019392954471402453,0.0003888049810543633,0.00023498218267932746,1.0,0.08,6.0,1.0,0.022264427173845275,0.02957766892483677,0.023517220295667666,1.0,0.12
13_low_friction_mu_0p10_variable_s_p2l_v2:0098,13_low_friction_mu_0p10_variable_s_p2l_v2,32.85999999999993,33.25999999999993,20.0,1.0,0.13919554090456981,0.1903029394366695,0.14440536771941956,0.0,0.06,20.0,1.0,0.3445652355385575,0.3546177506794191,0.3446416653879715,0.0,0.08,40.0,1.0,0.0002832498321919112,0.00046227818709495806,0.0004637400247134048,1.0,0.08,6.0,1.0,0.027430057542556136,0.03359696539326694,0.028263997017848437,1.0,0.12
13_low_friction_mu_0p10_variable_s_p2l_v2:0099,13_low_friction_mu_0p10_variable_s_p2l_v2,33.05999999999993,33.45999999999993,20.0,1.0,0.11949273160814791,0.18350724974787652,0.12665592657423388,0.05,0.06,20.0,1.0,0.25482968785917925,0.35728899564844,0.293810966245919,0.3,0.08,40.0,1.0,0.0007456919517292534,0.001817557897946775,0.001118153517194605,1.0,0.08,6.0,1.0,0.026043474200471498,0.04175906158611102,0.029029200170388653,1.0,0.12
13_low_friction_mu_0p10_variable_s_p2l_v2:0100,13_low_friction_mu_0p10_variable_s_p2l_v2,33.25999999999993,33.659999999999926,20.0,1.0,0.09619394742121049,0.18350724974787652,0.11284540897621505,0.3,0.06,20.0,1.0,0.08515995267422452,0.35728899564844,0.15764184469433687,0.8,0.08,40.0,1.0,0.0010218458301346918,0.002610398780511971,0.0013820395231032012,1.0,0.08,6.0,1.0,0.026212563706747478,0.04114967615616293,0.028875728333599655,1.0,0.12
13_low_friction_mu_0p10_variable_s_p2l_v2:0101,13_low_friction_mu_0p10_variable_s_p2l_v2,33.45999999999993,33.85999999999993,20.0,1.0,0.029889304663743156,0.0933787507360888,0.04949925269006249,0.75,0.06,20.0,1.0,0.005835787261085618,0.018182331990147037,0.009618189124445438,1.0,0.08,40.0,1.0,0.0005731371926703811,0.001689798535914553,0.0009430212925728335,1.0,0.08,7.0,1.0,0.02171203834599117,0.03169848019091471,0.024124228346540332,1.0,0.12
13_low_friction_mu_0p10_variable_s_p2l_v2:0102,13_low_friction_mu_0p10_variable_s_p2l_v2,33.659999999999926,34.059999999999924,20.0,1.0,0.00032437332097956273,0.0004814551012560648,0.0010663124510692367,1.0,0.06,20.0,1.0,6.487499976664414e-05,9.639567671593576e-05,0.00021321654673151245,1.0,0.08,40.0,1.0,0.00017790925017275309,0.00036997166205437635,0.00025127287847005373,1.0,0.08,7.0,1.0,0.013166442544602308,0.023924943251568437,0.01625521648703313,1.0,0.12
13_low_friction_mu_0p10_variable_s_p2l_v2:0103,13_low_friction_mu_0p10_variable_s_p2l_v2,33.85999999999993,34.25999999999993,20.0,1.0,1.8612225158247406e-28,3.5792740688937226e-28,2.2295171472269474e-28,1.0,0.06,20.0,1.0,2.9134067522367097e-30,5.602705292762889e-30,3.489905293822565e-30,1.0,0.08,40.0,1.0,0.00016086469702394205,0.00036239968335781555,0.00021471817122032687,1.0,0.08,6.0,1.0,0.009868814438178622,0.013564075426611956,0.010518848399879028,1.0,0.12
13_low_friction_mu_0p10_variable_s_p2l_v2:0104,13_low_friction_mu_0p10_variable_s_p2l_v2,34.059999999999924,34.45999999999992,20.0,1.0,1.932807997202613e-28,3.5792740688937226e-28,2.2750221879232433e-28,1.0,0.06,20.0,1.0,3.0254608580919653e-30,5.602705292762889e-30,3.56113519336343e-30,1.0,0.08,40.0,1.0,0.00019419290948142673,0.00036223606403227156,0.0002352257478888216,1.0,0.08,6.0,1.0,0.014438481870061406,0.020730186266075926,0.015557883159811353,1.0,0.12
13_low_friction_mu_0p10_variable_s_p2l_v2:0105,13_low_friction_mu_0p10_variable_s_p2l_v2,34.25999999999993,34.659999999999926,20.0,1.0,1.8612225158247403e-28,3.5792740688937226e-28,2.2295171472269474e-28,1.0,0.06,20.0,1.0,2.9134067522367104e-30,5.602705292762889e-30,3.489905293822565e-30,1.0,0.08,40.0,1.0,0.00018125542647409864,0.00036223606403227156,0.00022431874060354717,1.0,0.08,6.0,1.0,0.018966371628583802,0.031007647321544183,0.021012254104130896,1.0,0.12
13_low_friction_mu_0p10_variable_s_p2l_v2:0106,13_low_friction_mu_0p10_variable_s_p2l_v2,34.45999999999992,34.85999999999992,20.0,1.0,1.8970152565136711e-28,3.5792740688937226e-28,2.336144776863935e-28,1.0,0.06,20.0,1.0,2.9694338051643277e-30,5.602705292762889e-30,3.656811536100502e-30,1.0,0.08,40.0,1.0,0.00017340326833984788,0.0003458066425524276,0.00021324652997672754,1.0,0.08,6.0,1.0,0.0226947498219552,0.03788819830860023,0.02684941379947653,1.0,0.12
13_low_friction_mu_0p10_variable_s_p2l_v2:0107,13_low_friction_mu_0p10_variable_s_p2l_v2,34.659999999999926,35.059999999999924,20.0,1.0,0.006006950608543636,0.002361953794094812,0.025221509289116806,0.95,0.06,20.0,1.0,0.006401385044017119,0.00047418743654180134,0.028294200783704048,0.95,0.08,40.0,1.0,0.0002752314771739957,0.0006750610166982992,0.000414895593407887,1.0,0.08,6.0,1.0,0.018886952663215495,0.03650486856811351,0.02471844219570383,1.0,0.12
13_low_friction_mu_0p10_variable_s_p2l_v2:0108,13_low_friction_mu_0p10_variable_s_p2l_v2,34.85999999999992,35.25999999999992,20.0,1.0,0.1366785200347041,0.2788273070977505,0.18697437270338085,0.45,0.06,20.0,1.0,0.16246520982191445,0.31573399568273897,0.22253040056617118,0.45,0.08,40.0,1.0,0.00030150950151220285,0.0010087184636421204,0.0004654029356593668,1.0,0.08,6.0,1.0,0.030179349179020997,0.05602638103373965,0.03765618603286217,1.0,0.12
13_low_friction_mu_0p10_variable_s_p2l_v2:0109,13_low_friction_mu_0p10_variable_s_p2l_v2,35.059999999999924,35.45999999999992,20.0,1.0,0.22779523216080172,0.2788273070977505,0.23103759460808726,0.0,0.06,20.0,1.0,0.30476010413894833,0.31573399568273897,0.3048786697369034,0.0,0.08,40.0,1.0,0.00024545005033406225,0.0005506051338265636,0.0003378393341975055,1.0,0.08,6.0,1.0,0.03417762338265646,0.05602638103373965,0.039298964792646794,1.0,0.12
13_low_friction_mu_0p10_variable_s_p2l_v2:0110,13_low_friction_mu_0p10_variable_s_p2l_v2,35.25999999999992,35.65999999999992,20.0,1.0,0.16041737832136718,0.2118493550361693,0.1650933773219995,0.0,0.06,20.0,1.0,0.2883348720312653,0.30157727921313954,0.28852580913645454,0.0,0.08,40.0,1.0,0.0002547725700615911,0.00048277523778273676,0.00029981733211845033,1.0,0.08,6.0,1.0,0.0331826127229251,0.05865599453416152,0.040446794803514374,1.0,0.12
13_low_friction_mu_0p10_variable_s_p2l_v2:0111,13_low_friction_mu_0p10_variable_s_p2l_v2,35.45999999999992,35.85999999999992,20.0,1.0,0.1191223420206506,0.17144250672284694,0.12710691041831187,0.0,0.06,20.0,1.0,0.23705194514482902,0.28465739748135677,0.2514047535721227,0.15,0.08,40.0,1.0,0.001086748743231367,0.003571977777934268,0.0018297582568256622,1.0,0.08,6.0,1.0,0.04484566588934719,0.07271529004750388,0.051561542440167696,1.0,0.12
13_low_friction_mu_0p10_variable_s_p2l_v2:0112,13_low_friction_mu_0p10_variable_s_p2l_v2,35.65999999999992,36.05999999999992,20.0,1.0,0.12014355722903307,0.19770987031141363,0.13107588302039036,0.0,0.06,20.0,1.0,0.11665890321414993,0.26251846885153873,0.15812664278896943,0.65,0.08,40.0,1.0,0.0011727528450212305,0.003571977777934268,0.0018526420908946313,1.0,0.08,6.0,1.0,0.03671128721864602,0.0622537304378369,0.04218171425285525,1.0,0.12
13_low_friction_mu_0p10_variable_s_p2l_v2:0113,13_low_friction_mu_0p10_variable_s_p2l_v2,35.85999999999992,36.25999999999992,20.0,1.0,0.07100772567702981,0.1684144649032411,0.09713702209435135,0.5,0.06,20.0,1.0,0.021348099939344063,0.04970743959722753,0.028908721538317708,1.0,0.08,40.0,1.0,0.0009107584145400729,0.002746863657263876,0.001455965597190614,1.0,0.08,6.0,1.0,0.02625046553099797,0.04753146470613745,0.03134766010282424,1.0,0.12
13_low_friction_mu_0p10_variable_s_p2l_v2:0114,13_low_friction_mu_0p10_variable_s_p2l_v2,36.05999999999992,36.459999999999916,20.0,1.0,0.006694541370474467,0.024631386806261268,0.014496068631142297,1.0,0.06,20.0,1.0,0.002103102923452288,0.0077505160450832555,0.004546700484730058,1.0,0.08,40.0,1.0,0.0007569811660467583,0.002746863657263876,0.0014150141102901176,1.0,0.08,6.0,1.0,0.024134219179170132,0.04547603605362425,0.03068354066065317,1.0,0.12
13_low_friction_mu_0p10_variable_s_p2l_v2:0115,13_low_friction_mu_0p10_variable_s_p2l_v2,36.25999999999992,36.65999999999992,20.0,1.0,2.00118480040077e-06,5.130310124663862e-06,2.9804769412516994e-06,1.0,0.06,20.0,1.0,6.344750081918545e-07,1.6265632028191244e-06,9.449592717961853e-07,1.0,0.08,40.0,1.0,0.00012360178599718323,0.0002511329349705572,0.00015511546916290785,1.0,0.08,6.0,1.0,0.019811970554545363,0.03576283335654316,0.023359199671231005,1.0,0.12
13_low_friction_mu_0p10_variable_s_p2l_v2:0116,13_low_friction_mu_0p10_variable_s_p2l_v2,36.459999999999916,36.859999999999914,20.0,1.0,2.546962473237345e-07,1.8192589094552693e-07,8.376497070267778e-07,1.0,0.06,20.0,1.0,8.075136467896241e-08,5.767954619925957e-08,2.655765747477584e-07,1.0,0.08,40.0,1.0,0.00013661912006277712,0.0003187380841648422,0.00017122000259299153,1.0,0.08,6.0,1.0,0.02343283486486086,0.044000302022695746,0.03132247656662891,1.0,0.12
13_low_friction_mu_0p10_variable_s_p2l_v2:0117,13_low_friction_mu_0p10_variable_s_p2l_v2,36.65999999999992,37.05999999999992,20.0,1.0,0.0,0.0,0.0,1.0,0.06,20.0,1.0,5.9388676103286554e-30,1.1205410585525778e-29,7.313623072201003e-30,1.0,0.08,40.0,1.0,0.00015269100787902352,0.00029292177872467884,0.00019358378105453178,1.0,0.08,6.0,1.0,0.027265149222464775,0.05438423338300744,0.034823802273560696,1.0,0.12
13_low_friction_mu_0p10_variable_s_p2l_v2:0118,13_low_friction_mu_0p10_variable_s_p2l_v2,36.859999999999914,37.25999999999991,20.0,1.0,0.0,0.0,0.0,1.0,0.06,20.0,1.0,5.826813504473419e-30,1.1205410585525778e-29,6.97981058764513e-30,1.0,0.08,40.0,1.0,0.00015598676260050265,0.0002785209589477369,0.00019430033780651896,1.0,0.08,6.0,1.0,0.01651451835574592,0.030956860159590063,0.020700080626632106,1.0,0.12
13_low_friction_mu_0p10_variable_s_p2l_v2:0119,13_low_friction_mu_0p10_variable_s_p2l_v2,37.05999999999992,37.459999999999916,20.0,1.0,0.0,0.0,0.0,1.0,0.06,20.0,1.0,6.0509217161839306e-30,1.1205410585525778e-29,7.12227038672686e-30,1.0,0.08,40.0,1.0,0.00014482085049104192,0.0002785209589477369,0.00017748645881733783,1.0,0.08,6.0,1.0,0.019431557357839163,0.03984812947322858,0.02478084922474023,1.0,0.12
13_low_friction_mu_0p10_variable_s_p2l_v2:0120,13_low_friction_mu_0p10_variable_s_p2l_v2,37.25999999999991,37.65999999999991,20.0,1.0,0.03595151855094539,0.23162506713502815,0.09145451920216863,0.85,0.06,20.0,1.0,0.0008378479836793192,0.003080591724916849,0.0018493491969989654,1.0,0.08,40.0,1.0,0.0003982750871585441,0.00123125085942264,0.0006402933901553963,1.0,0.08,6.0,1.0,0.017851112064002042,0.03984812947322858,0.024091627065460877,1.0,0.12
13_low_friction_mu_0p10_variable_s_p2l_v2:0121,13_low_friction_mu_0p10_variable_s_p2l_v2,37.459999999999916,37.859999999999914,20.0,1.0,0.13349090640609057,0.23162506713502815,0.16606671381347826,0.35,0.06,20.0,1.0,0.009761079218970212,0.02366003860007698,0.013544897912447899,1.0,0.08,40.0,1.0,0.0004207191467506038,0.00123125085942264,0.0006470519643416056,1.0,0.08,6.0,1.0,0.014146064119366667,0.026937855702793907,0.018446586207645874,1.0,0.12
13_low_friction_mu_0p10_variable_s_p2l_v2:0122,13_low_friction_mu_0p10_variable_s_p2l_v2,37.65999999999991,38.05999999999991,20.0,1.0,0.1614307002780108,0.21262435901219132,0.1660272085414883,0.0,0.06,20.0,1.0,0.03000665449811123,0.04903416753446444,0.03314109826476654,1.0,0.08,40.0,1.0,0.00024898154734304925,0.0005572600835355893,0.0003016924537169364,1.0,0.08,6.0,1.0,0.024381668702408866,0.038842626218709535,0.0267580468159084,1.0,0.12
13_low_friction_mu_0p10_variable_s_p2l_v2:0123,13_low_friction_mu_0p10_variable_s_p2l_v2,37.859999999999914,38.25999999999991,20.0,1.0,0.09439326890988446,0.14526937508942533,0.10191773594014629,0.25,0.06,20.0,1.0,0.0573030324813071,0.08143488308826256,0.05991608275733317,0.85,0.08,40.0,1.0,0.0003760041189937652,0.0005941357265631154,0.0004473717671363175,1.0,0.08,6.0,1.0,0.033236858661741954,0.04664259800310257,0.03522202523452609,1.0,0.12
13_low_friction_mu_0p10_variable_s_p2l_v2:0124,13_low_friction_mu_0p10_variable_s_p2l_v2,38.05999999999991,38.45999999999991,20.0,1.0,0.04363022719399516,0.07806105758690046,0.04975993861419427,0.7,0.06,20.0,1.0,0.08338026419493584,0.09543351897794267,0.08438586778203376,0.35,0.08,40.0,1.0,0.0016071249922931928,0.0034303816088306813,0.002448127283413784,1.0,0.08,6.0,1.0,0.023667906821383367,0.04531826146287292,0.029471542770522507,1.0,0.12
13_low_friction_mu_0p10_variable_s_p2l_v2:0125,13_low_friction_mu_0p10_variable_s_p2l_v2,38.25999999999991,38.65999999999991,20.0,1.0,0.08569974871637653,0.18450270605047367,0.1088699119809155,0.45,0.06,20.0,1.0,0.08213373843959611,0.09543351897794267,0.0839245380235908,0.3,0.08,40.0,1.0,0.002611450280857898,0.005711369426128344,0.003607864661639617,1.0,0.08,6.0,1.0,0.023658108196888277,0.044606741550107326,0.029689844096986776,1.0,0.12
14_low_friction_mu_0p075_fast_chicane_p2l_v2:0000,14_low_friction_mu_0p075_fast_chicane_p2l_v2,16.639,17.038999999999998,20.0,1.0,6.463834558374968e-19,1.0128436319194258e-18,6.93970303686086e-19,1.0,0.06,20.0,1.0,5.618546386277135e-19,7.2631429474852265e-19,5.819122196177581e-19,1.0,0.08,40.0,1.0,0.0001745562648689881,0.0003604182425547448,0.0002132516511085387,1.0,0.08,6.0,1.0,0.0098590395250163,0.016041860324985936,0.011219123990075429,1.0,0.12
14_low_friction_mu_0p075_fast_chicane_p2l_v2:0001,14_low_friction_mu_0p075_fast_chicane_p2l_v2,16.839,17.238999999999997,20.0,1.0,6.852220158327635e-19,9.377773624577402e-19,7.200468760783936e-19,1.0,0.06,20.0,1.0,6.366475403159852e-19,8.57760517913098e-19,6.593396888768459e-19,1.0,0.08,40.0,1.0,0.00013383678848071984,0.0002680505617469909,0.00016821769912005332,1.0,0.08,6.0,1.0,0.013327292120290756,0.02497710592835333,0.017043154984541033,1.0,0.12
14_low_friction_mu_0p075_fast_chicane_p2l_v2:0002,14_low_friction_mu_0p075_fast_chicane_p2l_v2,17.038999999999998,17.438999999999997,20.0,1.0,5.925237713016257e-19,8.39111170671548e-19,6.559011537547145e-19,1.0,0.06,20.0,1.0,5.867121610189891e-19,1.0340616838901882e-18,6.747336474266807e-19,1.0,0.08,40.0,1.0,0.000144269797285548,0.00028562891225057,0.00018200421962179058,1.0,0.08,6.0,1.0,0.025838804061311352,0.03556450598252582,0.028231578737542264,1.0,0.12
14_low_friction_mu_0p075_fast_chicane_p2l_v2:0003,14_low_friction_mu_0p075_fast_chicane_p2l_v2,17.238999999999997,17.638999999999996,20.0,1.0,4.993988616547986e-19,8.265254913707e-19,5.805793827408046e-19,1.0,0.06,20.0,1.0,4.444452097213217e-19,9.642542272520893e-19,5.487727501593748e-19,1.0,0.08,40.0,1.0,0.00017651589350739928,0.0003859360561399046,0.0002174000022446165,1.0,0.08,6.0,1.0,0.025896832909601503,0.03534338802148808,0.027131609083973416,1.0,0.12
14_low_friction_mu_0p075_fast_chicane_p2l_v2:0004,14_low_friction_mu_0p075_fast_chicane_p2l_v2,17.438999999999997,17.838999999999995,20.0,1.0,6.502436201833496e-19,9.503255498976674e-19,7.050536859895055e-19,1.0,0.06,20.0,1.0,4.372883144271839e-19,6.228116354341139e-19,4.642462027783322e-19,1.0,0.08,40.0,1.0,0.00016299487194085255,0.0003918249319512756,0.000205483890861172,1.0,0.08,6.0,1.0,0.01714126042203697,0.024442167767566803,0.018315187879016544,1.0,0.12
14_low_friction_mu_0p075_fast_chicane_p2l_v2:0005,14_low_friction_mu_0p075_fast_chicane_p2l_v2,17.638999999999996,18.038999999999994,20.0,1.0,6.208741292816004e-19,8.486630767076592e-19,6.631174385651242e-19,1.0,0.06,20.0,1.0,5.090912675025148e-19,7.116329808226618e-19,5.384797084574757e-19,1.0,0.08,40.0,1.0,0.000157515456465007,0.0003331129387858857,0.00019637048984320242,1.0,0.08,6.0,1.0,0.011700443323202614,0.02243401509303604,0.014903475058576325,1.0,0.12
14_low_friction_mu_0p075_fast_chicane_p2l_v2:0006,14_low_friction_mu_0p075_fast_chicane_p2l_v2,17.838999999999995,18.238999999999994,20.0,1.0,5.740079999638658e-19,8.257446933654596e-19,6.167812910555632e-19,1.0,0.06,20.0,1.0,8.116412207602207e-19,1.3463202054300696e-18,9.016413533821855e-19,1.0,0.08,40.0,1.0,0.0001556621328465963,0.0003331129387858857,0.00019368266443008341,1.0,0.08,6.0,1.0,0.013917768184354744,0.03028712315432068,0.01954194556861239,1.0,0.12
14_low_friction_mu_0p075_fast_chicane_p2l_v2:0007,14_low_friction_mu_0p075_fast_chicane_p2l_v2,18.038999999999994,18.438999999999993,20.0,1.0,7.390159274656083e-19,1.1046171672288043e-18,7.927807460636308e-19,1.0,0.06,20.0,1.0,1.236704189846832e-18,1.5195721862983946e-18,1.2767912807628889e-18,1.0,0.08,40.0,1.0,0.00016802915999231704,0.0003423955283879335,0.00020284505594729684,1.0,0.08,6.0,1.0,0.017578800127244464,0.0314058627190749,0.02098688315307549,1.0,0.12
14_low_friction_mu_0p075_fast_chicane_p2l_v2:0008,14_low_friction_mu_0p075_fast_chicane_p2l_v2,18.238999999999994,18.638999999999992,20.0,1.0,0.0011050284817818268,0.0007321263540025107,0.003971926312480857,1.0,0.06,20.0,1.0,3.0740048754423576e-16,9.667789188205006e-16,8.738041482070821e-16,1.0,0.08,40.0,1.0,0.00018347892887062941,0.0003246098000627487,0.00021611186606496012,1.0,0.08,6.0,1.0,0.020249518248177303,0.029953867493917943,0.022074010278195236,1.0,0.12
14_low_friction_mu_0p075_fast_chicane_p2l_v2:0009,14_low_friction_mu_0p075_fast_chicane_p2l_v2,18.438999999999993,18.83899999999999,20.0,1.0,0.03074669053079284,0.10318804010896694,0.05321039533744686,0.75,0.06,20.0,1.0,3.920163137851598e-15,9.227032485274406e-15,5.4228172907261036e-15,1.0,0.08,40.0,1.0,0.00018890840275078623,0.00031782408301028536,0.00022499852633296575,1.0,0.08,6.0,1.0,0.036443953091403365,0.07098399596578386,0.04768232959326013,1.0,0.12
14_low_friction_mu_0p075_fast_chicane_p2l_v2:0010,14_low_friction_mu_0p075_fast_chicane_p2l_v2,18.638999999999992,19.03899999999999,20.0,1.0,0.02965648764061273,0.10318804010896694,0.05306194882335121,0.75,0.06,20.0,1.0,4.266283717485771e-15,9.227032485274406e-15,5.431116938362477e-15,1.0,0.08,40.0,1.0,0.00019354052343075395,0.00031350109126283783,0.0002247881069662753,1.0,0.08,6.0,1.0,0.03085824625919976,0.07098399596578386,0.04542517555680247,1.0,0.12
14_low_friction_mu_0p075_fast_chicane_p2l_v2:0011,14_low_friction_mu_0p075_fast_chicane_p2l_v2,18.83899999999999,19.23899999999999,20.0,1.0,2.9650471807410315e-05,2.9651902666261166e-05,2.9650471823162933e-05,1.0,0.06,20.0,1.0,1.4120567229504066e-15,1.5849790110666523e-15,1.4174491169597787e-15,1.0,0.08,40.0,1.0,0.00019638051535372547,0.00039288350855439186,0.000239494321274799,1.0,0.08,6.0,1.0,0.012779662181872098,0.02358545249541269,0.015102017236351545,1.0,0.12
14_low_friction_mu_0p075_fast_chicane_p2l_v2:0012,14_low_friction_mu_0p075_fast_chicane_p2l_v2,19.03899999999999,19.43899999999999,20.0,1.0,2.9649665105022093e-05,2.9649856809776944e-05,2.964966510530486e-05,1.0,0.06,20.0,1.0,1.6472624062112648e-15,1.8453077174097784e-15,1.6539990289192833e-15,1.0,0.08,40.0,1.0,0.00020579440115105386,0.0004610607874288652,0.00025465687186105245,1.0,0.08,6.0,1.0,0.013188329051473324,0.028408440913512967,0.01801060653282453,1.0,0.12
14_low_friction_mu_0p075_fast_chicane_p2l_v2:0013,14_low_friction_mu_0p075_fast_chicane_p2l_v2,19.23899999999999,19.63899999999999,20.0,1.0,2.9649557017583093e-05,2.9649582713753288e-05,2.9649557017588172e-05,1.0,0.06,20.0,1.0,1.912617682764899e-15,2.1178020430844996e-15,1.9190798894753732e-15,1.0,0.08,40.0,1.0,0.0001600270153909368,0.0003388076624193492,0.00020147477062137776,1.0,0.08,6.0,1.0,0.017257269048683768,0.04259742235853463,0.025240288973546472,1.0,0.12
14_low_friction_mu_0p075_fast_chicane_p2l_v2:0014,14_low_friction_mu_0p075_fast_chicane_p2l_v2,19.43899999999999,19.838999999999988,20.0,1.0,2.9649542525400642e-05,2.964954596362257e-05,2.964954252540073e-05,1.0,0.06,20.0,1.0,2.213647327643876e-15,2.4635212536596094e-15,2.2215422408510833e-15,1.0,0.08,40.0,1.0,0.00015954849117605553,0.0003088972674868356,0.00019278224038787864,1.0,0.08,6.0,1.0,0.014707815036976329,0.03446378122596154,0.021802529865343288,1.0,0.12
14_low_friction_mu_0p075_fast_chicane_p2l_v2:0015,14_low_friction_mu_0p075_fast_chicane_p2l_v2,19.63899999999999,20.038999999999987,20.0,1.0,2.9649540541476505e-05,2.964954104637818e-05,2.964954054147651e-05,1.0,0.06,20.0,1.0,2.5823468602168255e-15,2.9054474312239015e-15,2.5930209266799664e-15,1.0,0.08,40.0,1.0,0.00017806856899135428,0.0003298127455794045,0.00021310937935761944,1.0,0.08,6.0,1.0,0.01997247546119557,0.03438015246239362,0.023745117279875525,1.0,0.12
14_low_friction_mu_0p075_fast_chicane_p2l_v2:0016,14_low_friction_mu_0p075_fast_chicane_p2l_v2,19.838999999999988,20.238999999999987,20.0,1.0,2.964954025704847e-05,2.9649540282472576e-05,2.964954025704847e-05,1.0,0.06,20.0,1.0,3.0295965894907745e-15,3.3975680269787137e-15,3.042414627086247e-15,1.0,0.08,40.0,1.0,0.00014141189487251092,0.0003101136513328114,0.00017813935435989365,1.0,0.08,6.0,1.0,0.03103588448652177,0.04274315065955159,0.03223125876145937,1.0,0.12
14_low_friction_mu_0p075_fast_chicane_p2l_v2:0017,14_low_friction_mu_0p075_fast_chicane_p2l_v2,20.038999999999987,20.438999999999986,20.0,1.0,2.9649540245524352e-05,2.964954024610167e-05,2.9649540245524352e-05,1.0,0.06,20.0,1.0,3.5423289106750637e-15,3.963266778660592e-15,3.555982210975503e-15,1.0,0.08,40.0,1.0,0.0001271155746291293,0.00027434602472432824,0.00016414282482490983,1.0,0.08,6.0,1.0,0.036066994621265926,0.04912192955347271,0.03757215785045653,1.0,0.12
14_low_friction_mu_0p075_fast_chicane_p2l_v2:0018,14_low_friction_mu_0p075_fast_chicane_p2l_v2,20.238999999999987,20.638999999999985,20.0,1.0,0.0006742437953806607,0.00023195332640565123,0.0024799856993256543,1.0,0.06,20.0,1.0,4.1295431240931806e-15,4.628290092714956e-15,4.145776176841524e-15,1.0,0.08,40.0,1.0,0.00012612320418154335,0.00027078221700733925,0.0001592940403419319,1.0,0.08,6.0,1.0,0.038640559936763096,0.06068327195472527,0.042406979619249795,1.0,0.12
14_low_friction_mu_0p075_fast_chicane_p2l_v2:0019,14_low_friction_mu_0p075_fast_chicane_p2l_v2,20.438999999999986,20.838999999999984,20.0,1.0,0.030764874182693986,0.09303921119697425,0.053894125699479246,0.8,0.06,20.0,1.0,3.2930596315195634e-15,4.628290092714956e-15,3.667801118401545e-15,1.0,0.08,40.0,1.0,0.00014895389565595824,0.0002886046048310746,0.00017807836610762574,1.0,0.08,6.0,1.0,0.046330303910352505,0.09679824158692035,0.06114248415538556,0.8333333333333334,0.12
14_low_friction_mu_0p075_fast_chicane_p2l_v2:0020,14_low_friction_mu_0p075_fast_chicane_p2l_v2,20.638999999999985,21.038999999999984,20.0,1.0,0.03010545563366081,0.09303921119697425,0.05383704018043737,0.8,0.06,20.0,1.0,1.0701482899292149e-15,3.707370966510335e-15,1.8828798334220506e-15,1.0,0.08,40.0,1.0,0.00016736870085410838,0.0003270105016287596,0.00021040481701610906,1.0,0.08,6.0,1.0,0.034624458965153246,0.07872385821584399,0.05444442304680429,0.8333333333333334,0.12
14_low_friction_mu_0p075_fast_chicane_p2l_v2:0021,14_low_friction_mu_0p075_fast_chicane_p2l_v2,20.838999999999984,21.238999999999983,20.0,1.0,4.989020307988315e-10,1.2790033880479224e-09,7.430428206539303e-10,1.0,0.06,20.0,1.0,6.51050259711873e-19,1.6690561203522677e-18,9.696457250117833e-19,1.0,0.08,40.0,1.0,0.00017500131466465077,0.00038033922360087533,0.00022105682462892585,1.0,0.08,6.0,1.0,0.01718097552426562,0.027431231741236968,0.019628312607308605,1.0,0.12
14_low_friction_mu_0p075_fast_chicane_p2l_v2:0022,14_low_friction_mu_0p075_fast_chicane_p2l_v2,21.038999999999984,21.438999999999982,20.0,1.0,2.267736503631033e-11,4.4821642342102687e-29,1.0141625954353377e-10,1.0,0.06,20.0,1.0,2.95931936232667e-20,3.1847692371018388e-43,1.323447852258753e-19,1.0,0.08,40.0,1.0,0.00018165192131792032,0.00035611697418346536,0.00022022766445646625,1.0,0.08,6.0,1.0,0.020933166475053153,0.032208446176078785,0.023521112544612068,1.0,0.12
14_low_friction_mu_0p075_fast_chicane_p2l_v2:0023,14_low_friction_mu_0p075_fast_chicane_p2l_v2,21.238999999999983,21.63899999999998,20.0,1.0,3.047871679262995e-29,4.4821642342102687e-29,3.330100225936672e-29,1.0,0.06,20.0,1.0,2.165643081229259e-43,3.1847692371018388e-43,2.366178524892371e-43,1.0,0.08,40.0,1.0,0.00015606976652207525,0.00031370817964012856,0.00019722495848344617,1.0,0.08,6.0,1.0,0.015408894730797923,0.02976002491039764,0.01983313179199207,1.0,0.12
14_low_friction_mu_0p075_fast_chicane_p2l_v2:0024,14_low_friction_mu_0p075_fast_chicane_p2l_v2,21.438999999999982,21.83899999999998,20.0,1.0,2.77894182521038e-29,4.4821642342102676e-29,3.0793479532181456e-29,1.0,0.06,20.0,1.0,1.9745569270031497e-43,3.184769237101838e-43,2.188008319036886e-43,1.0,0.08,40.0,1.0,0.0001657721878893348,0.00034490825218188215,0.0002061093721594623,1.0,0.08,6.0,1.0,0.018201213708314,0.029620981491280778,0.0205706582863092,1.0,0.12
14_low_friction_mu_0p075_fast_chicane_p2l_v2:0025,14_low_friction_mu_0p075_fast_chicane_p2l_v2,21.63899999999998,22.03899999999998,20.0,1.0,2.644476898184071e-29,4.4821642342102676e-29,2.979880858409572e-29,1.0,0.06,20.0,1.0,1.8790138498900937e-43,3.184769237101838e-43,2.117332697373493e-43,1.0,0.08,40.0,1.0,0.00016682428235005096,0.0003490174829586416,0.0002036232148305832,1.0,0.08,6.0,1.0,0.029218699083535086,0.04775870746135996,0.034027703781822384,1.0,0.12
14_low_friction_mu_0p075_fast_chicane_p2l_v2:0026,14_low_friction_mu_0p075_fast_chicane_p2l_v2,21.83899999999998,22.23899999999998,20.0,1.0,2.77894182521038e-29,4.4821642342102676e-29,3.0793479532181456e-29,1.0,0.06,20.0,1.0,1.9745569270031497e-43,3.184769237101838e-43,2.188008319036886e-43,1.0,0.08,40.0,1.0,0.00015582542877331008,0.000322517251384044,0.00019629705412270475,1.0,0.08,6.0,1.0,0.028738520934970018,0.058423362713504914,0.03650705979044966,1.0,0.12
14_low_friction_mu_0p075_fast_chicane_p2l_v2:0027,14_low_friction_mu_0p075_fast_chicane_p2l_v2,22.03899999999998,22.43899999999998,20.0,1.0,3.0926933216050957e-29,4.4821642342102687e-29,3.348149681856842e-29,1.0,0.06,20.0,1.0,2.197490773600276e-43,3.1847692371018388e-43,2.3790034346808695e-43,1.0,0.08,40.0,1.0,0.00017942168925604374,0.000322517251384044,0.00021396434460323936,1.0,0.08,6.0,1.0,0.017015046380810025,0.038004687142978485,0.02429438348053573,1.0,0.12
14_low_friction_mu_0p075_fast_chicane_p2l_v2:0028,14_low_friction_mu_0p075_fast_chicane_p2l_v2,22.23899999999998,22.638999999999978,20.0,1.0,3.047871679262995e-29,4.4821642342102687e-29,3.330100225936672e-29,1.0,0.06,20.0,1.0,2.165643081229259e-43,3.1847692371018388e-43,2.366178524892371e-43,1.0,0.08,40.0,1.0,0.00019457711313922624,0.00032994314032797604,0.00022104736392058763,1.0,0.08,6.0,1.0,0.023310130058142416,0.04550530837362783,0.029168032146724,1.0,0.12
14_low_friction_mu_0p075_fast_chicane_p2l_v2:0029,14_low_friction_mu_0p075_fast_chicane_p2l_v2,22.43899999999998,22.838999999999977,20.0,1.0,2.77894182521038e-29,4.4821642342102676e-29,3.0793479532181456e-29,1.0,0.06,20.0,1.0,1.9745569270031497e-43,3.184769237101838e-43,2.188008319036886e-43,1.0,0.08,40.0,1.0,0.00016542265119700092,0.0003294953034450974,0.00019941093382013983,1.0,0.08,7.0,1.0,0.021976954016833205,0.04420579671304414,0.0285448596664496,1.0,0.12
14_low_friction_mu_0p075_fast_chicane_p2l_v2:0030,14_low_friction_mu_0p075_fast_chicane_p2l_v2,22.638999999999978,23.038999999999977,20.0,1.0,2.644476898184071e-29,4.4821642342102676e-29,2.979880858409572e-29,1.0,0.06,20.0,1.0,1.8790138498900937e-43,3.184769237101838e-43,2.117332697373493e-43,1.0,0.08,40.0,1.0,0.00013145550615183436,0.00026246339303851937,0.00016360853422237398,1.0,0.08,7.0,1.0,0.011321896598682149,0.024849920763929043,0.015518896213173788,1.0,0.12
14_low_friction_mu_0p075_fast_chicane_p2l_v2:0031,14_low_friction_mu_0p075_fast_chicane_p2l_v2,22.838999999999977,23.238999999999976,20.0,1.0,2.77894182521038e-29,4.4821642342102676e-29,3.0793479532181456e-29,1.0,0.06,20.0,1.0,1.9745569270031497e-43,3.184769237101838e-43,2.188008319036886e-43,1.0,0.08,40.0,1.0,0.0001748814473583969,0.0003557855644707425,0.00022325648814811117,1.0,0.08,6.0,1.0,0.012166546919767707,0.019877339783633034,0.013963419684848903,1.0,0.12
14_low_friction_mu_0p075_fast_chicane_p2l_v2:0032,14_low_friction_mu_0p075_fast_chicane_p2l_v2,23.038999999999977,23.438999999999975,20.0,1.0,3.0926933216050957e-29,4.4821642342102687e-29,3.348149681856842e-29,1.0,0.06,20.0,1.0,2.197490773600276e-43,3.1847692371018388e-43,2.3790034346808695e-43,1.0,0.08,40.0,1.0,0.0001976146288732037,0.00040173583657610685,0.00023901205768175657,1.0,0.08,6.0,1.0,0.015078487316074835,0.028927435781892035,0.020099369713794155,1.0,0.12
14_low_friction_mu_0p075_fast_chicane_p2l_v2:0033,14_low_friction_mu_0p075_fast_chicane_p2l_v2,23.238999999999976,23.638999999999974,20.0,1.0,3.047871679262995e-29,4.4821642342102687e-29,3.330100225936672e-29,1.0,0.06,20.0,1.0,2.165643081229259e-43,3.1847692371018388e-43,2.366178524892371e-43,1.0,0.08,40.0,1.0,0.00019060596120060058,0.0003837354694697646,0.00022559240796556884,1.0,0.08,6.0,1.0,0.02397455739093327,0.044648592390136216,0.029155779425557093,1.0,0.12
14_low_friction_mu_0p075_fast_chicane_p2l_v2:0034,14_low_friction_mu_0p075_fast_chicane_p2l_v2,23.438999999999975,23.838999999999974,20.0,1.0,0.038402958309797,0.12517099500898954,0.07084593286833278,0.75,0.06,20.0,1.0,0.056769817235544605,0.22711823195239433,0.11461381620717205,0.75,0.08,40.0,1.0,0.02307533017065035,0.0943083054122157,0.04450996117529817,0.85,0.08,6.0,1.0,0.04190883576372698,0.0904078680718248,0.06051066127636178,0.8333333333333334,0.12
14_low_friction_mu_0p075_fast_chicane_p2l_v2:0035,14_low_friction_mu_0p075_fast_chicane_p2l_v2,23.638999999999974,24.038999999999973,20.0,1.0,0.041345042263467316,0.12517099500898954,0.07110988729634472,0.75,0.06,20.0,1.0,0.07154961512488525,0.22711823195239433,0.11778022572292034,0.7,0.08,40.0,1.0,0.02779642412619482,0.0943083054122157,0.04678107067309779,0.85,0.08,6.0,1.0,0.04794085471581461,0.09810596131425042,0.06489986356046518,0.8333333333333334,0.12
14_low_friction_mu_0p075_fast_chicane_p2l_v2:0036,14_low_friction_mu_0p075_fast_chicane_p2l_v2,23.838999999999974,24.238999999999972,20.0,1.0,0.0052498726516987644,0.005308098670750662,0.006938689326882815,1.0,0.06,20.0,1.0,0.019053542525293753,0.035770077349773464,0.02780103840708676,0.95,0.08,40.0,1.0,0.005045833212681078,0.011995703457053336,0.01440408322564773,1.0,0.08,6.0,1.0,0.035318170414353305,0.05541935276403118,0.040040041785557944,1.0,0.12
14_low_friction_mu_0p075_fast_chicane_p2l_v2:0037,14_low_friction_mu_0p075_fast_chicane_p2l_v2,24.038999999999973,24.43899999999997,20.0,1.0,0.006478481576891121,0.006453186458622242,0.00944466347864992,1.0,0.06,20.0,1.0,0.011293188284328199,0.016547031083614147,0.01221675307131096,1.0,0.08,40.0,1.0,0.0012186470576688272,0.001359960802097388,0.0030058822923945895,1.0,0.08,6.0,1.0,0.020803329712808506,0.03720162554099962,0.02504700741583374,1.0,0.12
14_low_friction_mu_0p075_fast_chicane_p2l_v2:0038,14_low_friction_mu_0p075_fast_chicane_p2l_v2,24.238999999999972,24.63899999999997,20.0,1.0,0.03798996188855866,0.10438143653551658,0.06307711421155607,0.75,0.06,20.0,1.0,0.05403551731103353,0.15676279058862327,0.08633728567042494,0.8,0.08,40.0,1.0,0.028420307581812732,0.08792672805019473,0.046758419368581175,0.85,0.08,6.0,1.0,0.03445881852806896,0.0727710442351211,0.04952506351600684,1.0,0.12
14_low_friction_mu_0p075_fast_chicane_p2l_v2:0039,14_low_friction_mu_0p075_fast_chicane_p2l_v2,24.43899999999997,24.83899999999997,20.0,1.0,0.03381926900995167,0.10438143653551658,0.06245155091183252,0.75,0.06,20.0,1.0,0.04701607366275838,0.15676279058862327,0.08568500961120822,0.8,0.08,40.0,1.0,0.027525710638009848,0.08792672805019473,0.0466632775331533,0.85,0.08,6.0,1.0,0.037754940089053134,0.0727710442351211,0.05105365968605435,1.0,0.12
14_low_friction_mu_0p075_fast_chicane_p2l_v2:0040,14_low_friction_mu_0p075_fast_chicane_p2l_v2,24.63899999999997,25.03899999999997,20.0,1.0,2.7931516750061013e-13,7.25049347649018e-13,4.057468687563927e-13,1.0,0.06,20.0,1.0,1.0541819942230556e-13,2.9368174558896953e-13,1.7476073067391313e-13,1.0,0.08,40.0,1.0,0.00016824042393491235,0.0004202479300180848,0.00021517972346651472,1.0,0.08,6.0,1.0,0.020344520911572538,0.03737060070122518,0.02478545260896711,1.0,0.12
14_low_friction_mu_0p075_fast_chicane_p2l_v2:0041,14_low_friction_mu_0p075_fast_chicane_p2l_v2,24.83899999999997,25.23899999999997,20.0,1.0,2.3626704690877397e-14,9.548515022068854e-14,5.1356810732161706e-14,1.0,0.06,20.0,1.0,5.4848802267702875e-15,2.2010171463193564e-14,1.195906482030593e-14,1.0,0.08,40.0,1.0,0.0001329837358423086,0.0002770742927079801,0.0001691571866996482,1.0,0.08,6.0,1.0,0.014325884427167306,0.03186074250056707,0.020227286775477124,1.0,0.12
14_low_friction_mu_0p075_fast_chicane_p2l_v2:0042,14_low_friction_mu_0p075_fast_chicane_p2l_v2,25.03899999999997,25.438999999999968,20.0,1.0,0.0,0.0,0.0,1.0,0.06,20.0,1.0,1.5463466608025479e-29,2.2410821171051344e-29,1.674074840928421e-29,1.0,0.08,40.0,1.0,0.0001410412864226868,0.0002894748055961613,0.0001742097559519408,1.0,0.08,6.0,1.0,0.01227192216007641,0.024166520946831967,0.016529218027874635,1.0,0.12
14_low_friction_mu_0p075_fast_chicane_p2l_v2:0043,14_low_friction_mu_0p075_fast_chicane_p2l_v2,25.23899999999997,25.638999999999967,20.0,1.0,0.0,0.0,0.0,1.0,0.06,20.0,1.0,1.5239358396314974e-29,2.2410821171051344e-29,1.665050112968336e-29,1.0,0.08,40.0,1.0,0.00014154119537915146,0.0002690908782768421,0.0001705713215988073,1.0,0.08,6.0,1.0,0.016079594816946742,0.02941693915527208,0.019321002977021207,1.0,0.12
14_low_friction_mu_0p075_fast_chicane_p2l_v2:0044,14_low_friction_mu_0p075_fast_chicane_p2l_v2,25.438999999999968,25.838999999999967,20.0,1.0,0.0,0.0,0.0,1.0,0.06,20.0,1.0,1.38947091260519e-29,2.2410821171051338e-29,1.5396739766090728e-29,1.0,0.08,40.0,1.0,0.00012263229147721613,0.00023241725750960203,0.00015122421455262145,1.0,0.08,6.0,1.0,0.011400442271332592,0.0218035517747628,0.01418304669111605,1.0,0.12
14_low_friction_mu_0p075_fast_chicane_p2l_v2:0045,14_low_friction_mu_0p075_fast_chicane_p2l_v2,25.638999999999967,26.038999999999966,20.0,1.0,0.036562338341414514,0.13109665078459473,0.07194459607620637,0.75,0.06,20.0,1.0,0.05204686944180177,0.24061754849567857,0.11631061020718776,0.8,0.08,40.0,1.0,0.018018967311580085,0.07715399111801252,0.04105890020227467,0.9,0.08,6.0,1.0,0.03744225075936232,0.08701692255969146,0.05300433082048811,1.0,0.12
14_low_friction_mu_0p075_fast_chicane_p2l_v2:0046,14_low_friction_mu_0p075_fast_chicane_p2l_v2,25.838999999999967,26.238999999999965,20.0,1.0,0.04363340139134561,0.13109665078459473,0.0734086368712259,0.75,0.06,20.0,1.0,0.06835432086866719,0.24061754849567857,0.12301604516026064,0.7,0.08,40.0,1.0,0.02972828941600219,0.09381851136106031,0.050220331580187946,0.85,0.08,6.0,1.0,0.044049416923563324,0.08701692255969146,0.055931654552728825,1.0,0.12
14_low_friction_mu_0p075_fast_chicane_p2l_v2:0047,14_low_friction_mu_0p075_fast_chicane_p2l_v2,26.038999999999966,26.438999999999965,20.0,1.0,0.01031367900318068,0.015471722422472006,0.015291572173872746,1.0,0.06,20.0,1.0,0.016411365348426528,0.05821922767155194,0.04006009218093755,0.9,0.08,40.0,1.0,0.01183783457420037,0.043583467716041574,0.028918424407036434,0.95,0.08,6.0,1.0,0.021519697182204933,0.03662359793240075,0.025478345444620118,1.0,0.12
14_low_friction_mu_0p075_fast_chicane_p2l_v2:0048,14_low_friction_mu_0p075_fast_chicane_p2l_v2,26.238999999999965,26.638999999999964,20.0,1.0,0.006656947556409887,0.0064908601475519075,0.006698369643473512,1.0,0.06,20.0,1.0,0.00018119146923353536,0.00021846214921458773,0.00018640512230551573,1.0,0.08,40.0,1.0,0.00014639079073269917,0.00025310045256505826,0.00018434848576309414,1.0,0.08,6.0,1.0,0.02203491768205355,0.03140893635217318,0.023910501671918886,1.0,0.12
14_low_friction_mu_0p075_fast_chicane_p2l_v2:0049,14_low_friction_mu_0p075_fast_chicane_p2l_v2,26.438999999999965,26.838999999999963,20.0,1.0,0.03765869489918736,0.09112690069896524,0.05909527435993572,0.75,0.06,20.0,1.0,0.04469816393516154,0.16072089513719592,0.08626617519295446,0.8,0.08,40.0,1.0,0.03032686539204337,0.09762365156168235,0.051185825031685624,0.8,0.08,6.0,1.0,0.036290124316496336,0.07505131050773708,0.05099750702025971,1.0,0.12
14_low_friction_mu_0p075_fast_chicane_p2l_v2:0050,14_low_friction_mu_0p075_fast_chicane_p2l_v2,26.638999999999964,27.038999999999962,20.0,1.0,0.03433835597032428,0.09112690069896524,0.05889463683614814,0.75,0.06,20.0,1.0,0.04512158340972838,0.16072089513719592,0.0862932451793055,0.8,0.08,40.0,1.0,0.03072680211104849,0.09762365156168235,0.051216591004424425,0.8,0.08,6.0,1.0,0.03758769240017773,0.07177250158889571,0.0512669526890039,1.0,0.12
14_low_friction_mu_0p075_fast_chicane_p2l_v2:0051,14_low_friction_mu_0p075_fast_chicane_p2l_v2,26.838999999999963,27.23899999999996,20.0,1.0,9.399267433884162e-05,5.964717526913388e-06,0.0004072289780512714,1.0,0.06,20.0,1.0,0.0005006970222422673,3.40828883903916e-05,0.0021643157305593747,1.0,0.08,40.0,1.0,0.0005478864941546776,0.00045585365445683805,0.0017851064067778038,1.0,0.08,6.0,1.0,0.025618168761940202,0.03432119656368228,0.027279068377904624,1.0,0.12
14_low_friction_mu_0p075_fast_chicane_p2l_v2:0052,14_low_friction_mu_0p075_fast_chicane_p2l_v2,27.038999999999962,27.43899999999996,20.0,1.0,4.161971973095922e-14,1.49806770050038e-13,8.010303608057563e-14,1.0,0.06,20.0,1.0,2.99015074064793e-15,1.037333098207291e-14,5.988710672413899e-15,1.0,0.08,40.0,1.0,0.00018123996484526367,0.00038388566104618165,0.0002350170647113179,1.0,0.08,6.0,1.0,0.029124409569513357,0.04020357366004012,0.031172948601931434,1.0,0.12
14_low_friction_mu_0p075_fast_chicane_p2l_v2:0053,14_low_friction_mu_0p075_fast_chicane_p2l_v2,27.23899999999996,27.63899999999996,20.0,1.0,0.0,0.0,0.0,1.0,0.06,20.0,1.0,0.0,0.0,0.0,1.0,0.08,40.0,1.0,0.0001879074934612246,0.0003845488557010521,0.00023790964478271004,1.0,0.08,6.0,1.0,0.025240725143944442,0.0389242290798629,0.028469772191488944,1.0,0.12
14_low_friction_mu_0p075_fast_chicane_p2l_v2:0054,14_low_friction_mu_0p075_fast_chicane_p2l_v2,27.43899999999996,27.83899999999996,20.0,1.0,0.0,0.0,0.0,1.0,0.06,20.0,1.0,0.0,0.0,0.0,1.0,0.08,40.0,1.0,0.00015278887384908424,0.00027219765507818496,0.00019994213864167588,1.0,0.08,6.0,1.0,0.03147034641886955,0.05339484341458347,0.036896115919450405,1.0,0.12
14_low_friction_mu_0p075_fast_chicane_p2l_v2:0055,14_low_friction_mu_0p075_fast_chicane_p2l_v2,27.63899999999996,28.03899999999996,20.0,1.0,0.0,0.0,0.0,1.0,0.06,20.0,1.0,0.0,0.0,0.0,1.0,0.08,40.0,1.0,0.00016390927635453884,0.00028601798867703354,0.00020382811155202464,1.0,0.08,6.0,1.0,0.031709986714129064,0.05339484341458347,0.03611837962894684,1.0,0.12
14_low_friction_mu_0p075_fast_chicane_p2l_v2:0056,14_low_friction_mu_0p075_fast_chicane_p2l_v2,27.83899999999996,28.238999999999958,20.0,1.0,0.0,0.0,0.0,1.0,0.06,20.0,1.0,0.0,0.0,0.0,1.0,0.08,40.0,1.0,0.0001830563054375089,0.0002964411575835603,0.00020472420774068816,1.0,0.08,6.0,1.0,0.013777663162478528,0.024101449152911396,0.016399277338972063,1.0,0.12
14_low_friction_mu_0p075_fast_chicane_p2l_v2:0057,14_low_friction_mu_0p075_fast_chicane_p2l_v2,28.03899999999996,28.438999999999957,20.0,1.0,0.0,0.0,0.0,1.0,0.06,20.0,1.0,0.0,0.0,0.0,1.0,0.08,40.0,1.0,0.00016447645524050197,0.0002746453156752475,0.00018786977617117978,1.0,0.08,6.0,1.0,0.013525384331376683,0.023804171610095376,0.016031270007752327,1.0,0.12
14_low_friction_mu_0p075_fast_chicane_p2l_v2:0058,14_low_friction_mu_0p075_fast_chicane_p2l_v2,28.238999999999958,28.638999999999957,20.0,1.0,0.0,0.0,0.0,1.0,0.06,20.0,1.0,0.0,0.0,0.0,1.0,0.08,40.0,1.0,0.0001884378297166484,0.000339672942747652,0.00022177249877071846,1.0,0.08,6.0,1.0,0.014295441938994709,0.024492013857662302,0.01656382563840381,1.0,0.12
14_low_friction_mu_0p075_fast_chicane_p2l_v2:0059,14_low_friction_mu_0p075_fast_chicane_p2l_v2,28.438999999999957,28.838999999999956,20.0,1.0,0.0,0.0,0.0,1.0,0.06,20.0,1.0,0.0,0.0,0.0,1.0,0.08,40.0,1.0,0.00020855537558066658,0.00035198642173220215,0.00024021755700563547,1.0,0.08,6.0,1.0,0.011024105968932893,0.022108332479193672,0.013668385403932792,1.0,0.12
14_low_friction_mu_0p075_fast_chicane_p2l_v2:0060,14_low_friction_mu_0p075_fast_chicane_p2l_v2,28.638999999999957,29.038999999999955,20.0,1.0,0.0038803158919464968,0.008903744147025982,0.011708886852460387,1.0,0.06,20.0,1.0,0.00044788601566180496,7.209230098936605e-05,0.0019136965991181656,1.0,0.08,40.0,1.0,0.0009424366547513147,0.0003562359272301052,0.003405992080980649,1.0,0.08,6.0,1.0,0.021121828538465014,0.040443263733305604,0.025694530870916527,1.0,0.12
14_low_friction_mu_0p075_fast_chicane_p2l_v2:0061,14_low_friction_mu_0p075_fast_chicane_p2l_v2,28.838999999999956,29.238999999999955,20.0,1.0,0.03660750649441814,0.10980028371944509,0.06403783864250757,0.75,0.06,20.0,1.0,0.060194698418811844,0.20460092234537638,0.1061713634302721,0.75,0.08,40.0,1.0,0.026634931578414005,0.08849097533815635,0.04575469639647117,0.85,0.08,6.0,1.0,0.047938376803902116,0.0886036579856922,0.05754700248752446,1.0,0.12
14_low_friction_mu_0p075_fast_chicane_p2l_v2:0062,14_low_friction_mu_0p075_fast_chicane_p2l_v2,29.038999999999955,29.438999999999954,20.0,1.0,0.03455042265943426,0.10980028371944509,0.06301297672290594,0.75,0.06,20.0,1.0,0.06544231739775695,0.20460092234537638,0.1064836015222585,0.75,0.08,40.0,1.0,0.025987054470856308,0.08849097533815635,0.045629040961565726,0.85,0.08,7.0,1.0,0.04957226585040352,0.08559305009837423,0.058166471895224024,1.0,0.12
14_low_friction_mu_0p075_fast_chicane_p2l_v2:0063,14_low_friction_mu_0p075_fast_chicane_p2l_v2,29.238999999999955,29.638999999999953,20.0,1.0,0.004091530320939329,0.004700713020296815,0.0041475800616933385,1.0,0.06,20.0,1.0,0.00932303516090247,0.014183838637728088,0.009843166785150964,1.0,0.08,40.0,1.0,0.00042069195685669745,0.0006136204297437332,0.0004564249005430158,1.0,0.08,7.0,1.0,0.03432071070046448,0.0509255029521989,0.039021267734328166,1.0,0.12
14_low_friction_mu_0p075_fast_chicane_p2l_v2:0064,14_low_friction_mu_0p075_fast_chicane_p2l_v2,29.438999999999954,29.838999999999952,20.0,1.0,0.02743180870138262,0.0901213893967963,0.055413375900408984,0.85,0.06,20.0,1.0,0.035009108897666875,0.08045701635953059,0.07140103683514001,0.9,0.08,40.0,1.0,0.013716280792491214,0.06484364080248278,0.03116975974618585,0.925,0.08,6.0,1.0,0.03900151314311733,0.07094126504498208,0.048655899162804654,1.0,0.12
14_low_friction_mu_0p075_fast_chicane_p2l_v2:0065,14_low_friction_mu_0p075_fast_chicane_p2l_v2,29.638999999999953,30.03899999999995,20.0,1.0,0.035812082153005145,0.10268053099268415,0.06176753676077255,0.75,0.06,20.0,1.0,0.050621481640983255,0.15616328665445534,0.0845502833616684,0.8,0.08,40.0,1.0,0.026815140078005072,0.08995461948704306,0.045629207542951744,0.85,0.08,6.0,1.0,0.0387745854432866,0.07094126504498208,0.04767737455778534,1.0,0.12
14_low_friction_mu_0p075_fast_chicane_p2l_v2:0066,14_low_friction_mu_0p075_fast_chicane_p2l_v2,29.838999999999952,30.23899999999995,20.0,1.0,0.010648571715656549,0.03682095923033606,0.02747544904783445,0.9,0.06,20.0,1.0,0.01923990290962489,0.07416534318713713,0.045579261430874554,0.9,0.08,40.0,1.0,0.013390295026063963,0.05578244713450748,0.033325652592498395,0.925,0.08,6.0,1.0,0.03252915327981428,0.05394118846352894,0.03810126805312717,1.0,0.12
14_low_friction_mu_0p075_fast_chicane_p2l_v2:0067,14_low_friction_mu_0p075_fast_chicane_p2l_v2,30.03899999999995,30.43899999999995,20.0,1.0,5.73042566381636e-14,2.0989258286492146e-13,1.0976706206082162e-13,1.0,0.06,20.0,1.0,1.2953022492984634e-14,4.5305930724220316e-14,2.5384504264639008e-14,1.0,0.08,40.0,1.0,0.00015223160862888474,0.0002674186563217737,0.00018488412916709305,1.0,0.08,6.0,1.0,0.02300611431121739,0.05394118846352894,0.03236008723264687,1.0,0.12
14_low_friction_mu_0p075_fast_chicane_p2l_v2:0068,14_low_friction_mu_0p075_fast_chicane_p2l_v2,30.23899999999995,30.63899999999995,20.0,1.0,5.942574654880261e-29,8.739080374823882e-29,6.492848545922893e-29,1.0,0.06,20.0,1.0,7.619679198157487e-30,1.1205410585525672e-29,8.32525056484168e-30,1.0,0.08,40.0,1.0,0.0001712030925660998,0.0002817446509511025,0.00020700315774523548,1.0,0.08,6.0,1.0,0.011097825639994481,0.021957396906077564,0.0141039099678911,1.0,0.12
14_low_friction_mu_0p075_fast_chicane_p2l_v2:0069,14_low_friction_mu_0p075_fast_chicane_p2l_v2,30.43899999999995,30.83899999999995,20.0,1.0,5.418229832390832e-29,8.739080374823879e-29,6.003945384202167e-29,1.0,0.06,20.0,1.0,6.94735456302595e-30,1.1205410585525669e-29,7.698369883045364e-30,1.0,0.08,40.0,1.0,0.00017244008055024486,0.00032907928343229367,0.00022347096109261999,1.0,0.08,6.0,1.0,0.016504667493358906,0.025172404046771867,0.01858873033549972,1.0,0.12
14_low_friction_mu_0p075_fast_chicane_p2l_v2:0070,14_low_friction_mu_0p075_fast_chicane_p2l_v2,30.63899999999995,31.038999999999948,20.0,1.0,0.03396515728307174,0.10480449881918251,0.06338704605289606,0.7,0.06,20.0,1.0,0.0037000054573353125,0.011821018463369111,0.006183177334837939,1.0,0.08,40.0,1.0,0.005047405798663265,0.01159060914776585,0.009937866139750343,1.0,0.08,6.0,1.0,0.0449440103963755,0.08982425761473395,0.06298489320735186,0.8333333333333334,0.12
14_low_friction_mu_0p075_fast_chicane_p2l_v2:0071,14_low_friction_mu_0p075_fast_chicane_p2l_v2,30.83899999999995,31.238999999999947,20.0,1.0,0.0362876481969974,0.10480449881918251,0.06383618645057103,0.7,0.06,20.0,1.0,0.004627277057326465,0.011821018463369111,0.006626527952779168,1.0,0.08,40.0,1.0,0.005721720494649764,0.01159060914776585,0.010153472619791958,1.0,0.08,6.0,1.0,0.05411169991665393,0.10905901069548203,0.07041405279589345,0.8333333333333334,0.12
14_low_friction_mu_0p075_fast_chicane_p2l_v2:0072,14_low_friction_mu_0p075_fast_chicane_p2l_v2,31.038999999999948,31.438999999999947,20.0,1.0,0.08831156511072975,0.23230950662817512,0.13529232187463505,0.6,0.06,20.0,1.0,0.001472937093124363,0.0036738337151718133,0.0026406868215660345,1.0,0.08,40.0,1.0,0.0014000844691109738,0.0038932422998919913,0.002462355123931804,1.0,0.08,6.0,1.0,0.11814187808620687,0.22989429060847102,0.1477012467971032,0.5,0.12
14_low_friction_mu_0p075_fast_chicane_p2l_v2:0073,14_low_friction_mu_0p075_fast_chicane_p2l_v2,31.238999999999947,31.638999999999946,20.0,1.0,0.16186208340427471,0.2330798125307565,0.18447983619466374,0.25,0.06,20.0,1.0,0.007763646501882708,0.02657204988821371,0.01235987890960716,1.0,0.08,40.0,1.0,0.006593675793732915,0.01785958165994901,0.010156639585829687,1.0,0.08,6.0,1.0,0.16724931566846915,0.22989429060847102,0.17941879117275336,0.16666666666666666,0.12
14_low_friction_mu_0p075_fast_chicane_p2l_v2:0074,14_low_friction_mu_0p075_fast_chicane_p2l_v2,31.438999999999947,31.838999999999945,20.0,1.0,0.07751659660645278,0.2330798125307565,0.12567024068164245,0.65,0.06,20.0,1.0,0.015041524269644382,0.027324968618616087,0.017929714258187873,1.0,0.08,40.0,1.0,0.011290159551036884,0.023266895614397425,0.01381452131576505,1.0,0.08,6.0,1.0,0.08046434993810897,0.18028645551254507,0.11107244750361185,0.6666666666666666,0.12
14_low_friction_mu_0p075_fast_chicane_p2l_v2:0075,14_low_friction_mu_0p075_fast_chicane_p2l_v2,31.638999999999946,32.038999999999945,20.0,1.0,0.01113089992953253,0.024124315480340153,0.01427222819318105,1.0,0.06,20.0,1.0,0.061614682133013264,0.13752751495771395,0.08066124143475262,0.65,0.08,40.0,1.0,0.008508054869798037,0.020672701649718087,0.011636874999286435,1.0,0.08,6.0,1.0,0.0249157417069114,0.05797014564223907,0.03501968427764731,1.0,0.12
14_low_friction_mu_0p075_fast_chicane_p2l_v2:0076,14_low_friction_mu_0p075_fast_chicane_p2l_v2,31.838999999999945,32.23899999999995,20.0,1.0,0.0257704790927464,0.03562689959174267,0.02706808342388277,1.0,0.06,20.0,1.0,0.14507806322024225,0.19814405159109338,0.15214662365791662,0.15,0.08,40.0,1.0,0.0032684080027914056,0.012484328509986346,0.006786827501086358,1.0,0.08,6.0,1.0,0.022871132652639774,0.043259766662674476,0.027657420126044628,1.0,0.12
14_low_friction_mu_0p075_fast_chicane_p2l_v2:0077,14_low_friction_mu_0p075_fast_chicane_p2l_v2,32.038999999999945,32.43899999999994,20.0,1.0,0.03942143865451313,0.04992779963169313,0.040291120670475675,1.0,0.06,20.0,1.0,0.20993103370368535,0.250173508640532,0.2123236710610013,0.0,0.08,40.0,1.0,0.0009459769595224022,0.0029334224845029584,0.002122956418295123,1.0,0.08,6.0,1.0,0.017958064788423416,0.02970006030112446,0.021005379269700943,1.0,0.12
14_low_friction_mu_0p075_fast_chicane_p2l_v2:0078,14_low_friction_mu_0p075_fast_chicane_p2l_v2,32.23899999999995,32.638999999999946,20.0,1.0,0.12762248302152218,0.24646749424444045,0.15475582708980457,0.5,0.06,20.0,1.0,0.2503804549767247,0.2766266341188058,0.2512183930153849,0.0,0.08,40.0,1.0,0.0047468831025324,0.013919697118855953,0.007736357773935559,1.0,0.08,6.0,1.0,0.03271432961020982,0.06527441703038171,0.04208060614604925,1.0,0.12
15_wheel_drag_both_f1p6_t1p2_p2l_v2:0000,15_wheel_drag_both_f1p6_t1p2_p2l_v2,16.682,17.081999999999997,20.0,1.0,0.020722076018686846,0.08087896161930627,0.04576316628541726,0.85,0.06,20.0,1.0,1.3993783022575026e-15,4.0445365319599185e-15,2.0207043141180065e-15,1.0,0.08,40.0,1.0,0.0001274071547338517,0.0002480022237290807,0.00015615969799083427,1.0,0.08,6.0,1.0,0.03498863008304646,0.07719947006763674,0.05036474957271591,1.0,0.12
15_wheel_drag_both_f1p6_t1p2_p2l_v2:0001,15_wheel_drag_both_f1p6_t1p2_p2l_v2,16.881999999999998,17.281999999999996,20.0,1.0,2.6475315595753113e-05,2.647681376606037e-05,2.6475315615093745e-05,1.0,0.06,20.0,1.0,6.003646733048343e-16,6.403079220702737e-16,6.027125930349901e-16,1.0,0.08,40.0,1.0,0.00014589006357692752,0.00026009907850671406,0.00017590563357232076,1.0,0.08,6.0,1.0,0.01008752445804465,0.0176512350438547,0.012202636310689028,1.0,0.12
15_wheel_drag_both_f1p6_t1p2_p2l_v2:0002,15_wheel_drag_both_f1p6_t1p2_p2l_v2,17.081999999999997,17.481999999999996,20.0,1.0,2.647447094079741e-05,2.6474671659465487e-05,2.647447094114459e-05,1.0,0.06,20.0,1.0,6.746552876577423e-16,7.375736493464154e-16,6.761738973692394e-16,1.0,0.08,40.0,1.0,0.0001427840739341119,0.00030643020157391663,0.0001795722371959896,1.0,0.08,6.0,1.0,0.008652127601544999,0.015873605254968934,0.010700472639552587,1.0,0.12
15_wheel_drag_both_f1p6_t1p2_p2l_v2:0003,15_wheel_drag_both_f1p6_t1p2_p2l_v2,17.281999999999996,17.681999999999995,20.0,1.0,2.6474357777807324e-05,2.6474384662975027e-05,2.647435777781355e-05,1.0,0.06,20.0,1.0,7.531720597026087e-16,8.283079282756925e-16,7.548345396495765e-16,1.0,0.08,40.0,1.0,0.00015244569150677152,0.00029778891958120676,0.00018245938830135632,1.0,0.08,6.0,1.0,0.013070083759870857,0.022791483408022034,0.014819372990711168,1.0,0.12
15_wheel_drag_both_f1p6_t1p2_p2l_v2:0004,15_wheel_drag_both_f1p6_t1p2_p2l_v2,17.481999999999996,17.881999999999994,20.0,1.0,2.6474342622183345e-05,2.647434622121969e-05,2.6474342622183457e-05,1.0,0.06,20.0,1.0,8.534747458020719e-16,9.527833338942804e-16,8.567021127582067e-16,1.0,0.08,40.0,1.0,0.0001652470065112158,0.0002875197017425528,0.0002058614745445352,1.0,0.08,6.0,1.0,0.018387680902557338,0.03756216523008056,0.024338203481400048,1.0,0.12
15_wheel_drag_both_f1p6_t1p2_p2l_v2:0005,15_wheel_drag_both_f1p6_t1p2_p2l_v2,17.681999999999995,18.081999999999994,20.0,1.0,2.6474340665018358e-05,2.6474341071047735e-05,2.6474340665018358e-05,1.0,0.06,20.0,1.0,9.846127134543085e-16,1.0817923041490876e-15,9.876562442582614e-16,1.0,0.08,40.0,1.0,0.00018948677348206623,0.0003799951236337405,0.0002382747970859251,1.0,0.08,6.0,1.0,0.019428160379449676,0.042769371212779114,0.02626340241751323,1.0,0.12
15_wheel_drag_both_f1p6_t1p2_p2l_v2:0006,15_wheel_drag_both_f1p6_t1p2_p2l_v2,17.881999999999994,18.281999999999993,20.0,1.0,2.647434049766473e-05,2.6474340498405802e-05,2.6474340497664726e-05,1.0,0.06,20.0,1.0,1.129135754489921e-15,1.2549206407239418e-15,1.1326647665392908e-15,1.0,0.08,40.0,1.0,0.000213765671164303,0.0003943144528201261,0.00025405571287331403,1.0,0.08,6.0,1.0,0.015195568757059227,0.03805480216582015,0.02260585892800821,1.0,0.12
15_wheel_drag_both_f1p6_t1p2_p2l_v2:0007,15_wheel_drag_both_f1p6_t1p2_p2l_v2,18.081999999999994,18.481999999999992,20.0,1.0,2.6474340497759095e-05,2.6474340498405802e-05,2.64743404977591e-05,1.0,0.06,20.0,1.0,1.2981520863349601e-15,1.4371882975030806e-15,1.3025808849719891e-15,1.0,0.08,40.0,1.0,0.00016959519530183978,0.0003167127478633765,0.0002116049422940707,1.0,0.08,7.0,1.0,0.03010818321447588,0.05118770450127325,0.03683745379853375,1.0,0.12
15_wheel_drag_both_f1p6_t1p2_p2l_v2:0008,15_wheel_drag_both_f1p6_t1p2_p2l_v2,18.281999999999993,18.68199999999999,20.0,1.0,2.647434049759395e-05,2.6474340498330863e-05,2.647434049759395e-05,1.0,0.06,20.0,1.0,1.4968868850166887e-15,1.6634825786894572e-15,1.501820467042584e-15,1.0,0.08,40.0,1.0,0.00010930803165235107,0.00021220089769770654,0.00013738914114945505,1.0,0.08,7.0,1.0,0.03404382791271481,0.051575643929932885,0.03902788848356453,1.0,0.12
15_wheel_drag_both_f1p6_t1p2_p2l_v2:0009,15_wheel_drag_both_f1p6_t1p2_p2l_v2,18.481999999999992,18.88199999999999,20.0,1.0,2.647434049779518e-05,2.6474340498428008e-05,2.647434049779518e-05,1.0,0.06,20.0,1.0,1.7196139282596315e-15,1.9011302524241894e-15,1.7249616644529329e-15,1.0,0.08,40.0,1.0,0.00014863761557325737,0.00032196904859143656,0.00018952644490475204,1.0,0.08,6.0,1.0,0.021113010478515007,0.03914747755786342,0.026106594495047035,1.0,0.12
15_wheel_drag_both_f1p6_t1p2_p2l_v2:0010,15_wheel_drag_both_f1p6_t1p2_p2l_v2,18.68199999999999,19.08199999999999,20.0,1.0,2.6474340497673054e-05,2.6474340498428008e-05,2.6474340497673057e-05,1.0,0.06,20.0,1.0,1.974631652114492e-15,2.1754178472451732e-15,1.9808408546888574e-15,1.0,0.08,40.0,1.0,0.0001897333903470121,0.0003794646336084592,0.00023077183756540977,1.0,0.08,6.0,1.0,0.02071131605478466,0.026110579738398407,0.02134303897457167,1.0,0.12
15_wheel_drag_both_f1p6_t1p2_p2l_v2:0011,15_wheel_drag_both_f1p6_t1p2_p2l_v2,18.88199999999999,19.28199999999999,20.0,1.0,2.647434049763836e-05,2.6474340498405802e-05,2.647434049763836e-05,1.0,0.06,20.0,1.0,2.267727766277688e-15,2.5219501470202036e-15,2.274827723399475e-15,1.0,0.08,40.0,1.0,0.00018866150690565616,0.0003777691799671427,0.00022733718016541013,1.0,0.08,6.0,1.0,0.029508133185718197,0.04418732543823277,0.033160437922228905,1.0,0.12
15_wheel_drag_both_f1p6_t1p2_p2l_v2:0012,15_wheel_drag_both_f1p6_t1p2_p2l_v2,19.08199999999999,19.48199999999999,20.0,1.0,2.6474340497754935e-05,2.6474340498330863e-05,2.6474340497754935e-05,1.0,0.06,20.0,1.0,2.5948740433867534e-15,2.856949646446766e-15,2.6026309939839145e-15,1.0,0.08,40.0,1.0,0.00018598008815051207,0.00037026159454009677,0.0002282313019651367,1.0,0.08,6.0,1.0,0.03334863059040773,0.06434461737941884,0.04038021562318073,1.0,0.12
15_wheel_drag_both_f1p6_t1p2_p2l_v2:0013,15_wheel_drag_both_f1p6_t1p2_p2l_v2,19.28199999999999,19.681999999999988,20.0,1.0,2.6474340497556482e-05,2.6474340498330863e-05,2.6474340497556482e-05,1.0,0.06,20.0,1.0,2.97001475912403e-15,3.29056756672686e-15,2.9791898795805167e-15,1.0,0.08,40.0,1.0,0.00015920859498468282,0.0003366877532026379,0.00020467959258402835,1.0,0.08,6.0,1.0,0.025812656812011045,0.04450763283921837,0.03192588055955413,1.0,0.12
15_wheel_drag_both_f1p6_t1p2_p2l_v2:0014,15_wheel_drag_both_f1p6_t1p2_p2l_v2,19.48199999999999,19.881999999999987,20.0,1.0,2.647434049766195e-05,2.6474340498330863e-05,2.647434049766195e-05,1.0,0.06,20.0,1.0,3.411059242870366e-15,3.778679348376688e-15,3.4221158917542023e-15,1.0,0.08,40.0,1.0,0.00015652531654533017,0.00034648975104570464,0.00019716378214800238,1.0,0.08,6.0,1.0,0.02423085422282542,0.0398502690582883,0.02816091145578516,1.0,0.12
15_wheel_drag_both_f1p6_t1p2_p2l_v2:0015,15_wheel_drag_both_f1p6_t1p2_p2l_v2,19.681999999999988,20.081999999999987,20.0,1.0,2.6474340497581462e-05,2.6474340498405802e-05,2.6474340497581462e-05,1.0,0.06,20.0,1.0,3.916833613352688e-15,4.330039605151697e-15,3.928901502128723e-15,1.0,0.08,40.0,1.0,0.00015866769092997196,0.00034648975104570464,0.00019548587541801547,1.0,0.08,6.0,1.0,0.026354149031239418,0.04555308292443577,0.03109974549393239,1.0,0.12
15_wheel_drag_both_f1p6_t1p2_p2l_v2:0016,15_wheel_drag_both_f1p6_t1p2_p2l_v2,19.881999999999987,20.281999999999986,20.0,1.0,2.647434049763836e-05,2.6474340498405802e-05,2.647434049763836e-05,1.0,0.06,20.0,1.0,4.4905811169361316e-15,4.976631962834561e-15,4.504590907962345e-15,1.0,0.08,40.0,1.0,0.00016506712711292533,0.00030918839354938065,0.00020234808731737247,1.0,0.08,6.0,1.0,0.019028008657757656,0.03274391975241951,0.02210626825893618,1.0,0.12
15_wheel_drag_both_f1p6_t1p2_p2l_v2:0017,15_wheel_drag_both_f1p6_t1p2_p2l_v2,20.081999999999987,20.481999999999985,20.0,1.0,2.6474340497754935e-05,2.6474340498330863e-05,2.6474340497754935e-05,1.0,0.06,20.0,1.0,5.149601817972998e-15,5.697610106016387e-15,5.16574223785462e-15,1.0,0.08,40.0,1.0,0.0001650109653894908,0.00032945586299095255,0.00021011547446786482,1.0,0.08,6.0,1.0,0.01521150566625038,0.02765637306498027,0.01917758258889524,1.0,0.12
15_wheel_drag_both_f1p6_t1p2_p2l_v2:0018,15_wheel_drag_both_f1p6_t1p2_p2l_v2,20.281999999999986,20.681999999999984,20.0,1.0,2.6474340497556482e-05,2.6474340498330863e-05,2.6474340497556482e-05,1.0,0.06,20.0,1.0,5.8854818562783885e-15,6.491620567218715e-15,5.902479549684747e-15,1.0,0.08,40.0,1.0,0.0001562985858867086,0.00034807268350025265,0.00020070802313239535,1.0,0.08,6.0,1.0,0.028987673297711323,0.05077020791260378,0.03475230599522114,1.0,0.12
15_wheel_drag_both_f1p6_t1p2_p2l_v2:0019,15_wheel_drag_both_f1p6_t1p2_p2l_v2,20.481999999999985,20.881999999999984,20.0,1.0,2.647434049765779e-05,2.6474340498330863e-05,2.647434049765779e-05,1.0,0.06,20.0,1.0,6.751510794461664e-15,7.491804059084694e-15,6.774019184568785e-15,1.0,0.08,40.0,1.0,0.00015849200649887304,0.00031122724913469385,0.0001914215743449546,1.0,0.08,6.0,1.0,0.03953071114147475,0.05118046951490983,0.04172127321055011,1.0,0.12
15_wheel_drag_both_f1p6_t1p2_p2l_v2:0020,15_wheel_drag_both_f1p6_t1p2_p2l_v2,20.681999999999984,21.081999999999983,20.0,1.0,2.647434049756897e-05,2.6474340498405802e-05,2.647434049756897e-05,1.0,0.06,20.0,1.0,7.768049001769111e-15,8.599756337996709e-15,7.79249852497838e-15,1.0,0.08,40.0,1.0,0.00013719141415080016,0.00024911761614484937,0.00016329490238912694,1.0,0.08,6.0,1.0,0.0238704501805332,0.04632344365081216,0.029485181482672856,1.0,0.12
15_wheel_drag_both_f1p6_t1p2_p2l_v2:0021,15_wheel_drag_both_f1p6_t1p2_p2l_v2,20.881999999999984,21.281999999999982,20.0,1.0,2.647434049762448e-05,2.6474340498405802e-05,2.647434049762448e-05,1.0,0.06,20.0,1.0,8.909367989555144e-15,9.850336862577685e-15,8.937058913474559e-15,1.0,0.08,40.0,1.0,0.00013443107770921438,0.0002531087619906663,0.00016797883506012708,1.0,0.08,6.0,1.0,0.01635780390841825,0.027258107772431525,0.01881690387915822,1.0,0.12
15_wheel_drag_both_f1p6_t1p2_p2l_v2:0022,15_wheel_drag_both_f1p6_t1p2_p2l_v2,21.081999999999983,21.48199999999998,20.0,1.0,2.6474340497745218e-05,2.6474340498330863e-05,2.6474340497745218e-05,1.0,0.06,20.0,1.0,1.022976917339724e-14,1.1327480302142934e-14,1.026248184382895e-14,1.0,0.08,40.0,1.0,0.0001362348729095783,0.00026273600969215557,0.00017191596627108284,1.0,0.08,6.0,1.0,0.02012328938632105,0.027258107772431525,0.021302709310476214,1.0,0.12
15_wheel_drag_both_f1p6_t1p2_p2l_v2:0023,15_wheel_drag_both_f1p6_t1p2_p2l_v2,21.281999999999982,21.68199999999998,20.0,1.0,2.647434049754399e-05,2.6474340498330863e-05,2.6474340497543993e-05,1.0,0.06,20.0,1.0,1.17383833552631e-14,1.2975080217076083e-14,1.1774383995866026e-14,1.0,0.08,40.0,1.0,0.00015343368460668535,0.0003148368904815018,0.00018992793168221982,1.0,0.08,6.0,1.0,0.013294714663601654,0.022244713485090523,0.015576186310914465,1.0,0.12
15_wheel_drag_both_f1p6_t1p2_p2l_v2:0024,15_wheel_drag_both_f1p6_t1p2_p2l_v2,21.48199999999998,21.88199999999998,20.0,1.0,0.007503823731805838,0.028231781001531876,0.014552471279766731,1.0,0.06,20.0,1.0,1.4402556247440594e-14,1.848439528478377e-14,1.4628190065167393e-14,1.0,0.08,40.0,1.0,0.00016184238569846328,0.0003183354285772766,0.00020148918269309002,1.0,0.08,6.0,1.0,0.01985304688454842,0.0380723652200857,0.02594531510722977,1.0,0.12
15_wheel_drag_both_f1p6_t1p2_p2l_v2:0025,15_wheel_drag_both_f1p6_t1p2_p2l_v2,21.68199999999998,22.08199999999998,20.0,1.0,0.008759116116328129,0.028231781001531876,0.015093611566495168,1.0,0.06,20.0,1.0,2.0181755490471815e-14,2.5343101026104063e-14,2.0653118292338888e-14,1.0,0.08,40.0,1.0,0.00014344294250607587,0.0002536183098483269,0.00017651481857805694,1.0,0.08,6.0,1.0,0.023087478977253027,0.04031014071523559,0.027429708291165117,1.0,0.12
15_wheel_drag_both_f1p6_t1p2_p2l_v2:0026,15_wheel_drag_both_f1p6_t1p2_p2l_v2,21.88199999999998,22.28199999999998,20.0,1.0,0.0012870587247386545,0.0021224911008768024,0.00400546213032066,1.0,0.06,20.0,1.0,2.6674973399768377e-14,3.071279565109372e-14,2.6842905488040667e-14,1.0,0.08,40.0,1.0,0.00013267492910428688,0.0002383233780248609,0.00015576370143672867,1.0,0.08,6.0,1.0,0.01392022118357337,0.020790901766506553,0.015393674297263035,1.0,0.12
15_wheel_drag_both_f1p6_t1p2_p2l_v2:0027,15_wheel_drag_both_f1p6_t1p2_p2l_v2,22.08199999999998,22.481999999999978,20.0,1.0,3.7058340153867106e-05,3.705834039691158e-05,3.705834015386711e-05,1.0,0.06,20.0,1.0,3.2343821641766327e-14,3.718382581927794e-14,3.254004480283633e-14,1.0,0.08,40.0,1.0,0.00014330429229674927,0.0002720472411106217,0.0001768267387385582,1.0,0.08,6.0,1.0,0.02415165722315174,0.04321326451937335,0.029286564813551783,1.0,0.12
15_wheel_drag_both_f1p6_t1p2_p2l_v2:0028,15_wheel_drag_both_f1p6_t1p2_p2l_v2,22.28199999999998,22.681999999999977,20.0,1.0,3.705834038437439e-05,3.705834039741673e-05,3.705834038437439e-05,1.0,0.06,20.0,1.0,3.918501041640131e-14,4.507720596335526e-14,3.942435244205348e-14,1.0,0.08,40.0,1.0,0.00015691827257174196,0.00032628897333496026,0.000196805362953575,1.0,0.08,6.0,1.0,0.05031109715813175,0.07249338973923333,0.053826018981973735,1.0,0.12
15_wheel_drag_both_f1p6_t1p2_p2l_v2:0029,15_wheel_drag_both_f1p6_t1p2_p2l_v2,22.481999999999978,22.881999999999977,20.0,1.0,4.3799774826380755e-05,6.189673123442875e-05,4.580629124951591e-05,1.0,0.06,20.0,1.0,4.749576136586309e-14,5.464168652482946e-14,4.7786600554916155e-14,1.0,0.08,40.0,1.0,0.00014713048143841196,0.00032486450702862916,0.00018900544916884652,1.0,0.08,6.0,1.0,0.044550194112187795,0.07249338973923333,0.05185612705454694,1.0,0.12
15_wheel_drag_both_f1p6_t1p2_p2l_v2:0030,15_wheel_drag_both_f1p6_t1p2_p2l_v2,22.681999999999977,23.081999999999976,20.0,1.0,0.00011593061195903088,0.00022756472992599978,0.00013838329011558095,1.0,0.06,20.0,1.0,5.756577502820671e-14,6.61999157754441e-14,5.791699509044967e-14,1.0,0.08,40.0,1.0,0.0001610988130337249,0.00035956108408780534,0.0002032708114071105,1.0,0.08,6.0,1.0,0.031042621132609343,0.049528691212580855,0.03547676133456792,1.0,0.12
15_wheel_drag_both_f1p6_t1p2_p2l_v2:0031,15_wheel_drag_both_f1p6_t1p2_p2l_v2,22.881999999999977,23.281999999999975,20.0,1.0,0.0002695736608040539,0.000403653547777072,0.0002881666760853489,1.0,0.06,20.0,1.0,6.975089741167914e-14,8.022020067852123e-14,7.017550205044229e-14,1.0,0.08,40.0,1.0,0.00015349799824876015,0.00027674990343991773,0.00018471659370071232,1.0,0.08,6.0,1.0,0.024751596199067555,0.04030072144306687,0.02812660374011155,1.0,0.12
15_wheel_drag_both_f1p6_t1p2_p2l_v2:0032,15_wheel_drag_both_f1p6_t1p2_p2l_v2,23.081999999999976,23.481999999999974,20.0,1.0,0.0004454344953849082,0.000578193584452602,0.00045674918651199937,1.0,0.06,20.0,1.0,8.448753592974997e-14,9.714389336697243e-14,8.500006692639392e-14,1.0,0.08,40.0,1.0,0.00014120809841310615,0.0002745567291497043,0.00017688076581285226,1.0,0.08,6.0,1.0,0.02174967219574911,0.04200836863688362,0.028568508006189562,1.0,0.12
15_wheel_drag_both_f1p6_t1p2_p2l_v2:0033,15_wheel_drag_both_f1p6_t1p2_p2l_v2,23.281999999999975,23.681999999999974,20.0,1.0,0.0006212531769171914,0.0007556791067218127,0.0006295185568197344,1.0,0.06,20.0,1.0,1.0232302823329857e-13,1.1768808934733125e-13,1.0294500974597198e-13,1.0,0.08,40.0,1.0,0.00014195176020252219,0.0002985133685495572,0.0001821716260816583,1.0,0.08,6.0,1.0,0.021514693666255396,0.04061815036327002,0.028693562266806725,1.0,0.12
15_wheel_drag_both_f1p6_t1p2_p2l_v2:0034,15_wheel_drag_both_f1p6_t1p2_p2l_v2,23.481999999999974,23.881999999999973,20.0,1.0,0.00651187580341793,0.02181628422038756,0.014998946043496771,1.0,0.06,20.0,1.0,0.007958366915527437,0.027874875434170967,0.02107245807755727,1.0,0.08,40.0,1.0,0.0071355139733401875,0.026913426698345923,0.019030913149991873,1.0,0.08,6.0,1.0,0.01415057974494612,0.029295754944293484,0.019476401964747772,1.0,0.12
15_wheel_drag_both_f1p6_t1p2_p2l_v2:0035,15_wheel_drag_both_f1p6_t1p2_p2l_v2,23.681999999999974,24.081999999999972,20.0,1.0,0.012776384378789706,0.03586672371414452,0.02015706942767926,1.0,0.06,20.0,1.0,0.020885071217093355,0.07088022558524035,0.03554733499580908,0.95,0.08,40.0,1.0,0.02116029997346074,0.07046590054764473,0.035912392026954475,0.925,0.08,6.0,1.0,0.0243643656523197,0.05014719007916382,0.031906519709368635,1.0,0.12
15_wheel_drag_both_f1p6_t1p2_p2l_v2:0036,15_wheel_drag_both_f1p6_t1p2_p2l_v2,23.881999999999973,24.28199999999997,20.0,1.0,0.008251541315070108,0.025512025782896776,0.01367585223728767,1.0,0.06,20.0,1.0,0.014447352696080325,0.057585118378572615,0.028742328231290255,0.95,0.08,40.0,1.0,0.014266134376449847,0.06072031190109146,0.03045685740166877,0.925,0.08,6.0,1.0,0.02683368194374754,0.04624371666673985,0.032425499348559345,1.0,0.12
15_wheel_drag_both_f1p6_t1p2_p2l_v2:0037,15_wheel_drag_both_f1p6_t1p2_p2l_v2,24.081999999999972,24.48199999999997,20.0,1.0,0.0021265857324887618,0.0036580831564711593,0.0024864762717827925,1.0,0.06,20.0,1.0,0.008254508974356664,0.01667551149900832,0.010139315403809003,1.0,0.08,40.0,1.0,0.00048544540625821005,0.0008666482228482515,0.0006014754747886992,1.0,0.08,6.0,1.0,0.027582954201965645,0.06171574097039238,0.04159108666637083,1.0,0.12
15_wheel_drag_both_f1p6_t1p2_p2l_v2:0038,15_wheel_drag_both_f1p6_t1p2_p2l_v2,24.28199999999997,24.68199999999997,20.0,1.0,0.0005136291728316756,0.001655505369621885,0.000863988407721945,1.0,0.06,20.0,1.0,0.01585725568457957,0.018267995617747577,0.0162087241050005,1.0,0.08,40.0,1.0,0.0004125694234908793,0.0008666482228482515,0.0005586548789329378,1.0,0.08,6.0,1.0,0.0252440383447549,0.05667062877389843,0.039663071300173595,1.0,0.12
15_wheel_drag_both_f1p6_t1p2_p2l_v2:0039,15_wheel_drag_both_f1p6_t1p2_p2l_v2,24.48199999999997,24.88199999999997,20.0,1.0,4.2979233262606384e-05,4.4796520068340893e-05,4.682153885391156e-05,1.0,0.06,20.0,1.0,0.01949605930185483,0.01857139147611325,0.02006795912016905,1.0,0.08,40.0,1.0,0.0011426587959878845,0.000824972287503224,0.003975695952289995,1.0,0.08,6.0,1.0,0.02291248180587968,0.036911606527269825,0.025404326931665888,1.0,0.12
15_wheel_drag_both_f1p6_t1p2_p2l_v2:0040,15_wheel_drag_both_f1p6_t1p2_p2l_v2,24.68199999999997,25.08199999999997,20.0,1.0,0.0009658265607287566,0.0030224400544371093,0.0015597650367064138,1.0,0.06,20.0,1.0,0.05653141898275722,0.15773283270352334,0.08295625915112613,0.75,0.08,40.0,1.0,0.03686275718245642,0.12783651361181184,0.06373855821212668,0.8,0.08,7.0,1.0,0.024076426281373995,0.04286106797069748,0.027582784808811624,1.0,0.12
15_wheel_drag_both_f1p6_t1p2_p2l_v2:0041,15_wheel_drag_both_f1p6_t1p2_p2l_v2,24.88199999999997,25.281999999999968,20.0,1.0,0.0028769853420312725,0.00388381770252825,0.0031494369350982595,1.0,0.06,20.0,1.0,0.04620172168335486,0.15773283270352334,0.08151996950744263,0.75,0.08,40.0,1.0,0.03594211439729722,0.12783651361181184,0.06361515394533047,0.8,0.08,7.0,1.0,0.015804100587011028,0.0336405977262204,0.02077799806809579,1.0,0.12
15_wheel_drag_both_f1p6_t1p2_p2l_v2:0042,15_wheel_drag_both_f1p6_t1p2_p2l_v2,25.08199999999997,25.481999999999967,20.0,1.0,0.0038759899565982206,0.00388381770252825,0.003876074735258817,1.0,0.06,20.0,1.0,5.2990038384065355e-05,4.4494205793579915e-05,0.00011737146755726169,1.0,0.08,40.0,1.0,0.000228719639158078,0.0004103494264119851,0.0003047262541221874,1.0,0.08,6.0,1.0,0.01489997252766139,0.030133483267254513,0.01933230272956382,1.0,0.12
15_wheel_drag_both_f1p6_t1p2_p2l_v2:0043,15_wheel_drag_both_f1p6_t1p2_p2l_v2,25.281999999999968,25.681999999999967,20.0,1.0,0.003881664964647874,0.0038827561691761768,0.0038816650551240714,1.0,0.06,20.0,1.0,1.238484973480336e-05,2.4526927377441223e-05,1.5147245028634575e-05,1.0,0.08,40.0,1.0,0.000184866267101242,0.0003671359865033891,0.00022403552635681589,1.0,0.08,6.0,1.0,0.024155933845937446,0.04544840849858142,0.02975572039654801,1.0,0.12
15_wheel_drag_both_f1p6_t1p2_p2l_v2:0044,15_wheel_drag_both_f1p6_t1p2_p2l_v2,25.481999999999967,25.881999999999966,20.0,1.0,0.003880158766944897,0.0038813308580810833,0.003880158871129478,1.0,0.06,20.0,1.0,8.901584620377157e-06,1.7207326721793707e-05,1.0589912548189484e-05,1.0,0.08,40.0,1.0,0.00015695124143699015,0.00029470076030029273,0.00018170303400574884,1.0,0.08,6.0,1.0,0.02580602466985192,0.05093858922631099,0.03166577525534445,1.0,0.12
15_wheel_drag_both_f1p6_t1p2_p2l_v2:0045,15_wheel_drag_both_f1p6_t1p2_p2l_v2,25.681999999999967,26.081999999999965,20.0,1.0,0.02527939452601392,0.08067943240876194,0.04083171812742466,0.85,0.06,20.0,1.0,0.02354956318632822,0.0793733704029011,0.04596648032467778,0.9,0.08,40.0,1.0,0.017047061350099132,0.07104592114497148,0.03277718145151812,0.975,0.08,6.0,1.0,0.037752546866729166,0.06204058471363688,0.04415023895674425,1.0,0.12
15_wheel_drag_both_f1p6_t1p2_p2l_v2:0046,15_wheel_drag_both_f1p6_t1p2_p2l_v2,25.881999999999966,26.281999999999965,20.0,1.0,0.024116647978053768,0.08067943240876194,0.04084152682606824,0.85,0.06,20.0,1.0,0.025358004913761705,0.0793733704029011,0.046384822796648954,0.9,0.08,40.0,1.0,0.01943775331066062,0.07104592114497148,0.033731193358088954,0.975,0.08,6.0,1.0,0.03554094508370808,0.06204058471363688,0.042243682306739465,1.0,0.12
15_wheel_drag_both_f1p6_t1p2_p2l_v2:0047,15_wheel_drag_both_f1p6_t1p2_p2l_v2,26.081999999999965,26.481999999999964,20.0,1.0,0.0007769430414735661,0.0003985999830609236,0.0028854635260685785,1.0,0.06,20.0,1.0,0.0018149816029355205,0.0016094932122067665,0.006215671190407293,1.0,0.08,40.0,1.0,0.002554215803024824,0.00553202941515778,0.007967995423042218,1.0,0.08,6.0,1.0,0.011844317877831181,0.023942142371376464,0.014701701748433202,1.0,0.12
15_wheel_drag_both_f1p6_t1p2_p2l_v2:0048,15_wheel_drag_both_f1p6_t1p2_p2l_v2,26.281999999999965,26.681999999999963,20.0,1.0,6.791676878731478e-14,2.2217764957229118e-13,1.2247683328821333e-13,1.0,0.06,20.0,1.0,3.585121467374424e-15,1.1282956892021462e-14,6.7875810964897815e-15,1.0,0.08,40.0,1.0,0.00015598467763886637,0.0003538971573227976,0.00019823999253803007,1.0,0.08,6.0,1.0,0.011826704867352938,0.02638978280210364,0.01593810107868199,1.0,0.12
15_wheel_drag_both_f1p6_t1p2_p2l_v2:0049,15_wheel_drag_both_f1p6_t1p2_p2l_v2,26.481999999999964,26.881999999999962,20.0,1.0,0.02494905107437689,0.08619092151726729,0.05145708524045125,0.8,0.06,20.0,1.0,0.0008558838608489992,0.0030882016862420385,0.0015199503465486007,1.0,0.08,40.0,1.0,0.0012749354777874349,0.0030954169792910134,0.002832019202336907,1.0,0.08,6.0,1.0,0.03226218567993284,0.06513382575458607,0.040909676791051244,1.0,0.12
15_wheel_drag_both_f1p6_t1p2_p2l_v2:0050,15_wheel_drag_both_f1p6_t1p2_p2l_v2,26.681999999999963,27.08199999999996,20.0,1.0,0.029017532860394622,0.08619092151726729,0.052901440789538255,0.8,0.06,20.0,1.0,0.0012840008401452593,0.0030882016862420385,0.0017550032043858283,1.0,0.08,40.0,1.0,0.0015894059211750244,0.0030954169792910134,0.002949827777409353,1.0,0.08,6.0,1.0,0.029038978941651333,0.06513382575458607,0.03915356081204525,1.0,0.12
15_wheel_drag_both_f1p6_t1p2_p2l_v2:0051,15_wheel_drag_both_f1p6_t1p2_p2l_v2,26.881999999999962,27.28199999999996,20.0,1.0,0.004084625579920398,0.009208027847391154,0.01227726913487353,1.0,0.06,20.0,1.0,0.0005500744340786343,0.001529006455256796,0.0008941668932540079,1.0,0.08,40.0,1.0,0.0004832642893021396,0.0017574230972790712,0.0008547216398933451,1.0,0.08,6.0,1.0,0.015290191210248901,0.026996400730354336,0.018483997038423544,1.0,0.12
15_wheel_drag_both_f1p6_t1p2_p2l_v2:0052,15_wheel_drag_both_f1p6_t1p2_p2l_v2,27.08199999999996,27.48199999999996,20.0,1.0,3.2288246126646604e-05,3.2289284751868544e-05,3.228824613546924e-05,1.0,0.06,20.0,1.0,0.0002439087643014131,0.00024391810299795495,0.00024390876440436637,1.0,0.08,40.0,1.0,0.00017527771526374853,0.0003614055965141976,0.00022156288099851564,1.0,0.08,6.0,1.0,0.01686511145131786,0.028182515257773932,0.020201150921478894,1.0,0.12
15_wheel_drag_both_f1p6_t1p2_p2l_v2:0053,15_wheel_drag_both_f1p6_t1p2_p2l_v2,27.28199999999996,27.68199999999996,20.0,1.0,3.228965236556358e-05,3.229079427425896e-05,3.228965237706015e-05,1.0,0.06,20.0,1.0,0.00024389647007905122,0.00024390581621923103,0.00024389647018214074,1.0,0.08,40.0,1.0,0.00014118347962641938,0.00028364441205570233,0.00017661407674810653,1.0,0.08,6.0,1.0,0.021390871749420504,0.03966331868598283,0.026644643579798743,1.0,0.12
15_wheel_drag_both_f1p6_t1p2_p2l_v2:0054,15_wheel_drag_both_f1p6_t1p2_p2l_v2,27.48199999999996,27.88199999999996,20.0,1.0,3.229116013890865e-05,3.229231577831504e-05,3.2291160150795775e-05,1.0,0.06,20.0,1.0,0.00024388417168467658,0.00024389351879395635,0.00024388417178778824,1.0,0.08,40.0,1.0,0.00013886891465789234,0.0002947336673866858,0.00017657039929438334,1.0,0.08,6.0,1.0,0.02230085799310554,0.03852532931303815,0.026468591112324833,1.0,0.12
15_wheel_drag_both_f1p6_t1p2_p2l_v2:0055,15_wheel_drag_both_f1p6_t1p2_p2l_v2,27.68199999999996,28.081999999999958,20.0,1.0,3.229268138472408e-05,3.229383877146885e-05,3.2292681396661604e-05,1.0,0.06,20.0,1.0,0.00024387187276781724,0.00024388121997950547,0.00024387187287093585,1.0,0.08,40.0,1.0,0.00016273461146009582,0.0003380575949869772,0.00021684704444359477,1.0,0.08,6.0,1.0,0.0203832448800725,0.02756541965295864,0.021460201380373644,1.0,0.12
15_wheel_drag_both_f1p6_t1p2_p2l_v2:0056,15_wheel_drag_both_f1p6_t1p2_p2l_v2,27.88199999999996,28.281999999999957,20.0,1.0,3.229420430604091e-05,3.229536182716153e-05,3.229420431798273e-05,1.0,0.06,20.0,1.0,0.00024385957381412235,0.00024386892101591073,0.00024385957391724578,1.0,0.08,40.0,1.0,0.0001568770833986509,0.00038006434411101074,0.0002149044984361187,1.0,0.08,6.0,1.0,0.0264436045127443,0.04415263176393222,0.031549162289329184,1.0,0.12
15_wheel_drag_both_f1p6_t1p2_p2l_v2:0057,15_wheel_drag_both_f1p6_t1p2_p2l_v2,28.081999999999958,28.481999999999957,20.0,1.0,3.2295727321110526e-05,3.229688475834269e-05,3.229572733305033e-05,1.0,0.06,20.0,1.0,0.00024384727489032393,0.00024385662206133813,0.0002438472749934519,1.0,0.08,40.0,1.0,0.00017773209760903397,0.00036247177206225555,0.00022268178152634997,1.0,0.08,6.0,1.0,0.018762718842556803,0.042033016677904766,0.027100747156118613,1.0,0.12
15_wheel_drag_both_f1p6_t1p2_p2l_v2:0058,15_wheel_drag_both_f1p6_t1p2_p2l_v2,28.281999999999957,28.681999999999956,20.0,1.0,3.229725020936491e-05,3.2298407524450344e-05,3.22972502213017e-05,1.0,0.06,20.0,1.0,0.00024383497600602216,0.0002438443231485884,0.00024383497610915472,1.0,0.08,40.0,1.0,0.00019826953016316862,0.00036540458032309074,0.0002394487253302888,1.0,0.08,6.0,1.0,0.00954972820910636,0.015419821196168887,0.01064069160678501,1.0,0.12
15_wheel_drag_both_f1p6_t1p2_p2l_v2:0059,15_wheel_drag_both_f1p6_t1p2_p2l_v2,28.481999999999957,28.881999999999955,20.0,1.0,3.22987729440255e-05,3.2299930147916545e-05,3.2298772955959385e-05,1.0,0.06,20.0,1.0,0.00024382267716187717,0.00024383202427238408,0.0002438226772650143,1.0,0.08,40.0,1.0,0.00018518752199597386,0.00039298234718949634,0.00022931730245496915,1.0,0.08,6.0,1.0,0.01912471305850427,0.03807659152658564,0.02563311514767974,1.0,0.12
15_wheel_drag_both_f1p6_t1p2_p2l_v2:0060,15_wheel_drag_both_f1p6_t1p2_p2l_v2,28.681999999999956,29.081999999999955,20.0,1.0,3.230029552982183e-05,3.2301452620209224e-05,3.230029554175281e-05,1.0,0.06,20.0,1.0,0.00024381037835825986,0.00024381972543867462,0.00024381037846140144,1.0,0.08,40.0,1.0,0.0001662605858884289,0.0003875984824300569,0.0002187926120171613,1.0,0.08,6.0,1.0,0.028044657407993404,0.05160121489374246,0.03315354266507821,1.0,0.12
15_wheel_drag_both_f1p6_t1p2_p2l_v2:0061,15_wheel_drag_both_f1p6_t1p2_p2l_v2,28.881999999999955,29.281999999999954,20.0,1.0,3.230181794560416e-05,3.230297491741973e-05,3.230181795753139e-05,1.0,0.06,20.0,1.0,0.00024379807968626265,0.00024380742664466474,0.00024379807978940462,1.0,0.08,40.0,1.0,0.0001513196019600121,0.0003045368026292907,0.00019169375764930543,1.0,0.08,6.0,1.0,0.02601520042201627,0.037587000235523804,0.028333209052901983,1.0,0.12
15_wheel_drag_both_f1p6_t1p2_p2l_v2:0062,15_wheel_drag_both_f1p6_t1p2_p2l_v2,29.081999999999955,29.481999999999953,20.0,1.0,3.230334013534231e-05,3.23044969199604e-05,3.23033401472653e-05,1.0,0.06,20.0,1.0,0.0002437857814203513,0.00024379512789126926,0.0002437857815234909,1.0,0.08,40.0,1.0,0.0001549774823113222,0.0003008509626788054,0.00018483516584834355,1.0,0.08,6.0,1.0,0.021819760346318735,0.026254272931200945,0.022365698338632046,1.0,0.12
15_wheel_drag_both_f1p6_t1p2_p2l_v2:0063,15_wheel_drag_both_f1p6_t1p2_p2l_v2,29.281999999999954,29.681999999999952,20.0,1.0,3.230486219199802e-05,3.23060189328761e-05,3.2304862203920145e-05,1.0,0.06,20.0,1.0,0.0002437734831036225,0.0002437828300915841,0.00024377348320677762,1.0,0.08,40.0,1.0,0.0001687599528271269,0.0003018169524509376,0.00019854931364077263,1.0,0.08,6.0,1.0,0.018775916666268128,0.024194838950214848,0.019451978484788753,1.0,0.12
15_wheel_drag_both_f1p6_t1p2_p2l_v2:0064,15_wheel_drag_both_f1p6_t1p2_p2l_v2,29.481999999999953,29.88199999999995,20.0,1.0,3.2306384164540455e-05,3.230754078332176e-05,3.230638417645949e-05,1.0,0.06,20.0,1.0,0.0002437611844637388,0.0002437705314187056,0.00024376118456689847,1.0,0.08,40.0,1.0,0.0001702299327544366,0.000312814762788346,0.00019854302466575403,1.0,0.08,6.0,1.0,0.014741087416957196,0.021160390850648164,0.01631950557811892,1.0,0.12
15_wheel_drag_both_f1p6_t1p2_p2l_v2:0065,15_wheel_drag_both_f1p6_t1p2_p2l_v2,29.681999999999952,30.08199999999995,20.0,1.0,3.230790597979205e-05,3.230906248269383e-05,3.2307905991708136e-05,1.0,0.06,20.0,1.0,0.0002437488858646842,0.00024375823278973904,0.00024374888596784836,1.0,0.08,40.0,1.0,0.00016141900372588675,0.00032251477612291716,0.00019363802499048938,1.0,0.08,6.0,1.0,0.0172845205864826,0.030179225385221803,0.021267436351708163,1.0,0.12
15_wheel_drag_both_f1p6_t1p2_p2l_v2:0066,15_wheel_drag_both_f1p6_t1p2_p2l_v2,29.88199999999995,30.28199999999995,20.0,1.0,3.23094276465874e-05,3.2310584039407786e-05,3.230942765850062e-05,1.0,0.06,20.0,1.0,0.0002437365873067005,0.00024374593419973912,0.00024373658740986916,1.0,0.08,40.0,1.0,0.00014748991551101414,0.00032274205307231905,0.00018240500311577108,1.0,0.08,6.0,1.0,0.027954933064021862,0.04806500166090609,0.03327275892898129,1.0,0.12
15_wheel_drag_both_f1p6_t1p2_p2l_v2:0067,15_wheel_drag_both_f1p6_t1p2_p2l_v2,30.08199999999995,30.48199999999995,20.0,1.0,3.231094916018307e-05,3.231210543073182e-05,3.2310949172093246e-05,1.0,0.06,20.0,1.0,0.0002437242887909322,0.00024373363565202133,0.00024372428889410543,1.0,0.08,40.0,1.0,0.00013055938112753346,0.000262479682375223,0.00016151538573403124,1.0,0.08,6.0,1.0,0.02619819835748027,0.04647959909371745,0.03127533234787924,1.0,0.12
15_wheel_drag_both_f1p6_t1p2_p2l_v2:0068,15_wheel_drag_both_f1p6_t1p2_p2l_v2,30.28199999999995,30.68199999999995,20.0,1.0,0.005579817512004917,0.020567569410231554,0.013853865771460888,1.0,0.06,20.0,1.0,0.011773334921579495,0.04040020778339191,0.030473601502929,0.95,0.08,40.0,1.0,0.010420678183150258,0.03865073025454623,0.027648748479777642,0.95,0.08,6.0,1.0,0.015849921727706728,0.025771359600959942,0.01743140416324511,1.0,0.12
15_wheel_drag_both_f1p6_t1p2_p2l_v2:0069,15_wheel_drag_both_f1p6_t1p2_p2l_v2,30.48199999999995,30.881999999999948,20.0,1.0,0.01268051576853163,0.040439136772784955,0.021565296203992765,1.0,0.06,20.0,1.0,0.047134395256772516,0.11572534017958064,0.07221777909364346,0.8,0.08,40.0,1.0,0.02781225094644983,0.09158512929294577,0.04713605303013543,0.85,0.08,6.0,1.0,0.01201272648210098,0.018238045638844208,0.013355441436563162,1.0,0.12
15_wheel_drag_both_f1p6_t1p2_p2l_v2:0070,15_wheel_drag_both_f1p6_t1p2_p2l_v2,30.68199999999995,31.081999999999947,20.0,1.0,0.007892085432487688,0.026379013155162247,0.016563824229528783,1.0,0.06,20.0,1.0,0.04705178775490224,0.11572534017958064,0.06749091081564533,0.85,0.08,40.0,1.0,0.01772453718489892,0.06664362932179797,0.03817759281414115,0.9,0.08,6.0,1.0,0.012062548677181503,0.02566306305684926,0.015517637367522832,1.0,0.12
15_wheel_drag_both_f1p6_t1p2_p2l_v2:0071,15_wheel_drag_both_f1p6_t1p2_p2l_v2,30.881999999999948,31.281999999999947,20.0,1.0,0.0009111989975592969,0.001727463238464197,0.001140809934459618,1.0,0.06,20.0,1.0,0.02624928539780184,0.03071148681750968,0.026464536794737453,1.0,0.08,40.0,1.0,0.0004953812036943547,0.0008761220341700293,0.0005878465799112936,1.0,0.08,6.0,1.0,0.017504178785999098,0.0343776159471455,0.021949914436589973,1.0,0.12
15_wheel_drag_both_f1p6_t1p2_p2l_v2:0072,15_wheel_drag_both_f1p6_t1p2_p2l_v2,31.081999999999947,31.481999999999946,20.0,1.0,0.0001835103743034,0.00047414634574612953,0.00028039354006415115,1.0,0.06,20.0,1.0,0.03007520906187261,0.0307914643172633,0.030102239740665056,1.0,0.08,40.0,1.0,0.0003110388343770407,0.000705664163826725,0.00045369634174074775,1.0,0.08,6.0,1.0,0.01814931261940758,0.030871206623590317,0.021865289916293884,1.0,0.12
15_wheel_drag_both_f1p6_t1p2_p2l_v2:0073,15_wheel_drag_both_f1p6_t1p2_p2l_v2,31.281999999999947,31.681999999999945,20.0,1.0,9.607851980397986e-05,9.761424529407259e-05,9.60853504140167e-05,1.0,0.06,20.0,1.0,0.030792827107927922,0.030797581817466547,0.030792827335751324,1.0,0.08,40.0,1.0,0.00019469039275135934,0.00033637052320245055,0.00022885132250118938,1.0,0.08,7.0,1.0,0.024880772182436638,0.04911076330168977,0.030718059217986378,1.0,0.12
15_wheel_drag_both_f1p6_t1p2_p2l_v2:0074,15_wheel_drag_both_f1p6_t1p2_p2l_v2,31.481999999999946,31.881999999999945,20.0,1.0,9.816940811107621e-05,9.986312681345422e-05,9.817757462563953e-05,1.0,0.06,20.0,1.0,0.03079859794692851,0.03080226255085918,0.03079859808561361,1.0,0.08,40.0,1.0,0.0001918327092717262,0.00034102394513772506,0.0002224225717859537,1.0,0.08,7.0,1.0,0.038308224343425464,0.06409183051389837,0.04469158771371971,1.0,0.12
15_wheel_drag_both_f1p6_t1p2_p2l_v2:0075,15_wheel_drag_both_f1p6_t1p2_p2l_v2,31.681999999999945,32.081999999999944,20.0,1.0,0.00010046510037913237,0.00010230990884638191,0.00010047460161544243,1.0,0.06,20.0,1.0,0.03080292789780011,0.0308054875398869,0.03080292796866786,1.0,0.08,40.0,1.0,0.0001697473723970125,0.00034514826789547315,0.00021649277507975617,1.0,0.08,6.0,1.0,0.03418643696098672,0.06297290110013536,0.042430899853661865,1.0,0.12
15_wheel_drag_both_f1p6_t1p2_p2l_v2:0076,15_wheel_drag_both_f1p6_t1p2_p2l_v2,31.881999999999945,32.28199999999995,20.0,1.0,0.00013816961472944977,0.00013247454906680533,0.00019190837804909276,1.0,0.06,20.0,1.0,0.030442910804063472,0.03080654980928476,0.03045637043902362,1.0,0.08,40.0,1.0,0.00043811475822123913,0.0013061114323893901,0.0008753299099142777,1.0,0.08,6.0,1.0,0.02371276281344456,0.039670437966752264,0.0274567293312342,1.0,0.12
15_wheel_drag_both_f1p6_t1p2_p2l_v2:0077,15_wheel_drag_both_f1p6_t1p2_p2l_v2,32.081999999999944,32.48199999999994,20.0,1.0,0.00208863023948922,0.00575288690136816,0.0031271488714061275,1.0,0.06,20.0,1.0,0.028043614382898895,0.03182916938516815,0.033153825902576074,0.95,0.08,40.0,1.0,0.006916420233418995,0.011836113953218732,0.02035727660535838,0.975,0.08,6.0,1.0,0.01896442484837696,0.028527917844169262,0.021019377402764328,1.0,0.12
15_wheel_drag_both_f1p6_t1p2_p2l_v2:0078,15_wheel_drag_both_f1p6_t1p2_p2l_v2,32.28199999999994,32.68199999999994,20.0,1.0,0.005234869539213501,0.006673819077131865,0.005538946630496233,1.0,0.06,20.0,1.0,0.08054197968813889,0.255010038301059,0.12976398639352982,0.65,0.08,40.0,1.0,0.057187098363471855,0.17105274738595555,0.09521631815544597,0.7,0.08,6.0,1.0,0.010116090765365548,0.019031114894302564,0.0128153308031437,1.0,0.12
15_wheel_drag_both_f1p6_t1p2_p2l_v2:0079,15_wheel_drag_both_f1p6_t1p2_p2l_v2,32.48199999999994,32.88199999999994,20.0,1.0,0.006542337791983756,0.006673819077131865,0.0065443350813790754,1.0,0.06,20.0,1.0,0.06782396647590301,0.255010038301059,0.127250946282237,0.7,0.08,40.0,1.0,0.050712135171262177,0.17105274738595555,0.09301876733976047,0.725,0.08,6.0,1.0,0.01490429670104968,0.03248102208107394,0.019874219962516364,1.0,0.12
15_wheel_drag_both_f1p6_t1p2_p2l_v2:0080,15_wheel_drag_both_f1p6_t1p2_p2l_v2,32.681999999999945,33.081999999999944,20.0,1.0,0.006617840878760964,0.006618224301896342,0.006617840916990778,1.0,0.06,20.0,1.0,0.0005575369681280528,0.0005757168719928485,0.0005577231240663452,1.0,0.08,40.0,1.0,0.0001803720752995494,0.00032006103797174723,0.000223743463746032,1.0,0.08,6.0,1.0,0.02648999724524517,0.04986872651586525,0.034071739623863374,1.0,0.12
15_wheel_drag_both_f1p6_t1p2_p2l_v2:0081,15_wheel_drag_both_f1p6_t1p2_p2l_v2,32.88199999999994,33.28199999999994,20.0,1.0,0.006618211305148886,0.0066182732135473595,0.006618211305525374,1.0,0.06,20.0,1.0,0.0005322804624533245,0.0005516997980664129,0.0005324813760005737,1.0,0.08,40.0,1.0,0.0001640157177021706,0.0003582238238169111,0.0002104615579974265,1.0,0.08,6.0,1.0,0.03464772861701095,0.06399358145200713,0.04257217066079628,1.0,0.12
15_wheel_drag_both_f1p6_t1p2_p2l_v2:0082,15_wheel_drag_both_f1p6_t1p2_p2l_v2,33.08199999999994,33.481999999999935,20.0,1.0,0.006618176353080296,0.0066182732135473595,0.00661817635393277,1.0,0.06,20.0,1.0,0.0005075270000455435,0.0005260313335561873,0.0005077178819008883,1.0,0.08,40.0,1.0,0.0001285045585488337,0.0002695819914981136,0.00016344229310151105,1.0,0.08,6.0,1.0,0.028648832499664892,0.05371257841576301,0.03495660703810209,1.0,0.12
15_wheel_drag_both_f1p6_t1p2_p2l_v2:0083,15_wheel_drag_both_f1p6_t1p2_p2l_v2,33.28199999999994,33.68199999999994,20.0,1.0,0.00661787061821237,0.006618172533269573,0.006617870623215429,1.0,0.06,20.0,1.0,0.0004840563334659709,0.0005015550329431296,0.0004842348514841074,1.0,0.08,40.0,1.0,0.00013597426869978307,0.0003031610770337201,0.00016628923701746037,1.0,0.08,6.0,1.0,0.015380622630594093,0.025362220833970342,0.017600160417496877,1.0,0.12
15_wheel_drag_both_f1p6_t1p2_p2l_v2:0084,15_wheel_drag_both_f1p6_t1p2_p2l_v2,33.48199999999994,33.88199999999994,20.0,1.0,0.006617295655205581,0.006617801681249235,0.006617295667951306,1.0,0.06,20.0,1.0,0.00046198339024830227,0.00047839077967302133,0.0004621473627832286,1.0,0.08,40.0,1.0,0.0001640981964233193,0.0003180454560551827,0.00019349491102523778,1.0,0.08,6.0,1.0,0.01822306651420295,0.02507594121458527,0.019302579508183967,1.0,0.12
15_wheel_drag_both_f1p6_t1p2_p2l_v2:0085,15_wheel_drag_both_f1p6_t1p2_p2l_v2,33.68199999999994,34.08199999999994,20.0,1.0,0.006616454335741156,0.006617161952741859,0.006616454359669812,1.0,0.06,20.0,1.0,0.00044141621424968194,0.00045665199562608947,0.00044156370726008303,1.0,0.08,40.0,1.0,0.00014468930691007714,0.0003433337400198688,0.00018509312241315334,1.0,0.08,6.0,1.0,0.02337568605383465,0.03140051986883352,0.024094792499858613,1.0,0.12
15_wheel_drag_both_f1p6_t1p2_p2l_v2:0086,15_wheel_drag_both_f1p6_t1p2_p2l_v2,33.881999999999934,34.28199999999993,20.0,1.0,0.007713133653235967,0.007528224425163128,0.00853978918896924,1.0,0.06,20.0,1.0,0.0012337226046490375,0.0005574034961215185,0.0034928915737340344,1.0,0.08,40.0,1.0,0.0008342034121899017,0.0005231067017184464,0.0029118387447811507,1.0,0.08,6.0,1.0,0.029684881086862267,0.04317224071156123,0.031734518167073504,1.0,0.12
15_wheel_drag_both_f1p6_t1p2_p2l_v2:0087,15_wheel_drag_both_f1p6_t1p2_p2l_v2,34.08199999999994,34.481999999999935,20.0,1.0,0.02040620554750488,0.05231872675207429,0.029506463292869458,0.95,0.06,20.0,1.0,0.037003758027537276,0.1234118018788342,0.06488361149541665,0.8,0.08,40.0,1.0,0.030871871627094195,0.10190214188391783,0.05211833161855393,0.85,0.08,6.0,1.0,0.03406330343103627,0.06149331706436399,0.04085545731880059,1.0,0.12
15_wheel_drag_both_f1p6_t1p2_p2l_v2:0088,15_wheel_drag_both_f1p6_t1p2_p2l_v2,34.28199999999994,34.68199999999994,20.0,1.0,0.016001055671213515,0.05231872675207429,0.028628462932475365,0.95,0.06,20.0,1.0,0.03598579658648483,0.1234118018788342,0.06479024517373994,0.8,0.08,40.0,1.0,0.030168476123537756,0.10190214188391783,0.05203721745518683,0.85,0.08,6.0,1.0,0.02907425952603596,0.0553582222630597,0.03646002976482462,1.0,0.12
16_rough_h0p012_spacing0p28_hard_negative_p2l_v2:0000,16_rough_h0p012_spacing0p28_hard_negative_p2l_v2,13.754,14.154,20.0,1.0,6.162093196653423e-19,8.489530851847063e-19,6.552333295828797e-19,1.0,0.06,20.0,1.0,7.521554388620947e-19,1.1001092380237573e-18,7.892913713606267e-19,1.0,0.08,40.0,1.0,0.00017183098427135844,0.000357703902210895,0.00021263500542704686,1.0,0.08,6.0,1.0,0.030345993555440303,0.060445938854014114,0.03842141510204044,1.0,0.12
16_rough_h0p012_spacing0p28_hard_negative_p2l_v2:0001,16_rough_h0p012_spacing0p28_hard_negative_p2l_v2,13.953999999999999,14.354,20.0,1.0,6.349414952788155e-19,9.111267339849436e-19,6.774199009363325e-19,1.0,0.06,20.0,1.0,4.379850729494575e-19,9.38673598262942e-19,5.437466093081517e-19,1.0,0.08,40.0,1.0,0.00017057966206053874,0.00035024279300716575,0.0002132818455059186,1.0,0.08,6.0,1.0,0.03767032890078855,0.060445938854014114,0.04162066831234056,1.0,0.12
16_rough_h0p012_spacing0p28_hard_negative_p2l_v2:0002,16_rough_h0p012_spacing0p28_hard_negative_p2l_v2,14.153999999999998,14.553999999999998,20.0,1.0,6.564381990117636e-19,9.264263961446177e-19,6.934016065863836e-19,1.0,0.06,20.0,1.0,2.6014764392884417e-19,4.985538120386947e-19,3.001290663662842e-19,1.0,0.08,40.0,1.0,0.000167624799914362,0.0003245712706551839,0.0002070682067266602,1.0,0.08,6.0,1.0,0.017989492636524832,0.026425353373337818,0.019630615634394888,1.0,0.12
16_rough_h0p012_spacing0p28_hard_negative_p2l_v2:0003,16_rough_h0p012_spacing0p28_hard_negative_p2l_v2,14.353999999999997,14.753999999999998,20.0,1.0,6.576687518389536e-19,8.489137840081905e-19,6.809616825627392e-19,1.0,0.06,20.0,1.0,3.3482340689266604e-19,5.700221578674809e-19,3.785998378822165e-19,1.0,0.08,40.0,1.0,0.0001461248238668048,0.0002890450926464381,0.00018610001093895143,1.0,0.08,6.0,1.0,0.011865778657365858,0.017998176859422763,0.013414165885250745,1.0,0.12
16_rough_h0p012_spacing0p28_hard_negative_p2l_v2:0004,16_rough_h0p012_spacing0p28_hard_negative_p2l_v2,14.553999999999997,14.953999999999997,20.0,1.0,6.776013897089241e-19,9.232010075878151e-19,7.149542271284166e-19,1.0,0.06,20.0,1.0,3.270006828559895e-19,6.528796121392773e-19,3.862541322672321e-19,1.0,0.08,40.0,1.0,0.00015981873007019478,0.00037353138568853707,0.00020581951884435863,1.0,0.08,6.0,1.0,0.009695629920049452,0.018941728009767726,0.012697284371603097,1.0,0.12
16_rough_h0p012_spacing0p28_hard_negative_p2l_v2:0005,16_rough_h0p012_spacing0p28_hard_negative_p2l_v2,14.753999999999996,15.153999999999996,20.0,1.0,6.081320580065251e-19,9.820750046391818e-19,6.73430434435105e-19,1.0,0.06,20.0,1.0,2.2752479182445787e-19,4.7143843376942e-19,2.958949161465516e-19,1.0,0.08,40.0,1.0,0.0002137430281104813,0.0004013052729605241,0.0002498667435158018,1.0,0.08,6.0,1.0,0.010829270781876532,0.01978944714630007,0.013176027742782075,1.0,0.12
16_rough_h0p012_spacing0p28_hard_negative_p2l_v2:0006,16_rough_h0p012_spacing0p28_hard_negative_p2l_v2,14.953999999999995,15.353999999999996,20.0,1.0,0.03556344455861663,0.14685479692175576,0.06877912400846367,0.75,0.06,20.0,1.0,1.3849366186081782e-15,4.0888261558001816e-15,2.2744204956623445e-15,1.0,0.08,40.0,1.0,0.00018188214084115736,0.000384848386239891,0.00022068158679994416,1.0,0.08,6.0,1.0,0.039176845927875716,0.08927322303088465,0.0662252302068152,0.8333333333333334,0.12
16_rough_h0p012_spacing0p28_hard_negative_p2l_v2:0007,16_rough_h0p012_spacing0p28_hard_negative_p2l_v2,15.153999999999995,15.553999999999995,20.0,1.0,0.04253669042172257,0.14685479692175576,0.07143670467492247,0.7,0.06,20.0,1.0,1.8753319885085374e-15,4.0888261558001816e-15,2.428155006690452e-15,1.0,0.08,40.0,1.0,0.00015326152145250354,0.00030656252023094125,0.00019404250773329699,1.0,0.08,6.0,1.0,0.041304642253382075,0.09599364226137522,0.06729769367656986,0.8333333333333334,0.12
16_rough_h0p012_spacing0p28_hard_negative_p2l_v2:0008,16_rough_h0p012_spacing0p28_hard_negative_p2l_v2,15.353999999999994,15.753999999999994,20.0,1.0,0.009050381473227846,0.012832433174294128,0.01984886466481074,0.95,0.06,20.0,1.0,9.07454013116428e-16,8.837652365344194e-16,1.0349332261539777e-15,1.0,0.08,40.0,1.0,0.00016019342085438025,0.0003044569141086745,0.00019143172731288274,1.0,0.08,6.0,1.0,0.01411282686538822,0.02721385733867185,0.018246828824149724,1.0,0.12
16_rough_h0p012_spacing0p28_hard_negative_p2l_v2:0009,16_rough_h0p012_spacing0p28_hard_negative_p2l_v2,15.553999999999993,15.953999999999994,20.0,1.0,0.00415427043946214,0.010330087070317134,0.006533383629125135,1.0,0.06,20.0,1.0,9.027039178506946e-16,1.0297925974768132e-15,9.063723273079275e-16,1.0,0.08,40.0,1.0,0.00014880432520522638,0.00029422620387429356,0.00017650001294090893,1.0,0.08,6.0,1.0,0.021153746427295634,0.03416313253620726,0.024717324042886058,1.0,0.12
16_rough_h0p012_spacing0p28_hard_negative_p2l_v2:0010,16_rough_h0p012_spacing0p28_hard_negative_p2l_v2,15.753999999999992,16.153999999999993,20.0,1.0,0.0026103154001473226,0.010330086243092895,0.0051651428378658715,1.0,0.06,20.0,1.0,1.0689480145494298e-15,1.2350912218535379e-15,1.075415316284263e-15,1.0,0.08,40.0,1.0,0.00015138709077500284,0.0003099261525884168,0.00019049959714358502,1.0,0.08,6.0,1.0,0.027031146953020724,0.04531596367629162,0.031945814145180655,1.0,0.12
16_rough_h0p012_spacing0p28_hard_negative_p2l_v2:0011,16_rough_h0p012_spacing0p28_hard_negative_p2l_v2,15.953999999999992,16.353999999999992,20.0,1.0,0.0005517097431650519,3.705838732876998e-05,0.0023101598629099466,1.0,0.06,20.0,1.0,1.3079832768582236e-15,1.5214470374151405e-15,1.3179575460793647e-15,1.0,0.08,40.0,1.0,0.0001485427630069344,0.0003261713447324308,0.00019131432271984853,1.0,0.08,6.0,1.0,0.020090538135324205,0.0430054367443263,0.02676251544725682,1.0,0.12
16_rough_h0p012_spacing0p28_hard_negative_p2l_v2:0012,16_rough_h0p012_spacing0p28_hard_negative_p2l_v2,16.15399999999999,16.553999999999988,20.0,1.0,3.705834279968956e-05,3.7058346634005757e-05,3.705834279968965e-05,1.0,0.06,20.0,1.0,1.6103699487005337e-15,1.8609288390267187e-15,1.6209109370405508e-15,1.0,0.08,40.0,1.0,0.00015587258652066294,0.0003170027521472763,0.00019490156738992975,1.0,0.08,6.0,1.0,0.01763777151702912,0.029195107308658014,0.020063411456673626,1.0,0.12
16_rough_h0p012_spacing0p28_hard_negative_p2l_v2:0013,16_rough_h0p012_spacing0p28_hard_negative_p2l_v2,16.353999999999992,16.75399999999999,20.0,1.0,3.7058340641499264e-05,3.705834119251961e-05,3.705834064149927e-05,1.0,0.06,20.0,1.0,1.9579805860727288e-15,2.2525541465831495e-15,1.9698752230718504e-15,1.0,0.08,40.0,1.0,0.0001717055052947746,0.0003250855248436242,0.00021071135555149779,1.0,0.08,6.0,1.0,0.02738437352492946,0.0449581506341965,0.03205496229702021,1.0,0.12
16_rough_h0p012_spacing0p28_hard_negative_p2l_v2:0014,16_rough_h0p012_spacing0p28_hard_negative_p2l_v2,16.553999999999988,16.953999999999986,20.0,1.0,3.705834039819389e-05,3.7058340397966294e-05,3.7058340398193895e-05,1.0,0.06,20.0,1.0,2.3681704240418514e-15,2.7231855277053527e-15,2.382414095199417e-15,1.0,0.08,40.0,1.0,0.00016347315553406387,0.00032450816343454356,0.00021241527343494158,1.0,0.08,6.0,1.0,0.0307967516020858,0.055537002230369975,0.03648380463139137,1.0,0.12
16_rough_h0p012_spacing0p28_hard_negative_p2l_v2:0015,16_rough_h0p012_spacing0p28_hard_negative_p2l_v2,16.75399999999999,17.15399999999999,20.0,1.0,3.7058340396334265e-05,3.705834039741118e-05,3.7058340396334265e-05,1.0,0.06,20.0,1.0,2.866590146247099e-15,3.2898025052209022e-15,2.8839894356091815e-15,1.0,0.08,40.0,1.0,0.00016219987653410539,0.0003033074101850251,0.0002028547178595664,1.0,0.08,6.0,1.0,0.024147381280674247,0.044410352314186774,0.02885036322632827,1.0,0.12
16_rough_h0p012_spacing0p28_hard_negative_p2l_v2:0016,16_rough_h0p012_spacing0p28_hard_negative_p2l_v2,16.953999999999986,17.353999999999985,20.0,1.0,0.01129538142994948,0.03848867522527494,0.01981028532204931,1.0,0.06,20.0,1.0,0.02065844053660061,0.06885757056979454,0.040108490113290506,0.9,0.08,40.0,1.0,0.018210918608131905,0.06245554694599355,0.03247088155068695,0.95,0.08,6.0,1.0,0.0170125289434039,0.02922842510287363,0.020169508722762224,1.0,0.12
16_rough_h0p012_spacing0p28_hard_negative_p2l_v2:0017,16_rough_h0p012_spacing0p28_hard_negative_p2l_v2,17.15399999999999,17.553999999999988,20.0,1.0,0.01149587611781715,0.03848867522527494,0.019820741061604773,1.0,0.06,20.0,1.0,0.029806421600995104,0.06885757056979454,0.042200160530842544,0.9,0.08,40.0,1.0,0.018739178676530598,0.06245554694599355,0.03252554709450346,0.95,0.08,6.0,1.0,0.007047833704363807,0.012150344691166493,0.008165440801269672,1.0,0.12
16_rough_h0p012_spacing0p28_hard_negative_p2l_v2:0018,16_rough_h0p012_spacing0p28_hard_negative_p2l_v2,17.353999999999985,17.753999999999984,20.0,1.0,0.00023567442097382764,0.00026776545298343445,0.000644725438016898,1.0,0.06,20.0,1.0,0.018247739857107453,0.018253492592487996,0.01837873703406367,1.0,0.08,40.0,1.0,0.0007137764266656292,0.0009157940895822171,0.0018976616795201642,1.0,0.08,6.0,1.0,0.012530680754107648,0.023163121326390174,0.015394333320543976,1.0,0.12
16_rough_h0p012_spacing0p28_hard_negative_p2l_v2:0019,16_rough_h0p012_spacing0p28_hard_negative_p2l_v2,17.553999999999988,17.953999999999986,20.0,1.0,3.739652288098222e-05,4.191631650742045e-05,3.838541244335606e-05,1.0,0.06,20.0,1.0,0.018229381442480395,0.01826154627806647,0.018229520783048504,1.0,0.08,40.0,1.0,0.00019260080779004776,0.0003498286336514306,0.00022838427941632177,1.0,0.08,7.0,1.0,0.028691902786570456,0.06207492483634047,0.03642517634759143,1.0,0.12
16_rough_h0p012_spacing0p28_hard_negative_p2l_v2:0020,16_rough_h0p012_spacing0p28_hard_negative_p2l_v2,17.753999999999984,18.153999999999982,20.0,1.0,4.233148135580345e-05,4.361845259746866e-05,4.23425541088009e-05,1.0,0.06,20.0,1.0,0.018263508947786257,0.018269914047945583,0.018263509609891787,1.0,0.08,40.0,1.0,0.00016295265442287376,0.00033955070143989465,0.0001980109800551302,1.0,0.08,7.0,1.0,0.02677487455663709,0.06207492483634047,0.03627499533877292,1.0,0.12
16_rough_h0p012_spacing0p28_hard_negative_p2l_v2:0021,16_rough_h0p012_spacing0p28_hard_negative_p2l_v2,17.953999999999986,18.353999999999985,20.0,1.0,0.00032286779258755007,0.0011021751201782592,0.000630619936076386,1.0,0.06,20.0,1.0,0.05129973276248284,0.13625692512870582,0.07290430947798625,0.75,0.08,40.0,1.0,0.03322988563138999,0.12315727117253018,0.06166075653635633,0.8,0.08,6.0,1.0,0.01213849911576354,0.027487442287937397,0.017017331225892128,1.0,0.12
16_rough_h0p012_spacing0p28_hard_negative_p2l_v2:0022,16_rough_h0p012_spacing0p28_hard_negative_p2l_v2,18.153999999999982,18.55399999999998,20.0,1.0,0.0020567041187424793,0.0038832889788519343,0.0025839396557088804,1.0,0.06,20.0,1.0,0.047262676605812314,0.13625692512870582,0.07345770913587996,0.75,0.08,40.0,1.0,0.03720227780497018,0.12315727117253018,0.06289933797223474,0.8,0.08,6.0,1.0,0.014976829668987418,0.03249714989147735,0.020826193674086425,1.0,0.12
16_rough_h0p012_spacing0p28_hard_negative_p2l_v2:0023,16_rough_h0p012_spacing0p28_hard_negative_p2l_v2,18.353999999999985,18.753999999999984,20.0,1.0,0.003696683767582605,0.0038832889788519343,0.0037171212512556104,1.0,0.06,20.0,1.0,0.005107673084470384,0.008914169006943895,0.01574333824610616,1.0,0.08,40.0,1.0,0.004127398559978055,0.00786066087094369,0.0124224840495956,1.0,0.08,6.0,1.0,0.02434223121400711,0.04717602153785523,0.029840637578154725,1.0,0.12
16_rough_h0p012_spacing0p28_hard_negative_p2l_v2:0024,16_rough_h0p012_spacing0p28_hard_negative_p2l_v2,18.55399999999998,18.95399999999998,20.0,1.0,0.003881802332261443,0.0038828857494926454,0.003881802421469072,1.0,0.06,20.0,1.0,1.3580980446485647e-05,2.6182931559001756e-05,1.6431938519127427e-05,1.0,0.08,40.0,1.0,0.0001747280339535473,0.0003569032915472559,0.0002173848550673912,1.0,0.08,6.0,1.0,0.021150372289070126,0.037974399912530585,0.025987888345906106,1.0,0.12
16_rough_h0p012_spacing0p28_hard_negative_p2l_v2:0025,16_rough_h0p012_spacing0p28_hard_negative_p2l_v2,18.753999999999984,19.153999999999982,20.0,1.0,0.0038803061988439053,0.0038814707117145438,0.0038803063017029287,1.0,0.06,20.0,1.0,8.524213047340911e-06,1.571777211510639e-05,9.996235994372846e-06,1.0,0.08,40.0,1.0,0.00016419055327636378,0.0003517878264753388,0.00019947038242297766,1.0,0.08,6.0,1.0,0.02307448783927164,0.03905658425219834,0.026305845754358063,1.0,0.12
16_rough_h0p012_spacing0p28_hard_negative_p2l_v2:0026,16_rough_h0p012_spacing0p28_hard_negative_p2l_v2,18.95399999999998,19.353999999999978,20.0,1.0,0.007181252759940945,0.011295104996715257,0.011880680401318266,1.0,0.06,20.0,1.0,0.0015643543450796036,0.0013960844871497777,0.005370131823009463,1.0,0.08,40.0,1.0,0.0022352204183388193,0.00449584913150246,0.006974602480934012,1.0,0.08,6.0,1.0,0.03645911303545169,0.054294488590318976,0.039599669614863435,1.0,0.12
16_rough_h0p012_spacing0p28_hard_negative_p2l_v2:0027,16_rough_h0p012_spacing0p28_hard_negative_p2l_v2,19.153999999999982,19.55399999999998,20.0,1.0,0.023894671285380413,0.07000511636129751,0.03786336390022905,0.8,0.06,20.0,1.0,0.025317847622572203,0.09101214389101221,0.045315928782902894,0.85,0.08,40.0,1.0,0.019686547430296766,0.06877632540111896,0.03349503413749058,0.975,0.08,6.0,1.0,0.03415479073123586,0.05966685407635225,0.03943685253634157,1.0,0.12
16_rough_h0p012_spacing0p28_hard_negative_p2l_v2:0028,16_rough_h0p012_spacing0p28_hard_negative_p2l_v2,19.353999999999978,19.753999999999976,20.0,1.0,0.018653184312272923,0.07000511636129751,0.0360556395278552,0.8,0.06,20.0,1.0,0.023759279453242795,0.09101214389101221,0.044996612795645013,0.85,0.08,40.0,1.0,0.017607750018077694,0.06877632540111896,0.03276138022912236,0.975,0.08,6.0,1.0,0.01646800907951661,0.033871617861710196,0.023696687275114526,1.0,0.12
16_rough_h0p012_spacing0p28_hard_negative_p2l_v2:0029,16_rough_h0p012_spacing0p28_hard_negative_p2l_v2,19.55399999999998,19.95399999999998,20.0,1.0,2.2131736648584115e-13,5.757358161977848e-13,3.3508420707855823e-13,1.0,0.06,20.0,1.0,2.672956553065564e-14,7.592380007521085e-14,4.7381557468063796e-14,1.0,0.08,40.0,1.0,0.00018011015493229224,0.0002882633167900964,0.0002106021843636733,1.0,0.08,6.0,1.0,0.01808262498457467,0.036258980511548744,0.023080141888243116,1.0,0.12
16_rough_h0p012_spacing0p28_hard_negative_p2l_v2:0030,16_rough_h0p012_spacing0p28_hard_negative_p2l_v2,19.753999999999976,20.153999999999975,20.0,1.0,7.700447742015707e-05,9.106066833625871e-14,0.00034437449209987777,1.0,0.06,20.0,1.0,9.197458514048874e-06,6.46452588429469e-15,4.113228491055559e-05,1.0,0.08,40.0,1.0,0.00019354130544131271,0.00030903903774386803,0.00023979680192847788,1.0,0.08,6.0,1.0,0.027414878720629046,0.03753229826250893,0.028922221017235274,1.0,0.12
16_rough_h0p012_spacing0p28_hard_negative_p2l_v2:0031,16_rough_h0p012_spacing0p28_hard_negative_p2l_v2,19.95399999999998,20.353999999999978,20.0,1.0,0.03423871211420506,0.09932394477226394,0.06064372957832121,0.75,0.06,20.0,1.0,0.00255148283710146,0.006809780839934031,0.0038299095489148917,1.0,0.08,40.0,1.0,0.0034674213492542107,0.00650870583873255,0.006466500915371443,1.0,0.08,6.0,1.0,0.03797889801621296,0.0733576975297667,0.047223028102628455,1.0,0.12
16_rough_h0p012_spacing0p28_hard_negative_p2l_v2:0032,16_rough_h0p012_spacing0p28_hard_negative_p2l_v2,20.153999999999975,20.553999999999974,20.0,1.0,0.03430614246316038,0.09932394477226394,0.0606454977598053,0.75,0.06,20.0,1.0,0.002738284583683967,0.006809780839934031,0.003852066201421651,1.0,0.08,40.0,1.0,0.003474335237025666,0.00650870583873255,0.006469246484466272,1.0,0.08,6.0,1.0,0.0323446492574602,0.0733576975297667,0.04500634967411959,1.0,0.12
16_rough_h0p012_spacing0p28_hard_negative_p2l_v2:0033,16_rough_h0p012_spacing0p28_hard_negative_p2l_v2,20.353999999999978,20.753999999999976,20.0,1.0,0.00016089346889120725,3.428126880464235e-05,0.00057757850603697,1.0,0.06,20.0,1.0,0.00031536265694561956,0.00024602516143020154,0.0004476538834957885,1.0,0.08,40.0,1.0,0.00019517419843779693,0.000332853764295664,0.00030363199501033677,1.0,0.08,6.0,1.0,0.02800080464090662,0.05065112660029612,0.03341380838784041,1.0,0.12
16_rough_h0p012_spacing0p28_hard_negative_p2l_v2:0034,16_rough_h0p012_spacing0p28_hard_negative_p2l_v2,20.553999999999974,20.953999999999972,20.0,1.0,3.291795409415543e-05,3.291899329791459e-05,3.291795410312237e-05,1.0,0.06,20.0,1.0,0.00023872077313572188,0.00023873008926747155,0.00023872077324040838,1.0,0.08,40.0,1.0,0.00015830360119179504,0.00029276776420588454,0.00018868943077943051,1.0,0.08,6.0,1.0,0.038586235048029396,0.06721739640109199,0.04484564786871116,1.0,0.12
16_rough_h0p012_spacing0p28_hard_negative_p2l_v2:0035,16_rough_h0p012_spacing0p28_hard_negative_p2l_v2,20.753999999999976,21.153999999999975,20.0,1.0,3.291934469856483e-05,3.292044446323028e-05,3.2919344709069334e-05,1.0,0.06,20.0,1.0,0.00023870850725443287,0.0002387178325621369,0.00023870850735929565,1.0,0.08,40.0,1.0,0.0001278551167305722,0.00024153722940853983,0.00014956610932443054,1.0,0.08,6.0,1.0,0.031872961599130896,0.061738551272272485,0.03944542933046771,1.0,0.12
16_rough_h0p012_spacing0p28_hard_negative_p2l_v2:0036,16_rough_h0p012_spacing0p28_hard_negative_p2l_v2,20.953999999999972,21.35399999999997,20.0,1.0,3.2920794836438505e-05,3.2921902632854215e-05,3.292079484715895e-05,1.0,0.06,20.0,1.0,0.00023869623598664659,0.00023870556259125066,0.00023869623609153775,1.0,0.08,40.0,1.0,0.0001397860299883084,0.00030322627219774343,0.00018118170602706126,1.0,0.08,6.0,1.0,0.025245138098765746,0.046452233634782625,0.030249137060634323,1.0,0.12
16_rough_h0p012_spacing0p28_hard_negative_p2l_v2:0037,16_rough_h0p012_spacing0p28_hard_negative_p2l_v2,21.153999999999975,21.553999999999974,20.0,1.0,3.292225282972017e-05,3.292336159401721e-05,3.292225284046714e-05,1.0,0.06,20.0,1.0,0.00023868396403472223,0.00023869329075876838,0.00023868396413962068,1.0,0.08,40.0,1.0,0.00016147158953247107,0.00036662569934299316,0.00020784833778883998,1.0,0.08,6.0,1.0,0.01763382124289173,0.03513159699975579,0.022731429235811573,1.0,0.12
16_rough_h0p012_spacing0p28_hard_negative_p2l_v2:0038,16_rough_h0p012_spacing0p28_hard_negative_p2l_v2,21.35399999999997,21.75399999999997,20.0,1.0,3.29237117325687e-05,3.292482047220768e-05,3.292371174331672e-05,1.0,0.06,20.0,1.0,0.00023867169213440467,0.00023868101874749463,0.0002386716922393045,1.0,0.08,40.0,1.0,0.0001592569381590058,0.0003111095734370529,0.00019832025849255338,1.0,0.08,6.0,1.0,0.009791035212146979,0.020819463789284093,0.013336403354111445,1.0,0.12
16_rough_h0p012_spacing0p28_hard_negative_p2l_v2:0039,16_rough_h0p012_spacing0p28_hard_negative_p2l_v2,21.553999999999974,21.953999999999972,20.0,1.0,3.292517061184164e-05,3.2926279294315244e-05,3.2925170622587166e-05,1.0,0.06,20.0,1.0,0.00023865942047011918,0.00023866874679058593,0.00023865942057502056,1.0,0.08,40.0,1.0,0.0001629753501071963,0.0003573492655748093,0.00020225406333729322,1.0,0.08,6.0,1.0,0.012345864572945528,0.027495473483719085,0.017529655565843044,1.0,0.12
16_rough_h0p012_spacing0p28_hard_negative_p2l_v2:0040,16_rough_h0p012_spacing0p28_hard_negative_p2l_v2,21.75399999999997,22.153999999999968,20.0,1.0,3.2926629359647516e-05,3.2927737946991666e-05,3.292662937039089e-05,1.0,0.06,20.0,1.0,0.00023864714882310527,0.0002386564753724612,0.0002386471489280159,1.0,0.08,40.0,1.0,0.0001731381061183984,0.0003736024857482103,0.00021956396670525926,1.0,0.08,6.0,1.0,0.02866818910414116,0.05732255915657425,0.03782270117227058,1.0,0.12
16_rough_h0p012_spacing0p28_hard_negative_p2l_v2:0041,16_rough_h0p012_spacing0p28_hard_negative_p2l_v2,21.953999999999972,22.35399999999997,20.0,1.0,3.292808797960567e-05,3.292919645528913e-05,3.292808799034649e-05,1.0,0.06,20.0,1.0,0.0002386348771020635,0.00023864420358877972,0.00023863487720697803,1.0,0.08,40.0,1.0,0.00015581393356896102,0.00033214669930382396,0.0001943940007891432,1.0,0.08,6.0,1.0,0.027362935901141184,0.05732255915657425,0.03647576238325736,1.0,0.12
16_rough_h0p012_spacing0p28_hard_negative_p2l_v2:0042,16_rough_h0p012_spacing0p28_hard_negative_p2l_v2,22.153999999999968,22.553999999999967,20.0,1.0,3.2929546463120186e-05,3.2930654848800645e-05,3.2929546473858565e-05,1.0,0.06,20.0,1.0,0.00023862260546915996,0.0002386319318869562,0.00023862260557407834,1.0,0.08,40.0,1.0,0.00016101621049592396,0.0002543413282361832,0.00018776262215682176,1.0,0.08,6.0,1.0,0.017145968433555526,0.026134646188164662,0.018956624961343812,1.0,0.12
16_rough_h0p012_spacing0p28_hard_negative_p2l_v2:0043,16_rough_h0p012_spacing0p28_hard_negative_p2l_v2,22.35399999999997,22.75399999999997,20.0,1.0,0.0016876554085704654,0.006662205063287332,0.0034003425647880273,1.0,0.06,20.0,1.0,0.001741389349775789,0.005599385409120369,0.0028402842635946416,1.0,0.08,40.0,1.0,0.004972321704733876,0.011622513434656756,0.012298018848242668,1.0,0.08,6.0,1.0,0.022807457382185953,0.036457272441079075,0.02542388780402714,1.0,0.12
16_rough_h0p012_spacing0p28_hard_negative_p2l_v2:0044,16_rough_h0p012_spacing0p28_hard_negative_p2l_v2,22.553999999999967,22.953999999999965,20.0,1.0,0.005341197022536284,0.010263697748338402,0.00644029534566161,1.0,0.06,20.0,1.0,0.006449747171275659,0.01444178252031067,0.008244425370732219,1.0,0.08,40.0,1.0,0.006041048243980082,0.011622513434656756,0.012602008334716464,1.0,0.08,6.0,1.0,0.039035236715486386,0.05907225340481856,0.042630505227298957,1.0,0.12
16_rough_h0p012_spacing0p28_hard_negative_p2l_v2:0045,16_rough_h0p012_spacing0p28_hard_negative_p2l_v2,22.75399999999997,23.153999999999968,20.0,1.0,0.007638313603048804,0.010263697748338402,0.007923052355790819,1.0,0.06,20.0,1.0,0.012085183842264393,0.019746224600467672,0.013732430304837014,1.0,0.08,40.0,1.0,0.016240711909636697,0.035061407838602454,0.03194865118263472,0.95,0.08,6.0,1.0,0.05361827125110652,0.06416886174752448,0.054882478504984754,1.0,0.12
16_rough_h0p012_spacing0p28_hard_negative_p2l_v2:0046,16_rough_h0p012_spacing0p28_hard_negative_p2l_v2,22.953999999999965,23.353999999999964,20.0,1.0,0.004319254529129466,0.009541969390116152,0.0058139626428185855,1.0,0.06,20.0,1.0,0.00896339763173695,0.019746224600467672,0.012240187775067964,1.0,0.08,40.0,1.0,0.01648326034517332,0.035061407838602454,0.032074369471275226,0.95,0.08,6.0,1.0,0.04353940487894512,0.06390255167689954,0.046630397315682054,1.0,0.12
16_rough_h0p012_spacing0p28_hard_negative_p2l_v2:0047,16_rough_h0p012_spacing0p28_hard_negative_p2l_v2,23.153999999999968,23.553999999999967,20.0,1.0,0.0003673139404910236,0.0010880826429188436,0.0009713678356237269,1.0,0.06,20.0,1.0,0.0018260139971415647,0.0053449076659072125,0.00460469576313471,1.0,0.08,40.0,1.0,0.001491383211151217,0.005175382985595841,0.0039587932603969795,1.0,0.08,6.0,1.0,0.020016177560638643,0.03761629550230772,0.024034008585463056,1.0,0.12
16_rough_h0p012_spacing0p28_hard_negative_p2l_v2:0048,16_rough_h0p012_spacing0p28_hard_negative_p2l_v2,23.353999999999964,23.753999999999962,20.0,1.0,0.00437033505811395,0.015883711676849377,0.007887864405532727,1.0,0.06,20.0,1.0,0.001958418315860657,0.005496782889448275,0.002898081216637953,1.0,0.08,40.0,1.0,0.0044746183034744084,0.007915977032929795,0.010397643540835125,1.0,0.08,6.0,1.0,0.01749413399363617,0.03417178072282431,0.023691920005765487,1.0,0.12
16_rough_h0p012_spacing0p28_hard_negative_p2l_v2:0049,16_rough_h0p012_spacing0p28_hard_negative_p2l_v2,23.553999999999967,23.953999999999965,20.0,1.0,0.01032485208973751,0.01933056233079472,0.012176120031055468,1.0,0.06,20.0,1.0,0.006443718543884504,0.017047755631981496,0.008390965374543816,1.0,0.08,40.0,1.0,0.009361190340843241,0.025090794419200573,0.013792160193651258,1.0,0.08,6.0,1.0,0.04597046984326892,0.08635035147409909,0.055830248612643636,1.0,0.12
16_rough_h0p012_spacing0p28_hard_negative_p2l_v2:0050,16_rough_h0p012_spacing0p28_hard_negative_p2l_v2,23.753999999999962,24.15399999999996,20.0,1.0,0.019241435399276273,0.04151965407885152,0.023285477124992047,1.0,0.06,20.0,1.0,0.03791926218395719,0.11274668921603748,0.0661081062788724,0.85,0.08,40.0,1.0,0.03750989168479141,0.10701275440588935,0.055312244682105265,0.8,0.08,6.0,1.0,0.04912690589104,0.08635035147409909,0.056196642245109125,1.0,0.12
16_rough_h0p012_spacing0p28_hard_negative_p2l_v2:0051,16_rough_h0p012_spacing0p28_hard_negative_p2l_v2,23.953999999999965,24.353999999999964,20.0,1.0,0.014715004563459366,0.04151965407885152,0.0215248578843868,1.0,0.06,20.0,1.0,0.047149259119080265,0.11274668921603748,0.06935964656469061,0.85,0.08,40.0,1.0,0.03523549439480425,0.10701275440588935,0.05526939387210039,0.8,0.08,6.0,1.0,0.03502517605728974,0.04241020358099033,0.035775697099465376,1.0,0.12
16_rough_h0p012_spacing0p28_hard_negative_p2l_v2:0052,16_rough_h0p012_spacing0p28_hard_negative_p2l_v2,24.15399999999996,24.55399999999996,20.0,1.0,0.0027447923431090345,0.002827322036228497,0.003250014611049895,1.0,0.06,20.0,1.0,0.02296325709434234,0.0275451672289496,0.02588247341373533,1.0,0.08,40.0,1.0,0.0029394047979484335,0.003070979465726408,0.008805242918033378,1.0,0.08,7.0,1.0,0.02835952289660981,0.04167930543278913,0.03132945739927361,1.0,0.12
16_rough_h0p012_spacing0p28_hard_negative_p2l_v2:0053,16_rough_h0p012_spacing0p28_hard_negative_p2l_v2,24.353999999999964,24.753999999999962,20.0,1.0,0.0022422301005172425,0.002909169087235892,0.0024364071260367997,1.0,0.06,20.0,1.0,0.025495237262099034,0.04126488539725413,0.027458025412179444,1.0,0.08,40.0,1.0,0.0032259667678438226,0.013249796534375323,0.007055969522379803,1.0,0.08,7.0,1.0,0.018223622656582422,0.030352450317036525,0.021981372200227126,1.0,0.12
16_rough_h0p012_spacing0p28_hard_negative_p2l_v2:0054,16_rough_h0p012_spacing0p28_hard_negative_p2l_v2,24.55399999999996,24.953999999999958,20.0,1.0,0.002912640284952786,0.0060748851962224015,0.0035601356418860407,1.0,0.06,20.0,1.0,0.039647788398304476,0.05852386678808421,0.04191717411602318,1.0,0.08,40.0,1.0,0.008950558305828669,0.023728028625319246,0.013009620472019187,1.0,0.08,6.0,1.0,0.02796912075439426,0.05962670589909255,0.03709251573071827,1.0,0.12
16_rough_h0p012_spacing0p28_hard_negative_p2l_v2:0055,16_rough_h0p012_spacing0p28_hard_negative_p2l_v2,24.753999999999962,25.15399999999996,20.0,1.0,0.0033039243097778307,0.0060748851962224015,0.0037502236865335006,1.0,0.06,20.0,1.0,0.03219816706102322,0.05852386678808421,0.036662498740488714,1.0,0.08,40.0,1.0,0.014305879077423589,0.02710568413539261,0.018434108235665148,1.0,0.08,6.0,1.0,0.06035435596307484,0.12638058711291894,0.08461388603705265,0.8333333333333334,0.12
16_rough_h0p012_spacing0p28_hard_negative_p2l_v2:0056,16_rough_h0p012_spacing0p28_hard_negative_p2l_v2,24.953999999999958,25.353999999999957,20.0,1.0,0.002614277362979184,0.004304235875541605,0.003066668834094405,1.0,0.06,20.0,1.0,0.017410975367435563,0.02750778568777263,0.01912715455315842,1.0,0.08,40.0,1.0,0.013701532320492127,0.018140020760556326,0.01723257399316934,1.0,0.08,6.0,1.0,0.06989155458694236,0.13158666246433887,0.08868919127439401,0.8333333333333334,0.12
16_rough_h0p012_spacing0p28_hard_negative_p2l_v2:0057,16_rough_h0p012_spacing0p28_hard_negative_p2l_v2,25.15399999999996,25.55399999999996,20.0,1.0,0.0059318062462716675,0.009554682500249248,0.0069905776958720444,1.0,0.06,20.0,1.0,0.01302585716752248,0.026120534490041324,0.01541147029635204,1.0,0.08,40.0,1.0,0.0072653756531614894,0.016879697266693427,0.009394851331902078,1.0,0.08,6.0,1.0,0.06132651850555091,0.09164201967922689,0.06609788675107392,1.0,0.12
16_rough_h0p012_spacing0p28_hard_negative_p2l_v2:0058,16_rough_h0p012_spacing0p28_hard_negative_p2l_v2,25.353999999999957,25.753999999999955,20.0,1.0,0.008892395185656295,0.009554682500249248,0.00891945746829271,1.0,0.06,20.0,1.0,0.005962220428263598,0.012053714286159879,0.0070709432219478365,1.0,0.08,40.0,1.0,0.002220611263678772,0.003471872170352271,0.003446036317181805,1.0,0.08,6.0,1.0,0.043387596229795676,0.08056282889455993,0.05326830796061375,1.0,0.12
16_rough_h0p012_spacing0p28_hard_negative_p2l_v2:0059,16_rough_h0p012_spacing0p28_hard_negative_p2l_v2,25.55399999999996,25.953999999999958,20.0,1.0,0.007639314572794795,0.00915186506020795,0.007731839558746775,1.0,0.06,20.0,1.0,0.016929354210580273,0.04328551272217546,0.04401266083657372,0.9,0.08,40.0,1.0,0.01899717577241003,0.06812974931943519,0.05139346190120061,0.9,0.08,6.0,1.0,0.02397278783159618,0.03438372225133725,0.02714736498030816,1.0,0.12
16_rough_h0p012_spacing0p28_hard_negative_p2l_v2:0060,16_rough_h0p012_spacing0p28_hard_negative_p2l_v2,25.753999999999955,26.153999999999954,20.0,1.0,0.004486090361440116,0.0074704430454319015,0.005151515140057359,1.0,0.06,20.0,1.0,0.0797974658013503,0.25625275718296864,0.13015376378039403,0.65,0.08,40.0,1.0,0.058523282606817405,0.17376105700407735,0.09962567426699413,0.7,0.08,6.0,1.0,0.02635712946941261,0.04798386099153941,0.03275647668644747,1.0,0.12
16_rough_h0p012_spacing0p28_hard_negative_p2l_v2:0061,16_rough_h0p012_spacing0p28_hard_negative_p2l_v2,25.953999999999958,26.353999999999957,20.0,1.0,0.004113983889836037,0.007051078444113077,0.004659856796514215,1.0,0.06,20.0,1.0,0.08810494262253692,0.25625275718296864,0.12712078827158982,0.75,0.08,40.0,1.0,0.04394726451130976,0.16812730499702963,0.08571500395199798,0.8,0.08,6.0,1.0,0.02314569389716486,0.05366397391181579,0.032569221804489984,1.0,0.12
16_rough_h0p012_spacing0p28_hard_negative_p2l_v2:0062,16_rough_h0p012_spacing0p28_hard_negative_p2l_v2,26.153999999999954,26.553999999999952,20.0,1.0,0.0037942735452179506,0.007051078444113077,0.004513222943328137,1.0,0.06,20.0,1.0,0.03955548673706634,0.05292273472525911,0.040757959492311875,1.0,0.08,40.0,1.0,0.005663990352462298,0.01727631497396199,0.008439337096438945,1.0,0.08,6.0,1.0,0.01427231447990244,0.03526594048179747,0.021346915615543905,1.0,0.12
16_rough_h0p012_spacing0p28_hard_negative_p2l_v2:0063,16_rough_h0p012_spacing0p28_hard_negative_p2l_v2,26.353999999999957,26.753999999999955,20.0,1.0,0.0036885342127975047,0.0070656543993924265,0.004422882296412915,1.0,0.06,20.0,1.0,0.0189866583201585,0.0345520464481343,0.023469977389471663,1.0,0.08,40.0,1.0,0.002355910950556578,0.004780322026379648,0.0033004744768092478,1.0,0.08,6.0,1.0,0.013127990993023206,0.022587324351275487,0.015498412431716537,1.0,0.12
16_rough_h0p012_spacing0p28_hard_negative_p2l_v2:0064,16_rough_h0p012_spacing0p28_hard_negative_p2l_v2,26.553999999999952,26.95399999999995,20.0,1.0,0.007230024310048296,0.008966526369837673,0.007431567577227915,1.0,0.06,20.0,1.0,0.00651603353264813,0.01184947187272905,0.008214148940816943,1.0,0.08,40.0,1.0,0.003641772491459282,0.006557418343384647,0.004810658487322027,1.0,0.08,6.0,1.0,0.034428731206448675,0.07702037105023497,0.05167514000338793,1.0,0.12
16_rough_h0p012_spacing0p28_hard_negative_p2l_v2:0065,16_rough_h0p012_spacing0p28_hard_negative_p2l_v2,26.753999999999955,27.153999999999954,20.0,1.0,0.009216503475510038,0.010606678972087622,0.009257851635111732,1.0,0.06,20.0,1.0,0.006004497351193868,0.009916943326432174,0.007395698504312236,1.0,0.08,40.0,1.0,0.005836026077039903,0.013592693552631903,0.007419331316456462,1.0,0.08,6.0,1.0,0.044850458268735904,0.07871054262763688,0.05655741103763503,1.0,0.12
16_rough_h0p012_spacing0p28_hard_negative_p2l_v2:0066,16_rough_h0p012_spacing0p28_hard_negative_p2l_v2,26.95399999999995,27.35399999999995,20.0,1.0,0.006702046841199442,0.010606678972087622,0.007507703082063848,1.0,0.06,20.0,1.0,0.010385364229893288,0.02263611277691827,0.013309306457517043,1.0,0.08,40.0,1.0,0.009283768724501517,0.019420004564223724,0.012158364770004546,1.0,0.08,6.0,1.0,0.034104989215974456,0.045053393411500775,0.03646527972135828,1.0,0.12
16_rough_h0p012_spacing0p28_hard_negative_p2l_v2:0067,16_rough_h0p012_spacing0p28_hard_negative_p2l_v2,27.153999999999954,27.553999999999952,20.0,1.0,0.003477317333372444,0.004777318704074532,0.0038272667261500725,1.0,0.06,20.0,1.0,0.027890874883243554,0.04878817118547585,0.031953006117896615,1.0,0.08,40.0,1.0,0.01270592483778225,0.025197181638698735,0.015022163879183995,1.0,0.08,6.0,1.0,0.03910138659129802,0.049524757607673414,0.041607623278184847,1.0,0.12
16_rough_h0p012_spacing0p28_hard_negative_p2l_v2:0068,16_rough_h0p012_spacing0p28_hard_negative_p2l_v2,27.35399999999995,27.753999999999948,20.0,1.0,0.007410835760759502,0.0155645520633277,0.013126427882127312,1.0,0.06,20.0,1.0,0.032516694352982115,0.05116435739743889,0.03587332217552064,1.0,0.08,40.0,1.0,0.012985929261785123,0.027208998684390636,0.020670733981921874,1.0,0.08,6.0,1.0,0.043776912353727826,0.060105374027325895,0.04606657578212757,1.0,0.12
16_rough_h0p012_spacing0p28_hard_negative_p2l_v2:0069,16_rough_h0p012_spacing0p28_hard_negative_p2l_v2,27.553999999999952,27.95399999999995,20.0,1.0,0.020650579136244362,0.06458457202111395,0.03337940961942859,0.85,0.06,20.0,1.0,0.0468165103710666,0.11591345177993048,0.0719299728385795,0.8,0.08,40.0,1.0,0.03146330075586993,0.09972993290329585,0.051962786430762374,0.85,0.08,6.0,1.0,0.03740717580860483,0.07838603397313063,0.04865001874216906,1.0,0.12
