window_id,run_id,split,window_start_sec,window_end_sec,wheel_translation_reliable_true,wheel_translation_reliable_predicted,wheel_translation_reliable_probability_unreliable,wheel_translation_reliable_probability_reliable,wheel_rotation_reliable_true,wheel_rotation_reliable_predicted,wheel_rotation_reliable_probability_unreliable,wheel_rotation_reliable_probability_reliable,imu_yaw_rate_reliable_true,imu_yaw_rate_reliable_predicted,imu_yaw_rate_reliable_probability_unreliable,imu_yaw_rate_reliable_probability_reliable
00_normal_p2l_v2:0000,00_normal_p2l_v2,validation,19.99,20.389999999999997,1,1,0.0,1.0,1,1,0.0,1.0,1,1,0.0,1.0
00_normal_p2l_v2:0001,00_normal_p2l_v2,validation,20.189999999999998,20.589999999999996,1,1,0.0,1.0,1,1,0.0,1.0,1,1,0.0,1.0
00_normal_p2l_v2:0002,00_normal_p2l_v2,validation,20.389999999999997,20.789999999999996,1,1,0.0,1.0,1,1,0.0,1.0,1,1,0.0,1.0
00_normal_p2l_v2:0003,00_normal_p2l_v2,validation,20.589999999999996,20.989999999999995,1,1,0.0,1.0,1,1,0.0,1.0,1,1,0.0,1.0
00_normal_p2l_v2:0004,00_normal_p2l_v2,validation,20.789999999999996,21.189999999999994,1,1,0.0,1.0,1,1,0.0,1.0,1,1,0.0,1.0
00_normal_p2l_v2:0005,00_normal_p2l_v2,validation,20.989999999999995,21.389999999999993,1,1,0.0,1.0,1,1,0.0,1.0,1,1,0.0,1.0
00_normal_p2l_v2:0006,00_normal_p2l_v2,validation,21.189999999999994,21.589999999999993,1,1,0.0,1.0,1,1,0.0,1.0,1,1,0.0,1.0
00_normal_p2l_v2:0007,00_normal_p2l_v2,validation,21.389999999999993,21.789999999999992,1,1,0.0,1.0,1,1,0.0,1.0,1,1,0.0,1.0
00_normal_p2l_v2:0008,00_normal_p2l_v2,validation,21.589999999999993,21.98999999999999,1,1,0.0,1.0,1,1,0.0,1.0,1,1,0.0,1.0
00_normal_p2l_v2:0009,00_normal_p2l_v2,validation,21.789999999999992,22.18999999999999,1,1,0.0,1.0,1,1,0.0,1.0,1,1,0.0,1.0
00_normal_p2l_v2:0010,00_normal_p2l_v2,validation,21.98999999999999,22.38999999999999,1,1,0.0,1.0,1,1,0.0,1.0,1,1,0.0,1.0
00_normal_p2l_v2:0011,00_normal_p2l_v2,validation,22.18999999999999,22.58999999999999,1,1,0.0,1.0,1,1,0.0,1.0,1,1,0.0,1.0
00_normal_p2l_v2:0012,00_normal_p2l_v2,validation,22.38999999999999,22.78999999999999,1,1,0.0,1.0,1,1,0.0,1.0,1,1,0.0,1.0
00_normal_p2l_v2:0013,00_normal_p2l_v2,validation,22.58999999999999,22.989999999999988,1,1,0.0,1.0,1,1,0.0,1.0,1,1,0.0,1.0
00_normal_p2l_v2:0014,00_normal_p2l_v2,validation,22.78999999999999,23.189999999999987,1,1,0.0,1.0,1,1,0.0,1.0,1,1,0.0,1.0
00_normal_p2l_v2:0015,00_normal_p2l_v2,validation,22.989999999999988,23.389999999999986,1,1,0.0,1.0,1,1,0.0,1.0,1,1,0.0,1.0
00_normal_p2l_v2:0016,00_normal_p2l_v2,validation,23.189999999999987,23.589999999999986,1,1,0.0,1.0,1,1,0.0,1.0,1,1,0.0,1.0
00_normal_p2l_v2:0017,00_normal_p2l_v2,validation,23.389999999999986,23.789999999999985,1,1,0.0,1.0,1,1,0.0,1.0,1,1,0.0,1.0
00_normal_p2l_v2:0018,00_normal_p2l_v2,validation,23.589999999999986,23.989999999999984,1,1,0.0,1.0,1,1,0.0,1.0,1,1,0.0,1.0
00_normal_p2l_v2:0019,00_normal_p2l_v2,validation,23.789999999999985,24.189999999999984,1,1,0.0,1.0,1,1,0.0,1.0,1,1,0.0,1.0
00_normal_p2l_v2:0020,00_normal_p2l_v2,validation,23.989999999999984,24.389999999999983,1,1,0.0,1.0,1,1,0.0036022304832713753,0.9963977695167286,1,1,0.0,1.0
00_normal_p2l_v2:0021,00_normal_p2l_v2,validation,24.189999999999984,24.589999999999982,1,1,0.0,1.0,1,1,0.0,1.0,1,1,0.0,1.0
00_normal_p2l_v2:0022,00_normal_p2l_v2,validation,24.389999999999983,24.78999999999998,1,1,0.0,1.0,1,1,0.0,1.0,1,1,0.0,1.0
00_normal_p2l_v2:0023,00_normal_p2l_v2,validation,24.589999999999982,24.98999999999998,1,1,0.0,1.0,1,1,0.0,1.0,1,1,0.0,1.0
00_normal_p2l_v2:0024,00_normal_p2l_v2,validation,24.78999999999998,25.18999999999998,1,1,0.0,1.0,1,1,0.0,1.0,1,1,0.0,1.0
00_normal_p2l_v2:0025,00_normal_p2l_v2,validation,24.98999999999998,25.38999999999998,1,1,0.002,0.998,1,1,0.023459321328284117,0.9765406786717157,1,1,0.0038315789473684215,0.9961684210526316
00_normal_p2l_v2:0026,00_normal_p2l_v2,validation,25.18999999999998,25.58999999999998,1,1,0.0,1.0,1,1,0.2093146381623377,0.7906853618376621,1,1,0.0,1.0
00_normal_p2l_v2:0027,00_normal_p2l_v2,validation,25.38999999999998,25.789999999999978,1,1,0.0,1.0,1,1,0.2596242390142816,0.7403757609857181,1,1,0.002,0.998
00_normal_p2l_v2:0028,00_normal_p2l_v2,validation,25.58999999999998,25.989999999999977,1,1,0.0,1.0,1,1,0.0018178438661710038,0.998182156133829,1,1,0.0,1.0
00_normal_p2l_v2:0029,00_normal_p2l_v2,validation,25.789999999999978,26.189999999999976,1,1,0.0,1.0,1,1,0.0036171003717472123,0.9963828996282529,1,1,0.001962825278810409,0.9980371747211896
00_normal_p2l_v2:0030,00_normal_p2l_v2,validation,25.989999999999977,26.389999999999976,1,1,0.0,1.0,1,1,0.0018178438661710038,0.998182156133829,1,1,0.0,1.0
00_normal_p2l_v2:0031,00_normal_p2l_v2,validation,26.189999999999976,26.589999999999975,1,1,0.0,1.0,0,0,0.4237752536327936,0.5762247463672063,1,0,0.46920667623584505,0.5307933237641549
00_normal_p2l_v2:0032,00_normal_p2l_v2,validation,26.389999999999976,26.789999999999974,1,1,0.0,1.0,0,0,0.4084895978427882,0.591510402157212,1,0,0.39944736566084127,0.6005526343391586
00_normal_p2l_v2:0033,00_normal_p2l_v2,validation,26.589999999999975,26.989999999999974,1,1,0.0,1.0,1,1,0.0,1.0,1,1,0.0,1.0
00_normal_p2l_v2:0034,00_normal_p2l_v2,validation,26.789999999999974,27.189999999999973,1,1,0.0,1.0,1,1,0.0,1.0,1,1,0.0,1.0
00_normal_p2l_v2:0035,00_normal_p2l_v2,validation,26.989999999999974,27.389999999999972,1,1,0.0,1.0,1,1,0.005350831422179618,0.9946491685778203,1,1,0.0,1.0
00_normal_p2l_v2:0036,00_normal_p2l_v2,validation,27.189999999999973,27.58999999999997,1,1,0.009458767019873405,0.9905412329801265,1,1,0.2557059353471875,0.7442940646528121,1,1,0.0,1.0
00_normal_p2l_v2:0037,00_normal_p2l_v2,validation,27.389999999999972,27.78999999999997,1,1,0.009440246203473219,0.9905597537965268,1,1,0.21950896057743624,0.7804910394225633,1,1,0.0,1.0
00_normal_p2l_v2:0038,00_normal_p2l_v2,validation,27.58999999999997,27.98999999999997,1,1,0.0,1.0,1,1,0.0,1.0,1,1,0.0,1.0
00_normal_p2l_v2:0039,00_normal_p2l_v2,validation,27.78999999999997,28.18999999999997,1,1,0.0,1.0,1,1,0.0,1.0,1,1,0.0,1.0
00_normal_p2l_v2:0040,00_normal_p2l_v2,validation,27.98999999999997,28.38999999999997,0,0,0.6608501102667121,0.3391498897332877,1,1,0.003619579907337887,0.9963804200926621,1,1,0.0,1.0
00_normal_p2l_v2:0041,00_normal_p2l_v2,validation,28.18999999999997,28.589999999999968,0,0,0.8405527955468491,0.15944720445315125,1,1,0.0,1.0,1,1,0.0,1.0
00_normal_p2l_v2:0042,00_normal_p2l_v2,validation,28.38999999999997,28.789999999999967,1,1,0.0,1.0,1,1,0.0017843866171003717,0.9982156133828997,1,1,0.0,1.0
00_normal_p2l_v2:0043,00_normal_p2l_v2,validation,28.589999999999968,28.989999999999966,1,1,0.0,1.0,1,1,0.0,1.0,1,1,0.0,1.0
00_normal_p2l_v2:0044,00_normal_p2l_v2,validation,28.789999999999967,29.189999999999966,1,1,0.0,1.0,1,1,0.0,1.0,1,1,0.0,1.0
00_normal_p2l_v2:0045,00_normal_p2l_v2,validation,28.989999999999966,29.389999999999965,1,1,0.0,1.0,1,1,0.0,1.0,1,1,0.0,1.0
00_normal_p2l_v2:0046,00_normal_p2l_v2,validation,29.189999999999966,29.589999999999964,1,1,0.0,1.0,1,1,0.0,1.0,1,1,0.0,1.0
00_normal_p2l_v2:0047,00_normal_p2l_v2,validation,29.389999999999965,29.789999999999964,1,1,0.0,1.0,1,1,0.0,1.0,1,1,0.0,1.0
00_normal_p2l_v2:0048,00_normal_p2l_v2,validation,29.589999999999964,29.989999999999963,1,1,0.0,1.0,1,1,0.0,1.0,1,1,0.0,1.0
00_normal_p2l_v2:0049,00_normal_p2l_v2,validation,29.789999999999964,30.189999999999962,1,1,0.0,1.0,1,1,0.0,1.0,1,1,0.0,1.0
00_normal_p2l_v2:0050,00_normal_p2l_v2,validation,29.989999999999963,30.38999999999996,1,1,0.0,1.0,1,1,0.0,1.0,1,1,0.0,1.0
00_normal_p2l_v2:0051,00_normal_p2l_v2,validation,30.189999999999962,30.58999999999996,1,1,0.0,1.0,1,1,0.0,1.0,1,1,0.0,1.0
00_normal_p2l_v2:0052,00_normal_p2l_v2,validation,30.38999999999996,30.78999999999996,1,1,0.0019479553903345725,0.9980520446096655,1,1,0.0,1.0,1,1,0.0,1.0
00_normal_p2l_v2:0053,00_normal_p2l_v2,validation,30.58999999999996,30.98999999999996,1,1,0.0,1.0,1,1,0.0,1.0,1,1,0.0,1.0
00_normal_p2l_v2:0054,00_normal_p2l_v2,validation,30.78999999999996,31.18999999999996,1,1,0.0,1.0,1,1,0.0,1.0,1,1,0.0,1.0
00_normal_p2l_v2:0055,00_normal_p2l_v2,validation,30.98999999999996,31.389999999999958,1,1,0.0,1.0,1,1,0.0,1.0,1,1,0.0,1.0
00_normal_p2l_v2:0056,00_normal_p2l_v2,validation,31.18999999999996,31.589999999999957,1,1,0.0,1.0,1,1,0.0,1.0,1,1,0.0,1.0
00_normal_p2l_v2:0057,00_normal_p2l_v2,validation,31.389999999999958,31.789999999999957,1,1,0.019426737482552036,0.9805732625174479,1,1,0.0,1.0,1,1,0.0,1.0
00_normal_p2l_v2:0058,00_normal_p2l_v2,validation,31.589999999999957,31.989999999999956,1,1,0.0,1.0,1,1,0.0017843866171003717,0.9982156133828997,1,1,0.0,1.0
00_normal_p2l_v2:0059,00_normal_p2l_v2,validation,31.789999999999957,32.189999999999955,1,1,0.0,1.0,1,1,0.0,1.0,1,1,0.0,1.0
00_normal_p2l_v2:0060,00_normal_p2l_v2,validation,31.989999999999956,32.38999999999996,1,1,0.0,1.0,1,1,0.39778974662629074,0.6022102533737091,1,1,0.0,1.0
00_normal_p2l_v2:0061,00_normal_p2l_v2,validation,32.189999999999955,32.589999999999954,1,1,0.0,1.0,1,0,0.5745589674547028,0.42544103254529725,1,1,0.003947955390334572,0.9960520446096655
00_normal_p2l_v2:0062,00_normal_p2l_v2,validation,32.38999999999996,32.78999999999996,1,1,0.0,1.0,1,1,0.0,1.0,1,1,0.0,1.0
00_normal_p2l_v2:0063,00_normal_p2l_v2,validation,32.589999999999954,32.98999999999995,1,1,0.0,1.0,1,1,0.0,1.0,1,1,0.0,1.0
00_normal_p2l_v2:0064,00_normal_p2l_v2,validation,32.78999999999995,33.18999999999995,1,1,0.0,1.0,1,1,0.0,1.0,1,1,0.0,1.0
00_normal_p2l_v2:0065,00_normal_p2l_v2,validation,32.98999999999995,33.38999999999995,1,1,0.0,1.0,1,1,0.0,1.0,1,1,0.0,1.0
00_normal_p2l_v2:0066,00_normal_p2l_v2,validation,33.189999999999955,33.589999999999954,1,1,0.0,1.0,1,1,0.0,1.0,1,1,0.0,1.0
00_normal_p2l_v2:0067,00_normal_p2l_v2,validation,33.38999999999995,33.78999999999995,1,1,0.0,1.0,1,1,0.0,1.0,1,1,0.0,1.0
00_normal_p2l_v2:0068,00_normal_p2l_v2,validation,33.58999999999995,33.989999999999945,1,1,0.0,1.0,1,1,0.0,1.0,1,1,0.0,1.0
00_normal_p2l_v2:0069,00_normal_p2l_v2,validation,33.78999999999995,34.18999999999995,1,1,0.0038774774774774775,0.9961225225225225,0,0,0.9928681420698456,0.007131857930154463,0,0,0.06991449814126395,0.9300855018587361
00_normal_p2l_v2:0070,00_normal_p2l_v2,validation,33.98999999999995,34.38999999999995,1,1,0.0018774774774774775,0.9981225225225225,0,0,0.9734237114399448,0.02657628856005523,0,1,0.04589591078066914,0.9541040892193309
00_normal_p2l_v2:0071,00_normal_p2l_v2,validation,34.18999999999995,34.58999999999995,1,1,0.0,1.0,1,1,0.0,1.0,1,1,0.0,1.0
00_normal_p2l_v2:0072,00_normal_p2l_v2,validation,34.389999999999944,34.78999999999994,1,1,0.0,1.0,1,1,0.0,1.0,1,1,0.0,1.0
00_normal_p2l_v2:0073,00_normal_p2l_v2,validation,34.58999999999995,34.989999999999945,1,1,0.0,1.0,1,1,0.0,1.0,1,1,0.0,1.0
00_normal_p2l_v2:0074,00_normal_p2l_v2,validation,34.78999999999995,35.18999999999995,1,1,0.0,1.0,1,1,0.0,1.0,1,1,0.0,1.0
00_normal_p2l_v2:0075,00_normal_p2l_v2,validation,34.989999999999945,35.389999999999944,1,1,0.0,1.0,1,1,0.0,1.0,1,1,0.0,1.0
00_normal_p2l_v2:0076,00_normal_p2l_v2,validation,35.18999999999994,35.58999999999994,1,1,0.0,1.0,1,1,0.0,1.0,1,1,0.0,1.0
00_normal_p2l_v2:0077,00_normal_p2l_v2,validation,35.389999999999944,35.78999999999994,1,1,0.0,1.0,1,1,0.0,1.0,1,1,0.0,1.0
00_normal_p2l_v2:0078,00_normal_p2l_v2,validation,35.58999999999995,35.989999999999945,1,1,0.0,1.0,1,1,0.1624627093542108,0.8375372906457891,1,1,0.03592193308550186,0.964078066914498
00_normal_p2l_v2:0079,00_normal_p2l_v2,validation,35.78999999999994,36.18999999999994,1,1,0.0,1.0,1,1,0.16943852911568713,0.8305614708843129,1,1,0.033782615748563706,0.9662173842514363
01_low_friction_mu_0p12_p2l_v2:0000,01_low_friction_mu_0p12_p2l_v2,train,11.78,12.18,1,1,0.0,1.0,1,1,0.0,1.0,1,1,0.0,1.0
01_low_friction_mu_0p12_p2l_v2:0001,01_low_friction_mu_0p12_p2l_v2,train,11.979999999999999,12.379999999999999,1,1,0.0,1.0,1,1,0.0,1.0,1,1,0.0,1.0
01_low_friction_mu_0p12_p2l_v2:0002,01_low_friction_mu_0p12_p2l_v2,train,12.179999999999998,12.579999999999998,1,1,0.10603109423658119,0.8939689057634188,1,1,0.003619579907337887,0.9963804200926621,1,1,0.0,1.0
01_low_friction_mu_0p12_p2l_v2:0003,01_low_friction_mu_0p12_p2l_v2,train,12.379999999999997,12.779999999999998,1,1,0.0979740038754419,0.9020259961245579,1,1,0.0018777120315581852,0.9981222879684418,1,1,0.0,1.0
01_low_friction_mu_0p12_p2l_v2:0004,01_low_friction_mu_0p12_p2l_v2,train,12.579999999999997,12.979999999999997,1,1,0.0,1.0,1,1,0.0,1.0,1,1,0.0,1.0
01_low_friction_mu_0p12_p2l_v2:0005,01_low_friction_mu_0p12_p2l_v2,train,12.779999999999996,13.179999999999996,1,1,0.0,1.0,1,1,0.0,1.0,1,1,0.0,1.0
01_low_friction_mu_0p12_p2l_v2:0006,01_low_friction_mu_0p12_p2l_v2,train,12.979999999999995,13.379999999999995,1,1,0.0,1.0,1,1,0.0,1.0,1,1,0.0,1.0
01_low_friction_mu_0p12_p2l_v2:0007,01_low_friction_mu_0p12_p2l_v2,train,13.179999999999994,13.579999999999995,1,1,0.0,1.0,1,1,0.0,1.0,1,1,0.0,1.0
01_low_friction_mu_0p12_p2l_v2:0008,01_low_friction_mu_0p12_p2l_v2,train,13.379999999999994,13.779999999999994,1,1,0.0,1.0,1,1,0.0,1.0,1,1,0.0,1.0
01_low_friction_mu_0p12_p2l_v2:0009,01_low_friction_mu_0p12_p2l_v2,train,13.579999999999993,13.979999999999993,1,1,0.0,1.0,1,1,0.0,1.0,1,1,0.0,1.0
01_low_friction_mu_0p12_p2l_v2:0010,01_low_friction_mu_0p12_p2l_v2,train,13.779999999999992,14.179999999999993,1,1,0.0,1.0,1,1,0.0,1.0,1,1,0.0,1.0
01_low_friction_mu_0p12_p2l_v2:0011,01_low_friction_mu_0p12_p2l_v2,train,13.979999999999992,14.379999999999992,1,1,0.0,1.0,1,1,0.0,1.0,1,1,0.0,1.0
01_low_friction_mu_0p12_p2l_v2:0012,01_low_friction_mu_0p12_p2l_v2,train,14.17999999999999,14.579999999999991,1,1,0.0,1.0,1,1,0.0017992565055762082,0.9982007434944238,1,1,0.0,1.0
01_low_friction_mu_0p12_p2l_v2:0013,01_low_friction_mu_0p12_p2l_v2,train,14.37999999999999,14.77999999999999,1,1,0.0,1.0,1,1,0.0,1.0,1,1,0.0,1.0
01_low_friction_mu_0p12_p2l_v2:0014,01_low_friction_mu_0p12_p2l_v2,train,14.57999999999999,14.97999999999999,1,1,0.0,1.0,1,1,0.0,1.0,1,1,0.0,1.0
01_low_friction_mu_0p12_p2l_v2:0015,01_low_friction_mu_0p12_p2l_v2,train,14.779999999999989,15.179999999999989,1,1,0.0,1.0,1,1,0.0,1.0,1,1,0.0,1.0
01_low_friction_mu_0p12_p2l_v2:0016,01_low_friction_mu_0p12_p2l_v2,train,14.979999999999988,15.379999999999988,1,1,0.0,1.0,1,1,0.0,1.0,1,1,0.0,1.0
01_low_friction_mu_0p12_p2l_v2:0017,01_low_friction_mu_0p12_p2l_v2,train,15.179999999999987,15.579999999999988,1,1,0.0,1.0,1,1,0.0,1.0,1,1,0.0,1.0
01_low_friction_mu_0p12_p2l_v2:0018,01_low_friction_mu_0p12_p2l_v2,train,15.379999999999987,15.779999999999987,1,1,0.0,1.0,1,1,0.0,1.0,1,1,0.0,1.0
01_low_friction_mu_0p12_p2l_v2:0019,01_low_friction_mu_0p12_p2l_v2,train,15.579999999999986,15.979999999999986,1,1,0.0,1.0,1,1,0.0,1.0,1,1,0.0,1.0
01_low_friction_mu_0p12_p2l_v2:0020,01_low_friction_mu_0p12_p2l_v2,train,15.779999999999985,16.179999999999986,1,1,0.0,1.0,1,1,0.0,1.0,1,1,0.0,1.0
01_low_friction_mu_0p12_p2l_v2:0021,01_low_friction_mu_0p12_p2l_v2,train,15.979999999999984,16.379999999999985,1,1,0.0,1.0,1,1,0.0,1.0,1,1,0.0,1.0
01_low_friction_mu_0p12_p2l_v2:0022,01_low_friction_mu_0p12_p2l_v2,train,16.179999999999986,16.579999999999984,1,1,0.0,1.0,1,1,0.0,1.0,1,1,0.0,1.0
01_low_friction_mu_0p12_p2l_v2:0023,01_low_friction_mu_0p12_p2l_v2,train,16.37999999999998,16.77999999999998,1,1,0.0,1.0,1,1,0.0,1.0,1,1,0.0,1.0
01_low_friction_mu_0p12_p2l_v2:0024,01_low_friction_mu_0p12_p2l_v2,train,16.579999999999984,16.979999999999983,1,1,0.0,1.0,1,1,0.0,1.0,1,1,0.0,1.0
01_low_friction_mu_0p12_p2l_v2:0025,01_low_friction_mu_0p12_p2l_v2,train,16.77999999999998,17.17999999999998,1,1,0.0,1.0,1,1,0.0,1.0,1,1,0.0,1.0
01_low_friction_mu_0p12_p2l_v2:0026,01_low_friction_mu_0p12_p2l_v2,train,16.979999999999983,17.37999999999998,1,1,0.0,1.0,1,1,0.0,1.0,1,1,0.0,1.0
01_low_friction_mu_0p12_p2l_v2:0027,01_low_friction_mu_0p12_p2l_v2,train,17.17999999999998,17.579999999999977,1,1,0.0,1.0,1,1,0.0018178438661710038,0.998182156133829,1,1,0.0,1.0
01_low_friction_mu_0p12_p2l_v2:0028,01_low_friction_mu_0p12_p2l_v2,train,17.37999999999998,17.77999999999998,1,1,0.0,1.0,1,1,0.0033264436183395286,0.9966735563816606,1,1,0.0,1.0
01_low_friction_mu_0p12_p2l_v2:0029,01_low_friction_mu_0p12_p2l_v2,train,17.579999999999977,17.979999999999976,1,1,0.0,1.0,1,1,0.0,1.0,1,1,0.0,1.0
01_low_friction_mu_0p12_p2l_v2:0030,01_low_friction_mu_0p12_p2l_v2,train,17.77999999999998,18.17999999999998,1,1,0.0,1.0,1,1,0.0,1.0,1,1,0.0,1.0
01_low_friction_mu_0p12_p2l_v2:0031,01_low_friction_mu_0p12_p2l_v2,train,17.979999999999976,18.379999999999974,1,1,0.0,1.0,1,1,0.0,1.0,1,1,0.0,1.0
01_low_friction_mu_0p12_p2l_v2:0032,01_low_friction_mu_0p12_p2l_v2,train,18.17999999999998,18.579999999999977,1,1,0.0,1.0,1,1,0.0,1.0,1,1,0.0,1.0
01_low_friction_mu_0p12_p2l_v2:0033,01_low_friction_mu_0p12_p2l_v2,train,18.379999999999974,18.779999999999973,1,1,0.0,1.0,1,1,0.0,1.0,1,1,0.0,1.0
01_low_friction_mu_0p12_p2l_v2:0034,01_low_friction_mu_0p12_p2l_v2,train,18.579999999999977,18.979999999999976,1,1,0.0,1.0,1,1,0.0,1.0,1,1,0.0,1.0
01_low_friction_mu_0p12_p2l_v2:0035,01_low_friction_mu_0p12_p2l_v2,train,18.779999999999973,19.17999999999997,1,1,0.009449906577692143,0.9905500934223078,0,0,0.9090367815895073,0.09096321841049256,1,1,0.0,1.0
01_low_friction_mu_0p12_p2l_v2:0036,01_low_friction_mu_0p12_p2l_v2,train,18.979999999999976,19.379999999999974,1,1,0.001854014598540146,0.9981459854014598,0,0,0.9665925679511569,0.03340743204884313,1,1,0.0,1.0
01_low_friction_mu_0p12_p2l_v2:0037,01_low_friction_mu_0p12_p2l_v2,train,19.17999999999997,19.57999999999997,1,1,0.0,1.0,0,0,0.9562202187676248,0.04377978123237528,1,1,0.002,0.998
01_low_friction_mu_0p12_p2l_v2:0038,01_low_friction_mu_0p12_p2l_v2,train,19.379999999999974,19.779999999999973,1,1,0.0,1.0,1,1,0.0,1.0,1,1,0.0,1.0
01_low_friction_mu_0p12_p2l_v2:0039,01_low_friction_mu_0p12_p2l_v2,train,19.57999999999997,19.97999999999997,1,1,0.0,1.0,1,1,0.0,1.0,1,1,0.0,1.0
01_low_friction_mu_0p12_p2l_v2:0040,01_low_friction_mu_0p12_p2l_v2,train,19.779999999999973,20.17999999999997,1,1,0.0019582542694497156,0.9980417457305503,0,0,0.9696446912823042,0.03035530871769547,1,1,0.01182384174768417,0.9881761582523159
01_low_friction_mu_0p12_p2l_v2:0041,01_low_friction_mu_0p12_p2l_v2,train,19.97999999999997,20.379999999999967,1,1,0.005887622299189492,0.9941123777008105,0,0,0.9834771159414414,0.016522884058558632,1,1,0.005831578947368421,0.9941684210526316
01_low_friction_mu_0p12_p2l_v2:0042,01_low_friction_mu_0p12_p2l_v2,train,20.17999999999997,20.57999999999997,1,1,0.01136262833187091,0.988637371668129,0,0,0.8617763262600338,0.1382236737399663,1,1,0.0,1.0
01_low_friction_mu_0p12_p2l_v2:0043,01_low_friction_mu_0p12_p2l_v2,train,20.379999999999967,20.779999999999966,1,1,0.002,0.998,0,0,0.6928598481870514,0.30714015181294896,1,1,0.0,1.0
01_low_friction_mu_0p12_p2l_v2:0044,01_low_friction_mu_0p12_p2l_v2,train,20.57999999999997,20.97999999999997,1,1,0.0,1.0,1,1,0.15273318035920752,0.8472668196407926,1,1,0.001898550724637681,0.9981014492753623
01_low_friction_mu_0p12_p2l_v2:0045,01_low_friction_mu_0p12_p2l_v2,train,20.779999999999966,21.179999999999964,1,1,0.0,1.0,1,1,0.012259637386113718,0.9877403626138862,1,1,0.0,1.0
01_low_friction_mu_0p12_p2l_v2:0046,01_low_friction_mu_0p12_p2l_v2,train,20.97999999999997,21.379999999999967,0,0,0.9561992474168508,0.043800752583148965,0,0,0.9821876165931067,0.017812383406893423,1,1,0.0,1.0
01_low_friction_mu_0p12_p2l_v2:0047,01_low_friction_mu_0p12_p2l_v2,train,21.179999999999964,21.579999999999963,0,0,0.9780222184986775,0.021977781501322485,0,0,0.9443148936245791,0.05568510637542107,1,1,0.0,1.0
01_low_friction_mu_0p12_p2l_v2:0048,01_low_friction_mu_0p12_p2l_v2,train,21.379999999999967,21.779999999999966,1,1,0.0,1.0,1,1,0.0,1.0,1,1,0.0,1.0
01_low_friction_mu_0p12_p2l_v2:0049,01_low_friction_mu_0p12_p2l_v2,train,21.579999999999963,21.97999999999996,1,1,0.0,1.0,1,1,0.0,1.0,1,1,0.0,1.0
01_low_friction_mu_0p12_p2l_v2:0050,01_low_friction_mu_0p12_p2l_v2,train,21.779999999999966,22.179999999999964,0,0,0.7221307099160624,0.2778692900839373,1,1,0.0,1.0,1,1,0.0,1.0
01_low_friction_mu_0p12_p2l_v2:0051,01_low_friction_mu_0p12_p2l_v2,train,21.97999999999996,22.37999999999996,0,0,0.9350902742469676,0.06490972575303264,1,1,0.0,1.0,1,1,0.0,1.0
01_low_friction_mu_0p12_p2l_v2:0052,01_low_friction_mu_0p12_p2l_v2,train,22.179999999999964,22.579999999999963,0,0,0.845942258580952,0.1540577414190479,1,1,0.0,1.0,1,1,0.0,1.0
01_low_friction_mu_0p12_p2l_v2:0053,01_low_friction_mu_0p12_p2l_v2,train,22.37999999999996,22.77999999999996,0,0,0.6891793119438139,0.31082068805618596,1,1,0.001828996282527881,0.9981710037174721,1,1,0.0,1.0
01_low_friction_mu_0p12_p2l_v2:0054,01_low_friction_mu_0p12_p2l_v2,train,22.579999999999963,22.97999999999996,1,1,0.0,1.0,1,1,0.0,1.0,1,1,0.0,1.0
01_low_friction_mu_0p12_p2l_v2:0055,01_low_friction_mu_0p12_p2l_v2,train,22.77999999999996,23.179999999999957,1,1,0.0,1.0,1,1,0.0,1.0,1,1,0.0,1.0
01_low_friction_mu_0p12_p2l_v2:0056,01_low_friction_mu_0p12_p2l_v2,train,22.97999999999996,23.37999999999996,1,1,0.0,1.0,1,1,0.0,1.0,1,1,0.0,1.0
01_low_friction_mu_0p12_p2l_v2:0057,01_low_friction_mu_0p12_p2l_v2,train,23.179999999999957,23.579999999999956,1,1,0.0,1.0,1,1,0.0,1.0,1,1,0.0,1.0
01_low_friction_mu_0p12_p2l_v2:0058,01_low_friction_mu_0p12_p2l_v2,train,23.37999999999996,23.77999999999996,1,1,0.0,1.0,1,1,0.0,1.0,1,1,0.0,1.0
01_low_friction_mu_0p12_p2l_v2:0059,01_low_friction_mu_0p12_p2l_v2,train,23.579999999999956,23.979999999999954,1,1,0.0,1.0,1,1,0.0,1.0,1,1,0.0,1.0
01_low_friction_mu_0p12_p2l_v2:0060,01_low_friction_mu_0p12_p2l_v2,train,23.77999999999996,24.179999999999957,1,1,0.0,1.0,1,1,0.0,1.0,1,1,0.0,1.0
01_low_friction_mu_0p12_p2l_v2:0061,01_low_friction_mu_0p12_p2l_v2,train,23.979999999999954,24.379999999999953,1,1,0.0,1.0,1,1,0.0,1.0,1,1,0.0,1.0
01_low_friction_mu_0p12_p2l_v2:0062,01_low_friction_mu_0p12_p2l_v2,train,24.179999999999957,24.579999999999956,1,1,0.0019621212121212124,0.9980378787878788,1,1,0.0,1.0,1,1,0.0,1.0
01_low_friction_mu_0p12_p2l_v2:0063,01_low_friction_mu_0p12_p2l_v2,train,24.379999999999953,24.77999999999995,1,1,0.020998420214806354,0.9790015797851936,1,1,0.0,1.0,1,1,0.0,1.0
01_low_friction_mu_0p12_p2l_v2:0064,01_low_friction_mu_0p12_p2l_v2,train,24.579999999999956,24.979999999999954,1,1,0.0,1.0,1,1,0.0,1.0,1,1,0.0,1.0
01_low_friction_mu_0p12_p2l_v2:0065,01_low_friction_mu_0p12_p2l_v2,train,24.77999999999995,25.17999999999995,1,1,0.0,1.0,1,1,0.0,1.0,1,1,0.0,1.0
01_low_friction_mu_0p12_p2l_v2:0066,01_low_friction_mu_0p12_p2l_v2,train,24.979999999999954,25.379999999999953,1,1,0.0,1.0,1,1,0.0035724907063197026,0.9964275092936803,1,1,0.0,1.0
01_low_friction_mu_0p12_p2l_v2:0067,01_low_friction_mu_0p12_p2l_v2,train,25.17999999999995,25.57999999999995,1,1,0.0,1.0,1,1,0.0,1.0,1,1,0.0,1.0
01_low_friction_mu_0p12_p2l_v2:0068,01_low_friction_mu_0p12_p2l_v2,train,25.379999999999953,25.77999999999995,1,1,0.0,1.0,1,1,0.0,1.0,1,1,0.0,1.0
01_low_friction_mu_0p12_p2l_v2:0069,01_low_friction_mu_0p12_p2l_v2,train,25.57999999999995,25.979999999999947,1,1,0.09032403753069385,0.9096759624693063,0,0,0.9646450050347066,0.03535499496529341,1,1,0.0,1.0
01_low_friction_mu_0p12_p2l_v2:0070,01_low_friction_mu_0p12_p2l_v2,train,25.77999999999995,26.17999999999995,1,1,0.09913623379541651,0.9008637662045836,0,0,0.9824155544396294,0.017584445560370733,1,1,0.0,1.0
01_low_friction_mu_0p12_p2l_v2:0071,01_low_friction_mu_0p12_p2l_v2,train,25.979999999999947,26.379999999999946,1,1,0.024981441533406173,0.9750185584665938,0,0,0.9285978221383581,0.07140217786164203,1,1,0.0,1.0
01_low_friction_mu_0p12_p2l_v2:0072,01_low_friction_mu_0p12_p2l_v2,train,26.17999999999995,26.57999999999995,1,1,0.005576083015036504,0.9944239169849635,1,1,0.013141176611561906,0.986858823388438,1,1,0.0,1.0
01_low_friction_mu_0p12_p2l_v2:0073,01_low_friction_mu_0p12_p2l_v2,train,26.379999999999946,26.779999999999944,1,1,0.0,1.0,1,1,0.002,0.998,1,1,0.0,1.0
01_low_friction_mu_0p12_p2l_v2:0074,01_low_friction_mu_0p12_p2l_v2,train,26.57999999999995,26.979999999999947,1,1,0.0,1.0,1,1,0.005366378849602717,0.9946336211503973,1,1,0.0,1.0
01_low_friction_mu_0p12_p2l_v2:0075,01_low_friction_mu_0p12_p2l_v2,train,26.779999999999944,27.179999999999943,1,1,0.0,1.0,1,1,0.0,1.0,1,1,0.0,1.0
01_low_friction_mu_0p12_p2l_v2:0076,01_low_friction_mu_0p12_p2l_v2,train,26.979999999999947,27.379999999999946,1,1,0.0,1.0,1,1,0.0,1.0,1,1,0.0,1.0
01_low_friction_mu_0p12_p2l_v2:0077,01_low_friction_mu_0p12_p2l_v2,train,27.179999999999943,27.57999999999994,1,1,0.0,1.0,1,1,0.0,1.0,1,1,0.0,1.0
01_low_friction_mu_0p12_p2l_v2:0078,01_low_friction_mu_0p12_p2l_v2,train,27.379999999999946,27.779999999999944,1,1,0.0,1.0,0,0,0.9793796304113108,0.020620369588689066,0,0,0.9979776951672863,0.0020223048327137547
01_low_friction_mu_0p12_p2l_v2:0079,01_low_friction_mu_0p12_p2l_v2,train,27.57999999999994,27.97999999999994,1,1,0.002,0.998,0,0,0.9319281865103303,0.0680718134896697,0,0,0.998,0.002
01_low_friction_mu_0p12_p2l_v2:0080,01_low_friction_mu_0p12_p2l_v2,train,27.779999999999944,28.179999999999943,1,1,0.0,1.0,1,1,0.0,1.0,1,1,0.0,1.0
01_low_friction_mu_0p12_p2l_v2:0081,01_low_friction_mu_0p12_p2l_v2,train,27.97999999999994,28.37999999999994,1,1,0.0,1.0,1,1,0.0,1.0,1,1,0.0,1.0
01_low_friction_mu_0p12_p2l_v2:0082,01_low_friction_mu_0p12_p2l_v2,train,28.179999999999943,28.57999999999994,1,1,0.0,1.0,1,1,0.0,1.0,1,1,0.0,1.0
01_low_friction_mu_0p12_p2l_v2:0083,01_low_friction_mu_0p12_p2l_v2,train,28.37999999999994,28.779999999999937,1,1,0.0,1.0,1,1,0.0,1.0,1,1,0.0,1.0
01_low_friction_mu_0p12_p2l_v2:0084,01_low_friction_mu_0p12_p2l_v2,train,28.57999999999994,28.97999999999994,1,1,0.0,1.0,1,1,0.0,1.0,1,1,0.0,1.0
01_low_friction_mu_0p12_p2l_v2:0085,01_low_friction_mu_0p12_p2l_v2,train,28.779999999999937,29.179999999999936,1,1,0.0,1.0,1,1,0.0,1.0,1,1,0.0,1.0
01_low_friction_mu_0p12_p2l_v2:0086,01_low_friction_mu_0p12_p2l_v2,train,28.97999999999994,29.37999999999994,1,1,0.0,1.0,1,1,0.0,1.0,1,1,0.0,1.0
01_low_friction_mu_0p12_p2l_v2:0087,01_low_friction_mu_0p12_p2l_v2,train,29.179999999999936,29.579999999999934,1,1,0.0,1.0,1,1,0.049415682621469406,0.9505843173785306,1,1,0.0,1.0
01_low_friction_mu_0p12_p2l_v2:0088,01_low_friction_mu_0p12_p2l_v2,train,29.37999999999994,29.779999999999937,1,1,0.0,1.0,1,1,0.1535545448976152,0.8464454551023848,1,1,0.0,1.0
02_asymmetric_left_mu_0p15_p2l_v2:0000,02_asymmetric_left_mu_0p15_p2l_v2,train,17.234,17.634,1,1,0.0,1.0,1,1,0.0,1.0,1,1,0.0,1.0
02_asymmetric_left_mu_0p15_p2l_v2:0001,02_asymmetric_left_mu_0p15_p2l_v2,train,17.434,17.834,1,1,0.0,1.0,1,1,0.0,1.0,1,1,0.0,1.0
02_asymmetric_left_mu_0p15_p2l_v2:0002,02_asymmetric_left_mu_0p15_p2l_v2,train,17.634,18.034,1,1,0.0,1.0,1,1,0.0,1.0,1,1,0.0,1.0
02_asymmetric_left_mu_0p15_p2l_v2:0003,02_asymmetric_left_mu_0p15_p2l_v2,train,17.834,18.233999999999998,1,1,0.0,1.0,1,1,0.0,1.0,1,1,0.0,1.0
02_asymmetric_left_mu_0p15_p2l_v2:0004,02_asymmetric_left_mu_0p15_p2l_v2,train,18.034,18.433999999999997,1,1,0.0,1.0,1,1,0.12762357428434346,0.8723764257156565,1,1,0.0,1.0
02_asymmetric_left_mu_0p15_p2l_v2:0005,02_asymmetric_left_mu_0p15_p2l_v2,train,18.233999999999998,18.633999999999997,1,1,0.0,1.0,1,1,0.15875540185436174,0.841244598145638,1,1,0.0,1.0
02_asymmetric_left_mu_0p15_p2l_v2:0006,02_asymmetric_left_mu_0p15_p2l_v2,train,18.433999999999997,18.833999999999996,1,1,0.0,1.0,1,1,0.0,1.0,1,1,0.0,1.0
02_asymmetric_left_mu_0p15_p2l_v2:0007,02_asymmetric_left_mu_0p15_p2l_v2,train,18.633999999999997,19.033999999999995,1,1,0.0,1.0,1,1,0.0,1.0,1,1,0.0,1.0
02_asymmetric_left_mu_0p15_p2l_v2:0008,02_asymmetric_left_mu_0p15_p2l_v2,train,18.833999999999996,19.233999999999995,1,1,0.0,1.0,1,1,0.0,1.0,1,1,0.0,1.0
02_asymmetric_left_mu_0p15_p2l_v2:0009,02_asymmetric_left_mu_0p15_p2l_v2,train,19.033999999999995,19.433999999999994,1,1,0.0,1.0,1,1,0.21804819772223025,0.7819518022777697,0,0,0.9531325629235896,0.04686743707641025
02_asymmetric_left_mu_0p15_p2l_v2:0010,02_asymmetric_left_mu_0p15_p2l_v2,train,19.233999999999995,19.633999999999993,1,1,0.0,1.0,1,1,0.15388362473666864,0.8461163752633313,0,0,0.9432137539096914,0.05678624609030864
02_asymmetric_left_mu_0p15_p2l_v2:0011,02_asymmetric_left_mu_0p15_p2l_v2,train,19.433999999999994,19.833999999999993,1,1,0.0,1.0,1,1,0.001647457627118644,0.9983525423728813,1,1,0.0,1.0
02_asymmetric_left_mu_0p15_p2l_v2:0012,02_asymmetric_left_mu_0p15_p2l_v2,train,19.633999999999993,20.033999999999992,1,1,0.0,1.0,1,1,0.001647457627118644,0.9983525423728813,1,1,0.0,1.0
02_asymmetric_left_mu_0p15_p2l_v2:0013,02_asymmetric_left_mu_0p15_p2l_v2,train,19.833999999999993,20.23399999999999,1,1,0.0,1.0,1,1,0.0,1.0,1,1,0.0,1.0
02_asymmetric_left_mu_0p15_p2l_v2:0014,02_asymmetric_left_mu_0p15_p2l_v2,train,20.033999999999992,20.43399999999999,1,1,0.0,1.0,1,1,0.0,1.0,1,1,0.0,1.0
02_asymmetric_left_mu_0p15_p2l_v2:0015,02_asymmetric_left_mu_0p15_p2l_v2,train,20.23399999999999,20.63399999999999,1,1,0.18728063134207623,0.8127193686579238,1,1,0.06829835130006034,0.9317016486999395,1,1,0.0,1.0
02_asymmetric_left_mu_0p15_p2l_v2:0016,02_asymmetric_left_mu_0p15_p2l_v2,train,20.43399999999999,20.83399999999999,1,1,0.19456631403432076,0.8054336859656792,1,1,0.08924572518101476,0.9107542748189852,1,1,0.0,1.0
02_asymmetric_left_mu_0p15_p2l_v2:0017,02_asymmetric_left_mu_0p15_p2l_v2,train,20.63399999999999,21.03399999999999,1,1,0.0,1.0,1,1,0.0,1.0,1,1,0.0,1.0
02_asymmetric_left_mu_0p15_p2l_v2:0018,02_asymmetric_left_mu_0p15_p2l_v2,train,20.83399999999999,21.233999999999988,1,1,0.0,1.0,1,1,0.0,1.0,1,1,0.0,1.0
02_asymmetric_left_mu_0p15_p2l_v2:0019,02_asymmetric_left_mu_0p15_p2l_v2,train,21.03399999999999,21.433999999999987,1,1,0.07279698637306078,0.9272030136269394,1,1,0.0,1.0,1,1,0.0,1.0
02_asymmetric_left_mu_0p15_p2l_v2:0020,02_asymmetric_left_mu_0p15_p2l_v2,train,21.233999999999988,21.633999999999986,1,1,0.0534252971616289,0.9465747028383712,1,1,0.0035427509293680295,0.9964572490706319,1,1,0.0,1.0
02_asymmetric_left_mu_0p15_p2l_v2:0021,02_asymmetric_left_mu_0p15_p2l_v2,train,21.433999999999987,21.833999999999985,1,1,0.0,1.0,1,1,0.0,1.0,1,1,0.0,1.0
02_asymmetric_left_mu_0p15_p2l_v2:0022,02_asymmetric_left_mu_0p15_p2l_v2,train,21.633999999999986,22.033999999999985,1,1,0.0,1.0,1,1,0.0,1.0,1,1,0.0,1.0
02_asymmetric_left_mu_0p15_p2l_v2:0023,02_asymmetric_left_mu_0p15_p2l_v2,train,21.833999999999985,22.233999999999984,1,1,0.0,1.0,1,1,0.0,1.0,1,1,0.0,1.0
02_asymmetric_left_mu_0p15_p2l_v2:0024,02_asymmetric_left_mu_0p15_p2l_v2,train,22.033999999999985,22.433999999999983,1,1,0.0,1.0,1,1,0.0,1.0,1,1,0.0,1.0
02_asymmetric_left_mu_0p15_p2l_v2:0025,02_asymmetric_left_mu_0p15_p2l_v2,train,22.233999999999984,22.633999999999983,1,1,0.0,1.0,1,1,0.0,1.0,1,1,0.0,1.0
02_asymmetric_left_mu_0p15_p2l_v2:0026,02_asymmetric_left_mu_0p15_p2l_v2,train,22.433999999999983,22.833999999999982,1,1,0.0,1.0,1,1,0.0,1.0,1,1,0.0,1.0
02_asymmetric_left_mu_0p15_p2l_v2:0027,02_asymmetric_left_mu_0p15_p2l_v2,train,22.633999999999983,23.03399999999998,1,1,0.0,1.0,1,1,0.0,1.0,1,1,0.0,1.0
02_asymmetric_left_mu_0p15_p2l_v2:0028,02_asymmetric_left_mu_0p15_p2l_v2,train,22.833999999999982,23.23399999999998,1,1,0.0,1.0,1,1,0.0,1.0,1,1,0.0,1.0
02_asymmetric_left_mu_0p15_p2l_v2:0029,02_asymmetric_left_mu_0p15_p2l_v2,train,23.03399999999998,23.43399999999998,1,1,0.0,1.0,1,1,0.0,1.0,1,1,0.0,1.0
02_asymmetric_left_mu_0p15_p2l_v2:0030,02_asymmetric_left_mu_0p15_p2l_v2,train,23.23399999999998,23.63399999999998,1,1,0.0019524262607040913,0.9980475737392959,1,1,0.0018178438661710038,0.998182156133829,1,1,0.0,1.0
02_asymmetric_left_mu_0p15_p2l_v2:0031,02_asymmetric_left_mu_0p15_p2l_v2,train,23.43399999999998,23.83399999999998,1,1,0.0,1.0,1,1,0.0,1.0,1,1,0.0,1.0
02_asymmetric_left_mu_0p15_p2l_v2:0032,02_asymmetric_left_mu_0p15_p2l_v2,train,23.63399999999998,24.033999999999978,1,1,0.0,1.0,1,1,0.0,1.0,1,1,0.0,1.0
02_asymmetric_left_mu_0p15_p2l_v2:0033,02_asymmetric_left_mu_0p15_p2l_v2,train,23.83399999999998,24.233999999999977,1,1,0.0,1.0,1,1,0.0,1.0,1,1,0.0,1.0
02_asymmetric_left_mu_0p15_p2l_v2:0034,02_asymmetric_left_mu_0p15_p2l_v2,train,24.033999999999978,24.433999999999976,1,1,0.0,1.0,1,1,0.0,1.0,1,1,0.0,1.0
02_asymmetric_left_mu_0p15_p2l_v2:0035,02_asymmetric_left_mu_0p15_p2l_v2,train,24.233999999999977,24.633999999999975,1,1,0.0,1.0,1,1,0.0,1.0,1,1,0.0,1.0
02_asymmetric_left_mu_0p15_p2l_v2:0036,02_asymmetric_left_mu_0p15_p2l_v2,train,24.433999999999976,24.833999999999975,1,1,0.0,1.0,1,1,0.0,1.0,1,1,0.0,1.0
02_asymmetric_left_mu_0p15_p2l_v2:0037,02_asymmetric_left_mu_0p15_p2l_v2,train,24.633999999999975,25.033999999999974,1,1,0.0,1.0,1,1,0.0,1.0,1,1,0.0,1.0
02_asymmetric_left_mu_0p15_p2l_v2:0038,02_asymmetric_left_mu_0p15_p2l_v2,train,24.833999999999975,25.233999999999973,1,1,0.01535717478953514,0.9846428252104649,0,0,0.909799411497062,0.09020058850293826,1,1,0.0,1.0
02_asymmetric_left_mu_0p15_p2l_v2:0039,02_asymmetric_left_mu_0p15_p2l_v2,train,25.033999999999974,25.433999999999973,1,1,0.013313418661349366,0.9866865813386506,0,0,0.9683243876840898,0.03167561231591024,1,1,0.0,1.0
02_asymmetric_left_mu_0p15_p2l_v2:0040,02_asymmetric_left_mu_0p15_p2l_v2,train,25.233999999999973,25.633999999999972,1,1,0.003852054513492195,0.9961479454865078,0,0,0.9490860349229969,0.05091396507700305,1,1,0.0,1.0
02_asymmetric_left_mu_0p15_p2l_v2:0041,02_asymmetric_left_mu_0p15_p2l_v2,train,25.433999999999973,25.83399999999997,1,1,0.0,1.0,1,1,0.003665816120777516,0.9963341838792225,1,1,0.0,1.0
02_asymmetric_left_mu_0p15_p2l_v2:0042,02_asymmetric_left_mu_0p15_p2l_v2,train,25.633999999999972,26.03399999999997,1,1,0.0,1.0,1,1,0.0,1.0,1,1,0.0,1.0
02_asymmetric_left_mu_0p15_p2l_v2:0043,02_asymmetric_left_mu_0p15_p2l_v2,train,25.83399999999997,26.23399999999997,1,1,0.0,1.0,1,1,0.0,1.0,1,1,0.0,1.0
02_asymmetric_left_mu_0p15_p2l_v2:0044,02_asymmetric_left_mu_0p15_p2l_v2,train,26.03399999999997,26.43399999999997,1,1,0.0,1.0,1,1,0.0,1.0,1,1,0.0,1.0
02_asymmetric_left_mu_0p15_p2l_v2:0045,02_asymmetric_left_mu_0p15_p2l_v2,train,26.23399999999997,26.63399999999997,1,1,0.0,1.0,1,1,0.0017881040892193307,0.9982118959107806,1,1,0.0,1.0
02_asymmetric_left_mu_0p15_p2l_v2:0046,02_asymmetric_left_mu_0p15_p2l_v2,train,26.43399999999997,26.833999999999968,1,1,0.0,1.0,1,1,0.0017881040892193307,0.9982118959107806,1,1,0.0,1.0
02_asymmetric_left_mu_0p15_p2l_v2:0047,02_asymmetric_left_mu_0p15_p2l_v2,train,26.63399999999997,27.033999999999967,1,1,0.011461196575357333,0.9885388034246426,0,0,0.9582462125282436,0.041753787471756204,1,1,0.04743117760883183,0.952568822391168
02_asymmetric_left_mu_0p15_p2l_v2:0048,02_asymmetric_left_mu_0p15_p2l_v2,train,26.833999999999968,27.233999999999966,1,1,0.015405800204774715,0.9845941997952252,0,0,0.9890149357352742,0.010985064264725782,1,1,0.005940520446096654,0.9940594795539033
02_asymmetric_left_mu_0p15_p2l_v2:0049,02_asymmetric_left_mu_0p15_p2l_v2,train,27.033999999999967,27.433999999999966,1,1,0.01884405733884281,0.9811559426611572,0,0,0.938908659978417,0.06109134002158295,1,1,0.02187360594795539,0.9781263940520446
02_asymmetric_left_mu_0p15_p2l_v2:0050,02_asymmetric_left_mu_0p15_p2l_v2,train,27.233999999999966,27.633999999999965,1,1,0.0,1.0,0,0,0.8730427497448243,0.1269572502551758,1,1,0.021556460386387474,0.9784435396136124
02_asymmetric_left_mu_0p15_p2l_v2:0051,02_asymmetric_left_mu_0p15_p2l_v2,train,27.433999999999966,27.833999999999964,1,1,0.0,1.0,1,1,0.0,1.0,1,1,0.002,0.998
02_asymmetric_left_mu_0p15_p2l_v2:0052,02_asymmetric_left_mu_0p15_p2l_v2,train,27.633999999999965,28.033999999999963,1,1,0.0,1.0,1,1,0.0018066914498141265,0.9981933085501858,1,1,0.0,1.0
02_asymmetric_left_mu_0p15_p2l_v2:0053,02_asymmetric_left_mu_0p15_p2l_v2,train,27.833999999999964,28.233999999999963,1,1,0.01135020810433623,0.9886497918956637,1,1,0.008995024689743638,0.9910049753102563,1,1,0.0,1.0
02_asymmetric_left_mu_0p15_p2l_v2:0054,02_asymmetric_left_mu_0p15_p2l_v2,train,28.033999999999963,28.433999999999962,1,1,0.0,1.0,1,1,0.024982193674870083,0.9750178063251299,1,1,0.0,1.0
02_asymmetric_left_mu_0p15_p2l_v2:0055,02_asymmetric_left_mu_0p15_p2l_v2,train,28.233999999999963,28.63399999999996,1,1,0.0,1.0,1,1,0.0,1.0,1,1,0.0,1.0
02_asymmetric_left_mu_0p15_p2l_v2:0056,02_asymmetric_left_mu_0p15_p2l_v2,train,28.433999999999962,28.83399999999996,1,1,0.0,1.0,1,1,0.11905446317695602,0.880945536823044,1,1,0.002,0.998
02_asymmetric_left_mu_0p15_p2l_v2:0057,02_asymmetric_left_mu_0p15_p2l_v2,train,28.63399999999996,29.03399999999996,1,1,0.0,1.0,0,0,0.8223500553575742,0.1776499446424258,1,1,0.06175931057500372,0.9382406894249963
03_rough_h0p008_spacing0p45_p2l_v2:0000,03_rough_h0p008_spacing0p45_p2l_v2,train,20.813,21.212999999999997,1,1,0.0,1.0,1,1,0.0,1.0,1,1,0.0,1.0
03_rough_h0p008_spacing0p45_p2l_v2:0001,03_rough_h0p008_spacing0p45_p2l_v2,train,21.012999999999998,21.412999999999997,1,1,0.0,1.0,1,1,0.0,1.0,1,1,0.0,1.0
03_rough_h0p008_spacing0p45_p2l_v2:0002,03_rough_h0p008_spacing0p45_p2l_v2,train,21.212999999999997,21.612999999999996,1,1,0.0,1.0,1,1,0.0,1.0,1,1,0.0,1.0
03_rough_h0p008_spacing0p45_p2l_v2:0003,03_rough_h0p008_spacing0p45_p2l_v2,train,21.412999999999997,21.812999999999995,1,1,0.0,1.0,1,1,0.0,1.0,1,1,0.0,1.0
03_rough_h0p008_spacing0p45_p2l_v2:0004,03_rough_h0p008_spacing0p45_p2l_v2,train,21.612999999999996,22.012999999999995,1,1,0.0,1.0,1,1,0.0,1.0,1,1,0.0,1.0
03_rough_h0p008_spacing0p45_p2l_v2:0005,03_rough_h0p008_spacing0p45_p2l_v2,train,21.812999999999995,22.212999999999994,1,1,0.0,1.0,1,1,0.0,1.0,1,1,0.0,1.0
03_rough_h0p008_spacing0p45_p2l_v2:0006,03_rough_h0p008_spacing0p45_p2l_v2,train,22.012999999999995,22.412999999999993,1,1,0.0,1.0,1,1,0.0,1.0,1,1,0.0,1.0
03_rough_h0p008_spacing0p45_p2l_v2:0007,03_rough_h0p008_spacing0p45_p2l_v2,train,22.212999999999994,22.612999999999992,1,1,0.0,1.0,1,1,0.0,1.0,1,1,0.001962825278810409,0.9980371747211896
03_rough_h0p008_spacing0p45_p2l_v2:0008,03_rough_h0p008_spacing0p45_p2l_v2,train,22.412999999999993,22.81299999999999,1,1,0.0,1.0,1,1,0.0,1.0,1,1,0.0,1.0
03_rough_h0p008_spacing0p45_p2l_v2:0009,03_rough_h0p008_spacing0p45_p2l_v2,train,22.612999999999992,23.01299999999999,1,1,0.0,1.0,1,1,0.0,1.0,1,1,0.0,1.0
03_rough_h0p008_spacing0p45_p2l_v2:0010,03_rough_h0p008_spacing0p45_p2l_v2,train,22.81299999999999,23.21299999999999,1,1,0.0,1.0,1,1,0.0,1.0,1,1,0.0,1.0
03_rough_h0p008_spacing0p45_p2l_v2:0011,03_rough_h0p008_spacing0p45_p2l_v2,train,23.01299999999999,23.41299999999999,1,1,0.0,1.0,1,1,0.0,1.0,1,1,0.0,1.0
03_rough_h0p008_spacing0p45_p2l_v2:0012,03_rough_h0p008_spacing0p45_p2l_v2,train,23.21299999999999,23.61299999999999,1,1,0.0,1.0,1,1,0.0,1.0,1,1,0.0,1.0
03_rough_h0p008_spacing0p45_p2l_v2:0013,03_rough_h0p008_spacing0p45_p2l_v2,train,23.41299999999999,23.812999999999988,1,1,0.0,1.0,1,1,0.0,1.0,1,1,0.0,1.0
03_rough_h0p008_spacing0p45_p2l_v2:0014,03_rough_h0p008_spacing0p45_p2l_v2,train,23.61299999999999,24.012999999999987,1,1,0.0,1.0,1,1,0.0,1.0,1,1,0.0,1.0
03_rough_h0p008_spacing0p45_p2l_v2:0015,03_rough_h0p008_spacing0p45_p2l_v2,train,23.812999999999988,24.212999999999987,1,1,0.0,1.0,1,1,0.0,1.0,1,1,0.0,1.0
03_rough_h0p008_spacing0p45_p2l_v2:0016,03_rough_h0p008_spacing0p45_p2l_v2,train,24.012999999999987,24.412999999999986,1,1,0.0,1.0,1,1,0.0,1.0,1,1,0.0,1.0
03_rough_h0p008_spacing0p45_p2l_v2:0017,03_rough_h0p008_spacing0p45_p2l_v2,train,24.212999999999987,24.612999999999985,1,1,0.0,1.0,1,1,0.0,1.0,1,1,0.0,1.0
03_rough_h0p008_spacing0p45_p2l_v2:0018,03_rough_h0p008_spacing0p45_p2l_v2,train,24.412999999999986,24.812999999999985,1,1,0.0,1.0,1,1,0.0,1.0,1,1,0.0,1.0
03_rough_h0p008_spacing0p45_p2l_v2:0019,03_rough_h0p008_spacing0p45_p2l_v2,train,24.612999999999985,25.012999999999984,1,1,0.0,1.0,1,1,0.0,1.0,1,1,0.0,1.0
03_rough_h0p008_spacing0p45_p2l_v2:0020,03_rough_h0p008_spacing0p45_p2l_v2,train,24.812999999999985,25.212999999999983,1,1,0.0,1.0,1,1,0.0,1.0,1,1,0.0,1.0
03_rough_h0p008_spacing0p45_p2l_v2:0021,03_rough_h0p008_spacing0p45_p2l_v2,train,25.012999999999984,25.412999999999982,1,1,0.0,1.0,1,1,0.0,1.0,1,1,0.0,1.0
03_rough_h0p008_spacing0p45_p2l_v2:0022,03_rough_h0p008_spacing0p45_p2l_v2,train,25.212999999999983,25.612999999999982,1,1,0.0,1.0,1,1,0.0,1.0,1,1,0.0,1.0
03_rough_h0p008_spacing0p45_p2l_v2:0023,03_rough_h0p008_spacing0p45_p2l_v2,train,25.412999999999982,25.81299999999998,1,1,0.0,1.0,1,1,0.0,1.0,1,1,0.0,1.0
03_rough_h0p008_spacing0p45_p2l_v2:0024,03_rough_h0p008_spacing0p45_p2l_v2,train,25.612999999999982,26.01299999999998,1,1,0.0,1.0,1,1,0.0,1.0,1,1,0.0,1.0
03_rough_h0p008_spacing0p45_p2l_v2:0025,03_rough_h0p008_spacing0p45_p2l_v2,train,25.81299999999998,26.21299999999998,1,1,0.0,1.0,1,1,0.0,1.0,1,1,0.0,1.0
03_rough_h0p008_spacing0p45_p2l_v2:0026,03_rough_h0p008_spacing0p45_p2l_v2,train,26.01299999999998,26.41299999999998,1,1,0.0,1.0,1,1,0.0,1.0,1,1,0.0,1.0
03_rough_h0p008_spacing0p45_p2l_v2:0027,03_rough_h0p008_spacing0p45_p2l_v2,train,26.21299999999998,26.61299999999998,1,1,0.0,1.0,1,1,0.0,1.0,1,1,0.0,1.0
03_rough_h0p008_spacing0p45_p2l_v2:0028,03_rough_h0p008_spacing0p45_p2l_v2,train,26.41299999999998,26.812999999999978,1,1,0.0038141263940520446,0.9961858736059479,1,1,0.0,1.0,1,1,0.0,1.0
03_rough_h0p008_spacing0p45_p2l_v2:0029,03_rough_h0p008_spacing0p45_p2l_v2,train,26.61299999999998,27.012999999999977,1,1,0.0,1.0,1,1,0.0,1.0,1,1,0.0,1.0
03_rough_h0p008_spacing0p45_p2l_v2:0030,03_rough_h0p008_spacing0p45_p2l_v2,train,26.812999999999978,27.212999999999976,1,1,0.0,1.0,1,1,0.0,1.0,1,1,0.0,1.0
03_rough_h0p008_spacing0p45_p2l_v2:0031,03_rough_h0p008_spacing0p45_p2l_v2,train,27.012999999999977,27.412999999999975,1,1,0.0,1.0,1,1,0.0,1.0,1,1,0.002,0.998
03_rough_h0p008_spacing0p45_p2l_v2:0032,03_rough_h0p008_spacing0p45_p2l_v2,train,27.212999999999976,27.612999999999975,1,1,0.0,1.0,1,1,0.0,1.0,1,1,0.0,1.0
03_rough_h0p008_spacing0p45_p2l_v2:0033,03_rough_h0p008_spacing0p45_p2l_v2,train,27.412999999999975,27.812999999999974,1,1,0.040147432556261374,0.9598525674437385,1,1,0.04180639943095928,0.9581936005690407,1,1,0.0,1.0
03_rough_h0p008_spacing0p45_p2l_v2:0034,03_rough_h0p008_spacing0p45_p2l_v2,train,27.612999999999975,28.012999999999973,1,1,0.0,1.0,1,1,0.08401965434547422,0.915980345654526,1,1,0.0,1.0
03_rough_h0p008_spacing0p45_p2l_v2:0035,03_rough_h0p008_spacing0p45_p2l_v2,train,27.812999999999974,28.212999999999973,1,1,0.0,1.0,1,1,0.0,1.0,1,1,0.0,1.0
03_rough_h0p008_spacing0p45_p2l_v2:0036,03_rough_h0p008_spacing0p45_p2l_v2,train,28.012999999999973,28.412999999999972,1,1,0.0,1.0,1,1,0.004,0.996,1,1,0.0,1.0
03_rough_h0p008_spacing0p45_p2l_v2:0037,03_rough_h0p008_spacing0p45_p2l_v2,train,28.212999999999973,28.61299999999997,1,1,0.0,1.0,1,1,0.0017806691449814126,0.9982193308550186,1,1,0.0,1.0
03_rough_h0p008_spacing0p45_p2l_v2:0038,03_rough_h0p008_spacing0p45_p2l_v2,train,28.412999999999972,28.81299999999997,1,1,0.0,1.0,0,0,0.7033031393372248,0.29669686066277495,1,1,0.002,0.998
03_rough_h0p008_spacing0p45_p2l_v2:0039,03_rough_h0p008_spacing0p45_p2l_v2,train,28.61299999999997,29.01299999999997,1,1,0.0,1.0,0,0,0.7376020150755809,0.262397984924419,1,1,0.0058465061149722535,0.9941534938850277
03_rough_h0p008_spacing0p45_p2l_v2:0040,03_rough_h0p008_spacing0p45_p2l_v2,train,28.81299999999997,29.21299999999997,1,1,0.0,1.0,1,1,0.003688105726872247,0.9963118942731278,1,1,0.002,0.998
03_rough_h0p008_spacing0p45_p2l_v2:0041,03_rough_h0p008_spacing0p45_p2l_v2,train,29.01299999999997,29.41299999999997,1,1,0.0,1.0,1,1,0.0016881057268722467,0.9983118942731278,1,1,0.002,0.998
03_rough_h0p008_spacing0p45_p2l_v2:0042,03_rough_h0p008_spacing0p45_p2l_v2,train,29.21299999999997,29.612999999999968,1,1,0.005522647900532688,0.9944773520994673,1,1,0.0016881057268722467,0.9983118942731278,1,1,0.002,0.998
03_rough_h0p008_spacing0p45_p2l_v2:0043,03_rough_h0p008_spacing0p45_p2l_v2,train,29.41299999999997,29.812999999999967,1,1,0.009341484142269986,0.99065851585773,1,1,0.019738532922555965,0.9802614670774441,1,1,0.0,1.0
03_rough_h0p008_spacing0p45_p2l_v2:0044,03_rough_h0p008_spacing0p45_p2l_v2,train,29.612999999999968,30.012999999999966,1,1,0.0035769535338824924,0.9964230464661175,1,1,0.01287739423722441,0.9871226057627754,1,1,0.0,1.0
03_rough_h0p008_spacing0p45_p2l_v2:0045,03_rough_h0p008_spacing0p45_p2l_v2,train,29.812999999999967,30.212999999999965,1,1,0.0,1.0,1,1,0.0,1.0,1,1,0.0,1.0
03_rough_h0p008_spacing0p45_p2l_v2:0046,03_rough_h0p008_spacing0p45_p2l_v2,train,30.012999999999966,30.412999999999965,1,1,0.0,1.0,1,1,0.0,1.0,1,1,0.0,1.0
03_rough_h0p008_spacing0p45_p2l_v2:0047,03_rough_h0p008_spacing0p45_p2l_v2,train,30.212999999999965,30.612999999999964,1,1,0.017468576307650554,0.9825314236923496,1,1,0.0,1.0,1,1,0.0,1.0
03_rough_h0p008_spacing0p45_p2l_v2:0048,03_rough_h0p008_spacing0p45_p2l_v2,train,30.412999999999965,30.812999999999963,1,1,0.4867698224493875,0.5132301775506125,1,1,0.0,1.0,1,1,0.0,1.0
03_rough_h0p008_spacing0p45_p2l_v2:0049,03_rough_h0p008_spacing0p45_p2l_v2,train,30.612999999999964,31.012999999999963,1,1,0.42857097976440806,0.5714290202355921,1,1,0.0,1.0,1,1,0.0,1.0
03_rough_h0p008_spacing0p45_p2l_v2:0050,03_rough_h0p008_spacing0p45_p2l_v2,train,30.812999999999963,31.212999999999962,1,1,0.0,1.0,1,1,0.0017881040892193307,0.9982118959107806,1,1,0.0,1.0
03_rough_h0p008_spacing0p45_p2l_v2:0051,03_rough_h0p008_spacing0p45_p2l_v2,train,31.012999999999963,31.41299999999996,1,1,0.0,1.0,1,1,0.0,1.0,1,1,0.0,1.0
03_rough_h0p008_spacing0p45_p2l_v2:0052,03_rough_h0p008_spacing0p45_p2l_v2,train,31.212999999999962,31.61299999999996,1,1,0.0,1.0,1,1,0.0,1.0,1,1,0.0,1.0
03_rough_h0p008_spacing0p45_p2l_v2:0053,03_rough_h0p008_spacing0p45_p2l_v2,train,31.41299999999996,31.81299999999996,1,1,0.0,1.0,1,1,0.0017881040892193307,0.9982118959107806,1,1,0.0,1.0
03_rough_h0p008_spacing0p45_p2l_v2:0054,03_rough_h0p008_spacing0p45_p2l_v2,train,31.61299999999996,32.01299999999996,1,1,0.009815901816577625,0.9901840981834225,1,1,0.0018693069306930695,0.998130693069307,1,1,0.0,1.0
03_rough_h0p008_spacing0p45_p2l_v2:0055,03_rough_h0p008_spacing0p45_p2l_v2,train,31.81299999999996,32.21299999999996,1,1,0.021515107855916954,0.9784848921440831,1,1,0.0,1.0,1,1,0.0,1.0
03_rough_h0p008_spacing0p45_p2l_v2:0056,03_rough_h0p008_spacing0p45_p2l_v2,train,32.01299999999996,32.41299999999996,1,1,0.0,1.0,1,1,0.0036059479553903345,0.9963940520446097,1,1,0.0,1.0
03_rough_h0p008_spacing0p45_p2l_v2:0057,03_rough_h0p008_spacing0p45_p2l_v2,train,32.21299999999996,32.61299999999996,1,1,0.0018223801065719361,0.9981776198934281,1,1,0.0036059479553903345,0.9963940520446097,1,1,0.0,1.0
03_rough_h0p008_spacing0p45_p2l_v2:0058,03_rough_h0p008_spacing0p45_p2l_v2,train,32.412999999999954,32.81299999999995,1,1,0.0,1.0,1,1,0.0,1.0,1,1,0.0,1.0
03_rough_h0p008_spacing0p45_p2l_v2:0059,03_rough_h0p008_spacing0p45_p2l_v2,train,32.61299999999996,33.012999999999955,1,1,0.0,1.0,1,1,0.0,1.0,1,1,0.0,1.0
03_rough_h0p008_spacing0p45_p2l_v2:0060,03_rough_h0p008_spacing0p45_p2l_v2,train,32.81299999999996,33.21299999999996,1,1,0.0,1.0,1,1,0.0,1.0,1,1,0.0,1.0
03_rough_h0p008_spacing0p45_p2l_v2:0061,03_rough_h0p008_spacing0p45_p2l_v2,train,33.012999999999955,33.412999999999954,1,1,0.0,1.0,1,1,0.0,1.0,1,1,0.0,1.0
03_rough_h0p008_spacing0p45_p2l_v2:0062,03_rough_h0p008_spacing0p45_p2l_v2,train,33.21299999999995,33.61299999999995,1,1,0.0,1.0,1,1,0.0,1.0,1,1,0.0,1.0
03_rough_h0p008_spacing0p45_p2l_v2:0063,03_rough_h0p008_spacing0p45_p2l_v2,train,33.412999999999954,33.81299999999995,1,1,0.02518792373062686,0.9748120762693732,1,1,0.0,1.0,1,1,0.0,1.0
03_rough_h0p008_spacing0p45_p2l_v2:0064,03_rough_h0p008_spacing0p45_p2l_v2,train,33.61299999999996,34.012999999999955,1,1,0.06376593275060131,0.9362340672493986,1,1,0.0036022304832713753,0.9963977695167285,1,1,0.0,1.0
03_rough_h0p008_spacing0p45_p2l_v2:0065,03_rough_h0p008_spacing0p45_p2l_v2,train,33.81299999999995,34.21299999999995,1,1,0.0,1.0,1,1,0.005386617100371747,0.9946133828996282,1,1,0.0,1.0
03_rough_h0p008_spacing0p45_p2l_v2:0066,03_rough_h0p008_spacing0p45_p2l_v2,train,34.01299999999995,34.41299999999995,1,1,0.0,1.0,1,1,0.0,1.0,1,1,0.0,1.0
03_rough_h0p008_spacing0p45_p2l_v2:0067,03_rough_h0p008_spacing0p45_p2l_v2,train,34.21299999999995,34.61299999999995,1,1,0.0038690349385946963,0.9961309650614053,1,1,0.24336612670543453,0.7566338732945657,1,1,0.0,1.0
03_rough_h0p008_spacing0p45_p2l_v2:0068,03_rough_h0p008_spacing0p45_p2l_v2,train,34.412999999999954,34.81299999999995,1,1,0.0,1.0,1,1,0.3632616043449581,0.6367383956550415,1,1,0.0,1.0
03_rough_h0p008_spacing0p45_p2l_v2:0069,03_rough_h0p008_spacing0p45_p2l_v2,train,34.61299999999995,35.01299999999995,1,1,0.0,1.0,1,1,0.0,1.0,1,1,0.0,1.0
03_rough_h0p008_spacing0p45_p2l_v2:0070,03_rough_h0p008_spacing0p45_p2l_v2,train,34.812999999999946,35.212999999999944,1,1,0.0,1.0,1,1,0.0,1.0,1,1,0.0,1.0
03_rough_h0p008_spacing0p45_p2l_v2:0071,03_rough_h0p008_spacing0p45_p2l_v2,train,35.01299999999995,35.41299999999995,1,1,0.0,1.0,1,1,0.0,1.0,1,1,0.0,1.0
03_rough_h0p008_spacing0p45_p2l_v2:0072,03_rough_h0p008_spacing0p45_p2l_v2,train,35.21299999999995,35.61299999999995,1,1,0.0,1.0,1,1,0.0,1.0,1,1,0.0,1.0
03_rough_h0p008_spacing0p45_p2l_v2:0073,03_rough_h0p008_spacing0p45_p2l_v2,train,35.41299999999995,35.812999999999946,1,1,0.0,1.0,1,1,0.0,1.0,1,1,0.0,1.0
03_rough_h0p008_spacing0p45_p2l_v2:0074,03_rough_h0p008_spacing0p45_p2l_v2,train,35.61299999999994,36.01299999999994,1,1,0.0,1.0,1,1,0.0,1.0,1,1,0.0,1.0
03_rough_h0p008_spacing0p45_p2l_v2:0075,03_rough_h0p008_spacing0p45_p2l_v2,train,35.812999999999946,36.212999999999944,1,1,0.0,1.0,1,1,0.0,1.0,1,1,0.0,1.0
03_rough_h0p008_spacing0p45_p2l_v2:0076,03_rough_h0p008_spacing0p45_p2l_v2,train,36.01299999999995,36.41299999999995,1,1,0.0,1.0,0,0,0.9384223381997933,0.06157766180020694,0,0,0.9997058516755368,0.0002941483244631061
03_rough_h0p008_spacing0p45_p2l_v2:0077,03_rough_h0p008_spacing0p45_p2l_v2,train,36.212999999999944,36.61299999999994,1,1,0.0019247830279652844,0.9980752169720347,0,0,0.9508673120357949,0.049132687964205515,0,0,0.991815604970569,0.008184395029431002
03_rough_h0p008_spacing0p45_p2l_v2:0078,03_rough_h0p008_spacing0p45_p2l_v2,train,36.41299999999994,36.81299999999994,1,1,0.0,1.0,1,1,0.0,1.0,1,1,0.0,1.0
03_rough_h0p008_spacing0p45_p2l_v2:0079,03_rough_h0p008_spacing0p45_p2l_v2,train,36.61299999999994,37.01299999999994,1,1,0.0,1.0,1,1,0.0,1.0,1,1,0.0,1.0
03_rough_h0p008_spacing0p45_p2l_v2:0080,03_rough_h0p008_spacing0p45_p2l_v2,train,36.812999999999946,37.212999999999944,1,1,0.0,1.0,1,1,0.0,1.0,1,1,0.0,1.0
03_rough_h0p008_spacing0p45_p2l_v2:0081,03_rough_h0p008_spacing0p45_p2l_v2,train,37.01299999999994,37.41299999999994,1,1,0.0,1.0,1,1,0.0,1.0,1,1,0.0,1.0
03_rough_h0p008_spacing0p45_p2l_v2:0082,03_rough_h0p008_spacing0p45_p2l_v2,train,37.21299999999994,37.612999999999936,1,1,0.0,1.0,1,1,0.0,1.0,1,1,0.0,1.0
03_rough_h0p008_spacing0p45_p2l_v2:0083,03_rough_h0p008_spacing0p45_p2l_v2,train,37.41299999999994,37.81299999999994,1,1,0.0,1.0,1,1,0.0,1.0,1,1,0.0,1.0
03_rough_h0p008_spacing0p45_p2l_v2:0084,03_rough_h0p008_spacing0p45_p2l_v2,train,37.61299999999994,38.01299999999994,1,1,0.0,1.0,1,1,0.0,1.0,1,1,0.0,1.0
03_rough_h0p008_spacing0p45_p2l_v2:0085,03_rough_h0p008_spacing0p45_p2l_v2,train,37.81299999999994,38.21299999999994,1,1,0.0,1.0,1,1,0.05051292186940807,0.949487078130592,1,1,0.0,1.0
03_rough_h0p008_spacing0p45_p2l_v2:0086,03_rough_h0p008_spacing0p45_p2l_v2,train,38.012999999999934,38.41299999999993,1,1,0.0018223801065719361,0.9981776198934281,1,1,0.06007783099978064,0.9399221690002194,1,1,0.0,1.0
04_external_impact_y12N_t0p25_p2l_v2:0000,04_external_impact_y12N_t0p25_p2l_v2,validation,21.483,21.883,1,1,0.0,1.0,1,1,0.0,1.0,1,1,0.0,1.0
04_external_impact_y12N_t0p25_p2l_v2:0001,04_external_impact_y12N_t0p25_p2l_v2,validation,21.683,22.083,1,1,0.0,1.0,1,1,0.0,1.0,1,1,0.0,1.0
04_external_impact_y12N_t0p25_p2l_v2:0002,04_external_impact_y12N_t0p25_p2l_v2,validation,21.883,22.282999999999998,1,1,0.0,1.0,1,1,0.0,1.0,1,1,0.0,1.0
04_external_impact_y12N_t0p25_p2l_v2:0003,04_external_impact_y12N_t0p25_p2l_v2,validation,22.083,22.482999999999997,1,1,0.0,1.0,1,1,0.0,1.0,1,1,0.0,1.0
04_external_impact_y12N_t0p25_p2l_v2:0004,04_external_impact_y12N_t0p25_p2l_v2,validation,22.282999999999998,22.682999999999996,1,1,0.0,1.0,1,1,0.0018178438661710038,0.998182156133829,1,1,0.0,1.0
04_external_impact_y12N_t0p25_p2l_v2:0005,04_external_impact_y12N_t0p25_p2l_v2,validation,22.482999999999997,22.882999999999996,1,1,0.0,1.0,1,1,0.0,1.0,1,1,0.0,1.0
04_external_impact_y12N_t0p25_p2l_v2:0006,04_external_impact_y12N_t0p25_p2l_v2,validation,22.682999999999996,23.082999999999995,1,1,0.09982266525114271,0.9001773347488572,1,1,0.0054972919388960725,0.994502708061104,1,1,0.0,1.0
04_external_impact_y12N_t0p25_p2l_v2:0007,04_external_impact_y12N_t0p25_p2l_v2,validation,22.882999999999996,23.282999999999994,1,1,0.26904367473770213,0.7309563252622977,1,1,0.0,1.0,1,1,0.0,1.0
04_external_impact_y12N_t0p25_p2l_v2:0008,04_external_impact_y12N_t0p25_p2l_v2,validation,23.082999999999995,23.482999999999993,1,1,0.0,1.0,1,1,0.0,1.0,1,1,0.0,1.0
04_external_impact_y12N_t0p25_p2l_v2:0009,04_external_impact_y12N_t0p25_p2l_v2,validation,23.282999999999994,23.682999999999993,1,1,0.0,1.0,1,1,0.0,1.0,1,1,0.0,1.0
04_external_impact_y12N_t0p25_p2l_v2:0010,04_external_impact_y12N_t0p25_p2l_v2,validation,23.482999999999993,23.882999999999992,1,1,0.0,1.0,1,1,0.0018178438661710038,0.998182156133829,1,1,0.0,1.0
04_external_impact_y12N_t0p25_p2l_v2:0011,04_external_impact_y12N_t0p25_p2l_v2,validation,23.682999999999993,24.08299999999999,1,1,0.0,1.0,1,1,0.0,1.0,1,1,0.0,1.0
04_external_impact_y12N_t0p25_p2l_v2:0012,04_external_impact_y12N_t0p25_p2l_v2,validation,23.882999999999992,24.28299999999999,1,1,0.0,1.0,1,1,0.0,1.0,1,1,0.0,1.0
04_external_impact_y12N_t0p25_p2l_v2:0013,04_external_impact_y12N_t0p25_p2l_v2,validation,24.08299999999999,24.48299999999999,1,1,0.0,1.0,1,1,0.0,1.0,1,1,0.0,1.0
04_external_impact_y12N_t0p25_p2l_v2:0014,04_external_impact_y12N_t0p25_p2l_v2,validation,24.28299999999999,24.68299999999999,1,1,0.0,1.0,1,1,0.0,1.0,1,1,0.0,1.0
04_external_impact_y12N_t0p25_p2l_v2:0015,04_external_impact_y12N_t0p25_p2l_v2,validation,24.48299999999999,24.88299999999999,1,1,0.0,1.0,1,1,0.0,1.0,1,1,0.0,1.0
04_external_impact_y12N_t0p25_p2l_v2:0016,04_external_impact_y12N_t0p25_p2l_v2,validation,24.68299999999999,25.082999999999988,1,1,0.0,1.0,1,1,0.0,1.0,1,1,0.0,1.0
04_external_impact_y12N_t0p25_p2l_v2:0017,04_external_impact_y12N_t0p25_p2l_v2,validation,24.88299999999999,25.282999999999987,1,1,0.0,1.0,1,1,0.0,1.0,1,1,0.0,1.0
04_external_impact_y12N_t0p25_p2l_v2:0018,04_external_impact_y12N_t0p25_p2l_v2,validation,25.082999999999988,25.482999999999986,1,1,0.0,1.0,1,1,0.0,1.0,1,1,0.0,1.0
04_external_impact_y12N_t0p25_p2l_v2:0019,04_external_impact_y12N_t0p25_p2l_v2,validation,25.282999999999987,25.682999999999986,1,1,0.0,1.0,1,1,0.0,1.0,1,1,0.0,1.0
04_external_impact_y12N_t0p25_p2l_v2:0020,04_external_impact_y12N_t0p25_p2l_v2,validation,25.482999999999986,25.882999999999985,1,1,0.0,1.0,1,1,0.0,1.0,1,1,0.0,1.0
04_external_impact_y12N_t0p25_p2l_v2:0021,04_external_impact_y12N_t0p25_p2l_v2,validation,25.682999999999986,26.082999999999984,1,1,0.0,1.0,1,1,0.0,1.0,1,1,0.0,1.0
04_external_impact_y12N_t0p25_p2l_v2:0022,04_external_impact_y12N_t0p25_p2l_v2,validation,25.882999999999985,26.282999999999983,1,1,0.0,1.0,1,1,0.0,1.0,1,1,0.0,1.0
04_external_impact_y12N_t0p25_p2l_v2:0023,04_external_impact_y12N_t0p25_p2l_v2,validation,26.082999999999984,26.482999999999983,1,1,0.0,1.0,1,1,0.0,1.0,1,1,0.0,1.0
04_external_impact_y12N_t0p25_p2l_v2:0024,04_external_impact_y12N_t0p25_p2l_v2,validation,26.282999999999983,26.682999999999982,1,1,0.0,1.0,1,1,0.0,1.0,1,1,0.0,1.0
04_external_impact_y12N_t0p25_p2l_v2:0025,04_external_impact_y12N_t0p25_p2l_v2,validation,26.482999999999983,26.88299999999998,1,1,0.0,1.0,1,1,0.0,1.0,1,1,0.0,1.0
04_external_impact_y12N_t0p25_p2l_v2:0026,04_external_impact_y12N_t0p25_p2l_v2,validation,26.682999999999982,27.08299999999998,1,1,0.0,1.0,1,1,0.0,1.0,1,1,0.001962825278810409,0.9980371747211896
04_external_impact_y12N_t0p25_p2l_v2:0027,04_external_impact_y12N_t0p25_p2l_v2,validation,26.88299999999998,27.28299999999998,1,1,0.0,1.0,1,1,0.0,1.0,1,1,0.001962825278810409,0.9980371747211896
04_external_impact_y12N_t0p25_p2l_v2:0028,04_external_impact_y12N_t0p25_p2l_v2,validation,27.08299999999998,27.48299999999998,1,1,0.0,1.0,1,1,0.0,1.0,1,1,0.0,1.0
04_external_impact_y12N_t0p25_p2l_v2:0029,04_external_impact_y12N_t0p25_p2l_v2,validation,27.28299999999998,27.68299999999998,1,1,0.0,1.0,1,1,0.0035724907063197026,0.9964275092936803,1,1,0.0,1.0
04_external_impact_y12N_t0p25_p2l_v2:0030,04_external_impact_y12N_t0p25_p2l_v2,validation,27.48299999999998,27.882999999999978,1,1,0.0,1.0,1,1,0.0033264436183395286,0.9966735563816606,1,1,0.0,1.0
04_external_impact_y12N_t0p25_p2l_v2:0031,04_external_impact_y12N_t0p25_p2l_v2,validation,27.68299999999998,28.082999999999977,1,1,0.0,1.0,1,1,0.0,1.0,1,1,0.0,1.0
04_external_impact_y12N_t0p25_p2l_v2:0032,04_external_impact_y12N_t0p25_p2l_v2,validation,27.882999999999978,28.282999999999976,1,1,0.0,1.0,1,1,0.0,1.0,1,1,0.0,1.0
04_external_impact_y12N_t0p25_p2l_v2:0033,04_external_impact_y12N_t0p25_p2l_v2,validation,28.082999999999977,28.482999999999976,1,1,0.0,1.0,1,1,0.0,1.0,1,1,0.0,1.0
04_external_impact_y12N_t0p25_p2l_v2:0034,04_external_impact_y12N_t0p25_p2l_v2,validation,28.282999999999976,28.682999999999975,1,1,0.0,1.0,1,1,0.0,1.0,1,1,0.0,1.0
04_external_impact_y12N_t0p25_p2l_v2:0035,04_external_impact_y12N_t0p25_p2l_v2,validation,28.482999999999976,28.882999999999974,1,1,0.0018223801065719361,0.9981776198934281,1,1,0.0579764233365858,0.9420235766634142,1,1,0.002,0.998
04_external_impact_y12N_t0p25_p2l_v2:0036,04_external_impact_y12N_t0p25_p2l_v2,validation,28.682999999999975,29.082999999999974,1,1,0.0,1.0,1,1,0.06876151469787652,0.9312384853021234,1,1,0.002,0.998
04_external_impact_y12N_t0p25_p2l_v2:0037,04_external_impact_y12N_t0p25_p2l_v2,validation,28.882999999999974,29.282999999999973,1,1,0.0,1.0,1,1,0.0,1.0,1,1,0.0,1.0
04_external_impact_y12N_t0p25_p2l_v2:0038,04_external_impact_y12N_t0p25_p2l_v2,validation,29.082999999999974,29.482999999999972,1,1,0.0,1.0,1,1,0.0,1.0,1,1,0.0,1.0
04_external_impact_y12N_t0p25_p2l_v2:0039,04_external_impact_y12N_t0p25_p2l_v2,validation,29.282999999999973,29.68299999999997,1,1,0.0,1.0,1,1,0.0,1.0,1,1,0.0,1.0
04_external_impact_y12N_t0p25_p2l_v2:0040,04_external_impact_y12N_t0p25_p2l_v2,validation,29.482999999999972,29.88299999999997,1,1,0.0,1.0,0,0,0.4747924939670392,0.5252075060329608,0,0,0.0656677079186879,0.9343322920813121
04_external_impact_y12N_t0p25_p2l_v2:0041,04_external_impact_y12N_t0p25_p2l_v2,validation,29.68299999999997,30.08299999999997,1,1,0.0,1.0,0,0,0.5900928114133351,0.4099071885866649,0,0,0.07554767128273077,0.9244523287172692
04_external_impact_y12N_t0p25_p2l_v2:0042,04_external_impact_y12N_t0p25_p2l_v2,validation,29.88299999999997,30.28299999999997,1,1,0.0,1.0,1,1,0.0017881040892193307,0.9982118959107806,1,1,0.0,1.0
04_external_impact_y12N_t0p25_p2l_v2:0043,04_external_impact_y12N_t0p25_p2l_v2,validation,30.08299999999997,30.48299999999997,1,1,0.0,1.0,1,1,0.05143354276100611,0.9485664572389939,1,1,0.002,0.998
04_external_impact_y12N_t0p25_p2l_v2:0044,04_external_impact_y12N_t0p25_p2l_v2,validation,30.28299999999997,30.682999999999968,1,1,0.04256389497235841,0.9574361050276415,0,0,0.9181689149905402,0.08183108500945978,0,1,0.026,0.974
04_external_impact_y12N_t0p25_p2l_v2:0045,04_external_impact_y12N_t0p25_p2l_v2,validation,30.48299999999997,30.882999999999967,1,1,0.04255220558840487,0.9574477944115951,0,0,0.8822075704209724,0.11779242957902772,0,1,0.018,0.982
04_external_impact_y12N_t0p25_p2l_v2:0046,04_external_impact_y12N_t0p25_p2l_v2,validation,30.682999999999968,31.082999999999966,1,0,0.6314153438133617,0.3685846561866384,1,1,0.30071492446987547,0.6992850755301243,1,1,0.0,1.0
04_external_impact_y12N_t0p25_p2l_v2:0047,04_external_impact_y12N_t0p25_p2l_v2,validation,30.882999999999967,31.282999999999966,1,0,0.577685885539492,0.42231411446050815,1,1,0.19087661733849787,0.8091233826615022,1,1,0.0,1.0
04_external_impact_y12N_t0p25_p2l_v2:0048,04_external_impact_y12N_t0p25_p2l_v2,validation,31.082999999999966,31.482999999999965,1,1,0.0,1.0,1,1,0.0,1.0,1,1,0.0,1.0
04_external_impact_y12N_t0p25_p2l_v2:0049,04_external_impact_y12N_t0p25_p2l_v2,validation,31.282999999999966,31.682999999999964,1,1,0.0,1.0,1,1,0.0,1.0,1,1,0.0,1.0
04_external_impact_y12N_t0p25_p2l_v2:0050,04_external_impact_y12N_t0p25_p2l_v2,validation,31.482999999999965,31.882999999999964,0,0,0.5664925549351506,0.4335074450648495,1,1,0.0,1.0,1,1,0.0,1.0
04_external_impact_y12N_t0p25_p2l_v2:0051,04_external_impact_y12N_t0p25_p2l_v2,validation,31.682999999999964,32.08299999999996,0,0,0.6844087994009062,0.3155912005990936,1,1,0.0,1.0,1,1,0.0,1.0
04_external_impact_y12N_t0p25_p2l_v2:0052,04_external_impact_y12N_t0p25_p2l_v2,validation,31.882999999999964,32.282999999999966,1,1,0.0,1.0,1,1,0.0,1.0,1,1,0.0,1.0
04_external_impact_y12N_t0p25_p2l_v2:0053,04_external_impact_y12N_t0p25_p2l_v2,validation,32.08299999999996,32.48299999999996,1,1,0.0,1.0,1,1,0.0,1.0,1,1,0.0,1.0
04_external_impact_y12N_t0p25_p2l_v2:0054,04_external_impact_y12N_t0p25_p2l_v2,validation,32.28299999999996,32.68299999999996,1,1,0.0,1.0,1,1,0.0,1.0,1,1,0.0,1.0
04_external_impact_y12N_t0p25_p2l_v2:0055,04_external_impact_y12N_t0p25_p2l_v2,validation,32.48299999999996,32.88299999999996,1,1,0.0,1.0,1,1,0.0,1.0,1,1,0.0,1.0
04_external_impact_y12N_t0p25_p2l_v2:0056,04_external_impact_y12N_t0p25_p2l_v2,validation,32.682999999999964,33.08299999999996,1,1,0.0,1.0,1,1,0.0,1.0,1,1,0.0,1.0
04_external_impact_y12N_t0p25_p2l_v2:0057,04_external_impact_y12N_t0p25_p2l_v2,validation,32.88299999999996,33.28299999999996,1,1,0.0,1.0,1,1,0.0,1.0,1,1,0.0,1.0
04_external_impact_y12N_t0p25_p2l_v2:0058,04_external_impact_y12N_t0p25_p2l_v2,validation,33.082999999999956,33.482999999999954,1,1,0.0,1.0,1,1,0.0,1.0,1,1,0.0,1.0
04_external_impact_y12N_t0p25_p2l_v2:0059,04_external_impact_y12N_t0p25_p2l_v2,validation,33.28299999999996,33.68299999999996,1,1,0.0,1.0,1,1,0.0,1.0,1,1,0.0,1.0
04_external_impact_y12N_t0p25_p2l_v2:0060,04_external_impact_y12N_t0p25_p2l_v2,validation,33.48299999999996,33.88299999999996,1,1,0.0,1.0,1,1,0.0,1.0,1,1,0.0,1.0
04_external_impact_y12N_t0p25_p2l_v2:0061,04_external_impact_y12N_t0p25_p2l_v2,validation,33.68299999999996,34.082999999999956,1,1,0.001808849557522124,0.998191150442478,1,1,0.0015866666666666663,0.9984133333333334,1,1,0.0,1.0
04_external_impact_y12N_t0p25_p2l_v2:0062,04_external_impact_y12N_t0p25_p2l_v2,validation,33.88299999999995,34.28299999999995,1,1,0.0,1.0,1,1,0.0033264436183395286,0.9966735563816606,1,1,0.0,1.0
04_external_impact_y12N_t0p25_p2l_v2:0063,04_external_impact_y12N_t0p25_p2l_v2,validation,34.082999999999956,34.482999999999954,1,1,0.0,1.0,1,1,0.0,1.0,1,1,0.0,1.0
04_external_impact_y12N_t0p25_p2l_v2:0064,04_external_impact_y12N_t0p25_p2l_v2,validation,34.28299999999996,34.68299999999996,1,1,0.0,1.0,1,1,0.0,1.0,1,1,0.0,1.0
04_external_impact_y12N_t0p25_p2l_v2:0065,04_external_impact_y12N_t0p25_p2l_v2,validation,34.482999999999954,34.88299999999995,1,1,0.0,1.0,1,1,0.0,1.0,1,1,0.0,1.0
04_external_impact_y12N_t0p25_p2l_v2:0066,04_external_impact_y12N_t0p25_p2l_v2,validation,34.68299999999995,35.08299999999995,1,1,0.0,1.0,1,1,0.0,1.0,1,1,0.0,1.0
04_external_impact_y12N_t0p25_p2l_v2:0067,04_external_impact_y12N_t0p25_p2l_v2,validation,34.88299999999995,35.28299999999995,1,1,0.0,1.0,1,1,0.0,1.0,1,1,0.0,1.0
04_external_impact_y12N_t0p25_p2l_v2:0068,04_external_impact_y12N_t0p25_p2l_v2,validation,35.082999999999956,35.482999999999954,1,1,0.0,1.0,1,1,0.0,1.0,1,1,0.0,1.0
04_external_impact_y12N_t0p25_p2l_v2:0069,04_external_impact_y12N_t0p25_p2l_v2,validation,35.28299999999995,35.68299999999995,1,1,0.0,1.0,1,1,0.24333696733132407,0.7566630326686757,1,1,0.025905626134301273,0.9740943738656987
04_external_impact_y12N_t0p25_p2l_v2:0070,04_external_impact_y12N_t0p25_p2l_v2,validation,35.48299999999995,35.882999999999946,1,1,0.0,1.0,1,0,0.4942695958138983,0.5057304041861016,1,1,0.021936802973977695,0.9780631970260223
04_external_impact_y12N_t0p25_p2l_v2:0071,04_external_impact_y12N_t0p25_p2l_v2,validation,35.68299999999995,36.08299999999995,1,1,0.0,1.0,1,1,0.0,1.0,1,1,0.0,1.0
04_external_impact_y12N_t0p25_p2l_v2:0072,04_external_impact_y12N_t0p25_p2l_v2,validation,35.88299999999995,36.28299999999995,1,1,0.0,1.0,1,1,0.0,1.0,1,1,0.0,1.0
04_external_impact_y12N_t0p25_p2l_v2:0073,04_external_impact_y12N_t0p25_p2l_v2,validation,36.08299999999995,36.48299999999995,1,1,0.0,1.0,1,1,0.008591867254520503,0.9914081327454796,1,1,0.0,1.0
04_external_impact_y12N_t0p25_p2l_v2:0074,04_external_impact_y12N_t0p25_p2l_v2,validation,36.282999999999944,36.68299999999994,1,1,0.0,1.0,1,1,0.0,1.0,1,1,0.0,1.0
04_external_impact_y12N_t0p25_p2l_v2:0075,04_external_impact_y12N_t0p25_p2l_v2,validation,36.48299999999995,36.882999999999946,1,1,0.0,1.0,1,1,0.0,1.0,1,1,0.0,1.0
04_external_impact_y12N_t0p25_p2l_v2:0076,04_external_impact_y12N_t0p25_p2l_v2,validation,36.68299999999995,37.08299999999995,1,1,0.0,1.0,1,1,0.0,1.0,1,1,0.0,1.0
04_external_impact_y12N_t0p25_p2l_v2:0077,04_external_impact_y12N_t0p25_p2l_v2,validation,36.882999999999946,37.282999999999944,1,1,0.0,1.0,1,1,0.0,1.0,1,1,0.0,1.0
04_external_impact_y12N_t0p25_p2l_v2:0078,04_external_impact_y12N_t0p25_p2l_v2,validation,37.08299999999994,37.48299999999994,1,1,0.011243441437311175,0.9887565585626887,0,0,0.9751217226224139,0.024878277377586053,0,0,0.34735840787573274,0.6526415921242673
04_external_impact_y12N_t0p25_p2l_v2:0079,04_external_impact_y12N_t0p25_p2l_v2,validation,37.282999999999944,37.68299999999994,1,1,0.0074747782459283745,0.9925252217540715,0,0,0.9321347037314148,0.06786529626858535,0,0,0.655473715636743,0.34452628436325716
04_external_impact_y12N_t0p25_p2l_v2:0080,04_external_impact_y12N_t0p25_p2l_v2,validation,37.48299999999995,37.882999999999946,1,1,0.0,1.0,1,1,0.05573043485852224,0.9442695651414778,1,1,0.002,0.998
04_external_impact_y12N_t0p25_p2l_v2:0081,04_external_impact_y12N_t0p25_p2l_v2,validation,37.68299999999994,38.08299999999994,1,1,0.0,1.0,1,1,0.0,1.0,1,1,0.0,1.0
04_external_impact_y12N_t0p25_p2l_v2:0082,04_external_impact_y12N_t0p25_p2l_v2,validation,37.88299999999994,38.28299999999994,1,1,0.0,1.0,1,1,0.0,1.0,1,1,0.0,1.0
04_external_impact_y12N_t0p25_p2l_v2:0083,04_external_impact_y12N_t0p25_p2l_v2,validation,38.08299999999994,38.48299999999994,1,1,0.0,1.0,1,1,0.0,1.0,1,1,0.0,1.0
04_external_impact_y12N_t0p25_p2l_v2:0084,04_external_impact_y12N_t0p25_p2l_v2,validation,38.282999999999944,38.68299999999994,1,1,0.0,1.0,1,1,0.0,1.0,1,1,0.0,1.0
04_external_impact_y12N_t0p25_p2l_v2:0085,04_external_impact_y12N_t0p25_p2l_v2,validation,38.48299999999994,38.88299999999994,1,1,0.0,1.0,1,1,0.0,1.0,1,1,0.0,1.0
04_external_impact_y12N_t0p25_p2l_v2:0086,04_external_impact_y12N_t0p25_p2l_v2,validation,38.682999999999936,39.082999999999934,1,1,0.0,1.0,1,1,0.0017992565055762082,0.9982007434944238,1,1,0.0,1.0
04_external_impact_y12N_t0p25_p2l_v2:0087,04_external_impact_y12N_t0p25_p2l_v2,validation,38.88299999999994,39.28299999999994,1,1,0.0,1.0,1,1,0.14016787003442474,0.8598321299655755,1,1,0.0,1.0
04_external_impact_y12N_t0p25_p2l_v2:0088,04_external_impact_y12N_t0p25_p2l_v2,validation,39.08299999999994,39.48299999999994,1,1,0.0018774774774774775,0.9981225225225225,1,1,0.299200765116557,0.7007992348834429,1,1,0.0,1.0
05_wheel_block_left_f3N_tau0p08_t0p60_p2l_v2:0000,05_wheel_block_left_f3N_tau0p08_t0p60_p2l_v2,train,19.316,19.715999999999998,1,1,0.0,1.0,1,1,0.0,1.0,1,1,0.0,1.0
05_wheel_block_left_f3N_tau0p08_t0p60_p2l_v2:0001,05_wheel_block_left_f3N_tau0p08_t0p60_p2l_v2,train,19.516,19.915999999999997,1,1,0.0,1.0,1,1,0.0,1.0,1,1,0.0,1.0
05_wheel_block_left_f3N_tau0p08_t0p60_p2l_v2:0002,05_wheel_block_left_f3N_tau0p08_t0p60_p2l_v2,train,19.715999999999998,20.115999999999996,1,1,0.0,1.0,1,1,0.0,1.0,1,1,0.0,1.0
05_wheel_block_left_f3N_tau0p08_t0p60_p2l_v2:0003,05_wheel_block_left_f3N_tau0p08_t0p60_p2l_v2,train,19.915999999999997,20.315999999999995,1,1,0.0,1.0,1,1,0.0,1.0,1,1,0.0,1.0
05_wheel_block_left_f3N_tau0p08_t0p60_p2l_v2:0004,05_wheel_block_left_f3N_tau0p08_t0p60_p2l_v2,train,20.115999999999996,20.515999999999995,1,1,0.0,1.0,1,1,0.0,1.0,1,1,0.0,1.0
05_wheel_block_left_f3N_tau0p08_t0p60_p2l_v2:0005,05_wheel_block_left_f3N_tau0p08_t0p60_p2l_v2,train,20.315999999999995,20.715999999999994,1,1,0.0,1.0,1,1,0.0,1.0,1,1,0.0,1.0
05_wheel_block_left_f3N_tau0p08_t0p60_p2l_v2:0006,05_wheel_block_left_f3N_tau0p08_t0p60_p2l_v2,train,20.515999999999995,20.915999999999993,1,1,0.0,1.0,1,1,0.0,1.0,1,1,0.0,1.0
05_wheel_block_left_f3N_tau0p08_t0p60_p2l_v2:0007,05_wheel_block_left_f3N_tau0p08_t0p60_p2l_v2,train,20.715999999999994,21.115999999999993,1,1,0.0,1.0,1,1,0.0,1.0,1,1,0.0,1.0
05_wheel_block_left_f3N_tau0p08_t0p60_p2l_v2:0008,05_wheel_block_left_f3N_tau0p08_t0p60_p2l_v2,train,20.915999999999993,21.315999999999992,1,1,0.0,1.0,1,1,0.0,1.0,1,1,0.0,1.0
05_wheel_block_left_f3N_tau0p08_t0p60_p2l_v2:0009,05_wheel_block_left_f3N_tau0p08_t0p60_p2l_v2,train,21.115999999999993,21.51599999999999,1,1,0.0,1.0,1,1,0.0,1.0,1,1,0.0,1.0
05_wheel_block_left_f3N_tau0p08_t0p60_p2l_v2:0010,05_wheel_block_left_f3N_tau0p08_t0p60_p2l_v2,train,21.315999999999992,21.71599999999999,1,1,0.0,1.0,1,1,0.0,1.0,1,1,0.0,1.0
05_wheel_block_left_f3N_tau0p08_t0p60_p2l_v2:0011,05_wheel_block_left_f3N_tau0p08_t0p60_p2l_v2,train,21.51599999999999,21.91599999999999,1,1,0.0,1.0,1,1,0.0,1.0,1,1,0.0,1.0
05_wheel_block_left_f3N_tau0p08_t0p60_p2l_v2:0012,05_wheel_block_left_f3N_tau0p08_t0p60_p2l_v2,train,21.71599999999999,22.11599999999999,1,1,0.0,1.0,1,1,0.0,1.0,1,1,0.0,1.0
05_wheel_block_left_f3N_tau0p08_t0p60_p2l_v2:0013,05_wheel_block_left_f3N_tau0p08_t0p60_p2l_v2,train,21.91599999999999,22.31599999999999,1,1,0.0,1.0,1,1,0.0,1.0,1,1,0.0,1.0
05_wheel_block_left_f3N_tau0p08_t0p60_p2l_v2:0014,05_wheel_block_left_f3N_tau0p08_t0p60_p2l_v2,train,22.11599999999999,22.515999999999988,1,1,0.0,1.0,1,1,0.0,1.0,1,1,0.0,1.0
05_wheel_block_left_f3N_tau0p08_t0p60_p2l_v2:0015,05_wheel_block_left_f3N_tau0p08_t0p60_p2l_v2,train,22.31599999999999,22.715999999999987,1,1,0.0,1.0,1,1,0.0,1.0,1,1,0.0,1.0
05_wheel_block_left_f3N_tau0p08_t0p60_p2l_v2:0016,05_wheel_block_left_f3N_tau0p08_t0p60_p2l_v2,train,22.515999999999988,22.915999999999986,1,1,0.0,1.0,1,1,0.0,1.0,1,1,0.0,1.0
05_wheel_block_left_f3N_tau0p08_t0p60_p2l_v2:0017,05_wheel_block_left_f3N_tau0p08_t0p60_p2l_v2,train,22.715999999999987,23.115999999999985,1,1,0.0,1.0,1,1,0.0,1.0,1,1,0.0,1.0
05_wheel_block_left_f3N_tau0p08_t0p60_p2l_v2:0018,05_wheel_block_left_f3N_tau0p08_t0p60_p2l_v2,train,22.915999999999986,23.315999999999985,1,1,0.0,1.0,1,1,0.0,1.0,1,1,0.0,1.0
05_wheel_block_left_f3N_tau0p08_t0p60_p2l_v2:0019,05_wheel_block_left_f3N_tau0p08_t0p60_p2l_v2,train,23.115999999999985,23.515999999999984,1,1,0.0,1.0,1,1,0.0,1.0,1,1,0.0,1.0
05_wheel_block_left_f3N_tau0p08_t0p60_p2l_v2:0020,05_wheel_block_left_f3N_tau0p08_t0p60_p2l_v2,train,23.315999999999985,23.715999999999983,1,1,0.0,1.0,1,1,0.0,1.0,1,1,0.0,1.0
05_wheel_block_left_f3N_tau0p08_t0p60_p2l_v2:0021,05_wheel_block_left_f3N_tau0p08_t0p60_p2l_v2,train,23.515999999999984,23.915999999999983,1,1,0.0,1.0,1,1,0.0,1.0,1,1,0.0,1.0
05_wheel_block_left_f3N_tau0p08_t0p60_p2l_v2:0022,05_wheel_block_left_f3N_tau0p08_t0p60_p2l_v2,train,23.715999999999983,24.115999999999982,1,1,0.0,1.0,1,1,0.0,1.0,1,1,0.0,1.0
05_wheel_block_left_f3N_tau0p08_t0p60_p2l_v2:0023,05_wheel_block_left_f3N_tau0p08_t0p60_p2l_v2,train,23.915999999999983,24.31599999999998,1,1,0.0,1.0,1,1,0.0,1.0,1,1,0.0,1.0
05_wheel_block_left_f3N_tau0p08_t0p60_p2l_v2:0024,05_wheel_block_left_f3N_tau0p08_t0p60_p2l_v2,train,24.115999999999982,24.51599999999998,1,1,0.0,1.0,1,1,0.0,1.0,1,1,0.0,1.0
05_wheel_block_left_f3N_tau0p08_t0p60_p2l_v2:0025,05_wheel_block_left_f3N_tau0p08_t0p60_p2l_v2,train,24.31599999999998,24.71599999999998,1,1,0.0,1.0,1,1,0.0,1.0,1,1,0.0,1.0
05_wheel_block_left_f3N_tau0p08_t0p60_p2l_v2:0026,05_wheel_block_left_f3N_tau0p08_t0p60_p2l_v2,train,24.51599999999998,24.91599999999998,1,1,0.0,1.0,1,1,0.0,1.0,1,1,0.0,1.0
05_wheel_block_left_f3N_tau0p08_t0p60_p2l_v2:0027,05_wheel_block_left_f3N_tau0p08_t0p60_p2l_v2,train,24.71599999999998,25.11599999999998,1,1,0.0,1.0,1,1,0.04192525253226706,0.9580747474677329,1,1,0.0,1.0
05_wheel_block_left_f3N_tau0p08_t0p60_p2l_v2:0028,05_wheel_block_left_f3N_tau0p08_t0p60_p2l_v2,train,24.91599999999998,25.315999999999978,1,1,0.0,1.0,1,1,0.054348024651470754,0.9456519753485292,1,1,0.0,1.0
05_wheel_block_left_f3N_tau0p08_t0p60_p2l_v2:0029,05_wheel_block_left_f3N_tau0p08_t0p60_p2l_v2,train,25.11599999999998,25.515999999999977,1,1,0.006,0.994,1,1,0.0018178438661710038,0.998182156133829,1,1,0.0,1.0
05_wheel_block_left_f3N_tau0p08_t0p60_p2l_v2:0030,05_wheel_block_left_f3N_tau0p08_t0p60_p2l_v2,train,25.315999999999978,25.715999999999976,1,1,0.0,1.0,1,1,0.003203473389355742,0.9967965266106443,1,1,0.0,1.0
05_wheel_block_left_f3N_tau0p08_t0p60_p2l_v2:0031,05_wheel_block_left_f3N_tau0p08_t0p60_p2l_v2,train,25.515999999999977,25.915999999999976,1,1,0.0,1.0,1,1,0.0,1.0,1,1,0.0,1.0
05_wheel_block_left_f3N_tau0p08_t0p60_p2l_v2:0032,05_wheel_block_left_f3N_tau0p08_t0p60_p2l_v2,train,25.715999999999976,26.115999999999975,1,1,0.0,1.0,1,0,0.4091011083056333,0.5908988916943669,1,1,0.0038985507246376808,0.9961014492753623
05_wheel_block_left_f3N_tau0p08_t0p60_p2l_v2:0033,05_wheel_block_left_f3N_tau0p08_t0p60_p2l_v2,train,25.915999999999976,26.315999999999974,1,1,0.0,1.0,0,0,0.8148684988553954,0.1851315011446046,1,1,0.0038985507246376808,0.9961014492753623
05_wheel_block_left_f3N_tau0p08_t0p60_p2l_v2:0034,05_wheel_block_left_f3N_tau0p08_t0p60_p2l_v2,train,26.115999999999975,26.515999999999973,1,1,0.0,1.0,1,1,0.014343785089425536,0.9856562149105744,1,1,0.0,1.0
05_wheel_block_left_f3N_tau0p08_t0p60_p2l_v2:0035,05_wheel_block_left_f3N_tau0p08_t0p60_p2l_v2,train,26.315999999999974,26.715999999999973,1,1,0.0,1.0,1,1,0.0,1.0,1,1,0.0,1.0
05_wheel_block_left_f3N_tau0p08_t0p60_p2l_v2:0036,05_wheel_block_left_f3N_tau0p08_t0p60_p2l_v2,train,26.515999999999973,26.915999999999972,1,1,0.0,1.0,1,1,0.0,1.0,1,1,0.0,1.0
05_wheel_block_left_f3N_tau0p08_t0p60_p2l_v2:0037,05_wheel_block_left_f3N_tau0p08_t0p60_p2l_v2,train,26.715999999999973,27.11599999999997,1,1,0.0,1.0,1,1,0.0017806691449814126,0.9982193308550186,1,1,0.0,1.0
05_wheel_block_left_f3N_tau0p08_t0p60_p2l_v2:0038,05_wheel_block_left_f3N_tau0p08_t0p60_p2l_v2,train,26.915999999999972,27.31599999999997,1,1,0.003681063122923588,0.9963189368770764,1,1,0.08439117825408439,0.9156088217459155,1,1,0.0,1.0
05_wheel_block_left_f3N_tau0p08_t0p60_p2l_v2:0039,05_wheel_block_left_f3N_tau0p08_t0p60_p2l_v2,train,27.11599999999997,27.51599999999997,1,1,0.0,1.0,1,1,0.05782112821080161,0.9421788717891983,1,1,0.004,0.996
05_wheel_block_left_f3N_tau0p08_t0p60_p2l_v2:0040,05_wheel_block_left_f3N_tau0p08_t0p60_p2l_v2,train,27.31599999999997,27.71599999999997,1,1,0.0,1.0,1,1,0.0,1.0,1,1,0.0,1.0
05_wheel_block_left_f3N_tau0p08_t0p60_p2l_v2:0041,05_wheel_block_left_f3N_tau0p08_t0p60_p2l_v2,train,27.51599999999997,27.91599999999997,1,1,0.0,1.0,1,1,0.0,1.0,1,1,0.0,1.0
05_wheel_block_left_f3N_tau0p08_t0p60_p2l_v2:0042,05_wheel_block_left_f3N_tau0p08_t0p60_p2l_v2,train,27.71599999999997,28.115999999999968,0,0,0.8031761819563418,0.1968238180436581,1,1,0.0018777120315581852,0.9981222879684418,1,1,0.0,1.0
05_wheel_block_left_f3N_tau0p08_t0p60_p2l_v2:0043,05_wheel_block_left_f3N_tau0p08_t0p60_p2l_v2,train,27.91599999999997,28.315999999999967,0,0,0.855143013777408,0.14485698622259224,1,1,0.0,1.0,1,1,0.0,1.0
05_wheel_block_left_f3N_tau0p08_t0p60_p2l_v2:0044,05_wheel_block_left_f3N_tau0p08_t0p60_p2l_v2,train,28.115999999999968,28.515999999999966,1,1,0.0,1.0,1,1,0.0,1.0,1,1,0.0,1.0
05_wheel_block_left_f3N_tau0p08_t0p60_p2l_v2:0045,05_wheel_block_left_f3N_tau0p08_t0p60_p2l_v2,train,28.315999999999967,28.715999999999966,1,1,0.0019524262607040913,0.9980475737392959,1,1,0.0,1.0,1,1,0.0,1.0
05_wheel_block_left_f3N_tau0p08_t0p60_p2l_v2:0046,05_wheel_block_left_f3N_tau0p08_t0p60_p2l_v2,train,28.515999999999966,28.915999999999965,1,1,0.0,1.0,1,1,0.0,1.0,1,1,0.0,1.0
05_wheel_block_left_f3N_tau0p08_t0p60_p2l_v2:0047,05_wheel_block_left_f3N_tau0p08_t0p60_p2l_v2,train,28.715999999999966,29.115999999999964,1,1,0.0,1.0,1,1,0.0,1.0,1,1,0.0,1.0
05_wheel_block_left_f3N_tau0p08_t0p60_p2l_v2:0048,05_wheel_block_left_f3N_tau0p08_t0p60_p2l_v2,train,28.915999999999965,29.315999999999963,1,1,0.0,1.0,1,1,0.0,1.0,1,1,0.0,1.0
05_wheel_block_left_f3N_tau0p08_t0p60_p2l_v2:0049,05_wheel_block_left_f3N_tau0p08_t0p60_p2l_v2,train,29.115999999999964,29.515999999999963,1,1,0.0,1.0,1,1,0.0,1.0,1,1,0.0,1.0
05_wheel_block_left_f3N_tau0p08_t0p60_p2l_v2:0050,05_wheel_block_left_f3N_tau0p08_t0p60_p2l_v2,train,29.315999999999963,29.715999999999962,1,1,0.0,1.0,1,1,0.0,1.0,1,1,0.0,1.0
05_wheel_block_left_f3N_tau0p08_t0p60_p2l_v2:0051,05_wheel_block_left_f3N_tau0p08_t0p60_p2l_v2,train,29.515999999999963,29.91599999999996,1,1,0.0,1.0,1,1,0.0,1.0,1,1,0.0,1.0
05_wheel_block_left_f3N_tau0p08_t0p60_p2l_v2:0052,05_wheel_block_left_f3N_tau0p08_t0p60_p2l_v2,train,29.715999999999962,30.11599999999996,1,1,0.0,1.0,1,1,0.0018714144411473789,0.9981285855588526,1,1,0.0,1.0
05_wheel_block_left_f3N_tau0p08_t0p60_p2l_v2:0053,05_wheel_block_left_f3N_tau0p08_t0p60_p2l_v2,train,29.91599999999996,30.31599999999996,1,1,0.0,1.0,1,1,0.0,1.0,1,1,0.0,1.0
05_wheel_block_left_f3N_tau0p08_t0p60_p2l_v2:0054,05_wheel_block_left_f3N_tau0p08_t0p60_p2l_v2,train,30.11599999999996,30.51599999999996,1,1,0.0,1.0,1,1,0.0033264436183395286,0.9966735563816606,1,1,0.0,1.0
05_wheel_block_left_f3N_tau0p08_t0p60_p2l_v2:0055,05_wheel_block_left_f3N_tau0p08_t0p60_p2l_v2,train,30.31599999999996,30.71599999999996,1,1,0.0,1.0,1,1,0.0,1.0,1,1,0.0,1.0
05_wheel_block_left_f3N_tau0p08_t0p60_p2l_v2:0056,05_wheel_block_left_f3N_tau0p08_t0p60_p2l_v2,train,30.51599999999996,30.915999999999958,1,1,0.0,1.0,1,1,0.0017843866171003717,0.9982156133828997,1,1,0.0,1.0
05_wheel_block_left_f3N_tau0p08_t0p60_p2l_v2:0057,05_wheel_block_left_f3N_tau0p08_t0p60_p2l_v2,train,30.71599999999996,31.115999999999957,1,1,0.0,1.0,1,1,0.0,1.0,1,1,0.0,1.0
05_wheel_block_left_f3N_tau0p08_t0p60_p2l_v2:0058,05_wheel_block_left_f3N_tau0p08_t0p60_p2l_v2,train,30.915999999999958,31.315999999999956,1,1,0.0,1.0,1,1,0.0,1.0,1,1,0.0,1.0
05_wheel_block_left_f3N_tau0p08_t0p60_p2l_v2:0059,05_wheel_block_left_f3N_tau0p08_t0p60_p2l_v2,train,31.115999999999957,31.515999999999956,1,1,0.0,1.0,1,1,0.0,1.0,1,1,0.0,1.0
05_wheel_block_left_f3N_tau0p08_t0p60_p2l_v2:0060,05_wheel_block_left_f3N_tau0p08_t0p60_p2l_v2,train,31.315999999999956,31.715999999999955,1,1,0.0,1.0,1,1,0.0,1.0,1,1,0.0,1.0
05_wheel_block_left_f3N_tau0p08_t0p60_p2l_v2:0061,05_wheel_block_left_f3N_tau0p08_t0p60_p2l_v2,train,31.515999999999956,31.915999999999954,1,1,0.0,1.0,0,0,0.8955314919544904,0.10446850804550956,1,1,0.002,0.998
05_wheel_block_left_f3N_tau0p08_t0p60_p2l_v2:0062,05_wheel_block_left_f3N_tau0p08_t0p60_p2l_v2,train,31.715999999999955,32.11599999999996,1,1,0.001929368029739777,0.9980706319702602,0,0,0.9654467769552754,0.034553223044724767,1,1,0.0039056261343012703,0.9960943738656988
05_wheel_block_left_f3N_tau0p08_t0p60_p2l_v2:0063,05_wheel_block_left_f3N_tau0p08_t0p60_p2l_v2,train,31.915999999999954,32.31599999999995,1,1,0.0,1.0,1,1,0.0,1.0,1,1,0.0,1.0
05_wheel_block_left_f3N_tau0p08_t0p60_p2l_v2:0064,05_wheel_block_left_f3N_tau0p08_t0p60_p2l_v2,train,32.11599999999996,32.515999999999956,1,1,0.0,1.0,1,1,0.0,1.0,1,1,0.0,1.0
05_wheel_block_left_f3N_tau0p08_t0p60_p2l_v2:0065,05_wheel_block_left_f3N_tau0p08_t0p60_p2l_v2,train,32.31599999999995,32.71599999999995,1,1,0.0,1.0,1,1,0.0,1.0,1,1,0.0,1.0
05_wheel_block_left_f3N_tau0p08_t0p60_p2l_v2:0066,05_wheel_block_left_f3N_tau0p08_t0p60_p2l_v2,train,32.51599999999995,32.91599999999995,1,1,0.0,1.0,1,1,0.006956732119385369,0.9930432678806147,1,1,0.0,1.0
05_wheel_block_left_f3N_tau0p08_t0p60_p2l_v2:0067,05_wheel_block_left_f3N_tau0p08_t0p60_p2l_v2,train,32.71599999999995,33.11599999999995,1,1,0.0,1.0,1,1,0.005541115513768763,0.9944588844862312,1,1,0.0,1.0
05_wheel_block_left_f3N_tau0p08_t0p60_p2l_v2:0068,05_wheel_block_left_f3N_tau0p08_t0p60_p2l_v2,train,32.915999999999954,33.31599999999995,1,1,0.0,1.0,1,1,0.0,1.0,1,1,0.0,1.0
05_wheel_block_left_f3N_tau0p08_t0p60_p2l_v2:0069,05_wheel_block_left_f3N_tau0p08_t0p60_p2l_v2,train,33.11599999999995,33.51599999999995,1,1,0.0,1.0,1,1,0.0,1.0,1,1,0.0,1.0
05_wheel_block_left_f3N_tau0p08_t0p60_p2l_v2:0070,05_wheel_block_left_f3N_tau0p08_t0p60_p2l_v2,train,33.315999999999946,33.715999999999944,1,1,0.0,1.0,0,0,0.9731078817944472,0.026892118205552946,0,0,0.9777375380560708,0.022262461943929144
05_wheel_block_left_f3N_tau0p08_t0p60_p2l_v2:0071,05_wheel_block_left_f3N_tau0p08_t0p60_p2l_v2,train,33.51599999999995,33.91599999999995,1,1,0.0,1.0,0,0,0.9899005680198323,0.010099431980167993,0,0,0.967629731364621,0.03237026863537896
05_wheel_block_left_f3N_tau0p08_t0p60_p2l_v2:0072,05_wheel_block_left_f3N_tau0p08_t0p60_p2l_v2,train,33.71599999999995,34.11599999999995,1,1,0.0,1.0,1,1,0.0,1.0,1,1,0.0,1.0
05_wheel_block_left_f3N_tau0p08_t0p60_p2l_v2:0073,05_wheel_block_left_f3N_tau0p08_t0p60_p2l_v2,train,33.91599999999995,34.315999999999946,1,1,0.0,1.0,1,1,0.0,1.0,1,1,0.0,1.0
05_wheel_block_left_f3N_tau0p08_t0p60_p2l_v2:0074,05_wheel_block_left_f3N_tau0p08_t0p60_p2l_v2,train,34.11599999999994,34.51599999999994,1,1,0.0,1.0,1,1,0.0,1.0,1,1,0.0,1.0
05_wheel_block_left_f3N_tau0p08_t0p60_p2l_v2:0075,05_wheel_block_left_f3N_tau0p08_t0p60_p2l_v2,train,34.315999999999946,34.715999999999944,1,1,0.0,1.0,1,1,0.0,1.0,1,1,0.0,1.0
05_wheel_block_left_f3N_tau0p08_t0p60_p2l_v2:0076,05_wheel_block_left_f3N_tau0p08_t0p60_p2l_v2,train,34.51599999999995,34.91599999999995,1,1,0.0,1.0,1,1,0.0,1.0,1,1,0.0,1.0
05_wheel_block_left_f3N_tau0p08_t0p60_p2l_v2:0077,05_wheel_block_left_f3N_tau0p08_t0p60_p2l_v2,train,34.715999999999944,35.11599999999994,1,1,0.0,1.0,1,1,0.0017881040892193307,0.9982118959107806,1,1,0.0,1.0
05_wheel_block_left_f3N_tau0p08_t0p60_p2l_v2:0078,05_wheel_block_left_f3N_tau0p08_t0p60_p2l_v2,train,34.91599999999994,35.31599999999994,1,1,0.0,1.0,1,1,0.0,1.0,1,1,0.0,1.0
05_wheel_block_left_f3N_tau0p08_t0p60_p2l_v2:0079,05_wheel_block_left_f3N_tau0p08_t0p60_p2l_v2,train,35.11599999999994,35.51599999999994,1,1,0.11032870955602052,0.8896712904439796,1,1,0.23623010022812,0.7637698997718803,1,1,0.0,1.0
05_wheel_block_left_f3N_tau0p08_t0p60_p2l_v2:0080,05_wheel_block_left_f3N_tau0p08_t0p60_p2l_v2,train,35.315999999999946,35.715999999999944,1,1,0.06066500774901554,0.9393349922509846,1,1,0.23752719272120967,0.7624728072787904,1,1,0.0,1.0
06_healthy_low_turns_p2l_v2:0000,06_healthy_low_turns_p2l_v2,test,15.953,16.352999999999998,1,1,0.0,1.0,1,1,0.0018178438661710038,0.998182156133829,1,1,0.0,1.0
06_healthy_low_turns_p2l_v2:0001,06_healthy_low_turns_p2l_v2,test,16.153,16.552999999999997,1,1,0.0,1.0,1,1,0.0,1.0,1,1,0.0,1.0
06_healthy_low_turns_p2l_v2:0002,06_healthy_low_turns_p2l_v2,test,16.352999999999998,16.752999999999997,1,1,0.0,1.0,1,1,0.0,1.0,1,1,0.0,1.0
06_healthy_low_turns_p2l_v2:0003,06_healthy_low_turns_p2l_v2,test,16.552999999999997,16.952999999999996,1,1,0.0,1.0,1,1,0.0,1.0,1,1,0.0,1.0
06_healthy_low_turns_p2l_v2:0004,06_healthy_low_turns_p2l_v2,test,16.752999999999997,17.152999999999995,1,1,0.0,1.0,1,1,0.0,1.0,1,1,0.0,1.0
06_healthy_low_turns_p2l_v2:0005,06_healthy_low_turns_p2l_v2,test,16.952999999999996,17.352999999999994,1,1,0.0,1.0,1,1,0.0,1.0,1,1,0.0,1.0
06_healthy_low_turns_p2l_v2:0006,06_healthy_low_turns_p2l_v2,test,17.152999999999995,17.552999999999994,1,1,0.0,1.0,1,1,0.0,1.0,1,1,0.0,1.0
06_healthy_low_turns_p2l_v2:0007,06_healthy_low_turns_p2l_v2,test,17.352999999999994,17.752999999999993,1,1,0.0,1.0,1,1,0.0,1.0,1,1,0.0,1.0
06_healthy_low_turns_p2l_v2:0008,06_healthy_low_turns_p2l_v2,test,17.552999999999994,17.952999999999992,1,1,0.001936802973977695,0.9980631970260223,1,1,0.002,0.998,1,1,0.0,1.0
06_healthy_low_turns_p2l_v2:0009,06_healthy_low_turns_p2l_v2,test,17.752999999999993,18.15299999999999,1,1,0.001936802973977695,0.9980631970260223,1,1,0.002,0.998,1,1,0.0,1.0
06_healthy_low_turns_p2l_v2:0010,06_healthy_low_turns_p2l_v2,test,17.952999999999992,18.35299999999999,1,1,0.0,1.0,1,1,0.0,1.0,1,1,0.0,1.0
06_healthy_low_turns_p2l_v2:0011,06_healthy_low_turns_p2l_v2,test,18.15299999999999,18.55299999999999,1,1,0.0,1.0,1,1,0.0,1.0,1,1,0.0,1.0
06_healthy_low_turns_p2l_v2:0012,06_healthy_low_turns_p2l_v2,test,18.35299999999999,18.75299999999999,1,1,0.0,1.0,1,1,0.0,1.0,1,1,0.0,1.0
06_healthy_low_turns_p2l_v2:0013,06_healthy_low_turns_p2l_v2,test,18.55299999999999,18.95299999999999,1,1,0.0,1.0,1,1,0.0,1.0,1,1,0.0,1.0
06_healthy_low_turns_p2l_v2:0014,06_healthy_low_turns_p2l_v2,test,18.75299999999999,19.152999999999988,1,1,0.0,1.0,1,1,0.0,1.0,1,1,0.0,1.0
06_healthy_low_turns_p2l_v2:0015,06_healthy_low_turns_p2l_v2,test,18.95299999999999,19.352999999999987,1,1,0.0,1.0,1,1,0.0,1.0,1,1,0.0,1.0
06_healthy_low_turns_p2l_v2:0016,06_healthy_low_turns_p2l_v2,test,19.152999999999988,19.552999999999987,1,1,0.0,1.0,1,1,0.0,1.0,1,1,0.0,1.0
06_healthy_low_turns_p2l_v2:0017,06_healthy_low_turns_p2l_v2,test,19.352999999999987,19.752999999999986,1,1,0.0,1.0,1,1,0.0,1.0,1,1,0.0,1.0
06_healthy_low_turns_p2l_v2:0018,06_healthy_low_turns_p2l_v2,test,19.552999999999987,19.952999999999985,1,1,0.0,1.0,1,1,0.0,1.0,1,1,0.001962825278810409,0.9980371747211896
06_healthy_low_turns_p2l_v2:0019,06_healthy_low_turns_p2l_v2,test,19.752999999999986,20.152999999999984,1,1,0.0,1.0,1,1,0.0,1.0,1,1,0.0,1.0
06_healthy_low_turns_p2l_v2:0020,06_healthy_low_turns_p2l_v2,test,19.952999999999985,20.352999999999984,1,1,0.0,1.0,1,1,0.0,1.0,1,1,0.0,1.0
06_healthy_low_turns_p2l_v2:0021,06_healthy_low_turns_p2l_v2,test,20.152999999999984,20.552999999999983,1,1,0.0,1.0,1,1,0.0,1.0,1,1,0.0,1.0
06_healthy_low_turns_p2l_v2:0022,06_healthy_low_turns_p2l_v2,test,20.352999999999984,20.752999999999982,1,1,0.0,1.0,1,1,0.1237004800954936,0.8762995199045064,1,1,0.031834660358229135,0.9681653396417709
06_healthy_low_turns_p2l_v2:0023,06_healthy_low_turns_p2l_v2,test,20.552999999999983,20.95299999999998,1,1,0.0,1.0,1,1,0.19177136961947072,0.8082286303805294,1,1,0.03387927002365664,0.9661207299763434
06_healthy_low_turns_p2l_v2:0024,06_healthy_low_turns_p2l_v2,test,20.752999999999982,21.15299999999998,1,1,0.0,1.0,1,1,0.0,1.0,1,1,0.0,1.0
06_healthy_low_turns_p2l_v2:0025,06_healthy_low_turns_p2l_v2,test,20.95299999999998,21.35299999999998,1,1,0.0,1.0,1,1,0.0016168067226890756,0.998383193277311,1,1,0.0,1.0
06_healthy_low_turns_p2l_v2:0026,06_healthy_low_turns_p2l_v2,test,21.15299999999998,21.55299999999998,1,1,0.0,1.0,1,1,0.0,1.0,1,1,0.0,1.0
06_healthy_low_turns_p2l_v2:0027,06_healthy_low_turns_p2l_v2,test,21.35299999999998,21.75299999999998,1,1,0.0,1.0,1,1,0.0,1.0,1,1,0.0,1.0
06_healthy_low_turns_p2l_v2:0028,06_healthy_low_turns_p2l_v2,test,21.55299999999998,21.952999999999978,1,1,0.0,1.0,1,1,0.0,1.0,1,1,0.0,1.0
06_healthy_low_turns_p2l_v2:0029,06_healthy_low_turns_p2l_v2,test,21.75299999999998,22.152999999999977,1,1,0.0,1.0,1,1,0.0,1.0,1,1,0.0,1.0
06_healthy_low_turns_p2l_v2:0030,06_healthy_low_turns_p2l_v2,test,21.952999999999978,22.352999999999977,1,1,0.0,1.0,1,1,0.0,1.0,1,1,0.0,1.0
06_healthy_low_turns_p2l_v2:0031,06_healthy_low_turns_p2l_v2,test,22.152999999999977,22.552999999999976,1,1,0.0,1.0,1,1,0.0,1.0,1,1,0.0,1.0
06_healthy_low_turns_p2l_v2:0032,06_healthy_low_turns_p2l_v2,test,22.352999999999977,22.752999999999975,1,1,0.005851301115241636,0.9941486988847583,1,0,0.6354878518943081,0.36451214810569194,1,1,0.013947955390334572,0.9860520446096654
06_healthy_low_turns_p2l_v2:0033,06_healthy_low_turns_p2l_v2,test,22.552999999999976,22.952999999999975,1,1,0.015061191255052474,0.9849388087449474,1,1,0.3762028270501412,0.6237971729498587,1,1,0.025846506114972252,0.9741534938850277
06_healthy_low_turns_p2l_v2:0034,06_healthy_low_turns_p2l_v2,test,22.752999999999975,23.152999999999974,1,1,0.009287957054308979,0.9907120429456909,1,1,0.0,1.0,1,1,0.0,1.0
06_healthy_low_turns_p2l_v2:0035,06_healthy_low_turns_p2l_v2,test,22.952999999999975,23.352999999999973,1,1,0.009287957054308979,0.9907120429456909,1,1,0.0,1.0,1,1,0.0,1.0
06_healthy_low_turns_p2l_v2:0036,06_healthy_low_turns_p2l_v2,test,23.152999999999974,23.552999999999972,1,1,0.009287957054308979,0.9907120429456909,1,1,0.0,1.0,1,1,0.0,1.0
06_healthy_low_turns_p2l_v2:0037,06_healthy_low_turns_p2l_v2,test,23.352999999999973,23.75299999999997,1,1,0.009287957054308979,0.9907120429456909,1,1,0.0,1.0,1,1,0.0,1.0
06_healthy_low_turns_p2l_v2:0038,06_healthy_low_turns_p2l_v2,test,23.552999999999972,23.95299999999997,1,1,0.009287957054308979,0.9907120429456909,1,1,0.0,1.0,1,1,0.0,1.0
06_healthy_low_turns_p2l_v2:0039,06_healthy_low_turns_p2l_v2,test,23.75299999999997,24.15299999999997,1,1,0.009287957054308979,0.9907120429456909,1,1,0.0,1.0,1,1,0.0,1.0
06_healthy_low_turns_p2l_v2:0040,06_healthy_low_turns_p2l_v2,test,23.95299999999997,24.35299999999997,1,1,0.009287957054308979,0.9907120429456909,1,1,0.0,1.0,1,1,0.0,1.0
06_healthy_low_turns_p2l_v2:0041,06_healthy_low_turns_p2l_v2,test,24.15299999999997,24.55299999999997,1,1,0.009287957054308979,0.9907120429456909,1,1,0.0,1.0,1,1,0.0,1.0
06_healthy_low_turns_p2l_v2:0042,06_healthy_low_turns_p2l_v2,test,24.35299999999997,24.752999999999968,1,1,0.009287957054308979,0.9907120429456909,1,1,0.0,1.0,1,1,0.0,1.0
06_healthy_low_turns_p2l_v2:0043,06_healthy_low_turns_p2l_v2,test,24.55299999999997,24.952999999999967,1,1,0.011209890139810838,0.988790109860189,1,1,0.0,1.0,1,1,0.0,1.0
06_healthy_low_turns_p2l_v2:0044,06_healthy_low_turns_p2l_v2,test,24.752999999999968,25.152999999999967,1,1,0.011209890139810838,0.988790109860189,1,1,0.0,1.0,1,1,0.0,1.0
06_healthy_low_turns_p2l_v2:0045,06_healthy_low_turns_p2l_v2,test,24.952999999999967,25.352999999999966,1,1,0.007505675672315402,0.9924943243276846,1,0,0.4369008879258265,0.5630991120741735,1,1,0.021846506114972252,0.9781534938850277
06_healthy_low_turns_p2l_v2:0046,06_healthy_low_turns_p2l_v2,test,25.152999999999967,25.552999999999965,1,1,0.009776084143206921,0.990223915856793,1,0,0.5751489674311294,0.42485103256887047,1,1,0.023846506114972254,0.9761534938850277
06_healthy_low_turns_p2l_v2:0047,06_healthy_low_turns_p2l_v2,test,25.352999999999966,25.752999999999965,1,1,0.005595561264187528,0.9944044387358125,1,1,0.0182402687104882,0.9817597312895119,1,1,0.0,1.0
06_healthy_low_turns_p2l_v2:0048,06_healthy_low_turns_p2l_v2,test,25.552999999999965,25.952999999999964,1,1,0.0019144981412639406,0.998085501858736,1,1,0.016635578593235265,0.9833644214067648,1,1,0.0,1.0
06_healthy_low_turns_p2l_v2:0049,06_healthy_low_turns_p2l_v2,test,25.752999999999965,26.152999999999963,1,1,0.0,1.0,1,1,0.0,1.0,1,1,0.0,1.0
06_healthy_low_turns_p2l_v2:0050,06_healthy_low_turns_p2l_v2,test,25.952999999999964,26.352999999999962,1,1,0.0,1.0,1,1,0.0,1.0,1,1,0.0,1.0
06_healthy_low_turns_p2l_v2:0051,06_healthy_low_turns_p2l_v2,test,26.152999999999963,26.55299999999996,1,1,0.0,1.0,1,1,0.0,1.0,1,1,0.0,1.0
06_healthy_low_turns_p2l_v2:0052,06_healthy_low_turns_p2l_v2,test,26.352999999999962,26.75299999999996,1,1,0.0,1.0,1,1,0.0,1.0,1,1,0.0,1.0
06_healthy_low_turns_p2l_v2:0053,06_healthy_low_turns_p2l_v2,test,26.55299999999996,26.95299999999996,1,1,0.0,1.0,1,1,0.0,1.0,1,1,0.0,1.0
06_healthy_low_turns_p2l_v2:0054,06_healthy_low_turns_p2l_v2,test,26.75299999999996,27.15299999999996,1,1,0.0,1.0,1,1,0.0,1.0,1,1,0.0,1.0
06_healthy_low_turns_p2l_v2:0055,06_healthy_low_turns_p2l_v2,test,26.95299999999996,27.35299999999996,1,1,0.0,1.0,1,1,0.0,1.0,1,1,0.0,1.0
06_healthy_low_turns_p2l_v2:0056,06_healthy_low_turns_p2l_v2,test,27.15299999999996,27.552999999999958,1,1,0.0,1.0,1,1,0.0058984375,0.9941015625,1,1,0.0,1.0
06_healthy_low_turns_p2l_v2:0057,06_healthy_low_turns_p2l_v2,test,27.35299999999996,27.752999999999957,1,1,0.0,1.0,1,1,0.00893036315730346,0.9910696368426966,1,1,0.0,1.0
06_healthy_low_turns_p2l_v2:0058,06_healthy_low_turns_p2l_v2,test,27.552999999999958,27.952999999999957,1,1,0.0,1.0,1,1,0.010491701447266286,0.9895082985527338,1,1,0.0,1.0
06_healthy_low_turns_p2l_v2:0059,06_healthy_low_turns_p2l_v2,test,27.752999999999957,28.152999999999956,1,1,0.0,1.0,1,1,0.016307398620628376,0.9836926013793716,1,1,0.006,0.994
06_healthy_low_turns_p2l_v2:0060,06_healthy_low_turns_p2l_v2,test,27.952999999999957,28.352999999999955,1,1,0.0,1.0,1,1,0.014515577059290088,0.9854844229407098,1,1,0.004,0.996
06_healthy_low_turns_p2l_v2:0061,06_healthy_low_turns_p2l_v2,test,28.152999999999956,28.552999999999955,1,1,0.0,1.0,1,1,0.08665589691537773,0.9133441030846222,1,1,0.009966542750929367,0.9900334572490705
06_healthy_low_turns_p2l_v2:0062,06_healthy_low_turns_p2l_v2,test,28.352999999999955,28.752999999999954,1,1,0.0,1.0,1,1,0.09546492163889152,0.9045350783611085,1,1,0.0,1.0
06_healthy_low_turns_p2l_v2:0063,06_healthy_low_turns_p2l_v2,test,28.552999999999955,28.952999999999953,1,1,0.0,1.0,1,1,0.07925440356691418,0.9207455964330855,1,1,0.0,1.0
06_healthy_low_turns_p2l_v2:0064,06_healthy_low_turns_p2l_v2,test,28.752999999999954,29.152999999999953,1,1,0.0,1.0,1,1,0.0,1.0,1,1,0.0,1.0
06_healthy_low_turns_p2l_v2:0065,06_healthy_low_turns_p2l_v2,test,28.952999999999953,29.352999999999952,1,1,0.0,1.0,1,1,0.0,1.0,1,1,0.0,1.0
06_healthy_low_turns_p2l_v2:0066,06_healthy_low_turns_p2l_v2,test,29.152999999999953,29.55299999999995,1,1,0.0,1.0,1,1,0.0,1.0,1,1,0.0,1.0
06_healthy_low_turns_p2l_v2:0067,06_healthy_low_turns_p2l_v2,test,29.352999999999952,29.75299999999995,1,1,0.0,1.0,1,1,0.0,1.0,1,1,0.0,1.0
06_healthy_low_turns_p2l_v2:0068,06_healthy_low_turns_p2l_v2,test,29.55299999999995,29.95299999999995,1,1,0.0,1.0,1,1,0.0,1.0,1,1,0.0,1.0
06_healthy_low_turns_p2l_v2:0069,06_healthy_low_turns_p2l_v2,test,29.75299999999995,30.15299999999995,1,1,0.0,1.0,1,1,0.0,1.0,1,1,0.0,1.0
06_healthy_low_turns_p2l_v2:0070,06_healthy_low_turns_p2l_v2,test,29.95299999999995,30.35299999999995,1,1,0.0,1.0,1,1,0.13311855290561453,0.8668814470943855,1,1,0.0,1.0
06_healthy_low_turns_p2l_v2:0071,06_healthy_low_turns_p2l_v2,test,30.15299999999995,30.552999999999948,1,1,0.0,1.0,1,1,0.18492881344863127,0.815071186551369,1,1,0.0,1.0
06_healthy_low_turns_p2l_v2:0072,06_healthy_low_turns_p2l_v2,test,30.35299999999995,30.752999999999947,1,1,0.0,1.0,1,1,0.0,1.0,1,1,0.0,1.0
06_healthy_low_turns_p2l_v2:0073,06_healthy_low_turns_p2l_v2,test,30.552999999999948,30.952999999999946,1,1,0.0,1.0,1,1,0.0,1.0,1,1,0.0,1.0
06_healthy_low_turns_p2l_v2:0074,06_healthy_low_turns_p2l_v2,test,30.752999999999947,31.152999999999945,1,1,0.0,1.0,1,1,0.0,1.0,1,1,0.0,1.0
06_healthy_low_turns_p2l_v2:0075,06_healthy_low_turns_p2l_v2,test,30.952999999999946,31.352999999999945,1,1,0.0016810631229235882,0.9983189368770764,1,1,0.0,1.0,1,1,0.0,1.0
06_healthy_low_turns_p2l_v2:0076,06_healthy_low_turns_p2l_v2,test,31.152999999999945,31.552999999999944,1,1,0.0,1.0,1,1,0.0,1.0,1,1,0.0,1.0
06_healthy_low_turns_p2l_v2:0077,06_healthy_low_turns_p2l_v2,test,31.352999999999945,31.752999999999943,1,1,0.0,1.0,1,1,0.0,1.0,1,1,0.0,1.0
06_healthy_low_turns_p2l_v2:0078,06_healthy_low_turns_p2l_v2,test,31.552999999999944,31.952999999999943,1,1,0.0,1.0,1,1,0.0,1.0,1,1,0.0,1.0
06_healthy_low_turns_p2l_v2:0079,06_healthy_low_turns_p2l_v2,test,31.752999999999943,32.15299999999994,1,1,0.0,1.0,1,1,0.0,1.0,1,1,0.0,1.0
06_healthy_low_turns_p2l_v2:0080,06_healthy_low_turns_p2l_v2,test,31.952999999999943,32.352999999999945,1,1,0.0,1.0,1,1,0.0,1.0,1,1,0.0,1.0
06_healthy_low_turns_p2l_v2:0081,06_healthy_low_turns_p2l_v2,test,32.15299999999994,32.55299999999994,1,1,0.0,1.0,1,1,0.0,1.0,1,1,0.0,1.0
06_healthy_low_turns_p2l_v2:0082,06_healthy_low_turns_p2l_v2,test,32.35299999999994,32.752999999999936,1,1,0.0,1.0,1,1,0.0,1.0,1,1,0.0,1.0
06_healthy_low_turns_p2l_v2:0083,06_healthy_low_turns_p2l_v2,test,32.55299999999994,32.95299999999994,1,1,0.0,1.0,1,1,0.0,1.0,1,1,0.0,1.0
06_healthy_low_turns_p2l_v2:0084,06_healthy_low_turns_p2l_v2,test,32.75299999999994,33.15299999999994,1,1,0.0,1.0,1,1,0.0,1.0,1,1,0.0,1.0
06_healthy_low_turns_p2l_v2:0085,06_healthy_low_turns_p2l_v2,test,32.95299999999994,33.35299999999994,1,1,0.0017324414715719065,0.9982675585284281,1,1,0.002,0.998,1,1,0.0,1.0
06_healthy_low_turns_p2l_v2:0086,06_healthy_low_turns_p2l_v2,test,33.152999999999935,33.55299999999993,1,1,0.017061191255052476,0.9829388087449474,1,0,0.468747271073217,0.531252728926783,1,1,0.023776669842846213,0.9762233301571538
06_healthy_low_turns_p2l_v2:0087,06_healthy_low_turns_p2l_v2,test,33.35299999999994,33.752999999999936,1,1,0.015061191255052474,0.9849388087449474,1,1,0.347345125337128,0.652654874662872,1,1,0.0316752205674839,0.9683247794325162
06_healthy_low_turns_p2l_v2:0088,06_healthy_low_turns_p2l_v2,test,33.55299999999994,33.95299999999994,1,1,0.009287957054308979,0.9907120429456909,1,1,0.0,1.0,1,1,0.0,1.0
06_healthy_low_turns_p2l_v2:0089,06_healthy_low_turns_p2l_v2,test,33.752999999999936,34.152999999999935,1,1,0.009287957054308979,0.9907120429456909,1,1,0.0,1.0,1,1,0.0,1.0
06_healthy_low_turns_p2l_v2:0090,06_healthy_low_turns_p2l_v2,test,33.95299999999993,34.35299999999993,1,1,0.009287957054308979,0.9907120429456909,1,1,0.0,1.0,1,1,0.0,1.0
06_healthy_low_turns_p2l_v2:0091,06_healthy_low_turns_p2l_v2,test,34.152999999999935,34.55299999999993,1,1,0.009287957054308979,0.9907120429456909,1,1,0.0,1.0,1,1,0.0,1.0
06_healthy_low_turns_p2l_v2:0092,06_healthy_low_turns_p2l_v2,test,34.35299999999994,34.752999999999936,1,1,0.009287957054308979,0.9907120429456909,1,1,0.0,1.0,1,1,0.0,1.0
06_healthy_low_turns_p2l_v2:0093,06_healthy_low_turns_p2l_v2,test,34.55299999999993,34.95299999999993,1,1,0.011209890139810838,0.988790109860189,1,1,0.0,1.0,1,1,0.0,1.0
06_healthy_low_turns_p2l_v2:0094,06_healthy_low_turns_p2l_v2,test,34.75299999999993,35.15299999999993,1,1,0.011209890139810838,0.988790109860189,1,1,0.0,1.0,1,1,0.0,1.0
06_healthy_low_turns_p2l_v2:0095,06_healthy_low_turns_p2l_v2,test,34.95299999999993,35.35299999999993,1,1,0.015061191255052474,0.9849388087449474,1,0,0.6381082450966131,0.361891754903387,1,1,0.0336752205674839,0.9663247794325162
06_healthy_low_turns_p2l_v2:0096,06_healthy_low_turns_p2l_v2,test,35.152999999999935,35.55299999999993,1,1,0.019061191255052474,0.9809388087449474,1,0,0.7176905314333052,0.28230946856669464,1,1,0.037675220567483896,0.9623247794325162
06_healthy_low_turns_p2l_v2:0097,06_healthy_low_turns_p2l_v2,test,35.35299999999993,35.75299999999993,1,1,0.0036543745570737658,0.9963456254429262,1,1,0.0035458951271186445,0.9964541048728813,1,1,0.0,1.0
06_healthy_low_turns_p2l_v2:0098,06_healthy_low_turns_p2l_v2,test,35.552999999999926,35.952999999999925,1,1,0.0,1.0,1,1,0.0,1.0,1,1,0.0,1.0
06_healthy_low_turns_p2l_v2:0099,06_healthy_low_turns_p2l_v2,test,35.75299999999993,36.15299999999993,1,1,0.0,1.0,1,1,0.008921832217170137,0.9910781677828299,1,1,0.0,1.0
06_healthy_low_turns_p2l_v2:0100,06_healthy_low_turns_p2l_v2,test,35.95299999999993,36.35299999999993,1,1,0.0,1.0,1,1,0.008921832217170137,0.9910781677828299,1,1,0.0,1.0
06_healthy_low_turns_p2l_v2:0101,06_healthy_low_turns_p2l_v2,test,36.15299999999993,36.552999999999926,1,1,0.0,1.0,1,1,0.0,1.0,1,1,0.0,1.0
06_healthy_low_turns_p2l_v2:0102,06_healthy_low_turns_p2l_v2,test,36.35299999999992,36.75299999999992,1,1,0.0,1.0,1,1,0.0,1.0,1,1,0.0,1.0
06_healthy_low_turns_p2l_v2:0103,06_healthy_low_turns_p2l_v2,test,36.552999999999926,36.952999999999925,1,1,0.0,1.0,1,1,0.0035458951271186445,0.9964541048728813,1,1,0.0,1.0
06_healthy_low_turns_p2l_v2:0104,06_healthy_low_turns_p2l_v2,test,36.75299999999993,37.15299999999993,1,1,0.0,1.0,1,1,0.0035458951271186445,0.9964541048728813,1,1,0.0,1.0
06_healthy_low_turns_p2l_v2:0105,06_healthy_low_turns_p2l_v2,test,36.952999999999925,37.35299999999992,1,1,0.0,1.0,1,1,0.3586479897624779,0.641352010237522,1,1,0.002,0.998
06_healthy_low_turns_p2l_v2:0106,06_healthy_low_turns_p2l_v2,test,37.15299999999992,37.55299999999992,1,1,0.017262905797431057,0.9827370942025689,1,1,0.30515522488815533,0.6948447751118443,1,1,0.002,0.998
06_healthy_low_turns_p2l_v2:0107,06_healthy_low_turns_p2l_v2,test,37.35299999999992,37.75299999999992,1,1,0.0,1.0,1,1,0.0,1.0,1,1,0.0,1.0
06_healthy_low_turns_p2l_v2:0108,06_healthy_low_turns_p2l_v2,test,37.552999999999926,37.952999999999925,1,1,0.0,1.0,1,1,0.0,1.0,1,1,0.0,1.0
06_healthy_low_turns_p2l_v2:0109,06_healthy_low_turns_p2l_v2,test,37.75299999999992,38.15299999999992,1,1,0.0,1.0,1,1,0.0,1.0,1,1,0.0,1.0
06_healthy_low_turns_p2l_v2:0110,06_healthy_low_turns_p2l_v2,test,37.95299999999992,38.352999999999916,1,1,0.0,1.0,1,1,0.0,1.0,1,1,0.0,1.0
06_healthy_low_turns_p2l_v2:0111,06_healthy_low_turns_p2l_v2,test,38.15299999999992,38.55299999999992,1,1,0.0,1.0,1,1,0.0,1.0,1,1,0.0,1.0
06_healthy_low_turns_p2l_v2:0112,06_healthy_low_turns_p2l_v2,test,38.35299999999992,38.75299999999992,1,1,0.0,1.0,1,1,0.0,1.0,1,1,0.0,1.0
06_healthy_low_turns_p2l_v2:0113,06_healthy_low_turns_p2l_v2,test,38.55299999999992,38.95299999999992,1,1,0.0,1.0,1,1,0.0,1.0,1,1,0.0,1.0
06_healthy_low_turns_p2l_v2:0114,06_healthy_low_turns_p2l_v2,test,38.752999999999915,39.15299999999991,1,1,0.0,1.0,1,1,0.0,1.0,1,1,0.0,1.0
06_healthy_low_turns_p2l_v2:0115,06_healthy_low_turns_p2l_v2,test,38.95299999999992,39.352999999999916,1,1,0.0,1.0,1,1,0.0,1.0,1,1,0.0,1.0
06_healthy_low_turns_p2l_v2:0116,06_healthy_low_turns_p2l_v2,test,39.15299999999992,39.55299999999992,1,1,0.0,1.0,1,1,0.0,1.0,1,1,0.0,1.0
06_healthy_low_turns_p2l_v2:0117,06_healthy_low_turns_p2l_v2,test,39.352999999999916,39.752999999999915,1,1,0.0,1.0,1,1,0.0,1.0,1,1,0.0,1.0
06_healthy_low_turns_p2l_v2:0118,06_healthy_low_turns_p2l_v2,test,39.55299999999991,39.95299999999991,1,1,0.0,1.0,1,1,0.0,1.0,1,1,0.0,1.0
06_healthy_low_turns_p2l_v2:0119,06_healthy_low_turns_p2l_v2,test,39.752999999999915,40.15299999999991,1,1,0.0,1.0,1,1,0.0,1.0,1,1,0.0,1.0
06_healthy_low_turns_p2l_v2:0120,06_healthy_low_turns_p2l_v2,test,39.95299999999992,40.352999999999916,1,1,0.0036880194810430746,0.996311980518957,1,1,0.0,1.0,1,1,0.0,1.0
06_healthy_low_turns_p2l_v2:0121,06_healthy_low_turns_p2l_v2,test,40.15299999999991,40.55299999999991,1,1,0.009902902451180282,0.9900970975488198,1,1,0.0,1.0,1,1,0.0,1.0
06_healthy_low_turns_p2l_v2:0122,06_healthy_low_turns_p2l_v2,test,40.35299999999991,40.75299999999991,1,1,0.0,1.0,1,1,0.0,1.0,1,1,0.0,1.0
06_healthy_low_turns_p2l_v2:0123,06_healthy_low_turns_p2l_v2,test,40.55299999999991,40.95299999999991,1,1,0.0,1.0,1,1,0.003689258307318383,0.9963107416926816,1,1,0.0,1.0
06_healthy_low_turns_p2l_v2:0124,06_healthy_low_turns_p2l_v2,test,40.752999999999915,41.15299999999991,1,1,0.0,1.0,1,1,0.0018178438661710038,0.998182156133829,1,1,0.0,1.0
06_healthy_low_turns_p2l_v2:0125,06_healthy_low_turns_p2l_v2,test,40.95299999999991,41.35299999999991,1,1,0.0,1.0,1,1,0.0,1.0,1,1,0.0,1.0
06_healthy_low_turns_p2l_v2:0126,06_healthy_low_turns_p2l_v2,test,41.152999999999906,41.552999999999905,1,1,0.0,1.0,1,1,0.0,1.0,1,1,0.0,1.0
06_healthy_low_turns_p2l_v2:0127,06_healthy_low_turns_p2l_v2,test,41.35299999999991,41.75299999999991,1,1,0.0,1.0,1,1,0.003689258307318383,0.9963107416926816,1,1,0.0,1.0
06_healthy_low_turns_p2l_v2:0128,06_healthy_low_turns_p2l_v2,test,41.55299999999991,41.95299999999991,1,1,0.0,1.0,1,1,0.0,1.0,1,1,0.0,1.0
06_healthy_low_turns_p2l_v2:0129,06_healthy_low_turns_p2l_v2,test,41.75299999999991,42.152999999999906,1,1,0.0,1.0,1,1,0.0,1.0,1,1,0.0,1.0
06_healthy_low_turns_p2l_v2:0130,06_healthy_low_turns_p2l_v2,test,41.9529999999999,42.3529999999999,1,1,0.0,1.0,1,1,0.0,1.0,1,1,0.0,1.0
06_healthy_low_turns_p2l_v2:0131,06_healthy_low_turns_p2l_v2,test,42.152999999999906,42.552999999999905,1,1,0.0,1.0,1,1,0.0,1.0,1,1,0.0,1.0
06_healthy_low_turns_p2l_v2:0132,06_healthy_low_turns_p2l_v2,test,42.35299999999991,42.75299999999991,1,1,0.0,1.0,1,1,0.0,1.0,1,1,0.0,1.0
06_healthy_low_turns_p2l_v2:0133,06_healthy_low_turns_p2l_v2,test,42.552999999999905,42.9529999999999,1,1,0.0019524262607040913,0.9980475737392959,1,1,0.0,1.0,1,1,0.0,1.0
07b_healthy_high_safe_zigzag_p2l_v2:0000,07b_healthy_high_safe_zigzag_p2l_v2,train,28.335,28.735,1,1,0.0,1.0,1,1,0.0,1.0,1,1,0.0,1.0
07b_healthy_high_safe_zigzag_p2l_v2:0001,07b_healthy_high_safe_zigzag_p2l_v2,train,28.535,28.935,1,1,0.0,1.0,1,1,0.0,1.0,1,1,0.0,1.0
07b_healthy_high_safe_zigzag_p2l_v2:0002,07b_healthy_high_safe_zigzag_p2l_v2,train,28.735,29.134999999999998,1,1,0.11642803877961992,0.8835719612203801,1,1,0.0018178438661710038,0.998182156133829,1,1,0.0,1.0
07b_healthy_high_safe_zigzag_p2l_v2:0003,07b_healthy_high_safe_zigzag_p2l_v2,train,28.935,29.334999999999997,1,1,0.08630050126310834,0.9136994987368914,1,1,0.0,1.0,1,1,0.0,1.0
07b_healthy_high_safe_zigzag_p2l_v2:0004,07b_healthy_high_safe_zigzag_p2l_v2,train,29.134999999999998,29.534999999999997,1,1,0.0,1.0,1,1,0.0,1.0,1,1,0.0,1.0
07b_healthy_high_safe_zigzag_p2l_v2:0005,07b_healthy_high_safe_zigzag_p2l_v2,train,29.334999999999997,29.734999999999996,1,1,0.0,1.0,1,1,0.0,1.0,1,1,0.0,1.0
07b_healthy_high_safe_zigzag_p2l_v2:0006,07b_healthy_high_safe_zigzag_p2l_v2,train,29.534999999999997,29.934999999999995,1,1,0.017605816064877863,0.9823941839351221,1,1,0.0,1.0,1,1,0.0,1.0
07b_healthy_high_safe_zigzag_p2l_v2:0007,07b_healthy_high_safe_zigzag_p2l_v2,train,29.734999999999996,30.134999999999994,1,1,0.013368229119843452,0.9866317708801566,1,1,0.0,1.0,1,1,0.0,1.0
07b_healthy_high_safe_zigzag_p2l_v2:0008,07b_healthy_high_safe_zigzag_p2l_v2,train,29.934999999999995,30.334999999999994,1,1,0.0,1.0,1,1,0.0,1.0,1,1,0.0,1.0
07b_healthy_high_safe_zigzag_p2l_v2:0009,07b_healthy_high_safe_zigzag_p2l_v2,train,30.134999999999994,30.534999999999993,1,1,0.0,1.0,1,1,0.0,1.0,1,1,0.0,1.0
07b_healthy_high_safe_zigzag_p2l_v2:0010,07b_healthy_high_safe_zigzag_p2l_v2,train,30.334999999999994,30.734999999999992,1,1,0.0,1.0,1,1,0.0,1.0,1,1,0.0,1.0
07b_healthy_high_safe_zigzag_p2l_v2:0011,07b_healthy_high_safe_zigzag_p2l_v2,train,30.534999999999993,30.93499999999999,0,0,0.739699055782366,0.2603009442176336,0,0,0.7570734251996951,0.24292657480030536,1,1,0.0,1.0
07b_healthy_high_safe_zigzag_p2l_v2:0012,07b_healthy_high_safe_zigzag_p2l_v2,train,30.734999999999992,31.13499999999999,0,0,0.9162660809330616,0.08373391906693814,0,0,0.9693848361982419,0.03061516380175814,1,1,0.0,1.0
07b_healthy_high_safe_zigzag_p2l_v2:0013,07b_healthy_high_safe_zigzag_p2l_v2,train,30.93499999999999,31.33499999999999,1,1,0.297632946734153,0.7023670532658473,0,0,0.9562206050000883,0.043779394999911694,1,1,0.002,0.998
07b_healthy_high_safe_zigzag_p2l_v2:0014,07b_healthy_high_safe_zigzag_p2l_v2,train,31.13499999999999,31.53499999999999,1,1,0.0,1.0,1,1,0.0,1.0,1,1,0.0,1.0
07b_healthy_high_safe_zigzag_p2l_v2:0015,07b_healthy_high_safe_zigzag_p2l_v2,train,31.33499999999999,31.73499999999999,1,1,0.0,1.0,1,1,0.0,1.0,1,1,0.0,1.0
07b_healthy_high_safe_zigzag_p2l_v2:0016,07b_healthy_high_safe_zigzag_p2l_v2,train,31.53499999999999,31.934999999999988,1,1,0.0019144981412639406,0.998085501858736,1,1,0.0016660988074957413,0.9983339011925043,1,1,0.0,1.0
07b_healthy_high_safe_zigzag_p2l_v2:0017,07b_healthy_high_safe_zigzag_p2l_v2,train,31.73499999999999,32.13499999999999,1,1,0.0,1.0,1,1,0.014794435750889713,0.9852055642491103,1,1,0.0,1.0
07b_healthy_high_safe_zigzag_p2l_v2:0018,07b_healthy_high_safe_zigzag_p2l_v2,train,31.934999999999988,32.33499999999999,1,1,0.0,1.0,1,1,0.005237918215613383,0.9947620817843866,1,1,0.0,1.0
07b_healthy_high_safe_zigzag_p2l_v2:0019,07b_healthy_high_safe_zigzag_p2l_v2,train,32.13499999999999,32.53499999999999,1,1,0.0037324414715719065,0.9962675585284281,1,1,0.0175240039944859,0.982475996005514,1,1,0.0,1.0
07b_healthy_high_safe_zigzag_p2l_v2:0020,07b_healthy_high_safe_zigzag_p2l_v2,train,32.33499999999999,32.734999999999985,1,1,0.013209890139810838,0.986790109860189,1,1,0.007059479553903345,0.9929405204460966,1,1,0.0,1.0
07b_healthy_high_safe_zigzag_p2l_v2:0021,07b_healthy_high_safe_zigzag_p2l_v2,train,32.53499999999998,32.93499999999998,0,0,0.8574917759149199,0.14250822408508004,0,0,0.9665474209888272,0.03345257901117283,1,1,0.017724625233180788,0.9822753747668193
07b_healthy_high_safe_zigzag_p2l_v2:0022,07b_healthy_high_safe_zigzag_p2l_v2,train,32.734999999999985,33.134999999999984,0,0,0.7488028015987751,0.2511971984012253,0,0,0.8846208133091268,0.11537918669087341,1,1,0.007940520446096654,0.9920594795539034
07b_healthy_high_safe_zigzag_p2l_v2:0023,07b_healthy_high_safe_zigzag_p2l_v2,train,32.93499999999999,33.33499999999999,1,1,0.0019144981412639406,0.998085501858736,1,1,0.0,1.0,1,1,0.0,1.0
07b_healthy_high_safe_zigzag_p2l_v2:0024,07b_healthy_high_safe_zigzag_p2l_v2,train,33.134999999999984,33.53499999999998,1,1,0.0,1.0,1,1,0.0,1.0,1,1,0.0,1.0
07b_healthy_high_safe_zigzag_p2l_v2:0025,07b_healthy_high_safe_zigzag_p2l_v2,train,33.33499999999998,33.73499999999998,1,1,0.0,1.0,1,1,0.0,1.0,1,1,0.0,1.0
07b_healthy_high_safe_zigzag_p2l_v2:0026,07b_healthy_high_safe_zigzag_p2l_v2,train,33.53499999999998,33.93499999999998,1,1,0.0,1.0,1,1,0.0,1.0,1,1,0.0,1.0
07b_healthy_high_safe_zigzag_p2l_v2:0027,07b_healthy_high_safe_zigzag_p2l_v2,train,33.734999999999985,34.134999999999984,1,1,0.0,1.0,1,1,0.0,1.0,1,1,0.0,1.0
07b_healthy_high_safe_zigzag_p2l_v2:0028,07b_healthy_high_safe_zigzag_p2l_v2,train,33.93499999999998,34.33499999999998,1,1,0.0,1.0,1,1,0.0,1.0,1,1,0.001962825278810409,0.9980371747211896
07b_healthy_high_safe_zigzag_p2l_v2:0029,07b_healthy_high_safe_zigzag_p2l_v2,train,34.13499999999998,34.534999999999975,0,0,0.9785548744820047,0.021445125517995475,0,0,0.9826070205253794,0.01739297947462069,1,1,0.0,1.0
07b_healthy_high_safe_zigzag_p2l_v2:0030,07b_healthy_high_safe_zigzag_p2l_v2,train,34.33499999999998,34.73499999999998,0,0,0.9243967394799812,0.07560326052001855,0,0,0.9922862721585339,0.007713727841466074,1,1,0.002,0.998
07b_healthy_high_safe_zigzag_p2l_v2:0031,07b_healthy_high_safe_zigzag_p2l_v2,train,34.53499999999998,34.93499999999998,1,1,0.011209890139810838,0.988790109860189,1,1,0.0,1.0,1,1,0.0,1.0
07b_healthy_high_safe_zigzag_p2l_v2:0032,07b_healthy_high_safe_zigzag_p2l_v2,train,34.73499999999998,35.13499999999998,1,1,0.009287957054308979,0.9907120429456909,1,1,0.0033965116785912215,0.9966034883214088,1,1,0.0,1.0
07b_healthy_high_safe_zigzag_p2l_v2:0033,07b_healthy_high_safe_zigzag_p2l_v2,train,34.934999999999974,35.33499999999997,1,1,0.0,1.0,1,1,0.0016046901172529313,0.998395309882747,1,1,0.0,1.0
07b_healthy_high_safe_zigzag_p2l_v2:0034,07b_healthy_high_safe_zigzag_p2l_v2,train,35.13499999999998,35.534999999999975,1,1,0.0,1.0,1,1,0.0,1.0,1,1,0.0,1.0
07b_healthy_high_safe_zigzag_p2l_v2:0035,07b_healthy_high_safe_zigzag_p2l_v2,train,35.33499999999998,35.73499999999998,1,1,0.0,1.0,1,1,0.0,1.0,1,1,0.0,1.0
07b_healthy_high_safe_zigzag_p2l_v2:0036,07b_healthy_high_safe_zigzag_p2l_v2,train,35.534999999999975,35.934999999999974,1,1,0.0,1.0,1,1,0.0,1.0,1,1,0.0,1.0
07b_healthy_high_safe_zigzag_p2l_v2:0037,07b_healthy_high_safe_zigzag_p2l_v2,train,35.73499999999997,36.13499999999997,1,1,0.0,1.0,1,1,0.0,1.0,1,1,0.0,1.0
07b_healthy_high_safe_zigzag_p2l_v2:0038,07b_healthy_high_safe_zigzag_p2l_v2,train,35.934999999999974,36.33499999999997,1,1,0.0,1.0,1,1,0.0035458951271186445,0.9964541048728813,1,1,0.0,1.0
07b_healthy_high_safe_zigzag_p2l_v2:0039,07b_healthy_high_safe_zigzag_p2l_v2,train,36.13499999999998,36.534999999999975,1,1,0.0,1.0,1,1,0.0,1.0,1,1,0.0,1.0
07b_healthy_high_safe_zigzag_p2l_v2:0040,07b_healthy_high_safe_zigzag_p2l_v2,train,36.33499999999997,36.73499999999997,1,1,0.0,1.0,1,1,0.0,1.0,1,1,0.0,1.0
07b_healthy_high_safe_zigzag_p2l_v2:0041,07b_healthy_high_safe_zigzag_p2l_v2,train,36.53499999999997,36.93499999999997,1,1,0.0,1.0,1,1,0.0017397769516728622,0.9982602230483272,1,1,0.0,1.0
07b_healthy_high_safe_zigzag_p2l_v2:0042,07b_healthy_high_safe_zigzag_p2l_v2,train,36.73499999999997,37.13499999999997,1,1,0.0,1.0,1,1,0.0,1.0,1,1,0.0,1.0
07b_healthy_high_safe_zigzag_p2l_v2:0043,07b_healthy_high_safe_zigzag_p2l_v2,train,36.934999999999974,37.33499999999997,1,1,0.0,1.0,1,1,0.0,1.0,1,1,0.0,1.0
07b_healthy_high_safe_zigzag_p2l_v2:0044,07b_healthy_high_safe_zigzag_p2l_v2,train,37.13499999999997,37.53499999999997,1,1,0.0,1.0,1,1,0.001762081784386617,0.9982379182156134,1,1,0.0,1.0
07b_healthy_high_safe_zigzag_p2l_v2:0045,07b_healthy_high_safe_zigzag_p2l_v2,train,37.334999999999965,37.734999999999964,1,1,0.0,1.0,1,1,0.024743725140435095,0.975256274859565,1,1,0.0,1.0
07b_healthy_high_safe_zigzag_p2l_v2:0046,07b_healthy_high_safe_zigzag_p2l_v2,train,37.53499999999997,37.93499999999997,1,1,0.0,1.0,1,1,0.024398411067754,0.9756015889322461,1,1,0.0,1.0
07b_healthy_high_safe_zigzag_p2l_v2:0047,07b_healthy_high_safe_zigzag_p2l_v2,train,37.73499999999997,38.13499999999997,1,1,0.0,1.0,1,1,0.0034690727851909085,0.9965309272148092,1,1,0.0,1.0
07b_healthy_high_safe_zigzag_p2l_v2:0048,07b_healthy_high_safe_zigzag_p2l_v2,train,37.93499999999997,38.334999999999965,0,0,0.911401122091108,0.08859887790889212,0,0,0.9853197060772508,0.01468029392274929,1,1,0.0,1.0
07b_healthy_high_safe_zigzag_p2l_v2:0049,07b_healthy_high_safe_zigzag_p2l_v2,train,38.13499999999996,38.53499999999996,0,0,0.9504939448293308,0.04950605517066961,0,0,0.9817486899598217,0.01825131004017828,1,1,0.015828714452511643,0.9841712855474885
07b_healthy_high_safe_zigzag_p2l_v2:0050,07b_healthy_high_safe_zigzag_p2l_v2,train,38.334999999999965,38.734999999999964,1,1,0.0,1.0,1,1,0.0,1.0,1,1,0.0,1.0
07b_healthy_high_safe_zigzag_p2l_v2:0051,07b_healthy_high_safe_zigzag_p2l_v2,train,38.53499999999997,38.93499999999997,1,1,0.0,1.0,1,1,0.0,1.0,1,1,0.0,1.0
07b_healthy_high_safe_zigzag_p2l_v2:0052,07b_healthy_high_safe_zigzag_p2l_v2,train,38.734999999999964,39.13499999999996,1,1,0.0,1.0,1,1,0.0,1.0,1,1,0.0,1.0
07b_healthy_high_safe_zigzag_p2l_v2:0053,07b_healthy_high_safe_zigzag_p2l_v2,train,38.93499999999996,39.33499999999996,1,1,0.0,1.0,1,1,0.0,1.0,1,1,0.0,1.0
07b_healthy_high_safe_zigzag_p2l_v2:0054,07b_healthy_high_safe_zigzag_p2l_v2,train,39.13499999999996,39.53499999999996,1,1,0.00935430582909836,0.9906456941709018,1,1,0.11621461067664532,0.8837853893233545,1,1,0.015589475232570742,0.9844105247674294
07b_healthy_high_safe_zigzag_p2l_v2:0055,07b_healthy_high_safe_zigzag_p2l_v2,train,39.334999999999965,39.734999999999964,0,0,0.9217389118536362,0.07826108814636389,0,0,0.990655417099668,0.009344582900332018,1,1,0.002,0.998
07b_healthy_high_safe_zigzag_p2l_v2:0056,07b_healthy_high_safe_zigzag_p2l_v2,train,39.53499999999996,39.93499999999996,1,0,0.5410430614718407,0.4589569385281594,0,0,0.9602526317075774,0.03974736829242243,1,1,0.0,1.0
07b_healthy_high_safe_zigzag_p2l_v2:0057,07b_healthy_high_safe_zigzag_p2l_v2,train,39.73499999999996,40.134999999999955,1,1,0.0,1.0,1,1,0.0,1.0,1,1,0.0,1.0
07b_healthy_high_safe_zigzag_p2l_v2:0058,07b_healthy_high_safe_zigzag_p2l_v2,train,39.93499999999996,40.33499999999996,1,1,0.0,1.0,1,1,0.0,1.0,1,1,0.0,1.0
07b_healthy_high_safe_zigzag_p2l_v2:0059,07b_healthy_high_safe_zigzag_p2l_v2,train,40.13499999999996,40.53499999999996,1,1,0.0,1.0,1,1,0.0,1.0,1,1,0.0,1.0
07b_healthy_high_safe_zigzag_p2l_v2:0060,07b_healthy_high_safe_zigzag_p2l_v2,train,40.33499999999996,40.73499999999996,1,1,0.0,1.0,1,1,0.0,1.0,1,1,0.0,1.0
07b_healthy_high_safe_zigzag_p2l_v2:0061,07b_healthy_high_safe_zigzag_p2l_v2,train,40.534999999999954,40.93499999999995,1,1,0.0,1.0,1,1,0.0,1.0,1,1,0.0,1.0
07b_healthy_high_safe_zigzag_p2l_v2:0062,07b_healthy_high_safe_zigzag_p2l_v2,train,40.73499999999996,41.134999999999955,1,1,0.0,1.0,1,1,0.0,1.0,1,1,0.0,1.0
07b_healthy_high_safe_zigzag_p2l_v2:0063,07b_healthy_high_safe_zigzag_p2l_v2,train,40.93499999999996,41.33499999999996,1,1,0.0,1.0,1,1,0.0,1.0,1,1,0.0,1.0
07b_healthy_high_safe_zigzag_p2l_v2:0064,07b_healthy_high_safe_zigzag_p2l_v2,train,41.134999999999955,41.534999999999954,0,0,0.9487028955370679,0.05129710446293208,0,0,0.8865893363855443,0.11341066361445572,1,1,0.06,0.94
07b_healthy_high_safe_zigzag_p2l_v2:0065,07b_healthy_high_safe_zigzag_p2l_v2,train,41.33499999999995,41.73499999999995,0,0,0.9620952687648799,0.037904731235119914,0,0,0.8964775813831951,0.10352241861680528,1,1,0.01,0.99
07b_healthy_high_safe_zigzag_p2l_v2:0066,07b_healthy_high_safe_zigzag_p2l_v2,train,41.534999999999954,41.93499999999995,1,1,0.0,1.0,1,1,0.0,1.0,1,1,0.0,1.0
07b_healthy_high_safe_zigzag_p2l_v2:0067,07b_healthy_high_safe_zigzag_p2l_v2,train,41.73499999999996,42.134999999999955,1,1,0.0,1.0,1,1,0.0,1.0,1,1,0.0,1.0
07b_healthy_high_safe_zigzag_p2l_v2:0068,07b_healthy_high_safe_zigzag_p2l_v2,train,41.93499999999995,42.33499999999995,1,1,0.0,1.0,1,1,0.0,1.0,1,1,0.0,1.0
07b_healthy_high_safe_zigzag_p2l_v2:0069,07b_healthy_high_safe_zigzag_p2l_v2,train,42.13499999999995,42.53499999999995,1,1,0.0,1.0,1,1,0.0,1.0,1,1,0.0,1.0
07b_healthy_high_safe_zigzag_p2l_v2:0070,07b_healthy_high_safe_zigzag_p2l_v2,train,42.33499999999995,42.73499999999995,1,1,0.0,1.0,1,1,0.0,1.0,1,1,0.0,1.0
07b_healthy_high_safe_zigzag_p2l_v2:0071,07b_healthy_high_safe_zigzag_p2l_v2,train,42.534999999999954,42.93499999999995,1,1,0.0,1.0,1,1,0.0,1.0,1,1,0.0,1.0
07b_healthy_high_safe_zigzag_p2l_v2:0072,07b_healthy_high_safe_zigzag_p2l_v2,train,42.73499999999995,43.13499999999995,1,1,0.0,1.0,1,1,0.0,1.0,1,1,0.0,1.0
07b_healthy_high_safe_zigzag_p2l_v2:0073,07b_healthy_high_safe_zigzag_p2l_v2,train,42.934999999999945,43.334999999999944,1,1,0.0,1.0,1,1,0.0,1.0,1,1,0.0,1.0
07b_healthy_high_safe_zigzag_p2l_v2:0074,07b_healthy_high_safe_zigzag_p2l_v2,train,43.13499999999995,43.53499999999995,1,1,0.0,1.0,1,1,0.0,1.0,1,1,0.0,1.0
08_low_friction_mild_mu_0p20_p2l_v2:0000,08_low_friction_mild_mu_0p20_p2l_v2,train,11.95,12.35,1,1,0.0,1.0,1,1,0.0,1.0,1,1,0.0,1.0
08_low_friction_mild_mu_0p20_p2l_v2:0001,08_low_friction_mild_mu_0p20_p2l_v2,train,12.149999999999999,12.549999999999999,1,1,0.0,1.0,1,1,0.0,1.0,1,1,0.0,1.0
08_low_friction_mild_mu_0p20_p2l_v2:0002,08_low_friction_mild_mu_0p20_p2l_v2,train,12.349999999999998,12.749999999999998,1,1,0.0,1.0,1,1,0.0,1.0,1,1,0.0,1.0
08_low_friction_mild_mu_0p20_p2l_v2:0003,08_low_friction_mild_mu_0p20_p2l_v2,train,12.549999999999997,12.949999999999998,1,1,0.0,1.0,1,1,0.0,1.0,1,1,0.0,1.0
08_low_friction_mild_mu_0p20_p2l_v2:0004,08_low_friction_mild_mu_0p20_p2l_v2,train,12.749999999999996,13.149999999999997,1,1,0.0,1.0,1,1,0.0,1.0,1,1,0.0,1.0
08_low_friction_mild_mu_0p20_p2l_v2:0005,08_low_friction_mild_mu_0p20_p2l_v2,train,12.949999999999996,13.349999999999996,1,1,0.0,1.0,1,1,0.0,1.0,1,1,0.0,1.0
08_low_friction_mild_mu_0p20_p2l_v2:0006,08_low_friction_mild_mu_0p20_p2l_v2,train,13.149999999999995,13.549999999999995,1,1,0.0,1.0,1,1,0.0,1.0,1,1,0.0,1.0
08_low_friction_mild_mu_0p20_p2l_v2:0007,08_low_friction_mild_mu_0p20_p2l_v2,train,13.349999999999994,13.749999999999995,1,1,0.0,1.0,1,1,0.0,1.0,1,1,0.0,1.0
08_low_friction_mild_mu_0p20_p2l_v2:0008,08_low_friction_mild_mu_0p20_p2l_v2,train,13.549999999999994,13.949999999999994,1,1,0.0,1.0,1,1,0.0,1.0,1,1,0.0,1.0
08_low_friction_mild_mu_0p20_p2l_v2:0009,08_low_friction_mild_mu_0p20_p2l_v2,train,13.749999999999993,14.149999999999993,1,1,0.0,1.0,1,1,0.0,1.0,1,1,0.0,1.0
08_low_friction_mild_mu_0p20_p2l_v2:0010,08_low_friction_mild_mu_0p20_p2l_v2,train,13.949999999999992,14.349999999999993,1,1,0.0,1.0,1,1,0.0,1.0,1,1,0.0,1.0
08_low_friction_mild_mu_0p20_p2l_v2:0011,08_low_friction_mild_mu_0p20_p2l_v2,train,14.149999999999991,14.549999999999992,1,1,0.0,1.0,1,1,0.0,1.0,1,1,0.0,1.0
08_low_friction_mild_mu_0p20_p2l_v2:0012,08_low_friction_mild_mu_0p20_p2l_v2,train,14.34999999999999,14.749999999999991,1,1,0.0,1.0,1,1,0.0,1.0,1,1,0.0,1.0
08_low_friction_mild_mu_0p20_p2l_v2:0013,08_low_friction_mild_mu_0p20_p2l_v2,train,14.54999999999999,14.94999999999999,1,1,0.0,1.0,1,1,0.0,1.0,1,1,0.0,1.0
08_low_friction_mild_mu_0p20_p2l_v2:0014,08_low_friction_mild_mu_0p20_p2l_v2,train,14.74999999999999,15.14999999999999,1,1,0.0,1.0,1,1,0.0,1.0,1,1,0.0,1.0
08_low_friction_mild_mu_0p20_p2l_v2:0015,08_low_friction_mild_mu_0p20_p2l_v2,train,14.949999999999989,15.349999999999989,1,1,0.0,1.0,1,1,0.0,1.0,1,1,0.0,1.0
08_low_friction_mild_mu_0p20_p2l_v2:0016,08_low_friction_mild_mu_0p20_p2l_v2,train,15.149999999999988,15.549999999999988,1,1,0.0,1.0,1,1,0.0,1.0,1,1,0.0,1.0
08_low_friction_mild_mu_0p20_p2l_v2:0017,08_low_friction_mild_mu_0p20_p2l_v2,train,15.349999999999987,15.749999999999988,1,1,0.0,1.0,1,1,0.0,1.0,1,1,0.0,1.0
08_low_friction_mild_mu_0p20_p2l_v2:0018,08_low_friction_mild_mu_0p20_p2l_v2,train,15.549999999999986,15.949999999999987,1,1,0.0,1.0,1,1,0.0,1.0,1,1,0.0,1.0
08_low_friction_mild_mu_0p20_p2l_v2:0019,08_low_friction_mild_mu_0p20_p2l_v2,train,15.749999999999986,16.149999999999984,1,1,0.0,1.0,1,1,0.0,1.0,1,1,0.0,1.0
08_low_friction_mild_mu_0p20_p2l_v2:0020,08_low_friction_mild_mu_0p20_p2l_v2,train,15.949999999999985,16.349999999999984,1,1,0.0,1.0,1,1,0.0,1.0,1,1,0.0,1.0
08_low_friction_mild_mu_0p20_p2l_v2:0021,08_low_friction_mild_mu_0p20_p2l_v2,train,16.149999999999984,16.549999999999983,1,1,0.0,1.0,1,1,0.0,1.0,1,1,0.0,1.0
08_low_friction_mild_mu_0p20_p2l_v2:0022,08_low_friction_mild_mu_0p20_p2l_v2,train,16.349999999999984,16.749999999999982,1,1,0.0,1.0,1,1,0.0,1.0,1,1,0.0,1.0
08_low_friction_mild_mu_0p20_p2l_v2:0023,08_low_friction_mild_mu_0p20_p2l_v2,train,16.549999999999983,16.94999999999998,1,1,0.0018773234200743496,0.9981226765799256,1,1,0.0,1.0,1,1,0.0,1.0
08_low_friction_mild_mu_0p20_p2l_v2:0024,08_low_friction_mild_mu_0p20_p2l_v2,train,16.749999999999982,17.14999999999998,1,1,0.0,1.0,1,1,0.0018178438661710038,0.998182156133829,1,1,0.0,1.0
08_low_friction_mild_mu_0p20_p2l_v2:0025,08_low_friction_mild_mu_0p20_p2l_v2,train,16.94999999999998,17.34999999999998,1,1,0.0,1.0,1,1,0.0,1.0,1,1,0.0,1.0
08_low_friction_mild_mu_0p20_p2l_v2:0026,08_low_friction_mild_mu_0p20_p2l_v2,train,17.14999999999998,17.54999999999998,1,1,0.005414370832394426,0.9945856291676056,0,0,0.9063303922516355,0.09366960774836476,1,1,0.0,1.0
08_low_friction_mild_mu_0p20_p2l_v2:0027,08_low_friction_mild_mu_0p20_p2l_v2,train,17.34999999999998,17.74999999999998,1,1,0.01666273303664208,0.9833372669633578,0,0,0.9862106398655711,0.013789360134428781,1,1,0.0,1.0
08_low_friction_mild_mu_0p20_p2l_v2:0028,08_low_friction_mild_mu_0p20_p2l_v2,train,17.54999999999998,17.949999999999978,1,1,0.0,1.0,1,1,0.3508385208869871,0.6491614791130128,1,1,0.0,1.0
08_low_friction_mild_mu_0p20_p2l_v2:0029,08_low_friction_mild_mu_0p20_p2l_v2,train,17.74999999999998,18.149999999999977,1,1,0.0,1.0,1,1,0.0,1.0,1,1,0.0,1.0
08_low_friction_mild_mu_0p20_p2l_v2:0030,08_low_friction_mild_mu_0p20_p2l_v2,train,17.949999999999978,18.349999999999977,1,1,0.0,1.0,1,1,0.0,1.0,1,1,0.0,1.0
08_low_friction_mild_mu_0p20_p2l_v2:0031,08_low_friction_mild_mu_0p20_p2l_v2,train,18.149999999999977,18.549999999999976,1,1,0.0,1.0,1,0,0.5185616182692891,0.48143838173071096,1,1,0.025589434298400084,0.9744105657015999
08_low_friction_mild_mu_0p20_p2l_v2:0032,08_low_friction_mild_mu_0p20_p2l_v2,train,18.349999999999977,18.749999999999975,1,1,0.0056846056208010665,0.9943153943791989,0,0,0.9832090511101604,0.016790948889839733,1,1,0.039379691696991376,0.9606203083030086
08_low_friction_mild_mu_0p20_p2l_v2:0033,08_low_friction_mild_mu_0p20_p2l_v2,train,18.549999999999976,18.949999999999974,1,1,0.004,0.996,0,0,0.9687947080139973,0.03120529198600261,1,1,0.01183466035822913,0.9881653396417709
08_low_friction_mild_mu_0p20_p2l_v2:0034,08_low_friction_mild_mu_0p20_p2l_v2,train,18.749999999999975,19.149999999999974,1,1,0.0,1.0,1,1,0.003594795539033457,0.9964052044609665,1,1,0.0,1.0
08_low_friction_mild_mu_0p20_p2l_v2:0035,08_low_friction_mild_mu_0p20_p2l_v2,train,18.949999999999974,19.349999999999973,1,1,0.0,1.0,1,1,0.002,0.998,1,1,0.0,1.0
08_low_friction_mild_mu_0p20_p2l_v2:0036,08_low_friction_mild_mu_0p20_p2l_v2,train,19.149999999999974,19.549999999999972,1,1,0.0,1.0,1,1,0.0,1.0,1,1,0.0,1.0
08_low_friction_mild_mu_0p20_p2l_v2:0037,08_low_friction_mild_mu_0p20_p2l_v2,train,19.349999999999973,19.74999999999997,0,0,0.9917331787545439,0.008266821245455781,0,0,0.9820453240114358,0.017954675988564053,1,1,0.0,1.0
08_low_friction_mild_mu_0p20_p2l_v2:0038,08_low_friction_mild_mu_0p20_p2l_v2,train,19.549999999999972,19.94999999999997,0,0,0.9597977650070904,0.04020223499290962,0,0,0.935270921140412,0.06472907885958797,1,1,0.0,1.0
08_low_friction_mild_mu_0p20_p2l_v2:0039,08_low_friction_mild_mu_0p20_p2l_v2,train,19.74999999999997,20.14999999999997,1,1,0.0,1.0,1,1,0.0,1.0,1,1,0.0,1.0
08_low_friction_mild_mu_0p20_p2l_v2:0040,08_low_friction_mild_mu_0p20_p2l_v2,train,19.94999999999997,20.34999999999997,1,1,0.0,1.0,1,1,0.0,1.0,1,1,0.0,1.0
08_low_friction_mild_mu_0p20_p2l_v2:0041,08_low_friction_mild_mu_0p20_p2l_v2,train,20.14999999999997,20.54999999999997,0,0,0.7937206527092944,0.2062793472907055,1,1,0.0018798029556650246,0.998120197044335,1,1,0.0,1.0
08_low_friction_mild_mu_0p20_p2l_v2:0042,08_low_friction_mild_mu_0p20_p2l_v2,train,20.34999999999997,20.749999999999968,0,0,0.9573572278289703,0.042642772171029825,1,1,0.0017881040892193307,0.9982118959107806,1,1,0.0,1.0
08_low_friction_mild_mu_0p20_p2l_v2:0043,08_low_friction_mild_mu_0p20_p2l_v2,train,20.54999999999997,20.949999999999967,0,0,0.908529025163823,0.09147097483617728,1,1,0.0017881040892193307,0.9982118959107806,1,1,0.0,1.0
08_low_friction_mild_mu_0p20_p2l_v2:0044,08_low_friction_mild_mu_0p20_p2l_v2,train,20.749999999999968,21.149999999999967,1,1,0.0,1.0,1,1,0.0,1.0,1,1,0.0,1.0
08_low_friction_mild_mu_0p20_p2l_v2:0045,08_low_friction_mild_mu_0p20_p2l_v2,train,20.949999999999967,21.349999999999966,1,1,0.0,1.0,1,1,0.0,1.0,1,1,0.0,1.0
08_low_friction_mild_mu_0p20_p2l_v2:0046,08_low_friction_mild_mu_0p20_p2l_v2,train,21.149999999999967,21.549999999999965,1,1,0.0,1.0,1,1,0.0,1.0,1,1,0.0,1.0
08_low_friction_mild_mu_0p20_p2l_v2:0047,08_low_friction_mild_mu_0p20_p2l_v2,train,21.349999999999966,21.749999999999964,1,1,0.0,1.0,1,1,0.0,1.0,1,1,0.0,1.0
08_low_friction_mild_mu_0p20_p2l_v2:0048,08_low_friction_mild_mu_0p20_p2l_v2,train,21.549999999999965,21.949999999999964,1,1,0.0,1.0,1,1,0.0,1.0,1,1,0.0,1.0
08_low_friction_mild_mu_0p20_p2l_v2:0049,08_low_friction_mild_mu_0p20_p2l_v2,train,21.749999999999964,22.149999999999963,1,1,0.0,1.0,1,1,0.0,1.0,1,1,0.0,1.0
08_low_friction_mild_mu_0p20_p2l_v2:0050,08_low_friction_mild_mu_0p20_p2l_v2,train,21.949999999999964,22.349999999999962,1,1,0.0,1.0,1,1,0.0015866666666666663,0.9984133333333334,1,1,0.0,1.0
08_low_friction_mild_mu_0p20_p2l_v2:0051,08_low_friction_mild_mu_0p20_p2l_v2,train,22.149999999999963,22.54999999999996,1,1,0.0,1.0,1,1,0.0,1.0,1,1,0.0,1.0
08_low_friction_mild_mu_0p20_p2l_v2:0052,08_low_friction_mild_mu_0p20_p2l_v2,train,22.349999999999962,22.74999999999996,1,1,0.0,1.0,1,1,0.0,1.0,1,1,0.0,1.0
08_low_friction_mild_mu_0p20_p2l_v2:0053,08_low_friction_mild_mu_0p20_p2l_v2,train,22.54999999999996,22.94999999999996,1,1,0.0019479553903345725,0.9980520446096655,1,1,0.0,1.0,1,1,0.0,1.0
08_low_friction_mild_mu_0p20_p2l_v2:0054,08_low_friction_mild_mu_0p20_p2l_v2,train,22.74999999999996,23.14999999999996,1,1,0.0,1.0,1,1,0.0,1.0,1,1,0.0,1.0
08_low_friction_mild_mu_0p20_p2l_v2:0055,08_low_friction_mild_mu_0p20_p2l_v2,train,22.94999999999996,23.34999999999996,1,1,0.0,1.0,1,1,0.0,1.0,1,1,0.0,1.0
08_low_friction_mild_mu_0p20_p2l_v2:0056,08_low_friction_mild_mu_0p20_p2l_v2,train,23.14999999999996,23.549999999999958,1,1,0.0,1.0,1,1,0.0,1.0,1,1,0.0,1.0
08_low_friction_mild_mu_0p20_p2l_v2:0057,08_low_friction_mild_mu_0p20_p2l_v2,train,23.34999999999996,23.749999999999957,1,1,0.0,1.0,1,1,0.0,1.0,1,1,0.0,1.0
08_low_friction_mild_mu_0p20_p2l_v2:0058,08_low_friction_mild_mu_0p20_p2l_v2,train,23.549999999999958,23.949999999999957,1,1,0.0,1.0,1,1,0.0,1.0,1,1,0.0,1.0
08_low_friction_mild_mu_0p20_p2l_v2:0059,08_low_friction_mild_mu_0p20_p2l_v2,train,23.749999999999957,24.149999999999956,1,1,0.0,1.0,1,1,0.0,1.0,1,1,0.0,1.0
08_low_friction_mild_mu_0p20_p2l_v2:0060,08_low_friction_mild_mu_0p20_p2l_v2,train,23.949999999999957,24.349999999999955,1,1,0.0,1.0,1,1,0.025394969800604048,0.9746050301993958,1,1,0.0038315789473684215,0.9961684210526316
08_low_friction_mild_mu_0p20_p2l_v2:0061,08_low_friction_mild_mu_0p20_p2l_v2,train,24.149999999999956,24.549999999999955,1,1,0.0,1.0,1,1,0.3013627838176201,0.69863721618238,1,1,0.0017941680960548885,0.9982058319039452
08_low_friction_mild_mu_0p20_p2l_v2:0062,08_low_friction_mild_mu_0p20_p2l_v2,train,24.349999999999955,24.749999999999954,1,1,0.0019144981412639406,0.998085501858736,1,1,0.2487394920070136,0.7512605079929864,1,1,0.0,1.0
08_low_friction_mild_mu_0p20_p2l_v2:0063,08_low_friction_mild_mu_0p20_p2l_v2,train,24.549999999999955,24.949999999999953,1,1,0.0,1.0,1,1,0.0,1.0,1,1,0.0,1.0
08_low_friction_mild_mu_0p20_p2l_v2:0064,08_low_friction_mild_mu_0p20_p2l_v2,train,24.749999999999954,25.149999999999952,1,1,0.0,1.0,1,1,0.0019424533064109036,0.998057546693589,1,1,0.0,1.0
08_low_friction_mild_mu_0p20_p2l_v2:0065,08_low_friction_mild_mu_0p20_p2l_v2,train,24.949999999999953,25.34999999999995,1,1,0.0,1.0,1,1,0.0,1.0,1,1,0.0,1.0
08_low_friction_mild_mu_0p20_p2l_v2:0066,08_low_friction_mild_mu_0p20_p2l_v2,train,25.149999999999952,25.54999999999995,1,1,0.0,1.0,1,1,0.007568773234200744,0.9924312267657992,1,1,0.0,1.0
08_low_friction_mild_mu_0p20_p2l_v2:0067,08_low_friction_mild_mu_0p20_p2l_v2,train,25.34999999999995,25.74999999999995,1,1,0.0,1.0,1,1,0.0,1.0,1,1,0.0,1.0
08_low_friction_mild_mu_0p20_p2l_v2:0068,08_low_friction_mild_mu_0p20_p2l_v2,train,25.54999999999995,25.94999999999995,1,1,0.0,1.0,1,1,0.0,1.0,1,1,0.0,1.0
08_low_friction_mild_mu_0p20_p2l_v2:0069,08_low_friction_mild_mu_0p20_p2l_v2,train,25.74999999999995,26.14999999999995,1,1,0.0,1.0,1,1,0.0,1.0,1,1,0.0,1.0
08_low_friction_mild_mu_0p20_p2l_v2:0070,08_low_friction_mild_mu_0p20_p2l_v2,train,25.94999999999995,26.349999999999948,1,1,0.0,1.0,0,0,0.9578492809320275,0.042150719067972575,0,0,0.9916690958244452,0.008330904175554788
08_low_friction_mild_mu_0p20_p2l_v2:0071,08_low_friction_mild_mu_0p20_p2l_v2,train,26.14999999999995,26.549999999999947,1,1,0.0,1.0,0,0,0.9139088281266854,0.08609117187331462,0,0,0.9518508330881763,0.04814916691182371
08_low_friction_mild_mu_0p20_p2l_v2:0072,08_low_friction_mild_mu_0p20_p2l_v2,train,26.349999999999948,26.749999999999947,1,1,0.0,1.0,1,1,0.001869306930693069,0.998130693069307,1,1,0.0,1.0
08_low_friction_mild_mu_0p20_p2l_v2:0073,08_low_friction_mild_mu_0p20_p2l_v2,train,26.549999999999947,26.949999999999946,1,1,0.0,1.0,1,1,0.0034559735973597357,0.9965440264026404,1,1,0.0,1.0
08_low_friction_mild_mu_0p20_p2l_v2:0074,08_low_friction_mild_mu_0p20_p2l_v2,train,26.749999999999947,27.149999999999945,1,1,0.0,1.0,1,1,0.0,1.0,1,1,0.0,1.0
08_low_friction_mild_mu_0p20_p2l_v2:0075,08_low_friction_mild_mu_0p20_p2l_v2,train,26.949999999999946,27.349999999999945,1,1,0.0,1.0,1,1,0.0,1.0,1,1,0.0,1.0
08_low_friction_mild_mu_0p20_p2l_v2:0076,08_low_friction_mild_mu_0p20_p2l_v2,train,27.149999999999945,27.549999999999944,1,1,0.0,1.0,1,1,0.0,1.0,1,1,0.0,1.0
08_low_friction_mild_mu_0p20_p2l_v2:0077,08_low_friction_mild_mu_0p20_p2l_v2,train,27.349999999999945,27.749999999999943,1,1,0.0,1.0,1,1,0.0,1.0,1,1,0.0,1.0
08_low_friction_mild_mu_0p20_p2l_v2:0078,08_low_friction_mild_mu_0p20_p2l_v2,train,27.549999999999944,27.949999999999942,1,1,0.0,1.0,1,1,0.0,1.0,1,1,0.0,1.0
08_low_friction_mild_mu_0p20_p2l_v2:0079,08_low_friction_mild_mu_0p20_p2l_v2,train,27.749999999999943,28.14999999999994,1,1,0.0,1.0,1,1,0.13377750829051369,0.8662224917094864,1,1,0.002,0.998
08_low_friction_mild_mu_0p20_p2l_v2:0080,08_low_friction_mild_mu_0p20_p2l_v2,train,27.949999999999942,28.34999999999994,1,1,0.001936802973977695,0.9980631970260223,1,1,0.13590593941017975,0.8640940605898202,1,1,0.0,1.0
09_low_friction_severe_mu_0p06_p2l_v2:0000,09_low_friction_severe_mu_0p06_p2l_v2,test,11.042,11.442,1,1,0.017478748102561933,0.982521251897438,1,1,0.0,1.0,1,1,0.0,1.0
09_low_friction_severe_mu_0p06_p2l_v2:0001,09_low_friction_severe_mu_0p06_p2l_v2,test,11.241999999999999,11.642,1,1,0.0,1.0,1,1,0.0,1.0,1,1,0.0,1.0
09_low_friction_severe_mu_0p06_p2l_v2:0002,09_low_friction_severe_mu_0p06_p2l_v2,test,11.441999999999998,11.841999999999999,1,1,0.0,1.0,1,1,0.0,1.0,1,1,0.0,1.0
09_low_friction_severe_mu_0p06_p2l_v2:0003,09_low_friction_severe_mu_0p06_p2l_v2,test,11.641999999999998,12.041999999999998,1,1,0.0,1.0,1,1,0.0,1.0,1,1,0.0,1.0
09_low_friction_severe_mu_0p06_p2l_v2:0004,09_low_friction_severe_mu_0p06_p2l_v2,test,11.841999999999997,12.241999999999997,1,1,0.0,1.0,1,1,0.0,1.0,1,1,0.0,1.0
09_low_friction_severe_mu_0p06_p2l_v2:0005,09_low_friction_severe_mu_0p06_p2l_v2,test,12.041999999999996,12.441999999999997,1,1,0.0,1.0,1,1,0.0,1.0,1,1,0.0,1.0
09_low_friction_severe_mu_0p06_p2l_v2:0006,09_low_friction_severe_mu_0p06_p2l_v2,test,12.241999999999996,12.641999999999996,1,1,0.0,1.0,1,1,0.0,1.0,1,1,0.0,1.0
09_low_friction_severe_mu_0p06_p2l_v2:0007,09_low_friction_severe_mu_0p06_p2l_v2,test,12.441999999999995,12.841999999999995,1,1,0.0,1.0,1,1,0.0017843866171003717,0.9982156133828997,1,1,0.0,1.0
09_low_friction_severe_mu_0p06_p2l_v2:0008,09_low_friction_severe_mu_0p06_p2l_v2,test,12.641999999999994,13.041999999999994,1,1,0.0,1.0,1,1,0.0,1.0,1,1,0.0,1.0
09_low_friction_severe_mu_0p06_p2l_v2:0009,09_low_friction_severe_mu_0p06_p2l_v2,test,12.841999999999993,13.241999999999994,1,1,0.0,1.0,1,1,0.0,1.0,1,1,0.0,1.0
09_low_friction_severe_mu_0p06_p2l_v2:0010,09_low_friction_severe_mu_0p06_p2l_v2,test,13.041999999999993,13.441999999999993,1,1,0.0,1.0,1,1,0.0,1.0,1,1,0.0,1.0
09_low_friction_severe_mu_0p06_p2l_v2:0011,09_low_friction_severe_mu_0p06_p2l_v2,test,13.241999999999992,13.641999999999992,1,1,0.0,1.0,1,1,0.0,1.0,1,1,0.0,1.0
09_low_friction_severe_mu_0p06_p2l_v2:0012,09_low_friction_severe_mu_0p06_p2l_v2,test,13.441999999999991,13.841999999999992,1,1,0.0,1.0,1,1,0.0,1.0,1,1,0.0,1.0
09_low_friction_severe_mu_0p06_p2l_v2:0013,09_low_friction_severe_mu_0p06_p2l_v2,test,13.64199999999999,14.041999999999991,1,1,0.0,1.0,1,1,0.0,1.0,1,1,0.0,1.0
09_low_friction_severe_mu_0p06_p2l_v2:0014,09_low_friction_severe_mu_0p06_p2l_v2,test,13.84199999999999,14.24199999999999,1,1,0.0,1.0,1,1,0.0,1.0,1,1,0.0,1.0
09_low_friction_severe_mu_0p06_p2l_v2:0015,09_low_friction_severe_mu_0p06_p2l_v2,test,14.04199999999999,14.44199999999999,1,1,0.0,1.0,1,1,0.0,1.0,1,1,0.0,1.0
09_low_friction_severe_mu_0p06_p2l_v2:0016,09_low_friction_severe_mu_0p06_p2l_v2,test,14.241999999999988,14.641999999999989,1,1,0.0,1.0,1,1,0.0,1.0,1,1,0.0,1.0
09_low_friction_severe_mu_0p06_p2l_v2:0017,09_low_friction_severe_mu_0p06_p2l_v2,test,14.441999999999988,14.841999999999988,1,1,0.0,1.0,1,1,0.0,1.0,1,1,0.0,1.0
09_low_friction_severe_mu_0p06_p2l_v2:0018,09_low_friction_severe_mu_0p06_p2l_v2,test,14.641999999999987,15.041999999999987,1,1,0.0,1.0,1,1,0.0,1.0,1,1,0.0,1.0
09_low_friction_severe_mu_0p06_p2l_v2:0019,09_low_friction_severe_mu_0p06_p2l_v2,test,14.841999999999986,15.241999999999987,1,1,0.0,1.0,1,1,0.0,1.0,1,1,0.0,1.0
09_low_friction_severe_mu_0p06_p2l_v2:0020,09_low_friction_severe_mu_0p06_p2l_v2,test,15.041999999999986,15.441999999999986,1,1,0.0,1.0,1,1,0.0,1.0,1,1,0.0,1.0
09_low_friction_severe_mu_0p06_p2l_v2:0021,09_low_friction_severe_mu_0p06_p2l_v2,test,15.241999999999985,15.641999999999985,1,1,0.0,1.0,1,1,0.0017843866171003717,0.9982156133828997,1,1,0.0,1.0
09_low_friction_severe_mu_0p06_p2l_v2:0022,09_low_friction_severe_mu_0p06_p2l_v2,test,15.441999999999984,15.841999999999985,1,1,0.0,1.0,1,1,0.0,1.0,1,1,0.0,1.0
09_low_friction_severe_mu_0p06_p2l_v2:0023,09_low_friction_severe_mu_0p06_p2l_v2,test,15.641999999999983,16.041999999999984,1,1,0.0,1.0,1,1,0.0,1.0,1,1,0.0,1.0
09_low_friction_severe_mu_0p06_p2l_v2:0024,09_low_friction_severe_mu_0p06_p2l_v2,test,15.841999999999983,16.241999999999983,1,1,0.0,1.0,1,1,0.0,1.0,1,1,0.0,1.0
09_low_friction_severe_mu_0p06_p2l_v2:0025,09_low_friction_severe_mu_0p06_p2l_v2,test,16.04199999999998,16.44199999999998,1,1,0.0,1.0,1,1,0.0,1.0,1,1,0.0,1.0
09_low_friction_severe_mu_0p06_p2l_v2:0026,09_low_friction_severe_mu_0p06_p2l_v2,test,16.241999999999983,16.64199999999998,1,1,0.0,1.0,1,1,0.0,1.0,1,1,0.0,1.0
09_low_friction_severe_mu_0p06_p2l_v2:0027,09_low_friction_severe_mu_0p06_p2l_v2,test,16.44199999999998,16.841999999999977,1,1,0.0,1.0,1,1,0.0,1.0,1,1,0.0,1.0
09_low_friction_severe_mu_0p06_p2l_v2:0028,09_low_friction_severe_mu_0p06_p2l_v2,test,16.64199999999998,17.04199999999998,1,1,0.05004822651381405,0.9499517734861861,1,1,0.0,1.0,1,1,0.0,1.0
09_low_friction_severe_mu_0p06_p2l_v2:0029,09_low_friction_severe_mu_0p06_p2l_v2,test,16.841999999999977,17.241999999999976,1,1,0.07431115192750841,0.9256888480724917,1,1,0.0015866666666666663,0.9984133333333334,1,1,0.0,1.0
09_low_friction_severe_mu_0p06_p2l_v2:0030,09_low_friction_severe_mu_0p06_p2l_v2,test,17.04199999999998,17.44199999999998,1,1,0.0018773234200743496,0.9981226765799256,1,1,0.0,1.0,1,1,0.0,1.0
09_low_friction_severe_mu_0p06_p2l_v2:0031,09_low_friction_severe_mu_0p06_p2l_v2,test,17.241999999999976,17.641999999999975,1,1,0.0,1.0,1,1,0.0,1.0,1,1,0.0,1.0
09_low_friction_severe_mu_0p06_p2l_v2:0032,09_low_friction_severe_mu_0p06_p2l_v2,test,17.44199999999998,17.841999999999977,1,1,0.0,1.0,1,1,0.0,1.0,1,1,0.0,1.0
09_low_friction_severe_mu_0p06_p2l_v2:0033,09_low_friction_severe_mu_0p06_p2l_v2,test,17.641999999999975,18.041999999999973,1,1,0.0,1.0,1,1,0.0,1.0,1,1,0.0,1.0
09_low_friction_severe_mu_0p06_p2l_v2:0034,09_low_friction_severe_mu_0p06_p2l_v2,test,17.841999999999977,18.241999999999976,1,1,0.0,1.0,1,1,0.0,1.0,1,1,0.0,1.0
09_low_friction_severe_mu_0p06_p2l_v2:0035,09_low_friction_severe_mu_0p06_p2l_v2,test,18.041999999999973,18.44199999999997,0,1,0.11203319875260477,0.8879668012473954,0,0,0.9408721805596651,0.05912781944033491,1,1,0.0,1.0
09_low_friction_severe_mu_0p06_p2l_v2:0036,09_low_friction_severe_mu_0p06_p2l_v2,test,18.241999999999976,18.641999999999975,0,1,0.09424886695650576,0.9057511330434942,0,0,0.9458953754582037,0.05410462454179632,1,1,0.0,1.0
09_low_friction_severe_mu_0p06_p2l_v2:0037,09_low_friction_severe_mu_0p06_p2l_v2,test,18.44199999999997,18.84199999999997,1,1,0.0,1.0,0,0,0.44506791584851835,0.5549320841514817,1,1,0.0,1.0
09_low_friction_severe_mu_0p06_p2l_v2:0038,09_low_friction_severe_mu_0p06_p2l_v2,test,18.641999999999975,19.041999999999973,1,1,0.0018773234200743496,0.9981226765799256,0,0,0.5264830708866427,0.4735169291133572,1,1,0.002,0.998
09_low_friction_severe_mu_0p06_p2l_v2:0039,09_low_friction_severe_mu_0p06_p2l_v2,test,18.84199999999997,19.24199999999997,1,1,0.07727068250636816,0.9227293174936319,0,0,0.4969743431967672,0.5030256568032327,1,1,0.0,1.0
09_low_friction_severe_mu_0p06_p2l_v2:0040,09_low_friction_severe_mu_0p06_p2l_v2,test,19.041999999999973,19.44199999999997,1,1,0.06915480034338552,0.9308451996566146,0,0,0.8270160877801723,0.17298391221982773,1,1,0.0019182156133828996,0.9980817843866171
09_low_friction_severe_mu_0p06_p2l_v2:0041,09_low_friction_severe_mu_0p06_p2l_v2,test,19.24199999999997,19.641999999999967,1,1,0.10723489129390576,0.8927651087060944,0,0,0.8210203408351745,0.17897965916482578,1,1,0.0019182156133828996,0.9980817843866171
09_low_friction_severe_mu_0p06_p2l_v2:0042,09_low_friction_severe_mu_0p06_p2l_v2,test,19.44199999999997,19.84199999999997,1,1,0.12073250169334886,0.8792674983066512,0,0,0.5221055568497202,0.47789444315027974,1,1,0.0,1.0
09_low_friction_severe_mu_0p06_p2l_v2:0043,09_low_friction_severe_mu_0p06_p2l_v2,test,19.641999999999967,20.041999999999966,1,1,0.11818447739105897,0.881815522608941,0,0,0.5210824972414332,0.4789175027585668,1,1,0.0,1.0
09_low_friction_severe_mu_0p06_p2l_v2:0044,09_low_friction_severe_mu_0p06_p2l_v2,test,19.84199999999997,20.24199999999997,1,1,0.06779121083114865,0.9322087891688513,0,0,0.5188727310247836,0.48112726897521646,1,1,0.0,1.0
09_low_friction_severe_mu_0p06_p2l_v2:0045,09_low_friction_severe_mu_0p06_p2l_v2,test,20.041999999999966,20.441999999999965,0,0,0.7560477341111204,0.24395226588887955,0,0,0.8788120853312169,0.12118791466878304,1,1,0.0,1.0
09_low_friction_severe_mu_0p06_p2l_v2:0046,09_low_friction_severe_mu_0p06_p2l_v2,test,20.24199999999997,20.641999999999967,0,0,0.8364037377451227,0.16359626225487708,0,0,0.9002977681096148,0.0997022318903852,1,1,0.0,1.0
09_low_friction_severe_mu_0p06_p2l_v2:0047,09_low_friction_severe_mu_0p06_p2l_v2,test,20.441999999999965,20.841999999999963,0,1,0.09945211802860392,0.9005478819713962,1,1,0.002,0.998,1,1,0.0,1.0
09_low_friction_severe_mu_0p06_p2l_v2:0048,09_low_friction_severe_mu_0p06_p2l_v2,test,20.641999999999967,21.041999999999966,1,1,0.0,1.0,1,1,0.0,1.0,1,1,0.0,1.0
09_low_friction_severe_mu_0p06_p2l_v2:0049,09_low_friction_severe_mu_0p06_p2l_v2,test,20.841999999999963,21.241999999999962,1,1,0.0,1.0,1,1,0.0,1.0,1,1,0.0,1.0
09_low_friction_severe_mu_0p06_p2l_v2:0050,09_low_friction_severe_mu_0p06_p2l_v2,test,21.041999999999966,21.441999999999965,0,1,0.3293066834497516,0.6706933165502482,1,1,0.005273161072145818,0.9947268389278542,1,1,0.0,1.0
09_low_friction_severe_mu_0p06_p2l_v2:0051,09_low_friction_severe_mu_0p06_p2l_v2,test,21.241999999999962,21.64199999999996,0,1,0.28748615610185296,0.7125138438981473,1,1,0.0015866666666666663,0.9984133333333334,1,1,0.001962825278810409,0.9980371747211896
09_low_friction_severe_mu_0p06_p2l_v2:0052,09_low_friction_severe_mu_0p06_p2l_v2,test,21.441999999999965,21.841999999999963,0,1,0.25742621387245207,0.7425737861275482,1,1,0.0015866666666666663,0.9984133333333334,1,1,0.0,1.0
09_low_friction_severe_mu_0p06_p2l_v2:0053,09_low_friction_severe_mu_0p06_p2l_v2,test,21.64199999999996,22.04199999999996,0,1,0.2115430521883477,0.7884569478116522,1,1,0.005206246574004553,0.9947937534259955,1,1,0.0,1.0
09_low_friction_severe_mu_0p06_p2l_v2:0054,09_low_friction_severe_mu_0p06_p2l_v2,test,21.841999999999963,22.241999999999962,0,1,0.23545757968056658,0.7645424203194335,1,1,0.005206246574004553,0.9947937534259955,1,1,0.0,1.0
09_low_friction_severe_mu_0p06_p2l_v2:0055,09_low_friction_severe_mu_0p06_p2l_v2,test,22.04199999999996,22.441999999999958,0,1,0.22370690301140755,0.7762930969885923,1,1,0.0015866666666666663,0.9984133333333334,1,1,0.0,1.0
09_low_friction_severe_mu_0p06_p2l_v2:0056,09_low_friction_severe_mu_0p06_p2l_v2,test,22.241999999999962,22.64199999999996,0,1,0.22854839746679562,0.7714516025332043,1,1,0.0015866666666666663,0.9984133333333334,1,1,0.0,1.0
09_low_friction_severe_mu_0p06_p2l_v2:0057,09_low_friction_severe_mu_0p06_p2l_v2,test,22.441999999999958,22.841999999999956,0,1,0.21799151091001195,0.7820084890899882,1,1,0.005206246574004553,0.9947937534259955,1,1,0.0,1.0
09_low_friction_severe_mu_0p06_p2l_v2:0058,09_low_friction_severe_mu_0p06_p2l_v2,test,22.64199999999996,23.04199999999996,0,1,0.19896422615694334,0.801035773843057,1,1,0.0033264436183395286,0.9966735563816606,1,1,0.0,1.0
09_low_friction_severe_mu_0p06_p2l_v2:0059,09_low_friction_severe_mu_0p06_p2l_v2,test,22.841999999999956,23.241999999999955,0,1,0.16031263558752973,0.8396873644124703,1,1,0.0015866666666666663,0.9984133333333334,1,1,0.0,1.0
09_low_friction_severe_mu_0p06_p2l_v2:0060,09_low_friction_severe_mu_0p06_p2l_v2,test,23.04199999999996,23.441999999999958,0,1,0.14458269580212654,0.8554173041978735,1,1,0.0015866666666666663,0.9984133333333334,1,1,0.0,1.0
09_low_friction_severe_mu_0p06_p2l_v2:0061,09_low_friction_severe_mu_0p06_p2l_v2,test,23.241999999999955,23.641999999999953,1,1,0.0518459440041552,0.9481540559958448,1,1,0.0015866666666666663,0.9984133333333334,1,1,0.0,1.0
09_low_friction_severe_mu_0p06_p2l_v2:0062,09_low_friction_severe_mu_0p06_p2l_v2,test,23.441999999999958,23.841999999999956,1,1,0.0,1.0,1,1,0.0033264436183395286,0.9966735563816606,1,1,0.0,1.0
09_low_friction_severe_mu_0p06_p2l_v2:0063,09_low_friction_severe_mu_0p06_p2l_v2,test,23.641999999999953,24.041999999999952,1,1,0.0,1.0,1,1,0.0,1.0,1,1,0.001962825278810409,0.9980371747211896
09_low_friction_severe_mu_0p06_p2l_v2:0064,09_low_friction_severe_mu_0p06_p2l_v2,test,23.841999999999956,24.241999999999955,1,1,0.0,1.0,1,1,0.0,1.0,1,1,0.0,1.0
09_low_friction_severe_mu_0p06_p2l_v2:0065,09_low_friction_severe_mu_0p06_p2l_v2,test,24.041999999999952,24.44199999999995,1,1,0.0,1.0,1,1,0.0,1.0,1,1,0.0,1.0
09_low_friction_severe_mu_0p06_p2l_v2:0066,09_low_friction_severe_mu_0p06_p2l_v2,test,24.241999999999955,24.641999999999953,1,1,0.0,1.0,1,1,0.0,1.0,1,1,0.0,1.0
09_low_friction_severe_mu_0p06_p2l_v2:0067,09_low_friction_severe_mu_0p06_p2l_v2,test,24.44199999999995,24.84199999999995,1,1,0.02542767285487677,0.9745723271451232,1,1,0.0015866666666666663,0.9984133333333334,1,1,0.0,1.0
09_low_friction_severe_mu_0p06_p2l_v2:0068,09_low_friction_severe_mu_0p06_p2l_v2,test,24.641999999999953,25.041999999999952,1,1,0.0019621212121212124,0.9980378787878788,1,1,0.0,1.0,1,1,0.0,1.0
09_low_friction_severe_mu_0p06_p2l_v2:0069,09_low_friction_severe_mu_0p06_p2l_v2,test,24.84199999999995,25.241999999999948,0,1,0.027033399827200075,0.9729666001728,0,0,0.9217504420378372,0.07824955796216315,1,1,0.0,1.0
09_low_friction_severe_mu_0p06_p2l_v2:0070,09_low_friction_severe_mu_0p06_p2l_v2,test,25.041999999999952,25.44199999999995,0,1,0.05563505243899332,0.9443649475610066,0,0,0.946484402408613,0.05351559759138725,1,1,0.0,1.0
09_low_friction_severe_mu_0p06_p2l_v2:0071,09_low_friction_severe_mu_0p06_p2l_v2,test,25.241999999999948,25.641999999999946,1,1,0.002,0.998,0,0,0.46378228169551794,0.536217718304482,1,1,0.004,0.996
09_low_friction_severe_mu_0p06_p2l_v2:0072,09_low_friction_severe_mu_0p06_p2l_v2,test,25.44199999999995,25.84199999999995,1,1,0.03575131031539978,0.9642486896846002,0,0,0.5172472216634721,0.48275277833652797,1,1,0.0,1.0
09_low_friction_severe_mu_0p06_p2l_v2:0073,09_low_friction_severe_mu_0p06_p2l_v2,test,25.641999999999946,26.041999999999945,0,1,0.09422058379330915,0.9057794162066907,0,0,0.5274818546424619,0.47251814535753806,1,1,0.0,1.0
09_low_friction_severe_mu_0p06_p2l_v2:0074,09_low_friction_severe_mu_0p06_p2l_v2,test,25.84199999999995,26.241999999999948,0,1,0.09041389234349502,0.9095861076565048,0,0,0.49701353952596533,0.5029864604740346,1,1,0.002,0.998
09_low_friction_severe_mu_0p06_p2l_v2:0075,09_low_friction_severe_mu_0p06_p2l_v2,test,26.041999999999945,26.441999999999943,0,1,0.08853420050301887,0.911465799496981,0,0,0.49701353952596533,0.5029864604740346,1,1,0.002,0.998
09_low_friction_severe_mu_0p06_p2l_v2:0076,09_low_friction_severe_mu_0p06_p2l_v2,test,26.241999999999948,26.641999999999946,0,1,0.08641389234349502,0.9135861076565048,0,0,0.49687068965800474,0.5031293103419953,1,1,0.002,0.998
09_low_friction_severe_mu_0p06_p2l_v2:0077,09_low_friction_severe_mu_0p06_p2l_v2,test,26.441999999999943,26.841999999999942,0,1,0.07138547700308719,0.9286145229969128,0,0,0.49826796519119465,0.5017320348088052,1,1,0.002,0.998
09_low_friction_severe_mu_0p06_p2l_v2:0078,09_low_friction_severe_mu_0p06_p2l_v2,test,26.641999999999946,27.041999999999945,0,1,0.09994576187746872,0.9000542381225313,0,0,0.8109257296571255,0.1890742703428747,1,1,0.003918215613382899,0.9960817843866171
09_low_friction_severe_mu_0p06_p2l_v2:0079,09_low_friction_severe_mu_0p06_p2l_v2,test,26.841999999999942,27.24199999999994,0,1,0.09524836700647671,0.9047516329935233,0,0,0.8467635288947788,0.15323647110522134,1,1,0.003918215613382899,0.9960817843866171
09_low_friction_severe_mu_0p06_p2l_v2:0080,09_low_friction_severe_mu_0p06_p2l_v2,test,27.041999999999945,27.441999999999943,0,1,0.08907453935961734,0.9109254606403825,0,0,0.79692911147755,0.20307088852245006,1,1,0.002,0.998
09_low_friction_severe_mu_0p06_p2l_v2:0081,09_low_friction_severe_mu_0p06_p2l_v2,test,27.24199999999994,27.64199999999994,1,1,0.021481181390787685,0.9785188186092124,0,0,0.9532454435947378,0.04675455640526229,1,1,0.04777179713801874,0.9522282028619812
09_low_friction_severe_mu_0p06_p2l_v2:0082,09_low_friction_severe_mu_0p06_p2l_v2,test,27.441999999999943,27.841999999999942,1,1,0.0,1.0,1,1,0.016065762932896036,0.983934237067104,1,1,0.007947955390334572,0.9920520446096655
09_low_friction_severe_mu_0p06_p2l_v2:0083,09_low_friction_severe_mu_0p06_p2l_v2,test,27.64199999999994,28.041999999999938,1,1,0.0,1.0,1,1,0.017519965829611107,0.982480034170389,1,1,0.0,1.0
09_low_friction_severe_mu_0p06_p2l_v2:0084,09_low_friction_severe_mu_0p06_p2l_v2,test,27.841999999999942,28.24199999999994,1,1,0.0,1.0,1,1,0.017940040179053488,0.9820599598209465,1,1,0.002,0.998
09_low_friction_severe_mu_0p06_p2l_v2:0085,09_low_friction_severe_mu_0p06_p2l_v2,test,28.041999999999938,28.441999999999936,1,1,0.0,1.0,1,1,0.016273941371557746,0.9837260586284422,1,1,0.007947955390334572,0.9920520446096655
09_low_friction_severe_mu_0p06_p2l_v2:0086,09_low_friction_severe_mu_0p06_p2l_v2,test,28.24199999999994,28.64199999999994,1,1,0.0,1.0,1,1,0.022950362481576385,0.9770496375184236,1,1,0.007947955390334572,0.9920520446096655
09_low_friction_severe_mu_0p06_p2l_v2:0087,09_low_friction_severe_mu_0p06_p2l_v2,test,28.441999999999936,28.841999999999935,1,0,0.6265668129946755,0.3734331870053246,0,0,0.7832332957119692,0.21676670428803085,1,1,0.002,0.998
09_low_friction_severe_mu_0p06_p2l_v2:0088,09_low_friction_severe_mu_0p06_p2l_v2,test,28.64199999999994,29.041999999999938,1,0,0.5117708608511904,0.48822913914880955,0,0,0.6394233529838301,0.36057664701617015,1,1,0.002,0.998
10_external_impact_neg_x12N_p2l_v2:0000,10_external_impact_neg_x12N_p2l_v2,train,12.047,12.447000000000001,1,1,0.0,1.0,1,1,0.0,1.0,1,1,0.0,1.0
10_external_impact_neg_x12N_p2l_v2:0001,10_external_impact_neg_x12N_p2l_v2,train,12.247,12.647,1,1,0.0,1.0,1,1,0.0,1.0,1,1,0.0,1.0
10_external_impact_neg_x12N_p2l_v2:0002,10_external_impact_neg_x12N_p2l_v2,train,12.447,12.847,1,1,0.0,1.0,1,1,0.0,1.0,1,1,0.0,1.0
10_external_impact_neg_x12N_p2l_v2:0003,10_external_impact_neg_x12N_p2l_v2,train,12.646999999999998,13.046999999999999,1,1,0.1638521804683703,0.8361478195316295,1,1,0.0018066914498141265,0.9981933085501858,1,1,0.0,1.0
10_external_impact_neg_x12N_p2l_v2:0004,10_external_impact_neg_x12N_p2l_v2,train,12.846999999999998,13.246999999999998,1,1,0.14093907557016097,0.859060924429839,1,1,0.005555801336172221,0.9944441986638278,1,1,0.0,1.0
10_external_impact_neg_x12N_p2l_v2:0005,10_external_impact_neg_x12N_p2l_v2,train,13.046999999999997,13.446999999999997,1,1,0.0,1.0,1,1,0.0,1.0,1,1,0.0,1.0
10_external_impact_neg_x12N_p2l_v2:0006,10_external_impact_neg_x12N_p2l_v2,train,13.246999999999996,13.646999999999997,1,1,0.0,1.0,1,1,0.0,1.0,1,1,0.0,1.0
10_external_impact_neg_x12N_p2l_v2:0007,10_external_impact_neg_x12N_p2l_v2,train,13.446999999999996,13.846999999999996,1,1,0.0,1.0,1,1,0.0,1.0,1,1,0.0,1.0
10_external_impact_neg_x12N_p2l_v2:0008,10_external_impact_neg_x12N_p2l_v2,train,13.646999999999995,14.046999999999995,1,1,0.0,1.0,1,1,0.0,1.0,1,1,0.0,1.0
10_external_impact_neg_x12N_p2l_v2:0009,10_external_impact_neg_x12N_p2l_v2,train,13.846999999999994,14.246999999999995,1,1,0.0,1.0,1,1,0.0,1.0,1,1,0.0,1.0
10_external_impact_neg_x12N_p2l_v2:0010,10_external_impact_neg_x12N_p2l_v2,train,14.046999999999993,14.446999999999994,1,1,0.0,1.0,1,1,0.0,1.0,1,1,0.0,1.0
10_external_impact_neg_x12N_p2l_v2:0011,10_external_impact_neg_x12N_p2l_v2,train,14.246999999999993,14.646999999999993,1,1,0.0,1.0,1,1,0.0,1.0,1,1,0.0,1.0
10_external_impact_neg_x12N_p2l_v2:0012,10_external_impact_neg_x12N_p2l_v2,train,14.446999999999992,14.846999999999992,1,1,0.0,1.0,1,1,0.0,1.0,1,1,0.0,1.0
10_external_impact_neg_x12N_p2l_v2:0013,10_external_impact_neg_x12N_p2l_v2,train,14.646999999999991,15.046999999999992,1,1,0.0,1.0,1,1,0.028419724989174687,0.9715802750108253,1,1,0.0,1.0
10_external_impact_neg_x12N_p2l_v2:0014,10_external_impact_neg_x12N_p2l_v2,train,14.84699999999999,15.246999999999991,1,1,0.0,1.0,1,1,0.05741677965247067,0.9425832203475293,1,1,0.0,1.0
10_external_impact_neg_x12N_p2l_v2:0015,10_external_impact_neg_x12N_p2l_v2,train,15.04699999999999,15.44699999999999,1,1,0.0,1.0,1,1,0.0034839426736667455,0.9965160573263333,1,1,0.0,1.0
10_external_impact_neg_x12N_p2l_v2:0016,10_external_impact_neg_x12N_p2l_v2,train,15.24699999999999,15.64699999999999,1,1,0.0,1.0,1,1,0.0034839426736667455,0.9965160573263333,1,1,0.0,1.0
10_external_impact_neg_x12N_p2l_v2:0017,10_external_impact_neg_x12N_p2l_v2,train,15.446999999999989,15.846999999999989,1,1,0.0,1.0,1,1,0.0,1.0,1,1,0.0,1.0
10_external_impact_neg_x12N_p2l_v2:0018,10_external_impact_neg_x12N_p2l_v2,train,15.646999999999988,16.046999999999986,1,1,0.0,1.0,1,1,0.1886170081049099,0.8113829918950899,0,0,0.9730833072515283,0.026916692748471714
10_external_impact_neg_x12N_p2l_v2:0019,10_external_impact_neg_x12N_p2l_v2,train,15.846999999999987,16.246999999999986,1,1,0.0019247830279652844,0.9980752169720347,1,1,0.18856520677507183,0.8114347932249278,0,0,0.9572652095270122,0.04273479047298773
10_external_impact_neg_x12N_p2l_v2:0020,10_external_impact_neg_x12N_p2l_v2,train,16.046999999999986,16.446999999999985,1,1,0.0,1.0,1,1,0.0,1.0,1,1,0.0,1.0
10_external_impact_neg_x12N_p2l_v2:0021,10_external_impact_neg_x12N_p2l_v2,train,16.246999999999986,16.646999999999984,1,1,0.0,1.0,1,1,0.0,1.0,1,1,0.0,1.0
10_external_impact_neg_x12N_p2l_v2:0022,10_external_impact_neg_x12N_p2l_v2,train,16.446999999999985,16.846999999999984,1,1,0.0,1.0,1,1,0.0,1.0,1,1,0.0,1.0
10_external_impact_neg_x12N_p2l_v2:0023,10_external_impact_neg_x12N_p2l_v2,train,16.646999999999984,17.046999999999983,1,1,0.04149400555044292,0.9585059944495572,1,1,0.06387469670317897,0.9361253032968209,1,1,0.0,1.0
10_external_impact_neg_x12N_p2l_v2:0024,10_external_impact_neg_x12N_p2l_v2,train,16.846999999999984,17.246999999999982,1,1,0.0,1.0,1,1,0.05835832521721294,0.9416416747827872,1,1,0.0,1.0
10_external_impact_neg_x12N_p2l_v2:0025,10_external_impact_neg_x12N_p2l_v2,train,17.046999999999983,17.44699999999998,1,1,0.0,1.0,1,1,0.014637262563886087,0.985362737436114,1,1,0.0,1.0
10_external_impact_neg_x12N_p2l_v2:0026,10_external_impact_neg_x12N_p2l_v2,train,17.246999999999982,17.64699999999998,1,1,0.0,1.0,1,1,0.0,1.0,1,1,0.0,1.0
10_external_impact_neg_x12N_p2l_v2:0027,10_external_impact_neg_x12N_p2l_v2,train,17.44699999999998,17.84699999999998,1,1,0.0,1.0,1,1,0.0,1.0,1,1,0.0,1.0
10_external_impact_neg_x12N_p2l_v2:0028,10_external_impact_neg_x12N_p2l_v2,train,17.64699999999998,18.04699999999998,1,1,0.19430503690355597,0.8056949630964443,1,1,0.0,1.0,1,1,0.0,1.0
10_external_impact_neg_x12N_p2l_v2:0029,10_external_impact_neg_x12N_p2l_v2,train,17.84699999999998,18.24699999999998,1,1,0.24325080331401228,0.756749196685988,1,1,0.0,1.0,1,1,0.0,1.0
10_external_impact_neg_x12N_p2l_v2:0030,10_external_impact_neg_x12N_p2l_v2,train,18.04699999999998,18.446999999999978,1,1,0.001903345724907063,0.998096654275093,1,1,0.0,1.0,1,1,0.0,1.0
10_external_impact_neg_x12N_p2l_v2:0031,10_external_impact_neg_x12N_p2l_v2,train,18.24699999999998,18.646999999999977,1,1,0.0,1.0,1,1,0.0,1.0,1,1,0.0,1.0
10_external_impact_neg_x12N_p2l_v2:0032,10_external_impact_neg_x12N_p2l_v2,train,18.446999999999978,18.846999999999976,1,1,0.0,1.0,1,1,0.0,1.0,1,1,0.0,1.0
10_external_impact_neg_x12N_p2l_v2:0033,10_external_impact_neg_x12N_p2l_v2,train,18.646999999999977,19.046999999999976,1,1,0.0,1.0,1,1,0.0,1.0,1,1,0.0,1.0
10_external_impact_neg_x12N_p2l_v2:0034,10_external_impact_neg_x12N_p2l_v2,train,18.846999999999976,19.246999999999975,1,1,0.0,1.0,1,1,0.0,1.0,1,1,0.0,1.0
10_external_impact_neg_x12N_p2l_v2:0035,10_external_impact_neg_x12N_p2l_v2,train,19.046999999999976,19.446999999999974,1,1,0.0,1.0,1,1,0.0,1.0,1,1,0.0,1.0
10_external_impact_neg_x12N_p2l_v2:0036,10_external_impact_neg_x12N_p2l_v2,train,19.246999999999975,19.646999999999974,1,1,0.0,1.0,1,1,0.0,1.0,1,1,0.0,1.0
10_external_impact_neg_x12N_p2l_v2:0037,10_external_impact_neg_x12N_p2l_v2,train,19.446999999999974,19.846999999999973,1,1,0.0,1.0,1,1,0.0,1.0,1,1,0.0,1.0
10_external_impact_neg_x12N_p2l_v2:0038,10_external_impact_neg_x12N_p2l_v2,train,19.646999999999974,20.046999999999972,1,1,0.0,1.0,1,1,0.0,1.0,1,1,0.0,1.0
10_external_impact_neg_x12N_p2l_v2:0039,10_external_impact_neg_x12N_p2l_v2,train,19.846999999999973,20.24699999999997,1,1,0.0,1.0,1,1,0.0,1.0,1,1,0.0,1.0
10_external_impact_neg_x12N_p2l_v2:0040,10_external_impact_neg_x12N_p2l_v2,train,20.046999999999972,20.44699999999997,1,1,0.0,1.0,1,1,0.0,1.0,1,1,0.0,1.0
10_external_impact_neg_x12N_p2l_v2:0041,10_external_impact_neg_x12N_p2l_v2,train,20.24699999999997,20.64699999999997,1,1,0.0,1.0,1,1,0.0,1.0,1,1,0.0,1.0
10_external_impact_neg_x12N_p2l_v2:0042,10_external_impact_neg_x12N_p2l_v2,train,20.44699999999997,20.84699999999997,1,1,0.0,1.0,1,1,0.0,1.0,1,1,0.0,1.0
10_external_impact_neg_x12N_p2l_v2:0043,10_external_impact_neg_x12N_p2l_v2,train,20.64699999999997,21.04699999999997,1,1,0.0,1.0,1,1,0.0,1.0,1,1,0.0,1.0
10_external_impact_neg_x12N_p2l_v2:0044,10_external_impact_neg_x12N_p2l_v2,train,20.84699999999997,21.246999999999968,1,1,0.0,1.0,1,1,0.0,1.0,1,1,0.0,1.0
10_external_impact_neg_x12N_p2l_v2:0045,10_external_impact_neg_x12N_p2l_v2,train,21.04699999999997,21.446999999999967,1,1,0.0,1.0,1,1,0.0,1.0,1,1,0.0,1.0
10_external_impact_neg_x12N_p2l_v2:0046,10_external_impact_neg_x12N_p2l_v2,train,21.246999999999968,21.646999999999966,1,1,0.0,1.0,1,1,0.0,1.0,1,1,0.0,1.0
10_external_impact_neg_x12N_p2l_v2:0047,10_external_impact_neg_x12N_p2l_v2,train,21.446999999999967,21.846999999999966,1,1,0.0036998575840494134,0.9963001424159507,0,0,0.8318133449032781,0.1681866550967223,1,1,0.0,1.0
10_external_impact_neg_x12N_p2l_v2:0048,10_external_impact_neg_x12N_p2l_v2,train,21.646999999999966,22.046999999999965,1,1,0.0018774774774774775,0.9981225225225225,0,0,0.9003457410485022,0.09965425895149821,1,1,0.0,1.0
10_external_impact_neg_x12N_p2l_v2:0049,10_external_impact_neg_x12N_p2l_v2,train,21.846999999999966,22.246999999999964,1,1,0.0,1.0,1,1,0.005491622956663441,0.9945083770433365,1,1,0.0,1.0
10_external_impact_neg_x12N_p2l_v2:0050,10_external_impact_neg_x12N_p2l_v2,train,22.046999999999965,22.446999999999964,1,1,0.0,1.0,1,1,0.0,1.0,1,1,0.0,1.0
10_external_impact_neg_x12N_p2l_v2:0051,10_external_impact_neg_x12N_p2l_v2,train,22.246999999999964,22.646999999999963,1,1,0.0,1.0,1,1,0.0019424533064109036,0.998057546693589,1,1,0.0,1.0
10_external_impact_neg_x12N_p2l_v2:0052,10_external_impact_neg_x12N_p2l_v2,train,22.446999999999964,22.846999999999962,1,1,0.0,1.0,1,1,0.00705075174075174,0.9929492482592482,1,1,0.0,1.0
10_external_impact_neg_x12N_p2l_v2:0053,10_external_impact_neg_x12N_p2l_v2,train,22.646999999999963,23.04699999999996,1,1,0.0,1.0,1,1,0.0036941924298480614,0.996305807570152,1,1,0.0,1.0
10_external_impact_neg_x12N_p2l_v2:0054,10_external_impact_neg_x12N_p2l_v2,train,22.846999999999962,23.24699999999996,1,1,0.0,1.0,1,1,0.003665816120777516,0.9963341838792226,1,1,0.0,1.0
10_external_impact_neg_x12N_p2l_v2:0055,10_external_impact_neg_x12N_p2l_v2,train,23.04699999999996,23.44699999999996,1,1,0.0,1.0,1,1,0.0,1.0,1,1,0.0,1.0
10_external_impact_neg_x12N_p2l_v2:0056,10_external_impact_neg_x12N_p2l_v2,train,23.24699999999996,23.64699999999996,1,1,0.005474778245928375,0.9945252217540715,0,0,0.9582794925021845,0.041720507497815605,0,0,0.9017881040892194,0.09821189591078067
10_external_impact_neg_x12N_p2l_v2:0057,10_external_impact_neg_x12N_p2l_v2,train,23.44699999999996,23.84699999999996,1,1,0.003563997576783393,0.9964360024232166,0,0,0.921802899774334,0.07819710022566596,0,0,0.8877309049447101,0.11226909505528983
10_external_impact_neg_x12N_p2l_v2:0058,10_external_impact_neg_x12N_p2l_v2,train,23.64699999999996,24.046999999999958,1,1,0.0,1.0,1,1,0.0,1.0,1,1,0.0,1.0
10_external_impact_neg_x12N_p2l_v2:0059,10_external_impact_neg_x12N_p2l_v2,train,23.84699999999996,24.246999999999957,1,1,0.0,1.0,1,1,0.0,1.0,1,1,0.0,1.0
10_external_impact_neg_x12N_p2l_v2:0060,10_external_impact_neg_x12N_p2l_v2,train,24.046999999999958,24.446999999999957,1,1,0.0,1.0,1,1,0.0,1.0,1,1,0.0,1.0
10_external_impact_neg_x12N_p2l_v2:0061,10_external_impact_neg_x12N_p2l_v2,train,24.246999999999957,24.646999999999956,1,1,0.0,1.0,1,1,0.009272407207978943,0.9907275927920212,1,1,0.0,1.0
10_external_impact_neg_x12N_p2l_v2:0062,10_external_impact_neg_x12N_p2l_v2,train,24.446999999999957,24.846999999999955,1,1,0.0,1.0,1,1,0.0,1.0,1,1,0.0,1.0
10_external_impact_neg_x12N_p2l_v2:0063,10_external_impact_neg_x12N_p2l_v2,train,24.646999999999956,25.046999999999954,1,1,0.0,1.0,1,1,0.0,1.0,1,1,0.0,1.0
10_external_impact_neg_x12N_p2l_v2:0064,10_external_impact_neg_x12N_p2l_v2,train,24.846999999999955,25.246999999999954,1,1,0.0,1.0,1,1,0.0,1.0,1,1,0.0,1.0
10_external_impact_neg_x12N_p2l_v2:0065,10_external_impact_neg_x12N_p2l_v2,train,25.046999999999954,25.446999999999953,1,1,0.003903185614723126,0.9960968143852769,1,1,0.2924594358827768,0.7075405641172229,1,1,0.005891500904159132,0.9941084990958409
10_external_impact_neg_x12N_p2l_v2:0066,10_external_impact_neg_x12N_p2l_v2,train,25.246999999999954,25.646999999999952,1,1,0.0018223801065719361,0.9981776198934281,1,1,0.1783617196213705,0.8216382803786294,1,1,0.0,1.0
11_external_impact_y20N_p2l_v2:0000,11_external_impact_y20N_p2l_v2,test,8.878,9.278,1,1,0.22440635860550198,0.7755936413944982,1,1,0.0018066914498141265,0.9981933085501858,1,1,0.0,1.0
11_external_impact_y20N_p2l_v2:0001,11_external_impact_y20N_p2l_v2,test,9.078,9.478,1,1,0.0,1.0,1,1,0.0,1.0,1,1,0.0,1.0
11_external_impact_y20N_p2l_v2:0002,11_external_impact_y20N_p2l_v2,test,9.277999999999999,9.677999999999999,1,1,0.0,1.0,1,1,0.0,1.0,1,1,0.0,1.0
11_external_impact_y20N_p2l_v2:0003,11_external_impact_y20N_p2l_v2,test,9.477999999999998,9.877999999999998,1,1,0.0,1.0,1,1,0.0,1.0,1,1,0.0,1.0
11_external_impact_y20N_p2l_v2:0004,11_external_impact_y20N_p2l_v2,test,9.677999999999997,10.077999999999998,1,1,0.0,1.0,1,1,0.0,1.0,1,1,0.0,1.0
11_external_impact_y20N_p2l_v2:0005,11_external_impact_y20N_p2l_v2,test,9.877999999999997,10.277999999999997,1,1,0.0,1.0,1,1,0.0,1.0,1,1,0.0,1.0
11_external_impact_y20N_p2l_v2:0006,11_external_impact_y20N_p2l_v2,test,10.077999999999996,10.477999999999996,1,1,0.0,1.0,1,1,0.0,1.0,1,1,0.0,1.0
11_external_impact_y20N_p2l_v2:0007,11_external_impact_y20N_p2l_v2,test,10.277999999999995,10.677999999999995,1,1,0.0,1.0,1,1,0.0,1.0,1,1,0.0,1.0
11_external_impact_y20N_p2l_v2:0008,11_external_impact_y20N_p2l_v2,test,10.477999999999994,10.877999999999995,1,1,0.0,1.0,1,1,0.0,1.0,1,1,0.0,1.0
11_external_impact_y20N_p2l_v2:0009,11_external_impact_y20N_p2l_v2,test,10.677999999999994,11.077999999999994,1,1,0.0,1.0,1,1,0.0,1.0,1,1,0.0,1.0
11_external_impact_y20N_p2l_v2:0010,11_external_impact_y20N_p2l_v2,test,10.877999999999993,11.277999999999993,1,1,0.0,1.0,1,1,0.0,1.0,1,1,0.0,1.0
11_external_impact_y20N_p2l_v2:0011,11_external_impact_y20N_p2l_v2,test,11.077999999999992,11.477999999999993,1,1,0.0,1.0,1,1,0.0,1.0,1,1,0.0,1.0
11_external_impact_y20N_p2l_v2:0012,11_external_impact_y20N_p2l_v2,test,11.277999999999992,11.677999999999992,1,1,0.0,1.0,1,1,0.0,1.0,1,1,0.0,1.0
11_external_impact_y20N_p2l_v2:0013,11_external_impact_y20N_p2l_v2,test,11.47799999999999,11.877999999999991,1,1,0.0,1.0,1,1,0.0,1.0,1,1,0.0,1.0
11_external_impact_y20N_p2l_v2:0014,11_external_impact_y20N_p2l_v2,test,11.67799999999999,12.07799999999999,1,1,0.0,1.0,1,1,0.0,1.0,1,1,0.0,1.0
11_external_impact_y20N_p2l_v2:0015,11_external_impact_y20N_p2l_v2,test,11.87799999999999,12.27799999999999,1,1,0.0,1.0,1,1,0.0,1.0,1,1,0.0,1.0
11_external_impact_y20N_p2l_v2:0016,11_external_impact_y20N_p2l_v2,test,12.077999999999989,12.477999999999989,1,1,0.0,1.0,1,1,0.0,1.0,1,1,0.0,1.0
11_external_impact_y20N_p2l_v2:0017,11_external_impact_y20N_p2l_v2,test,12.277999999999988,12.677999999999988,1,1,0.0,1.0,1,1,0.0,1.0,1,1,0.0,1.0
11_external_impact_y20N_p2l_v2:0018,11_external_impact_y20N_p2l_v2,test,12.477999999999987,12.877999999999988,1,1,0.0,1.0,1,1,0.0,1.0,1,1,0.0,1.0
11_external_impact_y20N_p2l_v2:0019,11_external_impact_y20N_p2l_v2,test,12.677999999999987,13.077999999999987,1,1,0.0,1.0,1,1,0.0017843866171003717,0.9982156133828997,1,1,0.0,1.0
11_external_impact_y20N_p2l_v2:0020,11_external_impact_y20N_p2l_v2,test,12.877999999999986,13.277999999999986,1,1,0.0,1.0,1,1,0.0,1.0,1,1,0.0,1.0
11_external_impact_y20N_p2l_v2:0021,11_external_impact_y20N_p2l_v2,test,13.077999999999985,13.477999999999986,1,1,0.0,1.0,1,1,0.0,1.0,1,1,0.0,1.0
11_external_impact_y20N_p2l_v2:0022,11_external_impact_y20N_p2l_v2,test,13.277999999999984,13.677999999999985,1,1,0.0,1.0,1,1,0.0,1.0,1,1,0.0,1.0
11_external_impact_y20N_p2l_v2:0023,11_external_impact_y20N_p2l_v2,test,13.477999999999984,13.877999999999984,1,1,0.0,1.0,1,1,0.0,1.0,1,1,0.0,1.0
11_external_impact_y20N_p2l_v2:0024,11_external_impact_y20N_p2l_v2,test,13.677999999999983,14.077999999999983,1,1,0.0,1.0,1,1,0.0,1.0,1,1,0.0,1.0
11_external_impact_y20N_p2l_v2:0025,11_external_impact_y20N_p2l_v2,test,13.877999999999982,14.277999999999983,1,1,0.0,1.0,1,1,0.0017843866171003717,0.9982156133828997,1,1,0.0,1.0
11_external_impact_y20N_p2l_v2:0026,11_external_impact_y20N_p2l_v2,test,14.077999999999982,14.477999999999982,1,1,0.0,1.0,1,1,0.0017843866171003717,0.9982156133828997,1,1,0.0,1.0
11_external_impact_y20N_p2l_v2:0027,11_external_impact_y20N_p2l_v2,test,14.277999999999981,14.677999999999981,1,1,0.0,1.0,1,1,0.0,1.0,1,1,0.0,1.0
11_external_impact_y20N_p2l_v2:0028,11_external_impact_y20N_p2l_v2,test,14.47799999999998,14.87799999999998,1,1,0.0,1.0,1,1,0.0,1.0,1,1,0.0,1.0
11_external_impact_y20N_p2l_v2:0029,11_external_impact_y20N_p2l_v2,test,14.67799999999998,15.07799999999998,1,1,0.0,1.0,1,1,0.0,1.0,1,1,0.0,1.0
11_external_impact_y20N_p2l_v2:0030,11_external_impact_y20N_p2l_v2,test,14.877999999999979,15.27799999999998,1,1,0.0,1.0,1,1,0.0,1.0,1,1,0.0,1.0
11_external_impact_y20N_p2l_v2:0031,11_external_impact_y20N_p2l_v2,test,15.077999999999978,15.477999999999978,1,1,0.0,1.0,1,1,0.0,1.0,1,1,0.0,1.0
11_external_impact_y20N_p2l_v2:0032,11_external_impact_y20N_p2l_v2,test,15.277999999999977,15.677999999999978,1,1,0.0,1.0,1,1,0.0,1.0,1,1,0.0,1.0
11_external_impact_y20N_p2l_v2:0033,11_external_impact_y20N_p2l_v2,test,15.477999999999977,15.877999999999977,1,1,0.0,1.0,1,1,0.0,1.0,1,1,0.0,1.0
11_external_impact_y20N_p2l_v2:0034,11_external_impact_y20N_p2l_v2,test,15.677999999999976,16.077999999999975,1,1,0.0,1.0,1,1,0.0,1.0,1,1,0.0,1.0
11_external_impact_y20N_p2l_v2:0035,11_external_impact_y20N_p2l_v2,test,15.877999999999975,16.277999999999974,0,1,0.04043499024738753,0.9595650097526125,0,0,0.8952813990504951,0.10471860094950497,0,0,0.5617491584994931,0.4382508415005069
11_external_impact_y20N_p2l_v2:0036,11_external_impact_y20N_p2l_v2,test,16.077999999999975,16.477999999999973,0,1,0.05189364039489601,0.9481063596051039,0,0,0.9495255872965062,0.050474412703494016,0,0,0.524,0.476
11_external_impact_y20N_p2l_v2:0037,11_external_impact_y20N_p2l_v2,test,16.277999999999974,16.677999999999972,1,1,0.1481884413196677,0.8518115586803322,0,0,0.7038846453125386,0.2961153546874614,1,0,0.7137593105750039,0.28624068942499625
11_external_impact_y20N_p2l_v2:0038,11_external_impact_y20N_p2l_v2,test,16.477999999999973,16.87799999999997,1,1,0.0,1.0,1,1,0.005316074883170223,0.9946839251168299,1,1,0.0,1.0
11_external_impact_y20N_p2l_v2:0039,11_external_impact_y20N_p2l_v2,test,16.677999999999972,17.07799999999997,1,1,0.0,1.0,1,1,0.0,1.0,1,1,0.0,1.0
11_external_impact_y20N_p2l_v2:0040,11_external_impact_y20N_p2l_v2,test,16.87799999999997,17.27799999999997,1,1,0.0,1.0,1,1,0.0,1.0,1,1,0.0,1.0
11_external_impact_y20N_p2l_v2:0041,11_external_impact_y20N_p2l_v2,test,17.07799999999997,17.47799999999997,1,1,0.0,1.0,0,0,0.5554692371740206,0.4445307628259792,0,0,0.72578330908895,0.27421669091105
11_external_impact_y20N_p2l_v2:0042,11_external_impact_y20N_p2l_v2,test,17.27799999999997,17.67799999999997,1,1,0.005581842674507466,0.9944181573254925,1,0,0.5246403560637422,0.4753596439362578,1,0,0.7057833090889498,0.29421669091105
11_external_impact_y20N_p2l_v2:0043,11_external_impact_y20N_p2l_v2,test,17.47799999999997,17.877999999999968,1,1,0.0,1.0,1,1,0.0,1.0,1,1,0.0,1.0
11_external_impact_y20N_p2l_v2:0044,11_external_impact_y20N_p2l_v2,test,17.67799999999997,18.077999999999967,1,1,0.0,1.0,1,1,0.0017992565055762082,0.9982007434944238,1,1,0.0,1.0
11_external_impact_y20N_p2l_v2:0045,11_external_impact_y20N_p2l_v2,test,17.877999999999968,18.277999999999967,1,1,0.0,1.0,1,1,0.0017881040892193307,0.9982118959107806,1,1,0.0,1.0
11_external_impact_y20N_p2l_v2:0046,11_external_impact_y20N_p2l_v2,test,18.077999999999967,18.477999999999966,1,1,0.0018774774774774775,0.9981225225225225,1,1,0.13959325213173088,0.8604067478682692,1,1,0.0,1.0
11_external_impact_y20N_p2l_v2:0047,11_external_impact_y20N_p2l_v2,test,18.277999999999967,18.677999999999965,1,1,0.005699857584049413,0.9943001424159507,1,1,0.0628619906349154,0.9371380093650846,1,1,0.027834660358229135,0.9721653396417709
11_external_impact_y20N_p2l_v2:0048,11_external_impact_y20N_p2l_v2,test,18.477999999999966,18.877999999999965,1,1,0.0,1.0,1,1,0.0,1.0,1,1,0.0,1.0
11_external_impact_y20N_p2l_v2:0049,11_external_impact_y20N_p2l_v2,test,18.677999999999965,19.077999999999964,1,1,0.0,1.0,1,1,0.0,1.0,1,1,0.0,1.0
11_external_impact_y20N_p2l_v2:0050,11_external_impact_y20N_p2l_v2,test,18.877999999999965,19.277999999999963,0,0,0.8004651587518499,0.19953484124815,1,1,0.001828996282527881,0.9981710037174721,1,1,0.0,1.0
11_external_impact_y20N_p2l_v2:0051,11_external_impact_y20N_p2l_v2,test,19.077999999999964,19.477999999999962,0,0,0.8026422643182127,0.1973577356817874,1,1,0.001828996282527881,0.9981710037174721,1,1,0.0,1.0
11_external_impact_y20N_p2l_v2:0052,11_external_impact_y20N_p2l_v2,test,19.277999999999963,19.67799999999996,1,1,0.0,1.0,1,1,0.0,1.0,1,1,0.0,1.0
11_external_impact_y20N_p2l_v2:0053,11_external_impact_y20N_p2l_v2,test,19.477999999999962,19.87799999999996,1,1,0.0,1.0,1,1,0.0,1.0,1,1,0.0,1.0
11_external_impact_y20N_p2l_v2:0054,11_external_impact_y20N_p2l_v2,test,19.67799999999996,20.07799999999996,1,1,0.0,1.0,1,1,0.0,1.0,1,1,0.0,1.0
11_external_impact_y20N_p2l_v2:0055,11_external_impact_y20N_p2l_v2,test,19.87799999999996,20.27799999999996,1,1,0.0,1.0,1,1,0.0,1.0,1,1,0.0,1.0
11_external_impact_y20N_p2l_v2:0056,11_external_impact_y20N_p2l_v2,test,20.07799999999996,20.47799999999996,1,1,0.0,1.0,1,1,0.0,1.0,1,1,0.0,1.0
11_external_impact_y20N_p2l_v2:0057,11_external_impact_y20N_p2l_v2,test,20.27799999999996,20.677999999999958,1,1,0.0,1.0,1,1,0.0,1.0,1,1,0.0,1.0
11_external_impact_y20N_p2l_v2:0058,11_external_impact_y20N_p2l_v2,test,20.47799999999996,20.877999999999957,1,1,0.0,1.0,1,1,0.0,1.0,1,1,0.0,1.0
11_external_impact_y20N_p2l_v2:0059,11_external_impact_y20N_p2l_v2,test,20.677999999999958,21.077999999999957,1,1,0.0,1.0,1,1,0.0,1.0,1,1,0.0,1.0
11_external_impact_y20N_p2l_v2:0060,11_external_impact_y20N_p2l_v2,test,20.877999999999957,21.277999999999956,1,1,0.0,1.0,1,1,0.0,1.0,1,1,0.0,1.0
11_external_impact_y20N_p2l_v2:0061,11_external_impact_y20N_p2l_v2,test,21.077999999999957,21.477999999999955,1,1,0.0,1.0,1,1,0.0,1.0,1,1,0.0,1.0
11_external_impact_y20N_p2l_v2:0062,11_external_impact_y20N_p2l_v2,test,21.277999999999956,21.677999999999955,1,1,0.0,1.0,1,1,0.0,1.0,1,1,0.0,1.0
11_external_impact_y20N_p2l_v2:0063,11_external_impact_y20N_p2l_v2,test,21.477999999999955,21.877999999999954,1,1,0.0,1.0,1,1,0.0,1.0,1,1,0.0,1.0
11_external_impact_y20N_p2l_v2:0064,11_external_impact_y20N_p2l_v2,test,21.677999999999955,22.077999999999953,1,1,0.0,1.0,1,1,0.0,1.0,1,1,0.0,1.0
11_external_impact_y20N_p2l_v2:0065,11_external_impact_y20N_p2l_v2,test,21.877999999999954,22.277999999999953,1,1,0.0,1.0,1,1,0.0,1.0,1,1,0.0,1.0
11_external_impact_y20N_p2l_v2:0066,11_external_impact_y20N_p2l_v2,test,22.077999999999953,22.477999999999952,1,1,0.0,1.0,1,1,0.0,1.0,1,1,0.0,1.0
11_external_impact_y20N_p2l_v2:0067,11_external_impact_y20N_p2l_v2,test,22.277999999999953,22.67799999999995,1,1,0.0,1.0,1,1,0.0,1.0,1,1,0.0,1.0
11_external_impact_y20N_p2l_v2:0068,11_external_impact_y20N_p2l_v2,test,22.477999999999952,22.87799999999995,1,1,0.0,1.0,1,1,0.0,1.0,1,1,0.0,1.0
11_external_impact_y20N_p2l_v2:0069,11_external_impact_y20N_p2l_v2,test,22.67799999999995,23.07799999999995,1,1,0.0,1.0,1,1,0.08525748568759452,0.9147425143124053,1,1,0.0,1.0
11_external_impact_y20N_p2l_v2:0070,11_external_impact_y20N_p2l_v2,test,22.87799999999995,23.27799999999995,1,1,0.0018774774774774775,0.9981225225225225,1,1,0.23031850186017866,0.7696814981398212,1,1,0.0,1.0
11_external_impact_y20N_p2l_v2:0071,11_external_impact_y20N_p2l_v2,test,23.07799999999995,23.47799999999995,1,1,0.0,1.0,1,1,0.1308788087469328,0.8691211912530672,1,1,0.002,0.998
11_external_impact_y20N_p2l_v2:0072,11_external_impact_y20N_p2l_v2,test,23.27799999999995,23.677999999999948,1,1,0.0,1.0,1,1,0.0,1.0,1,1,0.002,0.998
11_external_impact_y20N_p2l_v2:0073,11_external_impact_y20N_p2l_v2,test,23.47799999999995,23.877999999999947,1,1,0.0074719937957056495,0.9925280062042944,1,1,0.0,1.0,1,1,0.002,0.998
11_external_impact_y20N_p2l_v2:0074,11_external_impact_y20N_p2l_v2,test,23.677999999999948,24.077999999999946,1,1,0.0074719937957056495,0.9925280062042944,1,1,0.0,1.0,1,1,0.002,0.998
11_external_impact_y20N_p2l_v2:0075,11_external_impact_y20N_p2l_v2,test,23.877999999999947,24.277999999999945,1,1,0.0,1.0,1,1,0.005378866354087159,0.9946211336459128,1,1,0.002,0.998
11_external_impact_y20N_p2l_v2:0076,11_external_impact_y20N_p2l_v2,test,24.077999999999946,24.477999999999945,1,1,0.0018773234200743496,0.9981226765799256,1,1,0.007308832156013622,0.9926911678439864,1,1,0.004,0.996
11_external_impact_y20N_p2l_v2:0077,11_external_impact_y20N_p2l_v2,test,24.277999999999945,24.677999999999944,1,1,0.0,1.0,1,1,0.0037332021284350167,0.996266797871565,1,1,0.0,1.0
11_external_impact_y20N_p2l_v2:0078,11_external_impact_y20N_p2l_v2,test,24.477999999999945,24.877999999999943,1,1,0.0,1.0,0,1,0.007733202128435017,0.992266797871565,1,1,0.002,0.998
11_external_impact_y20N_p2l_v2:0079,11_external_impact_y20N_p2l_v2,test,24.677999999999944,25.077999999999943,1,1,0.009389642098394085,0.9906103579016058,0,0,0.9443113945906972,0.055688605409302816,0,0,0.9237281565082507,0.07627184349174936
11_external_impact_y20N_p2l_v2:0080,11_external_impact_y20N_p2l_v2,test,24.877999999999943,25.277999999999942,1,1,0.009389642098394085,0.9906103579016058,0,0,0.7956667009012022,0.20433329909879777,1,0,0.9698066914498141,0.03019330855018587
11_external_impact_y20N_p2l_v2:0081,11_external_impact_y20N_p2l_v2,test,25.077999999999943,25.47799999999994,1,1,0.0,1.0,1,1,0.0860587531206812,0.9139412468793188,1,1,0.004,0.996
11_external_impact_y20N_p2l_v2:0082,11_external_impact_y20N_p2l_v2,test,25.277999999999942,25.67799999999994,1,1,0.0,1.0,1,1,0.09955294615454485,0.9004470538454551,1,1,0.0,1.0
11_external_impact_y20N_p2l_v2:0083,11_external_impact_y20N_p2l_v2,test,25.47799999999994,25.87799999999994,1,1,0.0,1.0,1,1,0.003828996282527881,0.9961710037174721,1,1,0.0,1.0
11_external_impact_y20N_p2l_v2:0084,11_external_impact_y20N_p2l_v2,test,25.67799999999994,26.07799999999994,1,1,0.0,1.0,1,1,0.030290204904062767,0.9697097950959372,1,0,0.4016055232807241,0.5983944767192759
11_external_impact_y20N_p2l_v2:0085,11_external_impact_y20N_p2l_v2,test,25.87799999999994,26.27799999999994,0,1,0.07891316634077183,0.9210868336592283,0,0,0.8934087292711991,0.10659127072880105,1,0,0.514,0.486
11_external_impact_y20N_p2l_v2:0086,11_external_impact_y20N_p2l_v2,test,26.07799999999994,26.477999999999938,0,1,0.10891030944159122,0.8910896905584088,0,0,0.5288867030811817,0.4711132969188182,1,1,0.0,1.0
11_external_impact_y20N_p2l_v2:0087,11_external_impact_y20N_p2l_v2,test,26.27799999999994,26.677999999999937,0,1,0.08973519848905084,0.9102648015109491,0,0,0.5282245337827146,0.47177546621728544,1,1,0.002,0.998
11_external_impact_y20N_p2l_v2:0088,11_external_impact_y20N_p2l_v2,test,26.477999999999938,26.877999999999936,0,1,0.029270725121120892,0.9707292748788791,0,0,0.7855832241579848,0.21441677584201554,1,1,0.0,1.0
