window_id,run_id,window_start_sec,window_end_sec,wheel_lidar_vx_residual_mean,wheel_lidar_vx_residual_abs_mean,wheel_lidar_vx_residual_abs_max,wheel_lidar_vx_residual_std,wheel_lidar_vx_residual_persistence,wheel_lidar_vx_normalized_residual_mean,wheel_lidar_vx_normalized_residual_abs_mean,wheel_lidar_vx_normalized_residual_abs_max,wheel_lidar_vx_normalized_residual_std,wheel_lidar_vx_normalized_residual_persistence,wheel_imu_yaw_residual_mean,wheel_imu_yaw_residual_abs_mean,wheel_imu_yaw_residual_abs_max,wheel_imu_yaw_residual_std,wheel_imu_yaw_residual_persistence,wheel_lidar_yaw_residual_mean,wheel_lidar_yaw_residual_abs_mean,wheel_lidar_yaw_residual_abs_max,wheel_lidar_yaw_residual_std,wheel_lidar_yaw_residual_persistence,imu_lidar_yaw_residual_mean,imu_lidar_yaw_residual_abs_mean,imu_lidar_yaw_residual_abs_max,imu_lidar_yaw_residual_std,imu_lidar_yaw_residual_persistence,wheel_vx_abs_mean,wheel_yaw_rate_abs_mean,imu_yaw_rate_abs_mean,lidar_vx_abs_mean,lidar_yaw_rate_abs_mean,imu_horizontal_accel_rms,imu_horizontal_accel_std,imu_horizontal_accel_mad,imu_roll_pitch_gyro_energy,icp_valid_fraction,icp_rmse_mean,icp_rmse_max,icp_rmse_std,icp_inlier_ratio_mean,icp_inlier_ratio_min,icp_inlier_ratio_std,icp_observability_mean,icp_observability_min,icp_observability_std,wheel_translation_reliable,wheel_rotation_reliable,imu_yaw_rate_reliable,lidar_translation_reliable
00_normal_p2l_v2:0000,00_normal_p2l_v2,19.99,20.389999999999997,0.0018423552110573838,0.016154579741983654,0.04664453893899442,0.02318200678842716,0.0,0.0183563719573077,0.20790013224208503,0.5852354181817445,0.2972137116176877,0.0,4.85791319499694e-05,0.00015339337897547545,0.00039791192500664017,0.0002014558122516211,0.0,-3.207477976309318e-05,0.003079521680927117,0.005101471555619112,0.0035201163401891162,0.0,-7.81693591640974e-05,0.0030737490037808877,0.005058231284601329,0.0035009537058481007,0.0,0.24999999999231193,0.0,0.00013401799604572883,0.24815764478125454,0.003079521680927117,0.01466781361314573,0.005841351270366802,0.0033422701047918875,6.769644250310265e-08,1.0,0.0037898375372490026,0.004096488506986987,0.00025469799713180916,0.6796296296296296,0.6611111111111111,0.011857637476727483,0.49177707963300515,0.47520924421536787,0.00931171461836314,1,1,1,1
00_normal_p2l_v2:0001,00_normal_p2l_v2,20.189999999999998,20.589999999999996,0.0024769460915685243,0.01816400497053616,0.04995535703913648,0.025178219380333704,0.0,0.036525502112353,0.23778628247406822,0.6728480497514303,0.33319908776919915,0.0,8.743428883676915e-05,0.0001770748963639565,0.0003784885180969979,0.00019905387291693454,0.0,-0.001280937613604594,0.0031607770441433925,0.010390032622929268,0.004532081001735162,0.0,-0.0012574408804464142,0.0031199216968654906,0.0102327489139956,0.0044562280525498625,0.0,0.24999999999231193,0.0,0.00015974949551676124,0.24752305390074344,0.0031607770441433925,0.01547675100438832,0.006212642915892491,0.003197673401323915,6.407861033081952e-08,1.0,0.0038961223516924604,0.004217390235692769,0.00022020733045669227,0.6712962962962963,0.6611111111111111,0.0059288187383637735,0.49546228005273735,0.47520924421536787,0.0120092763191893,1,1,1,1
00_normal_p2l_v2:0002,00_normal_p2l_v2,20.389999999999997,20.789999999999996,0.005498549358586083,0.029215000650250896,0.04995535703913648,0.03323312348886237,0.0,0.0730079255078247,0.37849674368378133,0.6728480497514303,0.43102668110032527,0.0,8.577321464137736e-05,0.00019257062006933318,0.00042230406419663523,0.00021354049135380478,0.0,-0.0004703697682035411,0.006345833805927972,0.017626392113173295,0.008718862501523173,0.0,-0.00039052009842710744,0.006296331562506518,0.017717434392238232,0.00870946342223996,0.0,0.24999999999231193,0.0,0.00016707583108584403,0.24450145063372583,0.006345833805927972,0.015351250334698825,0.006337850128904796,0.0034212349748301996,8.301315380578091e-08,1.0,0.0039053575214200898,0.004305204048050038,0.0003505215852755629,0.6675925925925926,0.6611111111111111,0.0059288187383637735,0.5004951584253473,0.48986462786007456,0.007096425581780135,1,1,1,1
00_normal_p2l_v2:0003,00_normal_p2l_v2,20.589999999999996,20.989999999999995,0.00988114925246772,0.02354848261854987,0.04930518778467671,0.02518245071682318,0.0,0.12922300923011837,0.30494402036625207,0.6215193756603645,0.32424722740437595,0.0,3.101198540122233e-06,0.0001820320997907682,0.0004266107169182977,0.00022073957065202996,0.0,0.003527903607947133,0.007648158000577108,0.017626392113173295,0.00830646810357565,0.0,0.0036798185211774507,0.00771552560804068,0.017717434392238232,0.008323616478778736,0.0,0.24999999999231193,0.0,0.0001598813149832593,0.2401188507398442,0.007648158000577108,0.012630442631726925,0.005309630859935228,0.004262544355183879,8.08205598098556e-08,1.0,0.0038974032044830896,0.004320726783754165,0.0003561991437873299,0.6626984126984127,0.6555555555555556,0.0057230972626412585,0.5068220923186796,0.48986462786007456,0.015812355829912,1,1,1,1
00_normal_p2l_v2:0004,00_normal_p2l_v2,20.789999999999996,21.189999999999994,0.005175799502640402,0.014166635858469556,0.030799456901824007,0.016531059357752845,0.0,0.06947886114864081,0.18711120397333977,0.4168791078764205,0.22040383026942337,0.0,-2.0486941345951953e-05,0.00014470350711020015,0.0004266107169182977,0.00017709056846013232,0.0,0.002795141986987062,0.004906265401015036,0.009772690884211819,0.00516674662126584,0.0,0.00292336080089198,0.004936238806650716,0.009922714347136003,0.005190347711975163,0.0,0.24999999999231193,0.0,0.0001491443790219561,0.24482420048967152,0.004906265401015036,0.011916823749520565,0.005691530991844513,0.00339543326032011,6.700624278115708e-08,1.0,0.0037980398600912617,0.004320726783754165,0.00027214130662242964,0.6611111111111111,0.65,0.007273929674533078,0.5165723551423559,0.4980282207155849,0.012733470366298467,1,1,1,1
00_normal_p2l_v2:0005,00_normal_p2l_v2,20.989999999999995,21.389999999999993,0.016547061317227163,0.02393323397243032,0.06857871472772725,0.028273316370158966,0.0,0.20273219371866102,0.300560948457444,0.8238074080575472,0.34876355547205606,0.0,2.460515901090175e-05,0.000131644790334179,0.0002782637530853654,0.00015139871214528295,0.0,0.003973420114385062,0.005154411682175632,0.01877253616087354,0.006998364682971295,0.0,0.003996671749629179,0.005051848618042611,0.01872479484223212,0.006939192575382472,0.0,0.24999999999231193,0.0,0.00013281484777129772,0.23345293867508476,0.005154411682175632,0.013839413469077851,0.007025883283210232,0.005417087883956383,7.590092278305424e-08,1.0,0.0038725411327752133,0.004392797205316492,0.0003128088701949006,0.6648148148148147,0.65,0.00828173324999922,0.5171478247173992,0.5044201457475329,0.007657486226251972,1,1,1,1
00_normal_p2l_v2:0006,00_normal_p2l_v2,21.189999999999994,21.589999999999993,0.024327285144237067,0.02783866017276486,0.06857871472772725,0.023846195233004953,0.0,0.29892177561881256,0.3466171148621102,0.8238074080575472,0.29346241181230215,0.0,1.9857462935264006e-05,0.0001778406625416915,0.00045231523948518213,0.00020410641164526994,0.0,0.0045029513172044735,0.006478963728280542,0.01877253616087354,0.007749549502860354,0.0,0.0045108462238098715,0.006421343558794701,0.01872479484223212,0.007737805307167863,0.0,0.24999999999231193,0.0,0.0001393550129544809,0.22567271484807486,0.006478963728280542,0.01536161673897289,0.007489604249838361,0.0055669996076947465,8.264210529633934e-08,1.0,0.004073424815971704,0.004392797205316492,0.00031385118877366383,0.6648148148148147,0.65,0.00828173324999922,0.5055691462725463,0.48855416012972785,0.012761309898253177,1,1,1,1
00_normal_p2l_v2:0007,00_normal_p2l_v2,21.389999999999993,21.789999999999992,0.0034769453351789076,0.01705455847765944,0.02653756135648172,0.018379938775098463,0.0,0.03190485077694896,0.2166187983820181,0.34986154272526276,0.2357031328296415,0.0,4.097451334047404e-05,0.00018785206055227046,0.00045231523948518213,0.00021875936586481084,0.0,-0.00019279641549401348,0.004907796789466593,0.01005377113735936,0.005746358446272915,0.0,-0.00021458172684018858,0.0048609138224656335,0.01020260758592561,0.005765762015360076,0.0,0.24999999999231193,0.0,0.00014346895116545884,0.246523054657133,0.004907796789466593,0.01407830196809905,0.006507051138723489,0.0038538107515755805,7.5425641088668e-08,1.0,0.003999488637576826,0.004391739316421645,0.0003656533624370986,0.6592592592592592,0.65,0.006141897759917385,0.49234146426683706,0.4838558749318426,0.005657763256406018,1,1,1,1
00_normal_p2l_v2:0008,00_normal_p2l_v2,21.589999999999993,21.98999999999999,0.009670762399530622,0.022904079268475847,0.03796707196347271,0.023971146517413118,0.0,0.11351009158384695,0.29531795722975923,0.4747122931290988,0.3112708963662181,0.0,1.9375161207494514e-05,0.00013595924090236555,0.0003368632569198718,0.00017436899139151486,0.0,0.0020955452406659783,0.00627923945074295,0.011071043433868158,0.006584334016859375,0.0,0.0020383561930767736,0.00622931873222186,0.011073862028619402,0.006558506875461033,0.0,0.24999999999231193,0.0,0.0001400153313525693,0.24032923759278133,0.00627923945074295,0.01307626796726543,0.0059064059204772795,0.0031011182153676013,7.767050910114992e-08,1.0,0.0038425653469548082,0.004391739316421645,0.0003759099034483599,0.6574074074074073,0.65,0.005237828008789222,0.5041992195874145,0.4838558749318426,0.018603374553515857,1,1,1,1
00_normal_p2l_v2:0009,00_normal_p2l_v2,21.789999999999992,22.18999999999999,0.022434586114580754,0.02560166486957324,0.052836735146339325,0.021278493387145846,0.0,0.28053190863467165,0.3253211659188124,0.6447466512407634,0.2672587667751967,0.0,-5.327602509367015e-05,0.00013681509729260587,0.0003843893046870254,0.00017272632905599786,0.0,0.006496910983048929,0.006496910983048929,0.01141481990711993,0.0038945915789409626,0.0,0.00643419997149595,0.00643419997149595,0.01128530275360555,0.0038763297123712236,0.0,0.24999999999231193,0.0,0.00015711801429524412,0.2275654138777312,0.006496910983048929,0.01392887525052349,0.007426227530403381,0.003976372873775057,8.5860974630298e-08,1.0,0.003856990155726905,0.004285295278180034,0.00031947792236481504,0.6509259259259259,0.6444444444444445,0.0059288187383637276,0.5195606431727324,0.49752472246690566,0.01110256777562984,1,1,1,1
00_normal_p2l_v2:0010,00_normal_p2l_v2,21.98999999999999,22.38999999999999,0.01520311077930587,0.020082658856126912,0.052836735146339325,0.020757563709014215,0.0,0.19029236410058872,0.25367098961382023,0.6447466512407634,0.256887865715829,0.0,-5.098609977271712e-06,0.0001476394202460636,0.0003843893046870254,0.00018448691941701307,0.0,0.0017531560922647703,0.004149068805475046,0.01141481990711993,0.005119355632328611,0.0,0.0017516245179581946,0.004162425031955683,0.01128530275360555,0.005088901322199971,0.0,0.24999999999231193,0.0,0.00015778119470534686,0.23479688921300604,0.004149068805475046,0.014120644768395103,0.007734211705548431,0.004167523649478067,8.414012219420262e-08,1.0,0.0039374682218664995,0.004285295278180034,0.00017259173950890888,0.6509259259259259,0.6444444444444445,0.005928818738363728,0.5287137981946236,0.5154860821826277,0.013826387616447043,1,1,1,1
00_normal_p2l_v2:0011,00_normal_p2l_v2,22.18999999999999,22.58999999999999,0.00210855257073482,0.019269380333892586,0.032449650085991266,0.021946279685296922,0.0,0.026725725989200016,0.2377810839880762,0.38843835993198184,0.2679941658283141,0.0,5.195112872605846e-05,0.00013931843992411378,0.00042798110652557836,0.00016435234605486569,0.0,-0.0006219057256223146,0.002870791637068394,0.006014743898984556,0.003376628059335931,0.0,-0.0005670644834605316,0.0029402627306012665,0.006125280620464153,0.003446639808417027,0.0,0.24999999999231193,0.0,0.0001474498651858957,0.24789144742157712,0.002870791637068394,0.016373849955412124,0.008544612037554735,0.006433715723151509,7.953690858894435e-08,1.0,0.00412461156194692,0.004452443716533177,0.0002416147662925097,0.6611111111111111,0.65,0.00717219138186559,0.5435109226319174,0.5154860821826277,0.012656132977400049,1,1,1,1
00_normal_p2l_v2:0012,00_normal_p2l_v2,22.38999999999999,22.78999999999999,0.0018994216478812932,0.016678931131115085,0.032449650085991266,0.020447026340213795,0.0,0.02208599401628383,0.2038031030961507,0.38843835993198184,0.24751533696549427,0.0,5.511359202069223e-05,0.00018204377351853314,0.0005169915484926408,0.00022043832119470096,0.0,0.00019000371837502432,0.004402229953160406,0.009346324755914846,0.005164664373009746,0.0,0.00017533179035101373,0.004415722571304345,0.009431592242667064,0.005216491394586231,0.0,0.24999999999231193,0.0,0.000158677746707262,0.24810057834443064,0.004402229953160406,0.017303572110628263,0.008832046980722697,0.006623688767880179,8.063851443684476e-08,1.0,0.0042068644243759175,0.004626547202714233,0.00035324496663570595,0.6666666666666666,0.6611111111111111,0.0032075014954979415,0.5547310353698635,0.543709326668123,0.009747560892252314,1,1,1,1
00_normal_p2l_v2:0013,00_normal_p2l_v2,22.58999999999999,22.989999999999988,0.011043143865519953,0.01354137366241702,0.028433351437820886,0.011561253081116517,0.0,0.13639702250381208,0.17043739909803424,0.34600383015024777,0.14568492242770825,0.0,5.9288702425424784e-05,0.0002011400474338132,0.0005169915484926408,0.00023201262930182392,0.0,0.0030562046272141576,0.006171646212519107,0.009346324755914846,0.005816358940175141,0.0,0.003027325333347042,0.006171189414236063,0.009431592242667064,0.005868139341205364,0.0,0.24999999999231193,0.0,0.00017917854183297998,0.238956856126792,0.006171646212519107,0.01488783729577434,0.007245642603404269,0.00415875569643708,7.997905631257894e-08,1.0,0.004071383169858961,0.004626547202714233,0.0003449654907589395,0.6638888888888889,0.6555555555555556,0.004243125643477615,0.55498290073476,0.5373627344992749,0.011563850013230268,1,1,1,1
00_normal_p2l_v2:0014,00_normal_p2l_v2,22.78999999999999,23.189999999999987,0.012468293630189175,0.012468293630189175,0.028433351437820886,0.007850307470893783,0.0,0.15620140388887557,0.15620140388887557,0.34600383015024777,0.0944891907957268,0.0,2.7132341986457316e-06,0.00017509192618626497,0.00039570006071170175,0.00020750907362358407,0.0,0.004460024184193455,0.005607524399265303,0.008278987198368986,0.003969443756702218,0.0,0.004549834519706594,0.0056587027903620135,0.008277924428357265,0.003969918077934911,0.0,0.24999999999231193,0.0,0.00016113274235965433,0.23753170636212273,0.005607524399265303,0.014356148979704492,0.00676054438344067,0.004785853461680936,7.982258403733061e-08,1.0,0.004043517339634888,0.004308960309789508,0.00024159502128008346,0.6583333333333333,0.65,0.005319039487535193,0.5486435642488935,0.5373627344992749,0.006837484598431737,1,1,1,1
00_normal_p2l_v2:0015,00_normal_p2l_v2,22.989999999999988,23.389999999999986,0.020098478417728247,0.020098478417728247,0.03807275161726559,0.012312941436259668,0.0,0.25844450005834874,0.25844450005834874,0.5039457835226695,0.16131216724843395,0.0,-8.75780453291893e-05,0.00015448330117480603,0.00036507246152025726,0.0001704722196948406,0.0,0.005443477035241453,0.006590977250313303,0.014620469538753659,0.005393147091610415,0.0,0.0055777907162938714,0.006686658986949291,0.014710650483089532,0.005387633791502834,0.0,0.26699999998850865,0.0,0.00014560788351694305,0.24656818824091542,0.006590977250313303,1.1886932660828264,1.15527555417599,0.00573377693703101,6.477708548268766e-08,1.0,0.003963818760636531,0.004308960309789508,0.00021771483886008993,0.6564814814814814,0.65,0.003817690394090413,0.5473236509278959,0.5441000491475654,0.00302275949459548,1,1,1,1
00_normal_p2l_v2:0016,00_normal_p2l_v2,23.189999999999987,23.589999999999986,0.02472748270658721,0.025864304531829575,0.03807275161726559,0.01393582000966995,0.0,0.32720020761445806,0.3419774831040416,0.5122273010444705,0.18744676676511643,0.0,-6.152215128070374e-06,0.00016041885120286016,0.00036507246152025726,0.00019146361608580464,0.0,0.0051708545703187175,0.005469645488906725,0.014620469538753659,0.0048189189848233,0.0,0.0051285799583960555,0.005590864558521488,0.014710650483089532,0.004951294256398601,0.0,0.31699999998750394,0.0,0.00016109155805710913,0.29193918395105173,0.005469645488906725,1.1886890936777692,1.155282469444101,0.004551092409764615,7.009884891315275e-08,1.0,0.003786212522851466,0.0040580330787921975,0.00022438192555461302,0.6472222222222223,0.6222222222222222,0.013127265628479469,0.5521818598980536,0.5441000491475654,0.007630055250846837,1,1,1,1
00_normal_p2l_v2:0017,00_normal_p2l_v2,23.389999999999986,23.789999999999985,0.0016187696214846892,0.0173070569220773,0.036465236960471714,0.020770389160519067,0.0,0.029705974533435126,0.23019381649981188,0.5122273010444705,0.27923301712313153,0.0,9.332283458651394e-05,0.00015634009943144958,0.00040803831804186536,0.0001641607421320056,0.0,-0.00020282555750216453,0.002235888113438923,0.005986764101209564,0.0030737092838103324,0.0,-0.00032717372789974926,0.0023414852588936083,0.00627643761965178,0.003179004055512986,0.0,0.3499999999903025,0.0,0.00016748762587580408,0.34838123036881785,0.002235888113438923,0.013764198627524087,0.005845770044045496,0.003842228491115594,8.227605463839196e-08,1.0,0.0037744316877677494,0.00411214591400522,0.0002316997293798987,0.6240740740740741,0.6055555555555555,0.016249934050726167,0.5604524770975073,0.5463017290123187,0.0088854258930488,1,1,1,1
00_normal_p2l_v2:0018,00_normal_p2l_v2,23.589999999999986,23.989999999999984,0.003339290513123807,0.01789075598847405,0.04753032470116153,0.023050007016725802,0.0,0.04644548853070812,0.23215605500750147,0.6297679387747793,0.30120225522699373,0.0,4.890757855649711e-05,0.00014164139292640845,0.00040803831804186536,0.00017527592474835105,0.0,0.0022721570603259898,0.00441207981267907,0.009623956681959719,0.005178195185068818,0.0,0.002233356239713414,0.0044397306263813385,0.009317143416814807,0.00521381362177366,0.0,0.3499999999903025,0.0,0.0001523881561194105,0.3466607094771787,0.00441207981267907,0.014653527421488276,0.006339055444207118,0.0037855752203508793,7.602319076055989e-08,1.0,0.003885095761464751,0.00411214591400522,0.00015535394607323167,0.6333333333333333,0.6055555555555555,0.02625453125695896,0.5581865176741493,0.5379755632692138,0.011507897646010123,1,1,1,1
00_normal_p2l_v2:0019,00_normal_p2l_v2,23.789999999999985,24.189999999999984,0.026349961941893662,0.02875107477434699,0.06396842777476736,0.025164504381919087,0.0,0.3537306616303479,0.38675242922780423,0.8818955920420888,0.34414308364302015,0.0,3.3575642502451046e-05,0.0001411035052836809,0.0003483160904200026,0.00017773854263384228,0.0,0.005383138067271588,0.005576436114543017,0.009623956681959719,0.003507093742969492,0.0,0.005369820760422923,0.005482986126887399,0.009317143416814807,0.0034052659248744966,0.0,0.3499999999903036,0.0,0.00013924458707467792,0.32365003804840886,0.005576436114543017,0.015358636445141818,0.007217193923387077,0.0047843671495078005,8.151824618617845e-08,1.0,0.0037096375491303957,0.0040580823683523904,0.0002052153669873632,0.6564814814814814,0.6333333333333333,0.017689789976428543,0.5441876128879503,0.5315890263007317,0.011384116002671378,1,1,1,1
00_normal_p2l_v2:0020,00_normal_p2l_v2,23.989999999999984,24.389999999999983,0.01613657742530168,0.03520455210863759,0.06396842777476736,0.03679206505888587,0.0,0.2141720882535434,0.48118926972322895,0.8818955920420888,0.5049024890930278,0.0,4.120787048446126e-05,0.00014534598850101996,0.00033377602315109707,0.00016937728177557592,0.0,0.0016892329645377734,0.005796939779209317,0.01014541042128122,0.006744164396628775,0.0,0.0016616467580145271,0.005706053014446071,0.010065860597362154,0.006686722622509535,0.0,0.3499999999903036,0.0,0.00013329100026006092,0.3338634225650008,0.005796939779209317,0.012950453551135152,0.006768855360247298,0.0047036573843571,8.808649603048547e-08,1.0,0.003500485446424228,0.0036740064324824167,0.00013885407346268312,0.6407407407407408,0.5944444444444444,0.031860463952009754,0.5394246021860335,0.5315890263007317,0.006441535302845482,1,1,1,1
00_normal_p2l_v2:0021,00_normal_p2l_v2,24.189999999999984,24.589999999999982,-0.0020702864100745158,0.024300268014719285,0.05241041795788942,0.028212474419000943,0.0,-0.034328191924093816,0.33238394020060086,0.7004394319704894,0.38393934735396146,0.0,1.7841177186638216e-05,0.0001432714453048593,0.00027611640150874473,0.00016279995508128236,0.0,-0.00031148531133157187,0.005616311841710883,0.01014541042128122,0.00651410233692274,0.0,-0.00033091358268414134,0.005629031950657091,0.010065860597362154,0.006488484222401345,0.0,0.3499999999903025,0.0,0.0001370252162793862,0.352070286400377,0.005616311841710883,0.011813375939522912,0.005810439860486051,0.004395539464626846,8.168772298420015e-08,1.0,0.0035298940297489776,0.00385524171404462,0.00019650550976897403,0.6333333333333333,0.5944444444444444,0.03255258487267956,0.5349232915431554,0.5237143763329567,0.009678526299084628,1,1,1,1
00_normal_p2l_v2:0022,00_normal_p2l_v2,24.389999999999983,24.78999999999998,0.0012392556130941719,0.02967493889219196,0.07846305665981351,0.03799725636122939,0.0,0.009474418749149153,0.3914461672694722,1.0090339451968322,0.49378575597621704,0.0,2.0057312433602754e-06,0.0001522074429955085,0.0005241386847838412,0.00019392732882573483,0.0,0.0018337941152160976,0.0043586851638493344,0.012295464550871008,0.005628575282521046,0.0,0.0018648157843014098,0.004451500630289324,0.012618533393588439,0.005738958893289473,0.0,0.3499999999903025,0.0,0.0001535126337181328,0.34876074437720833,0.0043586851638493344,0.012951248217770998,0.006344260408229235,0.005081806332524357,8.353508470888383e-08,1.0,0.003634909417495745,0.003930579309442975,0.00027742672871270996,0.6361111111111111,0.5666666666666667,0.03977172517576767,0.5315983372111702,0.5237143763329567,0.006573052585678377,1,1,1,1
00_normal_p2l_v2:0023,00_normal_p2l_v2,24.589999999999982,24.98999999999998,0.01611276299928992,0.03960470818346476,0.07846305665981351,0.04234960695361999,0.0,0.20006936282944587,0.5166403149019408,1.0090339451968322,0.5512511097068301,0.0,-1.5043019765608226e-05,0.0001750703522975918,0.0005241386847838412,0.00021306420774296273,0.0,0.004386166017349344,0.005806781291011979,0.012295464550871008,0.005955830736658753,0.0,0.00436694595569075,0.005846016788343836,0.012618533393588439,0.006014052659221697,0.0,0.3499999999903025,0.0,0.00015124617591031082,0.33388723699101264,0.005806781291011979,0.014402491351223252,0.007750339838250349,0.005719409264070604,8.803248347976314e-08,1.0,0.003698155695367625,0.004076462046334413,0.0003379178277241506,0.6481481481481481,0.5666666666666667,0.0477548035489912,0.5340007038008927,0.528564032760929,0.004731820967312523,1,1,1,1
00_normal_p2l_v2:0024,00_normal_p2l_v2,24.78999999999998,25.18999999999998,0.015781261883498137,0.025277760814462053,0.05403875400394653,0.025558456656763054,0.0,0.19872342374986182,0.32953362392509106,0.7050525768843096,0.3349503030620972,0.0,-8.22190346185959e-05,0.00017430705903478992,0.0004953069516590432,0.00019844835914696864,0.0,0.004665454517749831,0.007568070519871124,0.009719221640170733,0.0064575769666376055,0.0,0.004662293933074238,0.007606975464261172,0.010020135178034812,0.006508201267435897,0.0,0.3499999999903025,0.0,0.00016368047369547204,0.3342187381068043,0.007568070519871124,0.01436511571888321,0.007009601855322257,0.004328898205145671,7.746892950626352e-08,1.0,0.0037585374163232785,0.004076462046334413,0.0002588996332468578,0.6666666666666666,0.6111111111111112,0.03409620859170733,0.5206564501497237,0.47938113707334373,0.019077064381077268,1,1,1,1
00_normal_p2l_v2:0025,00_normal_p2l_v2,24.98999999999998,25.38999999999998,0.007704384337870916,0.018250684130038764,0.029333460503737807,0.018408647285598684,0.0,0.094636741941807,0.23815320365220738,0.3757425255154589,0.24218393095124144,0.0,0.008716139896986943,0.008962204911205664,0.17588934991231864,0.03835264199862598,0.05,0.0037327639242188504,0.005726267315668405,0.009719221640170733,0.005415545887666849,0.0,0.0037833681701903168,0.005832204688105805,0.010020135178034812,0.005525989032045763,0.0,0.34479999999418975,0.008799999998727206,0.00016890384061803802,0.34229561565243155,0.005726267315668405,0.9101295628373355,0.896373081449966,0.004970130898415467,9.359473936559081e-08,1.0,0.00382179086542065,0.0043051057411695685,0.00026019371981523127,0.6638888888888889,0.6277777777777778,0.027731442836799878,0.5128930386877367,0.47938113707334373,0.01614158908915001,1,1,1,1
00_normal_p2l_v2:0026,00_normal_p2l_v2,25.18999999999998,25.58999999999998,-0.0023271283241300907,0.029272800949516967,0.07046148416238263,0.035785847808261585,0.0,-0.03204050761946385,0.3586849152697384,0.8378533686445502,0.42994678741989173,0.0,0.020304284798576138,0.02039255227788181,0.17588934991231864,0.03949934040804716,0.05,0.03580213694822148,0.03580213694822148,0.1779277457368037,0.06375149443189475,0.16666666666666666,0.02714527983649311,0.029417644351451347,0.15962950734243592,0.05935664015683873,0.16666666666666666,0.2797999999969336,0.11879999996076082,0.09591073446347169,0.2873271283178953,0.07751782833657732,1.0998960832634752,1.0547754170192356,0.015609165339822538,1.1445062699706235e-07,1.0,0.004056778470870986,0.004786671654308031,0.0004912722571303624,0.6277777777777778,0.5777777777777777,0.04031766862421711,0.5032854477498169,0.478231931104322,0.015018112607639768,1,1,1,1
00_normal_p2l_v2:0027,00_normal_p2l_v2,25.38999999999998,25.789999999999978,-0.02176137672039941,0.034247884613019954,0.07046148416238263,0.03522380204562175,0.0,-0.2721470380133697,0.41389351841213995,0.8378533686445502,0.41989260782406573,0.0,0.020520087323361358,0.020520087323361358,0.07670566772592921,0.012907264048182794,0.0,0.041248165026080925,0.04164984277226478,0.1779277457368037,0.06166072658153948,0.16666666666666666,0.023630715729442822,0.032179026396468115,0.15962950734243592,0.06130662743958415,0.16666666666666666,0.2199999999944091,0.21999999993225444,0.19684255551869684,0.24176137671552533,0.17875183490194516,0.6186054889476906,0.5905847129023529,0.006423401973425301,9.059019710416536e-08,1.0,0.004271372909440873,0.004786671654308031,0.0004045415576548057,0.5805555555555556,0.5611111111111111,0.018355766297776875,0.5033863369205681,0.478231931104322,0.015134952691907991,1,1,1,1
00_normal_p2l_v2:0028,00_normal_p2l_v2,25.58999999999998,25.989999999999977,-0.0104264148023136,0.0197926725976509,0.05408012106834509,0.024131143914998918,0.0,-0.12882220540351988,0.2465151114725963,0.6906810114595201,0.30396171521530035,0.0,0.01809554809457019,0.01809554809457019,0.018620351357122283,0.0003950411559585464,0.0,0.010656797770604543,0.01371981349979851,0.026143936361121972,0.012135279162658831,0.0,-0.007396031825212271,0.01084222125896262,0.026155911441476692,0.01191351766571707,0.0,0.21999999999312236,0.21999999993995764,0.2018983791311134,0.230426414795431,0.20934320216937874,0.04710859610144345,0.01016827780894616,0.005715854855962335,7.25560573685489e-08,1.0,0.004175608982783377,0.0044704444898246865,0.00023100520810199687,0.5638888888888888,0.5444444444444444,0.009487917375888522,0.5115426410564003,0.493987352809869,0.013189902584040486,1,1,1,1
00_normal_p2l_v2:0029,00_normal_p2l_v2,25.789999999999978,26.189999999999976,0.004489374411036233,0.022060493415048454,0.052713357012036666,0.026690591603628695,0.0,0.05448830497064427,0.27988122718160785,0.6761787666328908,0.3405024971383908,0.0,0.01825285234589021,0.01825285234589021,0.018748258766804138,0.00023923960853131768,0.0,0.01771840638860322,0.020379744371613332,0.03707796390912771,0.015166617399810579,0.0,-0.0005949905180287762,0.01269412609563153,0.026155911441476692,0.015138815256829058,0.0,0.21999999999327002,0.21999999993920044,0.20174949890681537,0.21551062558222933,0.20228159355062,0.044198975154263215,0.009985351244498607,0.007021194511368442,7.029588765760932e-08,1.0,0.004046281617315259,0.00423518170562008,0.00014678917207885803,0.5574074074074074,0.5444444444444444,0.009442628728875519,0.5038925221386688,0.493987352809869,0.011894751388176816,1,1,1,1
00_normal_p2l_v2:0030,00_normal_p2l_v2,25.989999999999977,26.389999999999976,-0.010844547072504679,0.02802815710325206,0.052713357012036666,0.029609482993606582,0.0,-0.13933342485944497,0.3560100509426207,0.6761787666328908,0.3767004897478419,0.0,0.01829443813860414,0.01829443813860414,0.018748258766804138,0.00020092103120116818,0.0,0.021529454153444982,0.021529454153444982,0.03707796390912771,0.01221514999545005,0.0,0.003183253203528085,0.011331757157738731,0.018770325748466737,0.012255791525690757,0.0,0.2199999999933855,0.21999999993860833,0.20171843278183627,0.23084454706588867,0.19847054578517098,0.04682239115086093,0.010623394709634465,0.006932404729841291,6.297715585325229e-08,1.0,0.00396637683409794,0.004413123312553815,0.00028677788683867725,0.549074074074074,0.5388888888888889,0.005928818738363774,0.4956199864978726,0.46775235724066383,0.01264864945935281,1,1,1,1
00_normal_p2l_v2:0031,00_normal_p2l_v2,26.189999999999976,26.589999999999975,-0.0213679471361289,0.0213679471361289,0.042131562494777286,0.01491547622143641,0.0,-0.2761472404674637,0.2761472404674637,0.5666462565254394,0.19721066637846768,0.0,0.0004130314330897639,0.021513373719487833,0.1749862154272777,0.0418764883495799,0.05,-0.036160438483083875,0.05278592245420905,0.2607404221293751,0.1009861798082321,0.16666666666666666,-0.04575012466659275,0.04901228253890819,0.24540044355757135,0.08965031035099981,0.16666666666666666,0.21999999999298692,0.21559999992292736,0.2008360040533584,0.24136794712871246,0.18079421822353856,0.6502930793932346,0.6215351449498733,0.006727426385681717,6.540514898877571e-08,1.0,0.0038456527541360936,0.004413123312553815,0.0003180089908297041,0.5583333333333333,0.5388888888888889,0.02882293040050627,0.5041928606961028,0.46775235724066383,0.02258688315163903,1,0,1,1
00_normal_p2l_v2:0032,00_normal_p2l_v2,26.389999999999976,26.789999999999974,-0.0056386480142909855,0.016982045978045205,0.042131562494777286,0.020939558396105146,0.0,-0.0739451645360952,0.22369326134401737,0.5666462565254394,0.27788494962167065,0.0,-0.008758472680806878,0.012442293415769334,0.1749862154272777,0.038859779893391684,0.05,-0.04834462044129199,0.050733678260966385,0.2607404221293751,0.09531004241375683,0.16666666666666666,-0.04876893325945042,0.049297025368747804,0.24540044355757135,0.08814028034140918,0.16666666666666666,0.21999999999249842,0.21559999992634338,0.20996678849505673,0.22563864800637123,0.18333370585699219,0.6502759650128098,0.6215010685794445,0.0051493868692493484,7.622893153798632e-08,1.0,0.0037906259400356454,0.004061043985708801,0.00022555291865358223,0.5527777777777777,0.5277777777777778,0.03219507157539576,0.4891298804954441,0.4350741767511066,0.03498789641370389,1,0,1,1
00_normal_p2l_v2:0033,00_normal_p2l_v2,26.589999999999975,26.989999999999974,0.012042720792484043,0.016115196171359644,0.028926731158840452,0.013531993965978473,0.0,0.14077810264752177,0.1918311946461433,0.29489725449094345,0.15651532776138946,0.0,-1.8260148934998165e-05,0.00014942735597518741,0.00030793844951082505,0.0001719382376860283,0.0,-0.00369289968842193,0.01152059677113034,0.02202136093796825,0.013419513852225666,0.0,-0.0037057402200413266,0.011553869381073403,0.021960111155204104,0.01341981814993303,0.0,0.21999999999251507,0.21999999994452954,0.22000169537139241,0.20795727920001625,0.21630710025624425,0.04995065446134955,0.007621086630320957,0.005784449625279676,9.370695075190171e-08,1.0,0.004279360587952968,0.00556979811241237,0.0006590719410430599,0.5462962962962963,0.5277777777777778,0.015603981061437691,0.44010832203784395,0.39020639662638024,0.028349429566316642,1,1,1,1
00_normal_p2l_v2:0034,00_normal_p2l_v2,26.789999999999974,27.189999999999973,0.01604467482752087,0.02119456357616227,0.03603828027522102,0.017377360348512866,0.0,0.17202849898532538,0.23653601755896847,0.3983693756224161,0.19540530191492214,0.0,1.7629007287227327e-05,0.00018307422034448268,0.0004343350871516827,0.00021639273277750427,0.0,0.0012197259577614121,0.011190325262271547,0.02202136093796825,0.013119709692403569,0.0,0.0011722835851697467,0.011129062973329029,0.021960111155204104,0.013076054535925976,0.0,0.21999999999258502,0.2199999999432599,0.22004017837882053,0.20395532516504766,0.22121972590116654,0.05072574162875556,0.00899935083802569,0.004609061598233311,8.315451388363983e-08,1.0,0.004707557910639441,0.00556979811241237,0.0005293551006585507,0.5574074074074074,0.5444444444444444,0.013094570021973092,0.41226385542714716,0.39020639662638024,0.02051017330471986,1,1,1,1
00_normal_p2l_v2:0035,00_normal_p2l_v2,26.989999999999974,27.389999999999972,0.0027431161062486434,0.02607918211738229,0.061244127799702786,0.03247047560575619,0.0,0.02240382319932685,0.30718028251991103,0.7414796372044612,0.3848034392205644,0.0,3.7901807466032834e-05,0.00014986654882797186,0.0004343350871516827,0.0001899289158879743,0.0,-0.010252624564223748,0.015322222138267292,0.025830322458011562,0.01369429287135837,0.0,-0.010272051035413796,0.01525336054217787,0.025809115145989797,0.013639711855434822,0.0,0.21999999999268383,0.2199999999422066,0.2200537681500999,0.21725688388640874,0.20974737537811858,0.049999499478981996,0.009829732669445475,0.006170311091112008,7.661988801843726e-08,1.0,0.004352963071064406,0.004981426816384964,0.0004948143178203324,0.5499999999999999,0.5388888888888889,0.012830005981991677,0.401771809172204,0.38066821126792305,0.014876251593845907,1,1,1,1
00_normal_p2l_v2:0036,00_normal_p2l_v2,27.189999999999973,27.58999999999997,-0.023487252843097935,0.0389194569879344,0.14288662248840225,0.055873690939216146,0.14285714285714285,-0.27876189528803336,0.46464718285082857,1.676574427629585,0.6592096793950363,0.0,0.01692645589367841,0.01704894466695031,0.20918000781417959,0.05232890752871636,0.1,0.014737003378688492,0.03938978576490581,0.18944376200258004,0.07173533734535167,0.14285714285714285,0.0017745487096180324,0.026471247600661052,0.0988602870859768,0.040368075072166165,0.0,0.165000000000729,0.1649999999606005,0.18394648158988036,0.18063010998721896,0.1725904055951603,1.8738498926569553,1.7631004033992577,0.006417910692579087,1.5506859992920386e-05,1.0,0.004142999231252342,0.00455512772323403,0.0004797826131483813,0.5563492063492063,0.5277777777777778,0.0432812641410666,0.3994557004437436,0.38066821126792305,0.010327943215743051,1,1,1,1
00_normal_p2l_v2:0037,00_normal_p2l_v2,27.389999999999972,27.78999999999997,-0.013696425308348565,0.03257814835152021,0.14288662248840225,0.0544708956202691,0.14285714285714285,-0.15432919355016692,0.3947575208891912,1.676574427629585,0.6447297462272493,0.0,0.01688683091793972,0.0170827559989428,0.20918000781417959,0.05234186031715974,0.1,0.026465727704053622,0.03338781915378432,0.18944376200258004,0.06697837655636918,0.14285714285714285,0.013502790134989682,0.020432424701495956,0.0988602870859768,0.035680800336027246,0.0,0.05500000000435046,0.05499999998968509,0.0739972002827122,0.08720101177109225,0.09003341565969684,1.8735875124262418,1.7683401855875274,0.011601301298585182,1.5499034501067505e-05,1.0,0.003998223377110758,0.00455512772323403,0.0005051383043787231,0.6039682539682539,0.5277777777777778,0.0614861712642748,0.401634215089245,0.39236036620733195,0.005384387752077172,1,1,1,1
00_normal_p2l_v2:0038,00_normal_p2l_v2,27.58999999999997,27.98999999999997,0.0023784564511248104,0.02014743835068486,0.031741139045546145,0.021867754810598744,0.0,0.03286799511097652,0.2650421836803239,0.4084068245297461,0.2862474927746026,0.0,-2.9448833598801826e-05,0.00014219279168137483,0.0004148681243583742,0.00019410610365926408,0.0,0.0029664436199594696,0.005946626808775466,0.011279656283199949,0.005785509217320279,0.0,0.002954761406585305,0.005915359910422729,0.011303120040283679,0.005769875366503947,0.0,0.0,0.0,0.00013219884603419394,0.02014743835068486,0.005946626808775466,0.015675858827755396,0.006899230600071413,0.005302262518269134,7.431014508780104e-08,1.0,0.003761062857714244,0.003927031780198578,0.00016524242668209213,0.6574074074074073,0.6444444444444445,0.0061418977599173846,0.40426578295858623,0.39983558122827006,0.0030225406473443203,1,1,1,1
00_normal_p2l_v2:0039,00_normal_p2l_v2,27.78999999999997,28.18999999999997,-0.010500024279427367,0.02060390154647539,0.031741139045546145,0.02030697711164117,0.0,-0.13678715895611934,0.2671830016811323,0.4084068245297461,0.261390706362517,0.0,-0.00011040561586819304,0.0001466450838712469,0.00036862545418007113,0.00014822635914733012,0.0,-0.0008244635047086325,0.003656097325712256,0.00669555928635207,0.004162159305229247,0.0,-0.0007637903433207674,0.0036634537236543575,0.006697399109301178,0.00415719667590523,0.0,0.0,0.0,0.0001267502450346519,0.02060390154647539,0.003656097325712256,0.014341994910839241,0.006736866132952846,0.0064114378559705365,8.562701906688039e-08,1.0,0.003827919283777185,0.004000166553403991,0.00013311747412693433,0.6583333333333333,0.6555555555555556,0.002777777777777768,0.4034455970106004,0.39566560389919764,0.0038762881292797456,1,1,1,1
00_normal_p2l_v2:0040,00_normal_p2l_v2,27.98999999999997,28.38999999999997,0.04772815104265441,0.06331453718551792,0.19993345735603726,0.07900929272221349,0.3333333333333333,0.6147954286239172,0.8159095105850089,2.5225467369050687,1.0075565736083263,0.0,0.002174832311998927,0.002422313791754131,0.02307759171891101,0.006055074391701361,0.0,0.0008002319691072381,0.003157686865129164,0.008071631657038484,0.003973465031608774,0.0,0.00011697116012368803,0.003996631414651247,0.00801234031822183,0.0049047643343386365,0.0,0.05999999998825167,1.2297855042001731e-12,0.002122052792066636,0.05350923493582893,0.003157686868621147,2.024733171704931,1.8629649653150133,0.006188838363385608,7.634255068469656e-08,1.0,0.0038706564590707693,0.004071534605432422,0.00018787290719021938,0.6527777777777778,0.6277777777777778,0.01145307118227128,0.40180504809367723,0.39424179698506945,0.005247014039148096,0,1,1,1
00_normal_p2l_v2:0041,00_normal_p2l_v2,28.18999999999997,28.589999999999968,0.04851427771240407,0.08263803337264494,0.19993345735603726,0.08856631204658603,0.5,0.638381497718442,1.066539415953998,2.5225467369050687,1.124571881919723,0.0,0.002382987454741998,0.0024635482709363986,0.02307759171891101,0.005978356855855241,0.0,0.0014373360067811826,0.0062276907313091,0.011799832410332656,0.007186691444028458,0.0,0.0005813685581893047,0.007008591293685855,0.012042624132320072,0.007816075486319664,0.0,0.20999999998390528,1.1705736095534982e-11,0.0022074442705736766,0.20272310826173287,0.006227690738293069,2.024732196276687,1.863069782433953,0.005950121732062446,6.588682296332152e-08,1.0,0.003887214304613779,0.004124548304412977,0.00024260155659160896,0.6296296296296297,0.5777777777777777,0.02696336996029823,0.39456426612865175,0.38252156269648974,0.008706523083534864,0,1,1,1
00_normal_p2l_v2:0042,00_normal_p2l_v2,28.38999999999997,28.789999999999967,-0.01050023836878436,0.034218881755272074,0.0841526607240316,0.04371251942764784,0.16666666666666666,-0.12172403721057252,0.4455200832257309,1.0514652121504355,0.5677288558033006,0.0,0.00023197327515475947,0.00023834286667083517,0.0005584635990002108,0.00014175966057286402,0.0,9.416953876222645e-05,0.005416558487422382,0.011799832410332656,0.006698521146606815,0.0,-0.00013942974788630434,0.005398365130137257,0.012042624132320072,0.006696804122412582,0.0,0.2999999999913072,2.0951901182669614e-11,0.0002689612078223916,0.3105002383600916,0.005416558487422382,0.014376969509796255,0.006383977565307996,0.004878953764097341,7.838988746764254e-08,1.0,0.0037195253506968028,0.004124548304412977,0.0003460011068022421,0.625,0.5777777777777777,0.023295825232239137,0.38839267641479314,0.38252156269648974,0.005611036773982207,1,1,1,1
00_normal_p2l_v2:0043,00_normal_p2l_v2,28.589999999999968,28.989999999999966,0.003809270130846578,0.01732021448808793,0.04450429227855762,0.02275985856762836,0.0,0.05080940633611627,0.2268693230461595,0.5719426295367384,0.29516398306177494,0.0,0.00021732011542759314,0.0002384406496300097,0.00044071587767421954,0.00015217780704815593,0.0,0.0007848163799564078,0.004008572324031646,0.009558335642775875,0.004868014921991367,0.0,0.0005591897669675158,0.003940167392849252,0.009275738596346733,0.004806615144458894,0.0,0.2999999999913072,2.0951901182669614e-11,0.00023403920640289216,0.29619072986046063,0.004008572324031647,0.01343714543802865,0.00620615030683556,0.004926431760323433,7.402134255982723e-08,1.0,0.0036728102321485407,0.0040244775195342085,0.00034008051537267177,0.6407407407407407,0.6277777777777778,0.009972527420619468,0.39162039103307017,0.3844208646588642,0.005262672557799648,1,1,1,1
00_normal_p2l_v2:0044,00_normal_p2l_v2,28.789999999999967,29.189999999999966,0.017355543821324555,0.024523554950353393,0.06428835222553808,0.02795152583819098,0.0,0.2282391605590042,0.3201366209275424,0.8500669541190494,0.36549477931582247,0.0,0.00020864917480478015,0.00023257875411051283,0.000551999778573576,0.0001876524415514728,0.0,0.0034874689190228067,0.006321773730586723,0.010101638934659027,0.00625049433544831,0.0,0.0032817946739057934,0.006213911640080546,0.009912947267859875,0.0062293808936499185,0.0,0.2999999999913072,2.0951901182669614e-11,0.00024477392902185824,0.28264445616998274,0.0063217737375706904,0.014008393037158107,0.006999180478754515,0.004894000776886998,6.846085422522085e-08,1.0,0.0038440279486781897,0.004065366211189897,0.00022603655363349087,0.6453703703703703,0.6333333333333333,0.006740842490074563,0.3956820278734133,0.39113437257257483,0.0048643545454055415,1,1,1,1
00_normal_p2l_v2:0045,00_normal_p2l_v2,28.989999999999966,29.389999999999965,0.01850617682223454,0.027921713314116484,0.06428835222553808,0.032137398931658616,0.0,0.24422326391577934,0.3702276264886415,0.8500669541190494,0.4280379861760381,0.0,0.00018573305078847167,0.00023988151210795836,0.000551999778573576,0.0002261556080779797,0.0,0.0037574114676257857,0.0054524583572731185,0.010101638934659027,0.0050480009478244495,0.0,0.0034096626512704364,0.005409786295504595,0.009912947267859875,0.005144214194170768,0.0,0.2999999999913072,2.0951901182669614e-11,0.0002857369365587196,0.2814938231690727,0.005452458364257087,0.015332264503188265,0.006986535452914542,0.004916626904893752,7.827537539502542e-08,1.0,0.003788521832944742,0.004065366211189897,0.00018605145975120573,0.6472222222222223,0.6388888888888888,0.006211299937499418,0.3877356449502356,0.3727658803674333,0.010046856103230967,1,1,1,1
00_normal_p2l_v2:0046,00_normal_p2l_v2,29.189999999999966,29.589999999999964,0.0204362097403908,0.027107928290445813,0.06000305636614153,0.02692173389738415,0.0,0.2664682264483372,0.357966747665925,0.8019842069366336,0.358653385380532,0.0,0.00019004133729570916,0.0002553931723624185,0.0004711143260997859,0.00021721914292425915,0.0,0.004697052360636704,0.00539243890424609,0.010944608184147076,0.0045174689760527275,0.0,0.004330584200932532,0.005255981670956803,0.010903212344705667,0.004653623599823542,0.0,0.2999999999913072,2.0951901182669614e-11,0.0003025133590676095,0.27956379025091643,0.005392438918214024,0.013358759937540798,0.005485777191901794,0.00424346742044785,7.970299597978762e-08,1.0,0.003732430127371627,0.004023168394186124,0.00017913812650625512,0.6462962962962963,0.6388888888888888,0.008881169487616162,0.3752941822029165,0.368888388338224,0.005408039019376115,1,1,1,1
00_normal_p2l_v2:0047,00_normal_p2l_v2,29.389999999999965,29.789999999999964,0.013956091071816881,0.02102265166094248,0.042388436182517475,0.021484501481440234,0.0,0.18370606398110204,0.27545420270284704,0.5590719129471837,0.28131091193910207,0.0,0.00018785430847689777,0.00020252837717714598,0.0004226685839559513,0.00014894550057575998,0.0,0.002092775190677796,0.007200644627587109,0.010944608184147076,0.007528416524800956,0.0,0.0019664534425399565,0.007052285745439025,0.010903212344705667,0.007438557197990454,0.0,0.2999999999913072,2.0951901182669614e-11,0.0002351376410300456,0.2860439089194904,0.007200644634571076,0.013354162451843512,0.004968586684785485,0.0037138875476902837,8.593788957753032e-08,1.0,0.003831498475618034,0.004269373467369078,0.0002451604826275948,0.6499999999999999,0.6388888888888888,0.011111111111111127,0.3677614663512738,0.3629058458882181,0.0041466753545127775,1,1,1,1
00_normal_p2l_v2:0048,00_normal_p2l_v2,29.589999999999964,29.989999999999963,0.022521365185369218,0.02807931248071871,0.046643868082760165,0.022534977820372965,0.0,0.30488815242902884,0.3762183866468057,0.6297519115731591,0.3017847151966939,0.0,0.00019700373414881364,0.00019700373414881364,0.000541863236260416,0.00014498415678832057,0.0,0.0010275400261176599,0.006135409463026972,0.009097804467742436,0.006390657695334249,0.0,0.0008951910516092593,0.005981023354508328,0.009053871831952135,0.006260482904813977,0.0,0.2999999999913072,2.0951901182669614e-11,0.00021544006548724205,0.27747863480593804,0.00613540947001094,0.013981177080729126,0.006017675850055659,0.004328118083985152,1.0426820094914206e-07,1.0,0.003762706608166997,0.004269373467369078,0.00026784077144133733,0.6564814814814814,0.6388888888888888,0.009305440389926752,0.35950323683023827,0.34619211770439406,0.0065399601062706494,1,1,1,1
00_normal_p2l_v2:0049,00_normal_p2l_v2,29.789999999999964,30.189999999999962,0.0233238983506385,0.02824590499050934,0.046643868082760165,0.02241033279906754,0.0,0.3132487058767676,0.37858686327434105,0.6297519115731591,0.30117474888888,0.0,0.0002382565836138592,0.00024515093713741614,0.000702541598433552,0.00017685468383111432,0.0,0.0014235547273155579,0.004885073900794187,0.010384557520435886,0.005691344316731684,0.0,0.0012039922353349298,0.004755831744908348,0.010655518528720254,0.005695437352322511,0.0,0.2999999999913072,2.0951901182669614e-11,0.00027923209972178213,0.2766761016406687,0.004885073914762121,0.0147504968076359,0.006494222771451244,0.00439863630560886,8.456700686940923e-08,1.0,0.0035987580215406305,0.0039018584023344334,0.00021975742271451829,0.6574074074074073,0.6388888888888888,0.012695656667409353,0.3557283558887705,0.34619211770439406,0.0066686390493545895,1,1,1,1
00_normal_p2l_v2:0050,00_normal_p2l_v2,29.989999999999963,30.38999999999996,0.00340340223766733,0.018853876201925968,0.03535287782584223,0.023178930237971185,0.0,0.04271011192546168,0.25430944538623607,0.4721744037546929,0.3135249368668814,0.0,0.00021408003342469802,0.0002519781306307262,0.0007795786278682661,0.0002616248635082708,0.0,-0.0002936100674591599,0.004817081729436326,0.010384557520435886,0.005727442309679416,0.0,-0.0005591568413950564,0.004849396337461685,0.010655518528720254,0.005835956982313505,0.0,0.2999999999913072,2.0951901182669614e-11,0.00028755419313367635,0.2965965977536399,0.004817081736420294,0.014674721602394017,0.006303054306247578,0.0037106543540019908,7.31547972292253e-08,1.0,0.003634389400185643,0.004118592127016124,0.0002869166850984578,0.6564814814814816,0.6388888888888888,0.015186314321163668,0.35617404758714466,0.342380915925921,0.008451887179818644,1,1,1,1
00_normal_p2l_v2:0051,00_normal_p2l_v2,30.189999999999962,30.58999999999996,0.010830377123743564,0.021358844448131364,0.03598009549846998,0.023637618115179386,0.0,0.13713470638696268,0.2833958824501636,0.47351214644130313,0.3175928740605473,0.0,0.00024422217901626253,0.0002752259226987338,0.0007795786278682661,0.00023653734034688665,0.0,-0.0011099144979402904,0.00521209191336772,0.012906471185542069,0.006394876081658534,0.0,-0.0014066667643571078,0.0053058182737217435,0.013309475691245791,0.006510110106347594,0.0,0.2999999999913072,2.0951901182669614e-11,0.0002737027087015985,0.2891696228675637,0.00521209191336772,0.013189717701465027,0.006060456777066631,0.0040797814175273575,8.231242541518753e-08,1.0,0.0037224118034764344,0.004124862029040334,0.0003311621091237604,0.6666666666666669,0.6388888888888888,0.013608276348795469,0.3561198967276171,0.342380915925921,0.007640202711270285,1,1,1,1
00_normal_p2l_v2:0052,00_normal_p2l_v2,30.38999999999996,30.78999999999996,0.009066051778687042,0.023661846138594234,0.03696890686206128,0.02630416284148029,0.0,0.10862750523951104,0.30430581894814407,0.4873385669100071,0.34139255159476195,0.0,0.0002763042307360701,0.0002886901541283776,0.0004906352031137495,0.00014531234721136446,0.0,-0.0023879842169989775,0.003636503706853648,0.012906471185542069,0.005016736693514385,0.0,-0.0026360433933183725,0.003714964271436715,0.013309475691245791,0.0050759277945369935,0.0,0.29999999999123617,2.0587520292536236e-11,0.0002954823388208407,0.29093394821255353,0.0036365036999076363,0.01401669444433144,0.006193113043159988,0.003982069834039393,7.800711083627566e-08,1.0,0.0038193073299162203,0.004311620774849526,0.00034032930948679334,0.6777777777777779,0.6722222222222223,0.004536092116265128,0.3613272667044945,0.35096719739995136,0.008184544619764873,1,1,1,1
00_normal_p2l_v2:0053,00_normal_p2l_v2,30.58999999999996,30.98999999999996,0.004988966156407972,0.02720180539400575,0.04334436009984338,0.029574366198374887,0.0,0.0626602689685179,0.35614036708670566,0.5827166960488421,0.3876816190603134,0.0,0.0002583450269174294,0.0002707309503097369,0.0005117463564717511,0.0001673574279687661,0.0,0.00010348325610144212,0.0029171064516939943,0.008071680438713667,0.003960172075849835,0.0,-0.00011892685437341587,0.0030514054507481247,0.008057913959372925,0.004041346218622403,0.0,0.29999999999114735,2.0132044179869506e-11,0.0002566302493532763,0.2950110338347438,0.0029171064448998093,0.015637824126386105,0.007528227551428194,0.004922054657267535,7.682641596116992e-08,1.0,0.003799547558029319,0.004311620774849526,0.00027581730363826083,0.6833333333333335,0.6722222222222223,0.007172191381865561,0.3705908100730226,0.3561380811955067,0.009283804499165408,1,1,1,1
00_normal_p2l_v2:0054,00_normal_p2l_v2,30.78999999999996,31.18999999999996,0.002319369528108415,0.020772813278341472,0.04334436009984338,0.025048981712873973,0.0,0.03495134541479935,0.27537976202262043,0.5827166960488421,0.33265261042767386,0.0,0.00029767079425387945,0.00029767079425387945,0.0005266696226213878,0.00014630386825377188,0.0,0.0008616594259429171,0.0034897714745203965,0.008071680438713667,0.004298376508969626,0.0,0.0005785695672130837,0.0036722557003177163,0.008057913959372925,0.004394135362448263,0.0,0.2999999999911296,2.0040948957336164e-11,0.00025646947985741075,0.2976806304630212,0.00348977146784008,0.015284189316947831,0.008137567134793458,0.004234418122424277,7.516860630520453e-08,1.0,0.003765193673991186,0.003972757733025429,0.00017484083251897674,0.6925925925925926,0.6777777777777778,0.00828173324999922,0.37850392287270324,0.36573673901909753,0.008488036360605236,1,1,1,1
00_normal_p2l_v2:0055,00_normal_p2l_v2,30.98999999999996,31.389999999999958,0.0005495565865460498,0.018731345399475397,0.03250919661762741,0.02161480511273465,0.0,0.002203282647964794,0.24637666802770344,0.4278798965947992,0.2844150974847865,0.0,0.00025603022750130634,0.00025773400484291667,0.0005919172115892089,0.00016459021895552336,0.0,0.00016713096892207198,0.0020628005386512382,0.004982612262676273,0.0025301437242159453,0.0,-0.0001302718535612432,0.0021990833230174692,0.004694561843219476,0.002555000903465981,0.0,0.2999999999911296,2.0040948957336164e-11,0.00026902158186817456,0.29945044340458354,0.002062800531970922,0.013370692071373522,0.0065167722399581355,0.003355475230964601,7.005738243449274e-08,1.0,0.0037984728353483654,0.003972757733025429,0.00017422831370864702,0.7037037037037037,0.6944444444444444,0.009442628728875538,0.39645504779169416,0.3725511027834248,0.018856893417665905,1,1,1,1
00_normal_p2l_v2:0056,00_normal_p2l_v2,31.18999999999996,31.589999999999957,0.002557911042534796,0.03654618114000056,0.07992864047123666,0.04565978354679785,0.0,0.032128173951459886,0.4771500110668339,1.0304252518017054,0.5934602808728339,0.0,0.00020226563036042388,0.00020596378239263032,0.0006331772362889234,0.00018512576322439264,0.0,-0.0007895452992071022,0.003103252506407308,0.00523393936155696,0.003566906597056685,0.0,-0.0009693178288134992,0.003153739015046558,0.005041390993549975,0.003522234389628961,0.0,0.2999999999911296,2.0040948957336164e-11,0.00022926406646995779,0.29744208894859475,0.003103252499726992,0.013643005276518703,0.006293571472796903,0.00399374841473876,7.604682546886639e-08,1.0,0.003732767203913537,0.003969629330548472,0.00021527790614348576,0.7166666666666667,0.6722222222222223,0.02796234976026202,0.41665450404975907,0.3883462171941954,0.01710942059957346,1,1,1,1
00_normal_p2l_v2:0057,00_normal_p2l_v2,31.389999999999958,31.789999999999957,0.02362389033492679,0.050266770492005675,0.07992864047123666,0.05409067728162159,0.0,0.30787298608417196,0.6513480700180737,1.0304252518017054,0.7024598455266804,0.0,0.00021720235095395215,0.00023420877524391327,0.0006331772362889234,0.00018410852542604454,0.0,0.0011944593558969048,0.0047370379185270465,0.007829184111993931,0.00498129385356036,0.0,0.0009635718452814749,0.00468163316860708,0.007551144506355356,0.004907802667056217,0.0,0.2999999999911296,2.0040948957336164e-11,0.0002556836511616278,0.2763761096562028,0.0047370379185270465,0.01418716116142828,0.006780318245511895,0.004054650094041584,7.166672763233219e-08,1.0,0.0038850893098445714,0.004422898800770201,0.0003017505023862519,0.7444444444444445,0.6722222222222223,0.03348729874078726,0.42623989922153244,0.40030315196988725,0.014136960510400766,1,1,1,1
00_normal_p2l_v2:0058,00_normal_p2l_v2,31.589999999999957,31.989999999999956,0.027675289478665165,0.034242632954864766,0.07562982384965491,0.03264966701536875,0.0,0.36101561947635,0.4469299400482081,1.0031555595866408,0.4268579133971376,0.0,0.00020238508891405447,0.00021739713851341952,0.0003952972634722428,0.0001480350612067931,0.0,0.0025182180331599913,0.0040287615462560634,0.007829184111993931,0.0038504780357926766,0.0,0.002253524574609098,0.003963108866556681,0.007551144506355356,0.0038378785483851098,0.0,0.2999999999911296,2.0040948957336164e-11,0.00022410493581011775,0.27232471051246443,0.00402876155293638,0.013173754787789642,0.005762360632805048,0.004039086476471202,7.819964103930864e-08,1.0,0.0038468971595676193,0.004422898800770201,0.0003794506640038653,0.7638888888888888,0.7555555555555555,0.0069905874400655365,0.43179030671871016,0.4182022005356487,0.008223088514640695,1,1,1,1
00_normal_p2l_v2:0059,00_normal_p2l_v2,31.789999999999957,32.189999999999955,0.013835555152808382,0.020402898629007984,0.060637553407624695,0.02425873567511577,0.0,0.17813804126242883,0.2640523618342869,0.7672578408647034,0.31069047326476656,0.0,0.0019592334383102786,0.0019592830941586575,0.03541713457421074,0.007677526365170107,0.0,0.001484166023432298,0.004281038335217358,0.010215226799415698,0.004935315528826319,0.0,0.0013076177744803874,0.004349649332943758,0.010216125046890788,0.005004798685189377,0.0,0.29939999999230027,0.0017500000163513853,0.00019428586944398346,0.2861644448383212,0.004281038335217358,1.0887998414081324,1.0730597315299595,0.004110859859019801,6.035259535747126e-06,1.0,0.003940229858844518,0.0044702177128418405,0.00040665498456114534,0.7685185185185185,0.7555555555555555,0.012695656667409336,0.44099276972854823,0.42906661457110534,0.008021835683995324,1,1,1,1
00_normal_p2l_v2:0060,00_normal_p2l_v2,31.989999999999956,32.38999999999996,-0.0012416403821938528,0.03238955978406469,0.09187877546205042,0.046194986592303436,0.16666666666666666,-0.03609489343086861,0.4170345773045217,1.248374152131992,0.6095728313000668,0.0,0.02421931552230275,0.02421936517815113,0.2195901270230422,0.046685406291484675,0.05,0.06930467855444263,0.07097031469093011,0.3184914841273774,0.1132700447487545,0.16666666666666666,0.040524693838320296,0.0423629106369377,0.1951010897343641,0.06984670247867632,0.16666666666666666,0.23939999999605055,0.17674999996043234,0.14793314556479864,0.24124164037882456,0.10910039698584155,1.3271961713954121,1.2635537105654049,0.016690836349400627,6.026678576970863e-06,1.0,0.004229525361273532,0.004876420829296433,0.00039906791475217946,0.762962962962963,0.7444444444444445,0.01593023197600485,0.45386791030609897,0.4451216558988385,0.009080782284335552,1,1,1,1
00_normal_p2l_v2:0061,00_normal_p2l_v2,32.189999999999955,32.589999999999954,-0.013234303310158152,0.03184273654687844,0.09187877546205042,0.04031903345137621,0.16666666666666666,-0.18451228383815166,0.3992295495795453,1.248374152131992,0.5269624344930899,0.0,0.032257695232001726,0.032257695232001726,0.2195901270230422,0.04311810148020461,0.05,0.08553945333174,0.08553945333174,0.3184914841273774,0.10486652705196052,0.16666666666666666,0.046966171463799354,0.046966171463799354,0.1951010897343641,0.06714921492903608,0.16666666666666666,0.1799999999960855,0.3499999999231084,0.31287513224964114,0.19323430330799451,0.26446054658108603,0.7603949747155789,0.714724706680977,0.011913246136417532,8.402628913510108e-08,1.0,0.00441997993200656,0.004876420829296433,0.0004395663068894225,0.7564814814814814,0.7444444444444445,0.009305440389926749,0.4678583321450877,0.44725369678369414,0.014783178513686008,1,1,1,1
00_normal_p2l_v2:0062,00_normal_p2l_v2,32.38999999999996,32.78999999999996,-0.0011985481369652014,0.016285912964742716,0.03433751907233415,0.01845198861886318,0.0,-0.01360117522612495,0.18939529822268955,0.39183708804692,0.2133975321941551,0.0,0.02354507883021372,0.02354507883021372,0.030681432132039832,0.00433021054354253,0.0,0.03177286392305243,0.03177286392305243,0.05534039037466937,0.011101110968090064,0.0,0.008667703060447582,0.009960122643715838,0.03511049223773416,0.012433390001019125,0.0,0.17999999999359417,0.34999999993774056,0.3265058646822381,0.18119854813055639,0.3182271360147033,0.06814456221814166,0.013711541126374545,0.008737098416563789,7.987831015156917e-08,1.0,0.00458790198955738,0.00481990781357278,0.00027406281872625877,0.762037037037037,0.75,0.006740842490074571,0.4628928255883096,0.440677293820988,0.01725717742904976,1,1,1,1
00_normal_p2l_v2:0063,00_normal_p2l_v2,32.589999999999954,32.98999999999995,-0.004544560599555945,0.01727943607159596,0.0452840614660078,0.02194829968919513,0.0,-0.05802427056275147,0.19812273158359428,0.5266678635210272,0.2505665835316375,0.0,0.028994827982389067,0.028994827982389067,0.030960373685582576,0.0027530437362326228,0.0,0.031241500777865167,0.031241500777865167,0.04219227812250126,0.005138468715218355,0.0,0.0026063317553467378,0.005326975439821718,0.011266784876928004,0.005638073198730324,0.0,0.17999999999386174,0.34999999993636854,0.3210649758405421,0.18454456059338567,0.3187584991586675,0.06703277456589392,0.01257285436272834,0.006348831633389597,6.232802410750802e-08,1.0,0.004647344215445022,0.005128000293663265,0.0003345812371980728,0.7574074074074074,0.7388888888888889,0.008881169487616134,0.46792805432821666,0.440677293820988,0.02005991276330503,1,1,1,1
00_normal_p2l_v2:0064,00_normal_p2l_v2,32.78999999999995,33.18999999999995,-0.010556842992430029,0.018828489240190382,0.0452840614660078,0.021568845376463967,0.0,-0.12625117347201784,0.21577608404485807,0.5266678635210272,0.2464750134623185,0.0,0.030773653227397123,0.030773653227397123,0.031045487826721396,0.00016690624248438422,0.0,0.030295478624403283,0.030295478624403283,0.04219227812250126,0.007816489056303073,0.0,-0.0004507376645681109,0.005789967712633691,0.01443744382798523,0.007756928313593072,0.0,0.17999999999416372,0.34999999993481995,0.31921400890554114,0.19055684298656472,0.3197045213105656,0.06295449973104125,0.008900630569387467,0.004798571085161386,7.680138560177521e-08,1.0,0.004752478551161322,0.005128000293663265,0.0002719935760036445,0.7592592592592592,0.7388888888888889,0.0130945700219731,0.4995120521055851,0.47599547079007454,0.015584617422060252,1,1,1,1
00_normal_p2l_v2:0065,00_normal_p2l_v2,32.98999999999995,33.38999999999995,-0.020001167402450767,0.020001167402450767,0.0446688333334119,0.01284644671009423,0.0,-0.21932056114476325,0.21932056114476325,0.4640347401329384,0.13462392149255592,0.0,0.030842890078150643,0.030842890078150643,0.03121309594380045,0.0001566054375921439,0.0,0.028461455744510478,0.028461455744510478,0.05686649175067071,0.016742522013878578,0.0,-0.002196224462237236,0.012553864722451735,0.028440153531926915,0.016830816589056295,0.0,0.17999999999437466,0.3499999999337381,0.31922622892849456,0.20000116739681784,0.3215385441892666,0.06106161669518348,0.009143978415978169,0.00567436691103498,7.941332968963549e-08,1.0,0.004973066545478171,0.005429012505635129,0.0003080063850945406,0.7657407407407407,0.7444444444444445,0.015521346865037226,0.5157031933776512,0.5028070908252433,0.01254875621026411,1,1,1,1
00_normal_p2l_v2:0066,00_normal_p2l_v2,33.189999999999955,33.589999999999954,-0.014412522482090068,0.024057452757188794,0.0446688333334119,0.02351619402716307,0.0,-0.15573320483279054,0.2638739927379535,0.4640347401329384,0.2570350933288352,0.0,0.03087993909391907,0.03087993909391907,0.03123935532517963,0.00015840470926927635,0.0,0.03602502416088483,0.03602502416088483,0.057846145780719005,0.01866819447171084,0.0,0.005261327617669509,0.015198935526363403,0.028440153531926915,0.018724568437613737,0.0,0.1799999999945523,0.34999999993282715,0.31921075811633337,0.1944125224766348,0.31397497577198136,0.05905167418055284,0.009311707248740708,0.005205477397299957,5.9572511667625823e-08,1.0,0.004901798682682707,0.005429012505635129,0.00037804610219983523,0.762962962962963,0.7388888888888889,0.018332398030762326,0.5235584617194452,0.5059711885123223,0.012585610991335218,1,1,1,1
00_normal_p2l_v2:0067,00_normal_p2l_v2,33.38999999999995,33.78999999999995,-0.008330310823208351,0.017975241098307077,0.0362027922203271,0.019333733688250972,0.0,-0.0970755998494937,0.20521638775465664,0.4176913242547668,0.22006369425648017,0.0,0.03084306019771041,0.03084306019771041,0.03123935532517963,0.00016931450654319563,0.0,0.03553985302821589,0.03553985302821589,0.057846145780719005,0.012305494927174199,0.0,0.004693227737468571,0.01054236877670913,0.027055372923293797,0.012330711963541952,0.0,0.17999999999480432,0.34999999993228625,0.31917343150118527,0.18833031081799267,0.3144601469040286,0.059567534175747394,0.009629468417936993,0.006480685407397647,6.931494245913305e-08,1.0,0.004697654906449848,0.004977003936147515,0.0002564733892783827,0.7638888888888888,0.7388888888888889,0.015631428718642707,0.5401569436031441,0.5221975431366109,0.012484080407301264,1,1,1,1
00_normal_p2l_v2:0068,00_normal_p2l_v2,33.58999999999995,33.989999999999945,0.0022426109295097855,0.018843673669678592,0.035367795235845184,0.021388555144910438,0.0,0.03082603937825233,0.2217651100309197,0.40650780805155673,0.25247197554975576,0.0,0.022973385353888234,0.02305379880444516,0.03139510684429764,0.01077077399274483,0.0,0.025879896648157208,0.025879896648157208,0.04133223095975058,0.009173658228588627,0.0,0.00045929897149566784,0.006636842419020544,0.011111409913682202,0.007576164837979543,0.0,0.1799999999947699,0.3499999999380195,0.3266178294064267,0.17775738906539296,0.32412010328773105,0.052163481075235156,0.014485763379006892,0.013170913451367894,6.283585493169063e-08,1.0,0.004599888828164172,0.004977003936147515,0.00027741942492494505,0.7675925925925925,0.7555555555555555,0.009842727604383946,0.5530353136647121,0.5431225609896428,0.010643246272090396,1,1,1,1
00_normal_p2l_v2:0069,00_normal_p2l_v2,33.78999999999995,34.18999999999995,0.020312196727089057,0.023385726605760625,0.039149307741729394,0.01737718661192767,0.0,0.24606322681217116,0.28156357769489804,0.4571678730283366,0.21130124368621445,0.0,-0.01998853148601715,0.035405122046457516,0.35243940832698756,0.08585537307304127,0.1,-0.07002824194725682,0.09294919382199307,0.41430097269282773,0.1519331012244938,0.2857142857142857,-0.03168974275255688,0.03793455221360332,0.14140546619415753,0.056073063149330644,0.14285714285714285,0.1799999999940105,0.33949999992005225,0.32408644528456704,0.15968780326701643,0.3159225126538217,0.923010329550835,0.8561863555627802,0.0190300020578882,7.949686843966035e-08,1.0,0.004529407097979626,0.005303667324397577,0.0005298183424501139,0.7444444444444444,0.6,0.05946557998390221,0.5558332232304323,0.5431225609896428,0.013873638416509904,1,0,0,1
00_normal_p2l_v2:0070,00_normal_p2l_v2,33.98999999999995,34.38999999999995,0.0207355958325674,0.025716111926968353,0.06648960587835716,0.025535475890552748,0.0,0.23526101811078912,0.2936924566032239,0.6900740253925132,0.28324611446972303,0.0,-0.027306039639966907,0.02800720044195083,0.35243940832698756,0.08279478717928995,0.1,-0.08145029543343009,0.08456063572257662,0.41430097269282773,0.14526383328030057,0.2857142857142857,-0.034802889088951336,0.0380075818220722,0.14140546619415753,0.054207654485698885,0.14285714285714285,0.1799999999930435,0.33949999992446467,0.3323659796056123,0.1592644041605773,0.32443067511071183,0.9236692024285008,0.8520244647658335,0.00756546684858779,9.554616637562556e-08,1.0,0.004733173409911203,0.005435930188652034,0.000579433190057934,0.7357142857142857,0.6,0.056722439318113146,0.5588834025105284,0.5446890699238638,0.01177814188448004,1,0,0,1
00_normal_p2l_v2:0071,00_normal_p2l_v2,34.18999999999995,34.58999999999995,0.011871786917499514,0.022558926321035705,0.06648960587835716,0.028794779778578066,0.0,0.12025047384825877,0.25425835036775596,0.6900740253925132,0.3151648478423329,0.0,0.0005327916114810482,0.0005327916114810482,0.0007990474032112393,0.00017939072554523896,0.0,-0.0018587718626330019,0.0030127199542456795,0.00703095015900107,0.003278259948111345,0.0,-0.0024741989660001054,0.0032351819544382543,0.007630898492209048,0.0032392084921107557,0.0,0.17999999999256722,0.34999999995164965,0.3505987670506565,0.16812821307509807,0.34814122808870546,0.06524936434766437,0.009604890179979076,0.005723753812606463,9.269904667502432e-08,1.0,0.004581264305677519,0.005435930188652034,0.0004776579179173119,0.7462962962962963,0.7388888888888889,0.006141897759917385,0.5546542351827882,0.5390277956468639,0.01078131288805993,1,1,1,1
00_normal_p2l_v2:0072,00_normal_p2l_v2,34.389999999999944,34.78999999999994,-0.0034793834969093864,0.01369957169955858,0.02884255343752573,0.01667301765495409,0.0,-0.045358456178387824,0.16671170819260897,0.34262158059376735,0.20143608524306533,0.0,0.0005204227384501741,0.0005204227384501741,0.0007783859172599272,0.00015775231893722593,0.0,0.0005294546342159423,0.006374847409833721,0.01624686402219566,0.008853879180487594,0.0,-7.219737694477701e-05,0.00630854933825184,0.015416589074546128,0.00877709291209824,0.0,0.17999999999268046,0.3499999999497025,0.3505805360802468,0.1834793834896213,0.3505294545837685,0.06483131829400907,0.008954001428137365,0.006189872129133717,8.118872811567986e-08,1.0,0.00441465143284464,0.004939451132984033,0.000328211716998874,0.7518518518518519,0.7388888888888889,0.008881169487616147,0.5348149500267955,0.5085683972242281,0.016209395446016427,1,1,1,1
00_normal_p2l_v2:0073,00_normal_p2l_v2,34.58999999999995,34.989999999999945,-0.006359152130094113,0.010144512212913454,0.019699665579898967,0.009926028427176652,0.0,-0.07702059967998368,0.12176340049857041,0.23162089139365363,0.11835914665320367,0.0,0.000518797619707137,0.000518797619707137,0.0008596546577679942,0.00015922818084339237,0.0,0.004036582574436019,0.008549561484391371,0.016638799619117017,0.010320726534565148,0.0,0.003481840546210674,0.008319566485528515,0.01643935492090709,0.010352363105903269,0.0,0.17999999999281258,0.3499999999475788,0.35052061579751725,0.1863591521228919,0.35403658252172643,0.06470431301125071,0.007749066708127855,0.0053595623778860055,7.219652011441157e-08,1.0,0.004489647195236074,0.004939451132984033,0.00027352536960842085,0.7611111111111111,0.7555555555555555,0.006415002990995867,0.506627186300028,0.4787078272339311,0.019319630381940633,1,1,1,1
00_normal_p2l_v2:0074,00_normal_p2l_v2,34.78999999999995,35.18999999999995,0.021500339507949856,0.026924262580912284,0.09066676125972585,0.034083295488322375,0.16666666666666666,0.2369095677994287,0.3030008201150513,1.0096484534825059,0.3816372148732919,0.0,0.000512464946489663,0.000512464946489663,0.0008596546577679942,0.00017457233433369138,0.0,-0.00013727429038590255,0.0074085153816545275,0.016638799619117017,0.009551306556411256,0.0,-0.0006689183540066849,0.0073781088282464935,0.01643935492090709,0.009648286909017001,0.0,0.17999999999286587,0.34999999994548375,0.35050005372362125,0.15849966048490716,0.349862725654779,0.06456878306251942,0.006766655554184636,0.00348208661444847,8.306253018932434e-08,1.0,0.0046992471258032915,0.005051376981248813,0.0003358785624753302,0.762962962962963,0.7555555555555555,0.006928995160692509,0.46844568595256625,0.4319182317240067,0.027370667870744395,1,1,1,1
00_normal_p2l_v2:0075,00_normal_p2l_v2,34.989999999999945,35.389999999999944,0.016195144405119308,0.03123338065566705,0.09066676125972585,0.04006116927108979,0.16666666666666666,0.1756383066747523,0.35216777575473274,1.0096484534825059,0.45194437172418,0.0,0.00044761376961334476,0.0004614695405335906,0.0007461247585668906,0.00020103486001119087,0.0,-0.005375181529543388,0.008674846238670847,0.019512714288521416,0.009308873330289852,0.0,-0.005950100407724211,0.00861564718027849,0.019918418619052636,0.009224016422074032,0.0,0.17999999999306127,0.3499999999441173,0.35047312989972246,0.16380485558794788,0.34462481841454357,0.06389567584802906,0.007569991860968297,0.004613099887685709,8.258510335102579e-08,1.0,0.0047963525813424605,0.005051376981248813,0.00020520203750309715,0.7675925925925925,0.7555555555555555,0.007465053470646825,0.42810616112692185,0.3973233943075226,0.021365242706821053,1,1,1,1
00_normal_p2l_v2:0076,00_normal_p2l_v2,35.18999999999994,35.58999999999994,0.012427802478801273,0.027466038729349013,0.04522095572547727,0.029125333321072245,0.0,0.13741130227634776,0.3139407713563282,0.4874585028645433,0.33229501843745296,0.0,0.0003987070582335328,0.0004125628291537786,0.0006621312134354462,0.0001745612843450017,0.0,-0.0002230023240403408,0.006281235772133464,0.019512714288521416,0.008842681637220743,0.0,-0.0007635857911063582,0.005875887081911187,0.019918418619052636,0.008767216956090888,0.0,0.17999999999327443,0.34999999994229547,0.3503986244442567,0.16757219751447613,0.34977699761808806,0.06579731601575359,0.008997614796488671,0.006451098602565437,7.929074906914484e-08,1.0,0.004685082033306232,0.005157322985708525,0.00033116469721577573,0.7703703703703705,0.7611111111111111,0.005237828008789255,0.392312718041019,0.37028166997004647,0.020001102280883917,1,1,1,1
00_normal_p2l_v2:0077,00_normal_p2l_v2,35.389999999999944,35.78999999999994,0.026315527681784533,0.026315527681784533,0.04522095572547727,0.014181212611117445,0.0,0.3023393243631793,0.3023393243631793,0.4874585028645433,0.15245466220754178,0.0,0.00045072021020751973,0.00045072021020751973,0.0007778379022835291,0.00015184567982967927,0.0,-0.0013671226533308785,0.007221906721861765,0.014686810764663494,0.008371952788916235,0.0,-0.0018277527333978583,0.007093072404397364,0.015237516112939498,0.008411321232988071,0.0,0.17999999999336325,0.34999999994001796,0.35041455264103094,0.15368447231161128,0.34863287728636827,0.06644576287472831,0.010247418040231502,0.0053184487360199775,7.726737447444029e-08,1.0,0.004563204298904356,0.005157322985708525,0.0004030102450599764,0.7842592592592591,0.7611111111111111,0.019620018611497307,0.36988062033474284,0.3636228289111201,0.0047043495006852875,1,1,1,1
00_normal_p2l_v2:0078,00_normal_p2l_v2,35.58999999999995,35.989999999999945,-0.006539032366399346,0.02332655351007214,0.04902861741246062,0.02850870022583848,0.0,-0.0842677498822446,0.28468572391943975,0.5873934341874718,0.3475559817694856,0.0,0.021935710518603744,0.021935890640809304,0.3365567701228675,0.07504812561861611,0.05,0.03506943471685364,0.04787705763689883,0.1439734845228337,0.06241362852342765,0.16666666666666666,0.020428772308189357,0.033608935896834585,0.14429921622357433,0.056288441508224006,0.16666666666666666,0.14399999999969992,0.2799999999611603,0.3056714854056676,0.14903903236412538,0.31215276800141306,1.216659331520041,1.1472750727100978,0.007235712796201506,7.300350779579024e-08,1.0,0.004363058188413098,0.004733318316360434,0.0002663534682193543,0.7888888888888889,0.7333333333333333,0.027962349760262052,0.3722009013534728,0.3636228289111201,0.010537266075645658,1,1,1,1
00_normal_p2l_v2:0079,00_normal_p2l_v2,35.78999999999994,36.18999999999994,-0.017695871811029457,0.02042566259163997,0.04902861741246062,0.02048193165870153,0.0,-0.22534640475353188,0.25875131962647285,0.5873934341874718,0.25029733173696905,0.0,0.021711343356235934,0.021754721885799598,0.3365567701228675,0.07511252527439745,0.05,0.03762889721122186,0.04312982865691753,0.1439734845228337,0.06037401929802331,0.16666666666666666,0.0232262568497479,0.02868896607672804,0.14429921622357433,0.05457094632410893,0.16666666666666666,0.0540000000030183,0.10499999999169791,0.13052209472516138,0.07157613059804153,0.14099456842731387,1.215815663178103,1.1553752077186548,0.01117974046115314,8.036662287506125e-08,1.0,0.00394645594200456,0.004733318316360434,0.0005074328311362858,0.7898148148148149,0.7333333333333333,0.026139989284246518,0.38667406916848335,0.3680821529046204,0.011847951514094282,1,1,1,1
01_low_friction_mu_0p12_p2l_v2:0000,01_low_friction_mu_0p12_p2l_v2,11.78,12.18,-2.6676244583833295e-06,0.017818330042594983,0.0289427752823644,0.01947048043442845,0.0,0.009505513970676947,0.23148945785405017,0.40009533151775506,0.2531779929088831,0.0,6.908227590316617e-06,0.0001491884373711873,0.00039271091332619365,0.00018086175986478065,0.0,0.0003757691718131232,0.0031593300625967122,0.007473480221968676,0.004050581966990416,0.0,0.00036835684561422965,0.0031735268077934947,0.0077032050814047764,0.004121309456063414,0.0,5.108517445606925e-19,3.7238446458850177e-19,0.0001657906815856586,0.017818330042594983,0.0031593300625967122,0.013940210363932315,0.00546765392168721,0.004263138127464124,1.0958177015069541e-07,1.0,0.0038252997806583963,0.00429368329185,0.00033803244509116465,0.6953703703703704,0.6944444444444444,0.002070433312499798,0.5748334422485667,0.5729680730936016,0.0016038553213660253,1,1,1,1
01_low_friction_mu_0p12_p2l_v2:0001,01_low_friction_mu_0p12_p2l_v2,11.979999999999999,12.379999999999999,-0.0017363375816392245,0.021198926832074676,0.0286412341174816,0.02196994336657005,0.0,-0.01343314365960809,0.26774705955147043,0.3665223122282347,0.27703047942210773,0.0,3.275144149170784e-05,0.00012943058553176054,0.00039271091332619365,0.00016301803102674721,0.0,-0.00021833515365370497,0.003071614485163876,0.005945470043582652,0.00351448170621589,0.0,-0.00027935251568726575,0.0030388683144876483,0.005994958553341031,0.003520151198296469,0.0,5.523157915548222e-19,2.9573952369087534e-19,0.00015437657438169053,0.021198926832074676,0.003071614485163876,0.012330311330001644,0.004864381651827576,0.0027453686706050157,1.0419905865159926e-07,1.0,0.003993766087708631,0.004293724857715594,0.000304995872796717,0.6953703703703704,0.6944444444444444,0.002070433312499798,0.5755549227518258,0.5736819467855674,0.0013699774256591818,1,1,1,1
01_low_friction_mu_0p12_p2l_v2:0002,01_low_friction_mu_0p12_p2l_v2,12.179999999999998,12.579999999999998,0.03174949728696869,0.04963302519195021,0.1916013966259566,0.07460903524266185,0.16666666666666666,0.4494954050829733,0.6811003562448522,2.709652936780544,1.0481544030113767,0.0,5.0450973379876945e-05,0.0001452206414318488,0.0004148779740049673,0.00017400894410743317,0.0,0.00035078790745562337,0.0028797028269521153,0.004082811662828465,0.0032075188649541204,0.0,0.0002626071849718811,0.002761001446145177,0.004158870570304128,0.0031568557840022504,0.0,0.08374999998753052,1.2539264764475215e-16,0.0001720635800726387,0.06808889324594475,0.0028797028269521917,1.880352437948211,1.7548574939789734,0.0039833270588129814,8.73985680359778e-08,1.0,0.00370615464629509,0.004293724857715594,0.000369033693257806,0.6953703703703704,0.6944444444444444,0.002070433312499798,0.5738377588130114,0.5701405640925485,0.0025862297668211728,1,1,1,1
01_low_friction_mu_0p12_p2l_v2:0003,01_low_friction_mu_0p12_p2l_v2,12.379999999999997,12.779999999999998,0.0235681577236487,0.042856124152490294,0.1916013966259566,0.07613070407096997,0.16666666666666666,0.33859244325758975,0.5999529972788029,2.709652936780544,1.073109754622798,0.0,3.4829825290871925e-05,0.00017569925236383138,0.0004148779740049673,0.00020806866046421996,0.0,-0.0016270187677069625,0.004162554185024986,0.009141352914090585,0.004623937530640394,0.0,-0.0016628650750631455,0.004091547547722135,0.00915475776069199,0.004595014347699546,0.0,0.20874999998369118,1.2519176262711904e-16,0.00017836593437083693,0.1847651755920957,0.004162554185025063,1.880357493989809,1.7546313450800215,0.005126226976384665,8.856332250077694e-08,1.0,0.0034185274806566852,0.0036878118639598204,0.00019924035522427894,0.6925925925925926,0.6777777777777778,0.00692899516069246,0.5603954385180613,0.5394073440120041,0.012940328224628593,1,1,1,1
01_low_friction_mu_0p12_p2l_v2:0004,01_low_friction_mu_0p12_p2l_v2,12.579999999999997,12.979999999999997,-0.0040931636540322515,0.013436472173008468,0.023389475725278858,0.014259581352941003,0.0,-0.051851464980556594,0.18340229120597706,0.33077713787485646,0.19680236093954098,0.0,-3.017372151954224e-05,0.0001866374324901167,0.0005384581648847262,0.00022876116951809183,0.0,-0.0011941610023508016,0.005826134687248786,0.010552766492693414,0.006395696372886752,0.0,-0.001083156367240105,0.005822743121219165,0.010647437219728636,0.006432138812810477,0.0,0.24999999999231837,0.0,0.0001673435408849282,0.25409316364635065,0.005826134687248786,0.013282116084920399,0.005641162407090189,0.004279551166812362,7.933930741982248e-08,1.0,0.0034982681615114606,0.003949478046037905,0.0002889677322708582,0.6990740740740741,0.6777777777777778,0.010837685102518176,0.5463846229567265,0.5329071072884148,0.008718393681654425,1,1,1,1
01_low_friction_mu_0p12_p2l_v2:0005,01_low_friction_mu_0p12_p2l_v2,12.779999999999996,13.179999999999996,0.007709546178387798,0.025925790215265938,0.07751653345568235,0.034205931771753816,0.0,0.10323782715110301,0.3496355070776818,1.0278428648114981,0.4572031555691599,0.0,-2.144880283260994e-06,0.0001945524165619955,0.0005384581648847262,0.00023428523426804017,0.0,0.0030389466377608253,0.00549045800316826,0.010552766492693414,0.005788762735537956,0.0,0.0030966898337249273,0.005426669648177641,0.010647437219728636,0.005715856388433512,0.0,0.24999999999231387,0.0,0.00016917479347308917,0.24229045381392578,0.00549045800316826,0.012358343079158918,0.005952946365774267,0.004910056421973617,7.119001705720307e-08,1.0,0.0035667069571353963,0.003949478046037905,0.00025820917657267664,0.7018518518518518,0.6888888888888889,0.006928995160692504,0.540777465975896,0.529249770085724,0.007652740299705794,1,1,1,1
01_low_friction_mu_0p12_p2l_v2:0006,01_low_friction_mu_0p12_p2l_v2,12.979999999999995,13.379999999999995,0.010119293260557197,0.022650770110543433,0.07751653345568235,0.032309033800497114,0.0,0.12683623677814712,0.30050294545113526,1.0278428648114981,0.43045415987327185,0.0,-1.678515438143105e-05,0.000203375750202184,0.00047475521173829665,0.00024668701697735826,0.0,0.004784917626355947,0.004784917626355947,0.009983156139151378,0.0033781513347457964,0.0,0.004767176081686054,0.004767176081686054,0.009952510317980258,0.0034030323877654784,0.0,0.24999999999231207,0.0,0.0001721366580937225,0.23988070673175468,0.004784917626355947,0.013391811918245478,0.0067114394222775944,0.00551049816735926,7.341353921871444e-08,1.0,0.003642458221869613,0.004481505088449977,0.0004054084569549483,0.6944444444444445,0.6888888888888889,0.004536092116265129,0.5301780939953181,0.5048411271663142,0.013334526780584546,1,1,1,1
01_low_friction_mu_0p12_p2l_v2:0007,01_low_friction_mu_0p12_p2l_v2,13.179999999999994,13.579999999999995,0.0007677524011758576,0.012689357975282678,0.022355554016546708,0.014642685855787674,0.0,0.004007458399604581,0.16365593404551726,0.29054302381307484,0.18694365106522498,0.0,-6.428628168194059e-05,0.00017653237106207985,0.00047475521173829665,0.0002234376127125917,0.0,0.0019715852868438647,0.0026895649428174905,0.007036975108713684,0.0033954196462691825,0.0,0.0019666917028551365,0.0027195737086285338,0.006863064934308441,0.003466007684268535,0.0,0.24999999999231193,0.0,0.0001576234097601213,0.24923224759113607,0.0026895649428174905,0.015566946196353836,0.00754601796137041,0.005216996724159811,8.239901464507228e-08,1.0,0.0037324236878720778,0.004481505088449977,0.0004301453007319713,0.6916666666666668,0.6777777777777778,0.006990587440065484,0.5143750686072734,0.49956779698583076,0.013174846805147262,1,1,1,1
01_low_friction_mu_0p12_p2l_v2:0008,01_low_friction_mu_0p12_p2l_v2,13.379999999999994,13.779999999999994,0.0029583779894686024,0.019165876842345397,0.035565939051650286,0.021217561508770907,0.0,0.04080832268223994,0.25362824201913764,0.4968491662004714,0.2842835105118979,0.0,3.4203549582130447e-06,0.0001584819795147233,0.000534768340850541,0.00020864369662042503,0.0,0.0012449856562017495,0.001962965312175375,0.0060115595987492885,0.0026368115255363134,0.0,0.0012035360608834706,0.0019821863077987153,0.005895935944191252,0.002647846437365541,0.0,0.24999999999231193,0.0,0.00014321019895417787,0.2470416220028433,0.001962965312175375,0.015390518259504,0.007418763761727023,0.004772359604137423,8.762410757776232e-08,1.0,0.003788664614314119,0.004254506852883369,0.00030962421119019894,0.6944444444444445,0.6777777777777778,0.007856742013183832,0.4999050125111451,0.47964014856613346,0.011821356058554552,1,1,1,1
01_low_friction_mu_0p12_p2l_v2:0009,01_low_friction_mu_0p12_p2l_v2,13.579999999999993,13.979999999999993,0.00684574890446094,0.022727076387602133,0.035565939051650286,0.02316007810506866,0.0,0.0897554943711064,0.2976603741924585,0.4968491662004714,0.3064838222070095,0.0,-1.386898183968533e-05,0.00020742288654298412,0.000566643350211667,0.0002681599254856826,0.0,0.0013212582632368887,0.004467607675068613,0.009439048235495172,0.005348956872476215,0.0,0.0013139642247133934,0.004579668350512421,0.009719807653971537,0.005471973142872811,0.0,0.24999999999231193,0.0,0.00018255674601514235,0.24315425108785102,0.004467607675068613,0.014113188385051167,0.006007535665486242,0.00515614499681444,1.0441371683541667e-07,1.0,0.0038768439406434833,0.0042575711636680825,0.0003053327411448511,0.6990740740740741,0.6888888888888889,0.006740842490074563,0.49518754181487945,0.4777319000720836,0.013518724567501176,1,1,1,1
01_low_friction_mu_0p12_p2l_v2:0010,01_low_friction_mu_0p12_p2l_v2,13.779999999999992,14.179999999999993,-0.00717088642419469,0.021145348375029124,0.03261462518734354,0.021403926333644706,0.0,-0.09779511556135377,0.2737129179098799,0.42715455209568787,0.2746070862483496,0.0,-3.803183584622751e-05,0.0001763291875085003,0.000566643350211667,0.000230302336729794,0.0,-0.0027779419765079174,0.006292843982666513,0.01067669832805165,0.006584161934883412,0.0,-0.0027455283969774463,0.006419871411492507,0.010870862793033483,0.006726294997684742,0.0,0.2499999999923122,0.0,0.00018723682234697052,0.2571708864165067,0.006292843982666513,0.014009515484753987,0.006527554221139861,0.004177809557175908,1.2376671998235293e-07,1.0,0.003863092943008476,0.0042575711636680825,0.0001945545856465158,0.6935185185185185,0.6833333333333333,0.009305440389926752,0.4953519162337254,0.4777319000720836,0.010883930606577896,1,1,1,1
01_low_friction_mu_0p12_p2l_v2:0011,01_low_friction_mu_0p12_p2l_v2,13.979999999999992,14.379999999999992,-0.008741354966549366,0.0175860493009234,0.03261462518734354,0.017668664547087987,0.0,-0.11487373752836551,0.22724217353463594,0.42715455209568787,0.22757577511239901,0.0,-2.2747036021894134e-05,0.00014310111283240601,0.00027618459049879115,0.00015774273622634272,0.0,-0.000856008812118443,0.009092951718783939,0.022218259972248064,0.011118163908877906,0.0,-0.0008659827638284493,0.009034764420312704,0.021985427515852213,0.011041092089250769,0.0,0.2499999999923122,0.0,0.0001801222265262965,0.25874135495886136,0.009092951718783939,0.0144398251166188,0.006964583268780538,0.004551097650442911,1.0601886631275859e-07,1.0,0.0038958286934200393,0.004072624451403875,0.00014340118504768646,0.6944444444444445,0.6833333333333333,0.00785674201318386,0.49768043743260804,0.4888016877537966,0.006672763931580507,1,1,1,1
01_low_friction_mu_0p12_p2l_v2:0012,01_low_friction_mu_0p12_p2l_v2,14.17999999999999,14.579999999999991,0.0034357805047186087,0.030572992382218694,0.07549223565768981,0.03916537207841625,0.0,0.03505991881580909,0.38695457668569344,0.9289381784856963,0.4916143354908021,0.0,1.0713568962665624e-05,0.00018584366260979024,0.00048768975722569087,0.00021108767956053257,0.0,0.0011057131862830416,0.011870957293407874,0.022218259972248064,0.014423636679455707,0.0,0.001017475614839754,0.01176626304077183,0.021985427515852213,0.014365446006142354,0.0,0.24999999999231165,0.0,0.0001931275873378278,0.24656421948759308,0.011870957293407874,0.014524239221085299,0.00681473783764145,0.006244854607823676,8.229546834409579e-08,1.0,0.003933713085931617,0.004228310078975235,0.00023397439705705444,0.6907407407407408,0.6611111111111111,0.014581496062984839,0.5007112046803283,0.49459460487082574,0.004712615137889428,1,1,1,1
01_low_friction_mu_0p12_p2l_v2:0013,01_low_friction_mu_0p12_p2l_v2,14.37999999999999,14.77999999999999,0.0065469569579690535,0.032852569905798455,0.07549223565768981,0.0400110569501453,0.0,0.07893679289628885,0.42064068459292336,0.9289381784856963,0.5057008018154109,0.0,5.980973530257164e-05,0.00018874871200551502,0.00048768975722569087,0.00021823177762274765,0.0,0.00030694567004079133,0.007047665793605949,0.02022216037069547,0.01072692723849218,0.0,0.00022366680054427973,0.006997170966147977,0.020320512496811088,0.01072925720777226,0.0,0.24999999999231165,0.0,0.00016859975329552144,0.24345304303434265,0.007047665793605949,0.014595683154819341,0.0067678961803536025,0.0052104161436376225,7.024294983773131e-08,1.0,0.003819381729122646,0.004228310078975235,0.00026440192819888374,0.6787037037037038,0.6611111111111111,0.009305440389926754,0.49271361942185626,0.47482511188782384,0.0100896855014181,1,1,1,1
01_low_friction_mu_0p12_p2l_v2:0014,01_low_friction_mu_0p12_p2l_v2,14.57999999999999,14.97999999999999,0.012581155969690389,0.018530090315797974,0.033294794197277405,0.0177527841199797,0.0,0.15963819654380665,0.23482207325834245,0.4417916970275561,0.22520650923732158,0.0,1.6668709703803663e-05,0.00018132676404640114,0.00043492282160020375,0.00021523887507022473,0.0,0.0048716523085303625,0.0048716523085303625,0.010379892449970757,0.0034376946158265983,0.0,0.0048404957991819665,0.0048404957991819665,0.01031868640123164,0.0034133564463957405,0.0,0.24999999999231245,0.0,0.00014590555300711964,0.23741884402262237,0.0048716523085303625,0.014318397764544799,0.006554003547375459,0.004177515784413214,6.017061737032572e-08,1.0,0.003977173094729644,0.004358210224941166,0.0002943542815579412,0.6768518518518519,0.6722222222222223,0.002070433312499798,0.49187555509305425,0.47482511188782384,0.010019322949620199,1,1,1,1
01_low_friction_mu_0p12_p2l_v2:0015,01_low_friction_mu_0p12_p2l_v2,14.779999999999989,15.179999999999989,0.014697036676117848,0.01927656500420646,0.03136766949818004,0.016323547687017364,0.0,0.1823978009102717,0.23959836006874025,0.38682269965441585,0.20197911355324286,0.0,3.6985413062038186e-05,0.00021134433166484059,0.00043492282160020375,0.00023952643547613947,0.0,0.005014599946098157,0.008409429840422067,0.011632282476655964,0.007225446306811383,0.0,0.005025144291249056,0.0083700683775747,0.011480580269270391,0.007138570497758432,0.0,0.24999999999231245,0.0,0.0001725657467770757,0.2353029633161949,0.008409429840422067,0.014199225922466472,0.0063223096149254724,0.0039036997519417875,6.86027589453869e-08,1.0,0.004094719571720261,0.004358210224941166,0.00024172017642609382,0.6712962962962964,0.6555555555555556,0.007465053470646818,0.49793921131160007,0.4908829293362265,0.006516911917652274,1,1,1,1
01_low_friction_mu_0p12_p2l_v2:0016,01_low_friction_mu_0p12_p2l_v2,14.979999999999988,15.379999999999988,0.01799370262822837,0.021919012623732893,0.03136766949818004,0.014002226973687514,0.0,0.22966050697770282,0.27868955768496156,0.38682269965441585,0.17445178017586593,0.0,3.936971595382076e-05,0.00021233583168743338,0.00043416698111699184,0.0002469328373980786,0.0,0.004250040207732649,0.007159894402867429,0.011972066872645291,0.007123255167208177,0.0,0.004245083655873168,0.007112161444152293,0.01201493758135138,0.007078430882412892,0.0,0.24999999999231193,0.0,0.0001903967301243018,0.23200629736408354,0.007159894402867429,0.014492515271898331,0.006098740337184847,0.004026891585864466,8.197108251755344e-08,1.0,0.00397478405194476,0.0042970626302207835,0.00022957880175833017,0.6674603174603176,0.6555555555555556,0.006249212598422099,0.5077007958582728,0.4908829293362265,0.012968468521272125,1,1,1,1
01_low_friction_mu_0p12_p2l_v2:0017,01_low_friction_mu_0p12_p2l_v2,15.179999999999987,15.579999999999988,0.014043448396199686,0.017967707901175772,0.027571211857241346,0.014106713587055415,0.0,0.1798758686337095,0.23002616255874758,0.3358618054642093,0.17927470406347154,0.0,3.958477530180865e-05,0.00017328444416055594,0.00041676900666212375,0.00021169074105420536,0.0,0.003443253469557743,0.003742036405970381,0.011972066872645291,0.004461778426270363,0.0,0.003408306993144132,0.0037113013021890344,0.01201493758135138,0.0044875910485768075,0.0,0.24999999999231193,0.0,0.00015058150167383705,0.23595655159611223,0.003742036405970381,0.013218994548898971,0.005682067534516956,0.0036431229506270215,9.339669149627196e-08,1.0,0.003999135094322146,0.004405782112409797,0.00024292536645657947,0.6674603174603175,0.6611111111111111,0.0035493142499996963,0.5164801212368185,0.5040109483973978,0.010384282749330006,1,1,1,1
01_low_friction_mu_0p12_p2l_v2:0018,01_low_friction_mu_0p12_p2l_v2,15.379999999999987,15.779999999999987,0.006618002049589021,0.014690001107458392,0.032828740834503795,0.01675705162514751,0.0,0.08782828517502068,0.19251201893906386,0.43405524046263844,0.21983719240784477,0.0,1.1890141255095436e-05,0.00016205585068666586,0.00041309049443667283,0.00019820114833675925,0.0,0.0017360018033262727,0.0036309744595201896,0.009828945729728611,0.004550272487138584,0.0,0.0016813616130924973,0.003598358762915709,0.009496227508975233,0.004474764893442048,0.0,0.24999999999231193,0.0,0.00014456038385866738,0.2433819979427229,0.0036309744595201896,0.013375440317203618,0.005212023867895182,0.003557844017101519,1.0395508774150383e-07,1.0,0.003900924482276294,0.004405782112409797,0.00024157359848455255,0.6675925925925926,0.6666666666666666,0.0020704333124998394,0.5141246590666458,0.5030401137751974,0.007833480592286253,1,1,1,1
01_low_friction_mu_0p12_p2l_v2:0019,01_low_friction_mu_0p12_p2l_v2,15.579999999999986,15.979999999999986,0.02123250143816509,0.024726197740229026,0.05490456382014697,0.020559669971184486,0.0,0.266981105151813,0.3131561626699784,0.6813555753644476,0.25848028308653254,0.0,-3.1769373064278537e-06,0.0001854990447550439,0.00041309049443667283,0.00022411400987761208,0.0,0.004136007091172809,0.005682399654885314,0.010129124265670827,0.005032481314894597,0.0,0.004036743247110136,0.005600247036380961,0.009787499987486398,0.004912912509754751,0.0,0.24999999999231193,0.0,0.0001667247858703433,0.22876749855414683,0.005682399654885314,0.015656775126090195,0.007607016260665204,0.004676025839039963,8.982644338720517e-08,1.0,0.003948595180671692,0.004394891670235694,0.00025426773779278663,0.6657407407407407,0.6555555555555556,0.005928818738363768,0.5038837591388386,0.495712339862854,0.00734676457504703,1,1,1,1
01_low_friction_mu_0p12_p2l_v2:0020,01_low_friction_mu_0p12_p2l_v2,15.779999999999985,16.179999999999986,0.023209548503839137,0.0396653389035496,0.0615956883235175,0.03620230625916551,0.0,0.28695364692918773,0.49781858247121874,0.7548701599588246,0.45477361374937275,0.0,6.261446421615053e-05,0.000172100080011962,0.0005239544421433534,0.00021680044556297918,0.0,0.0034293682414666023,0.006394430663182114,0.010129124265670827,0.006370421984510373,0.0,0.0034340712054202354,0.006281280492982071,0.010036961488903444,0.006198850453777248,0.0,0.24999999999231193,0.0,0.00015447042369594715,0.22679045148847277,0.006394430663182114,0.015288404004868642,0.007672549923268448,0.005630498122015796,7.717768663775279e-08,1.0,0.004065642724044228,0.004394891670235694,0.00023310120676129102,0.6592592592592592,0.6555555555555556,0.0061418977599174245,0.49301246460186693,0.48502920623235884,0.005709053620703561,1,1,1,1
01_low_friction_mu_0p12_p2l_v2:0021,01_low_friction_mu_0p12_p2l_v2,15.979999999999984,16.379999999999985,-0.005710354637064051,0.03857382062960332,0.08348515460087075,0.04815933906883691,0.16666666666666666,-0.09403343798524634,0.5103842905346713,1.18065837893366,0.6419739971418448,0.0,-4.447970847142372e-05,0.00016089551721539566,0.0005239544421433534,0.0002104778466965187,0.0,-0.00112922262569136,0.009920324142756226,0.023018046587508285,0.011998683874898308,0.0,-0.0011615094559323496,0.009930418400673796,0.023294775242551767,0.012042523636928086,0.0,0.24999999999231193,0.0,0.00016113364317372033,0.25571035462937597,0.009920324142756226,0.013219828372637722,0.0052908736212960005,0.0039014880518754656,8.722457904259998e-08,1.0,0.003743045006892088,0.004255945330048491,0.0003094267821636059,0.6398148148148148,0.5833333333333334,0.025743405137884885,0.5021413319676826,0.48502920623235884,0.01726521046371852,1,1,1,1
01_low_friction_mu_0p12_p2l_v2:0022,01_low_friction_mu_0p12_p2l_v2,16.179999999999986,16.579999999999984,0.0003637145432940451,0.02819209941025096,0.08348515460087075,0.04133356521309389,0.16666666666666666,-0.013336829854902999,0.3802159631229836,1.18065837893366,0.5670843896168429,0.0,-7.392352387079908e-05,0.00016568872740264123,0.0004732974497892782,0.00018451128917933434,0.0,0.0009455926348753801,0.009030076981607453,0.023018046587508285,0.01167701741734771,0.0,0.0007960656141381283,0.009040784183182438,0.023294775242551767,0.011731181136031155,0.0,0.24999999999231193,0.0,0.00016812645237832298,0.24963628544901784,0.009030076981607453,0.013693021025112002,0.005458217852477579,0.0039748046072058925,7.77558135587338e-08,1.0,0.0037328231688487945,0.004098820133106985,0.0002719380810313269,0.637037037037037,0.5833333333333334,0.024776089185666015,0.5177519797837676,0.49680140518120586,0.010745870552781386,1,1,1,1
01_low_friction_mu_0p12_p2l_v2:0023,01_low_friction_mu_0p12_p2l_v2,16.37999999999998,16.77999999999998,0.006010486701897332,0.022160059814165852,0.05425204404942996,0.02847926050718579,0.0,0.07784282311602089,0.2846810534677772,0.6933496064580019,0.3627866290439314,0.0,-4.064158482943399e-06,0.00015037122891624932,0.00036312765911222604,0.0001740804869108535,0.0,0.0023034522402233474,0.003717483660717615,0.00932342192672308,0.004681819345781632,0.0,0.0022573809060690065,0.0036327553227459724,0.009093487139415848,0.0045550124878297165,0.0,0.24999999999231193,0.0,0.0001621044450586293,0.2439895132904146,0.003717483660717615,0.015564623911366697,0.006911178184102189,0.005110803868365314,7.130475563592802e-08,1.0,0.003786061752981641,0.004098820133106985,0.000283175453637721,0.6518518518518518,0.6444444444444445,0.006141897759917385,0.5258972924925076,0.5128204134750161,0.010041582219478764,1,1,1,1
01_low_friction_mu_0p12_p2l_v2:0024,01_low_friction_mu_0p12_p2l_v2,16.579999999999984,16.979999999999983,0.003342872939325387,0.019492446051593906,0.04198322766846352,0.023025409541278293,0.0,0.047141711212776986,0.25397994156453335,0.5305289632979896,0.2968108390415301,0.0,2.6354819995687335e-06,0.00012535022690900258,0.00036312765911222604,0.0001468208201988957,0.0,0.0006775291849958369,0.0027371110704254658,0.006029719186830921,0.0033441486062913885,0.0,0.0007195753457385007,0.00271420138649469,0.006099586176196646,0.0033077908827995506,0.0,0.24999999999231193,0.0,0.00013018824816326464,0.24665712705298656,0.0027371110704254658,0.013805987997585801,0.007276073906714033,0.005704840122917273,8.667588755837905e-08,1.0,0.003737940094599578,0.004048277728143239,0.0002819280025205305,0.6601851851851851,0.65,0.00674084249007453,0.5381516407437281,0.5210918183359603,0.009802909750088488,1,1,1,1
01_low_friction_mu_0p12_p2l_v2:0025,01_low_friction_mu_0p12_p2l_v2,16.77999999999998,17.17999999999998,0.020764597039074836,0.023356496344053238,0.03970299065225974,0.0151989901537934,0.0,0.2706178633645301,0.3043757418203658,0.5079605164017181,0.19806399518335932,0.0,-2.838440771388464e-05,0.00011630547065086391,0.0005264893303981261,0.00015781170166272906,0.0,0.0015107471805448393,0.003417863970298533,0.006029719186830921,0.003409000725360892,0.0,0.0015248775134079366,0.0034031753270567255,0.006099586176196646,0.0034108762704341132,0.0,0.28499999998849335,0.0,0.00010891709410378373,0.2700687362810774,0.003417863970298533,0.8748076710903254,0.8558831231516701,0.005830914129092441,7.782690637292602e-08,1.0,0.0038557826352519273,0.004004610153801601,0.00015763005121359716,0.6685185185185186,0.6555555555555556,0.008281733249999233,0.5514231376357225,0.5378180928991488,0.008548723555862489,1,1,1,1
01_low_friction_mu_0p12_p2l_v2:0026,01_low_friction_mu_0p12_p2l_v2,16.979999999999983,17.37999999999998,-0.00416227868665774,0.02758137850690535,0.03970299065225974,0.029108537938451723,0.0,-0.06293799390968607,0.3664415466119825,0.5079605164017181,0.3864675404862986,0.0,-4.747113716039237e-05,0.00016198975040398745,0.0005264893303981261,0.0002067520212719743,0.0,-0.0034791570451863534,0.004993127940608424,0.0097209048511968,0.004490466271581561,0.0,-0.0034697823558409884,0.0049640584640724605,0.009832794637587045,0.00449228384854947,0.0,0.33499999998748864,0.0,0.00013956023207244492,0.3449956120058053,0.004993127940608424,0.8748359935467436,0.8555468279625353,0.005997736802186421,7.65143368077749e-08,1.0,0.0036768415378954215,0.004284459009732534,0.0004396051440044802,0.6416666666666667,0.5944444444444444,0.03138602084570055,0.550624778571065,0.533835435938914,0.009614871100133638,1,1,1,1
01_low_friction_mu_0p12_p2l_v2:0027,01_low_friction_mu_0p12_p2l_v2,17.17999999999998,17.579999999999977,-0.0029960423161329852,0.026155715572451704,0.05112889641375262,0.030097750107038346,0.0,-0.04122796049294431,0.35439370157288846,0.6848581210202698,0.40780553622738136,0.0,-1.4937950189586023e-05,0.00017646594037820526,0.0003854848013544716,0.00020689770851155625,0.0,-0.0005900395665741136,0.00662067909440233,0.015035934005551817,0.008134052574589044,0.0,-0.0005563064232191837,0.006618488207124698,0.015092694529403757,0.008151889808379865,0.0,0.3499999999903025,0.0,0.00014863378133930647,0.35299604230643555,0.00662067909440233,0.014105023002970583,0.006745736927337647,0.0051852449025085266,7.702076373894361e-08,1.0,0.00348627143106653,0.004284459009732534,0.00040682975404223245,0.6361111111111111,0.5944444444444444,0.02540819024817081,0.5438449825842182,0.533835435938914,0.005049715938030633,1,1,1,1
01_low_friction_mu_0p12_p2l_v2:0028,01_low_friction_mu_0p12_p2l_v2,17.37999999999998,17.77999999999998,0.032623334799993194,0.032623334799993194,0.07129512775070229,0.02269788292206418,0.0,0.41884119534450925,0.41884119534450925,0.8785357386411029,0.284250858248039,0.0,-1.543402012146766e-05,0.00014055256486154123,0.0003300058846456419,0.0001685007026154559,0.0,0.007901910570341565,0.007901910570341565,0.015035934005551817,0.005334023407855749,0.0,0.007892879844211137,0.007892879844211137,0.015092694529403757,0.005336430459767049,0.0,0.3499999999903025,0.0,0.00013749395700952876,0.3173766651903093,0.007901910570341565,0.012653381453357346,0.005483309946653099,0.003938779498284247,7.833889046410551e-08,1.0,0.0038097660635471806,0.0045432186215948415,0.00043010717327661755,0.6546296296296296,0.6444444444444445,0.00674084249007453,0.5505639139567593,0.5419013047181848,0.0067364411480211215,1,1,1,1
01_low_friction_mu_0p12_p2l_v2:0029,01_low_friction_mu_0p12_p2l_v2,17.579999999999977,17.979999999999976,0.02628482419990528,0.040685790408553635,0.07129512775070229,0.0349887923661444,0.0,0.3311312811590516,0.5066851110239071,0.8785357386411029,0.4309393028999348,0.0,-5.772804643457343e-05,0.00011483286286953852,0.0002813776103315649,0.00013468212729339805,0.0,0.005351716932762827,0.006818425491437435,0.012922252131329075,0.005595640060545098,0.0,0.0053553488217547235,0.006811782492059218,0.012897735751723764,0.005565306573623279,0.0,0.3499999999903025,0.0,0.00013344872943970443,0.3237151757903972,0.006818425491437435,0.013233283425032364,0.0056994693800536044,0.004055821868811581,8.515912198095209e-08,1.0,0.0041359043876068825,0.0045432186215948415,0.00027401509427512434,0.6351851851851852,0.5777777777777777,0.02618914004394623,0.561988213755548,0.5509037118487112,0.007106451150773015,1,1,1,1
01_low_friction_mu_0p12_p2l_v2:0030,01_low_friction_mu_0p12_p2l_v2,17.77999999999998,18.17999999999998,0.02254078055606522,0.03920428190791387,0.08092019644731607,0.03939342319467471,0.16666666666666666,0.2741705439364632,0.4817214526499149,0.9561089654191854,0.476743591338186,0.0,-2.72549548835855e-05,0.00010850196041008932,0.00036600405678983316,0.00014250232540104113,0.0,0.0023534685690618992,0.0040088513777088,0.0077826141632862085,0.003871791227831326,0.0,0.002339475927707463,0.003997605275476416,0.007663445178268399,0.003837511510444916,0.0,0.34999999998948095,0.0,0.00014744843343575457,0.32745921943260287,0.0040088513777088,0.5166397532302707,0.46230167917574994,0.017387593908955293,0.0022544622130460943,1.0,0.004018632278723171,0.004506919605296054,0.0004413453876726708,0.637037037037037,0.5777777777777777,0.027342264926358172,0.5610055767926643,0.545778296509018,0.009419838890437012,1,1,1,1
01_low_friction_mu_0p12_p2l_v2:0031,01_low_friction_mu_0p12_p2l_v2,17.979999999999976,18.379999999999974,0.01449924344328459,0.02398822155217138,0.08092019644731607,0.03340356194169052,0.16666666666666666,0.17081373524399857,0.29383750462113606,0.9561089654191854,0.4006740557425445,0.0,5.211948335017765e-05,0.0001041599426084921,0.00036600405678983316,0.00013642861629048226,0.0,0.0011945701359007894,0.0038587773091669324,0.0077826141632862085,0.00431863644690478,0.0,0.0011151821073728026,0.003850878263965216,0.007663445178268399,0.004322441726144134,0.0,0.34999999998948095,0.0,0.0001266019426149189,0.3355007565453835,0.0038587773091669324,0.51882615301924,0.44999382103924174,0.014111455719104743,0.0022544724447793154,1.0,0.0038312045806770403,0.004506919605296054,0.0004644816204967869,0.6453703703703704,0.6111111111111112,0.017098319733906825,0.5474173128899157,0.5366412083775904,0.009192029228523515,1,1,1,1
01_low_friction_mu_0p12_p2l_v2:0032,01_low_friction_mu_0p12_p2l_v2,18.17999999999998,18.579999999999977,0.000971128826436842,0.01582025395507833,0.02286804648886498,0.018413273786805292,0.0,0.010705387547595294,0.209533083041241,0.3234030148953129,0.24413844100892973,0.0,2.0835900775690884e-05,0.00017575446794562845,0.00044690596718345127,0.0002282171768484005,0.0,0.001516768829027468,0.005453726118994392,0.009131117089363082,0.005830671881283162,0.0,0.0015340668892032487,0.005418608639250901,0.009332069882556944,0.0058129557206364505,0.0,0.3499999999903025,0.0,0.00016766831728043326,0.34902887116386566,0.005453726118994392,0.0683406312460171,0.008688044593952414,0.005980079619770675,8.460559551923733e-08,1.0,0.0036963383714222406,0.004069842012148604,0.0003075057916571181,0.6444444444444444,0.6111111111111112,0.018975834751777016,0.5391909467040032,0.5335488470535797,0.004523845547866696,1,1,1,1
01_low_friction_mu_0p12_p2l_v2:0033,01_low_friction_mu_0p12_p2l_v2,18.379999999999974,18.779999999999973,-0.0019520202565431743,0.02341261564353264,0.04599022618357451,0.02601015134537117,0.0,-0.037826272981727374,0.3185381026873028,0.6504000160541731,0.3573798752393392,0.0,1.593241055934364e-05,0.0002286037633446189,0.00044690596718345127,0.00026292017024509177,0.0,0.001322895965955407,0.005409314640170763,0.009131117089363082,0.005878063026357981,0.0,0.001346405635986378,0.005307669630916262,0.009332069882556944,0.005826341122998134,0.0,0.3499999999903025,0.0,0.00020209177257786548,0.35195202024684574,0.005409314640170763,0.06778513424000523,0.009034395705984308,0.007736315088201391,6.265741321138568e-08,1.0,0.0036185267830398642,0.004059253727156048,0.0002991233359084999,0.6398148148148148,0.5666666666666667,0.03718719560745038,0.5325494300176555,0.5266787901137746,0.006194625757520842,1,1,1,1
01_low_friction_mu_0p12_p2l_v2:0034,01_low_friction_mu_0p12_p2l_v2,18.579999999999977,18.979999999999976,0.0047555772512192784,0.023161854234359736,0.04599022618357451,0.02771922358061911,0.0,0.05092613885667208,0.30842789865095704,0.6504000160541731,0.37450230844184046,0.0,8.606547463912119e-05,0.00018347019093064527,0.0005186791474879762,0.00020986698555465756,0.0,0.0005895822525179016,0.003214576560060184,0.0055462418388283795,0.0033870629428618465,0.0,0.0004922681276737423,0.0031029908516839295,0.005642376545330053,0.003316324022562834,0.0,0.3499999999891823,0.0,0.00016818193286349605,0.34524442273734685,0.003214576560060184,0.31495230394064794,0.26394556543098013,0.009799645856282808,0.003320370581824049,1.0,0.003723442695045048,0.003979534925248873,0.0002486296376918426,0.6435185185185185,0.5666666666666667,0.04062483512681539,0.5309131542223416,0.5266787901137746,0.0054850661196697995,1,1,1,1
01_low_friction_mu_0p12_p2l_v2:0035,01_low_friction_mu_0p12_p2l_v2,18.779999999999973,19.17999999999997,-0.019714362528406703,0.041336560612243306,0.09274322022327774,0.04712123983259649,0.16666666666666666,-0.2740334131689384,0.5508551057071874,1.2547870720552838,0.6303361242017517,0.0,0.045203345018714945,0.04525013573252267,0.22041310262828925,0.08765112580450926,0.2,0.03971244718094979,0.04179125327716426,0.22512075992034403,0.08306105480032192,0.16666666666666666,0.00022557851975191483,0.004232130880692464,0.006170990634137348,0.004500038941668591,0.0,0.323349999992652,0.04509999999801604,0.00016042625069621688,0.3464226958544385,0.004365594301916869,0.5510534493093245,0.4102305623787124,0.06308127979899375,0.0033203814824398275,1.0,0.003759964654427702,0.003979534925248873,0.00018835103627368012,0.6453703703703705,0.5944444444444444,0.038143203563048116,0.5365807579419981,0.5276888812715477,0.004962168202375833,1,0,1,1
01_low_friction_mu_0p12_p2l_v2:0036,01_low_friction_mu_0p12_p2l_v2,18.979999999999976,19.379999999999974,-0.03957772573113201,0.03981398997206427,0.09274322022327774,0.030879885386150652,0.16666666666666666,-0.532249400990701,0.5349597889216721,1.2547870720552838,0.4226548974937566,0.0,0.10361937654404005,0.10363819512655059,0.22041310262828925,0.08881348222295654,0.5,0.1125889257666018,0.11466773186281627,0.22512075992034403,0.09160965006667568,0.5,0.016746834515618075,0.020753386876558626,0.04099593149392683,0.020013189000081446,0.0,0.2583499999968092,0.1550999999775969,0.054144129377860714,0.3012860590617161,0.03853466084877676,0.49361031578988185,0.3377379541899819,0.25561569216778485,8.27527214935699e-08,1.0,0.0038956723990138838,0.004712691726933862,0.0004366852846752682,0.6351851851851852,0.5944444444444444,0.04486682014661376,0.5364528793736031,0.5289740527719579,0.004036398451685138,1,0,1,1
01_low_friction_mu_0p12_p2l_v2:0037,01_low_friction_mu_0p12_p2l_v2,19.17999999999997,19.57999999999997,-0.007239711255442889,0.017197100732062553,0.03403945009309456,0.01984122892035262,0.0,-0.10362264740085066,0.21968936402739345,0.46789345704998425,0.2504981122539351,0.0,0.06874992161794444,0.06874992161794444,0.21782673716585968,0.06620829172916505,0.3,0.08406406007819556,0.08406406007819556,0.21425485755080403,0.07563014526570008,0.3333333333333333,0.017434663489902236,0.018595119210575124,0.04099593149392683,0.01903299362617108,0.0,0.21999999999470776,0.21999999996617037,0.15380904539511212,0.22723971124992673,0.13593593988575245,0.19527763638746082,0.11902228167585964,0.026078778536748972,8.474830166431026e-08,1.0,0.004071710231614061,0.004712691726933862,0.0004595119511602689,0.6092592592592592,0.5611111111111111,0.04475202212442433,0.5461314281649741,0.5289740527719579,0.0149336329564549,1,0,1,1
01_low_friction_mu_0p12_p2l_v2:0038,01_low_friction_mu_0p12_p2l_v2,19.379999999999974,19.779999999999973,-0.0026370146958123917,0.023978605470665798,0.034861396617498014,0.02645095653790154,0.0,-0.03130171031864206,0.2952655078968234,0.4518224066478286,0.3251953631043619,0.0,0.020573821025531198,0.020573821025531198,0.020974244179237544,0.00020513926826999047,0.0,0.019248044647190782,0.019248044647190782,0.02675358241618464,0.004245006385535173,0.0,-0.0011655282559883313,0.003415451788010578,0.007650738305064575,0.004165389851104687,0.0,0.2199999999930924,0.2199999999729057,0.1994485881708227,0.22263701468890476,0.2007519553257149,0.046126019537323155,0.010145300644857625,0.008625786670179523,7.543376548049305e-08,1.0,0.004133078021105859,0.0046819506506159386,0.00038808228187230034,0.5842592592592593,0.5611111111111111,0.016794775136312102,0.5575883479850656,0.5441327763362773,0.009720378443760704,1,1,1,1
01_low_friction_mu_0p12_p2l_v2:0039,01_low_friction_mu_0p12_p2l_v2,19.57999999999997,19.97999999999997,-0.004641217357877166,0.021052673457000997,0.034861396617498014,0.024160930179557682,0.0,-0.04966641534773133,0.2646785590406199,0.4518224066478286,0.3037591178074152,0.0,0.020608199939996776,0.020608199939996776,0.02100942772540662,0.0002306957681955605,0.0,0.01855596388559867,0.01855596388559867,0.02675358241618464,0.004772418580084115,0.0,-0.0018997616852221382,0.004688785450445709,0.007650738305064575,0.00473719390178116,0.0,0.21999999999311903,0.21999999997185818,0.19941761800158284,0.22464121735099915,0.20144403608624428,0.044975309938286474,0.009615565969064929,0.0076803351335954055,7.670718779356339e-08,1.0,0.004066271234817358,0.0046819506506159386,0.00036715101371097785,0.5768518518518518,0.5555555555555556,0.01797822948050705,0.5596594246231078,0.5434748146139695,0.012865334661824785,1,1,1,1
01_low_friction_mu_0p12_p2l_v2:0040,01_low_friction_mu_0p12_p2l_v2,19.779999999999973,20.17999999999997,0.00184102369035286,0.016750797623228116,0.03352792824717979,0.020496966008963866,0.0,0.027778912119937448,0.22535526244062642,0.45482534699150423,0.2749641298163084,0.0,-0.045386797779564766,0.07833888459875027,0.35934855218972717,0.1328857275511144,0.2,-0.044882950702264224,0.08177937586526078,0.379986979702575,0.14999855917227956,0.16666666666666666,-0.011205452676107517,0.016994594456392797,0.07509607296047546,0.029264773808369088,0.0,0.21999999999363418,0.21999999996721228,0.17513854246456595,0.21815897630321177,0.19154961735239392,0.20285741524213136,0.15852305153095658,0.008345601269265101,8.267140673547212e-08,1.0,0.0036965189594074933,0.004331240116407176,0.0003360443172547798,0.5759259259259258,0.5555555555555556,0.01994505484123891,0.5654325993315593,0.5434748146139695,0.012666691507818115,1,0,1,1
01_low_friction_mu_0p12_p2l_v2:0041,01_low_friction_mu_0p12_p2l_v2,19.97999999999997,20.379999999999967,0.02392899911730464,0.03432880622284039,0.04898451817475366,0.028107749185352013,0.0,0.3167347799493175,0.45448042279548284,0.6432201304729759,0.36961677040683355,0.0,-0.14047405064448318,0.15280027139907776,0.35934855218972717,0.12072756491177446,0.7,-0.15089177412205002,0.1697516526679752,0.379986979702575,0.14677801503319576,0.6666666666666666,-0.020240487447431437,0.02570000012031895,0.07509607296047546,0.031240218662156014,0.0,0.219999999993572,0.21999999996479822,0.10290104982135122,0.19607100087625995,0.11655984554687136,0.23393289020895533,0.16631744662634335,0.013722806562408485,7.714651800882018e-08,1.0,0.0036515365423892276,0.004079831594935724,0.00026367631248504057,0.6101851851851852,0.5666666666666667,0.02894166594090332,0.5627808866936644,0.5449531488758639,0.009634707238659817,1,0,1,1
01_low_friction_mu_0p12_p2l_v2:0042,01_low_friction_mu_0p12_p2l_v2,20.17999999999997,20.57999999999997,0.037527398112783,0.037527398112783,0.07220052943508823,0.022376834659341604,0.0,0.475116378960666,0.475116378960666,0.8670394539042633,0.2770785764537198,0.0,-0.13887448248436568,0.13887448248436568,0.23624587059163743,0.0385816126518324,0.85,-0.1581136511313546,0.1581136511313546,0.258947514952639,0.049885001186009456,1.0,-0.0161301730068433,0.01650558817793404,0.04725600410592132,0.015243273856192925,0.0,0.2199999999924085,0.21999999996912525,0.08408506552939089,0.18247260187968764,0.07486885383737658,0.127292433254876,0.09160184241833666,0.006972323350600048,7.776455957891486e-08,1.0,0.004043076933800842,0.004593492312928698,0.0003560466464668871,0.6296296296296297,0.6111111111111112,0.012283795519834793,0.5384658259419497,0.5048119066211305,0.02425299395856741,1,0,1,1
01_low_friction_mu_0p12_p2l_v2:0043,01_low_friction_mu_0p12_p2l_v2,20.379999999999967,20.779999999999966,0.031181442778327854,0.03510172633649975,0.07220052943508823,0.030343180711075876,0.0,0.38890170855920997,0.4408363716629968,0.8670394539042633,0.3804609020129212,0.0,-0.08171421509064343,0.08171421509064343,0.1320362924902042,0.030525206676655002,0.35,-0.09501341094897918,0.09501341094897918,0.13330519302866423,0.028740988995082827,0.5,-0.010778894430912666,0.010803758856268254,0.016352410638184725,0.006087060140293536,0.0,0.21999999999184894,0.21999999997199474,0.13967324410957513,0.18881855721352112,0.12498658902301558,0.055275471801724235,0.010291171798124797,0.007858306865064488,7.087969520647484e-08,1.0,0.004058413924777358,0.004593492312928698,0.0003181463719386285,0.612962962962963,0.5944444444444444,0.015603981061437693,0.5090508892702151,0.4807813346102468,0.019969258008971136,1,0,1,1
01_low_friction_mu_0p12_p2l_v2:0044,01_low_friction_mu_0p12_p2l_v2,20.57999999999997,20.97999999999997,0.03512524097587402,0.03904552453404592,0.058591663356302254,0.022889676019413267,0.0,0.4493524866677368,0.5012871497715236,0.7553493788772118,0.2972811039786058,0.0,-0.03498112271910116,0.03498112271910116,0.07896085422437635,0.023125557851207797,0.0,-0.04786530127370411,0.04786530127370411,0.07507464531454267,0.02224011437722625,0.0,-0.011023309480222796,0.011048173905578385,0.030946178516418454,0.010674494317520555,0.0,0.2199999999920621,0.21999999997308795,0.18584759264148415,0.184874759016194,0.17213469869941414,0.055982317992005495,0.012117415414007732,0.008419871100825881,6.673902847990958e-08,1.0,0.003931654360078042,0.004133712058886332,0.00013002993809963675,0.5814814814814814,0.5555555555555556,0.01915570450516406,0.4771096033829832,0.4370037575440636,0.02531326602274797,1,1,1,1
01_low_friction_mu_0p12_p2l_v2:0045,01_low_friction_mu_0p12_p2l_v2,20.779999999999966,21.179999999999964,0.022719036490164133,0.03215134395814289,0.049154887242511686,0.027636894619698812,0.0,0.2919869565927664,0.40631409396666784,0.628957318246692,0.3482209910666947,0.0,-0.015485479915363792,0.015485479915363792,0.02675550666581597,0.004178663109143374,0.0,-0.02050941628872303,0.021459794133544857,0.04247755611486684,0.014211420381077401,0.0,-0.00480885661285102,0.01076009479466549,0.030946178516418454,0.0141154772503588,0.0,0.21999999999242403,0.21999999997487568,0.20454341516899538,0.19728096350225913,0.19949058368621717,0.05335032593937235,0.010088927977737031,0.005588600875174609,8.750642117665278e-08,1.0,0.0041499784262915415,0.004539067820861575,0.00021538644758974785,0.5518518518518518,0.5222222222222223,0.016249934050726143,0.42647723853388236,0.38221169328805665,0.032199860103837775,1,1,1,1
01_low_friction_mu_0p12_p2l_v2:0046,01_low_friction_mu_0p12_p2l_v2,20.97999999999997,21.379999999999967,-0.07980865042853626,0.09619361284270682,0.24896193445820372,0.10306096634516397,0.3333333333333333,-1.058942989356008,1.2685954287715722,3.5056477884246604,1.411166755596961,0.16666666666666666,0.03583951566360717,0.05220574764998698,0.1701447466771714,0.0678479327104748,0.25,0.06022294645925677,0.07424217419186581,0.1825052864342558,0.08107434691952185,0.3333333333333333,0.01630343461574976,0.019656257987460565,0.039051900035137116,0.01791212140716603,0.0,0.11110000000161158,0.1110999999887519,0.1445004914153931,0.1921919837647131,0.17260627978250379,0.6349319193372022,0.42333547117116227,0.4226408622695831,1.3434763870630379e-07,1.0,0.004101453665832516,0.004539067820861575,0.00041212022980252584,0.5777777777777778,0.5222222222222223,0.050511784062910584,0.39024280319809773,0.37231597360671437,0.011684089209752812,0,0,1,1
01_low_friction_mu_0p12_p2l_v2:0047,01_low_friction_mu_0p12_p2l_v2,21.179999999999964,21.579999999999963,-0.09722194550629044,0.09722194550629044,0.24896193445820372,0.08640218991052208,0.3333333333333333,-1.2857533750378323,1.2857533750378323,3.5056477884246604,1.2042849074417423,0.16666666666666666,0.04390540858704657,0.04421966370875752,0.1701447466771714,0.06184480898702775,0.25,0.0679321932894921,0.06840906802955168,0.1825052864342558,0.07364199082804436,0.3333333333333333,0.016292302149311284,0.01670715131260229,0.039051900035137116,0.016379279069413798,0.0,0.0011000000066041515,0.0011000000009667808,0.042876065738591596,0.09960527884760867,0.07079240136497941,0.7065970868880203,0.4280759787072726,0.02343646140145711,1.238461148103846e-07,1.0,0.003953501497183799,0.00449465082746922,0.0003836551202451382,0.6407407407407408,0.55,0.04190262407031393,0.38946415251321276,0.37231597360671437,0.008641935742040746,0,0,1,1
01_low_friction_mu_0p12_p2l_v2:0048,01_low_friction_mu_0p12_p2l_v2,21.379999999999967,21.779999999999966,-0.011924921707894423,0.027667851017915444,0.03591612477515497,0.02711031857808282,0.0,-0.15911541088907014,0.35901073140652623,0.47949201892083265,0.35304474780832723,0.0,-4.236036370494605e-05,0.00023954554400899657,0.0007433756270177837,0.0002865946767987716,0.0,0.0004650777663754932,0.0030278566621726537,0.005983895704816476,0.0035787005944925877,0.0,0.0005519072188794207,0.0030857331713366105,0.006054275545358524,0.003662611603664562,0.0,1.2789769243681803e-12,0.0,0.0002192252245126711,0.02766785101933653,0.0030278566621726537,0.3123193550913732,0.28785265670514576,0.0028813058315892703,6.987812933236915e-08,1.0,0.003983991247221188,0.0045998484838551765,0.00036396475502544135,0.6694444444444446,0.6555555555555556,0.006211299937499434,0.39867328022901843,0.39107976949553785,0.004070739980085433,1,1,1,1
01_low_friction_mu_0p12_p2l_v2:0049,01_low_friction_mu_0p12_p2l_v2,21.579999999999963,21.97999999999996,0.0022966270099092803,0.020686398663586302,0.035851964072781066,0.024357513917377706,0.0,0.024936240773989062,0.27419244117614444,0.47949201892083265,0.32578003943868256,0.0,7.57064373893343e-06,0.0001646448812211979,0.0004903816584039813,0.0002095479425945505,0.0,0.0008248175914844847,0.002855452938376021,0.005983895704816476,0.0033582176720425966,0.0,0.0008817223028962015,0.0028882983862952814,0.006054275545358524,0.0034043258924159473,0.0,0.0,0.0,0.00017104673620207595,0.020686398663586302,0.002855452938376021,0.015624598897049681,0.006776356052946455,0.004089152600732724,6.725789476189295e-08,1.0,0.003811963575562682,0.0045998484838551765,0.0004486427465157822,0.6722222222222224,0.6722222222222223,1.1102230246251565e-16,0.40398849206717286,0.40039098341548135,0.0034796125376550207,1,1,1,1
01_low_friction_mu_0p12_p2l_v2:0050,01_low_friction_mu_0p12_p2l_v2,21.779999999999966,22.179999999999964,0.116970403622038,0.12531545740443506,0.3015017505669867,0.1358002685523951,0.42857142857142855,1.5550773814077525,1.6673358621182415,4.140133114666801,1.807914177680221,0.42857142857142855,-0.0003571396245532944,0.00042373379941722017,0.0016002220429709405,0.0005467875026597016,0.0,0.00010920454214952482,0.004851135204332914,0.010509212242318943,0.005651896351963517,0.0,0.0006106186895831535,0.004550708375364301,0.009092860259827246,0.005192717609226444,0.0,0.12299999999275446,0.0,0.00045310084107380073,0.021519182802835848,0.004851135204332914,0.7142435197468933,0.6469677501806256,0.018146397646774795,8.242631393290035e-06,1.0,0.0036924701316243293,0.0042862471896299645,0.00040308348474054213,0.6714285714285716,0.6666666666666666,0.0019440394783993796,0.4046213843735927,0.3994675326074033,0.004243314805709108,0,1,1,1
01_low_friction_mu_0p12_p2l_v2:0051,01_low_friction_mu_0p12_p2l_v2,21.97999999999996,22.37999999999996,0.21180102913363796,0.21180102913363796,0.3015017505669867,0.07271089557657084,1.0,2.794326476490856,2.794326476490856,4.140133114666801,0.9666724858509149,0.5,-0.0016465650373150716,0.0016583198853129632,0.0037112676105181086,0.001120301490794724,0.0,-0.003577799851485487,0.007669627332454875,0.010509212242318943,0.007057937507043493,0.0,-0.001643667449853067,0.006646026034608711,0.009092860259827246,0.006649105904909049,0.0,0.2729999999856547,0.0,0.0016790004192059206,0.08869955437922462,0.007669627332454875,0.7816792992727184,0.5832305376936168,0.00661659876486953,8.235185427096278e-06,1.0,0.0037502528372129196,0.0042862471896299645,0.0003292285274013234,0.6527777777777778,0.6055555555555555,0.023949105845143665,0.40167586227139057,0.39873942058215933,0.003870244596293447,0,1,1,1
01_low_friction_mu_0p12_p2l_v2:0052,01_low_friction_mu_0p12_p2l_v2,22.179999999999964,22.579999999999963,0.12381286216131833,0.12381286216131833,0.21996861158910258,0.05621866664073542,0.8333333333333334,1.6320205591139099,1.6320205591139099,2.8016123832789193,0.7276049395248643,0.0,-0.0038557955506960924,0.0038557955506960924,0.0068510196231973165,0.0015004494642349682,0.0,-0.003156552629518483,0.0068337009641800525,0.009398947306728847,0.006395897522862109,0.0,0.0011901972315379408,0.0062717170402001145,0.012271586510646616,0.007002212419469034,0.0,0.2999999999858005,0.0,0.003939682474249028,0.17618713782448223,0.0068337009641800525,0.44889674572952315,0.009248372930264818,0.0064230446761787685,7.016520295463365e-08,1.0,0.0037588287647200816,0.004139508242265355,0.0002918821335680464,0.6333333333333333,0.6055555555555555,0.01666666666666667,0.3992889601850253,0.3957990264449285,0.0019552486868889074,0,1,1,1
01_low_friction_mu_0p12_p2l_v2:0053,01_low_friction_mu_0p12_p2l_v2,22.37999999999996,22.77999999999996,0.05844259960227827,0.05844259960227827,0.15028607626735718,0.049165194840088286,0.3333333333333333,0.7782066953432202,0.7782066953432202,2.1253660729313384,0.6896629550089891,0.0,-0.0047136066965563815,0.0047136066965563815,0.008454824640349965,0.00259609314795649,0.0,-0.003754796158841329,0.007304056766759261,0.012252807009664201,0.006883583213447418,0.0,0.000519514698719864,0.006132068022479297,0.012271586510646616,0.007049506220860638,0.0,0.2999999999871372,5.442939546367434e-12,0.004692979288221709,0.2415574003853467,0.007304056766702326,0.3824315071748435,0.18875520521835384,0.013043827844198413,7.47809040227258e-08,1.0,0.0038686288630336066,0.004480423812525922,0.0003932547568795685,0.6351851851851852,0.6222222222222222,0.010955703302036322,0.39131250812724633,0.3820757240521979,0.007488422277749396,0,1,1,1
01_low_friction_mu_0p12_p2l_v2:0054,01_low_friction_mu_0p12_p2l_v2,22.579999999999963,22.97999999999996,0.009227621423674162,0.02010651049213133,0.028811797134405903,0.01928171879462776,0.0,0.11210635683279986,0.25440866683189794,0.3634148205327164,0.24492864672993586,0.0,-0.002311537281822198,0.002311537281822198,0.008454824640349965,0.0031800715874345173,0.0,-0.0004988810137019263,0.007713577024769494,0.012252807009664201,0.008204428757976816,0.0,0.0010747241817667663,0.0064936735855299944,0.00963496339518391,0.006844037048032891,0.0,0.2999999999898906,1.591889013770224e-11,0.002204427797217707,0.2907723785667042,0.007713577021220576,0.21404840024691207,0.18115420568597432,0.008642526187957784,8.31820662874719e-08,1.0,0.004002035628172776,0.004480423812525922,0.00042074046667776215,0.6416666666666666,0.6222222222222222,0.011893733869134384,0.38443937650525317,0.3748548994726881,0.005362345034199082,1,1,1,1
01_low_friction_mu_0p12_p2l_v2:0055,01_low_friction_mu_0p12_p2l_v2,22.77999999999996,23.179999999999957,0.007456635816609436,0.024552544085143124,0.047217722609511126,0.025765609151334315,0.0,0.09718432285158778,0.3214158914194234,0.636198277594253,0.34004518248338844,0.0,-0.0002890423258799637,0.000295317161677669,0.000640626180151104,0.00017434183991359105,0.0,0.0032254520815596984,0.004370965627766773,0.009195839516894936,0.00415340979057775,0.0,0.0035478715461367103,0.004520836608952832,0.00963496339518391,0.004151312484547648,0.0,0.2999999999913072,2.0951901182669614e-11,0.00026927353162250713,0.2925433641746978,0.004370965613798838,0.01407038299199834,0.006823205174701251,0.005077241050688351,1.0745783349099633e-07,1.0,0.003832862042216834,0.0044673772957193785,0.0003623258719436139,0.6398148148148147,0.6277777777777778,0.009305440389926768,0.38681249648713023,0.3748548994726881,0.006185515321152583,1,1,1,1
01_low_friction_mu_0p12_p2l_v2:0056,01_low_friction_mu_0p12_p2l_v2,22.97999999999996,23.37999999999996,0.008011308356762179,0.02512770797971467,0.047217722609511126,0.026782269712967266,0.0,0.1034138277630162,0.33280450371022385,0.636198277594253,0.3572893117287001,0.0,-0.0002621175982980571,0.0002703155044258017,0.0005771536745038194,0.00017629838146102355,0.0,0.003152370086123449,0.004676042596382944,0.01325193693480407,0.005329847628908273,0.0,0.0033774404761175007,0.004901377461824615,0.013681018226671941,0.005461593711685917,0.0,0.2999999999913072,2.0951901182669614e-11,0.0002489665697388228,0.29198869163454505,0.0046760425824150095,0.01465639686985344,0.007078838584007368,0.005412668504272128,9.69160714862388e-08,1.0,0.003780321228718119,0.004209623559207841,0.00023964217989052314,0.637037037037037,0.6277777777777778,0.007635380788180875,0.3962463725043818,0.383898292388666,0.008546006653507156,1,1,1,1
01_low_friction_mu_0p12_p2l_v2:0057,01_low_friction_mu_0p12_p2l_v2,23.179999999999957,23.579999999999956,0.01832707025767416,0.031222773991170016,0.06846692637337554,0.03410712582738376,0.0,0.24163070073393633,0.41662178433403235,0.8905651067627205,0.4577906558488063,0.0,-0.0002942410068453428,0.00029616407717538204,0.0005741819484402637,0.00017344668377505167,0.0,0.004349980390790781,0.006992424768233466,0.01325193693480407,0.00666108394350897,0.0,0.00457555743703792,0.00715891744023408,0.013681018226671941,0.006786609372081784,0.0,0.2999999999913072,2.0951901182669614e-11,0.00024941897436953916,0.28167292973363306,0.006992424761249499,0.014240213061095726,0.006327900832408131,0.005390209184809149,7.528960684022433e-08,1.0,0.003716292450041074,0.004209623559207841,0.00031796868862414335,0.6342592592592592,0.6222222222222222,0.008735167714867228,0.4029625062278576,0.39670161385513025,0.004384634400602414,1,1,1,1
01_low_friction_mu_0p12_p2l_v2:0058,01_low_friction_mu_0p12_p2l_v2,23.37999999999996,23.77999999999996,0.027090704235145747,0.03797488292621393,0.06846692637337554,0.033132816264949176,0.0,0.3413847846337911,0.4946077070498238,0.8905651067627205,0.4436955625085169,0.0,-0.0002815276521527613,0.00028490254955942246,0.0005741819484402637,0.00016041079948955474,0.0,0.004175692732995925,0.005294464600179116,0.01102701272865548,0.004378242818928695,0.0,0.004451460855831374,0.005510883873320421,0.011384943307531393,0.004414699263979158,0.0,0.2999999999913072,2.0951901182669614e-11,0.0002535830254028341,0.27290929575616146,0.0052944645862111825,0.013175324529206132,0.006450510260381504,0.005048724016286721,8.694422640783055e-08,1.0,0.0038146822876251323,0.004690795209722682,0.0005361120371199811,0.6342592592592592,0.6055555555555555,0.01826211381788521,0.3951996609409701,0.38232867863646003,0.00817599207612093,1,1,1,1
01_low_friction_mu_0p12_p2l_v2:0059,01_low_friction_mu_0p12_p2l_v2,23.579999999999956,23.979999999999954,0.011389889603862021,0.022846346626141767,0.04163480569733513,0.0230604259840859,0.0,0.12807743404551541,0.2899192701156867,0.4791208166790713,0.2924316110357407,0.0,-0.00025534286991268636,0.00025871776731934754,0.0006662842089902108,0.00014760451565535784,0.0,0.004330692603865471,0.004330692603865471,0.006779526123474339,0.002090815277622448,0.0,0.00461847170965854,0.00461847170965854,0.007040612635293482,0.0020146717269214185,0.0,0.2999999999913072,2.0951901182669614e-11,0.00026448829784069276,0.28861011038744516,0.0043306925829135695,0.012541128682642032,0.00583069329711296,0.004775602741626238,9.641195585836364e-08,1.0,0.0038332824988845573,0.004690795209722682,0.000529299076809843,0.6416666666666666,0.6055555555555555,0.017198310760191415,0.38367653982633004,0.3725594954060995,0.006386796763961675,1,1,1,1
01_low_friction_mu_0p12_p2l_v2:0060,01_low_friction_mu_0p12_p2l_v2,23.77999999999996,24.179999999999957,0.005167026303102164,0.011620124900525173,0.021795990927903408,0.011933485913862915,0.0,0.06168368641282995,0.14981578002160637,0.25423398001430275,0.15192139682686157,0.0,-0.00026052654492890264,0.00026052654492890264,0.0006662842089902108,0.00016182101712063773,0.0,0.0029221437502114415,0.004869473026686485,0.006779526123474339,0.004278481785256202,0.0,0.003120503922871653,0.004988832888503796,0.007040612635293482,0.004239204396738609,0.0,0.2999999999913072,2.0951901182669614e-11,0.00025134156586440105,0.2948329736882051,0.00486947301271855,0.012896644952920729,0.005192574186858144,0.0044565747841475815,7.073368125949248e-08,1.0,0.003733653784328857,0.0045963577472638885,0.00047249636071539726,0.6370370370370371,0.6111111111111112,0.012283795519834814,0.38062258034715324,0.3725594954060995,0.004000736739075833,1,1,1,1
01_low_friction_mu_0p12_p2l_v2:0061,01_low_friction_mu_0p12_p2l_v2,23.979999999999954,24.379999999999953,0.007465772827957527,0.012188612491078785,0.036920611262486414,0.016237062001301716,0.0,0.09439820894769486,0.15785370171843918,0.49905251087783364,0.21371014548966866,0.0,-0.00030138319390602477,0.00030138319390602477,0.000737898772252369,0.00020188888513886387,0.0,7.766463707523357e-05,0.005210078728324801,0.0071615351705893926,0.005399088810829991,0.0,0.00022401815365720676,0.00518620535770543,0.007360942890234829,0.005383032660287917,0.0,0.2999999999913072,2.0951901182669614e-11,0.00025812506430580086,0.2925342271633497,0.0052100787283248,0.014002355762571788,0.006760317408600199,0.003970500765665077,5.615539603762729e-08,1.0,0.0036876249849495464,0.0045963577472638885,0.0004646690456812616,0.6342592592592592,0.6111111111111112,0.01083768510251815,0.3809091641251261,0.37505216872078356,0.003173753886665016,1,1,1,1
01_low_friction_mu_0p12_p2l_v2:0062,01_low_friction_mu_0p12_p2l_v2,24.179999999999957,24.579999999999956,0.023870774066661094,0.028477567724096774,0.11987786034306808,0.04548310915792574,0.16666666666666666,0.30722807458844903,0.371748282994445,1.5344073207645827,0.5854350143061106,0.0,-0.00036040941570413026,0.00036040941570413026,0.000737898772252369,0.00018821617246102588,0.0,0.0030166228795932433,0.006332921492554377,0.016932615594747492,0.007644583989331524,0.0,0.0031733385640975997,0.006346510372304504,0.017090076184857247,0.007657018462347726,0.0,0.2999999999913072,2.0951901182669614e-11,0.0002984553964453992,0.2761292259246461,0.0063329214925543775,0.01478374199860007,0.007169633121586205,0.004761765466065848,7.52217401415338e-08,1.0,0.0035215457463063714,0.003962061225337637,0.0002206807227882856,0.6407407407407407,0.6388888888888888,0.0026189140043946634,0.3659982103552138,0.3419048305554535,0.015139792931902723,1,1,1,1
01_low_friction_mu_0p12_p2l_v2:0063,01_low_friction_mu_0p12_p2l_v2,24.379999999999953,24.77999999999995,0.02131377908693405,0.04448457674921874,0.11987786034306808,0.05744800282994302,0.16666666666666666,0.26149046832453576,0.5801964460719852,1.5344073207645827,0.7447614631672952,0.0,-0.00029685944103400815,0.000314768557577689,0.0005672694858802025,0.00017770123050748829,0.0,0.004614165379484267,0.005651480288311521,0.016932615594747492,0.0068010667515345895,0.0,0.004723769334647313,0.0056961575082940035,0.017090076184857247,0.006838008514008934,0.0,0.2999999999913072,2.0951901182669614e-11,0.0002905899842097657,0.27868622090437317,0.005651480288311521,0.013712495800751682,0.006247828644061828,0.004268234672428352,7.148452078910702e-08,1.0,0.003608034907042332,0.003972540865944745,0.00026226900681048596,0.6509259259259258,0.6388888888888888,0.01083768510251819,0.35088062441561135,0.3419048305554535,0.006490979571452708,1,1,1,1
01_low_friction_mu_0p12_p2l_v2:0064,01_low_friction_mu_0p12_p2l_v2,24.579999999999956,24.979999999999954,-0.003740660165065232,0.029579729220195337,0.07751720716539032,0.03833005495142227,0.0,-0.060970461667593644,0.39118826914258703,0.9906534224249801,0.4988949980526255,0.0,-0.0002359391522690422,0.00025384826881272304,0.00048771446595067305,0.00016304655199696666,0.0,0.0004846450492183931,0.003392149929292418,0.009909839057533894,0.00458397342369065,0.0,0.0006486631330282114,0.0033556523638412048,0.010061176609852462,0.004550161543085142,0.0,0.29999999999128835,2.0843725605911266e-11,0.00027422668592656893,0.30374066015634343,0.0033921499361217133,0.014628693577057726,0.006372693141816573,0.00534586251684167,7.368037699331402e-08,1.0,0.0037438354506038047,0.004223222650156428,0.00028336693372678866,0.6629629629629629,0.65,0.008281733249999233,0.36460356077673756,0.3470760158052528,0.016234719394426222,1,1,1,1
01_low_friction_mu_0p12_p2l_v2:0065,01_low_friction_mu_0p12_p2l_v2,24.77999999999995,25.17999999999995,0.005877626657590451,0.025699087020139472,0.08027799003281694,0.035574456779475454,0.16666666666666666,0.06971621923079253,0.3377976283797977,1.0325605591412388,0.46240316616970617,0.0,-0.0002962952420277839,0.0002962952420277839,0.0006032723397326658,0.0001517454005914604,0.0,-0.002237566013702039,0.002925867442361393,0.005690967761732532,0.002632829907556873,0.0,-0.0019706968302915305,0.0028522266691511484,0.005487475063765698,0.002618540030646114,0.0,0.29999999999119953,2.0388249493244543e-11,0.00029441433472898574,0.29412237333359886,0.0029258674490388633,0.01465824522739042,0.006491593550787473,0.005027585986044095,8.090400085923622e-08,1.0,0.0037767100725214953,0.004223222650156428,0.00026479260606647887,0.6731481481481482,0.6555555555555556,0.014843721798038324,0.3823831784007485,0.36994793831209627,0.007228212117474391,1,1,1,1
01_low_friction_mu_0p12_p2l_v2:0066,01_low_friction_mu_0p12_p2l_v2,24.979999999999954,25.379999999999953,0.02407026121686846,0.03424471431096971,0.08027799003281694,0.03389614894896543,0.16666666666666666,0.30798277364068466,0.4445953782360686,1.0325605591412388,0.4393239444993046,0.0,-0.0003191836699777419,0.0003191836699777419,0.0006032723397326658,0.00014243694722398283,0.0,0.000264970062402543,0.006143766995693836,0.01049849901571823,0.006993019230936784,0.0,0.0006165537101329414,0.006243897234518556,0.010908713375419607,0.0070966923593447015,0.0,0.2999999999911296,2.0040948957336164e-11,0.00032269662554777013,0.27592973877426114,0.006143766995693835,0.012431909963280932,0.005710333892289146,0.0028827349602775177,6.995331952249403e-08,1.0,0.0038128965198608923,0.0040451279654644245,0.00018853090900835693,0.6944444444444445,0.6555555555555556,0.022680460581325716,0.38726287669465814,0.3805237805666245,0.0074843980286692785,1,1,1,1
01_low_friction_mu_0p12_p2l_v2:0067,01_low_friction_mu_0p12_p2l_v2,25.17999999999995,25.57999999999995,0.0058986810878876765,0.02494617924365311,0.04338636474988411,0.027432998257538165,0.0,0.08415006472349112,0.31370254333941733,0.5485163284724577,0.34347955503556576,0.0,-0.0002279406623640227,0.0002763376347733293,0.0006278999752837475,0.0002247792629032831,0.0,0.00033209202892216325,0.006926082388819833,0.01049849901571823,0.007339187409024782,0.0,0.0007395752392883346,0.007008432566432482,0.010908713375419607,0.007412737269321467,0.0,0.2999999999911296,2.0040948957336164e-11,0.0003132002048816156,0.2941013189032419,0.006926082388819833,0.011176596150833757,0.004790328998094803,0.0031448725441705757,7.620054249910833e-08,1.0,0.004082086502063309,0.004629161241269443,0.00028265722323980806,0.7175925925925926,0.6888888888888889,0.014843721798038313,0.4011357082553542,0.3805237805666245,0.015436969568211768,1,1,1,1
01_low_friction_mu_0p12_p2l_v2:0068,01_low_friction_mu_0p12_p2l_v2,25.379999999999953,25.77999999999995,0.009180553394303723,0.028250442128066548,0.05809871249020013,0.03191247568524518,0.0,0.11051366641318905,0.3457521796857383,0.6522882431323657,0.38346692544374106,0.0,-0.00018266624946648653,0.00026367144120262493,0.0006278999752837475,0.000246457124585614,0.0,9.650576941814153e-05,0.003973728882654569,0.00648733044026301,0.004245436065610204,0.0,0.0003811609415189931,0.004031683616763073,0.005927368850249644,0.004215789233124607,0.0,0.2999999999911296,2.0040948957336164e-11,0.0002927036615797612,0.29081944659682585,0.003973728875974252,0.01260316735595969,0.006260263261781721,0.003566448365947379,7.61493371363819e-08,1.0,0.004095596886923138,0.004864921145985264,0.0005507281022763554,0.7222222222222222,0.7111111111111111,0.00962250448649373,0.4158245105058951,0.39629141523012296,0.01441859074000744,1,1,1,1
01_low_friction_mu_0p12_p2l_v2:0069,01_low_friction_mu_0p12_p2l_v2,25.57999999999995,25.979999999999947,-0.022724187479163133,0.056048584520100864,0.12900384448735788,0.0641701693523185,0.16666666666666666,-0.30888500347163084,0.7123625457738126,1.6233822383829875,0.8016382778281897,0.0,0.0913637559161786,0.09169469626456936,0.34135414297099737,0.14239708315042313,0.3,0.10662015845002405,0.1078706626222276,0.3432445638063209,0.14960146301991661,0.3333333333333333,0.005451143883382876,0.006921071243033164,0.02723360192343294,0.010098127546869836,0.0,0.2663999999945721,0.09800000000531177,0.007576866835399476,0.28552418747395786,0.004985852689065597,0.35824516035945936,0.308231178653541,0.008644701403106721,8.778786421650839e-08,1.0,0.0038381475939253356,0.004864921145985264,0.0005346652058880263,0.7351851851851853,0.7111111111111111,0.01942238607722501,0.4259935438674569,0.39629141523012296,0.015701974564023904,1,0,1,1
01_low_friction_mu_0p12_p2l_v2:0070,01_low_friction_mu_0p12_p2l_v2,25.77999999999995,26.17999999999995,-0.04930649251516078,0.06066081753177512,0.12900384448735788,0.05475996659884844,0.3333333333333333,-0.6465795673778408,0.7943525206457237,1.6233822383829875,0.7110157034423846,0.0,0.17527121182843727,0.17536358283800638,0.34135414297099737,0.11872931035427886,0.7,0.21043891951202764,0.2116894236842312,0.3432445638063209,0.11354234585130675,0.8333333333333334,0.025896922178895537,0.027366849538545828,0.06246449535419285,0.022729483336551465,0.0,0.20639999999748082,0.27299999997121,0.10146183840764116,0.252106492512875,0.07306108045662235,0.40603023923939435,0.2600260277658917,0.016229472890394808,8.441130421721249e-08,1.0,0.00385927586358174,0.004606935354588437,0.0004096860044102261,0.6953703703703704,0.6111111111111112,0.059612661491925435,0.4442955224042309,0.4223682829168684,0.015906765094467205,1,0,1,1
01_low_friction_mu_0p12_p2l_v2:0071,01_low_friction_mu_0p12_p2l_v2,25.979999999999947,26.379999999999946,-0.026998833910278467,0.041752672101889966,0.09348599164049926,0.04245007310367152,0.16666666666666666,-0.3245711064765436,0.5122399910639053,1.290060337778786,0.5533999632578586,0.0,0.09111525734006021,0.09594669644533708,0.26988513626288935,0.09096024166507417,0.4,0.12388102558768861,0.12606537233218038,0.2744008235511908,0.09625348351653613,0.5,0.034568414057339764,0.034568414057339764,0.06246449535419285,0.013995861660473294,0.0,0.1799999999961288,0.3499999999596547,0.26194744580059426,0.206998833906164,0.22611897437349668,5.265410134243916,5.137387669225208,0.021817969976187096,0.0014879917194402085,1.0,0.004476359294747744,0.005826429180519244,0.0007385940470519629,0.6944444444444445,0.6111111111111112,0.05949029038595929,0.4702183324597087,0.44140068492630535,0.024702142750694735,1,0,1,1
01_low_friction_mu_0p12_p2l_v2:0072,01_low_friction_mu_0p12_p2l_v2,26.17999999999995,26.57999999999995,-0.019702226395946654,0.027374824935357516,0.054032758439970574,0.026668001264119418,0.0,-0.213712528751696,0.3023415546624435,0.5366491998333875,0.29209175989439484,0.0,0.007942677009202356,0.012774116114479215,0.04173148866638432,0.018013956181321976,0.0,0.019414528470348514,0.025981513318326776,0.06620876081992838,0.02976067539224891,0.0,0.013180648345204651,0.017693130855934002,0.0334218863637018,0.015433938206869514,0.0,0.17999999999461114,0.3499999999702161,0.342092467816326,0.1997022263903513,0.3305854715009436,5.26279018754319,5.15005600796825,0.039631737728389405,0.0015012821410441807,1.0,0.00490499151017587,0.005826429180519244,0.00046093323399615504,0.7583333333333333,0.7333333333333333,0.015298807075794745,0.49835918948420715,0.44947773767565735,0.023231574820611306,1,1,1,1
01_low_friction_mu_0p12_p2l_v2:0073,01_low_friction_mu_0p12_p2l_v2,26.379999999999946,26.779999999999944,-0.01770859239477166,0.024648469325793728,0.06257573247932918,0.026167794581111868,0.0,-0.1924630438806434,0.2724494855439004,0.6648783767889658,0.28622636809815766,0.0,0.018353452362855315,0.018353452362855315,0.051438964169502555,0.018225728607042243,0.0,0.013017579673312527,0.018041064231408322,0.04880209567390992,0.020579875570152617,0.0,-0.005665289807912033,0.01158814530400154,0.030730005751181788,0.014652336776893935,0.0,0.1799999999956725,0.34999999996317893,0.33098607909159794,0.1977085923897107,0.33698242029426556,0.9066275358984998,0.8353386534983501,0.06065062898726661,0.0007988751168769209,1.0,0.004900823495053329,0.005262577179172776,0.0002768934690777748,0.7601851851851852,0.7388888888888889,0.011748682907823627,0.5148807472386012,0.5007890118259716,0.00991789007479775,1,1,1,1
01_low_friction_mu_0p12_p2l_v2:0074,01_low_friction_mu_0p12_p2l_v2,26.57999999999995,26.979999999999947,-0.016876234531429907,0.02170078072994148,0.06257573247932918,0.023452497620049282,0.0,-0.180847084195166,0.23496999637998472,0.6648783767889658,0.25080627129809563,0.0,0.033041949593786514,0.033041949593786514,0.051438964169502555,0.006515027710951614,0.0,0.03320077368007444,0.033841620134683746,0.05760435195343261,0.01965076436251878,0.0,-0.0006235985264886704,0.014092513049179781,0.030730005751181788,0.017944548986649458,0.0,0.17999999999584237,0.3499999999438839,0.31647459435297803,0.19687623452649125,0.31679922626860807,0.903329363359724,0.8422559740266192,0.04371322066023138,0.0007876137091362975,1.0,0.005028301401229851,0.005280830962025103,0.0002662276085038132,0.7638888888888888,0.7388888888888889,0.013513443999376316,0.5099199753502789,0.4836024182751685,0.015499170412291007,1,1,1,1
01_low_friction_mu_0p12_p2l_v2:0075,01_low_friction_mu_0p12_p2l_v2,26.779999999999944,27.179999999999943,-0.004528486841338271,0.026461551442823448,0.06286972618234976,0.03185965941280504,0.0,-0.05867725247948438,0.2968332496089244,0.7348806412559814,0.3623733211371022,0.0,0.030750905875395213,0.030750905875395213,0.031115427172020094,0.00021052843685798178,0.0,0.037651679573830255,0.037651679573830255,0.05760435195343261,0.013613727667672259,0.0,0.006887920518548178,0.012702460933412763,0.0272062766754122,0.013661660260103183,0.0,0.17999999999442906,0.3499999999334591,0.3192657286622869,0.18452848683576736,0.31234832035962895,0.07699528580409812,0.01054777356698271,0.00668382686637687,4.292717853030616e-06,1.0,0.0050001694236141625,0.005280830962025103,0.00025889864159768164,0.7694444444444445,0.7555555555555555,0.010994761191701783,0.5238412975749761,0.4836024182751685,0.02555053868841532,1,1,1,1
01_low_friction_mu_0p12_p2l_v2:0076,01_low_friction_mu_0p12_p2l_v2,26.979999999999947,27.379999999999946,-0.003314878259778803,0.029785482387127925,0.06286972618234976,0.03347530626884283,0.0,-0.05038285979504648,0.3424021407065079,0.7348806412559814,0.384396323814423,0.0,0.03076728375792747,0.03076728375792747,0.031115427172020094,0.000174845534533284,0.0,0.032800502476056925,0.032800502476056925,0.049323790170284876,0.009736750535356609,0.0,0.001953292542744317,0.008190169682673934,0.018364400787809487,0.009649542888863194,0.0,0.1799999999946067,0.34999999993254816,0.31923383436057984,0.1833148782543855,0.3171994974564913,0.07621706619806422,0.008582080184635488,0.006385234125867598,4.4258979637245e-06,1.0,0.004687320755268826,0.005241154285084273,0.00034864892259421274,0.7453703703703703,0.7111111111111111,0.024724129486701264,0.5679443988937581,0.5374353729584367,0.02318999528959747,1,1,1,1
01_low_friction_mu_0p12_p2l_v2:0077,01_low_friction_mu_0p12_p2l_v2,27.179999999999943,27.57999999999994,0.0010474575650674528,0.02454128600616207,0.03594808100418073,0.025654305262487805,0.0,0.0190480280082837,0.28353336327614437,0.42803073904352096,0.2940714159650082,0.0,0.030263667870614498,0.030263667870614498,0.031006830267179986,0.0014290392309929845,0.0,0.030288162892753812,0.030288162892753812,0.03791962910415225,0.00791319707243566,0.0,-0.0005300258917583511,0.00685539748003645,0.014246941379229494,0.007917978782894911,0.0,0.17999999999483762,0.34999999993336806,0.31981482884643375,0.1789525424298175,0.319711837039764,0.07923917414607717,0.012841588085076837,0.007260414992010383,4.40745943410304e-06,1.0,0.004620158336672489,0.0055083613361645405,0.000438264021212907,0.7388888888888889,0.7111111111111111,0.018425693279752207,0.5946999238494427,0.586425320112784,0.005672899343881359,1,1,1,1
01_low_friction_mu_0p12_p2l_v2:0078,01_low_friction_mu_0p12_p2l_v2,27.379999999999946,27.779999999999944,0.0046650634747333886,0.024167290123274843,0.03594808100418073,0.0256766546936159,0.0,0.05847766506710863,0.2717537712463818,0.42803073904352096,0.28598045142546885,0.0,-0.002008924899584008,0.03882095822465466,0.2649965602961002,0.0675883547628531,0.1,-0.0838812897396395,0.12445078904209511,0.6249962363452038,0.2421114347981116,0.16666666666666666,-0.06245845111820294,0.06854191065567579,0.37803730230489957,0.14133344211729945,0.16666666666666666,0.1799999999940871,0.34299999992742486,0.3145799370594367,0.1753349365203002,0.31721462307922804,0.9192849906047449,0.8381111787330553,0.016878699567139305,4.502401497998231e-06,1.0,0.004803136817677579,0.0055083613361645405,0.00048034503850978897,0.7435185185185186,0.7166666666666667,0.01854165221713036,0.6091126739256839,0.5942663558196145,0.010235077455641521,1,0,0,1
01_low_friction_mu_0p12_p2l_v2:0079,01_low_friction_mu_0p12_p2l_v2,27.57999999999994,27.97999999999994,-0.002547810254818974,0.012486714439364832,0.029816712553637575,0.014915584555068686,0.0,-0.03766897162918493,0.1420518655530991,0.31314868177174243,0.1630844329557913,0.0,-0.016693879019408588,0.024269428127609773,0.2649965602961002,0.06201912141685904,0.1,-0.10371533961940375,0.11705594511947322,0.6249962363452038,0.233737191440123,0.16666666666666666,-0.0670859356383015,0.07154239701010477,0.37803730230489957,0.13964903932363612,0.16666666666666666,0.17999999999295024,0.34299999993598784,0.3296823944189066,0.18254781024876301,0.3254823261299176,0.9196248390974034,0.8374029014597459,0.014601378172731098,5.068088661779345e-06,1.0,0.004613744006019306,0.005348058979962633,0.0003865825994995357,0.726851851851852,0.7111111111111111,0.01854165221713037,0.6256976349257988,0.6152832275863149,0.007758121338952521,1,0,0,1
01_low_friction_mu_0p12_p2l_v2:0080,01_low_friction_mu_0p12_p2l_v2,27.779999999999944,28.179999999999943,-0.004079465857798864,0.023349489923800038,0.05781007219800352,0.02980589385833899,0.0,-0.06316131849471301,0.2620599166748207,0.596695794540323,0.3219690300343972,0.0,0.007113788530578194,0.0072472125533578876,0.026675296113902625,0.010407062640447759,0.0,-0.0003974542862114165,0.01204175167093092,0.03103251186272027,0.015511121773629935,0.0,-0.005058132186013041,0.013113232572845163,0.03092300338930204,0.015573876496182559,0.0,0.17999999999477878,0.3499999999456943,0.3567891211426464,0.18407946585214133,0.34960254566007504,0.9718449388659772,0.9185942529873861,0.013903191167118759,0.0012967275226759838,1.0,0.004616468583710657,0.0054769834591149695,0.00041740443968008755,0.7314814814814815,0.7111111111111111,0.01687117329471165,0.6120171799055676,0.577164223736361,0.022074670253531763,1,1,1,1
01_low_friction_mu_0p12_p2l_v2:0081,01_low_friction_mu_0p12_p2l_v2,27.97999999999994,28.37999999999994,-0.0033114515312538902,0.029191451483937373,0.05781007219800352,0.03222919613573988,0.0,-0.053879219113029876,0.3338925279932689,0.596695794540323,0.3556855271992244,0.0,0.007085200221552915,0.007085200221552915,0.026675296113902625,0.010415585524770706,0.0,0.0006805731376138269,0.010090865127722337,0.018059678450502104,0.011324061936748453,0.0,-0.004078968601929976,0.011457690862302,0.01730135343437278,0.012068093218335902,0.0,0.17999999999475547,0.3499999999471234,0.3567496087041404,0.18331145152546627,0.35068057308620904,0.9707500224651813,0.9216824101720571,0.013249494749215569,0.0012939948831317057,1.0,0.004565132867248504,0.0054769834591149695,0.0005019157502987635,0.7592592592592592,0.7277777777777777,0.019945054841238905,0.5749653449731111,0.5533991262910087,0.018300197309095097,1,1,1,1
01_low_friction_mu_0p12_p2l_v2:0082,01_low_friction_mu_0p12_p2l_v2,28.179999999999943,28.57999999999994,0.002799249221161648,0.026122155772030625,0.0551930475543253,0.028834847894842357,0.0,0.03364975193586776,0.3155980714950033,0.655478234308304,0.3467257591528964,0.0,0.00047009703813599425,0.00047009703813599425,0.0008350897357536913,0.00016834417956489774,0.0,-0.003024937954404069,0.008170919861520434,0.016043248905104,0.008439573835326187,0.0,-0.003538976373101077,0.008489501091006149,0.016795456728479097,0.00856208317947505,0.0,0.17999999999278926,0.34999999995028325,0.3504939380973943,0.17720075077162317,0.34697506199534894,0.06317841250698393,0.009452504020092765,0.007371998148096984,1.0525342596044058e-07,1.0,0.004337616410131793,0.004747864246470252,0.0002415091317802913,0.7761904761904761,0.75,0.020296368019911776,0.5272835717372799,0.46611633283352877,0.0340267694932661,1,1,1,1
01_low_friction_mu_0p12_p2l_v2:0083,01_low_friction_mu_0p12_p2l_v2,28.37999999999994,28.779999999999937,0.008121634268984462,0.021196293561962704,0.0551930475543253,0.02611188298886943,0.0,0.09547136838978829,0.2525718666991443,0.655478234308304,0.3117150203256173,0.0,0.0005334604052495723,0.0005334604052495723,0.0008350897357536913,0.00019270252480638677,0.0,0.00210563628944771,0.0059927508569293285,0.010083623061512892,0.006506844997691928,0.0,0.001584510006615977,0.006001525390560021,0.009898171021408553,0.006580466468692584,0.0,0.1799999999929014,0.3499999999454837,0.3505273688604057,0.17187836572394738,0.3521056362347492,0.06459656240267717,0.009634958631501008,0.007974444556790524,8.395132022089562e-08,1.0,0.004516275695525938,0.0050929160977935895,0.00031608305923748275,0.7841269841269841,0.75,0.01979359351323796,0.4765495294709413,0.4338499859443158,0.03803729730712653,1,1,1,1
01_low_friction_mu_0p12_p2l_v2:0084,01_low_friction_mu_0p12_p2l_v2,28.57999999999994,28.97999999999994,-0.002046556500627355,0.009119142364690372,0.01988068679703356,0.011349664495377582,0.0,-0.02466518947047854,0.104374547105015,0.22297777157789445,0.12866959367392256,0.0,0.0005293560369307143,0.0005293560369307143,0.0008461009334049252,0.00019395432278357418,0.0,0.0010818541030463795,0.005503850333903863,0.010615714091797013,0.006860818225809123,0.0,0.0005258517767211442,0.005431280127029305,0.011412822575055104,0.006979706042573176,0.0,0.17999999999307792,0.34999999994402053,0.35051525967305724,0.18204655649379817,0.35108185404660186,0.06497278685047818,0.009525758272289039,0.0055655252405079,5.442734232454228e-08,1.0,0.004667530583161513,0.0050929160977935895,0.00030200011812351484,0.7851851851851852,0.7666666666666667,0.011415581486979546,0.4265818028299719,0.397085121273674,0.017083526575460972,1,1,1,1
01_low_friction_mu_0p12_p2l_v2:0085,01_low_friction_mu_0p12_p2l_v2,28.779999999999937,29.179999999999936,0.004141235121385423,0.017398185887785717,0.04115504579928392,0.020745651088081338,0.0,0.06687069740257448,0.2193364074494918,0.5642304336793066,0.2696338683640078,0.0,0.00045735485323432633,0.00045735485323432633,0.0008461009334049252,0.000191416104638539,0.0,-0.0009618895714854544,0.009809174105820467,0.021697476940120752,0.011764258513453134,0.0,-0.0014329772939818963,0.009773702158178224,0.02220721578142526,0.011872500918959967,0.0,0.17999999999327332,0.34999999994210756,0.3504582138610167,0.1758587648719038,0.34903811037024807,0.06595229577189515,0.009093957076789437,0.005864022815692468,7.350830996855201e-08,1.0,0.004389898218573042,0.004880988544982746,0.00047442442933828474,0.7666666666666666,0.7333333333333333,0.018975834751777044,0.39908675676859945,0.3786446842325789,0.016979051009576574,1,1,1,1
01_low_friction_mu_0p12_p2l_v2:0086,01_low_friction_mu_0p12_p2l_v2,28.97999999999994,29.37999999999994,0.014012239138124086,0.016103491039206653,0.04115504579928392,0.01524193529038679,0.0,0.1826883000260537,0.2061142734974775,0.5642304336793066,0.20488761119388155,0.0,0.0004388890411643392,0.0004388890411643392,0.0009194868497880981,0.0002072732042328211,0.0,-0.0039538493300829425,0.014963551878253536,0.030111246403715763,0.017023481597510028,0.0,-0.004390884166050231,0.014978925074278024,0.030701734319266205,0.017068117581287328,0.0,0.1799999999933788,0.349999999939756,0.35043555420752054,0.16598776085523917,0.3460461506094492,0.06541766133127952,0.008914922241907436,0.006382754425528728,7.094333251885136e-08,1.0,0.004337550256785121,0.004880988544982746,0.00045144834244673586,0.7685185185185185,0.7333333333333333,0.01833239803076236,0.3868783489408638,0.3786446842325789,0.006570918210338525,1,1,1,1
01_low_friction_mu_0p12_p2l_v2:0087,01_low_friction_mu_0p12_p2l_v2,29.179999999999936,29.579999999999934,-0.0014845915371427681,0.02610362106415408,0.08276463780389054,0.03871689189017002,0.16666666666666666,-0.004356246691184525,0.29046933217448495,0.8844767365970084,0.4220413105191074,0.0,0.00033403643952489013,0.0004292385867142062,0.0009194868497880981,0.0003706843677143731,0.0,0.025999545034326593,0.03805893871127166,0.1634419043705933,0.06325525363357655,0.16666666666666666,0.0004528317473118752,0.012855582968451454,0.030701734319266205,0.015853846771594567,0.0,0.1799999999934676,0.34999999993838965,0.350160638909092,0.16798459153586429,0.3497495449796828,0.9073495589504096,0.8837234057797434,0.006355765425431328,7.284866056131575e-08,1.0,0.004700905249273636,0.005220355058883358,0.00027629058729036255,0.7805555555555556,0.7722222222222223,0.005319039487535193,0.3982649151282162,0.3801133403308123,0.011280433586667608,1,1,1,1
01_low_friction_mu_0p12_p2l_v2:0088,01_low_friction_mu_0p12_p2l_v2,29.37999999999994,29.779999999999937,-0.009623503244860082,0.03019322617530307,0.08276463780389054,0.03877487981902004,0.16666666666666666,-0.10825718817761487,0.3506156815960672,0.8844767365970084,0.4298500238954252,0.0,0.01829245316032026,0.018417620497178818,0.3108744587977369,0.06809908297528353,0.05,0.047128360040949495,0.04825080727583672,0.1634419043705933,0.06535456950779484,0.3333333333333333,0.02179246537023544,0.022980044046181588,0.10978134056785858,0.03980815881396048,0.16666666666666666,0.09000000000136232,0.17499999998116816,0.18890799201602687,0.09065050581846164,0.19662632246990017,1.2997469511811128,1.225603604177985,0.030893451143146903,7.996529209060986e-08,1.0,0.004302823115168586,0.005220355058883358,0.0006137414727441679,0.7777777777777778,0.7444444444444445,0.016666666666666646,0.4146614587080246,0.40423664646378044,0.00900333409264682,1,1,1,1
02_asymmetric_left_mu_0p15_p2l_v2:0000,02_asymmetric_left_mu_0p15_p2l_v2,17.234,17.634,0.009458554928219981,0.03149963494983751,0.05907927532888507,0.0362683689395764,0.0,0.11660429787809863,0.4189966300419701,0.8120720694706115,0.48710972539390446,0.0,-6.481433282274904e-05,0.0001382753607387316,0.0003794323615842456,0.0001647223920626997,0.0,0.0013077214112991351,0.008089862812340741,0.020346424203124817,0.010548381672336949,0.0,0.0012665870266692029,0.008019266336444961,0.020258037929327274,0.010491698046014221,0.0,0.3499999999903161,0.0,0.00016558111632903515,0.34054144506209116,0.008089862812340741,0.013503966862881762,0.006762055469525855,0.005157090979256049,7.818183762052069e-08,1.0,0.00376089257346094,0.0040515499600582575,0.00018712873443128134,0.6685185185185186,0.5888888888888889,0.036944328413444444,0.500487386342036,0.48858407638379425,0.008789747359667628,1,1,1,1
02_asymmetric_left_mu_0p15_p2l_v2:0001,02_asymmetric_left_mu_0p15_p2l_v2,17.434,17.834,-0.0002955497409751577,0.01823150623753091,0.04982892173074688,0.02720457412169963,0.0,-0.0064760895002432045,0.2402049872335242,0.6509303796827954,0.3581859888401769,0.0,-1.7254136251683237e-06,0.00013350532018238724,0.00032124806179732653,0.00016401962754545416,0.0,-0.00021057960187612678,0.004189893098362536,0.009379095329972392,0.005269331515528444,0.0,-0.00029159832279107486,0.004152124530090166,0.009435223963696537,0.005225502953332838,0.0,0.3499999999903025,0.0,0.00016177465838158078,0.35029554973127763,0.004189893098362536,0.014658848987092882,0.008778792532643805,0.004736908533327458,7.691518577544418e-08,1.0,0.00376683197069789,0.0040515499600582575,0.00019390498592086026,0.6555555555555556,0.5888888888888889,0.035282516450477114,0.5007145900777479,0.4806509460710137,0.011029133333479902,1,1,1,1
02_asymmetric_left_mu_0p15_p2l_v2:0002,02_asymmetric_left_mu_0p15_p2l_v2,17.634,18.034,-0.0022246814387726723,0.015257962257564761,0.04333576851159976,0.021065222115264303,0.0,-0.03284109924391567,0.19821097578984145,0.5764059084007906,0.27616132475077704,0.0,8.809136493404197e-06,0.0001455255674164504,0.0003841480267531561,0.00017967104169491278,0.0,0.0014537325714813855,0.006053464498248157,0.010597638750911647,0.006802847131961796,0.0,0.0014112547727212375,0.0059869939925863555,0.010347036677455068,0.006756306622847918,0.0,0.3499999999903025,0.0,0.00017231883737575172,0.3522246814290752,0.006053464498248157,0.013890623445477005,0.008127437783594111,0.0037211105367111513,8.045649467391925e-08,1.0,0.0039026813764279204,0.004214742572640153,0.00025380711731480917,0.6407407407407407,0.5888888888888889,0.025391313334818692,0.49720486490072574,0.4806509460710137,0.009303802676163118,1,1,1,1
02_asymmetric_left_mu_0p15_p2l_v2:0003,02_asymmetric_left_mu_0p15_p2l_v2,17.834,18.233999999999998,0.00759228446733969,0.01589126963838707,0.027615785503210533,0.016686409490297257,0.0,0.09524420024007342,0.20800686152854989,0.3654557449784105,0.2216978804924772,0.0,-5.5175080017891414e-06,0.0001682336612482279,0.000493438541985377,0.00020906659233172834,0.0,0.003372288226707069,0.004187570610125536,0.010597638750911647,0.0045506345002464315,0.0,0.0033060696637146323,0.004092866145954711,0.010347036677455068,0.004469938210893933,0.0,0.3499999999903025,0.0,0.00018588650900031647,0.34240771552296284,0.004187570610125536,0.012808879215833336,0.006122792535143796,0.004130173725594648,6.846242445162767e-08,1.0,0.0038997070926053722,0.004214742572640153,0.00025709044314446196,0.6453703703703704,0.6111111111111112,0.018262113817885207,0.5007994886122348,0.4966486722717132,0.0036691668646316347,1,1,1,1
02_asymmetric_left_mu_0p15_p2l_v2:0004,02_asymmetric_left_mu_0p15_p2l_v2,18.034,18.433999999999997,0.0018903699393326052,0.03578390937337895,0.08167201807733065,0.043799595809339155,0.16666666666666666,0.021842694482783587,0.4639632139107528,1.0437741695125164,0.5633864607047798,0.0,0.01474367629519141,0.014830694478374873,0.1541706064805291,0.037372413853787,0.05,0.04012035404983886,0.040736377206729214,0.19629058039725655,0.07053663745307069,0.16666666666666666,0.010535281458484208,0.011190061573740409,0.036342995432232926,0.012788180291156368,0.0,0.3194499999957831,0.05169999997834849,0.039551921176502115,0.3083512967268737,0.03761232661434579,1.0977182977868145,1.0564919631888288,0.005899501164637561,6.424508503806624e-08,1.0,0.0038176447625824957,0.003984410286469833,0.0001832589556538842,0.6370370370370371,0.5944444444444444,0.02498284733931859,0.5107741637291677,0.4966486722717132,0.011152728323105533,1,1,1,1
02_asymmetric_left_mu_0p15_p2l_v2:0005,02_asymmetric_left_mu_0p15_p2l_v2,18.233999999999998,18.633999999999997,0.004735339507805289,0.03170970493526825,0.08167201807733065,0.04196717387999885,0.16666666666666666,0.05329349274300862,0.39958538928992976,1.0437741695125164,0.5355155117811674,0.0,0.023224002247966325,0.023247446262025972,0.1541706064805291,0.03491976712725143,0.05,0.04694157103985371,0.04694157103985371,0.19629058039725655,0.0670383875084006,0.16666666666666666,0.008936360713959207,0.01230699020326565,0.036342995432232926,0.014176091297025213,0.0,0.25444999999710316,0.16169999994846967,0.1409371094712236,0.2405063271597205,0.13922354042969368,1.0981727233404686,1.0520466749155986,0.01071628599553371,6.611628880075262e-08,1.0,0.004367430043421242,0.00495868898341305,0.0004451360356023232,0.6064814814814815,0.5666666666666667,0.03841197872720656,0.5195555745860339,0.5123235717792117,0.005133924340146718,1,1,1,1
02_asymmetric_left_mu_0p15_p2l_v2:0006,02_asymmetric_left_mu_0p15_p2l_v2,18.433999999999997,18.833999999999996,0.01064940506941553,0.01593380742102039,0.04542765218801614,0.018523931559131002,0.0,0.12139210266744453,0.1922921145101836,0.5394406112728475,0.22534735886753715,0.0,0.017611103286830396,0.017611103286830396,0.01860819199112601,0.0007899271998427507,0.0,0.01689083011574871,0.01689083011574871,0.025277277554249244,0.005090701644875658,0.0,-0.0006960572314821852,0.003991339355902577,0.006860545092510106,0.004469294243916534,0.0,0.2199999999929944,0.21999999993983957,0.20236910870050145,0.20935059492358457,0.20310916982405028,0.046617224840314296,0.00876403953447659,0.006948902176116028,6.217254603156175e-08,1.0,0.004391218853295853,0.00495868898341305,0.00048976813398751,0.575925925925926,0.5555555555555556,0.013857990321384971,0.544595073997604,0.5159962935001979,0.0283330762029597,1,1,1,1
02_asymmetric_left_mu_0p15_p2l_v2:0007,02_asymmetric_left_mu_0p15_p2l_v2,18.633999999999997,19.033999999999995,0.008085999338057384,0.0237497966711423,0.04542765218801614,0.02628098315452645,0.0,0.09958701421472245,0.29291652256460665,0.5394406112728475,0.3198883938507494,0.0,0.018280411129857996,0.018280411129857996,0.01860819199112601,0.00018243478819872797,0.0,0.018981459183785066,0.018981459183785066,0.02711784856201921,0.0067318528135651284,0.0,0.000718438445497622,0.005681699729435603,0.010939482557578983,0.006667880497306598,0.0,0.21999999999310846,0.21999999993911792,0.2017569620130716,0.21191400065506535,0.2010185407552598,0.04551972974970472,0.008975369613541838,0.006750908441778957,6.076639707891646e-08,1.0,0.0040884974406869305,0.004520789754733138,0.00031883195568831884,0.5777777777777778,0.5555555555555556,0.0160375074774896,0.5747950081584102,0.5542824414560078,0.015509213509563264,1,1,1,1
02_asymmetric_left_mu_0p15_p2l_v2:0008,02_asymmetric_left_mu_0p15_p2l_v2,18.833999999999996,19.233999999999995,-0.00477612258818461,0.019249744524245035,0.03306243646607818,0.02184550390368532,0.0,-0.05552124726376686,0.23929472572756727,0.42061487912882733,0.2708246435342565,0.0,0.018287893640403154,0.018287893640403154,0.01862181423875811,0.00019763174620098,0.0,0.017704235567846966,0.017704235567846966,0.02986810022706793,0.009166080349951469,0.0,-0.0005198987778495673,0.008657499114605546,0.012072931577978369,0.009280350875788254,0.0,0.21999999999323672,0.2199999999384603,0.2017483489098538,0.22477612258142834,0.20229576437057728,0.04595763858502763,0.00888802971622094,0.006564772778368814,7.047241344766841e-08,1.0,0.004055439330195056,0.004520789754733138,0.00025523871065409343,0.575925925925926,0.5555555555555556,0.015270761576361706,0.596805937447841,0.560920833105835,0.020654307526675523,1,1,1,1
02_asymmetric_left_mu_0p15_p2l_v2:0009,02_asymmetric_left_mu_0p15_p2l_v2,19.033999999999995,19.433999999999994,0.00731403280661989,0.020884269736259353,0.048431312286014855,0.02454133581163224,0.0,0.10087536306923305,0.27240044178631767,0.6400066804480818,0.31969209298434165,0.0,0.008942144530530594,0.022048119499895748,0.10058550364047657,0.02705832471517569,0.05,-0.03246977342417982,0.06691198034315839,0.29814526130201463,0.11919331360380937,0.16666666666666666,-0.044860197449036875,0.05463090975044261,0.2818806104786521,0.10643664832245085,0.16666666666666666,0.21999999999312045,0.2089999999424696,0.1969395889284631,0.21268596718603563,0.17913644007031268,0.6516520949528716,0.62302594024275,0.007528306010175241,7.801559661631817e-08,1.0,0.003833436771143523,0.004183784509749522,0.0001655439036563917,0.575,0.5611111111111111,0.009487917375888527,0.6265527712812792,0.6119423753711043,0.01576601106204538,1,1,0,1
02_asymmetric_left_mu_0p15_p2l_v2:0010,02_asymmetric_left_mu_0p15_p2l_v2,19.233999999999995,19.633999999999993,0.0024719028911608515,0.028717818803248727,0.048431312286014855,0.03247532551299513,0.0,0.05090886540400299,0.3577954943051364,0.6400066804480818,0.40289777836504687,0.0,-0.0006270580004429573,0.013474161295555075,0.10058550364047657,0.025462555262222564,0.05,-0.04202071230664708,0.06185930015860497,0.29814526130201463,0.11547243141269525,0.16666666666666666,-0.04540213083758974,0.053070588781574425,0.2818806104786521,0.10607753071031759,0.16666666666666666,0.2199999999927471,0.20899999994565938,0.20571110299752396,0.21752809710110335,0.18621873420288262,0.6516435017291632,0.6230792144905636,0.005978729334956835,6.908880997868961e-08,1.0,0.004146984700415975,0.004633294695687788,0.00040133570955619034,0.5935185185185186,0.5722222222222222,0.01617060110793797,0.6311624820631698,0.5973788279561778,0.01837934572605771,1,1,0,1
02_asymmetric_left_mu_0p15_p2l_v2:0011,02_asymmetric_left_mu_0p15_p2l_v2,19.433999999999994,19.833999999999993,0.011241094534239484,0.03748701044632736,0.08983954250975035,0.04427641696693456,0.16666666666666666,0.11393428257151804,0.4208209114726515,0.9252853700872993,0.4823209813092415,0.0,-0.00041872660843886853,0.0006333084073441963,0.007342263184591247,0.0016807437730921204,0.0,-0.0012027529618408954,0.01341541685727246,0.03035973336359854,0.01606375352909784,0.0,-0.0012506785864344384,0.013395628890450165,0.03040137405181334,0.01606840902138204,0.0,0.21999999999252565,0.2199999999444071,0.2196688428247548,0.20875890545827294,0.21879724698266015,0.04998026971021245,0.011065539692231523,0.0062071124134690965,6.653486570591678e-08,1.0,0.004626932849449848,0.005493175145497265,0.00040863731800025514,0.587962962962963,0.5222222222222223,0.032301413967615565,0.6075064685971143,0.5785499625980781,0.022309448429666968,1,1,1,1
02_asymmetric_left_mu_0p15_p2l_v2:0012,02_asymmetric_left_mu_0p15_p2l_v2,19.633999999999993,20.033999999999992,0.02624080976741748,0.028154484518031122,0.08983954250975035,0.03122652094474085,0.16666666666666666,0.29132376196894444,0.313022934021633,0.9252853700872993,0.32272757077437275,0.0,3.24888989107347e-05,0.00016904331438470088,0.0003348730153040491,0.00019197617112762694,0.0,0.00017360270133616462,0.012416583172226792,0.03035973336359854,0.015801150491768234,0.0,0.00015669638091259097,0.012434626278465172,0.03040137405181334,0.01580447810018705,0.0,0.21999999999255837,0.21999999994382927,0.2200039479421963,0.19375919022514532,0.220173602645192,0.05112940548062292,0.012348342756101612,0.007227099067273309,8.76148112579397e-08,1.0,0.0046928406042309944,0.005493175145497265,0.00043577988750659476,0.5842592592592593,0.5222222222222223,0.030667583632739238,0.5819892812156784,0.5622079403625704,0.01457449232087212,1,1,1,1
02_asymmetric_left_mu_0p15_p2l_v2:0013,02_asymmetric_left_mu_0p15_p2l_v2,19.833999999999993,20.23399999999999,-0.00547229116122976,0.014130899617641857,0.027779413819976034,0.017882302332971813,0.0,-0.07448297953889223,0.17950303633888887,0.3459962268338037,0.22715446965238703,0.0,-3.4867891653465875e-05,0.0001295523624364317,0.0003348730153040491,0.00015554261061724006,0.0,-0.002702898431531431,0.00621867520643087,0.016971534652077597,0.007696665036149281,0.0,-0.002689606648997478,0.006213130556078241,0.016902167421855185,0.007651463276950712,0.0,0.2199999999926594,0.21999999994274178,0.21996146083855264,0.22547229115388953,0.217297101511254,0.04890423273529423,0.011521137817883168,0.006614201979855898,7.92345260791697e-08,1.0,0.0043251406875089065,0.004906662994936224,0.0004873591535083299,0.6000000000000001,0.5888888888888889,0.007172191381865591,0.5619954394780643,0.5372434423649539,0.0172647436471065,1,1,1,1
02_asymmetric_left_mu_0p15_p2l_v2:0014,02_asymmetric_left_mu_0p15_p2l_v2,20.033999999999992,20.43399999999999,-0.007276345594713338,0.020341208486431287,0.03223189654305511,0.022538221473709017,0.0,-0.10931357362957457,0.25288161037318374,0.38972502053299735,0.27426833223941377,0.0,-9.808164199528874e-05,0.00015342061415614256,0.00035986236754539935,0.00016193478878781563,0.0,-0.007718733342913046,0.008827374194969336,0.016971534652077597,0.007821420932771547,0.0,-0.007713152718157336,0.008868248101304316,0.016902167421855185,0.007868662953069816,0.0,0.2199999999927793,0.21999999994171696,0.21995402566419148,0.22727634558749152,0.2122812665988096,0.04869665362278257,0.00800507566214737,0.0031981617699821385,7.707158987453131e-08,1.0,0.004304958315423379,0.005088430675951677,0.0006010647618103159,0.5990740740740741,0.5833333333333334,0.009842727604383933,0.5468247681564756,0.5212052640462872,0.015682452242606795,1,1,1,1
02_asymmetric_left_mu_0p15_p2l_v2:0015,02_asymmetric_left_mu_0p15_p2l_v2,20.23399999999999,20.63399999999999,-0.033975973934413435,0.04704083682613138,0.1666540013229133,0.06330342309543334,0.16666666666666666,-0.46706323606098743,0.6106312728045966,2.195430392431714,0.8195265175703663,0.0,0.017358662627670014,0.01761607164713317,0.19446310633961036,0.052786799129817735,0.1,0.03294900722836796,0.044366142818789284,0.13619409627738469,0.0600584710242221,0.16666666666666666,0.006865783134634204,0.025124887046356167,0.09597201054297111,0.040392225266965766,0.0,0.1243000000044725,0.12429999997561522,0.1391310665368657,0.15442597394370802,0.1550685395404899,1.8446297296774254,1.7471788696212127,0.013808151613211885,8.697632279588234e-05,1.0,0.004077812377022374,0.005088430675951677,0.0007045983146447928,0.625,0.5833333333333334,0.03859012219291613,0.5407696384168879,0.5212052640462872,0.012453432220520248,1,1,1,1
02_asymmetric_left_mu_0p15_p2l_v2:0016,02_asymmetric_left_mu_0p15_p2l_v2,20.43399999999999,20.83399999999999,-0.044776358816331276,0.05124487904931616,0.1666540013229133,0.059620451832421095,0.16666666666666666,-0.5905835537040564,0.6767069070881897,2.195430392431714,0.7839395039875,0.0,0.017421540553612593,0.017572614632975932,0.19446310633961036,0.052765896501701895,0.1,0.035387714920452285,0.04259471414509743,0.13619409627738469,0.05842989243139177,0.16666666666666666,0.009354427094288997,0.0233246405515832,0.09597201054297111,0.03953527865339512,0.0,0.014300000008041769,0.01430000000496739,0.02921055742150392,0.06169487906218297,0.053044714145746276,1.8443253447093042,1.752999913314831,0.004377740715848552,8.696523757832959e-05,1.0,0.0037114649888163043,0.0040814490843802485,0.0002557508188204375,0.6638888888888889,0.5944444444444444,0.031056499687497092,0.5379496839584754,0.5285875121570575,0.007096747001971213,1,1,1,1
02_asymmetric_left_mu_0p15_p2l_v2:0017,02_asymmetric_left_mu_0p15_p2l_v2,20.63399999999999,21.03399999999999,-0.0066841040871227836,0.025929999073395642,0.06176618789063268,0.031466334029897736,0.0,-0.08224366846000035,0.3383065741271976,0.7946495467832633,0.4101514049054865,0.0,1.069441001662173e-06,0.00012321453389439185,0.00032211766328812746,0.00014802190883225183,0.0,-0.001665542119952429,0.007369296173996526,0.015850179049228003,0.008983137772547988,0.0,-0.0016830885182433006,0.0073556964149862165,0.015667724763545512,0.008930453805453353,0.0,0.0,0.0,0.00012477590980941095,0.025929999073395642,0.007369296173996526,0.01489971565237049,0.007202354519122755,0.004309749504456789,8.175345194334313e-08,1.0,0.0038092400302894105,0.0040814490843802485,0.0001545309371752157,0.6777777777777779,0.6777777777777778,1.1102230246251565e-16,0.5414173238327993,0.5285875121570575,0.006913068500002838,1,1,1,1
02_asymmetric_left_mu_0p15_p2l_v2:0018,02_asymmetric_left_mu_0p15_p2l_v2,20.83399999999999,21.233999999999988,-0.010326686854108624,0.023104061607396597,0.03833212425986392,0.02545551987278691,0.0,-0.12871962462680944,0.2986591769098734,0.5098186568491919,0.32975175732495976,0.0,-2.5016818741883283e-05,0.00013915051239744971,0.00032211766328812746,0.0001609657536306086,0.0,-0.0012572658409805745,0.0062937408766321895,0.010777788332183158,0.007179909073762108,0.0,-0.001248007920860035,0.0062322183527211234,0.01083428677816508,0.007151972743072276,0.0,0.0,0.0,0.000148602074804945,0.023104061607396597,0.0062937408766321895,0.014783824693937402,0.007600143942560916,0.004801155946508984,7.799655692429758e-08,1.0,0.0037973750080878567,0.004062602914433685,0.00020591230615654368,0.6749999999999999,0.6666666666666666,0.004243125643477651,0.5425596020291085,0.530437859142657,0.005770947186071025,1,1,1,1
02_asymmetric_left_mu_0p15_p2l_v2:0019,02_asymmetric_left_mu_0p15_p2l_v2,21.03399999999999,21.433999999999987,0.019385803250580227,0.0451349137095563,0.14814890622237448,0.062464181570835046,0.16666666666666666,0.2904305793570836,0.6167634304108963,2.095141924304218,0.8667366298774746,0.0,0.0018490902974171552,0.0020336925868655294,0.02504560544375842,0.005998383271246117,0.0,-0.0004795783071807859,0.004283577189356244,0.008242755004292364,0.005081346792093467,0.0,-0.005118903206158483,0.008891611683495943,0.030105485527189415,0.012220586533197587,0.0,0.06299999998798655,4.4608191784297965e-12,0.0024729536813458608,0.045751944957265256,0.0042835771864929125,1.9886697452193585,1.8300224388045678,0.005461836661131907,8.054103654227464e-06,1.0,0.0036191144721908716,0.004062602914433685,0.00033766398358625664,0.6712962962962964,0.6611111111111111,0.0059288187383637735,0.534920663722744,0.5249928433181076,0.007012462740244251,1,1,1,1
02_asymmetric_left_mu_0p15_p2l_v2:0020,02_asymmetric_left_mu_0p15_p2l_v2,21.233999999999988,21.633999999999986,0.02707978893633677,0.04563540845333592,0.14814890622237448,0.05888081352178498,0.16666666666666666,0.38603956706469317,0.633427699684573,2.095141924304218,0.8260845429337439,0.0,0.001960687617135269,0.002082410426495392,0.02504560544375842,0.005964957529844448,0.0,0.0003972811841517372,0.0047389791633893836,0.008242755004292364,0.005117004713948787,0.0,-0.00441487802945991,0.009407648331374932,0.030105485527189415,0.012538525228599912,0.0,0.21299999998359578,1.470903171343124e-11,0.002510763472542193,0.1880579592671179,0.004738979157109981,1.9886716416383734,1.8299219801027948,0.006428963661060168,8.055240571289835e-06,1.0,0.003503586937810123,0.0038456922148335233,0.00021136809459261014,0.6685185185185186,0.6555555555555556,0.007635380788180875,0.5245631038329046,0.5042977642104272,0.013948507790847844,1,1,1,1
02_asymmetric_left_mu_0p15_p2l_v2:0021,02_asymmetric_left_mu_0p15_p2l_v2,21.433999999999987,21.833999999999985,-0.0030683643127528415,0.01703063302183473,0.0334323165099053,0.02030977602544225,0.0,-0.038325157893774324,0.2279520060888478,0.45257669039169174,0.2737067957751524,0.0,0.00021706309412647872,0.0002598770090339691,0.0006296103482998437,0.00020555342020949454,0.0,-0.00019665235799292934,0.004278006100952455,0.008247276832781586,0.004972612478904361,0.0,-0.0004590443315108875,0.004351015677033366,0.00801572856283475,0.004965310991038233,0.0,0.2999999999912184,2.0496425070002888e-11,0.0002541435229614687,0.3030683643039712,0.004278006094120312,0.011704033270203803,0.005573542493448459,0.004069770115916327,6.307429865170865e-08,1.0,0.003838242741432952,0.004288808065877747,0.0002896236044861268,0.6703703703703705,0.6555555555555556,0.009442628728875541,0.5254982013966384,0.5042977642104272,0.014823088391420547,1,1,1,1
02_asymmetric_left_mu_0p15_p2l_v2:0022,02_asymmetric_left_mu_0p15_p2l_v2,21.633999999999986,22.033999999999985,0.004792676017413196,0.009037216156625505,0.02254074532458128,0.01120723030712814,0.0,0.06150271819368682,0.11660819930672678,0.28177866866959833,0.1443949886518034,0.0,0.0002108110003540454,0.00022167804445281957,0.0006296103482998437,0.00015925471453017966,0.0,0.000674691490153595,0.00307596143845089,0.008247276832781586,0.004079572497353244,0.0,0.0004614515872505805,0.0030924680617979683,0.00801572856283475,0.004065882217751609,0.0,0.2999999999912184,2.0496425070002888e-11,0.0002400800045935702,0.2952073239738052,0.0030759614384508905,0.013357459072405512,0.006206306101596242,0.005236262238391224,5.00509997856969e-08,1.0,0.004001041058265239,0.004288808065877747,0.000252852711828135,0.6685185185185185,0.6611111111111111,0.008881169487616166,0.531866512248169,0.5229775980195184,0.005134564955071461,1,1,1,1
02_asymmetric_left_mu_0p15_p2l_v2:0023,02_asymmetric_left_mu_0p15_p2l_v2,21.833999999999985,22.233999999999984,0.016054841939901882,0.018756004261525776,0.04291823370397041,0.016563858357274846,0.0,0.21663372583713658,0.25285017558743417,0.5940927307373925,0.22618709227456074,0.0,0.00026934315433205534,0.0002836248391374467,0.000676300438176697,0.00020503753841282993,0.0,0.002465775958182695,0.004491827375879143,0.009548469591244642,0.005089231637478723,0.0,0.0022625277839051286,0.004392211291036203,0.00925499789639011,0.005033004403548283,0.0,0.2999999999912184,2.0496425070002888e-11,0.0002607649375805613,0.28394515805131654,0.004491827382711286,0.014935129318730814,0.006000593205867254,0.0032311470863695003,7.449524784221704e-08,1.0,0.0036964558989913674,0.00414684150102579,0.0003397565228091939,0.6592592592592592,0.65,0.005237828008789222,0.5323803984647295,0.5165024283601201,0.008777760058006446,1,1,1,1
02_asymmetric_left_mu_0p15_p2l_v2:0024,02_asymmetric_left_mu_0p15_p2l_v2,22.033999999999985,22.433999999999983,0.02676509273107558,0.030706902788714352,0.05643997522872085,0.022060388686891017,0.0,0.3590329040680849,0.41239236000391605,0.7429547521688078,0.2936710998394277,0.0,-0.0017284511103205925,0.002299339325370386,0.018913628713892915,0.0051619873223182865,0.0,0.002337693697364774,0.005118537574391071,0.009548469591244642,0.005530023766660317,0.0,0.004114227312998789,0.006706506423234925,0.010745004247403768,0.006123177818283512,0.0,0.29999999999071103,1.9033208058061014e-11,0.002090517834548317,0.2732349072591949,0.005118537579515177,0.6272161019760383,0.5927648197969602,0.010750336524948507,0.0015256627041377064,1.0,0.0035784309293897657,0.003848727703026356,0.0002100226424886942,0.6620370370370371,0.65,0.009842727604383948,0.5294141488620312,0.5165024283601201,0.011006088433479411,1,1,1,1
02_asymmetric_left_mu_0p15_p2l_v2:0025,02_asymmetric_left_mu_0p15_p2l_v2,22.233999999999984,22.633999999999983,0.03470899709500671,0.03865080715264548,0.05643997522872085,0.024362138958198602,0.0,0.4458899382041977,0.4992493941400289,0.7429547521688078,0.3208054107676176,0.0,-0.0017057764594614673,0.0023154389670592647,0.018913628713892915,0.005170834740089876,0.0,0.0024922388473931343,0.004805820586274344,0.010147574667262769,0.004959135002950822,0.0,0.004129326460174355,0.006200243047720922,0.010745004247403768,0.005580135680999326,0.0,0.2999999999907105,1.8142182912656718e-11,0.0021608938734412183,0.26529100289526375,0.00480582059731964,0.6286916729812247,0.5853112317648389,0.01155408723192504,0.0015256537394394232,1.0,0.003916678774183277,0.004432528195764322,0.0002607855091721271,0.6694444444444444,0.6555555555555556,0.007691318391590831,0.5188061438115834,0.49904553690891346,0.01092641913961638,1,1,1,1
02_asymmetric_left_mu_0p15_p2l_v2:0026,02_asymmetric_left_mu_0p15_p2l_v2,22.433999999999983,22.833999999999982,0.029070869301461463,0.029070869301461463,0.056058216293304236,0.018349352460377354,0.0,0.36969942289183866,0.36969942289183866,0.728753529278305,0.2375805335574254,0.0,0.0004744200265015846,0.0004744200265015846,0.000761965363148217,0.00017253067241807505,0.0,0.004487182896400013,0.004487182896400013,0.010147574667262769,0.0027914045622867405,0.0,0.003953281192756112,0.003953281192756112,0.009749678001743695,0.0028745671702564562,0.0,0.2999999999912617,1.8919339029894337e-11,0.00046262682579428885,0.2709291306897989,0.004487182915289462,0.06257984557022667,0.009099680407843385,0.006164095086562661,8.570000929105847e-08,1.0,0.0039670937306330815,0.004432528195764322,0.0003608539938360219,0.6777777777777779,0.6666666666666666,0.008486251286955277,0.5124003412585384,0.49904553690891346,0.008819900193307998,1,1,1,1
02_asymmetric_left_mu_0p15_p2l_v2:0027,02_asymmetric_left_mu_0p15_p2l_v2,22.633999999999983,23.03399999999998,0.020569928930195713,0.020569928930195713,0.04694117548743937,0.013067643909598374,0.0,0.27111341180324344,0.27111341180324344,0.6371681571706025,0.1770404423933036,0.0,0.0005119201042754953,0.0005119201042754953,0.0007860577768711551,0.0001476597393931386,0.0,0.0026256829062116464,0.003341526859393485,0.006963187105048526,0.0028975124596294878,0.0,0.002070177055524088,0.0029568548281442616,0.006314125948112665,0.002876466527307102,0.0,0.29999999999130667,1.9127150006298537e-11,0.0004896075241997434,0.279430071061109,0.0033415268721340053,0.06196631541580414,0.007973248652407294,0.005253733503628531,9.831437245625079e-08,1.0,0.003749180933027348,0.004372898637887519,0.0003059914950495778,0.6814814814814815,0.6611111111111111,0.009442628728875534,0.513890721120958,0.5020031722568169,0.006966855884717224,1,1,1,1
02_asymmetric_left_mu_0p15_p2l_v2:0028,02_asymmetric_left_mu_0p15_p2l_v2,22.833999999999982,23.23399999999998,0.015178512823664345,0.01907721101320729,0.04694117548743937,0.019488705135830633,0.0,0.20528163839137542,0.25905275882162726,0.6371681571706025,0.2659885544785431,0.0,0.00042510728832771726,0.00042510728832771726,0.0007860577768711551,0.0001667363136894744,0.0,0.002838472100805334,0.004537563206311228,0.007619591870815704,0.004144736639636618,0.0,0.00238684610038055,0.0043866224654530986,0.007218560386257965,0.004193093614761589,0.0,0.2999999999913072,1.9129996732002704e-11,0.0004572848348952167,0.28482148716764283,0.004537563214509799,0.06482461233390108,0.009540595232816963,0.00770048290636598,8.194028852227243e-08,1.0,0.0036222053088290343,0.004000509380445183,0.00018707897418442725,0.6801587301587303,0.6611111111111111,0.008837721210841306,0.5178310232324502,0.5079508374280481,0.009479332027356822,1,1,1,1
02_asymmetric_left_mu_0p15_p2l_v2:0029,02_asymmetric_left_mu_0p15_p2l_v2,23.03399999999998,23.43399999999998,0.02189251102518339,0.0274789238262117,0.07445327705242913,0.031393756536828146,0.0,0.2919492305457648,0.369063999551961,0.9885821019305207,0.41950436715324674,0.0,0.00039688383492090965,0.00039688383492090965,0.0006914338875980901,0.00013985168031677912,0.0,0.005329846696108834,0.006415357270316009,0.011984870644897574,0.004623685696861244,0.0,0.0048649208825208975,0.006104687728204725,0.01175797949547072,0.004664415457044451,0.0,0.2999999999913072,1.9129996732002704e-11,0.00045735413152109603,0.2781074889661238,0.006415357283980292,0.06478266287016847,0.011191865965066295,0.008764136256241603,6.590869853922483e-08,1.0,0.003607287803989719,0.004000509380445183,0.00019824239888452115,0.6825396825396827,0.6722222222222223,0.006918887211969298,0.5265134212198391,0.5104983165055499,0.012509858545486656,1,1,1,1
02_asymmetric_left_mu_0p15_p2l_v2:0030,02_asymmetric_left_mu_0p15_p2l_v2,23.23399999999998,23.63399999999998,0.019945669835915576,0.04118215543003534,0.07445327705242913,0.043058035184567266,0.0,0.2582275083877072,0.5579451540850177,0.9885821019305207,0.5871047531441201,0.0,0.00046624338735098806,0.00046624338735098806,0.0007300220110813116,0.0001558396860325772,0.0,0.0035273181336314633,0.005851540964323192,0.011984870644897574,0.005941848468459227,0.0,0.002942043125808988,0.005486682242904187,0.01175797949547072,0.0059946746342075564,0.0,0.29999999999130555,1.9132843457706872e-11,0.0004921982369314406,0.28005433015539166,0.005851540977076523,0.061193785451065255,0.009973359172840177,0.007039971755961043,7.63189048957668e-08,1.0,0.003479539461820754,0.0037816857537270186,0.0002826299677809874,0.6749999999999999,0.6388888888888888,0.018073353051799208,0.5295498499295336,0.5209006170628382,0.00829270702709809,1,1,1,1
02_asymmetric_left_mu_0p15_p2l_v2:0031,02_asymmetric_left_mu_0p15_p2l_v2,23.43399999999998,23.83399999999998,-0.004846427543399932,0.024533075948797528,0.05780245564216052,0.02990337717242804,0.0,-0.0711024082508128,0.3351324211643684,0.8174501670761264,0.4131268091219666,0.0,0.0004636075264592682,0.0004636075264592682,0.0007626557306298949,0.00017923003170894494,0.0,7.00413433579714e-05,0.0029844632968400882,0.006972668492075188,0.003648574379278157,0.0,-0.0004990012715678885,0.00287898726800186,0.007633917351285597,0.0037280397908339203,0.0,0.29999999999130555,1.9132843457706872e-11,0.00046698406570785847,0.30484642753470714,0.002984463303216753,0.06170540303757846,0.009970090867709063,0.004723969008434574,1.051706397964028e-07,1.0,0.003621464976928631,0.004202705366949438,0.0003941399692998166,0.6712962962962964,0.6388888888888888,0.015521346865037254,0.5129479130429725,0.4942462497592374,0.011609086026684595,1,1,1,1
02_asymmetric_left_mu_0p15_p2l_v2:0032,02_asymmetric_left_mu_0p15_p2l_v2,23.63399999999998,24.033999999999978,0.003026072126611129,0.01407815528037712,0.023798278485478663,0.016544566592604223,0.0,0.04182326114773697,0.1878956984251683,0.3244250689600857,0.2219349569213658,0.0,0.0004930206852220953,0.0004930206852220953,0.0008356687174160971,0.00019532799534832204,0.0,-0.0001626150017745158,0.004078340517835565,0.010952269190459083,0.005308496984837837,0.0,-0.0006863973656311416,0.0038957895137626624,0.011246512370757763,0.005256619191650658,0.0,0.2999999999913072,1.9129996732002704e-11,0.00046390977145186293,0.2969739278646961,0.0040783405242122315,0.0619833087153852,0.010297415858750348,0.004993078671104285,9.69617457875493e-08,1.0,0.0037816216309999157,0.004202705366949438,0.00021031445476962738,0.6712962962962963,0.6611111111111111,0.0059288187383637735,0.49683238515964373,0.48798474003681497,0.007454345341995441,1,1,1,1
02_asymmetric_left_mu_0p15_p2l_v2:0033,02_asymmetric_left_mu_0p15_p2l_v2,23.83399999999998,24.233999999999977,0.009133959916661735,0.01844796308108319,0.02512181486639825,0.01776518742714665,0.0,0.12210535831869745,0.25139195520110696,0.3508967999843517,0.24432538185495506,0.0,0.0005024188976016388,0.0005024188976016388,0.0008356687174160971,0.00018591590695206863,0.0,0.0004470799250142093,0.004103920105778983,0.010952269190459083,0.00533691631236923,0.0,-4.239238588792235e-05,0.003945412230956032,0.011246512370757763,0.0052869086724601395,0.0,0.2999999999913072,1.91299967320027e-11,0.00047250882232047106,0.2908660400746455,0.00410392011215565,0.06337633689565304,0.010428394026937808,0.007132344460511284,6.750887992688995e-08,1.0,0.003600465308380586,0.003803658095898985,0.0001562675122337351,0.6648148148148149,0.65,0.008881169487616157,0.48508211236052273,0.4676678093079222,0.010307975855436552,1,1,1,1
02_asymmetric_left_mu_0p15_p2l_v2:0034,02_asymmetric_left_mu_0p15_p2l_v2,24.033999999999978,24.433999999999976,0.005075258515039353,0.01344919680383877,0.02512181486639825,0.015035727714805535,0.0,0.06432796805179901,0.1812935680465829,0.3508967999843517,0.20688696784367422,0.0,0.0004604715895338172,0.0004604715895338172,0.000746336220002102,0.0001300033224889267,0.0,0.0042980590104690014,0.004304142794414083,0.011919575868411594,0.0037206232989239764,0.0,0.0038039074341760532,0.004042874594100754,0.011467923436826288,0.003760322251927658,0.0,0.2999999999913072,1.91299967320027e-11,0.00047563967219915564,0.29492474147626785,0.004304142807167413,0.06332540055882095,0.009445308289413442,0.007382408370630297,8.821644610005856e-08,1.0,0.0037910243630453707,0.004111058632890646,0.0002777346447239081,0.6657407407407409,0.65,0.009305440389926766,0.46528770583564044,0.4425446102228228,0.016279820251853785,1,1,1,1
02_asymmetric_left_mu_0p15_p2l_v2:0035,02_asymmetric_left_mu_0p15_p2l_v2,24.233999999999977,24.633999999999975,-0.0035031124236465463,0.009721382536445175,0.023506173783937767,0.012175329935626719,0.0,-0.04792874850909779,0.12718732062125981,0.3266525863681551,0.16174973706320975,0.0,0.00040571773292263105,0.0004166254944578735,0.0007929274001156923,0.00017542596168064633,0.0,0.004202481516241026,0.004202481516241026,0.011919575868411594,0.003727773066332697,0.0,0.0037473839993044564,0.0037473839993044564,0.011467923436826288,0.003705173381656857,0.0,0.2999999999913072,1.91299967320027e-11,0.0004345611031169834,0.30350311241495376,0.004202481535371022,0.06109346188436986,0.007912775096273753,0.005810906835175482,8.925244072361821e-08,1.0,0.003963149923535869,0.004250428035462249,0.0002619267169789925,0.662037037037037,0.65,0.008124967025363094,0.443088176396244,0.4277914235797362,0.011756836476228463,1,1,1,1
02_asymmetric_left_mu_0p15_p2l_v2:0036,02_asymmetric_left_mu_0p15_p2l_v2,24.433999999999976,24.833999999999975,-0.006316517453444488,0.01601194731911167,0.029086289597001547,0.01758834207286034,0.0,-0.08308390792899535,0.21457759866221635,0.39448107219966294,0.23745878864492972,0.0,0.00038599673344773884,0.00039690449498298137,0.0010249083817187921,0.00024297839352647291,0.0,0.0021186732145495662,0.0029778008985521624,0.006898690488915303,0.0029337905755976424,0.0,0.001756283154156709,0.0027271546282424185,0.006541000688153026,0.0029294505049383534,0.0,0.299999999991305,1.914138363481937e-11,0.00038484804726175335,0.30631651744475175,0.0029778009113054934,0.06316519938302742,0.009870006401148396,0.004892232402717793,7.455085635739204e-08,1.0,0.0036722764127575143,0.004250428035462249,0.0003923582190763142,0.6509259259259259,0.6444444444444445,0.0059288187383637276,0.42050356015614354,0.39051027381099696,0.018222686101974604,1,1,1,1
02_asymmetric_left_mu_0p15_p2l_v2:0037,02_asymmetric_left_mu_0p15_p2l_v2,24.633999999999975,25.033999999999974,-0.0032556454686824,0.02202908289335211,0.04586184962896378,0.026132367755794233,0.0,-0.04351495831829572,0.29546152731052916,0.6139738786232063,0.3500559286778617,0.0,0.00043544916846845574,0.00043544916846845574,0.0010249083817187921,0.000212244246078841,0.0,0.0026827338790997163,0.0036566800499419224,0.006926790521209198,0.003481448614257412,0.0,0.002317764055497325,0.003504579137766238,0.006541000688153026,0.00341972532665208,0.0,0.299999999991305,1.9141383634819375e-11,0.0004009777572270983,0.3032556454599896,0.003656680056318588,0.0655803337494254,0.012014756265995633,0.00820505480821735,8.735587943052323e-08,1.0,0.00358552245348207,0.003768070452222923,0.00025104824290624473,0.6453703703703704,0.6277777777777778,0.011748682907823625,0.40039900627802577,0.38920153391650464,0.012009428223328247,1,1,1,1
02_asymmetric_left_mu_0p15_p2l_v2:0038,02_asymmetric_left_mu_0p15_p2l_v2,24.833999999999975,25.233999999999973,-0.017872583513358364,0.03289398165348761,0.08481918542389671,0.038311174264558115,0.16666666666666666,-0.22160311310344538,0.4237938898685867,1.0461639979485065,0.48762783968497386,0.0,0.04034098593238591,0.04034098593238591,0.4245525870346176,0.11982633159490369,0.1,0.06520072504685108,0.06531554353369069,0.3719805748881842,0.13721524115956768,0.16666666666666666,5.788418491404872e-05,0.00591212760619739,0.01691489943930041,0.007912363303288468,0.0,0.287999999993217,0.035000000017844826,0.005153532026860817,0.29787258350731954,0.006982210211588895,0.5601267233713878,0.5258339821732079,0.009547451602626017,1.1490420441048296e-07,1.0,0.0038096213891141944,0.004212319747863219,0.00023754455938755683,0.6444444444444444,0.6277777777777778,0.015044515564140663,0.3887813110001735,0.36852947333322134,0.01203899087999203,1,0,1,1
02_asymmetric_left_mu_0p15_p2l_v2:0039,02_asymmetric_left_mu_0p15_p2l_v2,25.033999999999974,25.433999999999973,-0.03198339813166148,0.03902940917984102,0.08481918542389671,0.03782081587303,0.16666666666666666,-0.3965415784074507,0.4916166611352375,1.0461639979485065,0.47499428006392597,0.0,0.13426582569695242,0.13426582569695242,0.4245525870346176,0.14302883344423636,0.5,0.17311146712417633,0.17311146712417633,0.3719805748881842,0.1440014843141536,0.6666666666666666,0.026843521024549188,0.032481820837649326,0.06449251340482103,0.030935446366117194,0.0,0.22799999999663423,0.20999999997997407,0.09006522428733746,0.25198339812904874,0.0708267687486731,0.6145184023417041,0.5101914061273866,0.040238746222621885,9.028493691497948e-07,1.0,0.004025047317482449,0.00434537120579809,0.0002691448062858093,0.6212962962962963,0.5333333333333333,0.04248173980353505,0.38132302803120405,0.36852947333322134,0.011583563251430708,1,0,1,1
02_asymmetric_left_mu_0p15_p2l_v2:0040,02_asymmetric_left_mu_0p15_p2l_v2,25.233999999999973,25.633999999999972,-0.025497037960562328,0.042171899598909955,0.09372581059573704,0.04658961244017145,0.16666666666666666,-0.31011689481692634,0.5002168931156544,1.0534245095818613,0.5450950579797662,0.0,0.09430478344484282,0.09431478829953482,0.3406935600718345,0.1166430357218995,0.4,0.11885455645108282,0.12299920769884187,0.3192098707553408,0.11801245245461404,0.5,0.037399130749049006,0.041647020714257514,0.06449251340482103,0.025291585865621597,0.0,0.17999999999609884,0.349999999957884,0.25996735044686126,0.2054970379564421,0.23114544350833843,0.27178361980352767,0.12002202815341198,0.12083846602012296,3.3375740791382973e-06,1.0,0.004471263680106612,0.00485721684809331,0.0003414866778976976,0.612962962962963,0.5333333333333333,0.039501350014262124,0.3819154399430474,0.3685276048581352,0.011313058360824045,1,0,1,1
02_asymmetric_left_mu_0p15_p2l_v2:0041,02_asymmetric_left_mu_0p15_p2l_v2,25.433999999999973,25.83399999999997,-0.0013687588682684225,0.03889255622738414,0.09372581059573704,0.04763479353334933,0.16666666666666666,-0.00549470330633688,0.44346183807422784,1.0534245095818613,0.5419744871960877,0.0,0.0002753970287353802,0.0002917273541386156,0.0006110806149813297,0.00016484858642434245,0.0,0.00903659977614186,0.01609998410852138,0.03449661709286905,0.01876407750889549,0.0,0.008838320616010134,0.01617301373369522,0.034156933074116325,0.018790108998477804,0.0,0.17999999999389504,0.3499999999729545,0.34969060638882554,0.18136875886195494,0.3409634001982446,0.12312597011180779,0.011853271159345978,0.008317372128374252,5.060216037391539e-06,1.0,0.004747476008466551,0.005113363791405178,0.00021977161278238384,0.6212962962962963,0.5777777777777777,0.02344257203920773,0.38992213274209514,0.3685276048581352,0.011582650827530684,1,1,1,1
02_asymmetric_left_mu_0p15_p2l_v2:0042,02_asymmetric_left_mu_0p15_p2l_v2,25.633999999999972,26.03399999999997,0.012800435939317742,0.038541870791236596,0.06611102783231483,0.04070562047321291,0.0,0.15741991496429233,0.4465131700936535,0.7594295973708742,0.4685088284753399,0.0,0.00025990419221012806,0.00028493670512506344,0.0005669384161101632,0.0001867162320755493,0.0,0.0021299194384199658,0.00516879470216645,0.014880537375153546,0.00685516594763699,0.0,0.0018928957008965224,0.00528877418026107,0.014795538846365197,0.006969685373850844,0.0,0.17999999999385508,0.34999999997287484,0.34969341517355124,0.1671995640545605,0.3478700805343761,0.12214507627754537,0.00987978598551942,0.0071042116202566785,5.023352534858608e-06,1.0,0.004639228338509157,0.005113363791405178,0.0002600044988213095,0.6074074074074075,0.5777777777777777,0.023055369625905056,0.4034618025116892,0.3896756815166001,0.013321197493781339,1,1,1,1
02_asymmetric_left_mu_0p15_p2l_v2:0043,02_asymmetric_left_mu_0p15_p2l_v2,25.83399999999997,26.23399999999997,0.006495375827692951,0.03828667303326979,0.06611102783231483,0.04140988170135851,0.0,0.08090779115723391,0.43586908564124766,0.7594295973708742,0.47165171033984377,0.0,0.0003647779662930034,0.00038348500849670066,0.0006678706969522885,0.0002000077738268331,0.0,0.0017710682488033629,0.005024775033194068,0.014880537375153546,0.006764224938376022,0.0,0.0014273110521603554,0.005025202901568456,0.014795538846365197,0.006798563278325956,0.0,0.1799999999940871,0.3499999999716507,0.34964731014974154,0.17350462416639492,0.3482289317228437,0.12401521582049974,0.00920431618446729,0.0064545067695586655,4.876962256330607e-06,1.0,0.004801812615264864,0.005346482990616184,0.00031085155184737255,0.5935185185185187,0.5722222222222222,0.015521346865037235,0.43154475553030186,0.3997512616521507,0.02396598273900279,1,1,1,1
02_asymmetric_left_mu_0p15_p2l_v2:0044,02_asymmetric_left_mu_0p15_p2l_v2,26.03399999999997,26.43399999999997,0.005707596605983477,0.02077683719004834,0.04617389495468799,0.023812686612242506,0.0,0.06793885806861712,0.23162193560988079,0.5221443372940702,0.26566041476389113,0.0,0.0003807489149538185,0.0003807489149538185,0.0006678706969522885,0.00016075764524335986,0.0,0.004382715219327528,0.011297684643053335,0.02826289994312775,0.013344528026190704,0.0,0.004018924918749306,0.011174579669833401,0.027775082951028374,0.013256495863544208,0.0,0.1799999999943147,0.3499999999704837,0.3496430985202103,0.17429240338833216,0.34561728475115133,0.12275755957046126,0.008493986481400019,0.005373088712317696,4.775545274231776e-06,1.0,0.004948051583554954,0.005346482990616184,0.000229579925990388,0.5814814814814815,0.5611111111111111,0.012283795519834814,0.4596490965509703,0.4357955388828184,0.013363315649276604,1,1,1,1
02_asymmetric_left_mu_0p15_p2l_v2:0045,02_asymmetric_left_mu_0p15_p2l_v2,26.23399999999997,26.63399999999997,0.006125708056480887,0.008741741973930947,0.015174650521549177,0.007895660448086768,0.0,0.06993764555680172,0.1005208342126896,0.16955113323677462,0.09127632475953945,0.0,0.00033776359352559183,0.00034640331305217377,0.0006858973295685855,0.000187828464116129,0.0,0.019408685916832157,0.023190090735293295,0.03445103795857851,0.015209031939481976,0.0,0.018982478736986025,0.022849316965549992,0.03400528463287361,0.015121544463629576,0.0,0.17999999999454563,0.34999999996929937,0.34966893173185437,0.17387429193807158,0.3305913140524322,0.12364769277235509,0.00900473680511527,0.006289089901341208,4.66840080721225e-06,1.0,0.004793606249591505,0.005182303778995592,0.000288302150582864,0.5777777777777778,0.5611111111111111,0.007856742013183872,0.495730718205363,0.45980175363491294,0.028966440803981454,1,1,1,1
02_asymmetric_left_mu_0p15_p2l_v2:0046,02_asymmetric_left_mu_0p15_p2l_v2,26.43399999999997,26.833999999999968,0.002583915501945311,0.014986168494478702,0.032320374468330054,0.01878810039471424,0.0,0.028266260995821035,0.16831842891448645,0.35434232018897577,0.20923617041478706,0.0,0.0003034273675390026,0.0003120670870655845,0.0006858973295685855,0.0001856431461286401,0.0,0.014577104356251832,0.021946196608235085,0.03445103795857851,0.018808701546947408,0.0,0.014218718566281726,0.021720300305013446,0.03400528463287361,0.01876931277007447,0.0,0.17999999999478655,0.3499999999682689,0.3496673501085851,0.17741608449285198,0.33542289561202665,0.12438635267745102,0.009547167020170045,0.00704508932539219,4.636592764984308e-06,1.0,0.004838030951579302,0.005182303778995592,0.00027124074489959753,0.5787037037037037,0.5444444444444444,0.017098319733906856,0.5500565851104674,0.5161079644917544,0.030408852959528453,1,1,1,1
02_asymmetric_left_mu_0p15_p2l_v2:0047,02_asymmetric_left_mu_0p15_p2l_v2,26.63399999999997,27.033999999999967,0.005973475858262189,0.01894253469653251,0.032320374468330054,0.02085875083516378,0.0,0.06680348545930104,0.21564988361025358,0.35434232018897577,0.23624712366508926,0.0,-0.04815256967389988,0.0487356997252131,0.5922918721896917,0.14937524348018544,0.1,-0.08392137826173218,0.09702081399969142,0.520719300028321,0.19574501742845576,0.16666666666666666,-0.005673248749706215,0.01844693127479527,0.04985579485730929,0.023443609301543978,0.0,0.17999999999753213,0.3499999999488714,0.3249434794641778,0.17402652414029784,0.3464213782675403,0.669604946350663,0.6112810100920185,0.006992758390409096,4.345962062749866e-06,1.0,0.004716492575885539,0.005034931392351036,0.00029372496161476913,0.5740740740740741,0.5444444444444444,0.022604732621729098,0.6015460673594855,0.5493983387994378,0.031342055400818775,1,0,1,1
02_asymmetric_left_mu_0p15_p2l_v2:0048,02_asymmetric_left_mu_0p15_p2l_v2,26.833999999999968,27.233999999999966,0.02807297645084295,0.031255816214029945,0.06873081798439672,0.027099127870637132,0.0,0.34444291216622913,0.3838203310544041,0.8437329186041315,0.3358176707276009,0.0,-0.18381961519260495,0.18415510750078443,0.5922918721896917,0.17062889983533405,0.6,-0.24249835061090397,0.2477241760722234,0.520719300028321,0.19761418831489885,0.6666666666666666,-0.027049484985027395,0.03204310742438166,0.06768632264500697,0.028103646886443127,0.0,0.17999999999515848,0.3499999999480856,0.1923356957117194,0.15192702354533563,0.2067992210015547,0.6979318270005996,0.5953190916192873,0.024400966348320646,2.2097805478121105e-06,1.0,0.004318393105248925,0.004746897169788544,0.00022715029414934954,0.5888888888888889,0.5444444444444444,0.024427603626431364,0.6372316121294376,0.6034177439058261,0.024648518181853072,1,0,1,1
02_asymmetric_left_mu_0p15_p2l_v2:0049,02_asymmetric_left_mu_0p15_p2l_v2,27.033999999999967,27.433999999999966,0.03773405108586932,0.03773405108586932,0.06873081798439672,0.018985356358172587,0.0,0.4671061667889087,0.4671061667889087,0.8437329186041315,0.2306375277668521,0.0,-0.17530732764093243,0.17530732764093243,0.3576863807377635,0.11025036508568939,0.7,-0.2172779323954912,0.2172779323954912,0.4053508911442735,0.1165572057759654,0.8333333333333334,-0.038368691530704616,0.038368691530704616,0.06768632264500697,0.014280625418025484,0.0,0.1799999999901991,0.34999999996728964,0.1795986868597465,0.14226594890423727,0.15117236463040587,0.2908669746552344,0.055105222394136,0.006384874337311358,1.941979925452232e-06,1.0,0.0041220777597368915,0.004571829248952426,0.000376484808980874,0.5703703703703704,0.5222222222222223,0.038579012325925297,0.635988815263517,0.6152278572053264,0.023275516286250453,1,0,1,1
02_asymmetric_left_mu_0p15_p2l_v2:0050,02_asymmetric_left_mu_0p15_p2l_v2,27.233999999999966,27.633999999999965,0.011117521104209813,0.017898705482879227,0.033895434217197457,0.018497871294440495,0.0,0.14182127804291775,0.21613562390324895,0.4114763347904607,0.217722808463106,0.0,-0.03987766430294125,0.03989643739892236,0.16525691356179975,0.0550031096185698,0.2,-0.06729671733129951,0.06729671733129951,0.17765341265226303,0.061559405025124386,0.3333333333333333,-0.025337762824330427,0.025337762824330427,0.037155530754763966,0.010430979707671158,0.0,0.17999999999142702,0.34999999997603476,0.31224194585431875,0.16888247888713634,0.28270328264404343,0.20072507727693872,0.11550426120777076,0.027300769262029803,4.3494884690835454e-06,1.0,0.004429325982568837,0.005046773904864933,0.0005510600869200102,0.575925925925926,0.5222222222222223,0.043587415910888216,0.6010211298204465,0.5644193333462297,0.02537151996140005,1,0,1,1
02_asymmetric_left_mu_0p15_p2l_v2:0051,02_asymmetric_left_mu_0p15_p2l_v2,27.433999999999966,27.833999999999964,-0.013170039444013482,0.014926715413256736,0.031619153864074684,0.01286256763108733,0.0,-0.14323761039288244,0.16443094430026767,0.32907483142897354,0.1408871966230738,0.0,-0.0008334820944228521,0.0008726411874660029,0.009588924611853011,0.0020766483918322988,0.0,-0.010961306786112021,0.010961306786112021,0.026225283185690285,0.008037468115816633,0.0,-0.010492082873502276,0.010492082873502276,0.02592852198482698,0.008074364288275532,0.0,0.17999999999291583,0.3499999999836582,0.34853866198598904,0.19317003943676078,0.33903869319582397,1.0295301930498268,0.9742101952044527,0.007537377769029956,0.0012189562272319093,1.0,0.004899945549574334,0.005415349854823983,0.00033968687528497104,0.6074074074074074,0.5555555555555556,0.023497365815647257,0.5673797763602512,0.550373925859616,0.013774086700931918,1,1,1,1
02_asymmetric_left_mu_0p15_p2l_v2:0052,02_asymmetric_left_mu_0p15_p2l_v2,27.633999999999965,28.033999999999963,-0.02482970287853295,0.042175138960063314,0.07982083312435412,0.04143867691053957,0.0,-0.30475157517577517,0.4782561452700181,0.9676070514957864,0.4671241464164273,0.0,-0.0021888794197593487,0.002508148300938912,0.01492222852297509,0.0042464691883890016,0.0,-0.009103873416168038,0.01201317824698179,0.04537278127183081,0.01714419860766721,0.0,-0.008877637262562252,0.011594719012874038,0.04567635257491243,0.017199709550538376,0.0,0.17999999999362304,0.34999999996867887,0.3476549987494133,0.20482970287201926,0.340896126551466,1.037682111724778,0.9698637836028001,0.013130921718163324,0.001867143328245801,1.0,0.004928047791794984,0.005713562163649364,0.0005099665800572002,0.601851851851852,0.5555555555555556,0.02119541322640666,0.5334634946367417,0.5004052575036044,0.024465338580592095,1,1,1,1
02_asymmetric_left_mu_0p15_p2l_v2:0053,02_asymmetric_left_mu_0p15_p2l_v2,27.833999999999964,28.233999999999963,-0.0030599824383260935,0.05339808033984128,0.07982083312435412,0.055657527559894795,0.0,-0.07141521155062004,0.6000419622794937,0.9676070514957864,0.6294883203991234,0.0,-0.006559338333461467,0.007092125866205545,0.03094094603566877,0.010433092228536455,0.0,-0.01792551335847876,0.020834818189292514,0.04537278127183081,0.020714578719866813,0.0,-0.016099618566566432,0.02279794014210243,0.04567635257491243,0.02302582071830837,0.0,0.17999999999199767,0.349999999934575,0.34407686416046906,0.1830599824316368,0.3320744865849306,0.24003299455773083,0.1607688145782368,0.012089210084788311,0.0019431712158311423,1.0,0.004931974252232412,0.005713562163649364,0.00046983538263843997,0.612037037037037,0.5888888888888889,0.016794775136312102,0.5088707237296278,0.49311056652592733,0.009794926702855514,1,1,1,1
02_asymmetric_left_mu_0p15_p2l_v2:0054,02_asymmetric_left_mu_0p15_p2l_v2,28.033999999999963,28.433999999999962,0.016784879420555475,0.03211145566600126,0.0626107489837137,0.03366162670397687,0.0,0.17386589163001961,0.340705938941592,0.6662224905246922,0.358639299594739,0.0,-0.008116972678480012,0.008560389980244377,0.03094094603566877,0.011075711368869885,0.0,-0.022409816789459757,0.02244910562008463,0.0392843473807048,0.01605462100256747,0.0,-0.01651095896811386,0.02049219879333807,0.039828123267225735,0.017672858927232415,0.0,0.17999999999175453,0.3499999999279877,0.34235320785410756,0.16321512057253743,0.3275901831463289,0.20799268219945558,0.13621310290610222,0.026168151872027888,0.0012948393278510606,1.0,0.005193330428288772,0.005807212954712819,0.00048729603401263767,0.6203703703703703,0.5888888888888889,0.01776233897523229,0.49559307325683255,0.46873861621761054,0.01783308925720976,1,1,1,1
02_asymmetric_left_mu_0p15_p2l_v2:0055,02_asymmetric_left_mu_0p15_p2l_v2,28.233999999999963,28.63399999999996,0.010896703069062494,0.025149476935937543,0.05738752219132087,0.030655929060364566,0.0,0.11537052750058495,0.26409874390165083,0.6275525099364013,0.32357380151195714,0.0,-0.0028180930140827313,0.0034446095980591425,0.023665570937479175,0.006834225780766332,0.0,-0.013360948158134009,0.016731583439863307,0.03637316258287926,0.0172562165871165,0.0,-0.009613358413542605,0.012634705560895873,0.026471272362899423,0.01320132654823212,0.0,0.17999999999340321,0.34999999994095166,0.3474846951507339,0.16910329692440362,0.336639051782533,0.08673086357343412,0.01802645441041149,0.009440983391536727,5.331707875054695e-06,1.0,0.005258754840847508,0.005807212954712819,0.00045522842348555377,0.6324074074074074,0.6111111111111112,0.016170601107937936,0.4745353256469513,0.46105065429852843,0.01401844259963614,1,1,1,1
02_asymmetric_left_mu_0p15_p2l_v2:0056,02_asymmetric_left_mu_0p15_p2l_v2,28.433999999999962,28.83399999999996,0.010452196100614148,0.028044749284967155,0.05738752219132087,0.030617053208212137,0.0,0.11666462712176905,0.31337852594461874,0.6275525099364013,0.3398992143882836,0.0,0.02559699792332667,0.02559699792332667,0.31054033431076,0.07766523575385545,0.1,-0.008679969552557962,0.01201131600366239,0.024337518299984096,0.012500488756304839,0.0,-0.00904289095297862,0.012064238100331887,0.02472641304699824,0.012516141877977857,0.0,0.16290000000019567,0.31674999995668657,0.33795543652310583,0.16954780389274912,0.34132003038818876,1.3218817601494663,1.2343750438960774,0.0072024118935232195,5.379853812980251e-06,1.0,0.00491076731013551,0.005216093202452835,0.0002649582151059038,0.6453703703703703,0.6166666666666667,0.01449303318749863,0.44210527460108384,0.3956975287437608,0.027356806034741086,1,1,1,1
02_asymmetric_left_mu_0p15_p2l_v2:0057,02_asymmetric_left_mu_0p15_p2l_v2,28.63399999999996,29.03399999999996,-0.011058939739560944,0.03258535510547674,0.1046837439394229,0.04555835673337157,0.16666666666666666,-0.13514094047074468,0.38714490560197157,1.252706404891719,0.5416014749372248,0.0,0.025405885796095727,0.025448683540130516,0.31054033431076,0.07772736376868092,0.1,0.034414178060564314,0.04699295751678997,0.23728381174102967,0.09124282213316358,0.16666666666666666,0.0343770702862567,0.04724206165723446,0.23734003854275287,0.09131352122032108,0.16666666666666666,0.07290000000528596,0.14174999999007093,0.16282527782522876,0.10423091645626104,0.20941417804203896,1.3215049421345408,1.2366098847142553,0.007808146158023541,2.5484260384512964e-06,1.0,0.004272813851585897,0.00475035311752826,0.00048030608020012205,0.6398148148148147,0.5222222222222223,0.05503615222856881,0.4096874274639357,0.3956975287437608,0.0163506172074065,1,0,1,1
03_rough_h0p008_spacing0p45_p2l_v2:0000,03_rough_h0p008_spacing0p45_p2l_v2,20.813,21.212999999999997,0.005659559508683941,0.0205787185891486,0.060226331216861384,0.028157799717646922,0.0,0.07178542857552282,0.25756977534065534,0.7564263464074409,0.35166046521199623,0.0,4.559575864701293e-05,0.00017397728427398832,0.0005396057834087614,0.00021638412220909345,0.0,0.0019428503870779308,0.005770924645715885,0.009744335956872484,0.0058183706665382645,0.0,0.0018968169447281652,0.005680864683692323,0.009338829699580886,0.005680075732665895,0.0,0.249999999992312,0.0,0.00015974157202023145,0.2443404404836282,0.005770924645715885,0.015009170371699193,0.007336144113021086,0.005018333994436495,6.115879812493132e-08,1.0,0.004021498356733572,0.004465334164007105,0.0002900122143802594,0.7000000000000001,0.6833333333333333,0.011111111111111118,0.5408884289449379,0.5294041685547104,0.0066721364629814895,1,1,1,1
03_rough_h0p008_spacing0p45_p2l_v2:0001,03_rough_h0p008_spacing0p45_p2l_v2,21.012999999999998,21.412999999999997,0.0010268285958505985,0.02073211399020694,0.03221331609101705,0.023521493409813098,0.0,0.01750877906622526,0.2668962284354372,0.4433119242408852,0.3032360648297677,0.0,2.1789916689081323e-05,0.00015883043176171278,0.0004509045864983974,0.0001941127475041903,0.0,0.0014411576302948024,0.005757468034805521,0.008276379827618943,0.0060553888147646204,0.0,0.0014330849129192541,0.00575166515221127,0.008276198565660175,0.006042205642290163,0.0,0.24999999999231193,0.0,0.0001409714037211041,0.24897317139646133,0.005757468034805521,0.013778746292934949,0.0048439359519032,0.0036314293709063103,6.175512733222219e-08,1.0,0.0038881568428705948,0.004340378077113436,0.00032180541977700687,0.6925925925925926,0.6833333333333333,0.005237828008789222,0.5290724368338144,0.5188983550272458,0.01045631781396927,1,1,1,1
03_rough_h0p008_spacing0p45_p2l_v2:0002,03_rough_h0p008_spacing0p45_p2l_v2,21.212999999999997,21.612999999999996,0.004523101289048047,0.04170278550573461,0.08667352122735983,0.04789872019543729,0.16666666666666666,0.045487067019617106,0.5596650958906921,1.2144480306428656,0.6530479592682963,0.0,9.988486923937165e-06,0.0001451725740969883,0.0003201472646657292,0.00017232755314142647,0.0,0.0030008719524165527,0.009696330637298986,0.01862166761702901,0.01058901359075249,0.0,0.0030211470014365285,0.009791404734405202,0.018707175697922452,0.01066433679172873,0.0,0.24999999999231193,0.0,0.00012763095813206807,0.24547689870326386,0.009696330637298986,0.014849847850842222,0.005351693397819554,0.0034400496129194068,7.926712116521253e-08,1.0,0.003746754224615599,0.004340378077113436,0.0003124486398396165,0.6796296296296296,0.6333333333333333,0.021436735005167087,0.5079268697359992,0.48645026450420364,0.013260763005576994,1,1,1,1
03_rough_h0p008_spacing0p45_p2l_v2:0003,03_rough_h0p008_spacing0p45_p2l_v2,21.412999999999997,21.812999999999995,-0.003384654801610774,0.03537566292738232,0.08667352122735983,0.04522746586999494,0.16666666666666666,-0.05752204193116092,0.4748165335064245,1.2144480306428656,0.615792524528293,0.0,2.1710017570100472e-05,0.00015482968970796825,0.0003201472646657292,0.0001758065379853463,0.0,0.00012094610344005301,0.007239079906165967,0.01862166761702901,0.009969402491888591,0.0,5.057678602133708e-05,0.007361460518455897,0.018707175697922452,0.010040665805252225,0.0,0.24999999999231193,0.0,0.00014322456234950546,0.2533846547939227,0.007239079906165967,0.015131164289397038,0.0070061363650253,0.003975931517073182,9.828726901342833e-08,1.0,0.0037907651958494003,0.004045012991586585,0.00021830799943729055,0.6851851851851852,0.6333333333333333,0.025391313334818685,0.5027179645379606,0.48645026450420364,0.009764809163588458,1,1,1,1
03_rough_h0p008_spacing0p45_p2l_v2:0004,03_rough_h0p008_spacing0p45_p2l_v2,21.612999999999996,22.012999999999995,-0.0017839488728066584,0.02036156134502498,0.03682909869387546,0.022540344187585593,0.0,-0.028730977185857477,0.2645845724966147,0.4973789533775258,0.2941888877662029,0.0,2.141811914498307e-05,0.00012415840547393527,0.0002504350448331278,0.0001475186948544897,0.0,-0.0015833306899026313,0.003983359083716268,0.013967335529707968,0.0060183379750624435,0.0,-0.0016652637137382718,0.004114662125888191,0.014114302019498159,0.00609285036714894,0.0,0.2499999999923122,0.0,0.0001457258555451517,0.25178394886511857,0.003983359083716268,0.015073925411611198,0.007052586583724568,0.003987120690169186,1.0012150595098587e-07,1.0,0.0038942741991919287,0.004092908444008869,0.00015864042752850434,0.6972222222222223,0.6833333333333333,0.00892930626017866,0.5010833830118843,0.4808101137055109,0.011500616812824705,1,1,1,1
03_rough_h0p008_spacing0p45_p2l_v2:0005,03_rough_h0p008_spacing0p45_p2l_v2,21.812999999999995,22.212999999999994,0.005199202479421641,0.028662835652096205,0.045131856290629935,0.030564511419776588,0.0,0.059617841788073146,0.3733534126095754,0.5730841784389844,0.3987357474877103,0.0,3.0300700883637086e-05,0.00014195314399555146,0.0003026926815061292,0.00017256346853569706,0.0,0.0003654406594354861,0.006084589483417967,0.013967335529707968,0.007316927819000761,0.0,0.000324566762903423,0.006132953955272492,0.014114302019498159,0.007360820023226683,0.0,0.2499999999923122,0.0,0.0001549110367152058,0.2448007975128903,0.006084589483417967,0.015055453552496378,0.006342152841616524,0.00391183079724462,8.576372100659774e-08,1.0,0.0038285038048271078,0.004092908444008869,0.00017398090811432428,0.6935185185185185,0.6833333333333333,0.00674084249007453,0.4949409072926822,0.4808101137055109,0.008499210616626063,1,1,1,1
03_rough_h0p008_spacing0p45_p2l_v2:0006,03_rough_h0p008_spacing0p45_p2l_v2,22.012999999999995,22.412999999999993,-0.011595246412400456,0.03549269653093278,0.07729242289399291,0.04001703235674,0.0,-0.15466684491050398,0.4609209172300166,1.011266927258201,0.5192487693148669,0.0,5.972201217412169e-05,0.00017057406429569322,0.00031573486491486973,0.00018721060201267476,0.0,-0.0005966350307460809,0.008109445665499917,0.01647415409848156,0.009195785571994543,0.0,-0.0006641905454702262,0.00816761742636246,0.016546706356865976,0.009237820751063545,0.0,0.24999999999231165,0.0,0.0001557578330273671,0.2615952464047124,0.008109445665499917,0.015007596043350226,0.006406251044914216,0.005062856794620795,6.455856311826104e-08,1.0,0.0038667462487501376,0.004015877913112371,0.00012682128079920385,0.6870370370370371,0.6444444444444445,0.019422386077225,0.49744313041376303,0.4905609398401732,0.006438864180149995,1,1,1,1
03_rough_h0p008_spacing0p45_p2l_v2:0007,03_rough_h0p008_spacing0p45_p2l_v2,22.212999999999994,22.612999999999992,-0.006567959698252144,0.038228919998067296,0.0781869338071893,0.04770592272236357,0.0,-0.08665093922999685,0.491673297799434,1.011266927258201,0.616106971333408,0.0,-2.1305387104517962e-05,0.00016293583889750798,0.00031573486491486973,0.00018607482016036686,0.0,-0.0011366484351168383,0.008477951206357677,0.01647415409848156,0.009749883174087294,0.0,-0.0011414439295958595,0.008522137037197902,0.016546706356865976,0.009807670425755845,0.0,0.24999999999231165,0.0,0.00015624884614483955,0.25656795969056406,0.008477951206357677,0.014360309121957352,0.0062577191334459315,0.004797668705219943,9.909763159497314e-08,1.0,0.004006376601176498,0.004185245821029651,0.0001298129291868623,0.6824074074074075,0.6444444444444445,0.0173965687296814,0.4994092068872987,0.49103511637810077,0.0054462950462168275,1,1,1,1
03_rough_h0p008_spacing0p45_p2l_v2:0008,03_rough_h0p008_spacing0p45_p2l_v2,22.412999999999993,22.81299999999999,0.017097972244594247,0.026939916129524986,0.0781869338071893,0.03391068483807503,0.0,0.22339445710880557,0.34699795917328063,1.0028889192940043,0.4346357810685092,0.0,-2.3898142133571972e-05,0.0001663168166074383,0.00032554070846770933,0.00019220975785004164,0.0,0.003667766483981946,0.005965539724586414,0.013477689588239363,0.006791478325676715,0.0,0.0037197407496881688,0.00593744618189352,0.013316170252277723,0.006724884992861698,0.0,0.24999999999231245,0.0,0.00017455812054902796,0.2329020277477177,0.005965539724586414,0.014007872535529322,0.006123918303054039,0.005043257083942255,1.0169422544967786e-07,1.0,0.0038824631536674204,0.004185245821029651,0.000237670450566562,0.6805555555555557,0.6666666666666666,0.007691318391590815,0.49736077145775015,0.48634649680123276,0.007748273343699158,1,1,1,1
03_rough_h0p008_spacing0p45_p2l_v2:0009,03_rough_h0p008_spacing0p45_p2l_v2,22.612999999999992,23.01299999999999,0.01475042941542822,0.02259625437198361,0.05470848648639548,0.02575352565145034,0.0,0.1820049563743341,0.28593837260885596,0.6582880424367883,0.3241827748838384,0.0,1.4998777127667216e-05,0.00014032549903310066,0.00032554070846770933,0.00017067850893063625,0.0,0.002071860017643424,0.006808028786508487,0.013477689588239363,0.007661665680859706,0.0,0.002105549083037385,0.006786307476530591,0.013316170252277723,0.007605524133280907,0.0,0.24999999999231245,0.0,0.00015968539768323363,0.2352495705768837,0.006808028786508487,0.014698620737274548,0.006389866796280118,0.005043257083942255,8.020049995288734e-08,1.0,0.003957388213678057,0.004593401626997782,0.00038829845761262035,0.6722222222222222,0.6666666666666666,0.005555555555555591,0.49699962244634494,0.48634649680123276,0.007056278857868368,1,1,1,1
03_rough_h0p008_spacing0p45_p2l_v2:0010,03_rough_h0p008_spacing0p45_p2l_v2,22.81299999999999,23.21299999999999,0.00996183461853565,0.0180294332082994,0.05470848648639548,0.02331649377612052,0.0,0.11667686249243053,0.22325871041462633,0.6582880424367883,0.2866668824436816,0.0,2.8430883698899298e-05,0.00012527961378146178,0.0003351289092342816,0.00016204630404753742,0.0,0.0008396505097255681,0.005249935297294505,0.009630815114340607,0.005875592579039977,0.0,0.000840892029086881,0.005239337837872161,0.009605374989886596,0.0058452184534666714,0.0,0.24999999999231193,0.0,0.00014199322516643924,0.24003816537377629,0.005249935297294505,0.014754923506371325,0.006601264831437911,0.003942771095381436,8.468093367652659e-08,1.0,0.0040365844038671985,0.004593401626997782,0.000368341914235506,0.6685185185185185,0.6611111111111111,0.005237828008789268,0.4998634810519631,0.48796435592663534,0.0062425992208589845,1,1,1,1
03_rough_h0p008_spacing0p45_p2l_v2:0011,03_rough_h0p008_spacing0p45_p2l_v2,23.01299999999999,23.41299999999999,0.016783015870609472,0.017950529694379627,0.04516425248629835,0.01656911776867491,0.0,0.21199180333603143,0.22756467583694306,0.5495006068995603,0.20488098854550604,0.0,3.9227889201648656e-05,0.00010931101960484686,0.0003351289092342816,0.00014656257751140885,0.0,0.004874281736020291,0.005377412945152795,0.015784226904247366,0.005438296974005158,0.0,0.004822809619280664,0.005330027043432388,0.01572068778866429,0.005398264379573148,0.0,0.24999999999231193,0.0,0.00013385134874293453,0.23321698412170244,0.005377412945152795,0.014341436868610738,0.006276115040022648,0.004467083454629329,7.67952609140964e-08,1.0,0.0038369316639561817,0.004305423737383801,0.00029881228539093346,0.6675925925925926,0.6611111111111111,0.0038176903940904576,0.5102668577520931,0.48796435592663534,0.01689602077664276,1,1,1,1
03_rough_h0p008_spacing0p45_p2l_v2:0012,03_rough_h0p008_spacing0p45_p2l_v2,23.21299999999999,23.61299999999999,0.0072259705933354484,0.023265347524413713,0.04516425248629835,0.028047069863484396,0.0,0.09325412079880556,0.298092838787064,0.5670820178757452,0.353884691506385,0.0,6.74873419108873e-05,0.00010660255804872646,0.0002675169152445425,0.00011669257087361241,0.0,0.0023829069831830065,0.006387645469938408,0.015784226904247366,0.007924477054325472,0.0,0.002297397459992661,0.006324019916093721,0.01572068778866429,0.007903198308659884,0.0,0.24999999999231193,0.0,0.00013107718589279682,0.2427740293989765,0.006387645469938408,0.014331256612308305,0.006651117636909539,0.005085911967871996,7.851412640536751e-08,1.0,0.0037049374755769794,0.004305423737383801,0.00045579636245446505,0.6675925925925926,0.6611111111111111,0.0038176903940904576,0.5210668644244176,0.49875618037921987,0.011426320974412338,1,1,1,1
03_rough_h0p008_spacing0p45_p2l_v2:0013,03_rough_h0p008_spacing0p45_p2l_v2,23.41299999999999,23.812999999999988,-0.0052949894594899,0.022153155059243552,0.044472537031750914,0.026405209566272243,0.0,-0.060752542723789715,0.28573567349514256,0.5670820178757452,0.34193955532187165,0.0,4.7267600648380066e-05,0.0001165429706523459,0.0002675169152445425,0.00012826137191365461,0.0,-0.001359740459552429,0.005666147814020257,0.01050482183286869,0.006490070852960923,0.0,-0.0013415169907546511,0.005635304747252784,0.010558215095848004,0.006490786907381554,0.0,0.24999999999231193,0.0,0.00011959495721502464,0.25529498945180185,0.005666147814020257,0.014244589459122948,0.005905509424413184,0.0038905220214264943,7.239444268624579e-08,1.0,0.003799877829054587,0.004185628892035941,0.0004482866150797408,0.6666666666666666,0.6611111111111111,0.004536092116265174,0.5119701562027478,0.4950542756399422,0.010162081272015554,1,1,1,1
03_rough_h0p008_spacing0p45_p2l_v2:0014,03_rough_h0p008_spacing0p45_p2l_v2,23.61299999999999,24.012999999999987,0.00875348629475336,0.02016225388240855,0.040910904781881724,0.020916766408335754,0.0,0.12154819232401722,0.263197690554691,0.5382855633918775,0.27049945196402525,0.0,-2.5184382463799687e-05,0.00012100322305292461,0.0003137654023539879,0.0001393234966860331,0.0,4.9803174025784266e-05,0.004639236489544133,0.008724706440838899,0.005474786977272679,0.0,0.00015752558621492564,0.004656822693323922,0.00884030651838388,0.0054987728626554305,0.0,0.24999999999231193,0.0,0.00010224336391379488,0.24124651369755856,0.004639236489544133,0.014200771793087555,0.005188743951393892,0.003457111267135068,7.25085295912549e-08,1.0,0.0037735195760141686,0.004185628892035941,0.000407279855634917,0.662037037037037,0.6555555555555556,0.005928818738363759,0.5000552201889632,0.48454627046078425,0.009364301083536478,1,1,1,1
03_rough_h0p008_spacing0p45_p2l_v2:0015,03_rough_h0p008_spacing0p45_p2l_v2,23.812999999999988,24.212999999999987,0.023679027736175823,0.02376133960599482,0.05867203698709958,0.01968820501275023,0.0,0.30664441723133473,0.3076390793847321,0.73283217441196,0.24612323346368564,0.0,-2.119548146659555e-05,0.0001749248643680222,0.0003380730425744716,0.000198519330193603,0.0,0.004406058005536505,0.006138992334256996,0.01714110097478613,0.007076556050547717,0.0,0.0044031921424852035,0.006163870073193401,0.017117005906300112,0.0070675673932988434,0.0,0.24999999999231193,0.0,0.0001369941157960906,0.2263209722561361,0.006138992334256996,0.013341052388388421,0.006118640005846788,0.004393980488802509,1.0514756218666587e-07,1.0,0.00380605489030315,0.004352077044030283,0.0004365661625612814,0.6592592592592592,0.65,0.006928995160692494,0.4968213454920341,0.48454627046078425,0.007663425792525123,1,1,1,1
03_rough_h0p008_spacing0p45_p2l_v2:0016,03_rough_h0p008_spacing0p45_p2l_v2,24.012999999999987,24.412999999999986,0.02281702256129042,0.03042856497776245,0.05867203698709958,0.027742637022177878,0.0,0.2930339076275454,0.3902855010779558,0.73283217441196,0.35412011974601426,0.0,-1.550819497066677e-05,0.00017675143673269447,0.0003380730425744716,0.00020200677425776575,0.0,0.006594689952245043,0.00819676029622092,0.01714110097478613,0.006978736711415143,0.0,0.0065243366112609875,0.008182419386713541,0.017117005906300112,0.00699436545623291,0.0,0.24999999999231193,0.0,0.0001480867715189166,0.22718297743102153,0.00819676029622092,0.012750260668701881,0.006658423106261409,0.004652164066527992,1.0071060156851129e-07,1.0,0.00401083259525659,0.004352077044030283,0.00018872824037347943,0.6564814814814814,0.6444444444444445,0.009305440389926749,0.5077388654970472,0.49426114408289235,0.013902546240465935,1,1,1,1
03_rough_h0p008_spacing0p45_p2l_v2:0017,03_rough_h0p008_spacing0p45_p2l_v2,24.212999999999987,24.612999999999985,0.006021892831044841,0.02744871517935527,0.045018889007511304,0.0306976306656073,0.0,0.07701772561164183,0.3622735598092543,0.5909232428886615,0.4074943135381918,0.0,-3.86411906630175e-05,0.00013904380226369609,0.00033273600596759494,0.00015806314193440418,0.0,0.0030114785460721837,0.0072787577568696185,0.009998972627920459,0.0072974237849893556,0.0,0.003060160372667937,0.007291866380779181,0.009877262286947968,0.007285220524476401,0.0,0.24999999999231193,0.0,0.0001339346641538034,0.2439781071612671,0.0072787577568696185,0.013234116202254762,0.007045428227346783,0.0049361530349687315,8.44628017205031e-08,1.0,0.003776848455287967,0.003997913011397555,0.00016262623369290904,0.6518518518518518,0.6444444444444445,0.005237828008789222,0.5213064139979845,0.5032957379845374,0.008710927098905513,1,1,1,1
03_rough_h0p008_spacing0p45_p2l_v2:0018,03_rough_h0p008_spacing0p45_p2l_v2,24.412999999999986,24.812999999999985,-0.009528386558016208,0.021915002454999426,0.04169277540497218,0.024456794585197502,0.0,-0.13405207800842536,0.29899008959180473,0.5669967087017983,0.3313440094524266,0.0,-4.9155079818775625e-05,0.00014296350101171252,0.00029701144117038513,0.0001562674880194231,0.0,-0.0002708168584088097,0.005443896359863059,0.009998972627920459,0.006543307665111737,0.0,-0.00020286044169280388,0.005441756000352725,0.009877262286947968,0.006548598621184396,0.0,0.24999999999231193,0.0,0.00014145860946281316,0.2595283865503281,0.005443896359863059,0.0130134175520338,0.006815256389670487,0.004504650652378282,8.73928633358086e-08,1.0,0.0035672822788679515,0.003768212914617148,0.0001554304697397973,0.6564814814814814,0.65,0.007465053470646779,0.5271978016364901,0.5149228695901042,0.008752314775199522,1,1,1,1
03_rough_h0p008_spacing0p45_p2l_v2:0019,03_rough_h0p008_spacing0p45_p2l_v2,24.612999999999985,25.012999999999984,0.004307051332873656,0.021852848544231893,0.0298168521969171,0.022753541326819546,0.0,0.050507876618935056,0.2945511413185657,0.3980333654511575,0.3078412924623029,0.0,-1.0882733793679904e-05,0.00017185392049277008,0.0004624669791142065,0.00020348188798381477,0.0,0.0014909071909134195,0.003872629533211802,0.008882024614721222,0.004683016444705837,0.0,0.0015229470635927656,0.0038751427433223046,0.009064207866866876,0.004712266275684227,0.0,0.24999999999231193,0.0,0.00015325486612286383,0.24569294865943828,0.003872629533211802,0.012969295042584572,0.007500329272625896,0.0034534911950167254,8.878507272628945e-08,1.0,0.003629657960566714,0.0039549749508684074,0.000210804067178592,0.6657407407407407,0.65,0.008735167714867235,0.5369369992347751,0.5149228695901042,0.010254073589821082,1,1,1,1
03_rough_h0p008_spacing0p45_p2l_v2:0020,03_rough_h0p008_spacing0p45_p2l_v2,24.812999999999985,25.212999999999983,0.0069492695254655444,0.03208203784395853,0.07539830495547895,0.03717056754738586,0.0,0.09295091414473312,0.41801768592287813,0.9752003153344352,0.4821229568673432,0.0,3.394698352601236e-05,0.00015815572764708998,0.0004624669791142065,0.00019034777202223276,0.0,0.0008628792339883057,0.005586989713221428,0.008882024614721222,0.0061029474375618765,0.0,0.0008744331691823322,0.005607790438099784,0.009064207866866876,0.006146364752369738,0.0,0.24999999999231193,0.0,0.0001443457094865811,0.24305073046684636,0.005586989713221428,0.01302181824853633,0.0075820520427049036,0.003957615233539111,8.207671849489209e-08,1.0,0.0038171115797118924,0.004037776073643097,0.00015168048287217008,0.6675925925925926,0.6611111111111111,0.006740842490074584,0.5499452728859958,0.541068006864103,0.009857020742609792,1,1,1,1
03_rough_h0p008_spacing0p45_p2l_v2:0021,03_rough_h0p008_spacing0p45_p2l_v2,25.012999999999984,25.412999999999982,-0.0033671037165379663,0.04365619455395229,0.07539830495547895,0.04762742418350841,0.0,-0.05567364860959843,0.5630352262056029,0.9752003153344352,0.6137020735576498,0.0,2.73045486573729e-05,0.00014812633081551365,0.00034832987810848033,0.00017826995056654908,0.0,0.00036702917157734917,0.009082995348748898,0.016265796725549612,0.009654953030130005,0.0,0.0004575202558273937,0.009158217905538875,0.016584251573937617,0.00976602320593407,0.0,0.24999999999231193,0.0,0.00016032620138630178,0.2533671037088499,0.009082995348748898,0.014363487874126408,0.007092341426859493,0.004345936908986741,9.474546061210624e-08,1.0,0.003904682688120841,0.004176277911948964,0.00020303054912807153,0.6611111111111112,0.65,0.009848947338087992,0.5496051993215626,0.529538696796896,0.011512654484020356,1,1,1,1
03_rough_h0p008_spacing0p45_p2l_v2:0022,03_rough_h0p008_spacing0p45_p2l_v2,25.212999999999983,25.612999999999982,0.017080402983876173,0.042561328409943866,0.06508047018012625,0.042371088774305184,0.0,0.2074861560977503,0.5475663693888272,0.831011513125101,0.5498783991352102,0.0,-2.87765575733546e-05,0.00016886457945978288,0.0003839351318225482,0.0001991725657321948,0.0,0.0017426483803212722,0.007386395691198519,0.016265796725549612,0.00866277928534276,0.0,0.0018130298064709626,0.007512874533786832,0.016584251573937617,0.008793100585750014,0.0,0.2534999999895615,0.0,0.00017453505498653217,0.24484816843155113,0.007386395691198519,1.1899402936707228,1.1568811742945841,0.005843769591288217,9.462574573302724e-08,1.0,0.0039308496264353005,0.004176277911948964,0.00018686516254936487,0.6563492063492063,0.65,0.009118353407203225,0.5441288684776403,0.529538696796896,0.00740931579576206,1,1,1,1
03_rough_h0p008_spacing0p45_p2l_v2:0023,03_rough_h0p008_spacing0p45_p2l_v2,25.412999999999982,25.81299999999998,0.031610230083010435,0.03205662654446971,0.06508047018012625,0.02153988563238449,0.0,0.3944342626939796,0.39967844196858193,0.831011513125101,0.26859338583320597,0.0,-3.720484606147836e-05,0.00017474662997743603,0.00046511402229207826,0.00021559136353882245,0.0,0.002557861819563431,0.004466749087189408,0.01620812575040199,0.006559745087602587,0.0,0.002565379753098841,0.004630202434138812,0.016666337451732634,0.0067669201393992144,0.0,0.3034999999877752,0.0,0.00017625283812007565,0.2823064365685981,0.004466749087189408,1.189929135965332,1.1570447781447943,0.004856885098498899,6.548312233463873e-08,1.0,0.004183707588701933,0.004546725299748763,0.0002738246528356882,0.6509259259259259,0.6388888888888888,0.007465053470646809,0.5478403320211892,0.5408818708231081,0.006567580200925454,1,1,1,1
03_rough_h0p008_spacing0p45_p2l_v2:0024,03_rough_h0p008_spacing0p45_p2l_v2,25.612999999999982,26.01299999999998,0.00955693059032578,0.023435725247014417,0.04730633816185226,0.028248647985632543,0.0,0.10934543252831035,0.29299766691991197,0.55738020524541,0.3543148989617099,0.0,-4.218878607098311e-05,0.00017104592437032135,0.00046511402229207826,0.00021600939891480123,0.0,0.002909108453369202,0.007323148591887714,0.01620812575040199,0.008947068044715682,0.0,0.0029448842810056533,0.007435779740481467,0.016666337451732634,0.009064520776740524,0.0,0.3499999999895209,0.0,0.000199193125428399,0.3404430693999767,0.007323148591887714,0.015038636875396702,0.006486207012283883,0.004330231516476294,6.341755701047217e-08,1.0,0.0042027974796256095,0.004546725299748763,0.0003614278860936209,0.6305555555555554,0.5666666666666667,0.029874566305373478,0.5581254487534103,0.5452552197628592,0.010277363658701232,1,1,1,1
03_rough_h0p008_spacing0p45_p2l_v2:0025,03_rough_h0p008_spacing0p45_p2l_v2,25.81299999999998,26.21299999999998,-0.008156851273596935,0.025126172088319604,0.048908599324876734,0.029285696073162816,0.0,-0.11592197425398017,0.3271313881738409,0.65215507798108,0.3795481468600769,0.0,-3.620669828087583e-05,0.00015372789330790176,0.0004018002869980674,0.0001836571945372398,0.0,0.0014040197444994487,0.006511172806821641,0.011727377985424711,0.00770456048324059,0.0,0.0013734182303317066,0.0064860241327071855,0.01161705752895158,0.007663874069348644,0.0,0.3499999999903025,0.0,0.00016890249556099948,0.35815685126389946,0.006511172806821641,0.016010624208997598,0.006850404458861696,0.004330231516476294,7.832640886656651e-08,1.0,0.003938177409077115,0.004494370161648161,0.0003353625928348041,0.6101851851851852,0.5666666666666667,0.03049938720740854,0.5602745094975089,0.5485302522829196,0.009340766020255666,1,1,1,1
03_rough_h0p008_spacing0p45_p2l_v2:0026,03_rough_h0p008_spacing0p45_p2l_v2,26.01299999999998,26.41299999999998,0.011273721583424675,0.03213518218531488,0.08138365991294888,0.040545913911264775,0.16666666666666666,0.13811204109391614,0.41644287972723104,1.0584953189994812,0.5285723252332493,0.0,-3.053118115266749e-05,0.00015136538392673221,0.000551705436466156,0.0001958950944952885,0.0,0.00035226680342196156,0.005895445533453731,0.010276557139237287,0.0070943269615949605,0.0,0.0003113441765163185,0.005854554177232841,0.010281954367391112,0.007041387585354367,0.0,0.34999999998867326,5.978123978750843e-14,0.00015065309480113807,0.33872627840715247,0.005895445533434753,0.3514653608550104,0.3090816543714462,0.006296643898890594,0.013569757595097954,1.0,0.003823578969669447,0.0043176321169944715,0.00023655555838109977,0.6361111111111111,0.5777777777777777,0.039512200543244225,0.5534081559661977,0.5405193935159448,0.007900879537811866,1,1,1,1
03_rough_h0p008_spacing0p45_p2l_v2:0027,03_rough_h0p008_spacing0p45_p2l_v2,26.21299999999998,26.61299999999998,0.018670614631996818,0.031158728518495382,0.08138365991294888,0.03805009595573906,0.16666666666666666,0.2405169000383731,0.39003349264226633,1.0584953189994812,0.47813491487771753,0.0,-3.395552749662573e-05,0.00014149055135731717,0.000551705436466156,0.00018446424968617168,0.0,0.0019958435245493902,0.006076877198374606,0.010276557139237287,0.006675951614923528,0.0,0.0019722746272854068,0.006061313696851531,0.010281954367391112,0.0066474941632380284,0.0,0.3499999999890474,2.3627823344586667e-13,0.00015484179754468764,0.33132938536096357,0.006076877198359423,1.0265397476724207,0.7400218204726784,0.10221241123208347,0.033680863582036105,1.0,0.0040017572840582135,0.004644433717014592,0.00037713524510907406,0.6574074074074074,0.6222222222222222,0.028448687955068927,0.5465630307359516,0.5150542044026092,0.015276372033957705,1,1,1,1
03_rough_h0p008_spacing0p45_p2l_v2:0028,03_rough_h0p008_spacing0p45_p2l_v2,26.41299999999998,26.812999999999978,-0.014011559906831145,0.04156024226990474,0.09762561533171099,0.04876466532665089,0.16666666666666666,-0.17017735868616257,0.5159460833217696,1.2305371665043132,0.6084379202239376,0.0,-3.166754784005069e-05,0.00018821573317205108,0.0004818871589942174,0.00022995375473644185,0.0,-5.4255363128448475e-05,0.007945270736680827,0.015394802103259962,0.008970299399958656,0.0,-2.822116947808912e-06,0.007906859664872238,0.01535907432845773,0.008922075665666869,0.0,0.3499999999928638,1.821904450666924e-13,0.0001700971952423648,0.3640115598995169,0.007945270736684622,0.9682355636425889,0.782303973966549,0.5039261981411775,0.020111214127167716,1.0,0.0041187938173557976,0.004644433717014592,0.000376652317028196,0.6324074074074074,0.5611111111111111,0.0448381481955676,0.535515405022495,0.5150542044026092,0.016331090759280034,1,1,1,1
03_rough_h0p008_spacing0p45_p2l_v2:0029,03_rough_h0p008_spacing0p45_p2l_v2,26.61299999999998,27.012999999999977,-0.018589473901503246,0.03128105563855258,0.09762561533171099,0.040124486636844016,0.16666666666666666,-0.22976794427287697,0.40079390613637683,1.2305371665043132,0.5097814095032367,0.0,-5.2538578135446896e-05,0.00021152576637484304,0.0004818871589942174,0.0002479107479422443,0.0,-0.0017622338810780343,0.006348734934943975,0.015394802103259962,0.008016715033166082,0.0,-0.0017158348306555791,0.0062741169802043055,0.01535907432845773,0.007977038771885424,0.0,0.34999999999248965,5.693451408334137e-15,0.0001857242872482699,0.3685894738918058,0.006348734934943975,0.08495621080415992,0.08089640012908349,0.0039788401958579,9.801992653809132e-08,1.0,0.003719276720497875,0.004327086705333919,0.00040195851621723525,0.6361111111111111,0.5611111111111111,0.04240093756242708,0.5313962980759673,0.521735879075785,0.006356549617468071,1,1,1,1
03_rough_h0p008_spacing0p45_p2l_v2:0030,03_rough_h0p008_spacing0p45_p2l_v2,26.812999999999978,27.212999999999976,0.0021901733299321915,0.02441248014460327,0.0493389030001668,0.029370544850201248,0.0,0.02353806313900293,0.3198847569073989,0.6482316722570225,0.38505295053003025,0.0,-5.8377351936727604e-05,0.00014722227790956775,0.0003906496679593581,0.00017758474611815066,0.0,0.0006885994150093635,0.0034841897944045117,0.007699953160561519,0.004232690049688763,0.0,0.0007092416318649038,0.003433802712526634,0.007760656840750437,0.00419710463948648,0.0,0.3499999999903025,0.0,0.00016516339540213775,0.34780982666037036,0.0034841897944045117,0.01598004082656117,0.00741187368948922,0.004299889819827501,8.292567177866511e-08,1.0,0.0036959976107512255,0.004313508463477193,0.00036652252176700713,0.6546296296296297,0.5888888888888889,0.032460274338811296,0.5427568125711836,0.5308015568484433,0.009843200490324205,1,1,1,1
03_rough_h0p008_spacing0p45_p2l_v2:0031,03_rough_h0p008_spacing0p45_p2l_v2,27.012999999999977,27.412999999999975,0.008625957026059774,0.03096094003276172,0.0493389030001668,0.03264119979617834,0.0,0.10292306269832735,0.39555588509671713,0.6482316722570225,0.4207880175094515,0.0,1.4946123048277073e-05,0.00015786662462735163,0.0003464043434826466,0.0001838212742467825,0.0,0.0014537380263463125,0.005446116096912816,0.00822397849089821,0.005630739835254022,0.0,0.0015015608504156859,0.005473073519732458,0.008278530161228908,0.005642711940934061,0.0,0.34999999998902076,1.9927079929169478e-14,0.00017059836919011286,0.34137404296614404,0.005446116096916612,1.0784012085530974,0.837348451883951,0.023731687126944234,0.027905998089650885,1.0,0.0039801538427907575,0.004454725241095218,0.00029214933122360975,0.6555555555555554,0.5888888888888889,0.035282516450477135,0.531982123582952,0.504216475505536,0.02035993429144386,1,1,1,1
03_rough_h0p008_spacing0p45_p2l_v2:0032,03_rough_h0p008_spacing0p45_p2l_v2,27.212999999999976,27.612999999999975,0.03155969196521555,0.0374483739718619,0.08702796519908607,0.031697322249363113,0.16666666666666666,0.4051563859843174,0.481711984297033,1.1445893099033762,0.4127115318338418,0.0,3.421856025214945e-05,0.00019889765496689557,0.0005924834334620848,0.00023533305677937876,0.0,0.0025548424769614962,0.005817112441299357,0.00822397849089821,0.005393096595543359,0.0,0.0025968749393756266,0.00587701827836429,0.008278530161228908,0.0054353636818938005,0.0,0.34999999998852277,3.416070845000482e-14,0.00019344491294454453,0.3184403080203951,0.005817112441293188,1.6599033794154552,1.3081344006786333,0.6604572086104088,0.0392971685126731,1.0,0.0038331937471636304,0.004454725241095218,0.0005357962556008146,0.6722222222222222,0.6388888888888888,0.02103299387333435,0.5143504978160517,0.504216475505536,0.0050714386912700145,1,1,1,1
03_rough_h0p008_spacing0p45_p2l_v2:0033,03_rough_h0p008_spacing0p45_p2l_v2,27.412999999999975,27.812999999999974,0.0324218509747682,0.055110158189228375,0.08854133952473556,0.05251980400537547,0.3333333333333333,0.37764164633266223,0.6871698574125747,1.1445893099033762,0.6647230622939808,0.0,0.0024261846301068075,0.019984599703401818,0.2045819632792458,0.04833476375158753,0.05,0.015578820840859464,0.029378128669827988,0.12275459298649566,0.049383396667895936,0.16666666666666666,0.023224136130442597,0.025546535568477538,0.11461167016287199,0.04161001872748498,0.16666666666666666,0.2849999999903302,0.10999999997735185,0.11068067851248473,0.2525781490050562,0.09845993098840461,1.6339081780034386,1.411537370957843,0.3978310185811068,0.02116945745639016,1.0,0.004009861932157489,0.005289605455787703,0.0007726306813480056,0.6518518518518518,0.6111111111111112,0.03434673516850259,0.5186667197848176,0.5105040697595077,0.007276743020098393,1,1,1,1
03_rough_h0p008_spacing0p45_p2l_v2:0034,03_rough_h0p008_spacing0p45_p2l_v2,27.612999999999975,28.012999999999973,0.002371002225398553,0.03830942718890192,0.08854133952473556,0.04860685086804153,0.16666666666666666,-0.007169175154080568,0.4537164001001575,0.9373098206390578,0.5737257324360296,0.0,-0.00364784012795069,0.02751218820088276,0.2045819632792458,0.04981901458254253,0.05,0.008408142551735812,0.032510055110429405,0.12275459298649566,0.05178002861954204,0.16666666666666666,0.021225995359107002,0.02571503995192727,0.11461167016287199,0.0428052965466289,0.16666666666666666,0.21999999999344766,0.2199999999712204,0.22627778500194795,0.21762899776416333,0.21159185742327455,1.6840799168114016,1.32708094137271,0.04227360451720055,0.021793866988751555,1.0,0.004517804650158869,0.005289605455787703,0.0005324209543078729,0.6231481481481481,0.6,0.01552134686503723,0.5325666128985815,0.5105040697595077,0.016318742758325278,1,1,1,1
03_rough_h0p008_spacing0p45_p2l_v2:0035,03_rough_h0p008_spacing0p45_p2l_v2,27.812999999999974,28.212999999999973,-0.023764930838083564,0.029179801222046404,0.07468259515645875,0.030294094379766462,0.0,-0.293758749567149,0.3579573397482241,0.8983103769558266,0.3710365473514602,0.0,-0.003158273023945761,0.011351834687848826,0.02740217187743671,0.013430387108916912,0.0,-0.006120973769887614,0.014706704579713759,0.0257131021887676,0.01614889802336565,0.0,-0.002636918501630734,0.00913996099056146,0.021417897161334104,0.011281881339330209,0.0,0.2199999999976332,0.21999999995754477,0.2228420679761031,0.24376493083632444,0.22612097372735265,1.476357686330817,1.2310777082986162,0.08680319534970848,0.018827206038964144,1.0,0.004262073112165829,0.004742831961505477,0.00047912093103341424,0.6101851851851852,0.5777777777777777,0.02554280411876616,0.5380994348218108,0.5276844964548465,0.011699242661467362,1,1,1,1
03_rough_h0p008_spacing0p45_p2l_v2:0036,03_rough_h0p008_spacing0p45_p2l_v2,28.012999999999973,28.412999999999972,-0.027739938678441725,0.0306801875184381,0.07468259515645875,0.027376390964001303,0.0,-0.33926505804681617,0.37507927296885063,0.8983103769558266,0.33672454340992924,0.0,0.012076105808380259,0.012872290024764912,0.0188687475142138,0.0076742332927375164,0.0,0.006268646680135349,0.016016637139582433,0.0257131021887676,0.017880793673588278,0.0,-0.004614632920552975,0.011058208658483393,0.021717879122740952,0.013014107081719965,0.0,0.21999999999713027,0.21999999992918565,0.208014085019189,0.24773993867508126,0.2137313532523677,0.6495608902937483,0.5882004460996423,0.09168154365093316,0.006811664858903291,1.0,0.004229439873803218,0.005003845295883638,0.0004925949172797749,0.5805555555555556,0.5444444444444444,0.022395160411940437,0.5370579653760651,0.5285022748875207,0.006957943239208089,1,1,1,1
03_rough_h0p008_spacing0p45_p2l_v2:0037,03_rough_h0p008_spacing0p45_p2l_v2,28.212999999999973,28.61299999999997,-0.018456095264507377,0.02458356417037456,0.047015134281693516,0.02077035832528415,0.0,-0.22046570111211525,0.2962541733250886,0.5742304401738367,0.25219947243508173,0.0,0.018312857367087862,0.018312857367087862,0.0188687475142138,0.0001942936059046665,0.0,0.013878616002761412,0.015055572399285963,0.02491400510376668,0.01004117095825127,0.0,-0.004479396221259799,0.008552241965748686,0.021717879122740952,0.010023355225573408,0.0,0.21999999999400943,0.21999999993457736,0.20172531125400867,0.23845609525795355,0.2061213839355357,0.04758971190869084,0.010679633902153944,0.006541483009429066,1.3831567654106482e-07,1.0,0.004344912359226892,0.005003845295883638,0.000341047535207899,0.561111111111111,0.5388888888888889,0.018975834751777037,0.5393521065755734,0.5308443134745887,0.006383264778108163,1,1,1,1
03_rough_h0p008_spacing0p45_p2l_v2:0038,03_rough_h0p008_spacing0p45_p2l_v2,28.412999999999972,28.81299999999997,0.00014855745073870386,0.02839934129166038,0.0611500998979026,0.034340725293880194,0.0,-0.0004336372240305401,0.35098795741120137,0.7579268144625866,0.4245893563074828,0.0,0.007072244168807064,0.016770066476505148,0.07176585327033849,0.020951031775736116,0.0,-0.018829345074438692,0.04122589195764326,0.18016571109624585,0.07238195305710014,0.16666666666666666,-0.02931187148115659,0.035374926307356155,0.1695960804730124,0.06332039929192934,0.16666666666666666,0.2199999999933855,0.21999999992465943,0.20093322938737074,0.21985144254252872,0.18293803838266273,0.6483478633314035,0.6201550335095007,0.008960090046973995,8.289778665872013e-08,1.0,0.0042135313332856495,0.004610638083336947,0.00020939861109726151,0.562962962962963,0.5388888888888889,0.026189140043946214,0.5353421227669602,0.5210185487346701,0.008924892909316681,1,0,1,1
03_rough_h0p008_spacing0p45_p2l_v2:0039,03_rough_h0p008_spacing0p45_p2l_v2,28.61299999999997,29.01299999999997,0.02126709050032102,0.02520372679215381,0.0611500998979026,0.022795357272316692,0.0,0.25334711343896515,0.3020344395116124,0.7579268144625866,0.27976050601054264,0.0,-0.0020428823392540014,0.0076962845935765216,0.07176585327033849,0.017802526352628502,0.0,-0.03374177516617051,0.040903686657219336,0.18016571109624585,0.06666615253604165,0.16666666666666666,-0.035078196606606146,0.03926544701060591,0.1695960804730124,0.061150814286487096,0.16666666666666666,0.2199999999928437,0.21999999992834876,0.21012360237744251,0.1987329094923854,0.18326024368687474,0.6484969979039166,0.6196233680541442,0.008866826072015378,6.439896008067409e-08,1.0,0.004448686020576949,0.005148027554101068,0.00036321648895608355,0.5518518518518518,0.5222222222222223,0.03104269373007447,0.5086205775001508,0.45916479549620254,0.029030063970377988,1,0,1,1
03_rough_h0p008_spacing0p45_p2l_v2:0040,03_rough_h0p008_spacing0p45_p2l_v2,28.81299999999997,29.21299999999997,0.00603286145052898,0.022441293011702088,0.04922529468351933,0.026501799790548,0.0,0.06131947822802725,0.27619241808869804,0.6446188195820123,0.3328529621366823,0.0,0.0021737057555429847,0.0022296568708389418,0.01917446731742395,0.0048507073562980675,0.0,-0.0024477685802251257,0.015069180843222943,0.027242562952221966,0.016816656489650837,0.0,-0.004201269829915029,0.013381330358796207,0.02284115498564873,0.014052446988946931,0.0,0.21999999998736808,0.2199999999542198,0.22221191478031824,0.21396713853874613,0.21755223137295276,0.8381740394734107,0.7330697854209152,0.01966197099928057,0.013576278714451944,1.0,0.004236867705652089,0.005148027554101068,0.0005000573757925644,0.5407407407407407,0.5222222222222223,0.017173367584251285,0.4640487457377289,0.4301825751092965,0.02423226817468056,1,1,1,1
03_rough_h0p008_spacing0p45_p2l_v2:0041,03_rough_h0p008_spacing0p45_p2l_v2,29.01299999999997,29.41299999999997,0.012034867982321604,0.028443299543494713,0.05188609128502225,0.03206770593797576,0.0,0.15087172072922636,0.3657446605898971,0.6457945002547617,0.41523007054248334,0.0,0.0003823541071836009,0.004933872331897892,0.01917446731742395,0.007674993278951263,0.0,0.0017429546372764587,0.010878457625721358,0.027242562952221966,0.013575246636521675,0.0,0.0009569998208071214,0.00832893336930444,0.01731858242046172,0.009990157910917554,0.0,0.21999999999167463,0.21999999995261996,0.22032519185423652,0.20796513201098488,0.2217429545874112,1.2655771547740975,1.0155989955080875,0.07274840093589577,0.02377856386520657,1.0,0.0040033542889426526,0.00453013087912729,0.000347169493884394,0.5435185185185185,0.5055555555555555,0.021852636520751752,0.42676506681106813,0.39382752458981685,0.020929298892670856,1,1,1,1
03_rough_h0p008_spacing0p45_p2l_v2:0042,03_rough_h0p008_spacing0p45_p2l_v2,29.21299999999997,29.612999999999968,0.015249807910710142,0.020884286329761748,0.05188609128502225,0.023411170376135076,0.0,0.19471754204444405,0.2675963195115913,0.6457945002547617,0.30080249568796924,0.0,-0.0018283047954673697,0.002915518814359669,0.017671931043926448,0.005247686195601665,0.0,-0.0025198924002275045,0.009779468780659653,0.019500108985621156,0.012062936582831972,0.0,-0.0009606797046853669,0.009534169155931102,0.02329472653435463,0.01286327479047686,0.0,0.2199999999965574,0.21999999994175684,0.21780646893921246,0.20475019208259782,0.21748010753953753,6.15029962592789,5.997281312971275,0.2652929877567753,0.012096566039243141,1.0,0.0040773783712502185,0.00453013087912729,0.0002934645005382654,0.5472222222222222,0.5055555555555555,0.023295825232239137,0.3997478311362994,0.38200498079255363,0.014447612734853564,1,1,1,1
03_rough_h0p008_spacing0p45_p2l_v2:0043,03_rough_h0p008_spacing0p45_p2l_v2,29.41299999999997,29.812999999999967,-0.021328759143784792,0.028848733139300902,0.1217066631550185,0.04610658956693067,0.16666666666666666,-0.3000972886099412,0.39491137810110444,1.7211921366500103,0.6493308178336845,0.0,0.009264374224248088,0.009747357281114616,0.18938148675386177,0.04132300981139819,0.05,0.023255821432454152,0.032917759031614494,0.14515543192493646,0.05576993156164352,0.16666666666666666,0.024047613576791985,0.033619609243247466,0.14583874346558032,0.055960810098540766,0.16666666666666666,0.17599999999907134,0.17599999996621457,0.18233364749291708,0.20466209246658174,0.2065891547357457,6.337201718516248,6.1641003434452335,0.008147234160856665,0.002970324173590384,1.0,0.003972169241384556,0.004309468148305318,0.0003490523020910855,0.562962962962963,0.5388888888888889,0.022604732621729098,0.396646112168295,0.38200498079255363,0.01223907127277051,1,1,1,1
03_rough_h0p008_spacing0p45_p2l_v2:0044,03_rough_h0p008_spacing0p45_p2l_v2,29.612999999999968,30.012999999999966,-0.015012436728455267,0.030893996574156368,0.1217066631550185,0.04950078706447002,0.16666666666666666,-0.22002155124517317,0.41938687625093546,1.7211921366500103,0.6915482259759538,0.0,0.009020440190655617,0.009951448651997033,0.18938148675386177,0.04137914238370246,0.05,0.021807836299803842,0.028106616410888515,0.14515543192493646,0.05539162797475865,0.16666666666666666,0.022240503326911996,0.02836245707171127,0.14583874346558032,0.05551323816218816,0.16666666666666666,0.06600000001128037,0.06600000001245354,0.07302785800878993,0.09972729847204499,0.097868594963965,1.798645117453652,1.7277994714713494,0.009880648256108505,0.0010796568055141324,1.0,0.0040630477393191556,0.004665237668146657,0.00041749686371760384,0.612037037037037,0.5388888888888889,0.046967358714712595,0.3994370624142876,0.39116996350547323,0.00821544451772672,1,1,1,1
03_rough_h0p008_spacing0p45_p2l_v2:0045,03_rough_h0p008_spacing0p45_p2l_v2,29.812999999999967,30.212999999999965,-0.0017010803618525614,0.014727810763808144,0.03659489976052842,0.019737740764476215,0.0,-0.01895248097270691,0.18318417588873417,0.4435946422524378,0.24449989254473425,0.0,-0.000525512524848961,0.000525512524848961,0.0012430145454526038,0.0003173049488993741,0.0,-0.0009772564876626153,0.003954665738369545,0.00815280739144864,0.004760905527359668,0.0,-0.00048184546007058043,0.004126052631704018,0.0077475555791689955,0.0048982142668304324,0.0,1.6546763959013333e-11,3.2817053917637964e-11,0.0005253206453687401,0.014727810763788715,0.0039546657279059295,0.044387232185845095,0.012748251822449127,0.009600065734111773,4.9428511909683474e-06,1.0,0.004139252160966881,0.004665237668146657,0.00027569437822477116,0.6555555555555556,0.6555555555555556,0.0,0.3957153084341358,0.39116996350547323,0.0026736212268914377,1,1,1,1
03_rough_h0p008_spacing0p45_p2l_v2:0046,03_rough_h0p008_spacing0p45_p2l_v2,30.012999999999966,30.412999999999965,-0.0025043935144044775,0.02036705879972662,0.048652389883474915,0.02651698255079122,0.0,-0.032157896303226914,0.25482915871098594,0.604196068516867,0.32924824048104445,0.0,-0.00024885646936372355,0.00029207864179750466,0.0009320737699380449,0.000312798083899261,0.0,0.0010790206601472077,0.004317602153342326,0.008747040180581119,0.004961270926558851,0.0,0.0012483055103317598,0.00443356692783627,0.008954712878779249,0.005111970128790321,0.0,1.6546763959013333e-11,3.008419724163757e-11,0.00026725368282022247,0.020367058794200484,0.004317602153202836,0.04829110020514132,0.009996305254633082,0.005712758875542297,1.4538674963880324e-06,1.0,0.004062408392946267,0.004330743388809918,0.000217844645244613,0.6546296296296296,0.65,0.002070433312499798,0.3952455840353801,0.3910931025160553,0.002828775186775988,1,1,1,1
03_rough_h0p008_spacing0p45_p2l_v2:0047,03_rough_h0p008_spacing0p45_p2l_v2,30.212999999999965,30.612999999999964,0.036943034488497534,0.04474901511554547,0.145761727904597,0.05348523872009409,0.16666666666666666,0.4769268860143956,0.5790558224193775,1.9280346659501388,0.7069860214999175,0.0,0.0003834246474542687,0.0005527464791842636,0.005506988784363058,0.001323792078948939,0.0,0.0017041966001144111,0.003535318708646651,0.008747040180581119,0.003957870495211018,0.0,0.001639578381002333,0.003621587588500981,0.008954712878779249,0.004110254684723386,0.0,0.037500000003310996,2.4738046369211824e-11,0.0007013638580508979,0.020999015128818105,0.003535318720331511,1.4667714452716607,1.33519759871961,0.00790390842902318,0.0026517575355370446,1.0,0.004030635762491808,0.004310292934181138,0.00021212230405942613,0.6518518518518518,0.6444444444444445,0.004140866624999596,0.39581390714508397,0.3910931025160553,0.0034670970543654103,1,1,1,1
03_rough_h0p008_spacing0p45_p2l_v2:0048,03_rough_h0p008_spacing0p45_p2l_v2,30.412999999999965,30.812999999999963,0.08681322710724397,0.08681322710724397,0.2201437882382553,0.07334349935353746,0.3333333333333333,1.1433184097057476,1.1433184097057476,2.9208918230003347,0.9782860784186033,0.0,0.0013096966026871705,0.001719986574490119,0.008547076853113116,0.002435880120532818,0.0,0.005793263248493167,0.00659030075335568,0.011956979500544094,0.005155977027044369,0.0,0.0039923572605040395,0.00481448461588311,0.009883824298177142,0.004020605660004896,0.0,0.18749999998437739,2.2864900855869893e-11,0.0019475294188342825,0.10491135920312089,0.006590300771252096,1.9994045494308623,1.5504706464410718,0.6106537874778972,0.010512833371649804,1.0,0.0038714226526759005,0.004171301617192092,0.0001697157477001975,0.6425925925925926,0.6166666666666667,0.012283795519834809,0.3993671080797672,0.3877486915070985,0.008142120438862976,1,1,1,1
03_rough_h0p008_spacing0p45_p2l_v2:0049,03_rough_h0p008_spacing0p45_p2l_v2,30.612999999999964,31.012999999999963,0.042985964117330216,0.0680735281129257,0.2201437882382553,0.09093278712945443,0.16666666666666666,0.5822563348251865,0.8868574927709262,2.9208918230003347,1.1886935166660042,0.0,0.0027884701650711585,0.004527839153003378,0.046941546648965916,0.010585637412221155,0.0,0.005007896662583993,0.00781161441184934,0.011956979500544094,0.006719549618669251,0.0,0.004715179018678632,0.005372593934512347,0.009883824298177142,0.003847841288434441,0.0,0.29999999998884697,2.435658512485344e-11,0.003508371082688258,0.2570140358681961,0.007811614416901328,1.8904241189262316,1.5188936179302719,0.14712461377454417,0.02257899866863091,1.0,0.003922646834126847,0.004319598349789094,0.00020229408776198168,0.6287037037037037,0.6055555555555555,0.01413364585414238,0.3945769763598028,0.3783668448879405,0.011979141713062769,1,1,1,1
03_rough_h0p008_spacing0p45_p2l_v2:0050,03_rough_h0p008_spacing0p45_p2l_v2,30.812999999999963,31.212999999999962,-0.021197093857831046,0.02410471818315041,0.07526269198678648,0.027229716155587044,0.0,-0.2687505560654352,0.3058115831782035,0.913803473837219,0.33357915776789565,0.0,0.0020988509307844185,0.0034633941214124485,0.046941546648965916,0.010475628271882918,0.0,-0.0004276782871502553,0.004409520561652143,0.006767400574521261,0.004737860103510178,0.0,0.0009122583343486808,0.003726881203889563,0.006471623861121504,0.004114309348550743,0.0,0.2999999999951741,2.2585921736861525e-11,0.0023450522445999785,0.32119709385422346,0.004409520559277974,1.3139517949263195,1.2331030845254911,0.007701361849309543,0.014717862662155587,1.0,0.003913247308004047,0.004319598349789094,0.00024071616367249773,0.6194444444444445,0.6055555555555555,0.00948791737588851,0.39421109560935164,0.3783668448879405,0.00947225082540351,1,1,1,1
03_rough_h0p008_spacing0p45_p2l_v2:0051,03_rough_h0p008_spacing0p45_p2l_v2,31.012999999999963,31.41299999999996,-0.0029148661572430032,0.020309870505540218,0.02972598907894719,0.02163085372499281,0.0,-0.04259432761758363,0.267332705275667,0.40276503376945744,0.2845310091923261,0.0,0.0003570683576251797,0.00037575353941444187,0.0008179303036655331,0.00021913387618702237,0.0,0.0029866210787148884,0.005020102178251942,0.008639874650300569,0.004573928484052276,0.0,0.0026480866875436527,0.0048052946412508206,0.008288128775901113,0.0045765105247111085,0.0,0.2999999999913072,2.095190118266963e-11,0.0003271941779138993,0.3029148661485502,0.0050201021922198765,0.01488066428516953,0.0068739710408617745,0.004367570878047643,6.081369022288798e-08,1.0,0.0037888382744361905,0.003988914626684551,0.0001529073344767379,0.6296296296296297,0.6111111111111112,0.0134816849801491,0.3946489009783618,0.38176701054950135,0.007879690891208501,1,1,1,1
03_rough_h0p008_spacing0p45_p2l_v2:0052,03_rough_h0p008_spacing0p45_p2l_v2,31.212999999999962,31.61299999999996,-0.002992359477391663,0.022763075799848136,0.0615718460102494,0.029677608015899463,0.0,-0.04119268615592068,0.295952942674013,0.8080080727687805,0.3873922119562436,0.0,0.0002580946297157384,0.0002991792837697199,0.0008179303036655331,0.0002607898533771368,0.0,0.0043905911514870955,0.005514684181655657,0.008639874650300569,0.003869761957907505,0.0,0.004066645379974289,0.005216365666273978,0.008288128775901113,0.003789958286114744,0.0,0.2999999999913072,2.095190118266963e-11,0.00028963912841081503,0.3029923594686989,0.005514684195623592,0.012243132472146407,0.00536126364160573,0.0033321075786491303,8.548783770293906e-08,1.0,0.003908187143187281,0.004101984548027992,0.000144290137875287,0.6416666666666667,0.6,0.021456722641215703,0.3956885946620871,0.38176701054950135,0.009642442683483406,1,1,1,1
03_rough_h0p008_spacing0p45_p2l_v2:0053,03_rough_h0p008_spacing0p45_p2l_v2,31.41299999999996,31.81299999999996,-0.020877049235667782,0.03187065347379098,0.0615718460102494,0.031689132063393494,0.0,-0.2749207005055981,0.4230268330796614,0.8080080727687805,0.42374319962794066,0.0,0.0006407450699841399,0.0006838651821877272,0.009751676911637766,0.002099963038022456,0.0,0.0032737262431399472,0.004397819273308509,0.010269743084641129,0.004504705657576644,0.0,0.0022603359588569544,0.0034100562451566444,0.007095833228973143,0.003393278327796879,0.0,0.29999999998849947,1.9682261518611112e-11,0.0007453785204920267,0.3208770492200716,0.0043978192842456295,1.1273007961184949,0.9102526017665371,0.3529727572687769,0.021161841859322857,1.0,0.0038150910837606877,0.004101984548027992,0.00028043627399153395,0.6361111111111112,0.6,0.023733343736993165,0.3982799791266702,0.38451929597214096,0.008546200294943284,1,1,1,1
03_rough_h0p008_spacing0p45_p2l_v2:0054,03_rough_h0p008_spacing0p45_p2l_v2,31.61299999999996,32.01299999999996,0.014325056317414831,0.04218608816319528,0.1084264919047879,0.04952131572708513,0.14285714285714285,0.2128923126776397,0.5830464018420101,1.5333821537228765,0.6879395652455937,0.0,0.0010842673718772695,0.001138938014499636,0.009751676911637766,0.0028772262288969445,0.0,0.0011765743682962512,0.004007081118757373,0.010269743084641129,0.004992644552495813,0.0,-0.000913000640207931,0.0045233630310697725,0.012146035737622114,0.005819871410153948,0.0,0.29999999999022586,1.947160381650274e-11,0.000973356224975543,0.2856749436679465,0.0040070811261092455,1.689742850768241,1.3345150835877464,0.19422638825815663,0.03561062700032076,1.0,0.003558813394326059,0.004163789464005344,0.000358847086960096,0.6396825396825397,0.6222222222222222,0.013421852797847432,0.39702239802411216,0.38451929597214096,0.008711585509940256,1,1,1,1
03_rough_h0p008_spacing0p45_p2l_v2:0055,03_rough_h0p008_spacing0p45_p2l_v2,31.81299999999996,32.21299999999996,0.04088419910792761,0.04302858291117988,0.1084264919047879,0.03717379220685856,0.14285714285714285,0.5725933145786671,0.5992320125853139,1.5333821537228765,0.5198996007840581,0.0,0.000678279411478804,0.0009707460171663768,0.009643042718234792,0.0021804044254833334,0.0,0.0002673023072901461,0.0033741482240942844,0.006493366047397573,0.004059084918401812,0.0,-0.0008931765086105495,0.004914271736776519,0.012146035737622114,0.006308777214283264,0.0,0.2999999999890046,2.8467257041670683e-11,0.0016216823097904751,0.2591158008794616,0.0033741482321049702,1.3053724243674683,1.172289564302202,0.20243728987108034,0.027290379418452998,1.0,0.0035005990899718473,0.004163789464005344,0.0002957582379897558,0.6468253968253969,0.6333333333333333,0.009784784131696788,0.38991211019406385,0.37210497828379907,0.013659483345303832,1,1,1,1
03_rough_h0p008_spacing0p45_p2l_v2:0056,03_rough_h0p008_spacing0p45_p2l_v2,32.01299999999996,32.41299999999996,0.005736535652764709,0.0406579496879334,0.0776312998880005,0.0489793831569636,0.0,0.08273177313649882,0.5515907220663524,1.0477393485955269,0.6657941059420548,0.0,-0.0024506203457187537,0.0029939286666181898,0.008162243977775051,0.0031666098000094805,0.0,-0.0007400171174718678,0.002987729359802208,0.006825708961985051,0.0038646518373945528,0.0,-0.005072679170324042,0.008869562315872189,0.04012027314793981,0.01599160914833734,0.0,0.29999999998951643,3.02379204296626e-11,0.005194295808664156,0.2942634643383134,0.002987729361440024,1.4432104829250927,1.1504768587679457,0.073851859431728,0.029898801788902474,1.0,0.0035928618906431627,0.0037436572092930153,9.275308999804688e-05,0.6416666666666666,0.6166666666666667,0.01312726562847946,0.3682387704028722,0.35778144576481774,0.008687488264136815,1,1,1,1
03_rough_h0p008_spacing0p45_p2l_v2:0057,03_rough_h0p008_spacing0p45_p2l_v2,32.21299999999996,32.61299999999996,-0.020409426652911206,0.02954938163922539,0.0776312998880005,0.03168240771724777,0.0,-0.2751717014276351,0.39999629526099795,1.0477393485955269,0.42890495944240564,0.0,-0.002517694118298522,0.002695153091269155,0.008162243977775051,0.0030322411139293353,0.0,0.00018315515966126745,0.0035885059428684904,0.006825708961985051,0.004270845185951286,0.0,-0.004520095288835378,0.008989214194233259,0.04012027314793981,0.016048217784621205,0.0,0.29999999999438365,2.4202861936828406e-11,0.004043365444972054,0.32040942664852684,0.003588505946768505,1.4019850641411997,1.2221906697307885,0.35296595807129494,0.017058409585146254,1.0,0.003533479737772027,0.0037436572092930153,0.00022271774718359285,0.6472222222222223,0.6166666666666667,0.016589326728860113,0.36002883959226734,0.3486870347174718,0.006024086562585149,1,1,1,1
03_rough_h0p008_spacing0p45_p2l_v2:0058,03_rough_h0p008_spacing0p45_p2l_v2,32.412999999999954,32.81299999999995,0.006582340686053252,0.024035910527366366,0.05096253781027754,0.028283831693901203,0.0,0.08358273270990513,0.32100854130747264,0.6999338927857472,0.38136933620463476,0.0,0.000196138841988612,0.00022002437734963714,0.0005621637160170624,0.00021156784686634936,0.0,0.002992452439859943,0.006036345036643974,0.00913167779035209,0.005912635386278897,0.0,0.002707945642450979,0.005790984522936895,0.009249116641457751,0.005843232847138085,0.0,0.29999999999214544,2.2642856250944855e-11,0.00023486073547727268,0.29341765930525393,0.006036345050611908,0.04784746739950911,0.04406785507027036,0.004101266158649504,1.1912657391324993e-06,1.0,0.003660624220211734,0.004368194146623787,0.0004044409284710972,0.6620370370370371,0.65,0.012178654109227695,0.3554331199299081,0.3486870347174718,0.007235226145792486,1,1,1,1
03_rough_h0p008_spacing0p45_p2l_v2:0059,03_rough_h0p008_spacing0p45_p2l_v2,32.61299999999996,33.012999999999955,0.013008144663183988,0.0188758578161826,0.05096253781027754,0.0215703220444695,0.0,0.16945747498834998,0.24767646816331046,0.6999338927857472,0.28898798259228176,0.0,0.00019589640921204412,0.000209858120158795,0.0005621637160170624,0.0001851574277762559,0.0,0.0017082153136208842,0.0057570370534812815,0.00913167779035209,0.0063173178639489335,0.0,0.001450667386614067,0.005743634737717478,0.009249116641457751,0.006276684320558896,0.0,0.29999999999129834,2.0906353571402942e-11,0.00023503125507408663,0.2869918553280936,0.005757037053633105,0.012058812773374996,0.00543214548611675,0.0035829851204341717,9.065451594474106e-08,1.0,0.003841809763630967,0.004368194146623787,0.00029176465000482836,0.6731481481481482,0.65,0.015186314321163632,0.36072970599831183,0.34919660132436964,0.011272570727340172,1,1,1,1
03_rough_h0p008_spacing0p45_p2l_v2:0060,03_rough_h0p008_spacing0p45_p2l_v2,32.81299999999996,33.21299999999996,-0.005984965652353014,0.021189076843934267,0.054145003517177936,0.026525549819095648,0.0,-0.08186220112127295,0.2759710681607203,0.6994059535685592,0.34201564930458134,0.0,0.0007336654398395524,0.0007395667316768672,0.01091431970364305,0.002339447502252389,0.0,0.0008025501586926689,0.004256058879543901,0.008551479135325689,0.005132986379454235,0.0,-0.0011727238981840925,0.006075125541134735,0.016765868777037632,0.00808084106870864,0.0,0.29999999998692406,1.8959193189752674e-11,0.0007584082546905539,0.3059849656355553,0.004256058874313518,0.8348498602465672,0.7590653647330963,0.005751272898889041,0.01767739541293342,1.0,0.0037864100746162386,0.004027435235636954,0.00019489261677763608,0.687962962962963,0.6666666666666666,0.011748682907823622,0.3759322883952912,0.3629836069859396,0.010870997971582558,1,1,1,1
03_rough_h0p008_spacing0p45_p2l_v2:0061,03_rough_h0p008_spacing0p45_p2l_v2,33.012999999999955,33.412999999999954,-0.0003696677507849753,0.036140015485466616,0.061677507468054255,0.04020706670163375,0.0,-0.005810743459091143,0.4674439324290837,0.8083660987453848,0.5207389910943113,0.0,0.0007654705704146548,0.0007809070524193165,0.01091431970364305,0.0023346652487904263,0.0,-0.0008733197927050505,0.006504474372122229,0.00948151529800451,0.007021734000854674,0.0,-0.003321784405827329,0.008839915993431207,0.016765868777037632,0.00933869281200502,0.0,0.2999999999905978,1.909014257214436e-11,0.001021536655879185,0.3003696677345812,0.006504474364885853,1.788504665477899,1.400812814558808,0.16742485983119187,0.03556121860064967,1.0,0.003894092178900558,0.004101423977843912,0.00019188654533874416,0.6962962962962963,0.6833333333333333,0.007635380788180848,0.3876648641670615,0.3698398278944599,0.014586578355246543,1,1,1,1
03_rough_h0p008_spacing0p45_p2l_v2:0062,03_rough_h0p008_spacing0p45_p2l_v2,33.21299999999995,33.61299999999995,0.0011327140891887698,0.030772796402081734,0.061677507468054255,0.034524347211319285,0.0,0.017793885244694958,0.403037035397295,0.8083660987453848,0.4513488801550604,0.0,-0.0015052292929739288,0.001975303407284644,0.034601073717660066,0.0075955826525471734,0.0,-0.002220334876962045,0.005983214750262888,0.00948151529800451,0.0061503887902540156,0.0,-0.00015137436619402458,0.007000265421725764,0.0098116581981783,0.007622736533487752,0.0,0.2999999999955283,2.3787239984020026e-11,0.0014242483485519511,0.29886728590420664,0.005983214733563047,1.5853058982709183,1.3699493614522877,0.21494037323516124,0.021198671556590325,1.0,0.003804536480768487,0.004101423977843912,0.00021861999831884524,0.7055555555555556,0.6888888888888889,0.011111111111111118,0.40455310999982447,0.37731882661342225,0.015252439508879882,1,1,1,1
03_rough_h0p008_spacing0p45_p2l_v2:0063,03_rough_h0p008_spacing0p45_p2l_v2,33.412999999999954,33.81299999999995,0.03230986049339509,0.04916276449767034,0.14807826970680013,0.058177507984050365,0.16666666666666666,0.3887491771049482,0.6114686883151942,1.7831473555619528,0.709374958353287,0.0,-0.002476963123716855,0.002974656968729149,0.034601073717660066,0.007573662307750029,0.0,-0.001067706044954981,0.005845011637443495,0.011385261760488864,0.006477617729913786,0.0,0.002780302246462434,0.005831368909022556,0.013584019299248962,0.0067417987882354685,0.0,0.29999999998667426,3.016959901276259e-11,0.002247545646280525,0.26769013949527776,0.005845011620861319,0.858520880573878,0.7295478245014148,0.16640816388259438,0.013291908347541237,1.0,0.003948998903978272,0.004427547965862959,0.00035967838265653465,0.7074074074074074,0.7,0.008881169487616162,0.4110937637770997,0.396071697908012,0.007171024987702044,1,1,1,1
03_rough_h0p008_spacing0p45_p2l_v2:0064,03_rough_h0p008_spacing0p45_p2l_v2,33.61299999999996,34.012999999999955,0.022342906722450175,0.059371056172607135,0.14807826970680013,0.06980107101849628,0.16666666666666666,0.23625840655973396,0.753898157155426,1.7831473555619528,0.885275556704493,0.0,0.0005627946903220335,0.006142807731471011,0.06291250693866299,0.01464060196836495,0.0,0.0017120149290256782,0.007743302846787329,0.011568851229740511,0.00802881595726319,0.0,-0.0013362518689749349,0.007655158258718921,0.019885347482948453,0.01019224307376747,0.0,0.29999999998965077,2.765878694168723e-11,0.004530458182502345,0.27765709326868643,0.007743302838188319,1.3919624104305297,1.1454363231601723,0.079033520473132,0.027300062815188608,1.0,0.003992622845854427,0.004427547965862959,0.0004603382909313682,0.7101851851851851,0.7,0.014133645854142386,0.4176816353485806,0.396071697908012,0.01573822857227866,1,1,1,1
03_rough_h0p008_spacing0p45_p2l_v2:0065,03_rough_h0p008_spacing0p45_p2l_v2,33.81299999999995,34.21299999999995,-0.0020339191045081564,0.0349942303456488,0.07479150859791162,0.04072939697657835,0.0,-0.04787103041055988,0.4697687201851321,1.0461967943784265,0.5545833682250783,0.0,0.0015320206682106058,0.005138589206051549,0.06291250693866299,0.014448860579168879,0.0,0.0042345620199990145,0.006627467295534709,0.011568851229740511,0.00630030082295936,0.0,-4.154563966468685e-05,0.006926658182831637,0.019885347482948453,0.009636731443806038,0.0,0.29999999999475113,2.0735550029152925e-11,0.0034553958106496806,0.3020339190997141,0.00662746730218466,1.1008792371249343,1.036235290076664,0.007463767849745368,0.017323138887245876,1.0,0.003789165939506744,0.004417521243494618,0.00043174556920434445,0.724074074074074,0.7,0.01493010694129363,0.4274202864321312,0.40828656053282836,0.012393125605632205,1,1,1,1
03_rough_h0p008_spacing0p45_p2l_v2:0066,03_rough_h0p008_spacing0p45_p2l_v2,34.01299999999995,34.41299999999995,0.013543828799457702,0.015529644222922542,0.03787267588633281,0.016558668257551392,0.0,0.17522826696799745,0.20020075827865672,0.47350694108633495,0.21526440661367502,0.0,0.0002445195756587028,0.0002575989465427617,0.0005676851879646201,0.00014624256896754304,0.0,0.00235085427581257,0.0030469669262354303,0.010948655167411772,0.00413366541711068,0.0,0.0021639638925224666,0.003041132601990635,0.011078653166022603,0.004272184069438555,0.0,0.2999999999911296,2.0040948957336158e-11,0.00027223197113917494,0.28645617119167194,0.0030469669329157467,0.012861387221516474,0.00703914355696731,0.002930652366047756,2.2072295736262398e-07,1.0,0.003992820412765239,0.004407365003212177,0.00032240957878819566,0.7416666666666667,0.7166666666666667,0.015298807075794722,0.4259967012760397,0.4176366450073541,0.007745359347882011,1,1,1,1
03_rough_h0p008_spacing0p45_p2l_v2:0067,03_rough_h0p008_spacing0p45_p2l_v2,34.21299999999995,34.61299999999995,-0.012126102860902932,0.03073679615635196,0.12263125078137016,0.050610925156861566,0.16666666666666666,-0.16247957999144133,0.3827162205236241,1.5606699276132183,0.6386641760939827,0.0,0.02491108909841075,0.02491108909841075,0.19862182047712534,0.04658314241189654,0.1,0.05956352884837977,0.060259641498802634,0.2586149307339014,0.09378160347756694,0.16666666666666666,0.019434940127823427,0.022810621354738093,0.07136251016276611,0.03140537764870298,0.0,0.2501999999963156,0.14524999997040533,0.12455937628664163,0.2570261028584929,0.1013408268417349,1.4384033858908458,1.3738841503582708,0.014424080595983269,8.24282558145377e-06,1.0,0.004238855796302791,0.004555247895388857,0.0002527483244217063,0.7527777777777778,0.7333333333333333,0.01051649693666717,0.44442958932040905,0.4208121476830579,0.025450965355178583,1,1,1,1
03_rough_h0p008_spacing0p45_p2l_v2:0068,03_rough_h0p008_spacing0p45_p2l_v2,34.412999999999954,34.81299999999995,-0.022330886252592594,0.04432054707522237,0.12263125078137016,0.054005294793762655,0.16666666666666666,-0.28930548487052454,0.5403018634532218,1.5606699276132183,0.67453853121934,0.0,0.03260499908131701,0.03510084654527702,0.19862182047712534,0.04423425599173064,0.1,0.07455059619005994,0.07594267623575666,0.2586149307339014,0.08665465528073014,0.16666666666666666,0.029568343110844147,0.03206685562829065,0.07136251016276611,0.02637670651127985,0.0,0.19019999999341564,0.32024999992834424,0.2921700736162981,0.20723088624903532,0.26115773706563755,1.6050938936077597,1.4663818267345343,0.013354405237402372,0.008964007331421069,1.0,0.004659204059790628,0.00539368634628121,0.0005411325983214433,0.7527777777777778,0.7222222222222222,0.018907942459872356,0.4832747015221379,0.4334814172010853,0.027439140952991523,1,1,1,1
03_rough_h0p008_spacing0p45_p2l_v2:0069,03_rough_h0p008_spacing0p45_p2l_v2,34.61299999999995,35.01299999999995,-0.01387443245859545,0.02034948331540387,0.060921948740075116,0.024295771795800926,0.0,-0.16910910178976804,0.23698206942159206,0.7569593278710102,0.2942394398964056,0.0,0.010563677767197657,0.013131198366004307,0.026277731506480773,0.013275429835223597,0.0,0.025079764189256965,0.02647184423495369,0.050990969670693276,0.01837053669567481,0.0,0.016579805392684378,0.016579805392684378,0.027251433140300985,0.006815912015516311,0.0,0.1799999999880586,0.3499999999364994,0.3397264315262863,0.19387443244853975,0.3249202357513807,1.0130731143442755,0.8480852143853324,0.13755613398800393,0.012551855102160595,1.0,0.005014317199909278,0.0057950921337990525,0.0005784368104562919,0.7592592592592592,0.7222222222222222,0.017470335429734463,0.4928640934431517,0.46621288969327085,0.01586581013536359,1,1,1,1
03_rough_h0p008_spacing0p45_p2l_v2:0070,03_rough_h0p008_spacing0p45_p2l_v2,34.812999999999946,35.212999999999944,0.020222586994518756,0.02867215303449316,0.08123442918235003,0.037693800053318134,0.16666666666666666,0.22310021553718226,0.31980734762920193,0.9027361827419884,0.42097872190935526,0.0,0.0031980412937716862,0.005633624530166542,0.026277731506480773,0.008914785399973587,0.0,0.017697559989349004,0.017697559989349004,0.03657881462233531,0.012509628095815635,0.0,0.013255464937511443,0.013255464937511443,0.03181190155421604,0.010546944194564591,0.0,0.17999999999623872,0.34999999994414005,0.3464604761883009,0.15977741300241663,0.3323024399549514,0.755970446950433,0.5903090068605602,0.06931179835380905,0.015207594775448554,1.0,0.005112420056640066,0.0057950921337990525,0.00047600239899990755,0.7657407407407407,0.7555555555555555,0.006740842490074571,0.4854152269542293,0.46621288969327085,0.009130415778678427,1,1,1,1
03_rough_h0p008_spacing0p45_p2l_v2:0071,03_rough_h0p008_spacing0p45_p2l_v2,35.01299999999995,35.41299999999995,0.008043644084959028,0.04085109594405289,0.08123442918235003,0.049339272500457235,0.16666666666666666,0.08929127568817463,0.45361628747820965,0.9027361827419884,0.5483007405199655,0.0,0.013302896581330912,0.015666806682879127,0.030954691668567624,0.014344330346269574,0.0,0.015613432842623934,0.018434121118212337,0.048923312321576484,0.020220010182361234,0.0,0.001503615667689547,0.017352770364843877,0.03181190155421604,0.02034738834413228,0.0,0.17999999999779304,0.349999999943696,0.3363904535874547,0.17195635591340355,0.33438656710017817,0.2379835505704949,0.13769655876644302,0.04034626864756079,0.011611626940616581,1.0,0.005044165957500312,0.005637075675619647,0.0002693596450180351,0.774074074074074,0.7555555555555555,0.01747033542973446,0.5004966759486611,0.483421083010828,0.012824320672174325,1,1,1,1
03_rough_h0p008_spacing0p45_p2l_v2:0072,03_rough_h0p008_spacing0p45_p2l_v2,35.21299999999995,35.61299999999995,-0.019741520795481058,0.0278783735447881,0.05527849312669314,0.024641990761845436,0.0,-0.2210142437279313,0.3169265749934393,0.6155157391020123,0.2792719994081763,0.0,0.028254960711169376,0.028254960711169376,0.031076976594681227,0.005341738350304608,0.0,0.02222300786846255,0.025043696144050952,0.048923312321576484,0.01818354612154292,0.0,-0.006355766117960811,0.013029403453314456,0.025704112994296813,0.014728436805789237,0.0,0.17999999999423366,0.3499999999344611,0.3214930346940476,0.19974152078973842,0.3277769920658772,0.07709029563990002,0.021650121264763726,0.012187265694207798,1.3531956450327283e-07,1.0,0.004731109794208367,0.004998146970823753,0.0001962081455482109,0.7675925925925927,0.7388888888888889,0.021615958388756948,0.5234635430279204,0.5072274673163558,0.013874685341640765,1,1,1,1
03_rough_h0p008_spacing0p45_p2l_v2:0073,03_rough_h0p008_spacing0p45_p2l_v2,35.41299999999995,35.812999999999946,0.0032002787955485953,0.0180127212767239,0.030866029773311127,0.020737476899710477,0.0,0.036514653874500064,0.2101304608058356,0.3609795909876001,0.24282282061371854,0.0,0.030782653258634874,0.030782653258634874,0.03118620735173655,0.00023408720475941226,0.0,0.030633629145863938,0.030633629145863938,0.040657979418699086,0.0057489111228031225,0.0,-0.00013444920035887709,0.004666877777719051,0.009959298766334446,0.005741060697335935,0.0,0.17999999999458893,0.3499999999326393,0.31920938114627695,0.1767997211990581,0.31936637078668434,0.06253222697545849,0.008912695701269164,0.007283778433414753,9.742605340524929e-08,1.0,0.004749350109864899,0.005228115675259297,0.00028549004209480166,0.75,0.7388888888888889,0.010143010324169737,0.5503112151427036,0.5181045567777417,0.01897616714005556,1,1,1,1
03_rough_h0p008_spacing0p45_p2l_v2:0074,03_rough_h0p008_spacing0p45_p2l_v2,35.61299999999994,36.01299999999994,0.0033918344146325885,0.015207912919033858,0.030866029773311127,0.01784961553019989,0.0,0.038444426478989095,0.17943223147146103,0.3609795909876001,0.21179621738431836,0.0,0.030550013052552883,0.030550013052552883,0.031198818002444895,0.0008717564888643164,0.0,0.032459059685243645,0.032459059685243645,0.04657672593798817,0.010387117934429264,0.0,0.0016824946405707049,0.008626852746856595,0.017037138006986696,0.010435606319035904,0.0,0.17999999999483984,0.3499999999330492,0.31952284040485807,0.17660816558024484,0.3175409402472979,0.06030808814869776,0.010907153851172883,0.0071052255462057436,9.919740931327262e-08,1.0,0.004695345182204194,0.005228115675259297,0.0003457057128230702,0.7527777777777778,0.7388888888888889,0.010994761191701783,0.5738456050967898,0.5567628022333336,0.011239195726945117,1,1,1,1
03_rough_h0p008_spacing0p45_p2l_v2:0075,03_rough_h0p008_spacing0p45_p2l_v2,35.812999999999946,36.212999999999944,-0.0029109670345564644,0.01618650997659682,0.023345637089474236,0.017863942012362313,0.0,-0.03358923327147987,0.1897412198560248,0.2832484831865321,0.20955046033548,0.0,0.019197715584320214,0.01948739991791931,0.031198818002444895,0.012750130107677716,0.0,0.024121181277655324,0.024121181277655324,0.04657672593798817,0.014950714189614285,0.0,0.004194556807147022,0.00987360280947592,0.017037138006986696,0.01066010578342037,0.0,0.1799999999945201,0.34999999994234093,0.3311760024251222,0.18291096702907858,0.32587881866460305,0.053802492664748104,0.014722480441879668,0.01319105002002267,9.125894566578424e-08,1.0,0.004603074168853657,0.00481371136206646,0.00020757566086112474,0.762037037037037,0.7444444444444445,0.008735167714867237,0.5757614239589018,0.5618437493687087,0.010283589702463266,1,1,1,1
03_rough_h0p008_spacing0p45_p2l_v2:0076,03_rough_h0p008_spacing0p45_p2l_v2,36.01299999999995,36.41299999999995,0.013819394196402995,0.02110079270315501,0.04606612890410089,0.021649083064715215,0.0,0.16391414134119786,0.24625678947623061,0.5105493679612138,0.24828312422071833,0.0,-0.022057441012867066,0.030451147254083398,0.3015521258977589,0.07645924922451489,0.1,-0.048242287228781176,0.0652071950149673,0.33364065489569644,0.12825154707096867,0.16666666666666666,-0.04578681407940723,0.05912541425430703,0.31473668500114277,0.12038205936218004,0.16666666666666666,0.1799999999935642,0.3359999999259625,0.3286286668145899,0.1661806057966971,0.2835287355526801,0.9259898885915834,0.8577995570204011,0.018881792359867422,7.75224258088329e-08,1.0,0.0046022611616908455,0.004957118982201148,0.0003679443433243021,0.7638888888888888,0.7611111111111111,0.004243125643477663,0.5823855099309925,0.5618437493687087,0.017655415808511103,1,0,0,1
03_rough_h0p008_spacing0p45_p2l_v2:0077,03_rough_h0p008_spacing0p45_p2l_v2,36.212999999999944,36.61299999999994,0.009591485983734669,0.024202648298138996,0.04606612890410089,0.026951288917826964,0.0,0.11273120860357166,0.27730457665994196,0.5105493679612138,0.305980362366448,0.0,-0.025747990630212946,0.026470913303138423,0.3015521258977589,0.07483587188048475,0.1,-0.05829687676416067,0.060756199448854936,0.33364065489569644,0.12328586727136039,0.16666666666666666,-0.05156269901814777,0.059231831877757914,0.31473668500114277,0.1180224001043845,0.16666666666666666,0.17999999999281813,0.3359999999276022,0.332654257517025,0.17040851400865495,0.2901368614014367,0.9265603452102021,0.8543745311177299,0.012007751827608628,9.349041807881422e-08,1.0,0.004654169428226533,0.0054245851846523325,0.0005122926470169088,0.7518518518518519,0.7277777777777777,0.01309457002197311,0.5796339908243093,0.5588638580609966,0.01897766654355275,1,0,0,1
03_rough_h0p008_spacing0p45_p2l_v2:0078,03_rough_h0p008_spacing0p45_p2l_v2,36.41299999999994,36.81299999999994,0.014481699802486819,0.030978825909056786,0.07308587928864788,0.036405373603245625,0.0,0.1573338083650592,0.3418877356287185,0.7941425358831173,0.40196961644662027,0.0,0.0006297139486758973,0.0006297139486758973,0.0009134391971863387,0.00019789546522067976,0.0,-0.0011640855110948607,0.007155824156195802,0.013015293850513976,0.007676638237397102,0.0,-0.0016745049347953271,0.00707719717899775,0.01338346253629985,0.0075968556499478234,0.0,0.17999999999254612,0.34999999995295344,0.3505658680149576,0.16551830019005637,0.3488359144418434,0.0665450957239762,0.010153835864771634,0.007651590564793628,8.844081001815171e-08,1.0,0.004956327107763712,0.0054245851846523325,0.0003756751052466174,0.7481481481481481,0.7277777777777777,0.01309457002197312,0.5642935344378402,0.5508710243586394,0.007393497001357631,1,1,1,1
03_rough_h0p008_spacing0p45_p2l_v2:0079,03_rough_h0p008_spacing0p45_p2l_v2,36.61299999999994,37.01299999999994,0.015391415322610935,0.032663448678947916,0.07308587928864788,0.03746062041698309,0.0,0.16074444083801334,0.37688160578244156,0.7941425358831173,0.43418406009420446,0.0,0.0006045284414611691,0.0006045284414611691,0.0009134391971863387,0.00016354943282799093,0.0,-0.0016460648501910868,0.007266529583782581,0.010293527738814923,0.007339935750038078,0.0,-0.002214097367998676,0.007198191430115537,0.010544472083138523,0.007268220971621066,0.0,0.17999999999263383,0.3499999999506704,0.3505261547405036,0.16460858466999145,0.34835393510062157,0.06446615005912316,0.009664308986428225,0.006744531509029893,7.803154839167078e-08,1.0,0.0046577345651991784,0.0052839011566822094,0.0005250990694671637,0.7611111111111111,0.7444444444444445,0.010638078975070433,0.5515130253614595,0.5341648909102539,0.014277657851549453,1,1,1,1
03_rough_h0p008_spacing0p45_p2l_v2:0080,03_rough_h0p008_spacing0p45_p2l_v2,36.812999999999946,37.212999999999944,-0.002196181090459756,0.01949149228299382,0.046158208692514024,0.024054504526910672,0.0,-0.035168554171043885,0.2362590921095958,0.5884698172114179,0.2955264958706802,0.0,0.0005220453060445496,0.0005220453060445496,0.0008034500316580484,0.000173326855289774,0.0,-0.006198865608042892,0.010093893224824771,0.019489804696768476,0.00921447086499385,0.0,-0.006804054770917399,0.010243263423673571,0.020039145991629814,0.009156118530533665,0.0,0.1799999999927293,0.3499999999491559,0.3504646499756158,0.18219618108317168,0.3438011343415097,0.06307613999538876,0.009893249539147417,0.006926664389095859,7.271581135099974e-08,1.0,0.004354828229979255,0.004924376149703189,0.0003527163573114364,0.7694444444444444,0.7611111111111111,0.0053190394875352225,0.5304541856756225,0.5021172094810736,0.013738778275691083,1,1,1,1
03_rough_h0p008_spacing0p45_p2l_v2:0081,03_rough_h0p008_spacing0p45_p2l_v2,37.01299999999994,37.41299999999994,0.007917401472144156,0.02348132361190215,0.05077945453417648,0.026649088430944327,0.0,0.09054239423180306,0.27752682607568263,0.6163079522361529,0.3193926415919989,0.0,0.0004808568239584643,0.0004808568239584643,0.0007230688932563512,0.0001464621149830189,0.0,-0.002962560940159009,0.008257308489386883,0.019489804696768476,0.009515034641229872,0.0,-0.003519561030334304,0.008287865855273293,0.020039145991629814,0.009540117835133533,0.0,0.17999999999281924,0.3499999999468842,0.35042611626822817,0.1720825985206862,0.3470374390069644,0.0636156224362862,0.010177561977459232,0.007410176294628541,5.3253670491913467e-08,1.0,0.004525745945762996,0.005171880301779859,0.00031436117038013744,0.7648148148148147,0.7388888888888889,0.015603981061437695,0.5090699270372822,0.48218784308798635,0.01783038756899318,1,1,1,1
03_rough_h0p008_spacing0p45_p2l_v2:0082,03_rough_h0p008_spacing0p45_p2l_v2,37.21299999999994,37.612999999999936,0.013503107960829578,0.028820730830503665,0.05077945453417648,0.02785352742327067,0.0,0.15605125459202054,0.33932488431550795,0.6163079522361529,0.3337646578372965,0.0,0.00044348076752016017,0.00044348076752016017,0.000755349557784335,0.0001723615057917342,0.0,0.0053445888815666365,0.008845779373896542,0.021651641908703445,0.009458301878613556,0.0,0.004798169928399866,0.008639781529318593,0.021041600798408555,0.009409692918408801,0.0,0.17999999999295024,0.3499999999446866,0.3504265063864448,0.16649689203211104,0.35534458882630265,0.06507825838055786,0.010555967368182593,0.007049439442543881,6.125997826009783e-08,1.0,0.0046179483824006955,0.005171880301779859,0.0003157480954776175,0.7583333333333333,0.7388888888888889,0.016896562584161712,0.46503883031923615,0.41579993660145365,0.03364435262160259,1,1,1,1
03_rough_h0p008_spacing0p45_p2l_v2:0083,03_rough_h0p008_spacing0p45_p2l_v2,37.41299999999994,37.81299999999994,-0.006662814809512673,0.025663011105663405,0.04127764594639516,0.02682384162472445,0.0,-0.06920382330139406,0.2903238107183039,0.43156559879542106,0.30387181614433467,0.0,0.0004530439913223161,0.0004577296859509583,0.0007915115112909765,0.0002336742872003129,0.0,0.0033976237901173953,0.008799491314765836,0.021651641908703445,0.010379010974724275,0.0,0.002914164671010522,0.008691411647658945,0.021041600798408555,0.010265371720752129,0.0,0.1799999999931745,0.34999999994353653,0.3504766730605883,0.18666281480265498,0.353397623733819,0.06695453808573058,0.009926659033573938,0.007710319939881728,7.128296022347472e-08,1.0,0.004834771439351487,0.005381413396816695,0.00039581895092467926,0.7685185185185185,0.7388888888888889,0.013857990321384957,0.4220787592274085,0.4027636036910354,0.016131877144333277,1,1,1,1
03_rough_h0p008_spacing0p45_p2l_v2:0084,03_rough_h0p008_spacing0p45_p2l_v2,37.61299999999994,38.01299999999994,-0.005704187652557045,0.021757092697227476,0.04815871513401129,0.027942848401868302,0.0,-0.051522768656404615,0.25072617724235996,0.5976102257578659,0.3279452747328083,0.0,0.0005040160984787351,0.0005087017931073773,0.0009245649375932419,0.0002334305144947875,0.0,-0.00168213077441981,0.0076289322323751145,0.01426343491850729,0.008841284475458368,0.0,-0.0020529146223247827,0.00772953919431324,0.014257074560086291,0.008845574545965754,0.0,0.17999999999327665,0.3499999999416463,0.3504735377237216,0.18570418764582594,0.3483178691674182,0.06583345730591228,0.009861304482200177,0.007045613179340902,7.940171882529273e-08,1.0,0.004684949306249643,0.005381413396816695,0.0004765567702948931,0.775,0.7611111111111111,0.006990587440065521,0.39468831236564483,0.3775207990140479,0.01674103247525578,1,1,1,1
03_rough_h0p008_spacing0p45_p2l_v2:0085,03_rough_h0p008_spacing0p45_p2l_v2,37.81299999999994,38.21299999999994,-0.004381519228428406,0.025906406431765932,0.05690631429263049,0.03327260097685727,0.0,-0.045422928487251886,0.3066579920232347,0.6942143835558993,0.40088259213884914,0.0,0.01783961797940035,0.01786317822147642,0.2890436451363876,0.06288983080063643,0.05,0.024360748420282883,0.03505122916752325,0.1639724978449111,0.06305198714529082,0.16666666666666666,-0.004239458819818455,0.008885278606547245,0.014257074560086291,0.008843388433290366,0.0,0.15210000000015933,0.29574999996458595,0.3096802226929776,0.1692315192293878,0.34490241503990465,1.6535189367559369,1.5370461881327384,0.007713678224326878,2.5162133066207013e-05,1.0,0.004563296578377191,0.005346562528935359,0.00040034270355228775,0.7824074074074073,0.7611111111111111,0.01217865410922768,0.37759759132982634,0.3706928357490107,0.0034318369811411446,1,1,1,1
03_rough_h0p008_spacing0p45_p2l_v2:0086,03_rough_h0p008_spacing0p45_p2l_v2,38.012999999999934,38.41299999999993,-0.019756993860316246,0.025661146180197932,0.05690631429263049,0.023518017331608933,0.0,-0.24119655934018622,0.30897031691847704,0.6942143835558993,0.2810763937604868,0.0,0.017657641951800213,0.017718770766322646,0.2890436451363876,0.06294024083725186,0.05,0.040091701784162805,0.04790412975170025,0.1639724978449111,0.06688584587902455,0.16666666666666666,0.011766569986144781,0.021668841383253135,0.09679484271297395,0.0382988493880604,0.0,0.062100000003522116,0.12074999999444032,0.13456092558704355,0.09503916402583824,0.18904231229570823,1.6529514259952247,1.5461690222913202,0.012984636351577738,2.5143042396241133e-05,1.0,0.004288170695011367,0.005346562528935359,0.000671104523200473,0.7898148148148149,0.7777777777777778,0.005928818738363728,0.37798149363508826,0.3706928357490107,0.0034318309969800244,1,1,1,1
04_external_impact_y12N_t0p25_p2l_v2:0000,04_external_impact_y12N_t0p25_p2l_v2,21.483,21.883,-0.01156357643341867,0.01867878070360614,0.048206328206258656,0.021059460278477448,0.0,-0.1562238220203114,0.2518335718176062,0.6668105184847697,0.28722402214228593,0.0,3.894969081842724e-06,0.00013661107709535378,0.00034336609201191274,0.0001687121407467955,0.0,-0.0038677907934310564,0.0060528185979956154,0.01067457840474406,0.005780130244981265,0.0,-0.003909863714581411,0.006112901102975642,0.010767511353259367,0.00584435659178732,0.0,8.103336268566891e-19,1.6760108035245738e-18,0.00014357579303822396,0.01867878070360614,0.006052818597995614,0.013444946295552901,0.006043233280865886,0.00406995813503669,8.637078331049587e-08,1.0,0.0036145144219487647,0.003986711591010573,0.00022207331065850777,0.6907407407407408,0.6833333333333333,0.0041408666249995955,0.5736022170579967,0.5719934928552014,0.0013532561844248037,1,1,1,1
04_external_impact_y12N_t0p25_p2l_v2:0001,04_external_impact_y12N_t0p25_p2l_v2,21.683,22.083,-0.017360781455545978,0.019603650925137092,0.048206328206258656,0.01787175788819989,0.0,-0.23003971675541804,0.26013262689306166,0.6668105184847697,0.2442558481453141,0.0,1.4163577441987194e-05,0.00014388865493025096,0.00034336609201191274,0.00017480750799214528,0.0,-0.004643549115982869,0.0059803156154337985,0.01067457840474406,0.005285239502489352,0.0,-0.004651534546470811,0.005953612307995979,0.010767511353259367,0.005287928556430569,0.0,8.388299554219075e-19,1.4583804741241553e-18,0.0001419255111188812,0.019603650925137092,0.005980315615433798,0.01273751888164845,0.006022746674676721,0.004275202393983743,7.851518827070254e-08,1.0,0.0037459450787388944,0.003986711591010573,0.00021819646719580457,0.6898148148148149,0.6833333333333333,0.003817690394090413,0.5733253853597425,0.5719934928552014,0.0014564413941009955,1,1,1,1
04_external_impact_y12N_t0p25_p2l_v2:0002,04_external_impact_y12N_t0p25_p2l_v2,21.883,22.282999999999998,-0.004642054224574731,0.01294847028346647,0.025872270005876594,0.014461254088485006,0.0,-0.0566419830477757,0.17248639141211997,0.3326697747185949,0.19335906724935456,0.0,-2.177846572107396e-05,0.00015920465298905896,0.0003635346074721387,0.0001888907410687749,0.0,-0.0008900186892188863,0.0030446339915561455,0.008658756119409399,0.004025953056508921,0.0,-0.0009050612811596358,0.003031300259054294,0.008614344252521423,0.00398816310555314,0.0,8.987867701201502e-19,1.0012186318227088e-18,0.00014145485457442135,0.01294847028346647,0.0030446339915561446,0.012675267285893178,0.00514257743456892,0.0036395691413230544,7.784180790273375e-08,1.0,0.0037109136016428832,0.0039477330916790915,0.0002509180652362234,0.6907407407407408,0.6833333333333333,0.004140866624999596,0.5745340014682511,0.5720058315703394,0.001478860533143456,1,1,1,1
04_external_impact_y12N_t0p25_p2l_v2:0003,04_external_impact_y12N_t0p25_p2l_v2,22.083,22.482999999999997,0.0034309398764839124,0.017227913162653513,0.03147161650749319,0.019880588180493455,0.0,0.05129060450029227,0.23429644004399672,0.4380471141175071,0.26987819650905276,0.0,3.6995845226676525e-05,0.0001546863697351834,0.0003635346074721387,0.00018861508610737323,0.0,0.00140980244123094,0.0036150544354599883,0.00851529432128561,0.004348344529838262,0.0,0.001437039152126217,0.003632810656585548,0.00850527016958263,0.004325001763947319,0.0,8.257549379391596e-19,7.66077998941227e-19,0.00016544484660379596,0.017227913162653513,0.0036150544354599874,0.014478459825235497,0.006410172622584733,0.004339266406810025,1.0035574306057454e-07,1.0,0.003623776026736147,0.003935577342191257,0.00023550039371993773,0.6925925925925926,0.6833333333333333,0.005237828008789223,0.5758647684465383,0.5731639548952896,0.002305439119047124,1,1,1,1
04_external_impact_y12N_t0p25_p2l_v2:0004,04_external_impact_y12N_t0p25_p2l_v2,22.282999999999998,22.682999999999996,0.004126956935351955,0.015666534491949168,0.03147161650749319,0.018480133447216128,0.0,0.05944855397817931,0.212736013998564,0.4380471141175071,0.24984464589812375,0.0,9.995752650141588e-05,0.00017557544946475477,0.0004616913506373536,0.00019936395652216503,0.0,0.0004433221177752905,0.004555585188245875,0.00851529432128561,0.005282861377812571,0.0,0.0005415490069982358,0.0044957968559218514,0.00850527016958263,0.0052397822587100275,0.0,7.237765999990951e-19,6.055863664521316e-19,0.00018886049364632732,0.015666534491949168,0.004555585188245875,0.014044571996440127,0.0069189902580890856,0.0036416893289203268,1.0891997318385022e-07,1.0,0.003515312377277915,0.0038011127996047463,0.00023495957633192866,0.6935185185185185,0.6888888888888889,0.003817690394090413,0.5765831185342091,0.5731639548952896,0.0019031795950166237,1,1,1,1
04_external_impact_y12N_t0p25_p2l_v2:0005,04_external_impact_y12N_t0p25_p2l_v2,22.482999999999997,22.882999999999996,-0.0008446528163936756,0.010121716604886736,0.020106316766849267,0.011323386991724383,0.0,-0.01089924439259938,0.13743761464947596,0.27044798809502646,0.1532819248359618,0.0,9.505948640463213e-05,0.00016140269084104393,0.0004616913506373536,0.00018479827308258873,0.0,-0.0015138292386916517,0.0029058733827048537,0.006705313856523968,0.0032886690807498466,0.0,-0.0014258091034025928,0.0028540818500684493,0.00663199691301211,0.0032821025143331332,0.0,7.360844636305965e-19,7.164145113565414e-19,0.00015437493975697963,0.010121716604886736,0.002905873382704854,0.01329043912566381,0.005285688834495614,0.0044193101999760636,8.961948232382771e-08,1.0,0.0035266942562193313,0.0037279294375880115,0.00020596516680741522,0.6907407407407408,0.6888888888888889,0.0026189140043946114,0.5751027761789406,0.5707876357554852,0.002292745478546521,1,1,1,1
04_external_impact_y12N_t0p25_p2l_v2:0006,04_external_impact_y12N_t0p25_p2l_v2,22.682999999999996,23.082999999999995,0.03084618887814237,0.04418362572641007,0.1830755511843248,0.07007374002604276,0.16666666666666666,0.4208830086741226,0.5986328956721297,2.4917469518464297,0.9527230889420517,0.0,7.643192717755629e-05,0.00015877450533148717,0.00042138134847162387,0.00018285302096369052,0.0,0.00017364705600324685,0.002305956934586529,0.005314427514047993,0.0030588421274506824,0.0,0.00014749930470140844,0.0022653325238737856,0.004831117880463798,0.00290705464543774,0.0,0.05999999998792469,1.450583656384788e-17,0.00015893664868375454,0.02482510865249911,0.00230595693458652,1.8809837894946135,1.7552323731250625,0.004750695320848959,8.459364499259101e-08,1.0,0.003661134309116068,0.0037707092513401407,8.16618173684189e-05,0.6916666666666668,0.6888888888888889,0.002777777777777768,0.5740021008520899,0.5707876357554852,0.0021997951178281657,1,1,1,1
04_external_impact_y12N_t0p25_p2l_v2:0007,04_external_impact_y12N_t0p25_p2l_v2,22.882999999999996,23.282999999999994,0.037502024427528834,0.05782858581450182,0.1830755511843248,0.07206369307534481,0.16666666666666666,0.5048679027637616,0.7835845439977674,2.4917469518464297,0.9824271301753368,0.0,2.8349963083861307e-05,0.00017237916201935424,0.00042138134847162387,0.0002090583901807411,0.0,0.001550914624739521,0.005903074054967982,0.012927601708091452,0.007675275365192529,0.0,0.0015189780755212176,0.005865220417731007,0.012821111787118112,0.007642999479677768,0.0,0.18499999998408476,5.859932293113048e-17,0.00016451108365963073,0.13909039428824357,0.005903074054968112,1.880989690103383,1.7552822112453221,0.006301314058898054,8.772943296133661e-08,1.0,0.0036270463631762743,0.0038569636693153828,0.0001422874834905839,0.6935185185185185,0.6833333333333333,0.005928818738363728,0.5702118321979893,0.5584119373775136,0.005883250172360408,1,1,1,1
04_external_impact_y12N_t0p25_p2l_v2:0008,04_external_impact_y12N_t0p25_p2l_v2,23.082999999999995,23.482999999999993,0.009466468701059452,0.025549426796349913,0.04824887428587138,0.029506039519950525,0.0,0.11990709750305051,0.3427290546223041,0.6684658713577606,0.3992995055006267,0.0,1.05925324868861e-05,0.00017466722358239371,0.00048731236718465047,0.0002115224509483407,0.0,0.0029454288200279357,0.0072546293893917535,0.012927601708091452,0.007788585743401589,0.0,0.0029350797793228933,0.007208783708362264,0.012821111787118112,0.007796791790293069,0.0,0.24999999999231898,4.4480089127610447e-17,0.00013635940136596806,0.24053353129125987,0.007254629389391893,0.01432556099511201,0.007515003497464752,0.004849159083391594,8.507176217054281e-08,1.0,0.003615272328433646,0.0038813077754531614,0.00022115210975541056,0.6990740740740741,0.6833333333333333,0.008124967025363075,0.5561873229699806,0.5399688287236629,0.011571721606207978,1,1,1,1
04_external_impact_y12N_t0p25_p2l_v2:0009,04_external_impact_y12N_t0p25_p2l_v2,23.282999999999994,23.682999999999993,-0.011957368850809483,0.022593589899711886,0.04544395987429828,0.026193608591239197,0.0,-0.16664962687660187,0.30615988798895827,0.6426746438217136,0.3563954955415964,0.0,6.884713951324437e-05,0.00017703157095176,0.00048731236718465047,0.0001955998564300046,0.0,-0.001894038177791823,0.00651956678629715,0.01414454491790268,0.007342902493257147,0.0,-0.0020012227312575484,0.006537104078177632,0.01403825625034624,0.007332411619672926,0.0,0.24999999999231495,0.0,0.00015192133444039303,0.2619573688431249,0.00651956678629715,0.013425912223959528,0.006157451032714389,0.004703954863503497,8.498797326549883e-08,1.0,0.00361322613941675,0.003942920643746542,0.00026200902861181545,0.7046296296296296,0.7,0.00498626371030976,0.5438866744759588,0.5374914446302375,0.005248904296406211,1,1,1,1
04_external_impact_y12N_t0p25_p2l_v2:0010,04_external_impact_y12N_t0p25_p2l_v2,23.482999999999993,23.882999999999992,-0.01099550272631411,0.025024884041494926,0.04544395987429828,0.027157330282603954,0.0,-0.1477142098524201,0.3445602561451533,0.6426746438217136,0.3769839888482854,0.0,5.35777917201552e-05,0.00013579857786971428,0.0002869063515516833,0.00014874646995002462,0.0,-0.0018245217975269977,0.006589083166561976,0.01414454491790268,0.007295409045806887,0.0,-0.0018347576863977759,0.006703569123037405,0.01403825625034624,0.007350255299297506,0.0,0.249999999992312,0.0,0.0001478336858338275,0.2609955027186258,0.006589083166561976,0.014427489365273658,0.006159682609850608,0.004729153020267921,7.394860544872999e-08,1.0,0.00351539685809431,0.003942920643746542,0.0002812795254884509,0.6981481481481482,0.6888888888888889,0.008281733249999236,0.5380071032879766,0.5219669466170747,0.007937855024616245,1,1,1,1
04_external_impact_y12N_t0p25_p2l_v2:0011,04_external_impact_y12N_t0p25_p2l_v2,23.682999999999993,24.08299999999999,0.008383554188599531,0.022886727204568125,0.03910123499604279,0.02401589027476946,0.0,0.12888018724104677,0.3009701336742515,0.45787498590357445,0.30359888133897217,0.0,3.583945070014018e-05,0.00013828560500514953,0.0005998509365155653,0.00019919430029224154,0.0,0.0033988325740942,0.005991754762440807,0.010853249007168645,0.0056112441333242506,0.0,0.0033854071270470946,0.006065465278170457,0.010792790855672543,0.005694326224488705,0.0,0.24999999999231193,0.0,0.00013729749030275823,0.24161644580371244,0.005991754762440807,0.014019260805436083,0.0060330172279964515,0.004892975569650576,6.013813515291406e-08,1.0,0.003671433643551092,0.0045691258258749815,0.00045054083544032763,0.6925925925925926,0.6888888888888889,0.004140866624999596,0.5211917748068741,0.4981940556608855,0.015627609724900994,1,1,1,1
04_external_impact_y12N_t0p25_p2l_v2:0012,04_external_impact_y12N_t0p25_p2l_v2,23.882999999999992,24.28299999999999,0.012400415935764261,0.02543416093444519,0.04278612643586319,0.02647957373110474,0.0,0.1761270666058854,0.3287520619070769,0.5600303491421421,0.33186854392796306,0.0,1.5654248437652025e-05,0.00014041684801272922,0.0005998509365155653,0.00020703566652641902,0.0,0.004628432752561341,0.00739026766282815,0.014425853829515247,0.007386650674431418,0.0,0.004588834798970257,0.007428401187085929,0.014464638225449801,0.0074659347098290614,0.0,0.24999999999231193,0.0,0.0001419521021227308,0.23759958405654769,0.00739026766282815,0.014557188026412461,0.0063392850631215315,0.004378651436923078,6.666490060883303e-08,1.0,0.0038260324656839858,0.0045691258258749815,0.00034116489856506846,0.6916666666666668,0.6777777777777778,0.007691318391590783,0.49896123514437263,0.4806557446772463,0.012283906947384052,1,1,1,1
04_external_impact_y12N_t0p25_p2l_v2:0013,04_external_impact_y12N_t0p25_p2l_v2,24.08299999999999,24.48299999999999,0.01760078430508973,0.019375548870702624,0.04278612643586319,0.015988652218831365,0.0,0.23253258595584272,0.2569193051980764,0.5600303491421421,0.21109395812432602,0.0,-1.66464577147911e-05,0.00013668125268798096,0.0003399972766983819,0.00016838171093052156,0.0,0.004172477210115656,0.004493434999764631,0.014425853829515247,0.00534870056328078,0.0,0.0041436560340949785,0.004544412086815663,0.014464638225449801,0.005409816183260101,0.0,0.24999999999231193,0.0,0.00017050350023151327,0.23239921568722222,0.004493434999764631,0.015850336173038236,0.007627586084875961,0.00473324310422814,7.918346286668537e-08,1.0,0.003684774056294468,0.003890099312198717,0.0001394473572921455,0.6944444444444445,0.6777777777777778,0.008486251286955229,0.4967377107195696,0.4806557446772463,0.011333193451591912,1,1,1,1
04_external_impact_y12N_t0p25_p2l_v2:0014,04_external_impact_y12N_t0p25_p2l_v2,24.28299999999999,24.68299999999999,0.0017296643047977067,0.01465299207877204,0.025950883401052754,0.016351743913648145,0.0,0.025381292320474647,0.19219574494304736,0.3526077896174742,0.21537597683258686,0.0,-3.407674488679209e-05,0.0001413308848762429,0.0003399972766983819,0.0001708063603761252,0.0,-0.0011226073533018152,0.002602035792356766,0.007499960459052741,0.003343546447535033,0.0,-0.0011501335060566293,0.0026116424273997314,0.007305467899499406,0.00326875934168128,0.0,0.2499999999923122,0.0,0.00017678826224883505,0.2482703356875143,0.002602035792356766,0.01677541726273561,0.007403479335638561,0.005360606321021949,8.400039587485274e-08,1.0,0.0038123263824184294,0.003989939941608638,0.00020516189918029523,0.6935185185185185,0.6833333333333333,0.00674084249007453,0.4986225369639296,0.48895521663451996,0.009173598293912625,1,1,1,1
04_external_impact_y12N_t0p25_p2l_v2:0015,04_external_impact_y12N_t0p25_p2l_v2,24.48299999999999,24.88299999999999,-0.0030241865946429025,0.010628575419917454,0.022474693661725165,0.012173178593629895,0.0,-0.03696525704405545,0.13979321562271765,0.3042067461928792,0.16196517718578002,0.0,9.44645074577238e-06,0.00014561393840659964,0.0004932412069980099,0.00018609452631437222,0.0,-0.0008128758630128807,0.0032146723355381142,0.007499960459052741,0.0038179364665828397,0.0,-0.0007335492958591292,0.0032168213855249977,0.007305467899499406,0.0037963422211363873,0.0,0.2499999999923122,0.0,0.000144889950664814,0.25302418658695486,0.0032146723355381142,0.01588669391182649,0.00623568775228277,0.004585352843457107,8.176879987495356e-08,1.0,0.0038454643994862148,0.004048350068644928,0.00021374073363964195,0.6898148148148149,0.6833333333333333,0.004986263710309709,0.49418442149273517,0.48895521663451996,0.003936737964549734,1,1,1,1
04_external_impact_y12N_t0p25_p2l_v2:0016,04_external_impact_y12N_t0p25_p2l_v2,24.68299999999999,25.082999999999988,0.009194286008208393,0.016199323891891704,0.04506090243291963,0.019418760015046926,0.0,0.11250868794150527,0.20180528147519378,0.5482919356711113,0.24060911119079373,0.0,-2.6371764197948807e-05,0.0001548232502135564,0.0004932412069980099,0.0001903235031657303,0.0,0.0045013732842228505,0.0048913305304695825,0.008960112041279675,0.0032785298848345113,0.0,0.004609582995535056,0.004978019478668891,0.009080764099983313,0.003245745911498551,0.0,0.24999999999231165,0.0,0.0001514844708250769,0.24080571398410336,0.0048913305304695825,0.012917225050383962,0.005626218576975748,0.0034480591525399285,7.241271996884129e-08,1.0,0.004072697729426106,0.004717239243128656,0.00038714268968337377,0.6920634920634922,0.6833333333333333,0.0058321184351980224,0.4977140705748149,0.49218043477450585,0.005328581442639178,1,1,1,1
04_external_impact_y12N_t0p25_p2l_v2:0017,04_external_impact_y12N_t0p25_p2l_v2,24.88299999999999,25.282999999999987,0.002698380369778553,0.017425292677089695,0.04506090243291963,0.021701703822552786,0.0,0.028730537192346767,0.21450130946200746,0.5482919356711113,0.2650175852474116,0.0,-4.057315835371757e-05,0.000161798823522067,0.00040180876237484633,0.00018611124533890783,0.0,0.0025696443198920385,0.006019122712653529,0.00914396559501738,0.006010069904676231,0.0,0.002636174464446107,0.006104219759125001,0.009080764099983313,0.006011490462345916,0.0,0.24999999999231165,0.0,0.00016512938158324812,0.24730161962253314,0.006019122712653529,0.012459047837312161,0.005200722811350928,0.0029827091413464862,6.6120052568496e-08,1.0,0.004063884286411724,0.004717239243128656,0.0004883843438146261,0.684920634920635,0.6722222222222223,0.00925547919816711,0.49446139709578824,0.4808414600610156,0.008759948478125761,1,1,1,1
04_external_impact_y12N_t0p25_p2l_v2:0018,04_external_impact_y12N_t0p25_p2l_v2,25.082999999999988,25.482999999999986,0.011529757462275378,0.027425681717912043,0.07687435398858597,0.034717910221443674,0.0,0.1452332723650118,0.3484636518503313,0.9381793609131952,0.4325167471504931,0.0,1.1912646842438635e-05,0.00015033215412482674,0.00040180876237484633,0.0001777881602716359,0.0,-0.0017584853011411328,0.0071605693350204795,0.012433213452768748,0.007656420619250556,0.0,-0.0017078704667775023,0.007100589568242277,0.012319417366343828,0.00755870686943235,0.0,0.24999999999231245,0.0,0.00014490256874952055,0.23847024253003735,0.0071605693350204795,0.014558436280205398,0.006189403948914081,0.0039002988825726807,7.986485713160514e-08,1.0,0.003812387303123093,0.004371030878963996,0.0004246382313270631,0.6731481481481482,0.6666666666666666,0.003817690394090445,0.4957506674943665,0.4808414600610156,0.010319386502120097,1,1,1,1
04_external_impact_y12N_t0p25_p2l_v2:0019,04_external_impact_y12N_t0p25_p2l_v2,25.282999999999987,25.682999999999986,0.019687964100886825,0.03118045733705294,0.07687435398858597,0.03381891805442233,0.0,0.2476527731131234,0.4003499090437224,0.9381793609131952,0.4260599478313289,0.0,-2.778055742357796e-05,0.00016547780610156275,0.0004404045773944474,0.00020026654173572358,0.0,0.0008260237612047024,0.008345333677522599,0.012721699448182047,0.009029234048164551,0.0,0.0008942548326881425,0.008268977443430251,0.012669604679924527,0.008937084417405499,0.0,0.24999999999231245,0.0,0.00015099957647449967,0.23031203589142593,0.008345333677522599,0.015619236038173438,0.006774246503116594,0.004427977633391519,9.782191905767868e-08,1.0,0.00379819844347829,0.004284489330491201,0.0002893747583289216,0.6675925925925926,0.6611111111111111,0.00498626371030976,0.5018701901059791,0.4933949113253876,0.006171931474430427,1,1,1,1
04_external_impact_y12N_t0p25_p2l_v2:0020,04_external_impact_y12N_t0p25_p2l_v2,25.482999999999986,25.882999999999985,0.00972493492133084,0.019750226587124917,0.04010733426276922,0.02205785622440149,0.0,0.12953560681045306,0.2668628878447404,0.5393996978765134,0.2990163154837711,0.0,-4.3869868433985697e-05,0.00017802037688723204,0.0004404045773944474,0.00020793165145148202,0.0,0.004011530641461714,0.00663617737983974,0.012721699448182047,0.006610919774719987,0.0,0.0041073088102008826,0.006719624229715254,0.012669604679924527,0.006611737709647798,0.0,0.24999999999231193,0.0,0.00017325266817013038,0.2402750650709811,0.00663617737983974,0.0153319026309248,0.006787092175076856,0.0039012372749920744,1.1406191689630109e-07,1.0,0.003604072569076021,0.003939344283235993,0.0002595534560089021,0.6685185185185186,0.6611111111111111,0.006141897759917436,0.5057950842243354,0.4933949113253876,0.011615830156854112,1,1,1,1
04_external_impact_y12N_t0p25_p2l_v2:0021,04_external_impact_y12N_t0p25_p2l_v2,25.682999999999986,26.082999999999984,0.010055625630471405,0.012971296015304645,0.03841545852736669,0.014232906129420504,0.0,0.137757154773594,0.1787337315508669,0.5393996978765134,0.200486640451905,0.0,-2.107943366328406e-05,0.0001662814480010469,0.0004647922822917133,0.00019579709948891545,0.0,0.0034374116560141276,0.005452878050061159,0.010374555476246878,0.005212643847046559,0.0,0.003491791772766005,0.0055577620026865115,0.010606863004855645,0.005295942269773967,0.0,0.24999999999231193,0.0,0.00015596143071994138,0.2399443743618405,0.005452878050061159,0.014368590295636514,0.0062907587188766835,0.003383158055209383,1.0264047134899336e-07,1.0,0.003569637290237182,0.003939344283235993,0.00030213910519216936,0.6666666666666666,0.65,0.009072184232530303,0.5179617270858458,0.49961404195962156,0.012510595725497101,1,1,1,1
04_external_impact_y12N_t0p25_p2l_v2:0022,04_external_impact_y12N_t0p25_p2l_v2,25.882999999999985,26.282999999999983,0.015451237847101775,0.015451237847101775,0.02828058277699602,0.009061726465393546,0.0,0.20121696270958037,0.20121696270958037,0.3524372324309209,0.11420158179566343,0.0,1.2414255374145845e-05,0.00015751257060271471,0.0004647922822917133,0.00018946264384688466,0.0,0.0027769799320683263,0.004792446326115358,0.008057697312598228,0.004556565042603896,0.0,0.00278349083733543,0.004849461067255937,0.008026215000586959,0.004590567503401061,0.0,0.24999999999231193,0.0,0.00015946751342304355,0.23454876214521014,0.004792446326115358,0.014659637766543545,0.006280229518529188,0.004462085915941779,9.473034843135315e-08,1.0,0.0037621686213318065,0.004142214745004246,0.00034668817338240105,0.6657407407407407,0.65,0.008735167714867235,0.5215339983542021,0.5110992581834809,0.007788334792343254,1,1,1,1
04_external_impact_y12N_t0p25_p2l_v2:0023,04_external_impact_y12N_t0p25_p2l_v2,26.082999999999984,26.482999999999983,0.014383851490341396,0.02941057838610975,0.04579848394466984,0.028365793899946673,0.0,0.19147058107852652,0.38555859256221275,0.6385955532440118,0.3749466878083491,0.0,-3.240882330101754e-05,0.00017893851511062233,0.000478485349069492,0.00022379836006967884,0.0,0.0032401502356135137,0.004304969940917824,0.006654633209327774,0.003239457495707436,0.0,0.003334091091750388,0.0044141055996844,0.006691581702473887,0.0032813736167944625,0.0,0.24999999999231193,0.0,0.00019977435278584316,0.23561614850197055,0.004304969940917824,0.014471568064049693,0.006644289716902018,0.004565437664747428,9.730697801893938e-08,1.0,0.003882733996500862,0.004218597070746038,0.00031838495990374016,0.6638888888888889,0.65,0.010516496936667175,0.5095301371350133,0.49775074359660765,0.010184615749198727,1,1,1,1
04_external_impact_y12N_t0p25_p2l_v2:0024,04_external_impact_y12N_t0p25_p2l_v2,26.282999999999983,26.682999999999982,0.017463719808537153,0.03249044670430551,0.04579848394466984,0.030412253795607403,0.0,0.22050490613340878,0.41459291761709505,0.6385955532440118,0.39163736731179344,0.0,-4.606639979562723e-05,0.00018041606875018922,0.000478485349069492,0.00023115786902122042,0.0,0.0038474599659279432,0.004912279671232253,0.01221149215739821,0.004646542276994536,0.0,0.0038868411916842143,0.004966855699618226,0.012172615485965654,0.004672896789562859,0.0,0.24999999999231193,0.0,0.00019327844564049387,0.23253628018377479,0.004912279671232253,0.013176648717919038,0.005682724086943833,0.004051972035101196,6.821262706919272e-08,1.0,0.004021537879129983,0.004845741677481267,0.0004455366758834654,0.6601851851851851,0.65,0.008735167714867221,0.49402240583167417,0.48252892213424536,0.006570282299932294,1,1,1,1
04_external_impact_y12N_t0p25_p2l_v2:0025,04_external_impact_y12N_t0p25_p2l_v2,26.482999999999983,26.88299999999998,0.03306272046345159,0.03306272046345159,0.06359605723335793,0.01655402194088616,0.0,0.4130864118009647,0.4130864118009647,0.8240023855740859,0.2101997154341634,0.0,2.1230710444318336e-05,0.0001596402416132944,0.0004767778271983094,0.00020187868423692567,0.0,0.0035241393543173367,0.004623990522189011,0.01221149215739821,0.005052622877025566,0.0,0.0035270480945922555,0.004579418255112904,0.012172615485965654,0.005028256738234902,0.0,0.2799999999883518,0.0,0.00016278488497356686,0.2502706128598452,0.004623990522189011,1.1882797990164307,1.15546800960267,0.005205805047205244,6.294241754442769e-08,1.0,0.004126057503324652,0.004845741677481267,0.0003493914828304437,0.662037037037037,0.6555555555555556,0.004986263710309709,0.4977377614986987,0.48252892213424536,0.017374113013947385,1,1,1,1
04_external_impact_y12N_t0p25_p2l_v2:0026,04_external_impact_y12N_t0p25_p2l_v2,26.682999999999982,27.08299999999998,0.011253231905549535,0.03872449241911682,0.07446161090921805,0.04425283166285096,0.0,0.1421465085377077,0.4914351848451622,0.9454707613802171,0.5636877352843421,0.0,-3.092996699534133e-05,0.00015073316752923404,0.0004423792328834257,0.0001893311302194567,0.0,0.0010388059698512575,0.006925433802574234,0.0159918629264604,0.008594639358849668,0.0,0.0011337067873827362,0.006910560400210672,0.016190617158421315,0.00862528379485633,0.0,0.3299999999873471,0.0,0.00014389785161325386,0.32208010141674254,0.006925433802574234,1.1882682454300908,1.15573534783593,0.00494446862529791,1.075231137879507e-07,1.0,0.004041816691009763,0.004205618719298377,0.00011911841050342356,0.6398148148148148,0.5666666666666667,0.03505091339027352,0.5152522606280165,0.48939266059034997,0.016415060132435447,1,1,1,1
04_external_impact_y12N_t0p25_p2l_v2:0027,04_external_impact_y12N_t0p25_p2l_v2,26.88299999999998,27.28299999999998,-0.018998627463646316,0.03299225163376118,0.07446161090921805,0.03882982080223466,0.0,-0.24186696194841686,0.41548144229158573,0.9454707613802171,0.48760637664685713,0.0,-6.363084042069683e-05,0.0001481274995208303,0.00041301048552132676,0.00016780016563617937,0.0,-0.002146172777914249,0.00928541531618409,0.019328914611598236,0.011228414568849935,0.0,-0.0020194825916155235,0.009289778864196482,0.01945390042729386,0.011332662103750743,0.0,0.3499999999903025,0.0,0.0001444105038539012,0.3689986274539488,0.00928541531618409,0.013881049981060866,0.006451501433681489,0.004334338727417083,1.0879855195682311e-07,1.0,0.004067449655510878,0.004300109832760595,0.00014690100987888656,0.625,0.5666666666666667,0.039642175238162304,0.5334990054100881,0.5214968826723111,0.010226538234649748,1,1,1,1
04_external_impact_y12N_t0p25_p2l_v2:0028,04_external_impact_y12N_t0p25_p2l_v2,27.08299999999998,27.48299999999998,-0.01292554058371928,0.02513315586015281,0.06099554345517688,0.028903633149165164,0.0,-0.17145368175938216,0.3225382959580142,0.7625472136992856,0.3625985695907562,0.0,-2.8968412388792786e-05,0.00015015691629612652,0.0003121153774165783,0.00017240542175938942,0.0,-0.002603075234190689,0.007824912335946906,0.019328914611598236,0.009603727906516863,0.0,-0.0024955483152792556,0.007827780646814348,0.01945390042729386,0.009677156588566521,0.0,0.3499999999903025,0.0,0.00015978829832480026,0.3629255405740219,0.007824912335946906,0.014153447600375818,0.006883203190630757,0.004510444116019001,7.08013570311239e-08,1.0,0.0038925901761356317,0.004300109832760595,0.0003877029085185345,0.6370370370370371,0.5888888888888889,0.03817690394090426,0.5478553516822386,0.5430917968093335,0.00525915540899962,1,1,1,1
04_external_impact_y12N_t0p25_p2l_v2:0029,04_external_impact_y12N_t0p25_p2l_v2,27.28299999999998,27.68299999999998,0.019381150809921265,0.03292022866995314,0.06442936732562005,0.03063621366444456,0.0,0.2590355659562874,0.4449678157411358,0.8896115761395904,0.41801321001005576,0.0,7.939021616187501e-06,0.00016623426126692543,0.0003163549542854027,0.00018768189550095272,0.0,0.00497076212255585,0.008753938263446408,0.01310526134313384,0.007940495138556273,0.0,0.0049663378568669805,0.008704888815455865,0.013091376350234421,0.007865534605659466,0.0,0.3499999999903025,0.0,0.0001868853210743408,0.33061884918038126,0.008753938263446408,0.012419415824647638,0.006793746290058063,0.005580175679093975,8.010563440386977e-08,1.0,0.0035790085709790274,0.004189111532422287,0.0003246110104151404,0.6574074074074074,0.6,0.02986021388258724,0.5490815194100012,0.5369700833367661,0.007805598309229125,1,1,1,1
04_external_impact_y12N_t0p25_p2l_v2:0030,04_external_impact_y12N_t0p25_p2l_v2,27.48299999999998,27.882999999999978,0.0319509438134734,0.03553981257206661,0.06442936732562005,0.024440335117498026,0.0,0.41615583089655117,0.4662588454387931,0.8896115761395904,0.3229326549610302,0.0,1.586506973582616e-05,0.0001945113562769598,0.0003435235372458263,0.0002100459716032709,0.0,0.008437372907643728,0.008556591290891443,0.01927560730431673,0.006844277434563257,0.0,0.008465534605141626,0.008500110179277652,0.019229588350260018,0.006719689552888414,0.0,0.3499999999903025,0.0,0.00020114636977293992,0.3180490561768291,0.008556591290891443,0.014650609127060496,0.007217549952824083,0.006323298182446832,7.284135851554088e-08,1.0,0.003743058991512933,0.00447638997595103,0.0004258030149505112,0.6611111111111111,0.6333333333333333,0.014344382763731196,0.5470422539755101,0.5369700833367661,0.00733740671139191,1,1,1,1
04_external_impact_y12N_t0p25_p2l_v2:0031,04_external_impact_y12N_t0p25_p2l_v2,27.68299999999998,28.082999999999977,0.025961784866411552,0.029550653625004763,0.05695742239963003,0.021523812501558236,0.0,0.31240031283049946,0.36250332737274144,0.6759551362815372,0.260588549683077,0.0,-1.811687797524214e-05,0.0001623011079950711,0.0003435235372458263,0.00018079193990905626,0.0,0.007637010321225425,0.00775622870447314,0.01927560730431673,0.006907866815838327,0.0,0.007615216245044901,0.007649791819180927,0.019229588350260018,0.006781704416326534,0.0,0.3499999999903025,0.0,0.00018614689891924746,0.3240382151238909,0.00775622870447314,0.014900226951806046,0.006198809218342099,0.004855761690716221,6.736758020945302e-08,1.0,0.004048728662367316,0.004852227887941005,0.0005104259108736082,0.648148148148148,0.6333333333333333,0.009972527420619461,0.550831757861605,0.5308263590382976,0.01232632323461908,1,1,1,1
04_external_impact_y12N_t0p25_p2l_v2:0032,04_external_impact_y12N_t0p25_p2l_v2,27.882999999999978,28.282999999999976,0.010335729195203924,0.025522082473130814,0.0394359672348385,0.02650684326906649,0.0,0.11861947802726262,0.32408403758796117,0.5069384182400891,0.3380234381650029,0.0,1.9945422740846116e-05,0.00013303639608301256,0.0003205082705209606,0.00015641840439037017,0.0,0.003777004585029542,0.0064930987391297575,0.01310011862511996,0.0064644860516605215,0.0,0.0037382716851987307,0.006338344446700904,0.012884628944320508,0.0063139346562182605,0.0,0.3499999999903025,0.0,0.00016569171998106357,0.3396642707950986,0.0064930987391297575,0.013149709916316747,0.005873936641909701,0.0042116624971776425,1.006556292807521e-07,1.0,0.003858998439726287,0.004852227887941005,0.0005227963597221018,0.6351851851851852,0.5944444444444444,0.020201318730806887,0.5625323566818461,0.5308263590382976,0.015561402907410211,1,1,1,1
04_external_impact_y12N_t0p25_p2l_v2:0033,04_external_impact_y12N_t0p25_p2l_v2,28.082999999999977,28.482999999999976,0.00620717891380738,0.02237249164462235,0.03972328629597266,0.02550953915010975,0.0,0.08079790630121907,0.29951496456336774,0.5460791275561391,0.34316434732199796,0.0,6.45722449028004e-07,0.00015924294803754574,0.0003769269270466462,0.00019513758979706886,0.0,0.002589181264366079,0.0053052754184662945,0.009600178690833046,0.005310241651048264,0.0,0.0026986659706977442,0.005298738732199917,0.009798530259367473,0.005291949609779679,0.0,0.3499999999903025,0.0,0.0001637883254053575,0.34379282107649517,0.0053052754184662945,0.013449726568506959,0.0069471354672072634,0.0037091247422920367,8.595291360039257e-08,1.0,0.003615308231441601,0.004085750699135746,0.0002737198142011445,0.6361111111111111,0.5944444444444444,0.021456722641215682,0.5656076314837458,0.5468989756413927,0.010385762482071185,1,1,1,1
04_external_impact_y12N_t0p25_p2l_v2:0034,04_external_impact_y12N_t0p25_p2l_v2,28.282999999999976,28.682999999999975,0.014393599115209516,0.017246829684854553,0.03972328629597266,0.01685339566240787,0.0,0.18972668433648354,0.22772806176119387,0.5460791275561391,0.22636866571438705,0.0,1.2960233101940055e-05,0.0001743371705577298,0.0003769269270466462,0.00020398911844586153,0.0,0.005117477063397425,0.005515665718700705,0.009600178690833046,0.0034603236438366094,0.0,0.005231171420419467,0.005560211378406863,0.009798530259367473,0.003449813302856805,0.0,0.3499999999903025,0.0,0.00017232562275291047,0.335606400875093,0.005515665718700705,0.014133336083779735,0.007548658297295359,0.004530541723581647,5.825069130175101e-08,1.0,0.0038362443753931917,0.00435740173199888,0.0003052556697975982,0.6546296296296296,0.6333333333333333,0.015186314321163654,0.5533682043694638,0.5373319773352954,0.010404962578961126,1,1,1,1
04_external_impact_y12N_t0p25_p2l_v2:0035,04_external_impact_y12N_t0p25_p2l_v2,28.482999999999976,28.882999999999974,0.002093656024555366,0.0229879900993581,0.05706018887413733,0.029117684181420432,0.0,0.018058310856033377,0.30535262382744177,0.7876363027444446,0.39289804801328615,0.0,0.013025275718278485,0.013097509572648913,0.1191508295300727,0.031189749160772353,0.05,0.027521840730321084,0.027920029385624365,0.1447441105481107,0.052520552964182385,0.16666666666666666,0.02459384100725517,0.02492288096524256,0.12678214133626237,0.045809797853294365,0.16666666666666666,0.3213999999948003,0.048399999979067757,0.03298628067545747,0.326239677299541,0.016338659192865347,1.59387410808253,1.5295848066244515,0.006860410847037285,2.6470360970660588e-05,1.0,0.0038462334749287414,0.00435740173199888,0.00031238775635884395,0.6499999999999999,0.5611111111111111,0.0421880953699797,0.5456787904188399,0.5373319773352954,0.006282910774530934,1,1,1,1
04_external_impact_y12N_t0p25_p2l_v2:0036,04_external_impact_y12N_t0p25_p2l_v2,28.682999999999975,29.082999999999974,-0.0015157186903395486,0.022585193598033095,0.05706018887413733,0.028321515784559857,0.0,-0.02373958334240961,0.30401603960986456,0.7876363027444446,0.38533513583244156,0.0,0.021507762089606704,0.021533252254191358,0.1191508295300727,0.028723782826696603,0.05,0.03770064558954896,0.03770064558954896,0.1447441105481107,0.04887468952916186,0.16666666666666666,0.026293924029852617,0.026479253983942425,0.12678214133626237,0.045179678858881085,0.16666666666666666,0.2563999999961064,0.15839999994957896,0.1344093032446425,0.26484905201574205,0.11186182455491606,1.5942278463809858,1.5244383500797762,0.01554882578684836,2.6462594339149817e-05,1.0,0.00372592470719982,0.003950686265364282,0.00018946024598680603,0.6148148148148148,0.5611111111111111,0.04655483366657978,0.548738746553085,0.5388207175267373,0.007220678502434042,1,1,1,1
04_external_impact_y12N_t0p25_p2l_v2:0037,04_external_impact_y12N_t0p25_p2l_v2,28.882999999999974,29.282999999999973,0.003006659364778503,0.00926367235828598,0.020372857153295953,0.010454102431040785,0.0,0.03793728274778471,0.11921949482058165,0.2739095431968197,0.136570107761875,0.0,0.017699858524712647,0.017699858524712647,0.018698159482528037,0.0007559194495277733,0.0,0.024403664650354265,0.024403664650354265,0.030681933705241915,0.006883389227333629,0.0,0.006918723662215025,0.008770082794826564,0.01338086475900599,0.007075813857583159,0.0,0.21999999999301245,0.21999999994052138,0.2023714501176456,0.21699334062822506,0.1955963352902126,0.049159993134513726,0.009903974835359697,0.007588767135801453,6.304128506181399e-08,1.0,0.003945414967029865,0.004663877750972615,0.00036269883296348264,0.5907407407407407,0.5777777777777777,0.011415581486979588,0.5692314318027271,0.5451261505244598,0.01758465237029694,1,1,1,1
04_external_impact_y12N_t0p25_p2l_v2:0038,04_external_impact_y12N_t0p25_p2l_v2,29.082999999999974,29.482999999999972,-0.005085739502036386,0.011264378689237292,0.0331733478015937,0.014477872281327603,0.0,-0.06064015145939147,0.13493687232843538,0.3832337088408066,0.16937782166064785,0.0,0.01828355216874991,0.01828355216874991,0.018698159482528037,0.00019720289989693006,0.0,0.020534078321608248,0.020534078321608248,0.030681933705241915,0.007504852087045106,0.0,0.002378047474490432,0.006474449199588718,0.0125424873558595,0.007549546946784013,0.0,0.2199999999931901,0.21999999993961042,0.2017477013449276,0.22508573949521757,0.19946592161804774,0.04954650998536502,0.011363678219787333,0.006938207989439862,6.634814079272597e-08,1.0,0.004210665588927915,0.004663877750972615,0.0004029217895666478,0.5796296296296296,0.55,0.016871173294711647,0.6020363232216683,0.5757086307874619,0.018297913313798334,1,1,1,1
04_external_impact_y12N_t0p25_p2l_v2:0039,04_external_impact_y12N_t0p25_p2l_v2,29.282999999999973,29.68299999999997,-0.0038924639326463526,0.0132108097264562,0.0331733478015937,0.015994831105620357,0.0,-0.04401519949307644,0.16111975395053243,0.3832337088408066,0.19110780255626164,0.0,0.018259836955126535,0.018259836955126535,0.018694202171723295,0.00018971723276422939,0.0,0.019310155090318717,0.019310155090318717,0.03037252977624716,0.006313707986754984,0.0,0.0011119570147082685,0.005094055103808698,0.011895723091619625,0.006221245633495792,0.0,0.2199999999933322,0.2199999999388816,0.20175935503967643,0.2238924639259756,0.2006898448485781,0.048385733453282447,0.010061618892563993,0.005494573791504455,6.707720132503272e-08,1.0,0.0041568110879319905,0.0046636002543419585,0.00029457292922066986,0.5731481481481482,0.55,0.016794775136312067,0.628505773359922,0.6110397426106864,0.017697829994074543,1,1,1,1
04_external_impact_y12N_t0p25_p2l_v2:0040,04_external_impact_y12N_t0p25_p2l_v2,29.482999999999972,29.88299999999997,0.017182241333939738,0.01911156046494922,0.0650621790378049,0.022461144069324188,0.0,0.21914403742602606,0.24477399045047907,0.8394484812483142,0.2905624086870029,0.0,0.005923615734772526,0.025097696002700287,0.16634264590777342,0.04059869939941244,0.05,-0.022573650304479262,0.0628525624624456,0.2562786383007746,0.10479773107327844,0.16666666666666666,-0.013205621548745347,0.024795291410230253,0.10898573253188332,0.0435046007646993,0.16666666666666666,0.21999999999346986,0.21999999992364594,0.19691020169228168,0.20281775865970922,0.19490698362219694,0.6535780305686645,0.6239422532426454,0.005834051299948854,8.688209008756573e-08,1.0,0.00396155753108442,0.0041346327875745985,0.00014349499445834744,0.5796296296296296,0.5555555555555556,0.019422386077225007,0.6491750291999648,0.6237206650639918,0.021220304669047493,1,0,0,1
04_external_impact_y12N_t0p25_p2l_v2:0041,04_external_impact_y12N_t0p25_p2l_v2,29.68299999999997,30.08299999999997,0.019070277207098377,0.022951342499671387,0.0650621790378049,0.02354252239584561,0.0,0.23673750654366446,0.2866629281585406,0.8394484812483142,0.30308809118624946,0.0,-0.0035528560231745344,0.016292765915436436,0.16634264590777342,0.038787428263593125,0.05,-0.03811089419048601,0.06082421937465362,0.2562786383007746,0.1003285444413185,0.16666666666666666,-0.018629221222499256,0.029424075921160833,0.10898573253188332,0.043739013928620556,0.16666666666666666,0.21999999999303296,0.21999999992661506,0.20560625115067718,0.2009297227861361,0.20147177176466746,0.6537989979207663,0.6233831467340663,0.008989843502283563,8.544341479420209e-08,1.0,0.004164634739047497,0.004570649689576061,0.0002938553223969617,0.5861111111111111,0.5555555555555556,0.015957118462605616,0.65297136953822,0.6315596071016673,0.01811309697469464,1,0,0,1
04_external_impact_y12N_t0p25_p2l_v2:0042,04_external_impact_y12N_t0p25_p2l_v2,29.88299999999997,30.28299999999997,0.025165542406020976,0.029046607698593987,0.0655681533764082,0.02286934618244608,0.0,0.29657827175737617,0.3465036933722523,0.7502609871193716,0.27087554297874455,0.0,-0.00032878340984671963,0.0004214956574834422,0.005485075590236976,0.001198780003036773,0.0,-0.005438548203563852,0.015536632015264918,0.040526702394644315,0.01881398555310395,0.0,-0.004432438942214914,0.014645486398328167,0.03481232918162508,0.01713428651756561,0.0,0.21999999999254002,0.2199999999445495,0.21955785671390915,0.19483445758653853,0.21456145174079866,0.05217468175649387,0.011026023722272833,0.006893999648461286,6.707069346341664e-08,1.0,0.004398319748900319,0.004847008873781517,0.0004084362770670253,0.5907407407407407,0.5611111111111111,0.015930231976004867,0.6185847856127286,0.5814376784077123,0.03066866371915939,1,1,1,1
04_external_impact_y12N_t0p25_p2l_v2:0043,04_external_impact_y12N_t0p25_p2l_v2,30.08299999999997,30.48299999999997,0.029625209183179096,0.02986511576144556,0.0655681533764082,0.021348269353946268,0.0,0.3486065740986463,0.35160758233906203,0.7502609871193716,0.24735226487623957,0.0,-0.011023735194841493,0.011080337033090101,0.07727050523716292,0.018314093984595336,0.0,-0.003568179241480174,0.010140305960418539,0.017022655855746388,0.011262230516192151,0.0,0.0024616757763546346,0.010458054070469144,0.02052543419491587,0.012435995367724122,0.0,0.21999999999505918,0.2199999999372732,0.21024187422880183,0.1903747908108169,0.2164318207020677,0.6067289537080761,0.5574358472183535,0.013139634128218447,6.99910541913896e-08,1.0,0.004465261882803574,0.004847008873781517,0.0003954740072022975,0.587962962962963,0.5611111111111111,0.015521346865037235,0.5820912571364422,0.5615201523910938,0.01393435470270148,1,1,1,1
04_external_impact_y12N_t0p25_p2l_v2:0044,04_external_impact_y12N_t0p25_p2l_v2,30.28299999999997,30.682999999999968,0.019947346103668894,0.02122321124346054,0.05136140521974311,0.02072341109372341,0.0,0.24862798157926827,0.2634983408233005,0.6813997217916348,0.2604201369218507,0.0,-0.056201581771245526,0.0625056955534792,0.38729587101554097,0.10473577298712325,0.2,-0.05917716389475596,0.060187651853938956,0.28461952270705526,0.10207362846719661,0.16666666666666666,0.0010062434795449007,0.02569510321690936,0.05882750018318361,0.03521745231291901,0.0,0.21999999999529232,0.21999999995436498,0.18966186223444614,0.20005265388414692,0.18236267696218111,2.7051791402188226,2.165052687232163,0.16516926680028968,6.387228599919074e-08,1.0,0.0042520332696060065,0.004749281500369335,0.00046457221073502216,0.5953703703703703,0.5611111111111111,0.02633604195060722,0.5506260971106577,0.5243762847011403,0.02366001409000574,1,0,0,1
04_external_impact_y12N_t0p25_p2l_v2:0045,04_external_impact_y12N_t0p25_p2l_v2,30.48299999999997,30.882999999999967,0.017784666153415396,0.018820624714940577,0.05136140521974311,0.01801014070190705,0.0,0.2239747272659526,0.23584407826956907,0.6813997217916348,0.23520524230334414,0.0,-0.034778076230315216,0.0619916885939531,0.38729587101554097,0.12096376560682247,0.25,-0.05755036763856971,0.0606380233752488,0.28461952270705526,0.10292435563828099,0.16666666666666666,-0.003476185181845159,0.02591532940266515,0.05882750018318361,0.03455260391037241,0.0,0.2089999999967329,0.2089999999631696,0.1991177885155459,0.2022153338330571,0.18398947321809644,3.0447318625189386,2.480088920981097,0.02519867201545217,4.3355922668420976e-05,1.0,0.004353103846474145,0.004846291182677038,0.0004941226146032348,0.5879629629629629,0.55,0.03198132599846398,0.5049550305307404,0.4707101151501753,0.02467844273463694,1,0,0,1
04_external_impact_y12N_t0p25_p2l_v2:0046,04_external_impact_y12N_t0p25_p2l_v2,30.682999999999968,31.082999999999966,-0.025510160634100734,0.048776655200187924,0.222860447502866,0.0886990381326418,0.16666666666666666,-0.3000638498960739,0.5812974002159595,2.6440837503361,1.0535157350861957,0.0,0.016266828385747896,0.01640511740235259,0.20834770284891607,0.05086144810035847,0.1,0.03767496195785333,0.04284916123377556,0.20212665185316622,0.0746757075521434,0.16666666666666666,0.004658352574285272,0.009945174974441931,0.030031430918361402,0.012951814566831083,0.0,0.09900000000266695,0.0989999999791763,0.11760072172696993,0.14371684299223556,0.1477833801664072,1.8546145486254135,1.757040005875392,0.019770420820655256,4.338519116891834e-05,1.0,0.004329479000717884,0.004846291182677038,0.0004491681739704589,0.6074074074074075,0.55,0.05108560823753232,0.472899576057467,0.45838025526018866,0.01193845071563177,1,1,1,1
04_external_impact_y12N_t0p25_p2l_v2:0047,04_external_impact_y12N_t0p25_p2l_v2,30.882999999999967,31.282999999999966,-0.03063752681712381,0.04373559033072238,0.222860447502866,0.08620329277063196,0.16666666666666666,-0.35778491230017456,0.5247452033909804,2.6440837503361,1.025874304030332,0.0,0.005815453773559944,0.006000075292503874,0.11670615181777738,0.02544088275985964,0.05,0.03903882888620288,0.03954297738788435,0.20212665185316622,0.07375030875842935,0.16666666666666666,0.006097509354526469,0.006605897281786149,0.030031430918361402,0.010900948081669892,0.0,2.446931546273845e-12,5.397391935100761e-12,0.007965747709812305,0.04373559034075546,0.03954297739598044,1.0585540717191182,1.0306329557973533,0.004548305391344477,8.978688856445157e-08,1.0,0.004025682790507664,0.004498133487585047,0.0003741564351254597,0.6601851851851852,0.5777777777777777,0.03690950264443476,0.46561511278136836,0.45838025526018866,0.0032445231613560457,1,1,1,1
04_external_impact_y12N_t0p25_p2l_v2:0048,04_external_impact_y12N_t0p25_p2l_v2,31.082999999999966,31.482999999999965,0.003540772999011423,0.009389978024531037,0.01728871113588627,0.010543976714042285,0.0,0.040638942603726434,0.1189974233166255,0.23156884540133268,0.13630585700098227,0.0,-3.202907805443437e-05,0.00015389132066392762,0.00041140800470751085,0.00018111400685767232,0.0,-0.0002850868560557563,0.0032130114323592005,0.00680369130476259,0.003941441353626314,0.0,-0.0002479210007463764,0.003249038094114188,0.006755469546201056,0.003966759844010687,0.0,0.0,0.0,0.00015379379289855643,0.009389978024531037,0.0032130114323592005,0.01424733837951385,0.006926422618858094,0.004180834979351276,7.354984242980276e-08,1.0,0.004010932163160577,0.004498133487585047,0.0003098576959701012,0.6731481481481482,0.6666666666666666,0.004986263710309756,0.46506433861814944,0.45912319226325077,0.0028329174891747553,1,1,1,1
04_external_impact_y12N_t0p25_p2l_v2:0049,04_external_impact_y12N_t0p25_p2l_v2,31.282999999999966,31.682999999999964,0.00356508159919386,0.02087661532099446,0.04252851761052618,0.023297170351794034,0.0,0.03751689556371279,0.2674840369300126,0.5279113536368045,0.29857689906034013,0.0,3.584461230051878e-05,0.000133652939228871,0.0003416874993989899,0.00015163463099693994,0.0,-0.00023995525665992647,0.004246657939623636,0.007196326751387575,0.004713986271881478,0.0,-0.0002965224914014009,0.004287772690188855,0.007029238764009784,0.00473173531358391,0.0,0.0,0.0,0.00014316347096652785,0.02087661532099446,0.004246657939623636,0.014145666904880078,0.0056398517126890505,0.0033579608638573425,6.449943589915148e-08,1.0,0.003950586585207172,0.004168936995416797,0.00019702441994881153,0.6714285714285715,0.6611111111111111,0.006249212598422101,0.4648042484564869,0.45912319226325077,0.0028107457869730357,1,1,1,1
04_external_impact_y12N_t0p25_p2l_v2:0050,04_external_impact_y12N_t0p25_p2l_v2,31.482999999999965,31.882999999999964,0.04061015813271629,0.06162500931344807,0.256239208397432,0.09251731446750502,0.14285714285714285,0.5615725229405236,0.8375588968782424,3.6126697132184296,1.298279876554773,0.14285714285714285,0.0005123457176186659,0.0005753632995344079,0.004499388561154751,0.001085811219580074,0.0,0.001174480546722034,0.003924154584179874,0.009169520839281698,0.004762227459460194,0.0,0.0007651036458414256,0.003754918537636772,0.007324262288840183,0.00442198358222443,0.0,0.11999999998647759,5.237975295667406e-12,0.0004956226163506921,0.10551207889274594,0.003924154578193616,2.062087305969191,1.8963710274250032,0.004247339645406786,6.638792953589888e-08,1.0,0.0038440970037999754,0.004168936995416797,0.00026145293900020915,0.6674603174603176,0.65,0.010881991429208019,0.4622888933584005,0.449829033707703,0.00672245325693778,0,1,1,1
04_external_impact_y12N_t0p25_p2l_v2:0051,04_external_impact_y12N_t0p25_p2l_v2,31.682999999999964,32.08299999999996,0.04479164830621659,0.06731001320705815,0.256239208397432,0.0992546378222351,0.16666666666666666,0.6319296222164127,0.9106144707168428,3.6126697132184296,1.3854982152472253,0.16666666666666666,0.0006230195465054502,0.0006713877466121141,0.004499388561154751,0.001052835355976761,0.0,0.003334614165679603,0.005978495140979066,0.01249436620021742,0.00638366406020509,0.0,0.0028149145897242342,0.00576097693423757,0.012381970905526108,0.006255011080959689,0.0,0.2699999999821312,1.571392588700222e-11,0.0005752684436325066,0.25520835167392925,0.005978495137487084,2.062089600398708,1.8963271458215984,0.004799225040930959,7.228118265424439e-08,1.0,0.003918552966425736,0.004465547851134879,0.00035126217577305033,0.6527777777777778,0.6333333333333333,0.013513443999376332,0.434849494104302,0.40092743146737286,0.024439949727256008,0,1,1,1
04_external_impact_y12N_t0p25_p2l_v2:0052,04_external_impact_y12N_t0p25_p2l_v2,31.882999999999964,32.282999999999966,0.00788705428780151,0.0283632172304088,0.0425522265240153,0.030743680356886235,0.0,0.09877530862727579,0.3546140095286003,0.5317244305357587,0.38259688122507074,0.0,0.00027439046858414626,0.0003061934795259094,0.0005912295139540057,0.00021683291813751992,0.0,9.120702744224976e-05,0.006165395332789188,0.01249436620021742,0.007158213830241772,0.0,-0.00019544683226172918,0.006329917593276804,0.012381970905526108,0.007233129037857354,0.0,0.2999999999913072,2.095190118266963e-11,0.000296049329877118,0.2921129457035057,0.006165395325805219,0.013971309533057363,0.006055568714847973,0.0038919444010599644,7.68543183270665e-08,1.0,0.004037790158801525,0.004465547851134879,0.00026658619435934115,0.648148148148148,0.6333333333333333,0.008881169487616147,0.40460374416774464,0.39512698660791357,0.011652213473785611,1,1,1,1
04_external_impact_y12N_t0p25_p2l_v2:0053,04_external_impact_y12N_t0p25_p2l_v2,32.08299999999996,32.48299999999996,0.012818045694309091,0.03156804164654967,0.05518940945294315,0.03229865943242847,0.0,0.1609262576658727,0.4015374245153231,0.7127393309824912,0.41263209995753286,0.0,0.0002513938377517027,0.00025330050157156795,0.0005912295139540057,0.00016132427146681898,0.0,-0.002056314170381644,0.002688701438689918,0.008885789368023573,0.0033755289248493686,0.0,-0.0022638801092744708,0.0028743157310973347,0.009121774060725061,0.00341636732672685,0.0,0.2999999999913072,2.095190118266963e-11,0.000267202833170349,0.28718195429699817,0.0026887014247219836,0.012716561640123764,0.005740147417262124,0.0043563059891687465,7.265958595710061e-08,1.0,0.004043940865629265,0.004381032023710173,0.00023256819550133357,0.649074074074074,0.6444444444444445,0.005928818738363728,0.3985691226255503,0.3937661025721686,0.004821084497801541,1,1,1,1
04_external_impact_y12N_t0p25_p2l_v2:0054,04_external_impact_y12N_t0p25_p2l_v2,32.28299999999996,32.68299999999996,0.008614824550058242,0.021642892997170888,0.05518940945294315,0.026338567506489555,0.0,0.11692835315347323,0.2784420957415314,0.7127393309824912,0.33666809272280346,0.0,0.0002391738413711474,0.00024067087381764754,0.0004538601639079347,0.00013383439201897966,0.0,0.0010437333828170793,0.0018692207735979936,0.005060575762892366,0.002206267607961794,0.0,0.0009133400610444239,0.0018949709820229232,0.0050579989458265666,0.0022466037793617195,0.0,0.2999999999913072,2.095190118266963e-11,0.0002385345524885698,0.291385175441249,0.0018692207735979934,0.012160581944011125,0.005276851647718944,0.0033981269597600588,6.314502351723264e-08,1.0,0.00395400769788798,0.004381032023710173,0.0003289014863447397,0.6462962962962963,0.6388888888888888,0.004140866624999629,0.39621691327989667,0.3881966765161723,0.006630629473157323,1,1,1,1
04_external_impact_y12N_t0p25_p2l_v2:0055,04_external_impact_y12N_t0p25_p2l_v2,32.48299999999996,32.88299999999996,0.012226570111389242,0.022298902606160076,0.042808740963284686,0.022731251253938104,0.0,0.166685311799342,0.3031943268584157,0.5913463755686852,0.31031975783824756,0.0,0.00022924073781523092,0.00024036546344356622,0.000511573224221768,0.0001526577300791543,0.0,0.00219419194494641,0.004950915422450353,0.00953530381547723,0.005194259847490819,0.0,0.0019290425605503023,0.0048764628770879325,0.009084639845121477,0.00521269731166745,0.0,0.2999999999913072,2.0951901182669618e-11,0.0002571490688366566,0.287773429879918,0.004950915429434319,0.011719668017647159,0.004643621353034262,0.0031566364921049345,5.365459367659022e-08,1.0,0.0036440334871507365,0.004134837773518009,0.0002619186507161384,0.6462962962962963,0.6388888888888888,0.004140866624999628,0.4001372007214401,0.3881966765161723,0.008722757080462516,1,1,1,1
04_external_impact_y12N_t0p25_p2l_v2:0056,04_external_impact_y12N_t0p25_p2l_v2,32.682999999999964,33.08299999999996,0.013166689681821525,0.02610721502204909,0.042808740963284686,0.025784416091007744,0.0,0.1735933550069707,0.34602420327075617,0.5913463755686852,0.34536035892984623,0.0,0.0001964999300581073,0.00022526354712769673,0.0005320624654056018,0.00019012021116094775,0.0,0.0014254856393963778,0.005559158119716193,0.00953530381547723,0.005916523371105967,0.0,0.0011646950432306106,0.005563475711273691,0.009084639845121477,0.005965440785441667,0.0,0.2999999999913072,2.0951901182669614e-11,0.00024979891206907925,0.2868333103094857,0.00555915812670016,0.011709220968540103,0.004739151648740048,0.003471477803237686,7.176381939152475e-08,1.0,0.003841846988610044,0.004288999708021296,0.0003288081277135812,0.6481481481481481,0.6388888888888888,0.006141897759917413,0.41412383742775966,0.40530366270718465,0.00877445660891817,1,1,1,1
04_external_impact_y12N_t0p25_p2l_v2:0057,04_external_impact_y12N_t0p25_p2l_v2,32.88299999999996,33.28299999999996,0.016634497814206627,0.029024851106595334,0.05716213606992454,0.0291046295633184,0.0,0.2216181752336351,0.3836132376757096,0.781776875319268,0.38919417248520294,0.0,0.00021938304164666766,0.0002370219330879217,0.0005730722956975971,0.00020685962805007193,0.0,0.0028043773736568596,0.005576719644291503,0.01404749909294118,0.006348097740324293,0.0,0.002589737999792211,0.005570112589800363,0.013902529170217715,0.006402913621283392,0.0,0.2999999999913072,2.0951901182669614e-11,0.0002539552038539898,0.2833655021771006,0.005576719651275469,0.013178404477480397,0.006341178202711222,0.003729325507227095,8.407791316896344e-08,1.0,0.003878325515934994,0.004288999708021296,0.000283453037577972,0.6407407407407407,0.6166666666666667,0.014581496062984834,0.408039901760696,0.3804271064697306,0.018118629810200043,1,1,1,1
04_external_impact_y12N_t0p25_p2l_v2:0058,04_external_impact_y12N_t0p25_p2l_v2,33.082999999999956,33.482999999999954,0.007575204788119211,0.030742025454109822,0.05716213606992454,0.034940566061079675,0.0,0.10588306464421225,0.4099077051039019,0.781776875319268,0.46680816851943735,0.0,0.00027037178772056433,0.00028907485752462705,0.0006500070872029231,0.00022653098155708685,0.0,0.004620908750637048,0.007802293314847611,0.01404749909294118,0.007347664307276751,0.0,0.0042795839994102846,0.007641856076163216,0.013902529170217715,0.007331253211886481,0.0,0.2999999999913072,2.0951901182669614e-11,0.00029299337182582785,0.29242479520318804,0.007802293321831577,0.015254832253404725,0.006769837636595468,0.003530896710199667,8.071823334033573e-08,1.0,0.0037889483958731328,0.004232501935708433,0.0002286136431849516,0.6314814814814814,0.6111111111111112,0.014930106941293604,0.39932200908612675,0.3804271064697306,0.01252575780997026,1,1,1,1
04_external_impact_y12N_t0p25_p2l_v2:0059,04_external_impact_y12N_t0p25_p2l_v2,33.28299999999996,33.68299999999996,-0.0071617943589640425,0.02156907382596283,0.04526961827361803,0.02450021684597374,0.0,-0.09379454236461437,0.2855455037152425,0.5884119779754338,0.32415698325760917,0.0,0.00029846371611372377,0.0003171667859177865,0.0006500070872029231,0.00021420484087714207,0.0,0.000909214021660419,0.005252994305698485,0.010801803507598724,0.006294050953650815,0.0,0.0006221747704042472,0.005259955453687228,0.010276555900595404,0.00620208219645525,0.0,0.2999999999913072,2.0951901182669614e-11,0.0002964422536216433,0.3071617943502713,0.00525299429871452,0.01368986620785555,0.006127894932278385,0.004245907849452959,9.180359730292066e-08,1.0,0.0038126964546675367,0.004232501935708433,0.00022295560446152046,0.6314814814814814,0.6111111111111112,0.015270761576361688,0.40047767773855164,0.3892566818551365,0.005155547767357453,1,1,1,1
04_external_impact_y12N_t0p25_p2l_v2:0060,04_external_impact_y12N_t0p25_p2l_v2,33.48299999999996,33.88299999999996,0.00800847118339336,0.021568854214455483,0.05860471899457173,0.027661195443241648,0.0,0.09782028339571024,0.28071472473234815,0.7299878070438036,0.35550006917415766,0.0,0.0002996286651420488,0.0002996286651420488,0.0006277890126794884,0.00018789720415618352,0.0,9.799461109304018e-05,0.0022939303149496133,0.006705623144814766,0.0032101708210151925,0.0,-0.00017570985527228582,0.0024407231980559,0.006457863929373911,0.0032302397706902635,0.0,0.2999999999913072,2.0951901182669614e-11,0.00027182807751512756,0.29199152880791385,0.002293930307965647,0.012763066269862863,0.005621758623744799,0.0030926390241740927,9.727328756408291e-08,1.0,0.0037582621345648103,0.0041454956019847606,0.00019956004626376934,0.6416666666666666,0.6111111111111112,0.01595711846260562,0.39566775419525163,0.3863464255348367,0.006702838501237975,1,1,1,1
04_external_impact_y12N_t0p25_p2l_v2:0061,04_external_impact_y12N_t0p25_p2l_v2,33.68299999999996,34.082999999999956,0.034677696761127995,0.035471183110341475,0.07824597037472222,0.03191967985693608,0.0,0.45739466844619964,0.46783562286524255,1.0521610043022598,0.4255658047513156,0.0,0.00029370059946207567,0.000308149686610091,0.0006511420538045609,0.00022845047831838438,0.0,0.0049014879360169,0.005126352761601428,0.013923911132866961,0.004971993402021295,0.0,0.004498453999473571,0.004923050404472073,0.013720818040057836,0.005066564720004655,0.0,0.2999999999913072,2.0951901182669614e-11,0.0002829758718794018,0.2653223032301792,0.005126352775569362,0.014180623179034409,0.005786373597030003,0.003474040086969986,9.431476869420469e-08,1.0,0.003836726044219386,0.004282728916724842,0.00027941929639690506,0.649074074074074,0.6333333333333333,0.012593954174755048,0.3932523042623491,0.3863464255348367,0.005296056464736017,1,1,1,1
04_external_impact_y12N_t0p25_p2l_v2:0062,04_external_impact_y12N_t0p25_p2l_v2,33.88299999999995,34.28299999999995,0.03176768664868211,0.03176768664868211,0.07824597037472222,0.028911198912302663,0.0,0.4163292615010075,0.4163292615010075,1.0521610043022598,0.3938495933621811,0.0,0.0002374380889015258,0.0002982695855808102,0.0006511420538045609,0.00027444454660145853,0.0,0.007357753876167558,0.007357753876167558,0.013923911132866961,0.003918768061859348,0.0,0.006937418234980755,0.006937418234980755,0.013720818040057836,0.004060108250967945,0.0,0.2999999999913072,2.0951901182669614e-11,0.00027306404670918437,0.26823231334262515,0.007357753897119459,0.014543335278760165,0.005880475831411039,0.003957770108807154,8.423955071383013e-08,1.0,0.004061685264339652,0.004548294899392155,0.00036337564213714444,0.649074074074074,0.6333333333333333,0.014133645854142363,0.3907449432113949,0.3845497185491776,0.004894360777150525,1,1,1,1
04_external_impact_y12N_t0p25_p2l_v2:0063,04_external_impact_y12N_t0p25_p2l_v2,34.082999999999956,34.482999999999954,0.01454100625387878,0.0179441385764216,0.05306915134515114,0.021851969148894416,0.0,0.1825058847861172,0.2292649262726444,0.7076857761883958,0.28545065663864383,0.0,0.00018001787960235846,0.00023102734296036212,0.0005974033986645542,0.00022659390159333024,0.0,0.003072095526998549,0.005749523183769714,0.010043656548241029,0.005707250434767392,0.0,0.0028303473512395964,0.00555939816785455,0.009815192260474417,0.00563676806035194,0.0,0.2999999999913072,2.0951901182669614e-11,0.00024385976169023952,0.28545899373742845,0.005749523197737649,0.013917549783569022,0.005913101628595169,0.003667943728803992,7.091952281634068e-08,1.0,0.003955507014446426,0.004548294899392155,0.00037876164658944917,0.6472222222222223,0.6333333333333333,0.011453071182271284,0.3918384401024985,0.38381591614915506,0.007415560771260041,1,1,1,1
04_external_impact_y12N_t0p25_p2l_v2:0064,04_external_impact_y12N_t0p25_p2l_v2,34.28299999999996,34.68299999999996,0.013310779513378099,0.020584584064368364,0.05306915134515114,0.026801022215926673,0.0,0.1703600526807104,0.26916656006019574,0.7076857761883958,0.3501958805810579,0.0,0.00021026540134705968,0.00022926773224876332,0.0005415534950359883,0.0001842569401659982,0.0,0.0005109590086295563,0.004187154079637788,0.008032282970313496,0.004712294200477568,0.0,0.0004606808581811246,0.0042041816500705325,0.00818715244984486,0.004752070163588476,0.0,0.2999999999913072,2.0951901182669614e-11,0.0002500617673313175,0.2866892204779291,0.004187154086621755,0.013508356493337943,0.006323622925766465,0.0035374673423392974,6.158175019706372e-08,1.0,0.00372155733169117,0.004086818269920445,0.00019779034521163834,0.6444444444444445,0.6333333333333333,0.005555555555555573,0.38546540808458407,0.3703758627266542,0.01227870674919625,1,1,1,1
04_external_impact_y12N_t0p25_p2l_v2:0065,04_external_impact_y12N_t0p25_p2l_v2,34.482999999999954,34.88299999999995,-0.0028939520510172976,0.01908568248290717,0.04857519129566962,0.025055785644297553,0.0,-0.04690989528674841,0.2503539261694718,0.6103320926481701,0.32117081418098165,0.0,0.00025279028307373706,0.0002671655601487061,0.0005415534950359883,0.00017380143609203324,0.0,-5.448957582828337e-07,0.0029566312540168075,0.00594516663272276,0.003296970597037788,0.0,-0.00011803205906186533,0.003111494457018855,0.00593126051629613,0.0034050316859813475,0.0,0.2999999999913072,2.0951901182669614e-11,0.00025111651849108135,0.3028939520423245,0.0029566312470328403,0.013923391494659534,0.00666167533069274,0.004040652558627144,7.501661817864182e-08,1.0,0.0036370601365933453,0.004086818269920445,0.0003015837365041701,0.6537037037037037,0.6444444444444445,0.012283795519834807,0.3732937849750968,0.3589202443140357,0.007283258573578704,1,1,1,1
04_external_impact_y12N_t0p25_p2l_v2:0066,04_external_impact_y12N_t0p25_p2l_v2,34.68299999999995,35.08299999999995,0.004105108481894858,0.028852584288043562,0.06761226589688282,0.03466245991412916,0.0,0.040451280092156615,0.371077423230584,0.7924914611165195,0.43242963911498467,0.0,0.0002499041496866512,0.00025483521994165015,0.0005071348880439356,0.00014502944019460087,0.0,0.0005095064477129557,0.002467915183250981,0.004524980389806486,0.002651488586570557,0.0,0.00027748228754950597,0.0024925588283557717,0.004304516929868171,0.002694189378216872,0.0,0.2999999999913072,2.0951901182669614e-11,0.00025394582159810844,0.29589489150941234,0.002467915183250981,0.012980050251164577,0.006364486447044879,0.004413165956458864,1.054328817114899e-07,1.0,0.0036516675514214705,0.004562521199225846,0.0004996286190744935,0.6564814814814814,0.6444444444444445,0.010837685102518169,0.3706217167350754,0.3589202443140357,0.008436255923795988,1,1,1,1
04_external_impact_y12N_t0p25_p2l_v2:0067,04_external_impact_y12N_t0p25_p2l_v2,34.88299999999995,35.28299999999995,0.010527256890654707,0.025215145024827638,0.06761226589688282,0.031104989090917627,0.0,0.13149400007607037,0.31869458169769377,0.7924914611165195,0.380777461070833,0.0,0.0002725378440796513,0.0002802021515769485,0.0005696554223100953,0.0001707435875996218,0.0,0.00201522091476935,0.0032658514442055493,0.006910952184032884,0.0032114237197487434,0.0,0.0017502951869484823,0.0032559469754271796,0.006708603139411152,0.0032901585774167096,0.0,0.2999999999913072,2.0951901182669614e-11,0.00031002025064318805,0.2894727431006525,0.003265851451189515,0.013696034272188613,0.006336226329177382,0.005285742120829434,9.702253049310708e-08,1.0,0.0037671419467302006,0.004562521199225846,0.0004905688275569977,0.6657407407407409,0.65,0.014133645854142363,0.3685587952224452,0.35916501789457295,0.0068885282206997325,1,1,1,1
04_external_impact_y12N_t0p25_p2l_v2:0068,04_external_impact_y12N_t0p25_p2l_v2,35.082999999999956,35.482999999999954,-0.011523439074579886,0.015215334464273497,0.05503782860152534,0.02146962383980399,0.0,-0.14515646572682583,0.1955240457354537,0.7034553390194478,0.27519213129731185,0.0,0.000284468030970491,0.00028720126821278933,0.0005696554223100953,0.00015785345204743568,0.0,-0.0005719286564971547,0.002875579384508116,0.006910952184032884,0.003412517530757378,0.0,-0.0008686065045503758,0.00310480755102076,0.006708603139411152,0.0034685806115327977,0.0,0.2999999999912528,2.0672922063661246e-11,0.0003058876221319473,0.31152343906583174,0.0028755793708239055,0.015091125420005366,0.006679957432085054,0.004430997212101027,7.958104770429719e-08,1.0,0.003803182221808691,0.0041374935909159255,0.0002755290499327194,0.6814814814814816,0.6722222222222223,0.008881169487616115,0.37206657640058993,0.34935911447359647,0.016115962500619224,1,1,1,1
04_external_impact_y12N_t0p25_p2l_v2:0069,04_external_impact_y12N_t0p25_p2l_v2,35.28299999999995,35.68299999999995,-0.02348896867346569,0.024396154917615376,0.057097030944029015,0.02407237657066363,0.0,-0.29896812022995317,0.3106758217875576,0.7529519114876385,0.3144703460770977,0.0,0.02249778318363696,0.02249778318363696,0.20793615775476812,0.04628095453541663,0.05,0.05175824545970556,0.05395512297127464,0.2898505234674671,0.10692692625196536,0.16666666666666666,0.036020904216303294,0.03919294056783971,0.223849555950708,0.08401661607379153,0.16666666666666666,0.2567999999959658,0.12599999997386924,0.09935705063680696,0.28348896866902135,0.06557625436030548,1.436142159765073,1.372457270284985,0.01334342856583617,1.2159659133825922e-07,1.0,0.004080079665254588,0.0048720445258753405,0.00036300338806186973,0.6851851851851852,0.6722222222222223,0.009972527420619416,0.38304903688475994,0.34935911447359647,0.020348117689459943,1,1,1,1
04_external_impact_y12N_t0p25_p2l_v2:0070,04_external_impact_y12N_t0p25_p2l_v2,35.48299999999995,35.882999999999946,-0.0031602889754147137,0.02603543571031422,0.057097030944029015,0.0296796567986549,0.0,-0.06033409719555279,0.31042012740613645,0.7529519114876385,0.3665221448833369,0.0,0.03497286309718799,0.03497286309718799,0.20793615775476812,0.041747229182224156,0.05,0.07011505009595091,0.07011505009595091,0.2898505234674671,0.099115526707952,0.16666666666666666,0.04187107844379027,0.043567912171266855,0.223849555950708,0.08172817153640329,0.16666666666666666,0.19679999999713704,0.3009999999326792,0.26162882922742614,0.20316028897214256,0.22221944970325924,1.436812746212797,1.3653789891687984,0.010114306267015608,1.1109101964282962e-07,1.0,0.004674287212181956,0.0054954981950642075,0.000652328958746106,0.7074074074074074,0.6777777777777778,0.02260473262172908,0.398014468485703,0.3663676188584649,0.022437478689626186,1,1,1,1
04_external_impact_y12N_t0p25_p2l_v2:0071,04_external_impact_y12N_t0p25_p2l_v2,35.68299999999995,36.08299999999995,0.010496553045628979,0.02162322927273908,0.027733906750405657,0.019459852959258978,0.0,0.1181241237303723,0.2484423754708375,0.3494414069718782,0.2276121125767669,0.0,0.027715202620172668,0.027715202620172668,0.030938807176869365,0.0026736341260026122,0.0,0.03083736547296943,0.03083736547296943,0.04124822767450248,0.0070536025681217935,0.0,0.0032673961345640046,0.007396859317818694,0.01580177051765297,0.008777357920331033,0.0,0.1799999999936619,0.3499999999373933,0.32233769855681926,0.16950344694802533,0.31916263446446275,0.06481558179340498,0.012269614848563773,0.00984854670082759,7.791285766956148e-08,1.0,0.004765962023563601,0.0054954981950642075,0.0005151617901242881,0.7212962962962964,0.7,0.016170601107937957,0.42552352884155836,0.37370369469809905,0.027117362111505727,1,1,1,1
04_external_impact_y12N_t0p25_p2l_v2:0072,04_external_impact_y12N_t0p25_p2l_v2,35.88299999999995,36.28299999999995,-0.0032756588369625326,0.01726584541759991,0.027733906750405657,0.017840291661009144,0.0,-0.03110365378271675,0.1996454212471349,0.3494414069718782,0.21100802818463466,0.0,0.03045624475328067,0.03045624475328067,0.030939338346634537,0.0007881306120622508,0.0,0.03525222050640184,0.03525222050640184,0.04926829839112179,0.010006253066818514,0.0,0.0049708763913514364,0.008107779931573513,0.018452414264840955,0.009795807242112325,0.0,0.17999999999392946,0.3499999999360212,0.3195692872883883,0.18327565883085536,0.31474777942980725,0.06419064411259856,0.010486669621943707,0.008560181726477722,7.663446256903523e-08,1.0,0.004758965383033941,0.0054333393731762275,0.00042735589801365777,0.7101851851851851,0.6944444444444444,0.015521346865037254,0.46849830905703954,0.42391508409538564,0.028912960017131818,1,1,1,1
04_external_impact_y12N_t0p25_p2l_v2:0073,04_external_impact_y12N_t0p25_p2l_v2,36.08299999999995,36.48299999999995,-0.000867708573485069,0.014230007666870345,0.02560475059444911,0.016218506438611807,0.0,-0.00641585907607832,0.15950556107477246,0.3004598989153604,0.1832635804358437,0.0,0.030761363595439427,0.030761363595439427,0.031313524143982696,0.00024735125479140204,0.0,0.04267389723002443,0.04267389723002443,0.06359556973762104,0.013340185091431889,0.0,0.01195617035616233,0.014695321097480804,0.03270875613346308,0.013191976365713141,0.0,0.17999999999416372,0.34999999993481995,0.31920082476166617,0.18086770856761972,0.3073261027049445,0.06097776273143829,0.00932313133351097,0.008001019863008683,7.046705528135788e-08,1.0,0.004966960628581452,0.0054333393731762275,0.00030041302426676186,0.7037037037037037,0.6944444444444444,0.008881169487616157,0.5099576780258829,0.47225552485202926,0.022327797816133685,1,1,1,1
04_external_impact_y12N_t0p25_p2l_v2:0074,04_external_impact_y12N_t0p25_p2l_v2,36.282999999999944,36.68299999999994,0.004417634862252551,0.01683127814989216,0.026778527922781986,0.01860848291497624,0.0,0.04910219613821395,0.1962025026158715,0.301267191483862,0.21695996404808357,0.0,0.030838599398273304,0.030838599398273304,0.031313524143982696,0.00027296434059013156,0.0,0.034186966585451,0.034186966585451,0.06359556973762104,0.015672877866462043,0.0,0.003419846613611823,0.011820141590447059,0.03270875613346308,0.015555831944394142,0.0,0.17999999999437244,0.3499999999337495,0.319169370411312,0.17558236513210898,0.3158130333483545,0.060360266526325396,0.009616535941487123,0.006202316157767965,8.651514211491679e-08,1.0,0.004687746820286294,0.005215326997771428,0.00028514710522972237,0.6990740740740741,0.6777777777777778,0.009842727604383936,0.5304221211022547,0.5126269105395919,0.013663036792550477,1,1,1,1
04_external_impact_y12N_t0p25_p2l_v2:0075,04_external_impact_y12N_t0p25_p2l_v2,36.48299999999995,36.882999999999946,0.0011865524901146878,0.019911327500636178,0.026778527922781986,0.020627573645405687,0.0,0.012340511306443517,0.22744440517810935,0.301267191483862,0.235198662739121,0.0,0.030821709039194733,0.030821709039194733,0.031197462884283322,0.0002263266793155882,0.0,0.028778795754806324,0.028778795754806324,0.037640623466995815,0.00795774041136508,0.0,-0.0020212087585002314,0.006076027795343432,0.016983432706550283,0.007898702230627103,0.0,0.17999999999455008,0.34999999993283853,0.3192046500317501,0.17881344750442443,0.32122120417808825,0.06242399617020913,0.00807299740276656,0.004592859256061444,7.897328615114514e-08,1.0,0.0047261481944596345,0.0049339645571308665,0.00022958531593662653,0.7111111111111111,0.6777777777777778,0.01756820922315764,0.5471023399847028,0.5177460203368593,0.017377283922772307,1,1,1,1
04_external_impact_y12N_t0p25_p2l_v2:0076,04_external_impact_y12N_t0p25_p2l_v2,36.68299999999995,37.08299999999995,-0.005276199728089195,0.021512375472287484,0.0325334102267556,0.021940237223814135,0.0,-0.060820632692209754,0.2509911476858346,0.40287023630180113,0.2591703723708348,0.0,0.030762073384227907,0.030762073384227907,0.031109966945575218,0.00019155408358480463,0.0,0.030826944139838924,0.030826944139838924,0.037640623466995815,0.007215185483069735,0.0,8.112356025750481e-06,0.006440350795384409,0.011988438363095266,0.007117053448455141,0.0,0.1799999999948021,0.3499999999322748,0.31921950276806255,0.18527619972287349,0.3191730557924056,0.060167267168561904,0.009045123436475363,0.00648204304845177,7.57468838299173e-08,1.0,0.0046799433926925085,0.0049339645571308665,0.00031379759106990915,0.737037037037037,0.7222222222222222,0.014581496062984863,0.5637070181810017,0.5346777203989818,0.01693339693231438,1,1,1,1
04_external_impact_y12N_t0p25_p2l_v2:0077,04_external_impact_y12N_t0p25_p2l_v2,36.882999999999946,37.282999999999944,0.008132949175891233,0.02747890104233079,0.04973708328057497,0.02928931598541436,0.0,0.09039317668988513,0.31802896705851885,0.5426554318177285,0.33828985530047606,0.0,0.02294441325445889,0.02302140712739582,0.031109966945575218,0.010681822919104047,0.0,0.02858320272564721,0.02858320272564721,0.03646620757480523,0.007959566401883356,0.0,0.0031090920087452623,0.007105238129777018,0.011988438363095266,0.006946499504239211,0.0,0.17999999999477767,0.34999999993792275,0.3266362562147864,0.17186705081901152,0.32141679721024113,0.050684919784873425,0.013990448514125042,0.010800387750752198,8.608729527743331e-08,1.0,0.004684160296045436,0.005119478435146333,0.00036951264216931464,0.7453703703703703,0.7388888888888889,0.010352166562499028,0.5725162276859144,0.5346777203989818,0.018286264330433837,1,1,1,1
04_external_impact_y12N_t0p25_p2l_v2:0078,04_external_impact_y12N_t0p25_p2l_v2,37.08299999999994,37.48299999999994,0.02087478959059434,0.02769165170585719,0.04973708328057497,0.02325997793165412,0.0,0.2362994498732323,0.3122182181941919,0.5426554318177285,0.2585262166836898,0.0,-0.022801670749835884,0.03804684395884878,0.48227229372618524,0.10837135586703531,0.05,-0.09423712597698397,0.12706084122610897,0.6632002738399183,0.2546821140120698,0.16666666666666666,-0.03355726317914502,0.04662586700804768,0.24054939056157812,0.0927511982239164,0.16666666666666666,0.1799999999939328,0.34999999992077985,0.32520000140307675,0.15912521040370908,0.3275704593294188,0.9131878329885357,0.8468029217642704,0.01688652219172513,6.563420204886079e-08,1.0,0.004792466253833076,0.005119478435146333,0.0002928385716258614,0.7509259259259259,0.7388888888888889,0.01449303318749862,0.6036566698105106,0.5694055242541424,0.03174685360141362,1,0,0,1
04_external_impact_y12N_t0p25_p2l_v2:0079,04_external_impact_y12N_t0p25_p2l_v2,37.282999999999944,37.68299999999994,0.009271194541237057,0.026902233154619287,0.04609671929990164,0.028469673150489185,0.0,0.11155869465046638,0.31244805397178,0.5228663557392477,0.3273998299661746,0.0,-0.030123264820584618,0.030648256015163113,0.48227229372618524,0.10577502395795609,0.05,-0.12577252106466066,0.13189870817119606,0.6632002738399183,0.24262999205639516,0.16666666666666666,-0.05524938276447904,0.06172534402129851,0.24054939056157812,0.08934365463172982,0.16666666666666666,0.17999999999290917,0.3499999999259723,0.33347326439956193,0.1707288054520466,0.3227325923904418,0.9137822886062186,0.8431086744517646,0.006963267764293273,6.156940813542187e-08,1.0,0.00459547204269527,0.005059224094738053,0.000305812788467594,0.7324074074074073,0.6222222222222222,0.05085854127725725,0.6217365447948501,0.5938004924314116,0.02334563114147801,1,0,0,1
04_external_impact_y12N_t0p25_p2l_v2:0080,04_external_impact_y12N_t0p25_p2l_v2,37.48299999999995,37.882999999999946,0.0019197118691328073,0.027373777251756794,0.04609671929990164,0.03139524992115911,0.0,0.030582012627593025,0.32899566066834934,0.5228663557392477,0.3757902979536372,0.0,0.0005376329659606549,0.0005376329659606549,0.0008208008625602004,0.00016321188035893608,0.0,-0.02409338868319248,0.02409338868319248,0.08789095285318621,0.02940095778499187,0.0,-0.024586855852652478,0.024586855852652478,0.08787024776689872,0.029172154094413025,0.0,0.17999999999254612,0.3499999999527713,0.3505861256124681,0.17808028812358426,0.3259066112686413,0.06208286217558345,0.011560273442976828,0.006996035755304088,7.667033683517636e-08,1.0,0.004339498883024905,0.004792373840228328,0.00028541354684290796,0.7268518518518517,0.6222222222222222,0.04740342865248223,0.6017595208307427,0.58318962412566,0.01865935341094904,1,1,1,1
04_external_impact_y12N_t0p25_p2l_v2:0081,04_external_impact_y12N_t0p25_p2l_v2,37.68299999999994,38.08299999999994,0.0005972521031066316,0.01532726844878527,0.041535339517915326,0.02153610919727235,0.0,0.01095656102176181,0.18362770200354464,0.5109850281929148,0.2628108065854218,0.0,0.0005625906319777912,0.0005625906319777912,0.0008208008625602004,0.00018522755548764153,0.0,-0.00013717705209970177,0.011676338281521445,0.024577033653150393,0.014609642253124498,0.0,-0.0007487653161423006,0.011633349790577804,0.025088875569937275,0.014565985922653903,0.0,0.17999999999263494,0.3499999999504939,0.35056510099860905,0.1794027478895052,0.34986282289878606,0.06175577169163608,0.0106629106677273,0.005460575830589544,8.182440474997713e-08,1.0,0.004602467254414428,0.005474562866243435,0.0005041727207328223,0.7564814814814814,0.7333333333333333,0.01130236631086457,0.5746151637003959,0.5449635541874586,0.02069957265348054,1,1,1,1
04_external_impact_y12N_t0p25_p2l_v2:0082,04_external_impact_y12N_t0p25_p2l_v2,37.88299999999994,38.28299999999994,-0.004985938492586737,0.025309764741457918,0.04818119101121526,0.030324688110573476,0.0,-0.05984790919967365,0.2932743196887477,0.5547227476092036,0.35406150464316577,0.0,0.0005442267102409859,0.0005442267102409859,0.0007881925825882208,0.00018348933517529353,0.0,0.0029006259378383764,0.0139761752496561,0.021838929706556376,0.015475086845720786,0.0,0.002301953392265886,0.013745043950312326,0.02249808644985596,0.015525688089759024,0.0,0.17999999999274596,0.34999999994892245,0.3505221409277883,0.18498593848531558,0.35290062588678367,0.06409889050804372,0.011300706891413602,0.005811777984854407,7.429078321622933e-08,1.0,0.004791100746083644,0.005474562866243435,0.00040375008931744957,0.7674603174603174,0.75,0.01308922420831003,0.5453090660028026,0.5284984013078909,0.01856622069243617,1,1,1,1
04_external_impact_y12N_t0p25_p2l_v2:0083,04_external_impact_y12N_t0p25_p2l_v2,38.08299999999994,38.48299999999994,-0.0018539983574409732,0.026236634529923857,0.04818119101121526,0.03086004559245476,0.0,-0.023981928946522464,0.3069022843525982,0.5547227476092036,0.3614124472451418,0.0,0.00046018317086107265,0.00046018317086107265,0.0007222426590894893,0.0001792626732652418,0.0,-0.0062982650986717304,0.013628939356197316,0.021838929706556376,0.014304984481720755,0.0,-0.006773177442388677,0.013717610414580092,0.02249808644985596,0.014348683928034706,0.0,0.17999999999281702,0.3499999999467362,0.3504614858593071,0.18185399835027133,0.34370173484819144,0.06394291239184598,0.009635273178568356,0.006458704793993058,7.496919194465024e-08,1.0,0.004611151821694607,0.005060638285404892,0.00033421821508835387,0.7658730158730158,0.7444444444444445,0.015552315827194775,0.528177940854006,0.5164185046722066,0.008994199906299781,1,1,1,1
04_external_impact_y12N_t0p25_p2l_v2:0084,04_external_impact_y12N_t0p25_p2l_v2,38.282999999999944,38.68299999999994,0.015734704588573938,0.02254184192009868,0.06429147572991871,0.025832083586712642,0.0,0.17931927979100423,0.2525641264024416,0.6927458031885881,0.2806121801832645,0.0,0.00042591923324434287,0.00042591923324434287,0.0007663856671104585,0.00017245418640497617,0.0,-0.0025023011090553235,0.01056398442193344,0.0219627007617762,0.013259734959525241,0.0,-0.002866218146822891,0.01050535404325915,0.0215714267926988,0.013222600118347146,0.0,0.1799999999929658,0.3499999999446069,0.35045473718835984,0.1642652954044174,0.34749769883542064,0.06294104579192669,0.008509365055794955,0.006676344519186868,9.453418802555374e-08,1.0,0.00478386613113613,0.005219275347386778,0.0003754941905013268,0.7592592592592592,0.7444444444444445,0.009442628728875534,0.5138199998173109,0.4969036867662299,0.008925294576057079,1,1,1,1
04_external_impact_y12N_t0p25_p2l_v2:0085,04_external_impact_y12N_t0p25_p2l_v2,38.48299999999994,38.88299999999994,0.021324719852397783,0.0300984716262111,0.06429147572991871,0.029158292438854726,0.0,0.2478741549384774,0.3458416832015904,0.6927458031885881,0.33253983053826214,0.0,0.0004717735995647704,0.0004717735995647704,0.0007663856671104585,0.00019092225138800205,0.0,0.0026874338688901065,0.016505870971165976,0.03416761952231967,0.021524886641460014,0.0,0.002220547919442909,0.016341766647326488,0.03391588015963276,0.021531285110745008,0.0,0.17999999999320337,0.3499999999433886,0.3504849397557075,0.1586752801408404,0.3526874338121002,0.06268340201555628,0.010307492070684902,0.008026662642510195,1.106089309558838e-07,1.0,0.004789428686589512,0.005252813935743566,0.0004493256100560783,0.7546296296296297,0.7444444444444445,0.005928818738363728,0.5069875137821168,0.4969036867662299,0.006343889114907424,1,1,1,1
04_external_impact_y12N_t0p25_p2l_v2:0086,04_external_impact_y12N_t0p25_p2l_v2,38.682999999999936,39.082999999999934,0.013251027555706901,0.018467091145251604,0.04795555900455034,0.01912892298034487,0.0,0.16091580244227563,0.22196428814447092,0.6045831757228545,0.23730231314677308,0.0,0.00047262271138252544,0.00047262271138252544,0.0007009703012869628,0.00017519252132388368,0.0,-0.003563968141093693,0.016270563584000187,0.03416761952231967,0.021126260081177222,0.0,-0.004056099913110299,0.016280464970317127,0.03391588015963276,0.02109009259281905,0.0,0.17999999999327554,0.3499999999415039,0.350458489947711,0.16674897243754794,0.3464360318002091,0.06368310779904825,0.010092173480515422,0.007945555794308709,1.03606978191401e-07,1.0,0.004571066808736353,0.005252813935743566,0.00036899271318323296,0.7537037037037037,0.7444444444444445,0.005237828008789222,0.4810791268393284,0.43291718283027864,0.028301547773658255,1,1,1,1
04_external_impact_y12N_t0p25_p2l_v2:0087,04_external_impact_y12N_t0p25_p2l_v2,38.88299999999994,39.28299999999994,-0.0020199459897948294,0.019783937339413634,0.061870128521543194,0.027879307107136014,0.0,-0.04269057206652079,0.2565440739965392,0.856532306037396,0.3753323271385389,0.0,0.012586450119807826,0.012586450119807826,0.24239440157153902,0.05272185920577253,0.05,0.02074340940209016,0.02949885855567039,0.13452098476993637,0.05178193527169214,0.16666666666666666,-0.002112467241228692,0.007053298438867446,0.02118217311339865,0.00953872808351566,0.0,0.17369999999727548,0.33774999994306537,0.35037062922821216,0.17046994599029885,0.34828507601486347,0.9075579605505777,0.88412774166465,0.007193878873442552,9.211487069711543e-08,1.0,0.004221273894563278,0.00465285353072,0.0004014275437586506,0.7611111111111111,0.75,0.011564811108145185,0.43016703712841603,0.3944377671442659,0.028962727227142108,1,1,1,1
04_external_impact_y12N_t0p25_p2l_v2:0088,04_external_impact_y12N_t0p25_p2l_v2,39.08299999999994,39.48299999999994,-0.016870975568629973,0.030621407729314484,0.061870128521543194,0.03297475603920266,0.0,-0.23871496544897072,0.4134516303117275,0.856532306037396,0.44600470891058064,0.0,0.02343694627304959,0.02350518529521551,0.24239440157153902,0.06959721943081794,0.1,0.050458875241164165,0.0516554136655245,0.1529648525947128,0.06628318575344046,0.3333333333333333,0.027834923987495996,0.029202819653080886,0.15296500857161247,0.056101237275214114,0.16666666666666666,0.08370000000340827,0.16274999998703382,0.19114878507904726,0.10306420449157172,0.20419708031143727,1.4572151432738207,1.3748912539023217,0.03199404278974399,9.427007802061038e-08,1.0,0.0037893376946030698,0.004211398674116649,0.00030727289975931434,0.7546296296296297,0.6888888888888889,0.03133134132534932,0.3982806880035054,0.3870812865867723,0.00966538642880419,1,1,1,1
05_wheel_block_left_f3N_tau0p08_t0p60_p2l_v2:0000,05_wheel_block_left_f3N_tau0p08_t0p60_p2l_v2,19.316,19.715999999999998,0.004035860575256664,0.01726343496448513,0.05229051964667089,0.026199404013066686,0.0,0.05772859878991918,0.22499487068431565,0.6946944572691576,0.34132811177189415,0.0,-6.431054269061399e-05,0.0001519232775746288,0.0003726985790350909,0.00016753109671866618,0.0,0.0004148943718235776,0.0072075699042877,0.01595931226868014,0.008613371960082593,0.0,0.0004871748636491426,0.007127015689619834,0.01612589339427955,0.008596638639487772,0.0,0.2499999999923122,0.0,0.0001708647824823145,0.2459641394170561,0.0072075699042877,0.015129721475592946,0.007318981696003489,0.005116347204523445,1.0830498118231271e-07,1.0,0.0037721067777923365,0.004083806620057688,0.00017961845909878884,0.6935185185185185,0.6888888888888889,0.004986263710309709,0.5002049439388176,0.4915496233256012,0.006480916822859201,1,1,1,1
05_wheel_block_left_f3N_tau0p08_t0p60_p2l_v2:0001,05_wheel_block_left_f3N_tau0p08_t0p60_p2l_v2,19.516,19.915999999999997,0.009938626321072253,0.01688873615576518,0.05229051964667089,0.022073124274931143,0.0,0.13380372512650243,0.2270583253792122,0.6946944572691576,0.29467383978467776,0.0,-1.2170845684141732e-05,0.00014147167072496063,0.00041165172110698946,0.00017772153602679038,0.0,0.0009734142206517122,0.005992830980012481,0.01595931226868014,0.007897787401200423,0.0,0.001044971909498609,0.0060576090133906135,0.01612589339427955,0.007965613176182659,0.0,0.24999999999231165,0.0,0.0001643479841390195,0.240061373671239,0.005992830980012481,0.012510471100045986,0.006411282707127675,0.003432599917849866,1.1149559183013928e-07,1.0,0.0036401289417605323,0.0038851162628638315,0.00017532630398529482,0.687962962962963,0.6722222222222223,0.0098427276043839,0.502646064689419,0.4967970637756524,0.005766677185778337,1,1,1,1
05_wheel_block_left_f3N_tau0p08_t0p60_p2l_v2:0002,05_wheel_block_left_f3N_tau0p08_t0p60_p2l_v2,19.715999999999998,20.115999999999996,0.005616960102065513,0.01785788924972156,0.032583032653953015,0.01858581844131934,0.0,0.07884644059405797,0.23885069736502118,0.4412502001305855,0.24877917996780385,0.0,-4.657182412560806e-06,0.0001487647016763941,0.0004874080821029228,0.0001931130242690206,0.0,5.894232499933566e-05,0.005145972171542394,0.00873897516984116,0.005605731552516621,0.0,0.0001326630005398107,0.00521880217541718,0.008721478348008738,0.005653074542678806,0.0,0.24999999999231165,0.0,0.00015784192996385677,0.2443830398902457,0.005145972171542394,0.013865017858317069,0.006912619979472734,0.003976020041111192,9.856340513914145e-08,1.0,0.003710015850457635,0.003992254172188175,0.0002174551565394484,0.6759259259259259,0.6666666666666666,0.006141897759917413,0.4949885739836548,0.4749225755097042,0.010606093134618303,1,1,1,1
05_wheel_block_left_f3N_tau0p08_t0p60_p2l_v2:0003,05_wheel_block_left_f3N_tau0p08_t0p60_p2l_v2,19.915999999999997,20.315999999999995,0.01038890806742653,0.03201154677589893,0.062104591511258356,0.03512157002036903,0.0,0.13968745119929823,0.4094375620534065,0.7859939843476471,0.44463910893611325,0.0,-1.7655520160233428e-05,0.00016989492528319633,0.0004874080821029228,0.00020858725655571373,0.0,0.001242462785788959,0.008115299428739309,0.011879534759009889,0.008366269356987213,0.0,0.0013043083982543998,0.008114127534615921,0.011707979061075824,0.008339124829396596,0.0,0.24999999999231245,0.0,0.00017171077469312345,0.23961109192488642,0.008115299428739309,0.0163344320011593,0.0073607887265734915,0.004995643027024594,1.0620366135758165e-07,1.0,0.003937509547175463,0.004190598249411888,0.000184196379683045,0.6712962962962963,0.6666666666666666,0.00498626371030976,0.4930672769468148,0.4749225755097042,0.009297021436043898,1,1,1,1
05_wheel_block_left_f3N_tau0p08_t0p60_p2l_v2:0004,05_wheel_block_left_f3N_tau0p08_t0p60_p2l_v2,20.115999999999996,20.515999999999995,0.01225687622895128,0.03060996086254407,0.062104591511258356,0.03399291356289399,0.0,0.16748761008300794,0.3957980590075431,0.7859939843476471,0.4320519264391666,0.0,1.5863555734555312e-05,0.00014947544773398402,0.00040515922472357665,0.0001918732166308041,0.0,0.0012518066973497934,0.006435899697403838,0.011879534759009889,0.007363991624156896,0.0,0.0012708398847950185,0.006349564104355459,0.011707979061075824,0.007290164509915116,0.0,0.24999999999231245,0.0,0.00014880029662421218,0.23774312376336168,0.006435899697403838,0.0148472353243715,0.006834642364411918,0.004606781148323791,1.0678604146702448e-07,1.0,0.0038342220010035184,0.004190598249411888,0.00030888960044415345,0.6675925925925926,0.6611111111111111,0.004986263710309746,0.49715151032843025,0.4882377059019688,0.004764368697374747,1,1,1,1
05_wheel_block_left_f3N_tau0p08_t0p60_p2l_v2:0005,05_wheel_block_left_f3N_tau0p08_t0p60_p2l_v2,20.315999999999995,20.715999999999994,0.012070960908236261,0.023177676327187955,0.043531273713796725,0.023293655119241984,0.0,0.15262446406223806,0.3008128272299644,0.5195476019003327,0.3017995231429743,0.0,7.2245086770277345e-06,0.00017103866102334886,0.00040515922472357665,0.00021805550956741922,0.0,0.003925690160040768,0.006244887900719987,0.014583158098683198,0.006774742015644212,0.0,0.003936021965198257,0.006190146367128707,0.014583721749049544,0.006746469225447408,0.0,0.24999999999231193,0.0,0.00014349288248076295,0.23792903908407567,0.006244887900719987,0.01342008658488379,0.006029596093203257,0.0034304386577991503,9.031507837751025e-08,1.0,0.003839892908772653,0.004437360987065588,0.00038546911402947916,0.6675925925925926,0.6611111111111111,0.004986263710309746,0.5060040155777287,0.4882377059019688,0.012391131687982237,1,1,1,1
05_wheel_block_left_f3N_tau0p08_t0p60_p2l_v2:0006,05_wheel_block_left_f3N_tau0p08_t0p60_p2l_v2,20.515999999999995,20.915999999999993,0.004059289729704864,0.018772367319639615,0.043531273713796725,0.022609283211748325,0.0,0.04162186094601906,0.23633299242961062,0.5195476019003327,0.28229020766483826,0.0,-2.613483822771197e-05,0.00016089033801898911,0.0003912154659187068,0.000202911259350545,0.0,0.004212975349896011,0.00768645668905519,0.014583158098683198,0.007836063325583453,0.0,0.004240087011340605,0.007618073615694693,0.014583721749049544,0.007777433900991231,0.0,0.24999999999231193,0.0,0.0001437313461987863,0.24594071026260708,0.00768645668905519,0.013823924956056775,0.006662940126217806,0.005602819515620823,8.41122044681168e-08,1.0,0.004021400491802917,0.004437360987065588,0.00025117657410066494,0.6685185185185185,0.6611111111111111,0.005237828008789269,0.5167868213026839,0.505935065763673,0.009049832135669653,1,1,1,1
05_wheel_block_left_f3N_tau0p08_t0p60_p2l_v2:0007,05_wheel_block_left_f3N_tau0p08_t0p60_p2l_v2,20.715999999999994,21.115999999999993,0.004993818325871984,0.011299728608344906,0.029380326022896114,0.013544108942191603,0.0,0.06749261065352014,0.14863601890001002,0.38530194983366783,0.1768553319290409,0.0,-1.0081637833814357e-05,0.00015408686473354722,0.00036034598410421336,0.00018370569258584747,0.0,0.0031481371184522073,0.006667831524633333,0.010858401812453003,0.0067842421506042055,0.0,0.00314999848096984,0.006622715260416123,0.01096222415852478,0.006748443569178766,0.0,0.24999999999231193,0.0,0.00014888738210425237,0.24500618166643995,0.006667831524633333,0.01655755769839005,0.0074244339558992125,0.004665580732642548,7.682032528306111e-08,1.0,0.0037726250697032887,0.004100176032169675,0.0002687007514751762,0.6629629629629629,0.65,0.006928995160692485,0.5146885906090646,0.507673782189087,0.0068220099120664,1,1,1,1
05_wheel_block_left_f3N_tau0p08_t0p60_p2l_v2:0008,05_wheel_block_left_f3N_tau0p08_t0p60_p2l_v2,20.915999999999993,21.315999999999992,0.025823314183579627,0.028966566543412276,0.07262865552796405,0.0282162490353364,0.0,0.32947413042840806,0.37176052265402776,0.9208968296554905,0.3566761152506762,0.0,2.6974290021978387e-06,0.00020619660010971012,0.0003891158330389583,0.00022689715754824945,0.0,0.007893133338632029,0.009663074256201954,0.020907874185048952,0.008462586818500466,0.0,0.007950760222605146,0.00964570754633892,0.02084733886699276,0.008427915326004407,0.0,0.24999999999231193,0.0,0.0001644822508331273,0.2241766858087323,0.009663074256201954,0.01637583851480728,0.00726479979309646,0.006141793938081888,7.602321514643379e-08,1.0,0.0037375481387123166,0.004117968585527598,0.0002768509901120302,0.6629629629629629,0.65,0.006928995160692485,0.5049676525756751,0.4919060362055887,0.007620008237117619,1,1,1,1
05_wheel_block_left_f3N_tau0p08_t0p60_p2l_v2:0009,05_wheel_block_left_f3N_tau0p08_t0p60_p2l_v2,21.115999999999993,21.51599999999999,0.021307046977719516,0.031468141529556466,0.07262865552796405,0.03326562661607837,0.0,0.2679589281449943,0.3982305868703941,0.9208968296554905,0.42078987904325,0.0,2.3982091574847814e-05,0.00018373005983316786,0.0003891158330389583,0.00020446938227699886,0.0,0.0042151354475676635,0.007656845517393697,0.020907874185048952,0.009833710229082769,0.0,0.004190137441947093,0.00760676722414105,0.02084733886699276,0.00987400913897409,0.0,0.24999999999231193,0.0,0.00014305334615662574,0.2286929530145924,0.007656845517393697,0.013307983569518667,0.006651680644601582,0.004039414022731699,7.322517362368594e-08,1.0,0.003944288055598007,0.004117968585527598,0.00019137181026400703,0.6611111111111111,0.6555555555555556,0.006415002990995851,0.49519220909579226,0.48561466997056285,0.0067705902854015105,1,1,1,1
05_wheel_block_left_f3N_tau0p08_t0p60_p2l_v2:0010,05_wheel_block_left_f3N_tau0p08_t0p60_p2l_v2,21.315999999999992,21.71599999999999,-0.002074395605946938,0.016800455409518914,0.03280147120181992,0.019786991686056164,0.0,-0.025245241226265445,0.21411004769870431,0.41373214804289205,0.25146705823350646,0.0,-5.505834572428668e-05,0.00016150952875519957,0.00038698758174737465,0.00018067764439739075,0.0,-0.0013919941635024424,0.0028429730351464616,0.00843879563871958,0.003619832968484774,0.0,-0.0013900653682215535,0.0028927308133741077,0.008683417508842991,0.0037343643765774277,0.0,0.24999999999231193,0.0,0.00015060782444594357,0.25207439559825884,0.0028429730351464616,0.0139862861067677,0.0064296892247158255,0.004293135149023691,4.791095897325442e-08,1.0,0.0039828923809677496,0.004264471111872287,0.00017709569809902035,0.6531746031746032,0.6444444444444445,0.0050194883494736,0.5065429962957112,0.48561466997056285,0.01714184661110856,1,1,1,1
05_wheel_block_left_f3N_tau0p08_t0p60_p2l_v2:0011,05_wheel_block_left_f3N_tau0p08_t0p60_p2l_v2,21.51599999999999,21.91599999999999,-0.007080640784290766,0.01929943155905473,0.03150766011573908,0.02026313835857046,0.0,-0.08694414927765773,0.24525419196549025,0.3823223888212143,0.2569829622388709,0.0,-0.00013973800029293683,0.0001653885957238462,0.00038698758174737465,0.00013883926940680232,0.0,-0.0009607407417830914,0.003669664059002352,0.009822827246197466,0.0045297176078468145,0.0,-0.000899236039261133,0.0037240981486448914,0.00987530053092926,0.004586063495470643,0.0,0.24999999999231193,0.0,0.0001624534703925218,0.2570806407766027,0.003669664059002352,0.01447442866724527,0.007040555736087837,0.006466414099189743,7.246242651698575e-08,1.0,0.004012282763743714,0.004323685944831403,0.00019686957726191938,0.6492063492063492,0.6444444444444445,0.00549857399228213,0.519311287486496,0.49830814361293607,0.01073524567119016,1,1,1,1
05_wheel_block_left_f3N_tau0p08_t0p60_p2l_v2:0012,05_wheel_block_left_f3N_tau0p08_t0p60_p2l_v2,21.71599999999999,22.11599999999999,-0.01085338973869778,0.025034862304865846,0.055631854124627234,0.027775544088445354,0.0,-0.13828785094507412,0.3195997427829712,0.7231610254058162,0.35606555700787096,0.0,-0.0001139826948708902,0.00020114105230939852,0.0005719294653722357,0.00021929292948078414,0.0,-0.0025752875605682237,0.005545297214979996,0.009822827246197466,0.005844789774291899,0.0,-0.0026056884250278815,0.005518190722670278,0.00987530053092926,0.005770707592465445,0.0,0.24999999999231193,0.0,0.0001751144564527315,0.26085338973100974,0.005545297214979996,0.013079208170177038,0.006203137328943269,0.004942156392600596,8.928444807331742e-08,1.0,0.003964043034796896,0.004323685944831403,0.00017440708831210927,0.6518518518518519,0.6444444444444445,0.009972527420619454,0.5291915193628073,0.5140148947765607,0.014489099044348358,1,1,1,1
05_wheel_block_left_f3N_tau0p08_t0p60_p2l_v2:0013,05_wheel_block_left_f3N_tau0p08_t0p60_p2l_v2,21.91599999999999,22.31599999999999,-0.00125521528250092,0.021983112619415515,0.055631854124627234,0.030615033587089672,0.0,-0.018280014260476856,0.28444277638637777,0.7231610254058162,0.3962175847186308,0.0,-5.5356522112319596e-05,0.0002164321363957542,0.0005719294653722357,0.00025433761372744754,0.0,0.0016283577787156768,0.006474666805531407,0.010338559135821985,0.007178653061777779,0.0,0.001574861378970739,0.006406973683025812,0.010228427824991023,0.0070812147396712675,0.0,0.24999999999231193,0.0,0.0001666764162635064,0.25125521527481287,0.006474666805531407,0.013977843546953925,0.00628704817776098,0.005010768900511567,6.871124829323156e-08,1.0,0.003847790223037545,0.004007844521209781,9.710762014653206e-05,0.6657407407407409,0.6444444444444445,0.011748682907823639,0.5415671786517399,0.5140148947765607,0.014784064262268972,1,1,1,1
05_wheel_block_left_f3N_tau0p08_t0p60_p2l_v2:0014,05_wheel_block_left_f3N_tau0p08_t0p60_p2l_v2,22.11599999999999,22.515999999999988,0.012097022477318156,0.020154800367764694,0.04842081309062904,0.025719567066818955,0.0,0.1433097079394452,0.24682585867534748,0.6036599681478234,0.31410987735480644,0.0,-1.325562236431152e-05,0.00015865356748898858,0.00035042184824677155,0.00019315077960738484,0.0,0.005141369133590133,0.0064727405697626444,0.012697154643788261,0.006016227106961875,0.0,0.005058146579201418,0.006380625663932121,0.012600262539392894,0.005982595522645932,0.0,0.24999999999231193,0.0,0.00014414911029330454,0.23790297751499379,0.0064727405697626444,0.015501390344367108,0.006606345280514825,0.0046913799271343995,7.066367884091123e-08,1.0,0.004062378264800752,0.004804307521833826,0.00036154608599307624,0.6712962962962963,0.65,0.011748682907823629,0.5470124634625636,0.5323464047431179,0.009386957926763976,1,1,1,1
05_wheel_block_left_f3N_tau0p08_t0p60_p2l_v2:0015,05_wheel_block_left_f3N_tau0p08_t0p60_p2l_v2,22.31599999999999,22.715999999999987,0.010193799116887128,0.019265369347054414,0.04842081309062904,0.02303407562349851,0.0,0.12079044798949519,0.23718063143361734,0.5483015553421299,0.2772472318680518,0.0,-3.7692116975228926e-05,0.00014750383725884694,0.0003704800655124869,0.00017661387837699134,0.0,0.0024367580124567286,0.005127423313908849,0.012697154643788261,0.0061793500506149,0.0,0.0024573962530090275,0.0050534079829046286,0.012600262539392894,0.006104162003901774,0.0,0.24999999999231193,0.0,0.00015587832248744785,0.23980620087542479,0.005127423313908849,0.014128814563753358,0.006365152080298852,0.004773296766687799,7.804189435450816e-08,1.0,0.00401936276064841,0.004804307521833826,0.00040449886771747035,0.6657407407407406,0.65,0.012178654109227681,0.5493593164644172,0.537314318615321,0.007977660534753623,1,1,1,1
05_wheel_block_left_f3N_tau0p08_t0p60_p2l_v2:0016,05_wheel_block_left_f3N_tau0p08_t0p60_p2l_v2,22.515999999999988,22.915999999999986,0.010638268067551776,0.023622315920839344,0.06430136714922119,0.029218055970927057,0.0,0.13934727063144745,0.31337223339422443,0.8509920055042328,0.38685525325681763,0.0,-1.4286468001439699e-05,0.00016097812613159902,0.0003704800655124869,0.00018369513052408126,0.0,0.00213062513111314,0.006389179209383199,0.016363836395352764,0.007878927614544657,0.0,0.0021883468332799952,0.006350864857762022,0.016320827767772227,0.007814695361463113,0.0,0.24999999999231193,0.0,0.0001735727971931995,0.23936173192476018,0.006389179209383199,0.01270027159501366,0.00620653150223254,0.004316536616057154,6.866250577655817e-08,1.0,0.0036548171817489335,0.0038308788978122913,0.00015895726812727731,0.6583333333333333,0.6388888888888888,0.009487917375888522,0.5465055635239172,0.5325402732492172,0.008704654132958333,1,1,1,1
05_wheel_block_left_f3N_tau0p08_t0p60_p2l_v2:0017,05_wheel_block_left_f3N_tau0p08_t0p60_p2l_v2,22.715999999999987,23.115999999999985,0.003905700242793029,0.024591393266146466,0.06430136714922119,0.031738196966711416,0.0,0.05511022339749049,0.3218875185464955,0.8509920055042328,0.41502610525419237,0.0,5.389001154141528e-05,0.00015459572333221042,0.00046129373728985747,0.00018157999559054424,0.0,0.0018149243234293656,0.00644997797019472,0.016363836395352764,0.007975316689079782,0.0,0.001727510268483136,0.00647372276233536,0.016320827767772227,0.007954824501087865,0.0,0.2804999999882396,0.0,0.00018121944740918778,0.2801776330811699,0.00644997797019472,0.9293949397725629,0.9049613102988795,0.004956569345288911,7.51079938958689e-08,1.0,0.003810959528641343,0.004260899095464768,0.00030607669989692055,0.6416666666666666,0.5777777777777777,0.02952818281315182,0.545763121745012,0.5325402732492172,0.008211213052528967,1,1,1,1
05_wheel_block_left_f3N_tau0p08_t0p60_p2l_v2:0018,05_wheel_block_left_f3N_tau0p08_t0p60_p2l_v2,22.915999999999986,23.315999999999985,-0.002185413708574243,0.017168476030498463,0.035518341328009906,0.020812250779829854,0.0,-0.022513462767424514,0.22618648183269296,0.4402911686527356,0.2727739097401088,0.0,2.2967648259289828e-05,0.00017475836321542747,0.00046129373728985747,0.0002251632721191574,0.0,0.0003436689399206479,0.003376693416977496,0.008430870485519491,0.0041460036199854585,0.0,0.00020021679572090485,0.003358080273973128,0.00828287132468326,0.004095091832303817,0.0,0.3304999999872349,0.0,0.00018166243584143198,0.3362687470315324,0.003376693416977496,0.9293838671690374,0.9051001956325005,0.0036830430430744095,9.161528051484846e-08,1.0,0.003843424049509423,0.004260899095464768,0.00032611672097265267,0.6296296296296297,0.5777777777777777,0.030541523152723432,0.5544455425071528,0.5426903405792093,0.007014805609690794,1,1,1,1
05_wheel_block_left_f3N_tau0p08_t0p60_p2l_v2:0019,05_wheel_block_left_f3N_tau0p08_t0p60_p2l_v2,23.115999999999985,23.515999999999984,-0.0016099407616792332,0.014948552346962352,0.027132151436716545,0.017891621990421002,0.0,-0.025635000433426994,0.20167504921870502,0.37612148380877924,0.24432220037614685,0.0,-3.0167444660759246e-06,0.00016226293940879217,0.00040786851399736857,0.00021154315867454314,0.0,8.473117480327783e-06,0.0018083764084301116,0.0027302165851749395,0.0019385572858513693,0.0,-4.134295225000937e-05,0.001713827824214504,0.002392019884398838,0.0018602660694514077,0.0,0.3499999999903025,0.0,0.00015299055847434474,0.35160994075198176,0.0018083764084301116,0.013157084486636828,0.006903787947843163,0.004143670978853739,7.94516322289847e-08,1.0,0.0038096384765220425,0.004564478431955542,0.000407060189754725,0.6277777777777778,0.5944444444444444,0.02268046058132573,0.5624663373150434,0.5523543188084586,0.008686200899702417,1,1,1,1
05_wheel_block_left_f3N_tau0p08_t0p60_p2l_v2:0020,05_wheel_block_left_f3N_tau0p08_t0p60_p2l_v2,23.315999999999985,23.715999999999983,0.011059102194618337,0.02010315267352385,0.038539659002087,0.020191334182745303,0.0,0.12588235266305356,0.25125618059931326,0.4391012970978351,0.2562384297077082,0.0,-2.6381407385524122e-05,0.00012425612517579404,0.00039975396355638017,0.0001612229301933035,0.0,0.0016909487072973267,0.002979487543511857,0.006572273804909057,0.003193353354576034,0.0,0.0017312253305086735,0.002907455696278737,0.006569820365270328,0.0031460464351990916,0.0,0.3499999999903025,0.0,0.00013080787928263432,0.3389408977956842,0.002979487543511857,0.013578854466362353,0.007212333049534871,0.00443523796470251,8.252515756203587e-08,1.0,0.004101418645323244,0.004760914573664985,0.00044460088721528173,0.6416666666666666,0.5944444444444444,0.022849930887505674,0.558105258599664,0.5403467609535556,0.013151237937294525,1,1,1,1
05_wheel_block_left_f3N_tau0p08_t0p60_p2l_v2:0021,05_wheel_block_left_f3N_tau0p08_t0p60_p2l_v2,23.515999999999984,23.915999999999983,0.01723524200125734,0.021070031338065592,0.038539659002087,0.01828802667156876,0.0,0.2099510651155193,0.26040738145958725,0.47676204942597317,0.22415973318530524,0.0,-4.984998573498434e-05,0.00010881528126994266,0.0003944095801635975,0.0001398832845728987,0.0,0.0031747161215908916,0.005381263783320256,0.013080813263324107,0.005795098137518164,0.0,0.0031742740550364857,0.005363440239563143,0.013068292484118962,0.0057938832845837425,0.0,0.3499999999903025,0.0,0.00012135611342645389,0.3327647579890452,0.005381263783320256,0.012221984263479535,0.0056649545949084695,0.004556373321247713,7.113501703559078e-08,1.0,0.003987654732467317,0.004760914573664985,0.0004808273478976259,0.6601851851851852,0.6444444444444445,0.010837685102518174,0.5439607030882869,0.5344507274174226,0.010165272029501085,1,1,1,1
05_wheel_block_left_f3N_tau0p08_t0p60_p2l_v2:0022,05_wheel_block_left_f3N_tau0p08_t0p60_p2l_v2,23.715999999999983,24.115999999999982,0.00036302009247493605,0.02095046018851494,0.03768561658121622,0.024451467514241144,0.0,-0.0030043092340810615,0.27891186124592343,0.47676204942597317,0.3256711761252832,0.0,-1.0645021760194016e-05,0.00011391552755431631,0.00036589945302703325,0.0001532017639706997,0.0,0.0009126313272961225,0.0044323242551353595,0.013080813263324107,0.0058953963566435764,0.0,0.0009563464996723295,0.004444572796512949,0.013068292484118962,0.0058902088321645925,0.0,0.3499999999903025,0.0,0.0001242220176664424,0.3496369798978276,0.0044323242551353595,0.012236231109351996,0.005200874629928953,0.003174294911474475,7.280410692936292e-08,1.0,0.0036221323865120573,0.0040434506875131355,0.0003925555123371876,0.6425925925925926,0.6,0.029687443596076692,0.5377644663480386,0.52654830569663,0.006479200749688948,1,1,1,1
05_wheel_block_left_f3N_tau0p08_t0p60_p2l_v2:0023,05_wheel_block_left_f3N_tau0p08_t0p60_p2l_v2,23.915999999999983,24.31599999999998,0.004130265148790668,0.022121427137856142,0.033578863042702634,0.02376090577605466,0.0,0.04885460677093176,0.2952220829887496,0.4748768352405876,0.3206793113490044,0.0,1.3104938565783761e-05,0.00013054775413168032,0.00036589945302703325,0.0001722396521525313,0.0,0.0011618532441450636,0.00326086509880163,0.0047540854951372,0.0032166480286539706,0.0,0.0012133445278424378,0.003234100593179079,0.0047664807918821285,0.0031457188326650307,0.0,0.3499999999903025,0.0,0.00012585858865830495,0.34586973484151184,0.00326086509880163,0.013528420843043619,0.005365061005918095,0.0033947362248828317,8.413280226370464e-08,1.0,0.0037760585050160486,0.004379004363782215,0.00037931689820746054,0.6462962962962963,0.6,0.031207962122875414,0.5326426382845211,0.5197632506905439,0.009396418389603832,1,1,1,1
05_wheel_block_left_f3N_tau0p08_t0p60_p2l_v2:0024,05_wheel_block_left_f3N_tau0p08_t0p60_p2l_v2,24.115999999999982,24.51599999999998,0.017221411882384085,0.024102356295446815,0.0441158822488959,0.020802156238001822,0.0,0.22850107782240014,0.31667177922550566,0.6056892665958027,0.27624067449560136,0.0,-9.208266212484944e-06,0.00013732823887331586,0.0003592871008562563,0.00018461532920384515,0.0,0.0034137575837473277,0.0034137575837473277,0.00582032310651714,0.0017927825175495778,0.0,0.0034341698139733682,0.0034341698139733682,0.005629764177016966,0.0016885353119010871,0.0,0.3499999999903025,0.0,0.00013294028208136015,0.33277858810791844,0.0034137575837473277,0.013647990913381288,0.0054037435694376116,0.003207515546463437,8.421785479475956e-08,1.0,0.003911914715019084,0.004379004363782215,0.00025980047138051,0.6648148148148149,0.6111111111111112,0.02579331162441502,0.5323464317566717,0.5197632506905439,0.008859098199786641,1,1,1,1
05_wheel_block_left_f3N_tau0p08_t0p60_p2l_v2:0025,05_wheel_block_left_f3N_tau0p08_t0p60_p2l_v2,24.31599999999998,24.71599999999998,0.007503306474912495,0.023764826500344238,0.0441158822488959,0.024740516967715086,0.0,0.09711445741864196,0.31984205596319276,0.6056892665958027,0.334912855937256,0.0,-3.606517764815888e-05,0.00015955457337287951,0.00040706731214298073,0.00019800230053911822,0.0,0.0015047568469555676,0.0021018867082334466,0.00582032310651714,0.002400501386724861,0.0,0.0015689609763731248,0.0021807230764169833,0.005629764177016966,0.00239169326846685,0.0,0.3499999999903025,0.0,0.00016679166729418829,0.34249669351538997,0.0021018867082334466,0.013394896257216777,0.005999172920421291,0.004003701843886414,8.390864402606898e-08,1.0,0.0035616971521778523,0.003992425836907941,0.0003478279137702246,0.6583333333333333,0.6111111111111112,0.030890420958541238,0.5335361950880401,0.5179943786180199,0.010201355411416233,1,1,1,1
05_wheel_block_left_f3N_tau0p08_t0p60_p2l_v2:0026,05_wheel_block_left_f3N_tau0p08_t0p60_p2l_v2,24.51599999999998,24.91599999999998,0.012092644862823567,0.0227117317050263,0.05445760835379232,0.024787124340164182,0.0,0.14677516100978483,0.2962396802331115,0.6659776500007047,0.31850821980755456,0.0,-1.58283164243666e-05,0.00016424306835207655,0.00040706731214298073,0.0002024281120569758,0.0,0.0020165601228766075,0.0026136899841544864,0.006362802968388072,0.0026213253730751843,0.0,0.0020740328430974065,0.002685794943141265,0.006582923976215276,0.002690928775729787,0.0,0.3499999999903025,0.0,0.00016497275747729776,0.33790735512747894,0.0026136899841544864,0.013201776750288307,0.0060329546256441885,0.004731747090786807,8.585216271232996e-08,1.0,0.003667821473160103,0.0042704010284361745,0.0004341769953944089,0.6703703703703705,0.6222222222222222,0.022604732621729084,0.513520891211145,0.48370257990145205,0.018627560792640906,1,1,1,1
05_wheel_block_left_f3N_tau0p08_t0p60_p2l_v2:0027,05_wheel_block_left_f3N_tau0p08_t0p60_p2l_v2,24.71599999999998,25.11599999999998,0.0010395628318809053,0.030588138697810626,0.08864572759778916,0.043815481176406094,0.16666666666666666,0.006794221047975867,0.3885529692526319,1.145276244613968,0.5590470361231982,0.0,0.012122797021572124,0.01221869893745264,0.1726371408234461,0.03746184566818665,0.05,0.03822161837037242,0.03836416881349974,0.16464959798902357,0.05948371296119594,0.16666666666666666,0.01174536274803184,0.012030817051039353,0.03587687712816179,0.013315341345568681,0.0,0.31749999999424405,0.05499999997916359,0.04569515666518036,0.3110437704991384,0.029926086247296518,1.1012312448477983,1.0599411403019081,0.0058718655693772905,9.831472449379772e-08,1.0,0.00404280130701408,0.004464058572969467,0.00026171988422184504,0.6694444444444443,0.6277777777777778,0.02145672264121569,0.5003216614350959,0.48370257990145205,0.00758551166906319,1,1,1,1
05_wheel_block_left_f3N_tau0p08_t0p60_p2l_v2:0028,05_wheel_block_left_f3N_tau0p08_t0p60_p2l_v2,24.91599999999998,25.315999999999978,-0.015560224412025597,0.03509312614468337,0.08864572759778916,0.0433500998403813,0.16666666666666666,-0.20328541789428198,0.4319822762825267,1.145276244613968,0.5368189665347601,0.0,0.0184047714965343,0.01844701447344003,0.1726371408234461,0.036250651302834724,0.05,0.047295896960177185,0.047438447403304496,0.16464959798902357,0.05532243917912203,0.16666666666666666,0.015201474538620946,0.018596162225419658,0.03587687712816179,0.015499653098877238,0.0,0.25249999999484185,0.16499999994960649,0.14953805977938475,0.2626435577434025,0.12687076965502747,1.1025870697618965,1.0541175561153497,0.012395587157542132,9.455239175274071e-08,1.0,0.0041823970923315565,0.004655342369463662,0.0004174892801666364,0.6185185185185186,0.5722222222222222,0.040656478518703985,0.511516891419486,0.5014111876102854,0.009507738809898154,1,1,1,1
05_wheel_block_left_f3N_tau0p08_t0p60_p2l_v2:0029,05_wheel_block_left_f3N_tau0p08_t0p60_p2l_v2,25.11599999999998,25.515999999999977,0.02481350052805115,0.045976542452553136,0.0980305783067405,0.05058229513299721,0.16666666666666666,0.3002059269424415,0.5544246682305638,1.159340014794936,0.6069580766939109,0.0,0.006229882435088331,0.0064437633972734675,0.01715857927435313,0.007984176900977916,0.0,0.01187710245529531,0.014166252875205962,0.03487873510713113,0.013673407645205533,0.0,0.006321854790532447,0.011655526010968831,0.024214204157347374,0.012066080834138964,0.0,0.2199999999815605,0.21999999995307537,0.21398590760018754,0.19518649945325972,0.2081228974987546,0.06597836665234268,0.03630301227627663,0.00708162959903421,7.783071327552766e-08,1.0,0.004271430540728489,0.004655342369463662,0.0003888314105637568,0.5768518518518518,0.55,0.012995989673720554,0.5250177325775566,0.508703537028737,0.012105321639988446,1,1,1,1
05_wheel_block_left_f3N_tau0p08_t0p60_p2l_v2:0030,05_wheel_block_left_f3N_tau0p08_t0p60_p2l_v2,25.315999999999978,25.715999999999976,0.03695308849615126,0.03842359668168162,0.0980305783067405,0.03675110781940765,0.16666666666666666,0.44408468450749505,0.4618637534106365,1.159340014794936,0.44418620185952273,0.0,-0.00026588108994475974,0.00035441472103090317,0.0007615283948036455,0.0003133616510114132,0.0,0.001613477784068303,0.005608339197839328,0.007171258237418959,0.005467035722282577,0.0,0.0018930181992055466,0.00563025387170495,0.006906350665868116,0.005377640204504149,0.0,0.21999999995979125,0.21999999997928804,0.22029341840925207,0.183046911463803,0.21838652219499677,0.0498692972299511,0.009057501207278293,0.006688845280180242,7.22192435604352e-08,1.0,0.004407665007327403,0.004746655728391334,0.00023203968649875492,0.575,0.55,0.016276292436339754,0.5266976118483645,0.4922128558683128,0.019687894709636583,1,1,1,1
05_wheel_block_left_f3N_tau0p08_t0p60_p2l_v2:0031,05_wheel_block_left_f3N_tau0p08_t0p60_p2l_v2,25.515999999999977,25.915999999999976,0.0009753001141302592,0.02676154287457312,0.06090331423016648,0.03266265085693886,0.0,0.005220263199363677,0.3249502026620941,0.7574866005064242,0.39816650032405726,0.0,0.00017261545637742016,0.001180523948119233,0.007823982978139715,0.002110735645700375,0.0,0.005412098776005926,0.009746862742839188,0.033020143243583905,0.013283341557754895,0.0,0.0053562561443277435,0.00919182159339603,0.02967960570857131,0.011879263839889109,0.0,0.21999999994767205,0.2199999999939885,0.21971274038803495,0.21902469983538678,0.21458790121568724,0.05688647447552221,0.013401185383706203,0.006135258929707271,9.427793803869803e-08,1.0,0.004326097996627646,0.004746655728391334,0.00026497166415582053,0.5703703703703703,0.5277777777777778,0.02657907424890243,0.5234750825229036,0.4922128558683128,0.017896924134916264,1,1,1,1
05_wheel_block_left_f3N_tau0p08_t0p60_p2l_v2:0032,05_wheel_block_left_f3N_tau0p08_t0p60_p2l_v2,25.715999999999976,26.115999999999975,0.0008155060771059217,0.03390280036035274,0.06090331423016648,0.03867320429885505,0.0,-0.002891207859146594,0.41040270759673164,0.7574866005064242,0.4650416578275983,0.0,-0.0030219862578929487,0.017931876593785492,0.1878362306936169,0.04346493390500379,0.05,-0.032205929464618484,0.04882045893609747,0.23519200628322917,0.0916244395721499,0.16666666666666666,-0.010810480697035768,0.021733430842132282,0.07225906619514469,0.03075503727234045,0.0,0.2199999999704394,0.21999999995164635,0.20565604312787206,0.21918449389513225,0.2118725961347989,0.7145818703962518,0.6710433269479599,0.015438908331194622,8.549274012160318e-08,1.0,0.004284470075934721,0.004831904834578186,0.00031225424857164497,0.5537037037037037,0.5277777777777778,0.024776089185666008,0.5307094892633392,0.5103272731494737,0.016418862095426888,1,1,1,1
05_wheel_block_left_f3N_tau0p08_t0p60_p2l_v2:0033,05_wheel_block_left_f3N_tau0p08_t0p60_p2l_v2,25.915999999999976,26.315999999999974,0.019525381279447033,0.03005864326015262,0.05808544845942745,0.02916143157650434,0.0,0.21726211358421077,0.35038485388931395,0.6551813109578547,0.3379152559966527,0.0,-0.004120505822291874,0.01776631202617987,0.1878362306936169,0.04339711549777068,0.05,-0.045998092146815515,0.05569275329851061,0.23519200628322917,0.08801838044244834,0.16666666666666666,-0.023436763689271247,0.028359543269116248,0.07225906619514469,0.02970856622572851,0.0,0.21999999999303466,0.2199999999266066,0.20560863223355072,0.20047461871373565,0.2073022851704972,0.714008780569715,0.6729859778104685,0.009225540583802375,8.367736460182084e-08,1.0,0.004433171670210601,0.004986291762991365,0.00038292044928284105,0.5574074074074074,0.5388888888888889,0.019685455208767876,0.5273919467683152,0.5106654746901224,0.01703433218133391,1,0,1,1
05_wheel_block_left_f3N_tau0p08_t0p60_p2l_v2:0034,05_wheel_block_left_f3N_tau0p08_t0p60_p2l_v2,26.115999999999975,26.515999999999973,0.02248953375004432,0.028880807442794875,0.08456935912933422,0.034489616405881614,0.16666666666666666,0.26831743096663446,0.3440666032595296,1.0356887543766298,0.4135436608626167,0.0,-0.0006721156415018317,0.0009017284639126252,0.010237681829048217,0.00242889617186773,0.0,-0.012241105519039877,0.01717214191321777,0.05821332321700454,0.022439495962268886,0.0,-0.011463989353582005,0.01638676893342701,0.052869247264154734,0.02061445747648701,0.0,0.21999999999253173,0.2199999999448085,0.21945783151833495,0.1975104662425152,0.2077588944256263,0.05068899933952087,0.011057867773401673,0.008698318354832264,8.829433737359873e-08,1.0,0.004307088529642316,0.004986291762991365,0.0003939474635940018,0.5546296296296296,0.5111111111111111,0.026723832758632996,0.4829233380851108,0.42838244523533564,0.03566467895247265,1,1,1,1
05_wheel_block_left_f3N_tau0p08_t0p60_p2l_v2:0035,05_wheel_block_left_f3N_tau0p08_t0p60_p2l_v2,26.315999999999974,26.715999999999973,0.028364669560705963,0.032935973747362506,0.08456935912933422,0.03500884663418545,0.16666666666666666,0.3440124457961054,0.39727212736421696,1.0356887543766298,0.42019515340118513,0.0,6.460238026489984e-05,0.00017153518472865225,0.00047001816301209254,0.00020308609417992032,0.0,-0.003408937037290153,0.004544397727802046,0.011406365464920493,0.004750527996287182,0.0,-0.0035086604297317283,0.004655401721242282,0.011568092019410586,0.004833043963153938,0.0,0.21999999999252395,0.2199999999443929,0.22004427868958354,0.1916353304318239,0.2165910629072242,0.04850132724959444,0.010084985890067684,0.006769886447633249,7.184497298944998e-08,1.0,0.004240955423348501,0.004604355928706325,0.00029675183421860033,0.5370370370370371,0.5055555555555555,0.02283116297395918,0.433280125741224,0.4101793408545611,0.01983109369037094,1,1,1,1
05_wheel_block_left_f3N_tau0p08_t0p60_p2l_v2:0036,05_wheel_block_left_f3N_tau0p08_t0p60_p2l_v2,26.515999999999973,26.915999999999972,0.019028637723474656,0.028774524646297983,0.06530543029577116,0.027795254554895246,0.0,0.22640324175884322,0.3486090745610517,0.7631816867476142,0.3317144605539092,0.0,1.945562485310137e-06,0.00017672160509232677,0.0005053149139553903,0.00021364626793011235,0.0,0.002817010771226716,0.00465060812164433,0.009315683847523376,0.004949748207432351,0.0,0.00284471441930848,0.004733181315706987,0.009426218019368549,0.005091323898326104,0.0,0.219999999992595,0.21999999994311756,0.21999880390663568,0.20097136226911447,0.2228170107145265,0.04609577597301344,0.007560789932753333,0.005545876635940125,7.13111057435256e-08,1.0,0.0042171730563723975,0.004583185098036813,0.00026245062848226125,0.5453703703703703,0.5055555555555555,0.023660985813297498,0.40815419812055415,0.3872283940164656,0.013014483325615406,1,1,1,1
05_wheel_block_left_f3N_tau0p08_t0p60_p2l_v2:0037,05_wheel_block_left_f3N_tau0p08_t0p60_p2l_v2,26.715999999999973,27.11599999999997,0.030653400219921353,0.040399287142744676,0.10827073166632514,0.041649322152122165,0.16666666666666666,0.36768658378985597,0.4898924165920644,1.3496545524126558,0.5183203901304756,0.0,-2.4880717364304805e-05,0.000166798787673135,0.0005053149139553903,0.00020670817515035445,0.0,-0.0011862843741795536,0.007518442576538706,0.012338576562105658,0.008284457225481053,0.0,-0.0011222618685486907,0.007553416312053603,0.012201663121473971,0.00835005595768539,0.0,0.21999999999270603,0.21999999994209268,0.2199638269887068,0.1893465997727721,0.2188137155679777,0.04905918784959807,0.009186808162900576,0.007703177479289235,6.491243836055286e-08,1.0,0.0044497621170969635,0.005326702008573192,0.0004846503581741945,0.5398148148148147,0.49444444444444446,0.02594245504837389,0.4036797506727647,0.3872283940164656,0.009136837864218629,1,1,1,1
05_wheel_block_left_f3N_tau0p08_t0p60_p2l_v2:0038,05_wheel_block_left_f3N_tau0p08_t0p60_p2l_v2,26.915999999999972,27.31599999999997,0.012101267152231069,0.04382935107551278,0.10827073166632514,0.05422993478520517,0.16666666666666666,0.14056255176543714,0.5324017299762434,1.3496545524126558,0.6698924135538853,0.0,0.01932428298018799,0.01945132461176972,0.19397963159269177,0.058006939411426824,0.1,0.02871011809219907,0.037781663160879914,0.1102467677299708,0.05070490624304904,0.16666666666666666,0.017230478785882537,0.026149432025237156,0.1103070227247145,0.04287881697781448,0.16666666666666666,0.12210000000489662,0.1220999999743364,0.13825427908343207,0.1230153995163095,0.1641936028488338,1.6542553657759071,1.5621532553395314,0.016441848743864212,9.330304301736895e-08,1.0,0.00454978720767328,0.005326702008573192,0.0004262317601020788,0.5685185185185184,0.49444444444444446,0.053543823314077636,0.40484792688800164,0.38872625253574467,0.01200665631284262,1,1,1,1
05_wheel_block_left_f3N_tau0p08_t0p60_p2l_v2:0039,05_wheel_block_left_f3N_tau0p08_t0p60_p2l_v2,27.11599999999997,27.51599999999997,-0.011588642701642594,0.025285271702523066,0.05312724204271948,0.029596836538030063,0.0,-0.14925662934961503,0.31359358807129933,0.6711673416236861,0.36315221152827776,0.0,0.019325968347890823,0.019465830726641587,0.19397963159269177,0.05800640093236587,0.1,0.03288148251429516,0.03458271113404567,0.1102467677299708,0.04770054503478626,0.16666666666666666,0.02139536637975802,0.022969548585655808,0.1103070227247145,0.04048962540923023,0.16666666666666666,0.012100000008505862,0.01210000000348361,0.02833971927227542,0.050401938374679545,0.0596993778018309,1.6539033674015757,1.567914501901503,0.005884540010336861,1.0476791953118218e-07,1.0,0.004145668148111502,0.004653180891933992,0.00040619628673589723,0.6324074074074074,0.5666666666666667,0.03230141396761558,0.3961123811644705,0.3868859546745793,0.012706573044718736,1,1,1,1
05_wheel_block_left_f3N_tau0p08_t0p60_p2l_v2:0040,05_wheel_block_left_f3N_tau0p08_t0p60_p2l_v2,27.31599999999997,27.71599999999997,0.007979441799862865,0.02122699992836145,0.03685866462232282,0.023223492902496916,0.0,0.0983068283400934,0.26676790856020527,0.4697927695487728,0.29037499738541717,0.0,1.3775052140620381e-05,0.00013259355883127037,0.00025061371614285645,0.0001454730175226767,0.0,0.00016782702369605454,0.0030695787590245324,0.006794980162376211,0.0036291982070431757,0.0,0.0002328028483578608,0.0029591041799205565,0.0066207086219528385,0.0035074100271020375,0.0,0.0,0.0,0.00014773519316879934,0.02122699992836145,0.0030695787590245324,0.01496729249388469,0.006660779101893048,0.0047777743968783395,6.9738343895073e-08,1.0,0.004003938050193998,0.004468837199740239,0.0003420566534356384,0.65,0.6444444444444445,0.00320750149549791,0.39005780695422493,0.3864637249979204,0.0027164731633340378,1,1,1,1
05_wheel_block_left_f3N_tau0p08_t0p60_p2l_v2:0041,05_wheel_block_left_f3N_tau0p08_t0p60_p2l_v2,27.51599999999997,27.91599999999997,0.004353481370390475,0.015124145166068984,0.036109872163497085,0.018554552695626655,0.0,0.06026824393010644,0.1936773431467692,0.4697927695487728,0.2358308420662776,0.0,-8.398398616702612e-06,0.00012762211377021504,0.0003004476788887433,0.0001472952274281007,0.0,-0.0014359599074423171,0.0037009532949010544,0.006794980162376211,0.0037903059118777884,0.0,-0.001329618792918274,0.0035365216669025535,0.0066207086219528385,0.003689676599924819,0.0,0.0,0.0,0.00017282416141707263,0.015124145166068984,0.0037009532949010544,0.014039138944607881,0.005772902983609519,0.004023666799941777,6.905364499451103e-08,1.0,0.003867584333518022,0.0043838117235065225,0.0002748578813373177,0.65,0.6444444444444445,0.00320750149549791,0.39008298418706056,0.3864637249979204,0.0017683151531941131,1,1,1,1
05_wheel_block_left_f3N_tau0p08_t0p60_p2l_v2:0042,05_wheel_block_left_f3N_tau0p08_t0p60_p2l_v2,27.71599999999997,28.115999999999968,0.0428631523523163,0.04553208850038017,0.2144018442664063,0.07763514430867045,0.16666666666666666,0.5490864453676852,0.5850455035743444,2.7204686136805685,0.9839935212057823,0.0,0.001024912632107161,0.0011118675283249984,0.01141057697638181,0.002724456186611837,0.0,0.00026990370685150294,0.004942078482810238,0.015543971256317662,0.006992933272662947,0.0,-0.0017973790847733422,0.002799959759611533,0.004748445731751559,0.0025788819573084867,0.0,0.13049999998588024,7.447034442101052e-12,0.0013216906701554124,0.06359387981449582,0.004942078488143104,2.0601377627522113,1.8949527176088827,0.005136739696458038,7.376902277686423e-08,1.0,0.003678652874452499,0.004020649004319986,0.00019559358088697777,0.649074074074074,0.6388888888888888,0.004986263710309746,0.39008688141394005,0.38445811461287815,0.003003115932769473,0,1,1,1
05_wheel_block_left_f3N_tau0p08_t0p60_p2l_v2:0043,05_wheel_block_left_f3N_tau0p08_t0p60_p2l_v2,27.91599999999997,28.315999999999967,0.03844050171700759,0.05378954939500905,0.2144018442664063,0.0767525262188406,0.14285714285714285,0.4870361258245195,0.6943282917391999,2.7204686136805685,0.9797693004410131,0.0,0.0011661955598988136,0.0011783781144280294,0.01141057697638181,0.002675013584176879,0.0,0.00017348774096361352,0.005767003443882674,0.015543971256317662,0.007527259922293558,0.0,-0.0018679569214844905,0.004125017332640516,0.010261256729843845,0.0046625573239541425,0.0,0.28049999998153385,1.7922985033435867e-11,0.001363955518625529,0.22083597115605072,0.005767003442467445,2.0601338366489825,1.8951749656326586,0.004419690211643323,7.236649710242532e-08,1.0,0.00378253743621896,0.004257940523042748,0.00026704860634063865,0.6325396825396824,0.6055555555555555,0.0152661778267233,0.3921259315568558,0.38445811461287815,0.003820047035915223,0,1,1,1
05_wheel_block_left_f3N_tau0p08_t0p60_p2l_v2:0044,05_wheel_block_left_f3N_tau0p08_t0p60_p2l_v2,28.115999999999968,28.515999999999966,0.01554439247873045,0.037723752307638324,0.09653411445189,0.04339852283062161,0.14285714285714285,0.19756609720576315,0.5014534639109794,1.3052857457674127,0.5855883523724876,0.0,0.00022471392817824585,0.0002700977434035021,0.0006781228858666629,0.00025601718158514,0.0,0.0006061526331238414,0.005328998250347341,0.009809957073803338,0.006163516898707557,0.0,0.00026056976922916874,0.005410455280198406,0.010261256729843845,0.006217632845242271,0.0,0.2999999999913072,2.095190118266963e-11,0.0002730130596418607,0.28445560751257676,0.005328998247354212,0.014030978668580418,0.006299553128982007,0.004754812723390595,7.579396482158642e-08,1.0,0.0037885357101118387,0.004269619643246757,0.0003377715292540594,0.6238095238095239,0.6055555555555555,0.012846360362094167,0.39574090256360905,0.3912815214453381,0.004909957723938174,1,1,1,1
05_wheel_block_left_f3N_tau0p08_t0p60_p2l_v2:0045,05_wheel_block_left_f3N_tau0p08_t0p60_p2l_v2,28.315999999999967,28.715999999999966,0.02726750418359158,0.04022974903917457,0.09653411445189,0.040603843156100806,0.16666666666666666,0.3574749490808697,0.5341836167975801,1.3052857457674127,0.5504864735841914,0.0,0.00027251136614190414,0.00030571262683794464,0.0008720059438758136,0.00025971047992323415,0.0,0.003194224928931303,0.004901777838896921,0.008860833531211736,0.005103251753117973,0.0,0.0028774643733251704,0.004811317224888489,0.00849483737639251,0.005076497445724631,0.0,0.2999999999913072,2.095190118266963e-11,0.00025665532542273265,0.27273249580771564,0.004901777845880888,0.01562225435177175,0.007447307669282087,0.00543893131429103,6.588552954459193e-08,1.0,0.003812208761424145,0.004269619643246757,0.00035245551182810323,0.6407407407407407,0.6111111111111112,0.017762338975232283,0.39906369594642194,0.3912815214453381,0.005242242301287172,1,1,1,1
05_wheel_block_left_f3N_tau0p08_t0p60_p2l_v2:0046,05_wheel_block_left_f3N_tau0p08_t0p60_p2l_v2,28.515999999999966,28.915999999999965,0.027336892814218385,0.032330440160410555,0.08491783950698781,0.03374099423798526,0.16666666666666666,0.35468700289548877,0.4187012696899073,1.0985168751853016,0.4405453025275146,0.0,0.00030906409833267345,0.00031676646605856697,0.0008720059438758136,0.0002323247270494784,0.0,0.0015973804757160332,0.003298950725490895,0.00833625974060707,0.004361950400701411,0.0,0.0012317657674904222,0.003432234072419713,0.008109726536175981,0.004407623780145198,0.0,0.2999999999913072,2.095190118266963e-11,0.00025494319369907825,0.2726631071770888,0.003298950732474862,0.015597999275422625,0.007103794396017186,0.005464001250785586,6.216574176149475e-08,1.0,0.004030267283302388,0.004521428330523106,0.00028772931474904293,0.6518518518518518,0.6388888888888888,0.007635380788180857,0.39362513692897205,0.37296472535929476,0.010338207787995872,1,1,1,1
05_wheel_block_left_f3N_tau0p08_t0p60_p2l_v2:0047,05_wheel_block_left_f3N_tau0p08_t0p60_p2l_v2,28.715999999999966,29.115999999999964,0.018404605696987777,0.030177718013443797,0.08491783950698781,0.03685029145210827,0.16666666666666666,0.24384354301993239,0.38927610855010264,1.0985168751853016,0.47243027959391554,0.0,0.00024596242451188556,0.00026167834050353867,0.0007808593385533123,0.00021637759805719442,0.0,0.0028392349896558615,0.00481793890768406,0.010192874800853962,0.005320881088719055,0.0,0.002448219288005504,0.004928560477274395,0.009893678618777229,0.005421492650655673,0.0,0.2999999999913072,2.095190118266963e-11,0.0002485267159591875,0.2815953942943194,0.004817938914668026,0.015214860569560456,0.0067722289244103815,0.004137916620174062,6.674317399399382e-08,1.0,0.003953116446378105,0.004521428330523106,0.0003926018722703502,0.648148148148148,0.6388888888888888,0.009442628728875531,0.3914016692484276,0.37296472535929476,0.010271974124640112,1,1,1,1
05_wheel_block_left_f3N_tau0p08_t0p60_p2l_v2:0048,05_wheel_block_left_f3N_tau0p08_t0p60_p2l_v2,28.915999999999965,29.315999999999963,0.009233002655923203,0.027359755731171175,0.03833973169196886,0.027133192678944592,0.0,0.12986263527630074,0.36031126904451644,0.5018776815658962,0.35176390736468566,0.0,0.00019633173526948503,0.0002300115189817726,0.0005248741872791912,0.00019745566190234294,0.0,0.0035313127747585824,0.005474016380230653,0.010192874800853962,0.005406082602064033,0.0,0.0032521260669309913,0.0054063199388463745,0.009893678618777229,0.005438599808438847,0.0,0.2999999999913072,2.095190118266963e-11,0.00022111558146373456,0.29076699733538397,0.0054740163872146206,0.014827501657318961,0.0068384251912412585,0.005213512897255912,7.012278049625659e-08,1.0,0.0037023115890090475,0.004201918825087235,0.000341461207681766,0.6499999999999999,0.6388888888888888,0.009622504486493771,0.3934170688987559,0.382024220651621,0.0074706094241311395,1,1,1,1
05_wheel_block_left_f3N_tau0p08_t0p60_p2l_v2:0049,05_wheel_block_left_f3N_tau0p08_t0p60_p2l_v2,29.115999999999964,29.515999999999963,0.013477912161444353,0.024956278381417632,0.057845419352034105,0.02706383986755392,0.0,0.173484093257402,0.32108680155539987,0.7127953834983339,0.34356863105451224,0.0,0.00018886707600516568,0.0002272363533231797,0.0006431620108686851,0.00023140699330345953,0.0,0.00210237834299447,0.004744067869040534,0.009091250838280142,0.005581270118981398,0.0,0.001970029312638144,0.004740399684635005,0.009042466131744238,0.005618168694672674,0.0,0.2999999999913072,2.095190118266963e-11,0.00021685762450947068,0.28652208782986294,0.0047440678760245015,0.01427003823695178,0.00607217788955491,0.004774619789754816,6.844151817579745e-08,1.0,0.003967496250777726,0.004475857756512349,0.0003809260780745638,0.6555555555555554,0.6388888888888888,0.00907218423253029,0.37948364117395267,0.362871647853455,0.012528329744619964,1,1,1,1
05_wheel_block_left_f3N_tau0p08_t0p60_p2l_v2:0050,05_wheel_block_left_f3N_tau0p08_t0p60_p2l_v2,29.315999999999963,29.715999999999962,0.010831802568475088,0.017539939525053214,0.057845419352034105,0.024238142521464612,0.0,0.13935323120163054,0.22328825299825517,0.7127953834983339,0.30379235917183145,0.0,0.0002159687569820242,0.00022988742706848902,0.0006431620108686851,0.0002249862661193994,0.0,0.000706476558669907,0.00529954580785924,0.009091250838280142,0.006060820049184771,0.0,0.0005310509011817498,0.005327837828976688,0.009042466131744238,0.0060752843158708,0.0,0.2999999999913072,2.095190118266963e-11,0.0002414156517651797,0.2891681974228321,0.0052995458078592406,0.013191883115952067,0.005733098521970818,0.004747853453941806,7.404146582920648e-08,1.0,0.003923943615727148,0.004475857756512349,0.0003739271629273699,0.6583333333333333,0.65,0.005319039487535193,0.36434455144593175,0.35874285578741705,0.004918328433221225,1,1,1,1
05_wheel_block_left_f3N_tau0p08_t0p60_p2l_v2:0051,05_wheel_block_left_f3N_tau0p08_t0p60_p2l_v2,29.515999999999963,29.91599999999996,0.011204429718803541,0.015752738899449514,0.034402868085844696,0.016523585523504476,0.0,0.15379539267195977,0.21707375958391173,0.46596591810479987,0.2267400509611679,0.0,0.0002561557505530055,0.0002719968537798056,0.0006887846311731719,0.00022541528877490766,0.0,0.0017626307251129257,0.004291441815726651,0.008745462723868946,0.004865605021691461,0.0,0.0014904442914035613,0.004234510734857145,0.00832978998214172,0.004778854413257339,0.0,0.2999999999913072,2.095190118266963e-11,0.00026912749228545006,0.28879557027250363,0.00429144181572665,0.01183476189867236,0.005082744995690811,0.004237528008822832,8.190258423637427e-08,1.0,0.0034438366091911793,0.003619653052046682,0.00018886136484230366,0.662037037037037,0.6555555555555556,0.005928818738363759,0.35198021614152114,0.33952712042498495,0.008747389901494514,1,1,1,1
05_wheel_block_left_f3N_tau0p08_t0p60_p2l_v2:0052,05_wheel_block_left_f3N_tau0p08_t0p60_p2l_v2,29.715999999999962,30.11599999999996,0.007515948737362249,0.029019089972873845,0.05561473065078726,0.0316831197031446,0.0,0.09571612245746895,0.39981646214631544,0.7865110635407001,0.4403810649560857,0.0,0.00023608077957645228,0.00028656360649551574,0.0006887846311731719,0.0002570374948901876,0.0,0.0022526394528733606,0.0033693615247069584,0.008745462723868946,0.003729094536025284,0.0,0.002024486547466114,0.0033174709893440363,0.00832978998214172,0.0037628163818869955,0.0,0.2999999999913072,2.095190118266963e-11,0.00025335981463678315,0.292484051253945,0.0033693615316909265,0.014602814397707777,0.006518289219999897,0.00391370018824506,7.497727701310508e-08,1.0,0.0033997103503904482,0.0036900534889393747,0.0002510011094808981,0.662037037037037,0.6388888888888888,0.01083768510251819,0.3515592456435814,0.33952712042498495,0.012159768141397994,1,1,1,1
05_wheel_block_left_f3N_tau0p08_t0p60_p2l_v2:0053,05_wheel_block_left_f3N_tau0p08_t0p60_p2l_v2,29.91599999999996,30.31599999999996,0.017058763933188836,0.03559700748345126,0.05561473065078726,0.03360683099601284,0.0,0.21047393459002198,0.4726442891035887,0.7865110635407001,0.45758363311653566,0.0,0.0002365042891612888,0.00028923054330832196,0.0005810076398149951,0.00022433805521830677,0.0,0.0017969585509725796,0.005167339318470133,0.009756029145036153,0.005786954698882025,0.0,0.0017031834695717507,0.005165948455766261,0.009876738535917088,0.005870874192063385,0.0,0.2999999999913072,2.095190118266963e-11,0.00021832451052067504,0.28294123605811833,0.0051673393254541,0.01602051678415527,0.00679246023006819,0.004491547035135806,7.361504604384775e-08,1.0,0.003712099048535454,0.004108068242042338,0.0003207077211128422,0.661111111111111,0.6388888888888888,0.013981174880131026,0.3637769461091503,0.34261714196303267,0.011159396595792037,1,1,1,1
05_wheel_block_left_f3N_tau0p08_t0p60_p2l_v2:0054,05_wheel_block_left_f3N_tau0p08_t0p60_p2l_v2,30.11599999999996,30.51599999999996,0.031875864554276455,0.031875864554276455,0.05224584570492674,0.01434747234288497,0.0,0.41062012411673826,0.41062012411673826,0.6701663671010629,0.17735389867322793,0.0,0.00018929318381209634,0.0002323606924099088,0.0005208167384215242,0.00019600011312593009,0.0,0.0032621816559237483,0.006048433651293955,0.009756029145036153,0.006070100360777364,0.0,0.0031218249806209846,0.005999926480819511,0.009876738535917088,0.006090541376575256,0.0,0.2999999999912184,2.049642507000289e-11,0.00022190906089524274,0.2681241354369419,0.006048433664806414,0.015354141085564417,0.006223139363722599,0.004678500144858407,6.349642680983958e-08,1.0,0.0038361475602070668,0.004108068242042338,0.00021959298409551957,0.6842592592592593,0.65,0.0220867785960677,0.3766039093674554,0.36019816664630433,0.01427089101788894,1,1,1,1
05_wheel_block_left_f3N_tau0p08_t0p60_p2l_v2:0055,05_wheel_block_left_f3N_tau0p08_t0p60_p2l_v2,30.31599999999996,30.71599999999996,0.018619857522063937,0.03920688972558651,0.06191675953302944,0.040007425585348345,0.0,0.24216950560827774,0.5238749398489774,0.8610963392956967,0.5429649908984588,0.0,0.00018399745493099832,0.00021019606128901965,0.0006085196387823899,0.00018338095666577047,0.0,0.001990069314740347,0.005599907172611798,0.010829513573614351,0.006420975383610427,0.0,0.0018297081212440534,0.005620894269051262,0.011151173724806304,0.0064808931818130236,0.0,0.2999999999911296,2.0040948957336158e-11,0.00025750845850846073,0.2813801424690657,0.0055999071859724305,0.016161633127858906,0.007705721170792216,0.004173886805470085,7.55262325224447e-08,1.0,0.0037243369958273264,0.0042409777184294764,0.00030678899821978445,0.7037037037037037,0.6777777777777778,0.014930106941293599,0.38975625916990797,0.36957624817321066,0.01365521876570097,1,1,1,1
05_wheel_block_left_f3N_tau0p08_t0p60_p2l_v2:0056,05_wheel_block_left_f3N_tau0p08_t0p60_p2l_v2,30.51599999999996,30.915999999999958,0.0008492368501880065,0.033124276812585264,0.06191675953302944,0.03997163738868165,0.0,0.007093625354009468,0.44913498151595693,0.8610963392956967,0.5476364407473054,0.0,0.00019506038950967646,0.00024163381638386697,0.0006085196387823899,0.0002114440345460223,0.0,-0.0009145386009854281,0.004875266239640968,0.010829513573614351,0.005975912311360543,0.0,-0.00095878182838979,0.004965894695351559,0.011151173724806304,0.006080955597131179,0.0,0.2999999999911296,2.0040948957336158e-11,0.00026559855198407013,0.29915076314094163,0.004875266239640967,0.01529558142472762,0.007791967793338017,0.00403363732697512,8.127722494075312e-08,1.0,0.003698222121282053,0.0042409777184294764,0.0002757912027051481,0.7101851851851851,0.6777777777777778,0.017978229480507018,0.4003141978287978,0.37823086886566076,0.011822124471703515,1,1,1,1
05_wheel_block_left_f3N_tau0p08_t0p60_p2l_v2:0057,05_wheel_block_left_f3N_tau0p08_t0p60_p2l_v2,30.71599999999996,31.115999999999957,-0.000620559798830402,0.02117884891608136,0.03691392930048443,0.025088020074505852,0.0,-0.016803346627917642,0.2864009409564074,0.48206223750715904,0.3396520662559938,0.0,0.00015532392357383998,0.00023215035099055295,0.0006132074730461305,0.00023986122025956695,0.0,-0.0006024793858364282,0.003990065415002963,0.0077663319593033785,0.004664178950268187,0.0,-0.0006642711368807473,0.0040227626256417555,0.007624425992625193,0.004676030984867645,0.0,0.2999999999911296,2.0040948957336158e-11,0.00025076718087378437,0.30062055978996,0.003990065408322647,0.013909713027950684,0.005838056528137402,0.0038534461134411167,7.205618438363078e-08,1.0,0.0036528444348261323,0.0038278491655679564,0.0001866225386349239,0.7212962962962962,0.6944444444444444,0.019088451970452138,0.405543530857331,0.3900257463038032,0.010403705501995058,1,1,1,1
05_wheel_block_left_f3N_tau0p08_t0p60_p2l_v2:0058,05_wheel_block_left_f3N_tau0p08_t0p60_p2l_v2,30.915999999999958,31.315999999999956,-0.0071161168687696634,0.021763876144151678,0.03691392930048443,0.023392525232840543,0.0,-0.09620625125532249,0.2877912042495477,0.48206223750715904,0.3108308448171163,0.0,0.0002208818519956384,0.0002630323501588279,0.0006132074730461305,0.00021076959077956156,0.0,-0.0013729531070807042,0.004129373420623659,0.0077663319593033785,0.004778044290850631,0.0,-0.0016023071251124142,0.00421799781355943,0.007934491931013704,0.004829414263411094,0.0,0.2999999999911296,2.0040948957336158e-11,0.0002683953405436173,0.30711611685989926,0.004129373413943341,0.014381843832891532,0.006011092146629417,0.004432582968292888,7.363763257831772e-08,1.0,0.003828237595096451,0.004388820853360668,0.000314041333685144,0.737037037037037,0.6944444444444444,0.02214492730203965,0.4162086508521224,0.3900257463038032,0.014347157716438986,1,1,1,1
05_wheel_block_left_f3N_tau0p08_t0p60_p2l_v2:0059,05_wheel_block_left_f3N_tau0p08_t0p60_p2l_v2,31.115999999999957,31.515999999999956,0.0011313454746702627,0.01989993753155453,0.04379315546583701,0.02408955751490324,0.0,0.015240416858468109,0.25636950670026104,0.5468745226109755,0.30805000187854964,0.0,0.0002552244900649415,0.0003008887371941472,0.0006243403356552264,0.00022477966623353298,0.0,0.0007234817544417857,0.003813230464061703,0.007504536871731664,0.004360484847267861,0.0,0.00043286137575222197,0.0037737511673741446,0.007934491931013704,0.00443816472118272,0.0,0.2999999999911296,2.0040948957336158e-11,0.0002802992247400559,0.29886865451645933,0.0038132304707420195,0.015222577523587816,0.006521626560320902,0.003942570232008136,8.308028538405222e-08,1.0,0.0038490141415534833,0.004388820853360668,0.00034039265663069623,0.762962962962963,0.7333333333333333,0.019685455208767876,0.42634249058516177,0.411545175708045,0.008731222845621311,1,1,1,1
05_wheel_block_left_f3N_tau0p08_t0p60_p2l_v2:0060,05_wheel_block_left_f3N_tau0p08_t0p60_p2l_v2,31.315999999999956,31.715999999999955,0.013758592791700988,0.018176308197402836,0.04379315546583701,0.01782691587212502,0.0,0.17785588513491427,0.2342537553822274,0.5468745226109755,0.22436073546838342,0.0,0.00020827828037630936,0.0002807455425116026,0.0006243403356552264,0.0002568093135966335,0.0,0.0025918764599545878,0.003662650598155721,0.00460430811536418,0.0027460229080769893,0.0,0.002452809397009577,0.003499373632819903,0.004629281071373276,0.0026461274230808766,0.0,0.2999999999911296,2.0040948957336158e-11,0.00028602683736917957,0.2862414071994286,0.0036626506115163535,0.013359027843676732,0.005957094214439836,0.003749419474590874,8.47145382670347e-08,1.0,0.0037759737441661703,0.004128374376860823,0.00028466798781423655,0.7657407407407407,0.7388888888888889,0.016485642421078556,0.4319905571788369,0.411545175708045,0.0185303922410673,1,1,1,1
05_wheel_block_left_f3N_tau0p08_t0p60_p2l_v2:0061,05_wheel_block_left_f3N_tau0p08_t0p60_p2l_v2,31.515999999999956,31.915999999999954,-0.01821409518995087,0.029117713172829903,0.12192449906913741,0.04781260635657996,0.16666666666666666,-0.24159168162773745,0.38209139858615,1.616870761979308,0.6325940743657928,0.0,0.028152546733148858,0.028191247245775614,0.3134157009592659,0.0719522439096451,0.1,0.0633102540384981,0.06737587888119526,0.3236185620906977,0.11883485882647764,0.16666666666666666,0.025820105614984695,0.030008275682408336,0.12694534875984287,0.04736504774748329,0.16666666666666666,0.2645999999972093,0.10324999998700105,0.0807260083924065,0.2789140951895708,0.05320020375603768,0.855525684640602,0.8088099122900192,0.007380153708947906,5.9068845933224556e-08,1.0,0.004060675831792197,0.00502901779521743,0.00045995682443717914,0.7546296296296297,0.7388888888888889,0.012178654109227674,0.4514431391965799,0.41846115083252555,0.01999156658392708,1,0,1,1
05_wheel_block_left_f3N_tau0p08_t0p60_p2l_v2:0062,05_wheel_block_left_f3N_tau0p08_t0p60_p2l_v2,31.715999999999955,32.11599999999996,-0.02313260632071333,0.028441798579825813,0.12192449906913741,0.04554328696473411,0.16666666666666666,-0.3032134944648766,0.36322998936892353,1.616870761979308,0.6010051254422738,0.0,0.039707979498953924,0.039707979498953924,0.3134157009592659,0.06829497180382633,0.1,0.07746941891037999,0.08046426961487603,0.3236185620906977,0.11210054620636672,0.16666666666666666,0.02837206885961013,0.03185359418650648,0.12694534875984287,0.046183353820611193,0.16666666666666666,0.20459999999841494,0.2782499999459874,0.24397632189935595,0.2238326063215389,0.21215558101644058,0.8566630217099578,0.800574408535446,0.016443862880054564,7.328862660489443e-08,1.0,0.0045445994046078774,0.005049726171242471,0.000512331812179512,0.7611111111111111,0.7388888888888889,0.01571348402636772,0.473726832886938,0.4557777919437506,0.013050946394371137,1,0,1,1
05_wheel_block_left_f3N_tau0p08_t0p60_p2l_v2:0063,05_wheel_block_left_f3N_tau0p08_t0p60_p2l_v2,31.915999999999954,32.31599999999995,-0.009275073050605043,0.016864145824661614,0.04506178339744632,0.019885425647070454,0.0,-0.097303979822717,0.18247563434686723,0.46088412922646804,0.21098658575826693,0.0,0.025178061418897633,0.025178061418897633,0.030784791074687623,0.0028037850013887568,0.0,0.03216460959821044,0.03216460959821044,0.050217727076624974,0.009342389674927115,0.0,0.006943344160579845,0.009309203121966517,0.026210781794756555,0.010348380274227988,0.0,0.1799999999935764,0.34999999993783165,0.3247337955283028,0.18927507304419033,0.31783539033957564,0.0653838651986483,0.011340534351918832,0.008393618410843726,8.053698877463284e-08,1.0,0.0050160167412376605,0.0055453581212693715,0.00027096877067716554,0.7666666666666666,0.7444444444444445,0.013981174880131021,0.47879910079570775,0.46125517005714717,0.010788251397663389,1,1,1,1
05_wheel_block_left_f3N_tau0p08_t0p60_p2l_v2:0064,05_wheel_block_left_f3N_tau0p08_t0p60_p2l_v2,32.11599999999996,32.515999999999956,-0.009496297827542355,0.022054137121156652,0.04506178339744632,0.026201829724446114,0.0,-0.09538160000664513,0.2410951711497361,0.4675662925620685,0.2864572095642741,0.0,0.028930939380748734,0.028930939380748734,0.031207041396412616,0.0026831562475385555,0.0,0.03618543404906016,0.03618543404906016,0.05238337468384119,0.011061987548885594,0.0,0.0071818464678138445,0.010809372884066479,0.026210781794756555,0.012435613941681755,0.0,0.17999999999379068,0.3499999999367329,0.3209359867206124,0.18949629782134506,0.31381456588761103,0.06379869801331686,0.010188911036867065,0.007564192494793093,6.867556663132954e-08,1.0,0.0049789297883886495,0.0055453581212693715,0.0003041110772593419,0.7666666666666666,0.75,0.01200137166371827,0.480099624110847,0.46125517005714717,0.011635796222872181,1,1,1,1
05_wheel_block_left_f3N_tau0p08_t0p60_p2l_v2:0065,05_wheel_block_left_f3N_tau0p08_t0p60_p2l_v2,32.31599999999995,32.71599999999995,-0.002401797508679341,0.02113294911555204,0.04221458405067771,0.024775557139046903,0.0,-0.016923587397270238,0.23841861640385684,0.4675662925620685,0.2806332594989287,0.0,0.030806482626679354,0.030806482626679354,0.031226037265056072,0.0001986150481576433,0.0,0.036146147154701984,0.036146147154701984,0.060528204148493914,0.014975578565326952,0.0,0.00527847336486061,0.012526364255886158,0.029547293875242464,0.014988289010701311,0.0,0.17999999999411043,0.34999999993509323,0.31918857929914257,0.18240179750279292,0.3138538527803751,0.06128860350944572,0.009742619396551752,0.005318303880745601,6.833475968902965e-08,1.0,0.004903127370295521,0.005344727503957051,0.0003529849073334793,0.762962962962963,0.7388888888888889,0.01385799032138497,0.5031264316429388,0.4732582942850393,0.02326157695048355,1,1,1,1
05_wheel_block_left_f3N_tau0p08_t0p60_p2l_v2:0066,05_wheel_block_left_f3N_tau0p08_t0p60_p2l_v2,32.51599999999995,32.91599999999995,-0.004087353193642095,0.02199309243583594,0.03189554110747356,0.02321166391176404,0.0,-0.03448645441553829,0.2455825058447109,0.33332190650372606,0.2609621992840573,0.0,0.030846864352224966,0.030846864352224966,0.031226037265056072,0.0001893475492553259,0.0,0.041424205677383884,0.041424205677383884,0.060528204148493914,0.014740808151619319,0.0,0.010581166459469826,0.01622747040034637,0.029547293875242464,0.014778079285310627,0.0,0.17999999999432137,0.34999999993401143,0.31919719294442916,0.18408735318795275,0.30857579425668263,0.061136144900360935,0.01081007599416064,0.007408233373597958,6.473676267296716e-08,1.0,0.00495353271085878,0.005384790167088721,0.0004029315151537052,0.7527777777777778,0.7166666666666667,0.019444444444444455,0.5214182689108648,0.49709934342416656,0.01503302038024873,1,1,1,1
05_wheel_block_left_f3N_tau0p08_t0p60_p2l_v2:0067,05_wheel_block_left_f3N_tau0p08_t0p60_p2l_v2,32.71599999999995,33.11599999999995,-0.007967459750766756,0.017826168181854517,0.03189554110747356,0.019004911238949932,0.0,-0.08373224880765333,0.19851300006510894,0.33332190650372606,0.21296243475557922,0.0,0.030823895884633697,0.030823895884633697,0.031078197207887293,0.0001911142008237806,0.0,0.04040024872793324,0.04040024872793324,0.05536516834821925,0.01209780359001281,0.0,0.0096049165350681,0.013655873153733325,0.02481186269418789,0.012151258738265695,0.0,0.179999999994499,0.34999999993310044,0.3192167191023193,0.187967459745255,0.3095997512052224,0.06063791676659385,0.010796922805737626,0.006912766439624327,8.206636423923898e-08,1.0,0.00490809224977157,0.005384790167088721,0.0003099699844226791,0.7546296296296297,0.7166666666666667,0.01854165221713037,0.5391291569551695,0.5133977600976782,0.020113581064351443,1,1,1,1
05_wheel_block_left_f3N_tau0p08_t0p60_p2l_v2:0068,05_wheel_block_left_f3N_tau0p08_t0p60_p2l_v2,32.915999999999954,33.31599999999995,-0.006365645408115965,0.009861901881774904,0.017205893170360753,0.009127889048728213,0.0,-0.07033367502956932,0.11228947361123338,0.1956389996363269,0.1060124417745092,0.0,0.030777990780414932,0.030777990780414932,0.031026845613796372,0.00015409295338587097,0.0,0.026633278321288246,0.026633278321288246,0.04882938397708847,0.011781515929387977,0.0,-0.004226117755584152,0.010527368542983537,0.018048613462197827,0.011789051260647382,0.0,0.17999999999469551,0.34999999993227493,0.3191991713245928,0.18636564540278186,0.32336672161095636,0.05943182835054789,0.00867028152759616,0.005701032513709837,7.869123258225118e-08,1.0,0.0048040324761444205,0.005285147930532258,0.0003182359836929308,0.7555555555555555,0.7388888888888889,0.01200137166371826,0.5557298498495461,0.5382064917816198,0.013774259065480025,1,1,1,1
05_wheel_block_left_f3N_tau0p08_t0p60_p2l_v2:0069,05_wheel_block_left_f3N_tau0p08_t0p60_p2l_v2,33.11599999999995,33.51599999999995,0.007540323285585973,0.0225632818501981,0.04950904293749986,0.025868674759719944,0.0,0.09218564130557694,0.2633461423664431,0.6174988665365728,0.3065563942729418,0.0,0.027248115109738746,0.027248115109738746,0.030998290173005205,0.006347741481391837,0.0,0.02397896121380645,0.02397896121380645,0.03408000159136987,0.007251072091334424,0.0,-0.0042236368066395176,0.006478892873262948,0.017751073479070345,0.0079568537263205,0.0,0.17999999999483762,0.3499999999355543,0.3230158900611837,0.1724596767092161,0.3260210387218086,0.05286268053874279,0.011442648848944977,0.006361467407366119,7.535053841479644e-08,1.0,0.004692895966868729,0.005217601176843869,0.0003908548857912813,0.7537037037037037,0.7388888888888889,0.008881169487616117,0.5627258507511371,0.5382064917816198,0.013630310991964793,1,1,1,1
05_wheel_block_left_f3N_tau0p08_t0p60_p2l_v2:0070,05_wheel_block_left_f3N_tau0p08_t0p60_p2l_v2,33.315999999999946,33.715999999999944,0.00959228161484998,0.023733708755376073,0.04950904293749986,0.025939291672048934,0.0,0.123101955647486,0.2789756182948122,0.6174988665365728,0.30553746456271674,0.0,-0.015382453593339077,0.039999352167404134,0.35236168984578686,0.08760906617505551,0.1,-0.046244550704062436,0.08201607961716678,0.38478189096368764,0.15162031886336594,0.16666666666666666,-0.05572013935411078,0.06477808049116456,0.361494659535826,0.1367995568900252,0.16666666666666666,0.17999999999444571,0.33949999991596436,0.32005879646762647,0.17040771837929913,0.2795778840030945,0.9208197668655791,0.8548100463305233,0.014846313535463125,8.201635736612152e-08,1.0,0.00466724614770668,0.005332079806358096,0.0007495319681373494,0.7657407407407407,0.7555555555555555,0.007465053470646827,0.5671242996114154,0.5503598426986551,0.010846220441191821,1,0,0,1
05_wheel_block_left_f3N_tau0p08_t0p60_p2l_v2:0071,05_wheel_block_left_f3N_tau0p08_t0p60_p2l_v2,33.51599999999995,33.91599999999995,0.009927356090668832,0.016096971045991615,0.027130863927793042,0.014310777244367901,0.0,0.11921522528309725,0.18488847395074273,0.2980727458507428,0.15931453744668608,0.0,-0.02696651138688564,0.02841529437385757,0.35236168984578686,0.08291876814787422,0.1,-0.05947193601391032,0.07055805231038476,0.38478189096368764,0.14560064356935862,0.16666666666666666,-0.05651431461145268,0.06599507978560391,0.361494659535826,0.13650425743012257,0.16666666666666666,0.17999999999330218,0.33949999992301283,0.3319127327644865,0.17007264390234225,0.29411158255537423,0.9212474802058168,0.8521364989715738,0.007734658551593165,7.277430625480155e-08,1.0,0.004746373044521842,0.005332079806358096,0.0007206184717372851,0.7601851851851853,0.7444444444444445,0.012995989673720561,0.5648308175269671,0.5503598426986551,0.008737928853227245,1,0,0,1
05_wheel_block_left_f3N_tau0p08_t0p60_p2l_v2:0072,05_wheel_block_left_f3N_tau0p08_t0p60_p2l_v2,33.71599999999995,34.11599999999995,0.008792884308387238,0.01595074832775362,0.027130863927793042,0.014601672284225842,0.0,0.09668456752308513,0.1786540202739194,0.2980727458507428,0.1635250489340873,0.0,0.000561865799941727,0.000561865799941727,0.0007863599487875073,0.00018481926453811228,0.0,-0.0031700606549625496,0.011774143434873069,0.031236465721086404,0.014894882304037496,0.0,-0.0037424646433298625,0.011842021886553413,0.03186880800725539,0.014972485543090745,0.0,0.17999999999255056,0.3499999999519286,0.3505502204424375,0.17120711568415184,0.3468299392972982,0.06360012695754802,0.0084224360300369,0.005829523795845615,6.634119968557491e-08,1.0,0.004832660079288746,0.005143024437346819,0.00026630305585936115,0.7555555555555555,0.7444444444444445,0.009072184232530303,0.5499135510584617,0.5152668267690991,0.021500028968465673,1,1,1,1
05_wheel_block_left_f3N_tau0p08_t0p60_p2l_v2:0073,05_wheel_block_left_f3N_tau0p08_t0p60_p2l_v2,33.91599999999995,34.315999999999946,0.0033866820647131444,0.010544546084079528,0.01509535557145475,0.010761587590473302,0.0,0.0417078351438522,0.12367728789468646,0.16919780849243543,0.12470929486815033,0.0,0.000549937369733744,0.000549937369733744,0.0008950986998270682,0.00020114114445576588,0.0,-0.006118447554935069,0.011646859096580494,0.031236465721086404,0.014127167190652006,0.0,-0.006652990604660218,0.012074467744162876,0.03186880800725539,0.014222229760522738,0.0,0.1799999999926638,0.34999999994979925,0.35051426595879764,0.17661331792793955,0.3438815523949211,0.06581729467477847,0.010198774386010996,0.006554201577571528,6.743951843126048e-08,1.0,0.004511097481586845,0.005041523768628185,0.00046148094781205053,0.7638888888888888,0.7555555555555555,0.00769131839159083,0.5266892828236029,0.5135391794438575,0.01745012353024069,1,1,1,1
05_wheel_block_left_f3N_tau0p08_t0p60_p2l_v2:0074,05_wheel_block_left_f3N_tau0p08_t0p60_p2l_v2,34.11599999999994,34.51599999999994,0.013532491917594017,0.013532491917594017,0.036037236893228936,0.010323268227338905,0.0,0.1621537046063041,0.1621537046063041,0.42993581651389307,0.12348666660502196,0.0,0.0005474602326791533,0.0005474602326791533,0.0008950986998270682,0.0002142460892058731,0.0,0.001497129057924688,0.006087589622670493,0.012671838056439011,0.007256983627910713,0.0,0.0009397956827548551,0.0060939420534759465,0.011983085001939509,0.007261159236872634,0.0,0.17999999999281258,0.349999999947761,0.35052592238352787,0.16646750807519783,0.3514971290058528,0.06861211215224285,0.010171660414584295,0.00638338244743028,8.453969734744639e-08,1.0,0.004423219795577099,0.004921818392078075,0.00041241101204272994,0.7685185185185185,0.7555555555555555,0.01141558148697959,0.5058205795438316,0.4794318651515902,0.015315056438778223,1,1,1,1
05_wheel_block_left_f3N_tau0p08_t0p60_p2l_v2:0075,05_wheel_block_left_f3N_tau0p08_t0p60_p2l_v2,34.315999999999946,34.715999999999944,0.020201368523273765,0.020201368523273765,0.058169103183068796,0.020172074805707287,0.0,0.23553118460013303,0.23553118460013303,0.6659695882748647,0.23226624118221106,0.0,0.0004937179556648297,0.0004937179556648297,0.0008391876250669617,0.00020815039334496423,0.0,0.005580536170471394,0.0092187118490784,0.021643588016863835,0.010199281339459463,0.0,0.005088625327518294,0.009045462893676942,0.021301051454893305,0.010226010078530518,0.0,0.1799999999928481,0.349999999945757,0.3504902226268879,0.1597986314695181,0.3555805361165776,0.06754909505913768,0.009131903969884564,0.005861687584147859,8.065813367981438e-08,1.0,0.004514803840473486,0.004921818392078075,0.00027898783223322923,0.762962962962963,0.75,0.01269565666740934,0.47432607131267374,0.44780869446981586,0.020686873192421334,1,1,1,1
05_wheel_block_left_f3N_tau0p08_t0p60_p2l_v2:0076,05_wheel_block_left_f3N_tau0p08_t0p60_p2l_v2,34.51599999999995,34.91599999999995,0.00627180456131282,0.02286410198586173,0.058169103183068796,0.02975621292802348,0.0,0.07548742410935706,0.266149882403693,0.6659695882748647,0.34382051455449164,0.0,0.00043906389773360757,0.00043906389773360757,0.0008391876250669617,0.00017594259814282843,0.0,0.0029219737936002155,0.01343583582263944,0.025571818711219996,0.015674212489731113,0.0,0.0024879483350056042,0.013516860731217955,0.025042767016388245,0.015684265174218115,0.0,0.1799999999930435,0.3499999999442084,0.35042442263125984,0.17372819543172052,0.3529219737378607,0.06482886032490663,0.009611007739047288,0.006672785243481472,8.219456686107403e-08,1.0,0.004488441236101072,0.004726791845418773,0.00023524612117875544,0.7642857142857142,0.75,0.012192294837886681,0.44180471515403424,0.4136008144199711,0.015761890408960484,1,1,1,1
05_wheel_block_left_f3N_tau0p08_t0p60_p2l_v2:0077,05_wheel_block_left_f3N_tau0p08_t0p60_p2l_v2,34.715999999999944,35.11599999999994,-0.0010704315927839239,0.024650339357980357,0.03833966840624001,0.027271405556277047,0.0,-0.010861117707899517,0.2902828450759461,0.4396468400196146,0.3220512714927543,0.0,0.00046189668410802354,0.00046189668410802354,0.0007971344673152192,0.00016321248799900244,0.0,-0.0006497260313502649,0.013114173544507843,0.025571818711219996,0.01474148011623323,0.0,-0.0010888269520734153,0.013149499114944166,0.025042767016388245,0.014701597583033611,0.0,0.17999999999327443,0.34999999994247755,0.35044947310789787,0.18107043158605327,0.34935027391099716,0.06600954595342612,0.010493166074814313,0.006679892837322211,9.358443160572528e-08,1.0,0.004540805764566854,0.005025183020270558,0.0002535459931234724,0.7666666666666666,0.7555555555555555,0.010706934573993687,0.41040895954067663,0.36905337113803166,0.02704881723075052,1,1,1,1
05_wheel_block_left_f3N_tau0p08_t0p60_p2l_v2:0078,05_wheel_block_left_f3N_tau0p08_t0p60_p2l_v2,34.91599999999994,35.31599999999994,0.009893703616243957,0.027549021831772342,0.03518796910813049,0.026288453507561847,0.0,0.12019838789130345,0.3271879699657801,0.4163663354070362,0.31330147923243307,0.0,0.0004590343682819298,0.0004590343682819298,0.0006932673276744961,0.00015733742404329065,0.0,-0.002150055279593712,0.007478352751306751,0.013980971868992165,0.00814527692346148,0.0,-0.002649267837780217,0.007698661797333001,0.014265361227220774,0.008126289006737552,0.0,0.17999999999334548,0.34999999994029124,0.3504661775443876,0.1701062963771578,0.34784994466013575,0.06612918095616271,0.011075020673347338,0.007996514228547795,7.449160789770506e-08,1.0,0.004529492816506321,0.005025183020270558,0.0003308556855088031,0.7768518518518518,0.7555555555555555,0.019088451970452135,0.37509832226270473,0.36282750387789164,0.010974725633101813,1,1,1,1
05_wheel_block_left_f3N_tau0p08_t0p60_p2l_v2:0079,05_wheel_block_left_f3N_tau0p08_t0p60_p2l_v2,35.11599999999994,35.51599999999994,-0.029123806591192628,0.050811334448516154,0.17283886622487185,0.06901538145214758,0.16666666666666666,-0.31799413946602034,0.5809404167359695,1.928617598340432,0.7791348076017737,0.0,0.02495775427195171,0.024959284187456177,0.341312786599446,0.07966144250195965,0.1,0.06706508272485968,0.07628932053313683,0.35378655622575744,0.13126685436421315,0.16666666666666666,0.01304405276245092,0.02293630617084357,0.06861323907237533,0.02961775546492723,0.0,0.1440000000000241,0.2799999999610237,0.29988396074872,0.14912380659761945,0.3003984160217956,1.78402539996463,1.6645211541148317,0.01119193932504435,5.727124469533729e-06,1.0,0.004593970424200788,0.004915519727068897,0.00028667351743900845,0.7916666666666666,0.7777777777777778,0.009487917375888527,0.3723795080624968,0.36282750387789164,0.006751648885020623,1,1,1,1
05_wheel_block_left_f3N_tau0p08_t0p60_p2l_v2:0080,05_wheel_block_left_f3N_tau0p08_t0p60_p2l_v2,35.315999999999946,35.715999999999944,-0.04239147261347314,0.04715320930956252,0.17283886622487185,0.060263803588671165,0.16666666666666666,-0.4955917327565074,0.5548212320743663,1.928617598340432,0.6688980036812383,0.0,0.024731043695151993,0.024784178244381744,0.341312786599446,0.07973146914243816,0.1,0.06734839018497267,0.07612673181820052,0.35378655622575744,0.13111599756835185,0.16666666666666666,0.013632698727348153,0.022551048712025647,0.06861323907237533,0.029310501777941526,0.0,0.05400000000336025,0.10499999999147018,0.1246998120161962,0.07715320931927812,0.1274343492185535,1.7834483604984284,1.674012928167281,0.01307349936011337,5.7283625034129846e-06,1.0,0.004186580202248282,0.004908637578049338,0.0005636009581388654,0.7953703703703704,0.7777777777777778,0.009305440389926764,0.3791142343740956,0.37106966153209087,0.003970080842540293,1,1,1,1
06_healthy_low_turns_p2l_v2:0000,06_healthy_low_turns_p2l_v2,15.953,16.352999999999998,0.007619539018889128,0.017681310947530244,0.041778819337425416,0.020184713026589203,0.0,0.11011541721844999,0.24459094807611712,0.5908417292692235,0.2802698972067339,0.0,6.568068152104166e-05,0.00019109013085321082,0.000607914854909693,0.0002325772959081456,0.0,0.0015415013060766545,0.003679460103282739,0.010431950844131198,0.004670308544574224,0.0,0.0013996598426713875,0.0036161651683245823,0.01008401022018675,0.004580723925134363,0.0,0.11999999999491104,0.0,0.00020392543979744232,0.11238046097602207,0.003679460103282739,0.012636009523782563,0.006628924390470085,0.0037167930567002646,8.336627517273586e-08,1.0,0.0033858765933625283,0.0038104812497508395,0.00028836647768428614,0.7064814814814815,0.7,0.006740842490074584,0.5443764895962002,0.5311680929048286,0.007440896956568726,1,1,1,1
06_healthy_low_turns_p2l_v2:0001,06_healthy_low_turns_p2l_v2,16.153,16.552999999999997,0.013815112840564178,0.030445555468805816,0.05495603400100044,0.03344081965202093,0.0,0.18561128897098408,0.4070089712440785,0.7049974816604765,0.4452490796218998,0.0,2.0980194620594152e-05,0.0001597575098103875,0.00036955476962352465,0.00019338604997681471,0.0,0.004207766339020368,0.006509867020006488,0.011900927215555038,0.006222170019843761,0.0,0.004057636261802919,0.0063100231980165915,0.01151245182253973,0.006063211753531571,0.0,0.11999999999490552,0.0,0.00019408862517751276,0.10618488715434149,0.006509867020006488,0.012912376499578613,0.005989029299116768,0.0038099242126670317,8.40633977653326e-08,1.0,0.0035430479687663524,0.0041193382294061965,0.00042337404213174857,0.7055555555555556,0.7,0.006415002990995867,0.5449140618179333,0.5311680929048286,0.007436046913796796,1,1,1,1
06_healthy_low_turns_p2l_v2:0002,06_healthy_low_turns_p2l_v2,16.352999999999998,16.752999999999997,0.008516132661599231,0.025146575289840867,0.05495603400100044,0.03080959538110517,0.0,0.10679443135699429,0.32819211363008866,0.7049974816604765,0.40338712271077337,0.0,-1.0804529817759394e-05,0.0001303637690727602,0.0004190543862017474,0.0001759088783693171,0.0,0.0025035630452077164,0.005521697645610973,0.011900927215555038,0.005942819088159632,0.0,0.0024604372079597586,0.005470421670699517,0.01151245182253973,0.00581815577708834,0.0,0.1199999999949021,0.0,0.0001678756209662551,0.11148386733330316,0.005521697645610973,0.012069387413745181,0.004839204649689867,0.0034571926048038203,8.780336102813258e-08,1.0,0.0038728572155462687,0.0041193382294061965,0.0001925410715636013,0.6990740740740741,0.6944444444444444,0.0038176903940904446,0.5434356426222272,0.5320467748768003,0.007213497373224137,1,1,1,1
06_healthy_low_turns_p2l_v2:0003,06_healthy_low_turns_p2l_v2,16.552999999999997,16.952999999999996,0.0007103313397327319,0.025825893108437165,0.05745410163055631,0.03222693685837488,0.0,0.0034801268457191983,0.34479190751025696,0.7708959969949318,0.4293363592851977,0.0,5.778016752301569e-05,0.00011939672734386796,0.0004190543862017474,0.00015124854891361325,0.0,-0.0001642327872613116,0.0041766523448850896,0.010874553638187791,0.005344244373748177,0.0,-0.00017993113675270674,0.004238436983083022,0.010982311779928932,0.00539243664423807,0.0,0.1199999999949021,0.0,0.0001538193699181576,0.11928966865516967,0.0041766523448850896,0.012046031074078018,0.005106928318764472,0.003997690661751093,9.719079707888594e-08,1.0,0.003704603011063841,0.004105060072461466,0.0002478789925715929,0.6935185185185185,0.6888888888888889,0.003817690394090413,0.5389801664958719,0.5320467748768003,0.004954578736129803,1,1,1,1
06_healthy_low_turns_p2l_v2:0004,06_healthy_low_turns_p2l_v2,16.752999999999997,17.152999999999995,-0.008658499260778574,0.02649538176180549,0.05745410163055631,0.03119770562679612,0.0,-0.12018743884561216,0.3539810533515228,0.7708959969949318,0.4139979690612885,0.0,7.526949606307115e-05,0.00013306130907339624,0.0004894624660686844,0.00016662278237806251,0.0,-0.0017787975619868134,0.003393015158025632,0.010874553638187791,0.004605154244693705,0.0,-0.0018231671011591972,0.0034879620141958813,0.010982311779928932,0.004669364970337781,0.0,0.11999999999490418,0.0,0.00014670915018477208,0.12865849925568054,0.003393015158025632,0.013462500991736223,0.005625102869357042,0.004308401480267076,8.30815970481252e-08,1.0,0.003634884961850936,0.0038363139105167155,0.00018280693636340853,0.6916666666666668,0.6888888888888889,0.002777777777777768,0.5358385290859634,0.5264237171308453,0.0068242956894680705,1,1,1,1
06_healthy_low_turns_p2l_v2:0005,06_healthy_low_turns_p2l_v2,16.952999999999996,17.352999999999994,-0.010203145285893729,0.017104445001395994,0.026417562321187027,0.015355179073573904,0.0,-0.14283384061919177,0.23133775302679307,0.3736007491945916,0.20754604431106563,0.0,-2.9579182772856625e-06,0.0001384410309151435,0.0004894624660686844,0.00018846457363203112,0.0,-0.001818265824318496,0.001818265824318496,0.0028599659211719576,0.0008246079659305066,0.0,-0.0018308225942566014,0.0018308225942566014,0.0030681563722758385,0.0008124222720368876,0.0,0.11999999999491529,0.0,0.00015233481261307788,0.1302031452808068,0.001818265824318496,0.013211503629856384,0.005656641876013432,0.003602114312651215,6.360347725119082e-08,1.0,0.0036574023575545525,0.004144824897686928,0.0002702078519398538,0.6907407407407408,0.6888888888888889,0.002618914004394611,0.5225748722189196,0.5061907124520612,0.01005690864180716,1,1,1,1
06_healthy_low_turns_p2l_v2:0006,06_healthy_low_turns_p2l_v2,17.152999999999995,17.552999999999994,0.0018913096184337193,0.02166187346326533,0.046502601531189736,0.025286988352651914,0.0,0.017889109988549038,0.2929784600942637,0.6139665461688566,0.3412263700262429,0.0,-5.736639040786325e-07,0.0001446514059758261,0.00041924709371620985,0.0001854079315293867,0.0,0.0007140837434510856,0.005189655870240883,0.012872619002008711,0.006469555081721376,0.0,0.0007327051155652235,0.00519214282669539,0.012859116340441856,0.006493332539415128,0.0,0.11999999999492417,0.0,0.00017312217224930821,0.11810869037649045,0.005189655870240883,0.013494746255476486,0.0057472427513934315,0.0038167498963931294,7.00203911260457e-08,1.0,0.0035920782114904214,0.004144824897686928,0.00029690486079029393,0.6870370370370371,0.6777777777777778,0.004140866624999596,0.5107012263898298,0.5022487017169069,0.0062915254656074095,1,1,1,1
06_healthy_low_turns_p2l_v2:0007,06_healthy_low_turns_p2l_v2,17.352999999999994,17.752999999999993,0.003843984679945287,0.015160155484817238,0.046502601531189736,0.020653775916320057,0.0,0.05120442642585366,0.2029940765560531,0.6139665461688566,0.27402314019435503,0.0,4.667982067076718e-06,0.00021098308532523205,0.0005447886797777108,0.000267764153123079,0.0,-0.0004545517322577123,0.0063582913459496815,0.012872619002008711,0.007371761480824229,0.0,-0.0005063900335649757,0.00643123797582559,0.012859116340441856,0.007470572581851321,0.0,0.11999999999492417,0.0,0.00020153371071258036,0.11615601531497888,0.0063582913459496815,0.013625849564681991,0.006421464228990227,0.005680520035964084,7.585029890197857e-08,1.0,0.0035877228808075426,0.0037548947542035815,0.00014762175530610188,0.6861111111111112,0.6777777777777778,0.0042431256434776144,0.5054734700091436,0.49617094007007834,0.005318024412888159,1,1,1,1
06_healthy_low_turns_p2l_v2:0008,06_healthy_low_turns_p2l_v2,17.552999999999994,17.952999999999992,-0.018784690172680484,0.026949313027672905,0.11075737562070885,0.042503090113562604,0.16666666666666666,-0.2650240792611349,0.375106378662263,1.5663458273565765,0.5993791643962778,0.0,-1.0557529496601157e-05,0.0002191219316687003,0.0005447886797777108,0.0002795676206358062,0.0,-0.001839350986298298,0.003771257516613346,0.00861701195107163,0.004001873543883893,0.0,-0.0018545532618556026,0.003766357784997902,0.008902977300618444,0.004088918696327953,0.0,0.07800000000019125,0.0,0.00018469625671191172,0.10089186673312704,0.003771257516613346,1.28775673870125,1.2523433466401348,0.005533202663677029,8.676016500486223e-08,1.0,0.0035360677713952176,0.003717352384507304,0.00016301036163542535,0.6907407407407408,0.6833333333333333,0.005237828008789222,0.49763415490192414,0.4899101570310246,0.00741703033904243,1,1,1,1
06_healthy_low_turns_p2l_v2:0009,06_healthy_low_turns_p2l_v2,17.752999999999993,18.15299999999999,-0.017783926645259438,0.024782174806681514,0.11075737562070885,0.039553018925164815,0.14285714285714285,-0.2500612518084469,0.3444175084379852,1.5663458273565765,0.5578412939365809,0.0,7.227497106318821e-05,0.00015728353331077337,0.0004514400290488383,0.0001990774032082182,0.0,-0.001037103490786101,0.00307142683916146,0.0063591876086917555,0.0034513886419971903,0.0,-0.0010181967909139143,0.003068277282385869,0.006538186075383201,0.0034588965321094975,0.0,0.018000000002729166,0.0,0.00016838175471491984,0.03673293512781756,0.00307142683916146,1.2877823863266173,1.2517536494408197,0.006104258846045596,9.685350218113352e-08,1.0,0.0035713076611113906,0.004001777520264986,0.00024017943149917074,0.6960317460317461,0.6888888888888889,0.003888078956798681,0.4902759748350197,0.488279216398387,0.0018900715722813424,1,1,1,1
06_healthy_low_turns_p2l_v2:0010,06_healthy_low_turns_p2l_v2,17.952999999999992,18.35299999999999,-0.007647266871149463,0.015360347862571632,0.04230267210693936,0.019270740464570953,0.0,-0.1039316900442618,0.20577561714927436,0.5696457416714406,0.2579455552700499,0.0,6.5684913924792995e-06,0.00013246158557940723,0.000400348157668299,0.00017328550482436346,0.0,-0.0015647647889885476,0.0026048875149275916,0.0063591876086917555,0.0029674920588830447,0.0,-0.001542829458560414,0.0025943548478492098,0.006538186075383201,0.0030010953137787444,0.0,0.0,0.0,0.00015117589128949048,0.015360347862571632,0.0026048875149275916,0.015177480954705955,0.005695613784531912,0.0037610053737263593,8.691459857098264e-08,1.0,0.003718935146595091,0.004012803596710842,0.0002194236414719555,0.6968253968253969,0.6944444444444444,0.002749286996141065,0.48950552310329865,0.4878556961488774,0.001375704180247832,1,1,1,1
06_healthy_low_turns_p2l_v2:0011,06_healthy_low_turns_p2l_v2,18.15299999999999,18.55299999999999,-0.004847660777292535,0.02015276396718872,0.04230267210693936,0.02458576498257368,0.0,-0.06321686091012456,0.2678876056723921,0.5696457416714406,0.3267831045407264,0.0,-1.67986934114481e-05,0.00014062367896861382,0.0003402651905668169,0.00017000383657462493,0.0,-0.0008155463687113907,0.0029582284177705714,0.005992391518775469,0.0033809653251592703,0.0,-0.0008056161374469679,0.002900447772020101,0.0061009511781005546,0.0033786123691708025,0.0,0.0,0.0,0.00013451290357662714,0.02015276396718872,0.0029582284177705714,0.01554809856797425,0.0062402816414347285,0.00336093191816541,7.89963288164182e-08,1.0,0.00371123010542151,0.004012803596710842,0.00020044307533421515,0.6962962962962963,0.6944444444444444,0.0026189140043946114,0.49042621012836923,0.4878556961488774,0.0011902952808850802,1,1,1,1
06_healthy_low_turns_p2l_v2:0012,06_healthy_low_turns_p2l_v2,18.35299999999999,18.75299999999999,0.005715046339399058,0.017807346148663125,0.048190441595006905,0.023935821309224007,0.0,0.07013392470903092,0.2273662253981088,0.5870637747874463,0.2997452534134175,0.0,3.0721761381254757e-06,0.00013851500598511935,0.00042034887418648266,0.00017464929395958674,0.0,0.0010912042388450663,0.004213047361049472,0.009747699172701673,0.005010405107745008,0.0,0.001071368221243715,0.004224700037206597,0.009665637698410987,0.005010165089939238,0.0,0.0,0.0,0.00015028230503919769,0.017807346148663125,0.004213047361049472,0.01566073861389891,0.0073698423034499905,0.004064767009405138,8.342551260772009e-08,1.0,0.003710609964338684,0.004296754111409057,0.00030626482317978393,0.6962962962962963,0.6888888888888889,0.0041408666249995955,0.49171339356609806,0.49070919864902945,0.0012502694227644242,1,1,1,1
06_healthy_low_turns_p2l_v2:0013,06_healthy_low_turns_p2l_v2,18.55299999999999,18.95299999999999,0.004510103220178007,0.0164326626045609,0.048190441595006905,0.022449186276641935,0.0,0.053300336123478176,0.2086361779654421,0.5870637747874463,0.2794729008428437,0.0,2.406057235182045e-05,0.00013158956674311017,0.00042034887418648266,0.00017016110069506657,0.0,0.0006233230758815116,0.004685843265691614,0.009747699172701673,0.005641319979744226,0.0,0.000582953864654203,0.004715691863459605,0.009665637698410987,0.00560946410827865,0.0,0.0,0.0,0.00014461615087512424,0.0164326626045609,0.004685843265691614,0.0130691056553666,0.006616685241656302,0.0058891513361484195,8.410603128036415e-08,1.0,0.0037883419421557763,0.004296754111409057,0.000272780944064253,0.6981481481481482,0.6888888888888889,0.004140866624999596,0.49034486094904867,0.48686694852678414,0.0024043967347616114,1,1,1,1
06_healthy_low_turns_p2l_v2:0014,06_healthy_low_turns_p2l_v2,18.75299999999999,19.152999999999988,-0.005788039982408468,0.01279380732260666,0.0249174403914328,0.014261589185108756,0.0,-0.07444808396999769,0.16720254160500272,0.3237044735317436,0.1865248584262788,0.0,5.5508315541685965e-05,0.00016930339801629997,0.000377552598474889,0.00019381101740053878,0.0,-0.0015571647949124655,0.005858654467925411,0.010777094018938784,0.006715772963012562,0.0,-0.0016568847401096903,0.0058781064707091836,0.010961213351782578,0.006685659635135092,0.0,0.0,0.0,0.0001553051668816288,0.01279380732260666,0.005858654467925411,0.012235518801421522,0.005814935054314214,0.004622194354538785,6.826369633378156e-08,1.0,0.003822193802755558,0.003890602953096263,9.612057941976183e-05,0.7000000000000001,0.7,1.1102230246251565e-16,0.4884248607380169,0.48686694852678414,0.001102877791082563,1,1,1,1
06_healthy_low_turns_p2l_v2:0015,06_healthy_low_turns_p2l_v2,18.95299999999999,19.352999999999987,-0.007979062841499823,0.015614069907486447,0.03726710899024519,0.01779208909312957,0.0,-0.10298107310696385,0.20705120171067426,0.48908819840655265,0.23567971097900134,0.0,3.5544621691956044e-05,0.00017680559794550286,0.00042311007859432965,0.00020671179807707388,0.0,-0.0027465965652587756,0.008795007996713124,0.01720956116649935,0.009693648603112929,0.0,-0.0028132009813544787,0.00882331857974007,0.01708763125327574,0.009672765653353729,0.0,0.0,0.0,0.00015707964368737122,0.015614069907486447,0.008795007996713124,0.012426068858148875,0.005960438720728318,0.003616971325849636,6.247265788301174e-08,1.0,0.0037080115444458467,0.003890602953096263,0.00022408297415109628,0.6962962962962963,0.6888888888888889,0.004140866624999596,0.48989021987597153,0.4869063315040636,0.002195964166767332,1,1,1,1
06_healthy_low_turns_p2l_v2:0016,06_healthy_low_turns_p2l_v2,19.152999999999988,19.552999999999987,0.00045871412843314415,0.016199793189691242,0.03726710899024519,0.01893796176840504,0.0,0.010198562862769609,0.2179063059503299,0.48908819840655265,0.252877288077563,0.0,-6.244775268265647e-06,0.0001325270946066552,0.00042311007859432965,0.00016594018999198024,0.0,8.088812306239863e-05,0.007666048896513836,0.01720956116649935,0.009041586786385574,0.0,3.420885039505825e-05,0.007630611272226836,0.01708763125327574,0.009005716398198419,0.0,0.0,0.0,0.00013070009935245398,0.016199793189691242,0.007666048896513836,0.015215248257187884,0.008065009538098909,0.004720944782608144,9.120449155034257e-08,1.0,0.003607527087013014,0.004011282863108386,0.00028734983517157307,0.6962962962962963,0.6888888888888889,0.0041408666249995955,0.49064150945424184,0.4881770490423137,0.0017406170690633701,1,1,1,1
06_healthy_low_turns_p2l_v2:0017,06_healthy_low_turns_p2l_v2,19.352999999999987,19.752999999999986,0.00011614600181185664,0.03093234269904638,0.07462293186838727,0.03988190771033194,0.0,0.011120946941765186,0.40516137610193165,0.9453541094450214,0.516963636611272,0.0,-3.078487916336734e-05,0.00011500795626418724,0.00042258894676795906,0.00015038544341560575,0.0,0.0009476358802604591,0.007639797685517578,0.016095573484558187,0.009006849655162807,0.0,0.0009129821420849356,0.0075380242282770795,0.01595509437258197,0.00891675065014558,0.0,0.0,0.0,0.00012165899533927273,0.03093234269904638,0.007639797685517578,0.015650693354399774,0.007575637685746902,0.005414792705175095,8.612341701344908e-08,1.0,0.0037368219490174835,0.004031389402068902,0.0002665510041756337,0.6990740740740741,0.6944444444444444,0.002070433312499798,0.48974105084449254,0.4885218681297699,0.001032566755582084,1,1,1,1
06_healthy_low_turns_p2l_v2:0018,06_healthy_low_turns_p2l_v2,19.552999999999987,19.952999999999985,6.398910711666896e-05,0.0308801858043512,0.07462293186838727,0.040188219512035286,0.0,0.004875514257604939,0.3989159434177714,0.9453541094450214,0.5185669307449412,0.0,-2.4120908580306392e-05,0.00013510640261175206,0.00044063319376191077,0.00018103963778253368,0.0,0.00046349838721862464,0.007473906677976293,0.016095573484558187,0.009055779386194687,0.0,0.0004287376369635906,0.007450937181662274,0.01595509437258197,0.008983165768243975,0.0,0.0,0.0,0.000139284699140421,0.0308801858043512,0.007473906677976293,0.013989002828623183,0.0055374853480458135,0.003732213843472257,7.87926027532638e-08,1.0,0.00391986663081936,0.004155143531893156,0.00016554954573833825,0.6981481481481482,0.6944444444444444,0.0026189140043946114,0.4894668354970136,0.4884038774269507,0.0011232489477545735,1,1,1,1
06_healthy_low_turns_p2l_v2:0019,06_healthy_low_turns_p2l_v2,19.752999999999986,20.152999999999984,0.015526556876275728,0.01931294052623742,0.03535881884328895,0.01650676942825321,0.0,0.20087597607297844,0.25233226880682674,0.47577241190276476,0.2192248035144293,0.0,-3.068676984834598e-05,0.00013436917940868817,0.00044063319376191077,0.00016262805799497398,0.0,0.002568656196042301,0.0037028666951735636,0.00755454242176956,0.0038536594030857884,0.0,0.002460273316296568,0.00374556066072902,0.00749364165777581,0.003885033247516987,0.0,0.0,0.0,0.00014609381339505292,0.01931294052623742,0.0037028666951735636,0.013413377101110789,0.005211001193268628,0.003596545441331288,7.140183681740896e-08,1.0,0.0038588941627025804,0.004155143531893156,0.00020408647096476745,0.6972222222222223,0.6944444444444444,0.002777777777777768,0.4893991776730495,0.48814323274230675,0.0011410998704991721,1,1,1,1
06_healthy_low_turns_p2l_v2:0020,06_healthy_low_turns_p2l_v2,19.952999999999985,20.352999999999984,0.022535534058064383,0.03158733555266529,0.07352364481972344,0.030236861581476225,0.0,0.3012298763193084,0.41893754010418593,0.9678092013611321,0.3972673527269471,0.0,-1.4705049769381534e-05,0.0001299540496677802,0.0003448467302804264,0.00015028920572285518,0.0,0.00432012835208325,0.005309499670088203,0.01523108312279404,0.0060233479055968615,0.0,0.004240477340326996,0.005317078158334585,0.015187743810030262,0.006036062636576108,0.0,0.0,0.0,0.0001361566235265128,0.03158733555266529,0.005309499670088203,0.011695447271579186,0.005439092867835612,0.003565782491806383,7.746337845648766e-08,1.0,0.0037072985913038543,0.004077332286383056,0.00024194781976724492,0.6972222222222223,0.6944444444444444,0.002777777777777768,0.48887746462087983,0.486671129036275,0.0016228834776337545,1,1,1,1
06_healthy_low_turns_p2l_v2:0021,06_healthy_low_turns_p2l_v2,20.152999999999984,20.552999999999983,0.013871546384336172,0.021590352665615233,0.07352364481972344,0.0291156704057333,0.0,0.18822837095038533,0.2849635892908958,0.9678092013611321,0.3818990085302817,0.0,2.9098618712364723e-05,0.00014269922408007758,0.0003896262607706291,0.0001746058554430046,0.0,0.003064268795056996,0.005260016106323953,0.01523108312279404,0.006559798450895222,0.0,0.0030111002281420093,0.005287462675566481,0.015187743810030262,0.006588553582879327,0.0,0.0,0.0,0.00014553405755731087,0.021590352665615233,0.005260016106323953,0.011655838003207514,0.005908344637121572,0.003826027968964644,8.413263119213867e-08,1.0,0.0038102627000302157,0.004162338022128198,0.00027396619798985666,0.6990740740740741,0.6944444444444444,0.002070433312499798,0.48956924061104806,0.486671129036275,0.0020174073732960288,1,1,1,1
06_healthy_low_turns_p2l_v2:0022,06_healthy_low_turns_p2l_v2,20.352999999999984,20.752999999999982,0.014157068638896564,0.016610457075536402,0.04641271612282806,0.017492830697044454,0.0,0.17813459098686915,0.20861843827635052,0.639312306519382,0.2319771233623367,0.0,0.01807571379183528,0.018134839087566086,0.21202814191630315,0.045877230414823035,0.05,0.027385732314861397,0.029408072321754113,0.15116919095469783,0.05564198146062614,0.16666666666666666,0.019178406115338414,0.0249893760875102,0.12664473980112295,0.048310887837492385,0.16666666666666666,0.04199999999508555,0.09799999996675787,0.08253534977657985,0.03249808306384136,0.06788761009740858,1.0203729792581229,0.9770707409540281,0.009275751103639401,5.4195817496725845e-08,1.0,0.004152179396098024,0.005545373365499028,0.0006720649197981327,0.6824074074074074,0.6388888888888888,0.023877401774495606,0.49738477979382356,0.48719372874197603,0.010966102752060619,1,1,1,1
06_healthy_low_turns_p2l_v2:0023,06_healthy_low_turns_p2l_v2,20.552999999999983,20.95299999999998,0.020353909873888,0.021335159398573306,0.04641271612282806,0.015356567195453323,0.0,0.24744536604187747,0.25813393855855193,0.639312306519382,0.20585714236033373,0.0,0.030493047792119775,0.03050761804024358,0.21202814191630315,0.04256336070025781,0.05,0.03517369993992135,0.03517369993992135,0.15116919095469783,0.05228639693199744,0.16666666666666666,0.014664865559406173,0.02851008243082825,0.12664473980112295,0.050565618153353455,0.16666666666666666,0.10199999999256526,0.23799999993581805,0.21003364503027058,0.08232078675096396,0.19910785844491294,1.0206487285042218,0.973752458196169,0.005448419611853682,8.500225145555377e-08,1.0,0.004621569143307463,0.005545373365499028,0.0007184989570217309,0.6601851851851852,0.6333333333333333,0.023877401774495606,0.5122966570319613,0.48719372874197603,0.012629341103188418,1,1,1,1
06_healthy_low_turns_p2l_v2:0024,06_healthy_low_turns_p2l_v2,20.752999999999982,21.15299999999998,0.01790232994604508,0.01888357947073039,0.05278112124885706,0.01810237345483702,0.0,0.2028744510241226,0.21356302354079712,0.5981836847799111,0.20580738511651303,0.0,0.024888057837834363,0.024888057837834363,0.02534135324835357,0.00020547061172921207,0.0,0.02420709147595401,0.02420709147595401,0.03750314980795594,0.011474240534616634,0.0,-0.0006052890979044203,0.009516849316688664,0.019738677963229923,0.011374660923313023,0.0,0.11999999999503715,0.27999999993769475,0.2551230696435375,0.10209767004899784,0.25579290846170905,0.035523823646426235,0.008524037433882135,0.005812700607778406,1.1938259946825607e-07,1.0,0.004916979485166146,0.005404454530321566,0.0003872199008184129,0.6462962962962963,0.6333333333333333,0.01942238607722504,0.5404353037459676,0.5128450783508253,0.021322094047215974,1,1,1,1
06_healthy_low_turns_p2l_v2:0025,06_healthy_low_turns_p2l_v2,20.95299999999998,21.35299999999998,0.02204152337095745,0.02544518944706615,0.05278112124885706,0.022553617717880982,0.0,0.26315878503168105,0.30239204171209577,0.5981836847799111,0.2695334412543883,0.0,0.02492827355752061,0.02492827355752061,0.025195762631745555,0.00018829541814437448,0.0,0.03081669428586896,0.03081669428586896,0.03750314980795594,0.005000336179620263,0.0,0.005895017947250443,0.006042608640955714,0.012717448170799589,0.005033363716485152,0.0,0.11999999999518396,0.2799999999368023,0.2550867694969141,0.09795847662422713,0.24918330565093136,0.0328554462981506,0.007873978905423996,0.005773898184036704,1.0449564215984999e-07,1.0,0.004658674957765928,0.005404454530321566,0.0004450474180613862,0.6398148148148147,0.6333333333333333,0.0059288187383637735,0.5707578108132131,0.5498679437960635,0.013917098051004214,1,1,1,1
06_healthy_low_turns_p2l_v2:0026,06_healthy_low_turns_p2l_v2,21.15299999999998,21.55299999999998,0.013916501465543435,0.027875612572885882,0.0425172400698204,0.026860914634506225,0.0,0.16944636315742292,0.33425221650815007,0.5434138257677539,0.32435526184465946,0.0,0.02491251219867436,0.02491251219867436,0.025195762631745555,0.0001856996821832991,0.0,0.027784244072958514,0.027784244072958514,0.03452382724914255,0.0038639072738094423,0.0,0.002920514516653474,0.003820677496580207,0.009753401382836369,0.003930875295007942,0.0,0.11999999999533176,0.27999999993593194,0.2551151493768369,0.10608349852978592,0.2522157558629858,0.03453997870833199,0.008220913826395605,0.004102640713294671,8.180402451989013e-08,1.0,0.0044876559535049765,0.0048536016984986885,0.00028793931553753774,0.6296296296296297,0.6111111111111112,0.014224343977534455,0.6035425851655659,0.5732683029466792,0.024316643622710684,1,1,1,1
06_healthy_low_turns_p2l_v2:0027,06_healthy_low_turns_p2l_v2,21.35299999999998,21.75299999999998,0.011249613475268936,0.023542018399344916,0.041952021955240226,0.02457289876703198,0.0,0.13330178680483445,0.28192376300909844,0.5315646136817216,0.29661048464625844,0.0,0.024918545864240117,0.024918545864240117,0.02535727101167201,0.000217405220278441,0.0,0.03280865321115552,0.03280865321115552,0.04926263843958742,0.008864814454270271,0.0,0.007864966479389154,0.008617538765610616,0.024032542524175388,0.008752009256073945,0.0,0.11999999999550177,0.2799999999352082,0.25510121915432077,0.10875038652023006,0.24719134672407064,0.03592901005685987,0.008398077584308918,0.005361915690820783,7.50939354256309e-08,1.0,0.004372291819320413,0.0048536016984986885,0.0003829882446674263,0.611111111111111,0.5611111111111111,0.023350963357256463,0.6377185925560579,0.6129511951793921,0.021777251039268617,1,1,1,1
06_healthy_low_turns_p2l_v2:0028,06_healthy_low_turns_p2l_v2,21.55299999999998,21.952999999999978,0.01040375406971751,0.021273937163478182,0.041952021955240226,0.023599186671132102,0.0,0.12659788042833173,0.25276975382389105,0.5315646136817216,0.2817541520860108,0.0,0.02495323397709264,0.02495323397709264,0.02535727101167201,0.00022881191583678804,0.0,0.033053602015482304,0.033053602015482304,0.04926263843958742,0.008553272430375701,0.0,0.008067191873036172,0.008704270422869623,0.024032542524175388,0.008460625731558376,0.0,0.11999999999567579,0.27999999993454344,0.2550930279527671,0.10959624592595425,0.24694639791908557,0.03375931113028417,0.008859979489270132,0.007100929225846549,8.149013527384873e-08,1.0,0.004519486095584192,0.005247932669862463,0.000511092266874105,0.6074074074074075,0.5611111111111111,0.023055369625905056,0.6694660306034046,0.6156075477028344,0.027822873182632882,1,1,1,1
06_healthy_low_turns_p2l_v2:0029,06_healthy_low_turns_p2l_v2,21.75299999999998,22.152999999999977,0.005944985195787379,0.020853019284303508,0.03529405898095876,0.0226844482482797,0.0,0.06733283119415452,0.23679189073007803,0.4011697876158178,0.2580145004976406,0.0,0.02494487253921651,0.02494487253921651,0.025233606545911835,0.0002020951461691531,0.0,0.026148802455286464,0.026148802455286464,0.040655537525425695,0.009151221232876778,0.0,0.0011585907646585087,0.008093913578376827,0.015745264944952625,0.009249059493561444,0.0,0.1199999999958469,0.2799999999339051,0.2550712394935073,0.11405501480005555,0.25385119747863144,0.033410443511684734,0.008248067022821338,0.005889159332355391,7.649846654695826e-08,1.0,0.004847908726527294,0.005247932669862463,0.00018295333359239575,0.612962962962963,0.6,0.01047565601757848,0.7095957838609638,0.6773774839903818,0.025972889836324384,1,1,1,1
06_healthy_low_turns_p2l_v2:0030,06_healthy_low_turns_p2l_v2,21.952999999999978,22.352999999999977,0.007764022584504464,0.024324971286975278,0.0550990822612616,0.02807938513609196,0.0,0.09190367039851292,0.2785814902152546,0.6421134758028376,0.3234435639507568,0.0,0.024914468314109855,0.024914468314109855,0.025233606545911835,0.0002013396860686449,0.0,0.030136084330641202,0.030136084330641202,0.05007081831602456,0.012458087682785708,0.0,0.005212906192252949,0.011511150456137815,0.025185823186852474,0.012542783832801033,0.0,0.11999999999602426,0.27999999993333724,0.25508141128637396,0.11223597741151185,0.2498639156027026,0.03527341083873368,0.00809899524776376,0.006321549373162136,6.380808120050137e-08,1.0,0.00485401571150502,0.0054731438049802645,0.0002850589584197804,0.5972222222222222,0.5611111111111111,0.026979263489506414,0.753477110529548,0.7117222030528356,0.028547728436957562,1,1,1,1
06_healthy_low_turns_p2l_v2:0031,06_healthy_low_turns_p2l_v2,22.152999999999977,22.552999999999976,0.0047611468476463125,0.02912315285985362,0.0550990822612616,0.03415104804392841,0.0,0.05485633585500752,0.32713715415949796,0.6421134758028376,0.3858036694106707,0.0,0.024842741347509547,0.024842741347509547,0.0251246157261788,0.00018387306451168533,0.0,0.030598471790340365,0.030598471790340365,0.05007081831602456,0.010278270735291499,0.0,0.005818272902906679,0.008982351274802375,0.025185823186852474,0.010241641513808866,0.0,0.11999999999620495,0.2799999999328205,0.25514147763639344,0.11523885314854197,0.24940152814250494,0.037579928731971565,0.010096233582138498,0.006655442455461617,6.598026598032705e-08,1.0,0.004995686205161268,0.0054731438049802645,0.00028158440915545055,0.5833333333333334,0.55,0.02850889688581602,0.798462589064696,0.767114474245254,0.024103499548233185,1,1,1,1
06_healthy_low_turns_p2l_v2:0032,06_healthy_low_turns_p2l_v2,22.352999999999977,22.752999999999975,-0.01718595017613617,0.03860829289934676,0.10977113443095884,0.04865775108397291,0.16666666666666666,-0.18444616706332753,0.4156402912744772,1.1413387531278345,0.5126332978449367,0.0,0.009901010803885503,0.03226736552695707,0.2236635472307156,0.05409105673642671,0.05,-0.01967282206287978,0.06484034869982877,0.25353951228812566,0.10474374493874465,0.16666666666666666,-0.013256168973584037,0.0203604148660564,0.09135751640323422,0.03539267066221867,0.0,0.1020000000012368,0.23799999995094487,0.2249673933652625,0.11718595018211897,0.25300615534883547,1.4434968715143475,1.388272107696618,0.008419673754858834,8.224626461045144e-06,1.0,0.0050161683277707364,0.005422499901089478,0.00033101502982600884,0.5861111111111111,0.55,0.024162941390184968,0.8279257772403009,0.8038140717642831,0.016327560381992876,1,1,1,1
06_healthy_low_turns_p2l_v2:0033,06_healthy_low_turns_p2l_v2,22.552999999999976,22.952999999999975,-0.016529023571205396,0.029581353780791433,0.10977113443095884,0.04360636809960548,0.16666666666666666,-0.17190806964905847,0.3266229405525731,1.1413387531278345,0.4597471886915249,0.0,-0.0024935712163728684,0.019918766613538665,0.2236635472307156,0.05205122456202153,0.05,-0.03200453110465825,0.05294709035262956,0.25353951228812566,0.09999175767319933,0.16666666666666666,-0.01326206546074283,0.017720642038080835,0.09135751640323422,0.0350375822410045,0.0,0.042000000003088456,0.09799999998465596,0.09748719790353383,0.06367695001917158,0.12604147597025903,1.443293414014915,1.3912021187899855,0.01131060198846342,8.229702689336787e-06,1.0,0.004457440609593864,0.005422499901089478,0.0006339049364028224,0.638888888888889,0.5666666666666667,0.056291422791002445,0.848603619467288,0.8154400884777777,0.01720660253486689,1,1,1,1
06_healthy_low_turns_p2l_v2:0034,06_healthy_low_turns_p2l_v2,22.752999999999975,23.152999999999974,0.005337749022646959,0.009229751496495044,0.015070824789153038,0.00899152364771047,0.0,0.07085728812311688,0.12124140414900823,0.20384730703565193,0.11728569974507257,0.0,-1.7155129380525866e-05,0.00014965944593716215,0.0004201662303172945,0.00018351114645998154,0.0,0.0004920312948726458,0.0015380302194736338,0.0027350846347494557,0.0016646888869390063,0.0,0.0004218074908473583,0.0015725041445324515,0.0025825937842438953,0.0016939353146444803,0.0,0.0,0.0,0.00015698592051280604,0.009229751496495044,0.0015380302194736338,0.01457308015202257,0.007171932823200311,0.004228500368039706,8.063990922307591e-08,1.0,0.0037547452361303096,0.004028470928594974,0.00019253999956835198,0.6944444444444445,0.6888888888888889,0.0032075014954979094,0.8588808485330821,0.8555611844487913,0.0031582836020371944,1,1,1,1
06_healthy_low_turns_p2l_v2:0035,06_healthy_low_turns_p2l_v2,22.952999999999975,23.352999999999973,0.00411280879864994,0.008974667763096855,0.015070824789153038,0.009818649717042384,0.0,0.05813284125879461,0.1173934146462901,0.20384730703565193,0.12608686918143047,0.0,-8.656445407905702e-05,0.00014553963894237105,0.0004201662303172945,0.00015341831163378567,0.0,-0.00035141963068050067,0.0032241767622170764,0.005816453943723055,0.0035705859722954822,0.0,-0.0003446863195773682,0.0031551276397226544,0.005722377034169876,0.0034797432812510814,0.0,0.0,0.0,0.00014270686595398803,0.008974667763096855,0.0032241767622170764,0.013278380717461414,0.005919213966633447,0.0031821472479685604,8.39202432895777e-08,1.0,0.0037783074993247307,0.0042929933643841706,0.0002655286222322474,0.6925925925925926,0.6888888888888889,0.002618914004394611,0.858316675274167,0.8555611844487913,0.0026954126437320866,1,1,1,1
06_healthy_low_turns_p2l_v2:0036,06_healthy_low_turns_p2l_v2,23.152999999999974,23.552999999999972,0.007078927309415707,0.011940786273862622,0.02250603189217563,0.011828732564419842,0.0,0.09546694135032086,0.15472751473781635,0.2906470645896006,0.15051863371846005,0.0,-2.8453502457938985e-05,0.00013005586322703148,0.00033116077411518335,0.00015472176652851414,0.0,0.0016207738451174713,0.004631252150882983,0.009917290241348091,0.005246123012702925,0.0,0.0015643704063536355,0.004526010478171811,0.009814757921625231,0.0051452511571758175,0.0,0.0,0.0,0.00014934460745811678,0.011940786273862622,0.004631252150882983,0.013624766347681366,0.0058187764954263565,0.004161286650435351,7.306189323549978e-08,1.0,0.00383534832348009,0.0042929933643841706,0.0002342625261002944,0.6907407407407408,0.6888888888888889,0.002618914004394611,0.8588576676295382,0.8561673586363665,0.002466299852545243,1,1,1,1
06_healthy_low_turns_p2l_v2:0037,06_healthy_low_turns_p2l_v2,23.352999999999973,23.75299999999997,0.0065230224421224175,0.010500015784565006,0.02250603189217563,0.010696381518632659,0.0,0.08584180218772076,0.14052492086466986,0.2906470645896006,0.14208765390911013,0.0,4.327475369387073e-05,0.00015383652053780548,0.00041781721115557427,0.00018582630224440205,0.0,0.0026093151837705345,0.007116442864210208,0.013394092612650024,0.00785164119153296,0.0,0.0025126738502375015,0.007039822024529219,0.013334482317502195,0.007786225414591821,0.0,0.0,0.0,0.00017350972464982237,0.010500015784565006,0.007116442864210208,0.014051931067457647,0.00568862202352315,0.004093050921347789,7.009919123287965e-08,1.0,0.0036099094358655326,0.0039024143578392156,0.00024936566117924914,0.688888888888889,0.6833333333333333,0.0032075014954979094,0.8603945378607438,0.8561673586363665,0.0028604282915121516,1,1,1,1
06_healthy_low_turns_p2l_v2:0038,06_healthy_low_turns_p2l_v2,23.552999999999972,23.95299999999997,-0.004261098396632298,0.007932325522767706,0.015734466453489505,0.008204396708981524,0.0,-0.05561322398338491,0.10668946601985585,0.20725732458069301,0.11145978249907083,0.0,4.508368629120926e-06,0.00017789835275199082,0.00041781721115557427,0.000218100025759816,0.0,-0.0016610104554303643,0.006681049670553081,0.013394092612650024,0.007878398582242442,0.0,-0.0017424208865195392,0.006699985424027767,0.013334482317502195,0.007837945768444043,0.0,0.0,0.0,0.0001764903924472718,0.007932325522767706,0.006681049670553081,0.014922932927703421,0.00645869045275764,0.004398476282614527,9.813078458146934e-08,1.0,0.0036868732390459603,0.004278834919044298,0.0003466254041921629,0.6916666666666668,0.6833333333333333,0.005319039487535193,0.8616406609475352,0.8568516468639785,0.0025951682878110204,1,1,1,1
06_healthy_low_turns_p2l_v2:0039,06_healthy_low_turns_p2l_v2,23.75299999999997,24.15299999999997,-0.004187737209941768,0.007779609763111021,0.015734466453489505,0.007888591022125396,0.0,-0.05618541826501411,0.1020841611352165,0.20725732458069301,0.10352612817118781,0.0,-4.163958247333943e-05,0.000203411665700406,0.0005527117888080558,0.00024404571994224295,0.0,-0.0015575240555084297,0.004152080446476129,0.009600363409249905,0.004898971961070391,0.0,-0.0014637005584318223,0.00426529184755221,0.00973591508719327,0.005020572485934858,0.0,0.0,0.0,0.00018266644291770298,0.007779609763111021,0.004152080446476129,0.014901897482401045,0.00689068388402711,0.005357066106876871,1.0360615518861253e-07,1.0,0.0038437974268322496,0.004278834919044298,0.000255001612707608,0.6953703703703704,0.6888888888888889,0.003817690394090413,0.8595676950127326,0.8555486146396438,0.0027847415805036003,1,1,1,1
06_healthy_low_turns_p2l_v2:0040,06_healthy_low_turns_p2l_v2,23.95299999999997,24.35299999999997,-0.0005727925203583669,0.007006602481531443,0.011252749188286126,0.007550839269055189,0.0,-0.008536045465601818,0.090416326368979,0.15195002422181686,0.09779024130106588,0.0,-7.312840109262192e-05,0.0002293484457982815,0.0005527117888080558,0.0002572903995141871,0.0,-0.0025724831265662215,0.005167039517533921,0.010738783467620788,0.00523705605475361,0.0,-0.0023314120876457346,0.0051330033767661215,0.010560139183556264,0.005290242342160637,0.0,0.0,0.0,0.00019479493964238092,0.007006602481531443,0.005167039517533921,0.013530102716350582,0.006534540010572722,0.003911341295380819,9.738894427943041e-08,1.0,0.003920147652350014,0.004116757515746496,0.00017709343008516864,0.6935185185185185,0.6888888888888889,0.003817690394090413,0.858933925388746,0.8555486146396438,0.001875684043655689,1,1,1,1
06_healthy_low_turns_p2l_v2:0041,06_healthy_low_turns_p2l_v2,24.15299999999997,24.55299999999997,-0.003939845949343297,0.006781783357347119,0.008769712992653127,0.005904445965651429,0.0,-0.051617620669379936,0.08759915870255473,0.12402247052329596,0.07629340315393712,0.0,-4.970134035568261e-05,0.0001600047755374148,0.0003550002774400446,0.00019978611049292997,0.0,-0.0033901573641151764,0.004179695877473859,0.010738783467620788,0.004006470458236299,0.0,-0.0033001566342405492,0.004053875863494717,0.010560139183556264,0.003934315038034786,0.0,0.0,0.0,0.00014592421708626907,0.006781783357347119,0.004179695877473859,0.014375567036084827,0.006816221349051187,0.0037779501340408535,8.657041284247564e-08,1.0,0.003899387501661895,0.004283791623030358,0.0003669172708587739,0.6953703703703704,0.6888888888888889,0.003817690394090413,0.8610096288151459,0.85535149498311,0.004959388097799493,1,1,1,1
06_healthy_low_turns_p2l_v2:0042,06_healthy_low_turns_p2l_v2,24.35299999999997,24.752999999999968,-0.004352933789335563,0.01134208928963606,0.02928339704898478,0.014610045324681336,0.0,-0.05580486404611853,0.15464644902671326,0.3989042308793857,0.20258252114377182,0.0,-5.699699351008e-06,0.00010807286633649455,0.0002964886669271583,0.0001419454440790929,0.0,-0.003129922463420484,0.005617753534641493,0.014507556858927613,0.006235395133050159,0.0,-0.0030903074840091744,0.0055475784759102045,0.014298606620291358,0.006176704264145124,0.0,0.0,0.0,0.00010831512133421925,0.01134208928963606,0.005617753534641493,0.016620741808311183,0.007074852218674759,0.005635412651212184,8.014704638993666e-08,1.0,0.00367614716424357,0.004283791623030358,0.00036530941173677827,0.6952380952380953,0.6888888888888889,0.003549314249999654,0.859603310252331,0.8493682513530985,0.006355474840358636,1,1,1,1
06_healthy_low_turns_p2l_v2:0043,06_healthy_low_turns_p2l_v2,24.55299999999997,24.952999999999967,-0.008567868563199405,0.017346103464525097,0.05435452359726712,0.023789587409412942,0.0,-0.11576862796953465,0.23827018086090554,0.7475358111358446,0.3284375933031213,0.0,2.1029185215972606e-05,0.0001676791769351915,0.0005382904935275139,0.0002138321839197543,0.0,-0.004814599113745724,0.006625682887802146,0.014507556858927613,0.006221936795706104,0.0,-0.004801087854669847,0.006612313792924448,0.014298606620291358,0.006175488098085042,0.0,0.0,0.0,0.0001425486363128864,0.017346103464525097,0.006625682887802146,0.014875301434336885,0.007128348216154956,0.004074477241142165,8.36222147911586e-08,1.0,0.0036198336633280715,0.003831119901319943,0.00017861527562551774,0.6936507936507937,0.6888888888888889,0.0035493142499996534,0.8562216563561613,0.8493682513530985,0.004345912989719753,1,1,1,1
06_healthy_low_turns_p2l_v2:0044,06_healthy_low_turns_p2l_v2,24.752999999999968,25.152999999999967,-0.011570802837544664,0.020018075382515387,0.05435452359726712,0.02564730620484712,0.0,-0.1625524808297588,0.27652695210867956,0.7475358111358446,0.3546476162518757,0.0,5.093371038722562e-07,0.00019360108377898305,0.0005382904935275139,0.00024762990306553893,0.0,-0.0005986595864589992,0.004499652755471582,0.010495671410663404,0.006074926767804366,0.0,-0.0005928412020422479,0.004566747594026156,0.010515146107919855,0.006128727825687392,0.0,0.0,0.0,0.0001772602639536215,0.020018075382515387,0.004499652755471582,0.012830748160949118,0.00593281888609201,0.004172895944069593,8.466052701549436e-08,1.0,0.0036223330172868878,0.003977549460786455,0.0002183015255778864,0.6944444444444445,0.6888888888888889,0.0032075014954979094,0.8560607054632835,0.8515331045346466,0.004275306074710067,1,1,1,1
06_healthy_low_turns_p2l_v2:0045,06_healthy_low_turns_p2l_v2,24.952999999999967,25.352999999999966,0.013031477839029538,0.031060488234808337,0.09248881514163465,0.040752561344500185,0.16666666666666666,0.15851918204720816,0.4041229675671481,1.1906772681832167,0.5336006034121279,0.0,-0.016811866179973663,0.017153158840790644,0.16490319546263293,0.04603385481810981,0.1,-0.04894928031009271,0.05285027347910529,0.22601766675085191,0.08316722295193202,0.16666666666666666,-0.01812352101971181,0.02209742741169572,0.067891172986707,0.027425848796364817,0.0,0.044999999993916295,0.1049999999694778,0.09166054920960856,0.049828535396719324,0.08317841914226941,1.0948043833377639,1.0367878603060323,0.008169513626040325,1.0143375697646098e-07,1.0,0.003934076120793617,0.004695351975579817,0.00045335187022072827,0.6555555555555556,0.55,0.057287808512066725,0.8430278158606582,0.8004413840680479,0.021611472665221017,1,1,1,1
06_healthy_low_turns_p2l_v2:0046,06_healthy_low_turns_p2l_v2,25.152999999999967,25.552999999999965,0.021680597115008703,0.035848989582977775,0.09248881514163465,0.04116346832578083,0.16666666666666666,0.26587733447278367,0.43364710243989846,1.1906772681832167,0.5112987521322703,0.0,-0.016463782427289707,0.017383243831586955,0.16490319546263293,0.04616165358507418,0.1,-0.05583403955448063,0.05801623947506681,0.22601766675085191,0.07937825768889574,0.16666666666666666,-0.0252288338808207,0.02731825498485735,0.067891172986707,0.023532218963972604,0.0,0.10499999999084424,0.24499999994532887,0.2318270034666984,0.094819402873903,0.21599929371347804,1.0950516978702565,1.0332948602872996,0.008857496179180345,8.714091091294334e-08,1.0,0.004499115837306117,0.0048483594396173365,0.0003260105273931993,0.6148148148148148,0.55,0.047862399938222534,0.8212263295373793,0.7858958372054397,0.022586057269699727,1,1,1,1
06_healthy_low_turns_p2l_v2:0047,06_healthy_low_turns_p2l_v2,25.352999999999966,25.752999999999965,0.004216649335483487,0.04293133640171435,0.08940505374526461,0.05010977844061158,0.16666666666666666,0.05090253097246051,0.5161745878308931,1.0873794064039657,0.6036909169474232,0.0,0.0005688596936678586,0.0005688596936678586,0.0008731381801372895,0.0001798789542325405,0.0,-0.015110703184916502,0.017292903105502678,0.042096845876495426,0.014767030828800405,0.0,-0.015549412324737574,0.01763883342877422,0.04265987793125131,0.014839501921166993,0.0,0.11999999999389097,0.2799999999508886,0.2804999497583113,0.11578335065842332,0.2648892967657901,0.03610414161319169,0.009751872835881978,0.0056462148790145765,6.942557847036435e-08,1.0,0.004438714514867375,0.0048483594396173365,0.00030771921754077194,0.6203703703703703,0.5777777777777777,0.02715347833076888,0.7939110483087255,0.7565599932099855,0.027683056975056103,1,1,1,1
06_healthy_low_turns_p2l_v2:0048,06_healthy_low_turns_p2l_v2,25.552999999999965,25.952999999999964,0.009774194303391886,0.03957587888514676,0.08940505374526461,0.04652156402048182,0.16666666666666666,0.12083695152004607,0.48329675365470126,1.0873794064039657,0.5677228740725636,0.0,0.0004648815722965383,0.0004648815722965383,0.0008623069916384729,0.00017245712492835446,0.0,-0.011162896770463651,0.013053004708192262,0.042096845876495426,0.014734656800511899,0.0,-0.0116192866980278,0.013365887568572035,0.04265987793125131,0.014787979001595864,0.0,0.11999999999397186,0.27999999994928815,0.28044853521714347,0.11022580569059143,0.2688371031786336,0.03740795868784413,0.009765732951030203,0.007279732613984178,7.80662947857254e-08,1.0,0.004277445486974199,0.004540270337746376,0.0001843778719649081,0.6333333333333333,0.6055555555555555,0.018144368465060595,0.7522551557930459,0.713247173850048,0.027757205195859776,1,1,1,1
06_healthy_low_turns_p2l_v2:0049,06_healthy_low_turns_p2l_v2,25.752999999999965,26.152999999999963,0.018302618894664047,0.022981579614160974,0.03312608720175701,0.018379261270885412,0.0,0.2161238536625761,0.2678348616424433,0.3895209758974381,0.2131654572779789,0.0,0.00043371288995481817,0.0004342430060992164,0.0009402996143020315,0.00024209758439610582,0.0,-0.0008145525463344369,0.0069392125357257235,0.010789135479950973,0.007135021420730161,0.0,-0.001237643146377763,0.006906323153292991,0.011161322279376162,0.007100927541199738,0.0,0.11999999999406041,0.2799999999477095,0.2804334076402256,0.10169738109940567,0.27918544740119217,0.03681799898410335,0.009272077655200496,0.007859563903799601,8.449628932531392e-08,1.0,0.004581393507965664,0.004977271245142518,0.00023857753491997237,0.6388888888888888,0.6166666666666667,0.018144368465060564,0.7108529377351838,0.6734742833313896,0.02639099391517238,1,1,1,1
06_healthy_low_turns_p2l_v2:0050,06_healthy_low_turns_p2l_v2,25.952999999999964,26.352999999999962,0.014503818292919116,0.01918277901241604,0.03244014571233855,0.015514094181300729,0.0,0.17030758031504512,0.22201858829491228,0.38116031598084704,0.17854171353558312,0.0,0.0004371739466448754,0.00043770406278927364,0.0009402996143020315,0.00022792482112164765,0.0,0.003003064129833819,0.00659944262315081,0.010789135479950973,0.006423792097335903,0.0,0.0025410477599585868,0.006261488519750641,0.011161322279376162,0.006404446188664949,0.0,0.11999999999415674,0.279999999946151,0.28045821985708574,0.10549618170124893,0.28300306407583414,0.03467410846089075,0.00744041218996309,0.005740063922661671,7.77628316228686e-08,1.0,0.004675312892143788,0.004977271245142518,0.00015816703432589276,0.6499999999999999,0.6222222222222222,0.021032993873334366,0.6716751850197844,0.6380872032093754,0.027431768448817496,1,1,1,1
06_healthy_low_turns_p2l_v2:0051,06_healthy_low_turns_p2l_v2,26.152999999999963,26.55299999999996,0.014490336768645341,0.018385052284602972,0.04645916920906949,0.017918810041645875,0.0,0.16192007733468158,0.20942576547385794,0.5005352908787822,0.1987684893461498,0.0,0.00045188427106903907,0.00045188427106903907,0.0007037936676205225,0.00015877536687738378,0.0,0.003435526354139342,0.005062027024165389,0.009388796030948332,0.004697223160526452,0.0,0.00296116514479583,0.004896926006276041,0.008932902023200906,0.004720559082434788,0.0,0.11999999999426803,0.279999999944655,0.28044527352882753,0.10550966322563453,0.28343552629866914,0.03527015110760651,0.007054658384149332,0.005311675827357726,8.197483342612742e-08,1.0,0.004604502574338489,0.00516125099513965,0.00027851981894662733,0.6462962962962963,0.6055555555555555,0.02456759103966966,0.6407983720598572,0.6024890215288371,0.020350529423522706,1,1,1,1
06_healthy_low_turns_p2l_v2:0052,06_healthy_low_turns_p2l_v2,26.352999999999962,26.75299999999996,0.002684833334545287,0.017266427014874058,0.04645916920906949,0.023522178558796174,0.0,0.03147708816341292,0.19056048241967202,0.5005352908787822,0.2531426899664487,0.0,0.0004365229365106804,0.0004365229365106804,0.0007793917208953061,0.00018130319350245878,0.0,-3.121390586613426e-05,0.006276183696477089,0.014042690796951529,0.0075526821592982255,0.0,-0.0005195145671215337,0.0063033612787768796,0.014661344953254607,0.007595327655680683,0.0,0.11999999999439015,0.2799999999432031,0.2804233274213826,0.1173151666598542,0.27996878603722364,0.036076511999225326,0.008156593669668179,0.007018749850691005,8.751394355121809e-08,1.0,0.004591562377978409,0.00542347253161903,0.0005444829090367741,0.6203703703703703,0.5333333333333333,0.042753319928204435,0.6089766542089587,0.5689223405038746,0.026771662783606914,1,1,1,1
06_healthy_low_turns_p2l_v2:0053,06_healthy_low_turns_p2l_v2,26.55299999999996,26.95299999999996,-0.007262066601123905,0.012155162455036984,0.03109913115367549,0.014899710398386607,0.0,-0.07179952900884236,0.1311031209202628,0.32330902196071654,0.15874613386754916,0.0,0.00040982133376480376,0.00040982133376480376,0.0007793917208953061,0.00020768759840966038,0.0,-6.078395105206987e-05,0.008878914431695981,0.014042690796951529,0.009683004430469678,0.0,-0.000504615031509309,0.00872827307775062,0.014661344953254607,0.009687995003875037,0.0,0.11999999999451838,0.2799999999417883,0.28038128434913645,0.12726206659564857,0.27993921599061294,0.03690199993234505,0.00811004985713238,0.00625963507580767,8.274157834623826e-08,1.0,0.004751897327836048,0.005453726170500495,0.0005704639991824808,0.6148148148148148,0.5333333333333333,0.05363980873318607,0.5720767108498606,0.5496334614723173,0.018957697377254692,1,1,1,1
06_healthy_low_turns_p2l_v2:0054,06_healthy_low_turns_p2l_v2,26.75299999999996,27.15299999999996,0.006224859627159317,0.014955210518949068,0.04059155319364015,0.01905534229774784,0.0,0.07697402824253431,0.16829897205455677,0.4634864990695292,0.21157588004386157,0.0,0.000398232325094533,0.000398232325094533,0.0007035964541449169,0.0001592053277031988,0.0,0.0032838685269060788,0.009339261703754079,0.018495054643421105,0.01026285088500234,0.0,0.0028723020147140474,0.009088520647712012,0.01790116453575097,0.01015714021266768,0.0,0.11999999999465523,0.27999999994043184,0.28038149391652145,0.11377514036750308,0.28328386846725473,0.03861777372862295,0.00905668375522861,0.006627305202725116,7.621830690652469e-08,1.0,0.004783016650964081,0.005453726170500495,0.0003615607668843415,0.6277777777777778,0.55,0.04206598774666868,0.5353039721732494,0.5036645184551721,0.021772367962248348,1,1,1,1
06_healthy_low_turns_p2l_v2:0055,06_healthy_low_turns_p2l_v2,26.95299999999996,27.35299999999996,0.004007802922421827,0.026352978799239996,0.04059155319364015,0.029910967543114227,0.0,0.044721353059183094,0.31980383130374596,0.4775596375351203,0.3637981913853073,0.0,-5.124784972535268e-05,0.0006372825673851251,0.0028309470879723797,0.000898093076434435,0.0,0.002944532148484826,0.007215689223569882,0.018495054643421105,0.008642977828018813,0.0,0.003041121969753896,0.0065891683272479755,0.01790116453575097,0.00814369649009389,0.0,0.11999999999477984,0.2799999999393602,0.2799143013619388,0.11599219707236554,0.28294453208781295,0.03943728091324785,0.009570407434476336,0.006551038977654126,7.623017455686137e-08,1.0,0.004402196569038972,0.004884582019115174,0.00030974139585028185,0.6120370370370369,0.55,0.04641651059071954,0.5070003961677386,0.49306514757454556,0.010394778357536192,1,1,1,1
06_healthy_low_turns_p2l_v2:0056,06_healthy_low_turns_p2l_v2,27.15299999999996,27.552999999999958,0.004580358140582538,0.030188959489924064,0.037942817333357665,0.03139629090405669,0.0,0.055386195989892355,0.3689509503593176,0.4775596375351203,0.38544089021817246,0.0,-0.0052809917369476735,0.005480739190417469,0.01862255123595624,0.005884766217706117,0.0,-0.00381198463593758,0.007785783412920642,0.016358573832729484,0.008470368383726352,0.0,0.0017646701504021867,0.003924555084336413,0.009260738930686241,0.004868252846303069,0.0,0.11999999999481618,0.2799999999388264,0.27449497105437404,0.1154196418542333,0.2761880153028679,0.04758677515516634,0.011683448291456499,0.00880644116811427,7.889736642059442e-08,1.0,0.0043221889506399325,0.00460036391539485,0.00019667294124278464,0.6,0.5388888888888889,0.05250906251391786,0.49755768522100774,0.48586734957882166,0.01083209491343348,1,1,1,1
06_healthy_low_turns_p2l_v2:0057,06_healthy_low_turns_p2l_v2,27.35299999999996,27.752999999999957,0.024757712197644135,0.03261214717759171,0.07176810136411138,0.029248518822123898,0.0,0.28611859202867856,0.3773943073560288,0.8201344725439519,0.33686026923985274,0.0,-0.017101401798540465,0.017101401798540465,0.025021633002355936,0.00785414889370355,0.0,-0.006200021867955828,0.00800932401339946,0.016358573832729484,0.00770718275612234,0.0,0.011189446764831154,0.011671730849427539,0.028204634950133922,0.010980148009550895,0.0,0.11999999999495581,0.2799999999378827,0.26268321581192466,0.09524228779730493,0.2737999780699387,0.049733998027782056,0.013323387524703516,0.009658110203656468,7.965122198549182e-08,1.0,0.004632269910810065,0.004954910897216566,0.0002065527562656491,0.6120370370370369,0.5388888888888889,0.04187192242442597,0.49292198613649224,0.48586734957882166,0.010184843829932613,1,1,1,1
06_healthy_low_turns_p2l_v2:0058,06_healthy_low_turns_p2l_v2,27.552999999999958,27.952999999999957,0.026738180864336936,0.031329190371761156,0.07176810136411138,0.026906884581564885,0.0,0.31080869796087507,0.3636021371633629,0.8201344725439519,0.30887636608483204,0.0,-0.02445238192755774,0.02445238192755774,0.025021633002355936,0.0011645877294758137,0.0,-0.01807449269580901,0.019149846572679863,0.04777082014007045,0.017123612190442998,0.0,0.006479580236886125,0.015743841481849763,0.028204634950133922,0.01701739708727132,0.0,0.11999999999523862,0.2799999999364095,0.25547691912230724,0.09326181913090155,0.2619255072406012,0.04094700993807996,0.012840903626622107,0.007295256108982091,7.98441235189e-08,1.0,0.004677726903167365,0.005090333789315276,0.0003355797478615373,0.5685185185185185,0.5,0.05168624347019577,0.49650342362371375,0.48533139100439227,0.01513021903031251,1,1,1,1
06_healthy_low_turns_p2l_v2:0059,06_healthy_low_turns_p2l_v2,27.752999999999957,28.152999999999956,0.012125855665410135,0.02273216745226554,0.036719960702160215,0.02291686131726309,0.0,0.14391454192949443,0.2590480669836892,0.43145484096116954,0.2583189702643206,0.0,-0.024809604140946177,0.024809604140946177,0.025127685427338453,0.0001702229366236626,0.0,-0.03169140467691885,0.03169140467691885,0.04777082014007045,0.010528510334837432,0.0,-0.006760032862014186,0.010787143884402084,0.022736757306684507,0.010439276547243491,0.0,0.11999999999543984,0.27999999993537755,0.2551601770310136,0.1078741443300356,0.24830859525842855,0.03558985068142248,0.010775764551130466,0.006338062157651286,6.747107762747001e-08,1.0,0.0047545236573606695,0.005656257613014595,0.0005841901648840504,0.513888888888889,0.48333333333333334,0.022395160411940427,0.4926688052356478,0.47211664770733747,0.019159614263286055,1,1,1,1
06_healthy_low_turns_p2l_v2:0060,06_healthy_low_turns_p2l_v2,27.952999999999957,28.352999999999955,0.002739323378831838,0.019185083580193215,0.03181893536056621,0.021924074005002934,0.0,0.03180356133033184,0.21491616195849705,0.3594169518580373,0.24337321666649242,0.0,-0.024948728040431415,0.024948728040431415,0.02544069168898211,0.0001972409961619529,0.0,-0.031100056210611755,0.031100056210611755,0.044118375432325524,0.00909949618391309,0.0,-0.006171469486653795,0.008521477031360266,0.019230093049684288,0.009062729619454238,0.0,0.11999999999560304,0.2799999999346345,0.255107372589743,0.11726067661677314,0.24889994372403543,0.035901642552355104,0.010139592226441875,0.007671731378449044,6.739062010212213e-08,1.0,0.00475267312166769,0.005656257613014595,0.0005273174129445333,0.5,0.45,0.026057865332352395,0.4881787966171678,0.47211664770733747,0.013725217804370625,1,1,1,1
06_healthy_low_turns_p2l_v2:0061,06_healthy_low_turns_p2l_v2,28.152999999999956,28.552999999999955,0.004747312307313738,0.015851436067337785,0.029812191945590844,0.017556625544651164,0.0,0.060002661338033725,0.19161349768839442,0.3594169518580373,0.2123236425918492,0.0,-0.012034957894396403,0.03550376492266415,0.23468807028267746,0.056602401595764296,0.05,-0.02215447984917496,0.02361770104221765,0.044118375432325524,0.014135338215357698,0.0,0.0026786513662214323,0.009088682382782862,0.029349258834943714,0.014158950637830223,0.0,0.11399999999940569,0.26599999993786155,0.2510219014048552,0.11525268768848752,0.25784552008492084,1.49436636570435,1.4352251421810462,0.006455198627752774,1.4962174806699652e-07,1.0,0.004392142185420422,0.004889128582252026,0.00024276486025091637,0.5166666666666667,0.45,0.04681194318431309,0.48507263298460973,0.4698980028988058,0.012838511696741656,1,1,1,1
06_healthy_low_turns_p2l_v2:0062,06_healthy_low_turns_p2l_v2,28.352999999999955,28.752999999999954,-0.013661085250597525,0.02831315258932986,0.08342177979515317,0.03567379017342122,0.16666666666666666,-0.1754898366181613,0.35749155369487323,1.0865479743245436,0.4588707862872329,0.0,0.000478895305830462,0.023058797594043536,0.23468807028267746,0.05508730176755851,0.05,0.01722465243024514,0.03204133416692806,0.1349393076843546,0.05396980166535314,0.16666666666666666,0.02966749905990644,0.02966749905990644,0.1349126128464615,0.04802322103461236,0.16666666666666666,0.05400000000274491,0.1259999999790175,0.12357325754430348,0.07765180152802738,0.15722465239856828,1.4941674375972112,1.4382603551757096,0.010519020438070351,1.5622238839953569e-07,1.0,0.004165357673141461,0.004378211055882345,0.00017963254105282295,0.6037037037037037,0.4888888888888889,0.07648843121504957,0.48973897261143584,0.4698980028988058,0.013846992895464611,1,1,1,1
06_healthy_low_turns_p2l_v2:0063,06_healthy_low_turns_p2l_v2,28.552999999999955,28.952999999999953,-0.02074007918602884,0.03206670843627972,0.08342177979515317,0.034159330244316055,0.16666666666666666,-0.2658457504160644,0.41463964407519976,1.0865479743245436,0.4456826946498729,0.0,-2.6784127246840993e-05,0.00016484445922069544,0.00039977057181358983,0.00019452856880087564,0.0,0.02383869104345737,0.027766624983125095,0.1349393076843546,0.05012885162222674,0.16666666666666666,0.023901327379046253,0.02780043835107202,0.1349126128464615,0.05008192754628736,0.16666666666666666,1.1857181902996672e-12,8.289665250534503e-12,0.00020819806307922152,0.03206670843647734,0.027766624984506702,0.012780906004584825,0.0057447349394376375,0.0035629235257931434,8.729077107531715e-08,1.0,0.003930186010825995,0.004378211055882345,0.00024160089994827434,0.6768518518518519,0.6444444444444445,0.014493033187498628,0.5033506499320891,0.5009645526299545,0.0011217728504160516,1,1,1,1
06_healthy_low_turns_p2l_v2:0064,06_healthy_low_turns_p2l_v2,28.752999999999954,29.152999999999953,0.0009857500734973001,0.023790339461734557,0.05232052969277624,0.02831191014817371,0.0,0.01610892721797051,0.3158002411101402,0.6999194500158146,0.37692000951428795,0.0,-1.7459952759144857e-05,0.0001376194774522583,0.0003260808590525668,0.0001619607984037651,0.0,-0.0025009790510321043,0.007293615773248176,0.01695927102730344,0.00911624287062465,0.0,-0.002539583845536388,0.007373252047269814,0.017060896560052302,0.00909201224047833,0.0,0.0,0.0,0.0001942324754048847,0.023790339461734557,0.007293615773248176,0.01218712732478126,0.005476923603547845,0.0027466922265512793,7.928078280331474e-08,1.0,0.0037817842260454543,0.004032238861630434,0.00013781148522181553,0.6814814814814816,0.6722222222222223,0.004140866624999596,0.5022508399964688,0.4983957092592695,0.0018249460529019817,1,1,1,1
06_healthy_low_turns_p2l_v2:0065,06_healthy_low_turns_p2l_v2,28.952999999999953,29.352999999999952,0.011167741576989113,0.01787510583732713,0.05232052969277624,0.022905064776177396,0.0,0.15150057569742145,0.2400561246349713,0.6999194500158146,0.3076287424391589,0.0,-7.428192687344216e-05,0.00016350698791782508,0.00040490451679351254,0.00018885657089213722,0.0,0.0008328289007836913,0.007944765998525546,0.021149819051924913,0.01124615142331489,0.0,0.0007867899933295245,0.008044207115242227,0.021164651190352164,0.011288313935550449,0.0,0.0,0.0,0.00016558918929076612,0.01787510583732713,0.007944765998525546,0.01358477117124198,0.005557328525418462,0.0047497363682539925,7.931534152895787e-08,1.0,0.0038073465146653946,0.004064884259160794,0.00021492587808872,0.6787037037037038,0.6722222222222223,0.004986263710309708,0.5012006505617483,0.4983957092592695,0.0013664237651010425,1,1,1,1
06_healthy_low_turns_p2l_v2:0066,06_healthy_low_turns_p2l_v2,29.152999999999953,29.55299999999995,0.010427548019342023,0.013802612972318213,0.03095549776625607,0.01473979579399664,0.0,0.1401242538291486,0.18232002493984592,0.40502630928193484,0.1960894010356613,0.0,-1.5411171982544937e-05,0.00020302129493030593,0.00040490451679351254,0.00023324894073824569,0.0,0.001617394861324981,0.006637317897986502,0.021149819051924913,0.00928081853698552,0.0,0.0015352330056364776,0.0066921085744196945,0.021164651190352164,0.009343828844908425,0.0,0.0,0.0,0.0001789923974885126,0.013802612972318213,0.006637317897986502,0.013622096622828176,0.006397604763137463,0.004446208456012135,6.758162857217101e-08,1.0,0.003902133565077851,0.004120502931514825,0.00022350113222394775,0.6824074074074075,0.6722222222222223,0.0059288187383637276,0.5006932943678751,0.4955751941087315,0.003224383139076508,1,1,1,1
06_healthy_low_turns_p2l_v2:0067,06_healthy_low_turns_p2l_v2,29.352999999999952,29.75299999999995,0.010068781541966325,0.01724263647492655,0.03367953684351864,0.017664631073501164,0.0,0.13488615584500882,0.22311799500368235,0.4361974387921284,0.2269382061336892,0.0,2.9501662044888865e-05,0.00021084271615757818,0.0005366936729183571,0.00025011556830318205,0.0,-0.005364972984037531,0.0077081664591153965,0.015152257691865898,0.00727194392158091,0.0,-0.005459910268252168,0.007732592862206819,0.015237675252297685,0.007242616418301726,0.0,0.0,0.0,0.00019229540186139162,0.01724263647492655,0.0077081664591153965,0.014440844937722994,0.007761349366758861,0.0035324385228011593,5.85270806629367e-08,1.0,0.0039272562631041145,0.004332521285127515,0.0003015795930435953,0.6851851851851852,0.6833333333333333,0.002618914004394611,0.49983075199893995,0.49515549963219235,0.004282192598277632,1,1,1,1
06_healthy_low_turns_p2l_v2:0068,06_healthy_low_turns_p2l_v2,29.55299999999995,29.95299999999995,0.011306250821094377,0.01718626869388406,0.03367953684351864,0.01619266357192168,0.0,0.14879568420818887,0.22137341883546127,0.4361974387921284,0.20537861265738439,0.0,-2.924164671430998e-05,0.00018447289554472893,0.0005366936729183571,0.00024165868840664748,0.0,-0.0035917512197763224,0.006468201441348198,0.015152257691865898,0.007726897256781536,0.0,-0.0035735652121003814,0.006490021949762476,0.015237675252297685,0.007734503917212439,0.0,0.0,0.0,0.00018162391789896658,0.01718626869388406,0.006468201441348198,0.015440599988850494,0.008402085480483384,0.004956830072165726,8.382150242920177e-08,1.0,0.0038994521558410457,0.004332521285127515,0.00031351917641681443,0.6833333333333335,0.6777777777777778,0.0032075014954979094,0.5003839615565083,0.49515549963219235,0.0033005712301114425,1,1,1,1
06_healthy_low_turns_p2l_v2:0069,06_healthy_low_turns_p2l_v2,29.75299999999995,30.15299999999995,0.003332594079104649,0.02214428457708281,0.050094852633665886,0.02779879131284189,0.0,0.03651029652648047,0.2865613847308,0.6693812306219403,0.36269466559505986,0.0,4.219909748575986e-05,0.00013002613396531328,0.00042806724543446997,0.00016586864512792358,0.0,-0.0001715263926478939,0.004641027757947389,0.012153282327274424,0.006033922078960983,0.0,-0.00021066358699114895,0.0046829381310098915,0.012328002956838658,0.006094509670359226,0.0,0.0,0.0,0.00014653005736428316,0.02214428457708281,0.004641027757947389,0.01481083313126088,0.00802864249864099,0.004727446861696006,8.996579988700863e-08,1.0,0.004006755485524671,0.0044680683537269535,0.0002753663002796765,0.6833333333333335,0.6777777777777778,0.0032075014954979094,0.5009253841439055,0.49748069762703745,0.0022022387707782472,1,1,1,1
06_healthy_low_turns_p2l_v2:0070,06_healthy_low_turns_p2l_v2,29.95299999999995,30.35299999999995,0.01573813686866735,0.03246859947383985,0.08788961970221995,0.041288668527196204,0.16666666666666666,0.19583675449495816,0.41934617611998143,1.1481577225491042,0.5423035511626488,0.0,0.01673014909336214,0.017007853136237833,0.17768549945341167,0.044751355453859124,0.1,0.039014394710626975,0.043065488819718445,0.1359043541299813,0.050988468698974845,0.16666666666666666,0.014207165608135175,0.0191185019436825,0.06221941768165101,0.02459202411456691,0.0,0.056399999993583805,0.13159999996177227,0.11809527401055915,0.05542669005279927,0.08065464592029654,1.095194712970693,1.0361084704747001,0.02124834580078033,9.24522516938368e-08,1.0,0.004131735124153143,0.004890507351299993,0.00042297214154445875,0.6509259259259259,0.5222222222222223,0.058392092686768746,0.491671310280724,0.4660391290588089,0.01458973787470779,1,1,1,1
06_healthy_low_turns_p2l_v2:0071,06_healthy_low_turns_p2l_v2,30.15299999999995,30.552999999999948,0.01867069722306826,0.03414704032452583,0.08788961970221995,0.039803531874419616,0.16666666666666666,0.24726496453878774,0.4235653219908901,1.1481577225491042,0.4990199763045295,0.0,0.016451351865075087,0.017178682129930657,0.17768549945341167,0.04485587333173905,0.1,0.0412437207863083,0.04571853825893346,0.1359043541299813,0.050073804566953664,0.16666666666666666,0.016570827878925984,0.021707656708910703,0.06221941768165101,0.02486081384984273,0.0,0.11639999999063955,0.2715999999352357,0.25821069969967814,0.1008258426789494,0.21495627915912865,1.0955386065039407,1.0314752993867902,0.010000271179725666,9.396759430772296e-08,1.0,0.004294046652137658,0.004890507351299993,0.0004149965899907056,0.6268518518518519,0.5222222222222223,0.04983683941036255,0.4706686675311666,0.4509265089720218,0.017454369297689388,1,1,1,1
06_healthy_low_turns_p2l_v2:0072,06_healthy_low_turns_p2l_v2,30.35299999999995,30.752999999999947,0.0016640424414544677,0.028082149242201888,0.04642902930437273,0.03229325264223144,0.0,0.025296483163992814,0.3278099094511213,0.5289010723563071,0.375279706557477,0.0,-0.0004797137123978945,0.0004797137123978945,0.0008523477262691315,0.0001748959693567987,0.0,0.0064257946525973315,0.014769141612441602,0.027976071588880935,0.015845872391287413,0.0,0.006707155125981301,0.01475077407527764,0.02838394090863222,0.015827065224664382,0.0,0.11999999999416144,0.2799999999461695,0.2804254441442132,0.11833595755269977,0.2735742052937762,0.037373433176991,0.010184209430761955,0.006077063185602482,7.65832927790933e-08,1.0,0.004574250507786172,0.004886101929480183,0.00027013718727652723,0.637962962962963,0.6277777777777778,0.008735167714867247,0.4598380508532427,0.4446804321214093,0.012502324318940255,1,1,1,1
06_healthy_low_turns_p2l_v2:0073,06_healthy_low_turns_p2l_v2,30.552999999999948,30.952999999999946,0.01383240534841758,0.024774169047707423,0.041961775615821095,0.026342511388662046,0.0,0.166431156501026,0.2926442253360521,0.5300579769266225,0.3109010548537649,0.0,-0.0004247972160894703,0.0004247972160894703,0.000981691993279965,0.00025388184010525144,0.0,0.0063475454837572665,0.0131963059602996,0.027976071588880935,0.013567931470791925,0.0,0.006727108729947547,0.013264558754610856,0.02838394090863222,0.01354504092953642,0.0,0.11999999999426747,0.2799999999446693,0.280422822251842,0.10616759464584741,0.27365245446113734,0.03849262441007128,0.011729542762579693,0.007412669881798568,9.774569504825486e-08,1.0,0.00454544442099441,0.004886101929480183,0.0002601290529692078,0.6342592592592592,0.6222222222222222,0.00930544038992676,0.4583438671115234,0.4446804321214093,0.01192840450869738,1,1,1,1
06_healthy_low_turns_p2l_v2:0074,06_healthy_low_turns_p2l_v2,30.752999999999947,31.152999999999945,0.025146660914776926,0.04263333858001812,0.11008600042308013,0.04839157044484139,0.16666666666666666,0.2920857405570528,0.5067644109826774,1.2603377418493262,0.568823041674918,0.0,-0.0003435315459068361,0.00034379093393198943,0.000981691993279965,0.00025815963590173355,0.0,0.0020347790565301282,0.006237433724700157,0.014267849284392675,0.0073871360789437256,0.0,0.0023913352741336547,0.00634339962405082,0.014762497384064488,0.007424362983466373,0.0,0.11999999999438293,0.2799999999432116,0.28037279070652754,0.09485333907959444,0.2779652208869079,0.04214144798992923,0.01120864351378037,0.009434603559508193,8.7733079319962e-08,1.0,0.0044146307435886,0.004726908097213544,0.00021513172716759762,0.637037037037037,0.6222222222222222,0.012695656667409343,0.45511663930938745,0.4308897072237516,0.01479329924790988,1,1,1,1
06_healthy_low_turns_p2l_v2:0075,06_healthy_low_turns_p2l_v2,30.952999999999946,31.352999999999945,0.0003510105198202551,0.03975921193557303,0.11008600042308013,0.05042055178684036,0.14285714285714285,-0.009006645719937244,0.470578539103541,1.2603377418493262,0.5891914620444393,0.0,-0.00038461362589480296,0.0003848730139199563,0.0006957979852043605,0.00017759071467889642,0.0,0.000646119687458202,0.006288863973158833,0.013991568379833508,0.007998531444654152,0.0,0.0010439131290082718,0.006324873563090964,0.013684027603679427,0.008005978082411007,0.0,0.1199999999945156,0.2799999999417969,0.28040155961610935,0.11964898947469345,0.2793538802543607,0.038079489589795706,0.009830080995297042,0.006815993197567663,6.029738563031646e-08,1.0,0.004463890743520492,0.004769072492575361,0.000265956595490189,0.6468253968253969,0.6333333333333333,0.007186813601696385,0.45389525509889467,0.4308897072237516,0.015683448726404668,1,1,1,1
06_healthy_low_turns_p2l_v2:0076,06_healthy_low_turns_p2l_v2,31.152999999999945,31.552999999999944,-0.00940927996361651,0.022431121758719978,0.03099643806208892,0.022764357739917047,0.0,-0.11110915637658311,0.2656378934503871,0.3812515037618711,0.27166614337236583,0.0,-0.00043756967792682455,0.00043756967792682455,0.0009196479286429637,0.00019238181933359434,0.0,0.002851197034034541,0.009488001518967044,0.0236303964081766,0.011643537580273743,0.0,0.0032760851310850952,0.009397785936808067,0.023976925446584196,0.011612811751370737,0.0,0.11999999999466604,0.27999999994047886,0.28040588777708675,0.12940927995828175,0.2771488029064867,0.03616709087969337,0.010134897699864137,0.007117264966530416,8.890580357616517e-08,1.0,0.00456920586303991,0.005051336578921702,0.000325226652978467,0.6492063492063492,0.6388888888888888,0.007529232524210444,0.4757329523272821,0.44148061427536905,0.033484989351610844,1,1,1,1
06_healthy_low_turns_p2l_v2:0077,06_healthy_low_turns_p2l_v2,31.352999999999945,31.752999999999943,0.012198362365637525,0.020855940388559716,0.049175860233884414,0.023825906801115623,0.0,0.14322700056120743,0.23792784682423931,0.5576050402529228,0.270336170624819,0.0,7.29977019260919e-05,0.0006281605916830136,0.002598585460604541,0.0008969558080115175,0.0,0.0064166517584438865,0.00879881233639454,0.0236303964081766,0.010054741953421785,0.0,0.0061034686831312095,0.00855977037906605,0.023976925446584196,0.010376941027332274,0.0,0.11999999999478483,0.2799999999392378,0.2798888282325426,0.10780163762916739,0.27358334818064534,0.04123384123452383,0.011489968154946269,0.008858104177577295,9.832576225436618e-08,1.0,0.004833405379927515,0.005145982164377091,0.0002429910652227353,0.649074074074074,0.6388888888888888,0.008735167714867239,0.5198995522144166,0.475807555475813,0.028580487211607834,1,1,1,1
06_healthy_low_turns_p2l_v2:0078,06_healthy_low_turns_p2l_v2,31.552999999999944,31.952999999999943,0.01780565659796318,0.01780565659796318,0.049175860233884414,0.018283536127657714,0.0,0.1924927697939036,0.1924927697939036,0.5576050402529228,0.20110366600612148,0.0,0.005248269672437559,0.005367021709735334,0.017582010578119256,0.0057263518245446125,0.0,0.013606179786219483,0.013606179786219483,0.025894310583227997,0.008110380090395783,0.0,0.006956841785603712,0.007308873253458313,0.015781016507201984,0.0054242504466095985,0.0,0.11999999999483091,0.279999999938546,0.2745414372281531,0.10219434339687217,0.2663938201522582,0.04904672153911189,0.01209410747449183,0.00942333559751915,7.764583913919344e-08,1.0,0.005215453740741318,0.005757468543662359,0.0003446010896842581,0.6527777777777777,0.6388888888888888,0.009487917375888512,0.5554144463143139,0.510926556443137,0.027075610326643934,1,1,1,1
06_healthy_low_turns_p2l_v2:0079,06_healthy_low_turns_p2l_v2,31.752999999999943,32.15299999999994,0.012728767135193523,0.02472839915908844,0.04818971874086557,0.02721067698084029,0.0,0.1427280945340848,0.2755548573685076,0.5764398471136992,0.30698463839041823,0.0,0.016986809669157218,0.016986809669157218,0.02496017998342681,0.007859197806221796,0.0,0.023570867587504818,0.023570867587504818,0.035145293687402435,0.006246857214262972,0.0,0.004993579764445394,0.006031401446297944,0.01116321963838618,0.0051995512865520765,0.0,0.11999999999497302,0.2799999999377717,0.262764474483448,0.10727123285980762,0.2564291323501226,0.04979268494804428,0.01335316850512898,0.011262446882063275,6.525912751832409e-08,1.0,0.005091770341003761,0.005757468543662359,0.0004656301498870091,0.649074074074074,0.6277777777777778,0.012593954174755026,0.598008839349236,0.5539961723329007,0.02711875513663187,1,1,1,1
06_healthy_low_turns_p2l_v2:0080,06_healthy_low_turns_p2l_v2,31.952999999999943,32.352999999999945,0.0159008257513319,0.027900457775226817,0.04818971874086557,0.0264247750674118,0.0,0.18684159870021846,0.31966836153464123,0.5764398471136992,0.3003505299805794,0.0,0.02448305696704176,0.02448305696704176,0.025157619445993984,0.0011977767352001026,0.0,0.026893304999945855,0.026893304999945855,0.035145293687402435,0.006257421011312596,0.0,0.0020123425477960497,0.005756480728391004,0.010290590255051524,0.006376894758776282,0.0,0.1199999999952378,0.2799999999364138,0.25543415122074303,0.10409917424394745,0.2531066949362549,0.040942605773202904,0.01259099454423935,0.007986401589032455,7.754771316636669e-08,1.0,0.004685442369071566,0.005228528876203919,0.0003233914670669299,0.6444444444444445,0.6277777777777778,0.008486251286955265,0.642726587818739,0.5973913224691393,0.025858968885154873,1,1,1,1
06_healthy_low_turns_p2l_v2:0081,06_healthy_low_turns_p2l_v2,32.15299999999994,32.55299999999994,0.008242729646841487,0.018067808955079437,0.03461341606730996,0.019252257404846294,0.0,0.09460673074126985,0.20272873914887843,0.36948802630835714,0.21114656987431257,0.0,0.024892092986787268,0.024892092986787268,0.025157619445993984,0.00018661570281412233,0.0,0.023077149152044535,0.023077149152044535,0.032668403063480456,0.008111872963037899,0.0,-0.0017394562882931581,0.007791237250500478,0.01439830088566535,0.00824409273512876,0.0,0.1199999999954382,0.27999999993538605,0.25509659369536614,0.11175727034861428,0.25692285078325144,0.03376483619557667,0.00892106742889646,0.005255846608256712,8.541337644305002e-08,1.0,0.004761002721735017,0.005228528876203919,0.000306818671944799,0.6435185185185185,0.6333333333333333,0.008124967025363094,0.685849876705568,0.6617083620340735,0.020393270249157245,1,1,1,1
06_healthy_low_turns_p2l_v2:0082,06_healthy_low_turns_p2l_v2,32.35299999999994,32.752999999999936,-0.0019529323594145258,0.023220269266156158,0.04468543130768639,0.02680568942149159,0.0,-0.013119039854323514,0.26524965671134565,0.5374709127679452,0.30855708792797293,0.0,0.024873136179260395,0.024873136179260395,0.02517667588679151,0.00020035620696397984,0.0,0.023114136580894354,0.023114136580894354,0.0378783822713942,0.008988911915896316,0.0,-0.001667097203555563,0.007880360212746856,0.01439830088566535,0.009033112868540229,0.0,0.11999999999560085,0.2799999999346431,0.2551439178320941,0.12195293235503117,0.25688586335372837,0.03389777639196918,0.008474263337050468,0.004817073590877831,9.182313220631244e-08,1.0,0.004753386318587513,0.005171992859740856,0.0002812539148826341,0.6259259259259259,0.6,0.01687117329471168,0.723046323912287,0.6998945961000433,0.01761770502114745,1,1,1,1
06_healthy_low_turns_p2l_v2:0083,06_healthy_low_turns_p2l_v2,32.55299999999994,32.95299999999994,-0.0010106040100679007,0.023048583549327168,0.04468543130768639,0.02661211670695772,0.0,-0.006725875807156778,0.26439051281124737,0.5374709127679452,0.30767256355820377,0.0,0.024860561415931653,0.024860561415931653,0.02519173601097463,0.00023757878949291297,0.0,0.022996885572995642,0.022996885572995642,0.0378783822713942,0.007238761055244362,0.0,-0.0018400537462889232,0.006340162317776107,0.012985683499266681,0.007238997354815941,0.0,0.11999999999579791,0.279999999934088,0.25512022245577437,0.12101060400589007,0.25700311436102874,0.03668216229222962,0.009135945856191648,0.006615132183174416,8.297621741316919e-08,1.0,0.00477875360687802,0.005171992859740856,0.000310213723128641,0.6240740740740741,0.6,0.017470335429734463,0.7673986387594196,0.7367057228123727,0.029804004182137286,1,1,1,1
06_healthy_low_turns_p2l_v2:0084,06_healthy_low_turns_p2l_v2,32.75299999999994,33.15299999999994,-0.0034684031567086965,0.01738339900402482,0.02940449447915347,0.019434784962287295,0.0,-0.045124202509291444,0.2037376203902539,0.3567752838809303,0.22761319691389295,0.0,0.024846692576343643,0.024846692576343643,0.02519173601097463,0.0002121528532302105,0.0,0.020915867006460167,0.020915867006460167,0.03339172348650679,0.006326893713552008,0.0,-0.004027506460848156,0.006852562291502102,0.012387056817804554,0.006352357364586253,0.0,0.11999999999597444,0.2799999999335471,0.25511672661340457,0.12346840315269869,0.25908413292700716,0.037615383086582875,0.009633146905232981,0.007263880047714517,7.814905148658694e-08,1.0,0.00460841649731951,0.005046628295173032,0.0003293596393512499,0.6259259259259259,0.6055555555555555,0.013857990321384978,0.8130617484376789,0.7748093507293571,0.026982014135610213,1,1,1,1
06_healthy_low_turns_p2l_v2:0085,06_healthy_low_turns_p2l_v2,32.95299999999994,33.35299999999994,0.004009743645990514,0.016150480564661694,0.02940449447915347,0.01744711910306801,0.0,0.049632863549995236,0.19762498598919698,0.3567752838809303,0.21255580301036264,0.0,0.024862800326000713,0.024862800326000713,0.025215018869637784,0.0001855930685201151,0.0,0.028612228980525237,0.028612228980525237,0.041924271788557815,0.009591285176779403,0.0,0.0036432827527128294,0.009066215817249243,0.01715336521835839,0.009699462180484175,0.0,0.11999999999615041,0.27999999993296354,0.2551021734310811,0.11599025635016276,0.25138777095240833,0.03468730107839804,0.008465977876351897,0.005573798656833398,7.92222258813573e-08,1.0,0.0042352494473318495,0.004499173786525602,0.00014242931856194146,0.6101851851851852,0.5777777777777777,0.01739656872968144,0.8472108663356347,0.8059075842905581,0.0245799256828997,1,1,1,1
06_healthy_low_turns_p2l_v2:0086,06_healthy_low_turns_p2l_v2,33.152999999999935,33.55299999999993,-0.013223800189941686,0.02661186432330825,0.08908630086560562,0.036657778392292936,0.16666666666666666,-0.17401598888792172,0.3411680866275937,1.1722354879976937,0.47813506401961886,0.0,0.010425699969632654,0.026990120848006526,0.16529000721668569,0.04151301863165664,0.05,-0.01741871344183729,0.06190243290123865,0.23263441985878744,0.09739049866069194,0.16666666666666666,-0.013237992045018984,0.024539545405041552,0.10783335710682451,0.04287319447277517,0.16666666666666666,0.09000000000003838,0.20999999995667923,0.19600705824802944,0.09322380019468962,0.2040853800791397,1.1741564603444292,1.1245367634776038,0.0065316866609135115,7.008143054160385e-08,1.0,0.0040899343396260035,0.0043287203754036815,0.00017436401616217646,0.6046296296296295,0.5333333333333333,0.04137759809537839,0.8762734826506945,0.8436945924967277,0.02422480050584296,1,1,1,1
06_healthy_low_turns_p2l_v2:0087,06_healthy_low_turns_p2l_v2,33.35299999999994,33.752999999999936,-0.02825714081729515,0.031552003267849626,0.08908630086560562,0.030601195511593054,0.16666666666666666,-0.35782015137925344,0.4011461140986754,1.1722354879976937,0.4033762911018007,0.0,-0.0020182651587518814,0.014653311368468707,0.16529000721668569,0.038965860817129175,0.05,-0.03638748201781859,0.04713410284638617,0.23263441985878744,0.08869637224082375,0.16666666666666666,-0.01975935193634513,0.022267537612194993,0.10783335710682451,0.03976451808249268,0.16666666666666666,0.03000000000190961,0.06999999999031284,0.06855030649124341,0.051552003274468884,0.08411100118914915,1.1739616098800247,1.1275074989503489,0.0067361614612929934,5.5188476475771806e-08,1.0,0.004076819037582033,0.004391479261940772,0.00024271712472932364,0.6342592592592592,0.5333333333333333,0.04761996618749551,0.8993397253897064,0.8567315614897497,0.01954386221104144,1,1,1,1
06_healthy_low_turns_p2l_v2:0088,06_healthy_low_turns_p2l_v2,33.55299999999994,33.95299999999994,-0.00846593588705957,0.018743736756278724,0.030568038389037933,0.019817425678935265,0.0,-0.09684790354102452,0.23520365224324738,0.36727149077389937,0.2504513980641001,0.0,-2.978882914018032e-05,0.00016472463850530043,0.0004221379249365554,0.0002063281723749215,0.0,-0.0006808415586983236,0.005747943925694092,0.01199831191334736,0.007259225229726937,0.0,-0.0006884855840086776,0.0057321396609922555,0.011922645780180041,0.00722780332156902,0.0,0.0,0.0,0.00014308159594676812,0.018743736756278724,0.005747943925694092,0.012570996593983263,0.00554832306426918,0.004213483485118806,6.755407047211057e-08,1.0,0.003998408173034933,0.004391479261940772,0.00030412349853655953,0.6629629629629629,0.6555555555555556,0.004140866624999596,0.9085885729345295,0.9053359747294817,0.002810231796877404,1,1,1,1
06_healthy_low_turns_p2l_v2:0089,06_healthy_low_turns_p2l_v2,33.752999999999936,34.152999999999935,-0.001492514769878981,0.013938293584766956,0.02170857921433036,0.016182511292402117,0.0,-0.013216981385912494,0.17998097278678968,0.2795445935864357,0.20915268246645963,0.0,-8.672185067204597e-05,0.00016323541992850995,0.0003761420387759563,0.0001725035554446588,0.0,0.0010649081853187244,0.005544937337951171,0.01089003377663546,0.006568088771782197,0.0,0.0010873322593324358,0.005488168447976109,0.010929534677257501,0.0065166724008098595,0.0,0.0,0.0,0.0001357316190432161,0.013938293584766956,0.005544937337951171,0.012981037630753143,0.005893218759627592,0.004015237939420016,7.792836491163968e-08,1.0,0.003873796162306696,0.004287704507302962,0.00022568722135694704,0.6657407407407406,0.6611111111111111,0.002070433312499798,0.9086546055829096,0.9053359747294817,0.003398061944024091,1,1,1,1
06_healthy_low_turns_p2l_v2:0090,06_healthy_low_turns_p2l_v2,33.95299999999993,34.35299999999993,-0.00012891966717507088,0.010445782764730042,0.020073314971558242,0.012529522595931502,0.0,-0.0017064427225355477,0.13287461289721433,0.25578175740075537,0.15959878299581687,0.0,-5.240073933001027e-05,0.0001675375944254392,0.00039202411916961383,0.00019353901955758982,0.0,-0.0014042341205328386,0.004926235113638138,0.009282398108827401,0.005653525938994786,0.0,-0.0013644441154279981,0.004948019908361347,0.009417957546410886,0.005671511208435484,0.0,0.0,0.0,0.00014808553122974932,0.010445782764730042,0.004926235113638138,0.01351561958617797,0.006783173399840678,0.004042640934876384,6.680898115605973e-08,1.0,0.003982668893079468,0.004262051125423288,0.00018790177605971094,0.6648148148148147,0.6555555555555556,0.004140866624999596,0.9086679372736782,0.8993161283386704,0.005172058593223313,1,1,1,1
06_healthy_low_turns_p2l_v2:0091,06_healthy_low_turns_p2l_v2,34.152999999999935,34.55299999999993,-0.003292719574258082,0.015716986271776496,0.029470028909578522,0.018194794552285967,0.0,-0.04829639010447109,0.20237653621030982,0.382987278464331,0.23429922454302532,0.0,1.1199179651841393e-05,0.0001630671855028941,0.00039202411916961383,0.0001969628491086888,0.0,-0.0012884764739850548,0.00596825563966737,0.011272121487692972,0.0066778885855636365,0.0,-0.0012559114027309215,0.005974096377715996,0.01127259260253635,0.006698875588266592,0.0,0.0,0.0,0.0001584568387506107,0.015716986271776496,0.00596825563966737,0.014076507830822175,0.00698582298866941,0.004985059826609049,7.184690599938762e-08,1.0,0.003963123970173336,0.004262051125423288,0.00026149788388754445,0.6648148148148147,0.6555555555555556,0.0041408666249995955,0.9063213296109058,0.8993161283386704,0.005160991770292192,1,1,1,1
06_healthy_low_turns_p2l_v2:0092,06_healthy_low_turns_p2l_v2,34.35299999999994,34.752999999999936,-0.0045717564528396735,0.018775644634290486,0.029470028909578522,0.019545001890593945,0.0,-0.06361420473196543,0.24595670715268436,0.382987278464331,0.25486216107151793,0.0,-2.7598639206477007e-05,0.000186011629502717,0.0003579177840667408,0.00021142610400399725,0.0,9.311797460794648e-05,0.005069871815365716,0.011272121487692972,0.005969627816477103,0.0,0.00014429777038660837,0.005027791883567436,0.01127259260253635,0.005949027745846889,0.0,0.0,0.0,0.00016589029032485224,0.018775644634290486,0.005069871815365716,0.013730162596790168,0.00621830455886713,0.004299011399065044,7.88855230360042e-08,1.0,0.003821293769679662,0.004120402853663639,0.000239266257631149,0.6666666666666666,0.6666666666666666,0.0,0.9089291119009698,0.9018812299888954,0.010095183216920125,1,1,1,1
06_healthy_low_turns_p2l_v2:0093,06_healthy_low_turns_p2l_v2,34.55299999999993,34.95299999999993,0.015248731983078615,0.021966514372876823,0.0485513648461662,0.02082873472563779,0.0,0.19567304594463217,0.2842234987834072,0.6289413645238242,0.2690639222257903,0.0,-5.201648536120409e-06,0.000207224969041889,0.0005686551823122259,0.00025650571394778606,0.0,0.0027519325873679146,0.009351755829250784,0.03209421736762808,0.013745453525153883,0.0,0.0027190054473903344,0.009381662792301635,0.03205832835975012,0.013764313945215382,0.0,0.0,0.0,0.00018135876099919135,0.021966514372876823,0.009351755829250784,0.015213379571897754,0.006378870254797891,0.0034698275721760184,7.847679089820406e-08,1.0,0.0038610693182079773,0.004297679606986349,0.00027377167838779805,0.6648148148148147,0.6555555555555556,0.004140866624999596,0.9126168614897043,0.9043329491511489,0.009532218895925792,1,1,1,1
06_healthy_low_turns_p2l_v2:0094,06_healthy_low_turns_p2l_v2,34.75299999999993,35.15299999999993,0.018977778542513108,0.021161545080013656,0.0485513648461662,0.01746475825456275,0.0,0.24530215396412614,0.2738585206554857,0.6289413645238242,0.22534622287418252,0.0,-6.3494079008187226e-06,0.00022072392364212294,0.0005686551823122259,0.000265370561419593,0.0,0.00435340600502725,0.009922310820572508,0.03209421736762808,0.01347518676866947,0.0,0.004209399687988098,0.009834376952945383,0.03205832835975012,0.013486269110532212,0.0,0.0,0.0,0.0002024570293527787,0.021161545080013656,0.009922310820572508,0.014331409886550463,0.0066424056681916,0.00528463928506097,7.054090137385334e-08,1.0,0.0038958484735290458,0.004297679606986349,0.00028870679280964466,0.6648148148148147,0.6555555555555556,0.0041408666249995955,0.9103545532026556,0.9024344479684426,0.004875546399483729,1,1,1,1
06_healthy_low_turns_p2l_v2:0095,06_healthy_low_turns_p2l_v2,34.95299999999993,35.35299999999993,0.029216385614540857,0.0314001521520414,0.10891773544376765,0.037747856195410684,0.16666666666666666,0.36831054266210067,0.39686690935346025,1.3681118969794475,0.47370912306469165,0.0,-0.02039069932127029,0.0206989938678414,0.25651511360624546,0.060742361011376804,0.1,-0.0470197277411192,0.05059737211084293,0.25467780434858717,0.09365668848332609,0.16666666666666666,-0.02481749432950577,0.028175161517189212,0.12016710842978293,0.04434089765954856,0.16666666666666666,0.05939999999240775,0.13859999996732825,0.12280172486710614,0.04024133582949921,0.09351482922144778,1.0908601642781819,1.0322599685828735,0.01466951335142195,7.981997240317334e-08,1.0,0.003986472295196143,0.004344567374047955,0.0002602863174130605,0.6351851851851852,0.5111111111111111,0.056806895000659136,0.8941998265864232,0.8574927074033709,0.020794852232614923,1,1,1,1
06_healthy_low_turns_p2l_v2:0096,06_healthy_low_turns_p2l_v2,35.152999999999935,35.55299999999993,0.024579578095815614,0.037969446916362476,0.10891773544376765,0.044406060471381716,0.16666666666666666,0.30963712009415395,0.47289839609056394,1.3681118969794475,0.5539429009961755,0.0,-0.020141980963977416,0.020814569972893406,0.25651511360624546,0.060826108929072226,0.1,-0.05190893369174624,0.05566778984660805,0.25467780434858717,0.09157069229357845,0.16666666666666666,-0.029852115106933766,0.03346157671136266,0.12016710842978293,0.04233848428776337,0.16666666666666666,0.11939999998936246,0.2785999999426249,0.2629368104650514,0.09532042189334738,0.22785773290062483,1.091110214982826,1.0284872863190637,0.007910401309505221,9.700524094446521e-08,1.0,0.0041403345653753905,0.004344567374047955,0.0001696783913470259,0.5925925925925924,0.5111111111111111,0.057972132749994555,0.8648942071330882,0.8224211567394867,0.02475962493870731,1,1,1,1
06_healthy_low_turns_p2l_v2:0097,06_healthy_low_turns_p2l_v2,35.35299999999993,35.75299999999993,0.003137002499009771,0.025549254266474534,0.05158814420415926,0.02996548652019971,0.0,0.0400954701020106,0.31022194239905126,0.6179966921065481,0.3634851888598838,0.0,0.00044222972745576184,0.0004428153339916363,0.0007813273761728134,0.0002183363661261538,0.0,-0.004424627526082396,0.012636937551359176,0.01703965080906822,0.012183280699598136,0.0,-0.004879805583993739,0.012774819914430913,0.01742274128879162,0.012164346159893622,0.0,0.11999999999394773,0.27999999994976493,0.28046541752917264,0.11686299749493888,0.2755753724237584,0.03494938621420762,0.009393607220916724,0.006764472737619157,1.1616786527324403e-07,1.0,0.0043207235715828985,0.004556744044101173,0.00015366306946776076,0.5842592592592593,0.5444444444444444,0.044723276576790094,0.8378585006212945,0.797062624965128,0.024898058312320063,1,1,1,1
06_healthy_low_turns_p2l_v2:0098,06_healthy_low_turns_p2l_v2,35.552999999999926,35.952999999999925,0.006066927260548587,0.02429218966271862,0.05158814420415926,0.027824263280944596,0.0,0.0823419908924403,0.2809936370746318,0.6179966921065481,0.3209489738139378,0.0,0.0004887371842673405,0.0004887371842673405,0.0007864464777095903,0.00020611023032490088,0.0,-0.002487905503398826,0.010373231677276043,0.014304012922596365,0.010508376673894327,0.0,-0.0030293745343143164,0.010498978674619214,0.014871837913134567,0.010460157870607787,0.0,0.11999999999403099,0.27999999994815933,0.28048682578626727,0.11393307273348378,0.2775120944448141,0.03525776884182513,0.010174722583267232,0.0072860709423444164,9.005056063691529e-08,1.0,0.004599253382116679,0.00573588070519812,0.0005466071017607236,0.587962962962963,0.5333333333333333,0.042116908946459856,0.7976276137197372,0.7550559343964788,0.033810427139630436,1,1,1,1
06_healthy_low_turns_p2l_v2:0099,06_healthy_low_turns_p2l_v2,35.75299999999993,36.15299999999993,0.003583545401006895,0.012786424856259025,0.031404360624809044,0.01725151167203483,0.0,0.05067202109301888,0.14245847097457978,0.36843840034759295,0.1885354817803516,0.0,0.0005138242705839291,0.0005138242705839291,0.0008578549159144466,0.00022469706457818044,0.0,-0.010150383231398852,0.014816020902953517,0.0326857653589063,0.014801728317992691,0.0,-0.010678589878008326,0.014979280064626671,0.03319347389656582,0.014768135315899333,0.0,0.11999999999412592,0.2799999999466249,0.28048429987425033,0.11641645459311457,0.2698496167153172,0.035748543464153265,0.010498758830019146,0.007672925017982743,8.881928575397616e-08,1.0,0.004985985008931617,0.00573588070519812,0.0006448517956568303,0.5731481481481481,0.5333333333333333,0.03704860930322698,0.7606268609320385,0.6982811688639451,0.029847908819296512,1,1,1,1
06_healthy_low_turns_p2l_v2:0100,06_healthy_low_turns_p2l_v2,35.95299999999993,36.35299999999993,0.01059047461087924,0.01059047461087924,0.037140778926130824,0.013119064380652919,0.0,0.1158788650651621,0.1158788650651621,0.39986135066370987,0.14171092623631942,0.0,0.0004691146753159986,0.0004691146753159986,0.0008578549159144466,0.00018220248319567186,0.0,-0.014049513362640037,0.015283278730732463,0.0326857653589063,0.013686072253252609,0.0,-0.014460617133792575,0.015577255906114302,0.03319347389656582,0.013760560557858724,0.0,0.11999999999423194,0.27999999994512464,0.28042883169945687,0.10940952538333217,0.26595048658258996,0.03333819029836238,0.009587341231089456,0.005402015490865959,1.0877064438596423e-07,1.0,0.005051515202263102,0.005540992024394735,0.00037844936908875516,0.5722222222222222,0.5388888888888889,0.037405573845785474,0.7220757263751366,0.6800450666388668,0.04085835389835691,1,1,1,1
06_healthy_low_turns_p2l_v2:0101,06_healthy_low_turns_p2l_v2,36.15299999999993,36.552999999999926,0.012915995575039203,0.01712833503097135,0.037140778926130824,0.0163369657038962,0.0,0.15062586872237424,0.19625247259633402,0.39986135066370987,0.18153645554461503,0.0,0.00041223602853683594,0.0004210792034738925,0.0009080981434912982,0.00020995163202044338,0.0,-0.0020129286873335392,0.008880545406881926,0.02601069705967668,0.012412416311785756,0.0,-0.0024086905327872776,0.008864783481041832,0.02654255403913164,0.012449079644469781,0.0,0.11999999999435185,0.27999999994364433,0.2803914433268683,0.10708400441929801,0.2779870712564694,0.03249924513481865,0.0082634160755605,0.004763058701987698,8.32305456834323e-08,1.0,0.004635225554993443,0.005166355908938279,0.0004883191226504992,0.6,0.5388888888888889,0.032075014954979206,0.6787652857398735,0.6322723397424465,0.025303217278471034,1,1,1,1
06_healthy_low_turns_p2l_v2:0102,06_healthy_low_turns_p2l_v2,36.35299999999992,36.75299999999992,0.019561413067356665,0.02377375252328881,0.05836122559259989,0.02297837192758606,0.0,0.2359789644318118,0.28160556830577155,0.705440758055858,0.269915064806176,0.0,0.0004018700591357366,0.00041071323407279315,0.0009080981434912982,0.00021807995943619877,0.0,-0.00038513653452289703,0.007252753254071283,0.01771111098787176,0.009713032211317574,0.0,-0.0008238662401634048,0.00727995918841796,0.018394930762330508,0.00981017670143393,0.0,0.11999999999448341,0.279999999942241,0.28039495881637794,0.10043858692713081,0.2796148634078642,0.034220866229311954,0.008921750980790474,0.006493783497767707,6.62160538614535e-08,1.0,0.00435629995912143,0.005122277060200675,0.0005678784212319904,0.6148148148148148,0.5944444444444444,0.01269565666740934,0.6443174676561079,0.6194494464105825,0.027781470478055733,1,1,1,1
06_healthy_low_turns_p2l_v2:0103,06_healthy_low_turns_p2l_v2,36.552999999999926,36.952999999999925,0.017940837075346067,0.02383659177309704,0.05836122559259989,0.02380433274514868,0.0,0.21450876314706213,0.2791630151226426,0.705440758055858,0.2787809743863711,0.0,0.0003890581750334521,0.00039572825844474415,0.0007788578083532949,0.00019090537511503534,0.0,-0.006857586476147731,0.006857586476147731,0.01771111098787176,0.006361569456826119,0.0,-0.007239992475662788,0.007239992475662788,0.018394930762330508,0.006474219809646275,0.0,0.11999999999461497,0.2799999999408831,0.2804127327243863,0.10205916291926585,0.27314241346484214,0.03596038572403561,0.010492646892493573,0.007647361107295289,6.662493088086154e-08,1.0,0.004447922943223045,0.005033091109722776,0.0005027219275658588,0.6,0.5333333333333333,0.03255258487267953,0.6087706454959295,0.5912597927515384,0.015402299003628597,1,1,1,1
06_healthy_low_turns_p2l_v2:0104,06_healthy_low_turns_p2l_v2,36.75299999999993,37.15299999999993,0.009366213877486559,0.0184153641719699,0.04111712037518778,0.019064962028959014,0.0,0.11014602113439403,0.20932291185413865,0.46804104170754135,0.2157532566456302,0.0,0.00028689402617763373,0.0003566169123333768,0.0009116675077405767,0.0003181126957803576,0.0,-0.008665803941260153,0.008665803941260153,0.017591800193205664,0.005523875461661384,0.0,-0.008931717390567029,0.008931717390567029,0.017786087905859116,0.005513869230201505,0.0,0.11999999999475097,0.27999999993954805,0.2803191543474598,0.11063378611725035,0.2713341959984283,0.03865772937894112,0.010939808321899698,0.00620538626713012,8.390854005505025e-08,1.0,0.004845964466431872,0.0055435947431782834,0.0004388687281094379,0.5833333333333333,0.5333333333333333,0.034396621520382795,0.5629421746674672,0.5269870520754301,0.031145251497835334,1,1,1,1
06_healthy_low_turns_p2l_v2:0105,06_healthy_low_turns_p2l_v2,36.952999999999925,37.35299999999992,-0.016483931787992335,0.03951841803837777,0.1001653753196146,0.048312753496261615,0.16666666666666666,-0.1984366004820981,0.45172763251689335,1.1731907571399132,0.5581331743254332,0.0,0.008848230053924095,0.010904760130061402,0.19428627378669977,0.04258193335793854,0.05,0.034346704166890195,0.053523529809247405,0.2636107019284128,0.1025839046555875,0.16666666666666666,0.02615542545270923,0.04391662862515076,0.21021616223357997,0.08239768653201218,0.16666666666666666,0.09599999999898412,0.22399999996031586,0.2293307878299491,0.11648393178855854,0.26768003746470254,1.193001498727332,1.1402100742215002,0.00960578488626352,1.0160437622465664e-07,1.0,0.004984963040060432,0.0055435947431782834,0.0003523027744618542,0.562962962962963,0.5222222222222223,0.03694432841344444,0.51506684452561,0.48032003517013183,0.019882515113808185,1,1,1,1
06_healthy_low_turns_p2l_v2:0106,06_healthy_low_turns_p2l_v2,37.15299999999992,37.55299999999992,-0.0253040792964912,0.04880805436816237,0.1001653753196146,0.04998131486584069,0.16666666666666666,-0.30414712303385066,0.5931852837850078,1.1731907571399132,0.6006180414847471,0.0,0.008752548337055173,0.010789653046962375,0.19428627378669977,0.042600806830552215,0.05,0.04048800679849709,0.04889273590510754,0.2636107019284128,0.09996246635383811,0.16666666666666666,0.03242371263850371,0.03923905255211101,0.21021616223357997,0.07967769686435451,0.16666666666666666,0.03600000000157255,0.08399999999086348,0.08928485081100855,0.08304260012629087,0.13430356830983872,1.192707768391357,1.14395806989983,0.009788544664214808,9.365424486426023e-08,1.0,0.004293363491734789,0.005314972802674871,0.0006368394209951666,0.5981481481481481,0.5222222222222223,0.05937488719215331,0.49031305133818703,0.48032003517013183,0.011858476575029513,1,1,1,1
06_healthy_low_turns_p2l_v2:0107,06_healthy_low_turns_p2l_v2,37.35299999999992,37.75299999999992,0.001846316591976197,0.023109496026992037,0.05321556247992206,0.029878961392237873,0.0,0.020762167176421657,0.30245297974045277,0.6846433305450397,0.3878611824083453,0.0,9.457918159961427e-06,0.0001607482732162273,0.0005151805554311959,0.000215096442115216,0.0,0.0011062533408659452,0.0015884815239382048,0.0025624642963548608,0.0014151840777108504,0.0,0.001108196813238825,0.00168023781522537,0.0026127387769974537,0.0015114464718487364,0.0,0.0,0.0,0.00013410666340406174,0.023109496026992037,0.0015884815239382048,0.013225789497991067,0.006516964294389705,0.003782597816662977,7.553256906765013e-08,1.0,0.003777235777348179,0.0040379419333062645,0.00024051458974382153,0.6546296296296296,0.6444444444444445,0.005928818738363728,0.4840337004809268,0.4806696009564206,0.00215032734491399,1,1,1,1
06_healthy_low_turns_p2l_v2:0108,06_healthy_low_turns_p2l_v2,37.552999999999926,37.952999999999925,-0.007101818735467113,0.01328806884317644,0.0499474407994681,0.019387636689574973,0.0,-0.09456508199782024,0.17599425634227267,0.6690533564525654,0.2590572942339665,0.0,3.602995703655477e-05,0.0001974389764036675,0.0006313715006888543,0.0002463528247442683,0.0,0.0005214110964536282,0.00201786467289422,0.003308537459210391,0.0022036640591656365,0.0,0.00047849852486609297,0.002089134500918003,0.0033693457721642303,0.0022779883999281864,0.0,0.0,0.0,0.00015386780585264858,0.01328806884317644,0.00201786467289422,0.015082108599996988,0.008072086992646619,0.004766060872636358,6.086315220609173e-08,1.0,0.0038837010702213255,0.004386470203736052,0.0002781586757506596,0.6563492063492063,0.65,0.00549857399228213,0.4846501485486881,0.4829542962450429,0.0015025893156382238,1,1,1,1
06_healthy_low_turns_p2l_v2:0109,06_healthy_low_turns_p2l_v2,37.75299999999992,38.15299999999992,-0.006148883202051825,0.014241004376591728,0.0499474407994681,0.019773390804115814,0.0,-0.08348373300937555,0.18707560533071738,0.6690533564525654,0.2628768100486855,0.0,7.207181006207262e-05,0.00013994664657967815,0.0006313715006888543,0.00018497065707878674,0.0,0.002120375967667444,0.0036168295441080353,0.008159222839982239,0.0036610549573552515,0.0,0.002049828996804862,0.003634211542201698,0.008095960594661658,0.003700601575796091,0.0,0.0,0.0,0.0001390054383599691,0.014241004376591728,0.0036168295441080353,0.015448535615154543,0.008278069835010308,0.005862824939487792,5.7733254091307094e-08,1.0,0.003933122273255824,0.004386470203736052,0.00026423527009659237,0.6603174603174603,0.65,0.00624921259842205,0.48338786050194166,0.4795030409940207,0.0019272749239497419,1,1,1,1
06_healthy_low_turns_p2l_v2:0110,06_healthy_low_turns_p2l_v2,37.95299999999992,38.352999999999916,-0.0027930746355958164,0.012233882672559038,0.0272940884414031,0.01440192683253975,0.0,-0.040948363473499505,0.16180554784839826,0.38085570463186125,0.19300539903933878,0.0,1.2586237071973673e-05,0.00010119159636868514,0.00031376911029535676,0.00012910493085188613,0.0,0.0012209030260808818,0.0036942411440884786,0.008159222839982239,0.0045114233807416245,0.0,0.0011112003503782818,0.0037223319307573776,0.008095960594661658,0.004533817169263669,0.0,0.0,0.0,0.00011929692762066174,0.012233882672559038,0.0036942411440884786,0.014177470721214721,0.006676163674499945,0.004960227315666391,8.821928259538168e-08,1.0,0.0038122118657904075,0.00412770573994634,0.00024407789153552074,0.6648148148148147,0.6611111111111111,0.0026189140043946114,0.480876452091074,0.4769182748305027,0.003054607849002674,1,1,1,1
06_healthy_low_turns_p2l_v2:0111,06_healthy_low_turns_p2l_v2,38.15299999999992,38.55299999999992,-0.0025605668762450455,0.016154356011409538,0.04078136740549348,0.02110718737273419,0.0,-0.030240988873341812,0.22248619846323833,0.5767356287696895,0.2951675265793313,0.0,-0.00010650611304582921,0.00016440021306669757,0.0007244595287306118,0.00021406367720166013,0.0,-0.0007761652328902965,0.003036815947009011,0.006781952142356145,0.003908514552471684,0.0,-0.0007644133021750213,0.003058102064249031,0.0068810662862220295,0.0039052516346741997,0.0,0.0,0.0,0.00016119243501121373,0.016154356011409538,0.003036815947009011,0.014445776108893643,0.007579563667302929,0.003697180451463413,1.0659944267511619e-07,1.0,0.0035651255459718985,0.004019975154174601,0.00027109329696876905,0.6638888888888889,0.6611111111111111,0.002777777777777768,0.48187827533407096,0.4769182748305027,0.004969497437180694,1,1,1,1
06_healthy_low_turns_p2l_v2:0112,06_healthy_low_turns_p2l_v2,38.35299999999992,38.75299999999992,0.00666413184827628,0.011554151892153586,0.04078136740549348,0.016555278274290694,0.0,0.09345376852426164,0.15859660364031128,0.5767356287696895,0.23183025599876633,0.0,-0.0001030292811823174,0.00019573258022626436,0.0007244595287306118,0.0002413612521796361,0.0,0.0012302959341850509,0.003938832728077065,0.008725433844430204,0.004798208454938998,0.0,0.0013418964639351865,0.003933328236403996,0.008944607814795516,0.004803769360410332,0.0,0.0,0.0,0.00016902288724589962,0.011554151892153586,0.003938832728077065,0.013003007165372527,0.006682516686935095,0.004443237943398074,8.83497643993756e-08,1.0,0.0036474492627560882,0.004057348017862664,0.0002931576858946581,0.6611111111111111,0.6555555555555556,0.00320750149549791,0.48318863267557216,0.4805661166454578,0.004073825879879367,1,1,1,1
06_healthy_low_turns_p2l_v2:0113,06_healthy_low_turns_p2l_v2,38.55299999999992,38.95299999999992,-0.004226162676987688,0.014113542803467447,0.03745386318728244,0.01791255228950925,0.0,-0.05261142478702543,0.1805338226899873,0.474295929668058,0.22844886094604758,0.0,-1.1688547996533798e-06,0.00017224899363991718,0.0005809376581714431,0.00021880754491026392,0.0,-0.0016219750048668514,0.005236440201812162,0.008725433844430204,0.005933798810319312,0.0,-0.0016764728428939656,0.0053266450380987,0.008944607814795516,0.006058652306699997,0.0,0.0,0.0,0.00015863711280686887,0.014113542803467447,0.005236440201812162,0.012767667269384183,0.005413780404972942,0.003963355708577785,7.926143297774533e-08,1.0,0.0039020265199104644,0.004057348017862664,0.00015054997391394256,0.662037037037037,0.6555555555555556,0.003817690394090413,0.4829569690071207,0.48065850801422755,0.0029044381462068366,1,1,1,1
06_healthy_low_turns_p2l_v2:0114,06_healthy_low_turns_p2l_v2,38.752999999999915,39.15299999999991,-0.003639963848597206,0.013957463061206238,0.03745386318728244,0.017818905742239505,0.0,-0.04392005369711834,0.18019411086466253,0.474295929668058,0.22817176896165325,0.0,1.710134062880536e-05,0.0001488334144638498,0.0005809376581714431,0.00018565814266525353,0.0,-0.0016660818446483825,0.007065581352036775,0.009726425166019344,0.007299660668682464,0.0,-0.0017536072898837317,0.0070914397039206975,0.009665931297706844,0.00732836626061554,0.0,0.0,0.0,0.00015442927780745958,0.013957463061206238,0.007065581352036775,0.01465575097985795,0.0060775658176606875,0.0038869478333879073,6.294601975761195e-08,1.0,0.003789460776780818,0.0040340161830318255,0.0001682862126757386,0.662037037037037,0.6555555555555556,0.003817690394090413,0.48076996569439134,0.46877211471695324,0.007118886181536494,1,1,1,1
06_healthy_low_turns_p2l_v2:0115,06_healthy_low_turns_p2l_v2,38.95299999999992,39.352999999999916,-0.0037169151605461735,0.011561131887605963,0.039717055604174996,0.01695426087024933,0.0,-0.049104885073412645,0.15671265137941937,0.53739700740363,0.2298909449537551,0.0,-4.724586263500051e-05,0.00014474277617855465,0.00038273973638725054,0.00016278829596156437,0.0,-0.0004831176920179167,0.005176629950604401,0.009726425166019344,0.006282230664868225,0.0,-0.00047191136659540815,0.005141107523692809,0.009665931297706844,0.0062944277621972385,0.0,0.0,0.0,0.00017151319281330304,0.011561131887605963,0.005176629950604401,0.016756509820116117,0.007598223739544975,0.005572188119016664,6.200374227116711e-08,1.0,0.0035965409457509364,0.003852780371748526,0.00018143281337424885,0.6583333333333333,0.6444444444444445,0.006990587440065484,0.4788113286724746,0.46877211471695324,0.0061100382229780535,1,1,1,1
06_healthy_low_turns_p2l_v2:0116,06_healthy_low_turns_p2l_v2,39.15299999999992,39.55299999999992,-0.013935299874256403,0.017246272931436577,0.039717055604174996,0.017612586115747564,0.0,-0.18248772220376852,0.2281265730327098,0.53739700740363,0.2333107742472815,0.0,-2.9926347177158175e-05,0.00013966919043388454,0.00038273973638725054,0.00016927032827309245,0.0,-0.001266340244063468,0.0024778982595016577,0.006461736734696218,0.003109544742831768,0.0,-0.0011838499075279198,0.0025207874145350725,0.006681687559699679,0.003243352289060585,0.0,0.0,0.0,0.00018145908255647365,0.017246272931436577,0.0024778982595016577,0.01613293314798796,0.007782355579602904,0.006360936302041936,9.357080402288281e-08,1.0,0.0037985974248077627,0.004475910615539848,0.0004095875366568354,0.6592592592592592,0.6444444444444445,0.007635380788180826,0.4807232573938818,0.47737691387336856,0.0023944959265989494,1,1,1,1
06_healthy_low_turns_p2l_v2:0117,06_healthy_low_turns_p2l_v2,39.352999999999916,39.752999999999915,-0.0058190859945474955,0.015512835104237706,0.03317892571851688,0.017667433836063205,0.0,-0.06848990588122385,0.20266095527118408,0.41449853876170084,0.23198780798868388,0.0,3.411166313922063e-05,0.00012117738520850903,0.00027560427996493214,0.00014515752201521776,0.0,0.0006068035976298218,0.0023046660132237276,0.004398755829876179,0.002720743994860663,0.0,0.0006550985934163433,0.0023206492925086698,0.004166764868974689,0.0026834056893867034,0.0,0.0,0.0,0.00014806167381395543,0.015512835104237706,0.0023046660132237276,0.013878690534242639,0.006118964619623628,0.005952331433626631,1.0412205364940577e-07,1.0,0.003881854181608555,0.004475910615539848,0.00047173069454891525,0.6611111111111111,0.6555555555555556,0.004536092116265129,0.48087144669181586,0.47832627948650075,0.0019292980680622315,1,1,1,1
06_healthy_low_turns_p2l_v2:0118,06_healthy_low_turns_p2l_v2,39.55299999999991,39.95299999999991,0.0006544516717362196,0.013639006080112911,0.021464800982817445,0.01460319975012642,0.0,0.01704461198213893,0.18253903491029208,0.3035581266353977,0.1961937720448175,0.0,5.527003301539045e-05,0.00018937293713322387,0.00038371676932484996,0.00021971737702146106,0.0,0.0007863832826023542,0.002061523431430246,0.004398755829876179,0.002385618597269823,0.0,0.0007401339764891674,0.0020350728656705814,0.004166764868974689,0.0023449876460322,0.0,0.0,0.0,0.00017428144710879642,0.013639006080112911,0.002061523431430246,0.014121315912899807,0.005274833688726111,0.0035013089938529633,7.847571047900249e-08,1.0,0.003665603692688929,0.00433219762082511,0.00038882392075152906,0.6611111111111111,0.6555555555555556,0.00320750149549791,0.4809521214687045,0.47301969599370336,0.004346963085197888,1,1,1,1
06_healthy_low_turns_p2l_v2:0119,06_healthy_low_turns_p2l_v2,39.752999999999915,40.15299999999991,-0.003046143203067387,0.019829765779360492,0.04457992206470897,0.023886144583523138,0.0,-0.0428128301640088,0.2647820081446836,0.6069481246894963,0.3197573946688934,0.0,2.1044436525834083e-05,0.0002128879405326673,0.0004675564958177159,0.0002570434506251372,0.0,-0.0006708648504247529,0.0018188599690419933,0.0030434913733172198,0.0019430630882841307,0.0,-0.0006889555618216937,0.001825352025063582,0.0030137089751920607,0.001963418847786979,0.0,0.0,0.0,0.00017235089105824825,0.019829765779360492,0.0018188599690419933,0.015295628727243464,0.006191808115945628,0.003482286521535867,6.31105475628922e-08,1.0,0.003701127095947377,0.003943560105976096,0.00023406453530354213,0.6611111111111111,0.6555555555555556,0.00320750149549791,0.4810178421426709,0.47301969599370336,0.004303174863278897,1,1,1,1
06_healthy_low_turns_p2l_v2:0120,06_healthy_low_turns_p2l_v2,39.95299999999992,40.352999999999916,0.02407484568567389,0.038934819707243544,0.10662977247134678,0.04491138418951669,0.16666666666666666,0.2856572120662216,0.48797325362938704,1.27943592570284,0.5585225982056339,0.0,0.0016782654513581893,0.0018282359514672241,0.027657351812297025,0.006097472393676125,0.0,0.0028047791666274287,0.004390593669910933,0.012994207289316478,0.0057080444573415975,0.0,0.002732473921357828,0.004303797787143628,0.012925359026514528,0.00569892832358216,0.0,0.07199999999133733,7.654845418505245e-12,0.0014061001966458988,0.06258769822122676,0.004390593678678848,1.4544280357882413,1.3951735615347294,0.006495977678392589,6.095855503347446e-08,1.0,0.004022530054535306,0.0044006520197011215,0.0002676356444459334,0.6537037037037037,0.6333333333333333,0.01047565601757848,0.48106715075961537,0.4738702981350729,0.005657501533344802,1,1,1,1
06_healthy_low_turns_p2l_v2:0121,06_healthy_low_turns_p2l_v2,40.15299999999991,40.55299999999991,0.03796535167711556,0.03796535167711556,0.10662977247134678,0.03471065468623166,0.16666666666666666,0.47494679510764665,0.47494679510764665,1.27943592570284,0.4200758345486133,0.0,0.0017751754716479596,0.0018434849976753942,0.027657351812297025,0.00607084195552486,0.0,0.004510454919346413,0.0065890987670642436,0.012994207289316478,0.0065611820688263826,0.0,0.004349406490300976,0.006525128597881063,0.012925359026514528,0.006624977276559578,0.0,0.14699999998840918,1.72198437845066e-11,0.0014502836774227975,0.1120346483142378,0.006589098779020492,1.4544232166693436,1.3953189580555405,0.006894281515132579,6.586636303300768e-08,1.0,0.004017477243413261,0.0044006520197011215,0.0002503447658262382,0.6472222222222221,0.6333333333333333,0.008333333333333354,0.4825193714464146,0.4738702981350729,0.006731715384536165,1,1,1,1
06_healthy_low_turns_p2l_v2:0122,06_healthy_low_turns_p2l_v2,40.35299999999991,40.75299999999991,0.01081704824510077,0.01748780198178122,0.05505254529726915,0.02232757267877881,0.0,0.14380681480506988,0.2350985653850862,0.7369715382125018,0.300124812647263,0.0,0.00016362295314008158,0.0002427117178444186,0.0006039048719330107,0.0002558072422779589,0.0,0.0008996447614557572,0.004271642261377463,0.010258910845836806,0.00526770362509851,0.0,0.0008457248736053521,0.0043404730997268735,0.01005959859840885,0.005297990080909348,0.0,0.1499999999941437,1.91299967320027e-11,0.0002215929218886201,0.13918295174904294,0.004271642261377463,0.015182657919491714,0.006879092631794523,0.0041538155790895315,8.083158596231507e-08,1.0,0.0035969572416524025,0.0038900210372956254,0.00021293417099290738,0.6601851851851851,0.6388888888888888,0.01338595582851943,0.4848200391834956,0.47916646925715406,0.004237538411435009,1,1,1,1
06_healthy_low_turns_p2l_v2:0123,06_healthy_low_turns_p2l_v2,40.55299999999991,40.95299999999991,-0.007760589358250645,0.011481857711199814,0.02001226121004135,0.011414298998802514,0.0,-0.10534093591335214,0.15761451746781296,0.273875251740049,0.15670620423533824,0.0,9.341509953109453e-05,0.00021253146544035478,0.0006039048719330107,0.0002546667527317624,0.0,-0.0021215059999675234,0.0034191582566859406,0.00960747453393461,0.004087283014965784,0.0,-0.0021118175164454816,0.003459752110097124,0.00967219182962446,0.0041434491435274326,0.0,0.1499999999941437,1.91299967320027e-11,0.00018182822612398256,0.15776058935239437,0.0034191582503092753,0.014295219415049404,0.006268575214170316,0.0039589183528216795,8.755175737114953e-08,1.0,0.003443533593239715,0.0036403232847160506,0.00010527272573646674,0.675925925925926,0.6666666666666666,0.005237828008789255,0.4862664424024044,0.4772588465620876,0.0049138046513225635,1,1,1,1
06_healthy_low_turns_p2l_v2:0124,06_healthy_low_turns_p2l_v2,40.752999999999915,41.15299999999991,-0.00287857042352771,0.015999619126476405,0.02374544190863126,0.017222646802762365,0.0,-0.038954829005294615,0.2192018247701828,0.3203017197227695,0.23549918193076938,0.0,7.754428167197538e-05,0.00018261509985850036,0.0004603621891989437,0.00021418176188213502,0.0,-0.002292407419249458,0.004546363092639044,0.00960747453393461,0.005196085068188656,0.0,-0.0023254395361247807,0.004585475711021239,0.00967219182962446,0.005269300293825603,0.0,0.1499999999941437,1.91299967320027e-11,0.00017349128569205848,0.15287857041767142,0.004546363092639044,0.013469730501230773,0.005069463066431275,0.0036219008913193403,7.496954849071662e-08,1.0,0.0034799946668602993,0.0036403232847160506,0.00011782064360588245,0.6768518518518518,0.6666666666666666,0.00592881873836376,0.48418395900187106,0.4772588465620876,0.005218737847164652,1,1,1,1
06_healthy_low_turns_p2l_v2:0125,06_healthy_low_turns_p2l_v2,40.95299999999991,41.35299999999991,0.011285919933893442,0.021534210827761375,0.03993399346146505,0.020425750129344954,0.0,0.14883372081700907,0.2909240463891435,0.5262316142665867,0.2750763670959715,0.0,9.708029201114295e-05,0.00020978070318042569,0.0005495578525305328,0.0002405760050780688,0.0,-0.0002010807276477634,0.005472651376829303,0.009246816591114468,0.006042057657418476,0.0,-0.00028812147125208365,0.005582517557504957,0.00963680186883657,0.0061983898153957235,0.0,0.1499999999941437,1.91299967320027e-11,0.00017125439385330758,0.13871408006025027,0.00547265138320597,0.01467792070198257,0.004947525113626539,0.0036866180799886156,5.824265438673075e-08,1.0,0.003547783899926793,0.0037735688780174805,0.0001887592250738273,0.6824074074074075,0.6666666666666666,0.011748682907823615,0.48074866391613513,0.4754122055927655,0.002985542483396949,1,1,1,1
06_healthy_low_turns_p2l_v2:0126,06_healthy_low_turns_p2l_v2,41.152999999999906,41.552999999999905,0.019156561559963783,0.023098356236597613,0.055724642844242625,0.022885744231178617,0.0,0.25407714183571434,0.30967451643352006,0.7440545247329502,0.30609121075758755,0.0,9.368710336183778e-05,0.00021329242237298966,0.0005495578525305328,0.00023284593488815016,0.0,0.0031187636630662274,0.006201035860104384,0.009649957577490292,0.006030856897822573,0.0,0.002919812377712409,0.0061320796673246,0.00963680186883657,0.006092685164549503,0.0,0.1499999999941437,1.91299967320027e-11,0.0001657039050057083,0.13084343843417992,0.006201035872857715,0.015618750423102736,0.005889207107962036,0.004414345313314479,8.035605213896095e-08,1.0,0.003600330432059807,0.0037954922567510975,0.00022101865852865824,0.6925925925925926,0.6777777777777778,0.009442628728875519,0.4742494191730646,0.45877139656654553,0.007704084191547024,1,1,1,1
06_healthy_low_turns_p2l_v2:0127,06_healthy_low_turns_p2l_v2,41.35299999999991,41.75299999999991,0.01203227964948387,0.0180171946165831,0.055724642844242625,0.022524030357310848,0.0,0.16384114876852302,0.24635484562430662,0.7440545247329502,0.30299300358518216,0.0,0.0001549469207498796,0.0002257112271571025,0.0005513905040522666,0.00020945694043498171,0.0,0.004714354769985702,0.004714354769985702,0.009649957577490292,0.0028040116480691525,0.0,0.004495138463348264,0.004495138463348264,0.009471467133836665,0.002764442601840866,0.0,0.1499999999941437,1.91299967320027e-11,0.0001978290589239844,0.13796772034465984,0.0047143547891156995,0.013694629612915801,0.006340751993855112,0.004526727933681084,8.042230663624422e-08,1.0,0.003427227816526618,0.0037954922567510975,0.00025394054794143254,0.7000000000000001,0.6833333333333333,0.009072184232530303,0.4715757109658803,0.45877139656654553,0.0068345369586003185,1,1,1,1
06_healthy_low_turns_p2l_v2:0128,06_healthy_low_turns_p2l_v2,41.55299999999991,41.95299999999991,0.005558427671497959,0.011543342638597192,0.027484381399101587,0.014382913114418751,0.0,0.07418652525000319,0.1567002221057868,0.3575236867188578,0.1939894459711068,0.0,0.00016491290805859736,0.0001958564867148392,0.0005513905040522666,0.00017985442279114095,0.0,0.0024422903920048276,0.0032295747826127518,0.005848160559634381,0.002539605305675205,0.0,0.0022304294982273673,0.003138085684707971,0.005585373426615789,0.0025658704607666176,0.0,0.1499999999941437,1.91299967320027e-11,0.0001909781793904092,0.14444157232264573,0.003229574795366083,0.013404067700620066,0.006666866179462648,0.0041206408666569746,7.761912688135652e-08,1.0,0.003539839841009364,0.004047297912336145,0.0003317964341034115,0.6935185185185185,0.6666666666666666,0.01484372179803835,0.47511152232856074,0.4675854265418733,0.006435229126677888,1,1,1,1
06_healthy_low_turns_p2l_v2:0129,06_healthy_low_turns_p2l_v2,41.75299999999991,42.152999999999906,0.005115376835684343,0.016578441864981273,0.03625706075634651,0.020446721193178058,0.0,0.0627277699671655,0.2152011663027066,0.4589918894368249,0.26465123938187085,0.0,0.00015461168865288732,0.00019631053276600183,0.00037281202797596327,0.00016589335631846412,0.0,0.001617946319799005,0.0034651836085514295,0.007705007490249285,0.003979557901000315,0.0,0.0013896390408537436,0.0034901592853271352,0.0074520838087844266,0.0039697606148602965,0.0,0.1499999999941437,1.91299967320027e-11,0.00020419268230969538,0.14488462315845937,0.0034651836085514295,0.015004727466180737,0.007551847675711796,0.004151675556098949,7.492273760475355e-08,1.0,0.0038112403717231944,0.004047297912336145,0.0001899888602965711,0.687962962962963,0.6666666666666666,0.01338595582851942,0.48797159789181715,0.4708593495227843,0.014304374390123985,1,1,1,1
06_healthy_low_turns_p2l_v2:0130,06_healthy_low_turns_p2l_v2,41.9529999999999,42.3529999999999,0.00720604946000124,0.023741147881207448,0.05658453126727955,0.028634005925112102,0.0,0.08391723087768486,0.30466360049150004,0.7067506046707297,0.3639111944515422,0.0,0.00013306732663844002,0.0002193612305463433,0.0003572321316584339,0.0001961501902196473,0.0,0.002245915755059225,0.0033058686532037255,0.008222905202733662,0.004200824163656988,0.0,0.0021019058355307087,0.0033729454247235294,0.008162625339793065,0.004199100539325759,0.0,0.1499999999941437,1.91299967320027e-11,0.0002148130472540579,0.14279395053414246,0.0033058686595803907,0.014190272379941776,0.006377989100952964,0.00393366478214658,6.188074414969565e-08,1.0,0.0037888757686343672,0.004127018770114169,0.0002661797139041424,0.700925925925926,0.6833333333333333,0.012593954174755048,0.49637153613593216,0.48792468978679565,0.007357718671269399,1,1,1,1
06_healthy_low_turns_p2l_v2:0131,06_healthy_low_turns_p2l_v2,42.152999999999906,42.552999999999905,0.009970029071289825,0.0238999050581494,0.05658453126727955,0.027895409648164685,0.0,0.11459265303329987,0.30680602362496473,0.7067506046707297,0.35671990572609485,0.0,8.756356506254588e-05,0.00019649102255546344,0.000328770832256509,0.00019689754974611332,0.0,0.0015764863978010725,0.00302600806430248,0.008222905202733662,0.0037857340977221258,0.0,0.001518388047516927,0.003137152735834319,0.008162625339793065,0.0038548727043432483,0.0,0.1499999999941437,1.91299967320027e-11,0.0001810662287211763,0.14002997092285388,0.003026008077055811,0.01330957868549317,0.0053798583599356155,0.0031230294751251443,6.94440886864959e-08,1.0,0.003779714702040953,0.004411409300649203,0.0003965743558136337,0.7000000000000001,0.6833333333333333,0.011111111111111118,0.497247587121445,0.4890091403648431,0.006962815145793578,1,1,1,1
06_healthy_low_turns_p2l_v2:0132,06_healthy_low_turns_p2l_v2,42.35299999999991,42.75299999999991,-0.004906482514959486,0.020761809423651727,0.04345214754917738,0.024973398700884664,0.0,-0.07966423822324842,0.27745639992959376,0.6077543387275788,0.33223670743686107,0.0,0.0005126968675400537,0.0006001946796889519,0.008627960775879134,0.0018721213532632295,0.0,-0.00022577286445866804,0.0018448187483823652,0.004348564999504223,0.0024110791633731275,0.0,-0.00026047637103802365,0.0019251938303965074,0.004621767471352078,0.002506699551934877,0.0,0.11250000000068816,1.451830109125205e-11,0.0005887614171133954,0.12990648251007925,0.0018448187451940322,1.6652481102122325,1.5987233117782882,0.005478122384186235,1.3895177506385816e-05,1.0,0.0036408220184521254,0.004411409300649203,0.00038232375003498367,0.6990740740740741,0.6833333333333333,0.009842727604383934,0.49744302254284495,0.4834015078749658,0.008595825459743358,1,1,1,1
06_healthy_low_turns_p2l_v2:0133,06_healthy_low_turns_p2l_v2,42.552999999999905,42.9529999999999,-0.012360326221808146,0.019963908159880365,0.04345214754917738,0.0213477722019292,0.0,-0.16587392911362647,0.26500603104309167,0.6077543387275788,0.2870579389977412,0.0,0.0004749758901430188,0.0006017473703121779,0.008627960775879134,0.0018832413845859379,0.0,0.0008644611210301179,0.0019502290615834087,0.005713542998580869,0.002579349994101451,0.0,0.0007747026807729214,0.001916017038238841,0.005359541024339131,0.0024883927606251573,0.0,0.03750000000361631,4.953302725250699e-12,0.000586817206726438,0.06911700495624873,0.001950229055206743,1.6652458342607819,1.5986800252237983,0.0052306561233019825,1.390408984437963e-05,1.0,0.0037356927487136207,0.004103223355351061,0.00029911981554797863,0.7092592592592593,0.7,0.006928995160692509,0.4940216598835459,0.4834015078749658,0.005729459726491016,1,1,1,1
07b_healthy_high_safe_zigzag_p2l_v2:0000,07b_healthy_high_safe_zigzag_p2l_v2,28.335,28.735,-0.010358668839305753,0.013432808798956974,0.0314780674540204,0.01247848225973249,0.0,-0.14086891576608027,0.18224031366799373,0.4292139419754239,0.17054764471707448,0.0,2.492854436830074e-05,0.00017180220325436644,0.0004695919835823405,0.00021145544999085872,0.0,-0.002542644147410363,0.002542644147410363,0.00632392629113012,0.0019461895059366395,0.0,-0.0025754132216674517,0.0025754132216674517,0.006152357210392857,0.0019181677272854796,0.0,8.505192338455774e-19,1.843702287858631e-18,0.00014148803893398055,0.013432808798956974,0.0025426441474103614,0.013565498299219207,0.006265389195669284,0.004377916625335305,6.82090091922826e-08,1.0,0.0036310768233053623,0.0037433314499639323,0.00011186272413457466,0.6935185185185185,0.6888888888888889,0.003817690394090413,0.5749388020567493,0.572887119685998,0.0013047851713987018,1,1,1,1
07b_healthy_high_safe_zigzag_p2l_v2:0001,07b_healthy_high_safe_zigzag_p2l_v2,28.535,28.935,-0.009717386402526909,0.012557725774288972,0.034846235172297166,0.013895472185643404,0.0,-0.13334820098148595,0.17060011994647092,0.4765902344047638,0.18958568173172943,0.0,1.0912340443695692e-05,0.00019123788057551536,0.0005306354671386247,0.00023940140496393845,0.0,-0.0015581692732452336,0.0035985199699936966,0.00612105209024539,0.0037214618089407327,0.0,-0.001669602993857544,0.0037614947968300956,0.006275675408917654,0.003799941172075567,0.0,8.2551104356483885e-19,1.9445704432640473e-18,0.00016874713524626792,0.012557725774288972,0.003598519969993696,0.012460447795777672,0.005227803874275854,0.0035030312977740166,6.314901322457398e-08,1.0,0.0035399006972271704,0.0037992007357283216,0.0002606676506522872,0.6898148148148149,0.6833333333333333,0.003817690394090413,0.5751460638780198,0.5737665551084867,0.0007476587284814924,1,1,1,1
07b_healthy_high_safe_zigzag_p2l_v2:0002,07b_healthy_high_safe_zigzag_p2l_v2,28.735,29.134999999999998,0.032189912327704046,0.04910314693572209,0.19852552926207787,0.07755514152189467,0.16666666666666666,0.4402069955077106,0.671674069831303,2.7129661360718296,1.0602756372991904,0.0,3.5883562553902084e-05,0.00021080567173374095,0.0005306354671386247,0.00024153556762806112,0.0,0.0006752064904789248,0.004729273454295476,0.006636846872443283,0.00489448998535004,0.0,0.0006230373556502535,0.0048504539423777976,0.006673887552002291,0.004991982073544808,0.0,0.11874999998712625,6.744508663668282e-18,0.00018449387845288285,0.09565042702902782,0.004729273454295471,1.8769420759812065,1.7512783521948316,0.006260091676620936,8.196865838242145e-08,1.0,0.003468999334171885,0.0037992007357283216,0.00022730223749799818,0.688888888888889,0.6833333333333333,0.004536092116265128,0.5730804022537811,0.563167667710463,0.004505359504857765,1,1,1,1
07b_healthy_high_safe_zigzag_p2l_v2:0003,07b_healthy_high_safe_zigzag_p2l_v2,28.935,29.334999999999997,0.04429301544385194,0.04956389744098508,0.19852552926207787,0.07128951391526991,0.16666666666666666,0.6068308871765634,0.6790535483571523,2.7129661360718296,0.9744564553044244,0.0,8.918222239812456e-05,0.0002169165784129638,0.00046702229310637743,0.0002345537692533208,0.0,0.0028349970594479888,0.003990447130308259,0.006636846872443283,0.0033985972240747897,0.0,0.002793544799852979,0.004041770677999949,0.006673887552002291,0.0035271042396433695,0.0,0.24374999998328756,5.614933676034371e-18,0.00018228084621087453,0.2057069845372794,0.003990447130308255,1.8769523757440625,1.7508467588710181,0.0069497559641618425,6.708646642466954e-08,1.0,0.003565204915085078,0.0038917166250496036,0.00015936102620063615,0.6916666666666668,0.6833333333333333,0.005319039487535193,0.5600662808110635,0.5342510122286503,0.01450688085355907,1,1,1,1
07b_healthy_high_safe_zigzag_p2l_v2:0004,07b_healthy_high_safe_zigzag_p2l_v2,29.134999999999998,29.534999999999997,0.010375363449948641,0.011335485897778608,0.034245955694927444,0.012352612326579223,0.0,0.1396199689137779,0.15156441972607168,0.47528472641816855,0.1695689611956684,0.0,7.194954899546225e-05,0.00017990466411293835,0.00046702229310637743,0.00021875669294695686,0.0,0.0030261662839173877,0.004659473531189993,0.011816703707958082,0.005147050462748585,0.0,0.003032243048596596,0.004717632059559623,0.011754008295506515,0.005175214996878039,0.0,0.24999999999231765,0.0,0.00018074128120102264,0.23962463654236899,0.004659473531189993,0.01744761432358693,0.007599670398706992,0.005478345809511174,5.484819449105943e-08,1.0,0.0038675723229858287,0.0041539722655939216,0.0002653282752600686,0.7027777777777778,0.6888888888888889,0.01051649693666718,0.5491307025182369,0.5342510122286503,0.008832833869750872,1,1,1,1
07b_healthy_high_safe_zigzag_p2l_v2:0005,07b_healthy_high_safe_zigzag_p2l_v2,29.334999999999997,29.734999999999996,0.006325728865724055,0.013282045009800583,0.030905602268030158,0.015468780722947743,0.0,0.08371915874941512,0.17498577499988033,0.4144309174841902,0.2049336623968662,0.0,4.7658634055806736e-05,0.00015087335523764094,0.0004406833834438123,0.0001952943365597676,0.0,0.0018681227202759533,0.005747219085515444,0.011816703707958082,0.006617026433326861,0.0,0.0018982967072158571,0.005861496835844578,0.011754008295506515,0.006664029631925695,0.0,0.2499999999923123,0.0,0.00017295129187705824,0.2436742711265881,0.005747219085515444,0.016133120469615507,0.007335632505986725,0.004851259871185069,6.841584144227758e-08,1.0,0.0038757159118462912,0.0041539722655939216,0.0002246237494578905,0.7037037037037037,0.6944444444444444,0.009442628728875536,0.5422455805289078,0.5311345265375246,0.009132071716809631,1,1,1,1
07b_healthy_high_safe_zigzag_p2l_v2:0006,07b_healthy_high_safe_zigzag_p2l_v2,29.534999999999997,29.934999999999995,-0.014003460889696827,0.04597116609026795,0.08551360439738476,0.052395847233078253,0.16666666666666666,-0.20906024247723953,0.6169102409329152,1.2093449910618908,0.7045008932407086,0.0,2.592524203269363e-05,0.0001795571736097287,0.0004406833834438123,0.00022856873104360828,0.0,0.0048859584449837045,0.007131747562950589,0.017151259783436526,0.007353909561197905,0.0,0.004891020847445852,0.007168831965111544,0.01684303912114338,0.007290764240670092,0.0,0.1500000000049205,0.0,0.00017112335708031805,0.18475338190500787,0.007131747562950589,1.817134506735647,1.720477622739623,0.004394328405360415,6.359519328238118e-08,1.0,0.003684577925288153,0.004246701928094388,0.00029096101205443553,0.6925925925925926,0.6833333333333333,0.005237828008789223,0.5317027751315266,0.5219685411898275,0.006060711071715886,1,1,1,1
07b_healthy_high_safe_zigzag_p2l_v2:0007,07b_healthy_high_safe_zigzag_p2l_v2,29.734999999999996,30.134999999999994,-0.030661599121613568,0.05111405281334289,0.08551360439738476,0.04857144262532536,0.16666666666666666,-0.4429783511569671,0.6945017809120145,1.2093449910618908,0.6469908749539841,0.0,8.602967325606562e-05,0.0001629050285852546,0.0003823324164823611,0.00018888453565034613,0.0,0.000518612926471174,0.008199054049968691,0.017151259783436526,0.010117021739321143,0.0,0.00048360938825272687,0.00821454760189045,0.01684303912114338,0.01007610577264157,0.0,0.02500000000876454,0.0,0.00015546277646051604,0.07819738615289722,0.008199054049968691,1.8171404439698962,1.7204177229671966,0.005545816773936953,7.850981872125894e-08,1.0,0.003635036125406906,0.004246701928094388,0.00039759725275040185,0.6851851851851852,0.6777777777777778,0.005237828008789222,0.5243585143859267,0.5077877746005104,0.008761671760373799,1,1,1,1
07b_healthy_high_safe_zigzag_p2l_v2:0008,07b_healthy_high_safe_zigzag_p2l_v2,29.934999999999995,30.334999999999994,-0.009050844286766785,0.0204071950873409,0.04250163963748476,0.02402886562206163,0.0,-0.1330828723996806,0.2810866949963733,0.5942232858902999,0.33241432793153936,0.0,6.877338839829325e-05,0.00019752345107574282,0.0006686304656453548,0.00024863874813219636,0.0,-0.0028033750425839406,0.005927817232532879,0.012461379278278794,0.006729731600488367,0.0,-0.0027922141114610673,0.006020752701553867,0.012627975938174598,0.006823886775711276,0.0,0.0,0.0,0.00016623538451716538,0.0204071950873409,0.005927817232532879,0.013071131198222218,0.006481052382220382,0.0050934852619689,9.451377827493169e-08,1.0,0.003592908712093879,0.004083684813041533,0.0003236244103879912,0.6870370370370371,0.6777777777777778,0.007635380788180826,0.5229692692495648,0.5077877746005104,0.007867156371213052,1,1,1,1
07b_healthy_high_safe_zigzag_p2l_v2:0009,07b_healthy_high_safe_zigzag_p2l_v2,30.134999999999994,30.534999999999993,0.010245519609201417,0.011906340332070865,0.02745497249926463,0.010567471360539225,0.0,0.13004347513035533,0.1533812284294108,0.3394911446731179,0.13390799765002168,0.0,6.423210885301531e-05,0.0002301243414672475,0.0006686304656453548,0.00027122525634403166,0.0,0.003752705251856406,0.005389048836462285,0.012443390282424098,0.005157724877740751,0.0,0.0037917957764807392,0.005473995362751682,0.012392675558103817,0.005193739554823564,0.0,0.0,0.0,0.00018443003699062846,0.011906340332070865,0.005389048836462285,0.01338873884197182,0.006196989462466988,0.004623993245426598,9.589042579687342e-08,1.0,0.003820540074299906,0.004195083298640783,0.0002863615986274008,0.687962962962963,0.6833333333333333,0.00674084249007453,0.5229538422262535,0.5104565804959843,0.007337308131019249,1,1,1,1
07b_healthy_high_safe_zigzag_p2l_v2:0010,07b_healthy_high_safe_zigzag_p2l_v2,30.334999999999994,30.734999999999992,-9.932880249205005e-05,0.014216502869943207,0.042383280185527755,0.021090851468026545,0.0,-0.011369634790819353,0.19093313911742552,0.5993900965623222,0.2871162562273742,0.0,0.00010631708194885722,0.00018064629326875443,0.00036298459775523583,0.000184303190889085,0.0,0.0011536628556513527,0.0052101354945097685,0.012443390282424098,0.00653133888935251,0.0,0.0011379043669626678,0.005215677171508522,0.012392675558103817,0.0065421899668545325,0.0,0.0,0.0,0.00016193310238417252,0.014216502869943207,0.0052101354945097685,0.01480909891353004,0.006411061900476078,0.004621527453865791,9.85395845325459e-08,1.0,0.003679594084175949,0.004195083298640783,0.0004008404462728141,0.6870370370370371,0.6833333333333333,0.005237828008789223,0.5200304910468431,0.5104565804959843,0.005971896863258375,1,1,1,1
07b_healthy_high_safe_zigzag_p2l_v2:0011,07b_healthy_high_safe_zigzag_p2l_v2,30.534999999999993,30.93499999999999,0.020490737769406464,0.045116716295893776,0.18079917317861022,0.07424511248232359,0.16666666666666666,0.26472944378592317,0.607294906569915,2.399845761401688,0.9918197176232955,0.0,0.038056179275931266,0.038108925763293514,0.3800525122467771,0.11396092149353038,0.1,0.02806318977932758,0.03191694574679789,0.17748130913947746,0.06689539526187972,0.16666666666666666,-0.000518199961173446,0.0033710442195500345,0.0080987127956002,0.004335148465890326,0.0,0.03199999999255423,0.03799999999924235,0.0001398501156048959,0.021116716301344596,0.003416945747364437,1.7338787613506146,1.6230468672337013,0.005109043379738757,6.66768700595002e-06,1.0,0.003507207723704201,0.0037361037928254287,0.0002588087275912516,0.6907407407407408,0.6833333333333333,0.0041408666249995955,0.5199789080018882,0.5093481803375052,0.0059968635737710175,0,0,1,1
07b_healthy_high_safe_zigzag_p2l_v2:0012,07b_healthy_high_safe_zigzag_p2l_v2,30.734999999999992,31.13499999999999,0.06866161859326074,0.07897176544731278,0.18079917317861022,0.08072479022037318,0.3333333333333333,0.8709705114418123,1.011233200317559,2.399845761401688,1.0789629332122468,0.0,0.07230296242407945,0.07232542568431342,0.3800525122467771,0.12897003323194367,0.2,0.10129901012076807,0.10168188588236655,0.3480644041713557,0.12582267957409063,0.3333333333333333,0.03162682730315885,0.03203846966623021,0.1467608607261048,0.052581740340473006,0.16666666666666666,0.19199999998377204,0.22799999995793246,0.16085521637750197,0.1314100365528529,0.11992561680410645,1.909931992350183,1.6875371872774643,0.0781391106546985,6.678511564552421e-06,1.0,0.0042259656793161866,0.005556892459044075,0.0007548592781884539,0.6870370370370371,0.6777777777777778,0.00692899516069246,0.5253088844307726,0.5093481803375052,0.014571308005534685,0,0,1,1
07b_healthy_high_safe_zigzag_p2l_v2:0013,07b_healthy_high_safe_zigzag_p2l_v2,30.93499999999999,31.33499999999999,0.04856833210049532,0.0634948568833396,0.1753534807438683,0.06480967842003864,0.16666666666666666,0.5824695367285474,0.760229282061745,2.2908232589208666,0.8429949308090077,0.0,0.039021746114666224,0.039021746114666224,0.34739282170510816,0.07714289370359673,0.1,0.08143537911030473,0.08143537911030473,0.3480644041713557,0.12016730396193823,0.16666666666666666,0.035402424353242215,0.035402424353242215,0.1467608607261048,0.05071166091240649,0.16666666666666666,0.31999999998677037,0.37999999992768724,0.34615793629031966,0.2714316678850443,0.2985646208077463,0.8050427722074227,0.7259565338019435,0.009653509661700282,9.06619631044875e-08,1.0,0.004807383177747681,0.005556892459044075,0.0006159037774348875,0.6861111111111112,0.6777777777777778,0.0069905874400654835,0.5351611403858315,0.5120823966063855,0.019662104894080597,1,0,1,1
07b_healthy_high_safe_zigzag_p2l_v2:0014,07b_healthy_high_safe_zigzag_p2l_v2,31.13499999999999,31.53499999999999,0.014667990250816046,0.032420264855306406,0.050717721976749064,0.03445683156307097,0.0,0.15959258260039336,0.3680450570873339,0.5911769776833534,0.39386810630552327,0.0,0.008951852773793853,0.008951852773793853,0.014411819142782889,0.002399696652813799,0.0,0.012426175069335152,0.012426175069335152,0.03182421237925076,0.009761379633500182,0.0,0.0034988793523337094,0.007281213068904224,0.018521170417220845,0.008494946606153807,0.0,0.3199999999911135,0.37999999993803685,0.37102979965357097,0.30533200974029645,0.367573824868697,0.11921884201671627,0.012585486513431401,0.007361131090721104,5.697056005855539e-08,1.0,0.004791349860590048,0.005526941340075592,0.0003921745484519241,0.6870370370370371,0.6833333333333333,0.004140866624999596,0.5658264543155136,0.5120823966063855,0.035025134908086265,1,1,1,1
07b_healthy_high_safe_zigzag_p2l_v2:0015,07b_healthy_high_safe_zigzag_p2l_v2,31.33499999999999,31.73499999999999,0.022955701384295642,0.025781451205941715,0.08486462141014642,0.03350882689526094,0.16666666666666666,0.2665029353305867,0.2971956644843298,0.9812967414689869,0.3875878457748865,0.0,0.0159557586139667,0.0159557586139667,0.032411885521621886,0.008872032345177165,0.0,0.018652233151153313,0.018652233151153313,0.041388314277158555,0.01629634425659733,0.0,0.0036382905378511687,0.007671330649390878,0.019970823277386307,0.00952175326768167,0.0,0.31999999999115447,0.37999999993794076,0.36368652717474725,0.2970442986068293,0.36134776678692915,0.1272553005624194,0.011684014826176481,0.007082287599238152,6.65777995107518e-08,1.0,0.004873504668695356,0.005276813540714596,0.0002823893058332788,0.6824074074074075,0.6722222222222223,0.005928818738363728,0.6193551553390682,0.5657218852352185,0.03641414096156925,1,1,1,1
07b_healthy_high_safe_zigzag_p2l_v2:0016,07b_healthy_high_safe_zigzag_p2l_v2,31.53499999999999,31.934999999999988,0.02036374022704472,0.029185431307630114,0.08486462141014642,0.038019205161036525,0.16666666666666666,0.23673250310440883,0.33458476034063084,0.9812967414689869,0.43757178014835674,0.0,0.023086218535017345,0.02312333186034616,0.032411885521621886,0.009350899695560957,0.0,0.03409401843667631,0.03409401843667631,0.04799571988865242,0.010951025260968307,0.0,0.01006710821632023,0.011592110834498312,0.019970823277386307,0.009205888884574392,0.0,0.31999999999150514,0.37999999993856487,0.3570922546617924,0.2996362597644046,0.34590598150137297,0.11535506355065865,0.024453561117860605,0.013665010592656054,8.15417909915337e-08,1.0,0.00484903994901554,0.005276813540714596,0.00029646483400774576,0.6824074074074075,0.6722222222222223,0.0059288187383637276,0.672006478079615,0.6268404101894455,0.03079892117544842,1,1,1,1
07b_healthy_high_safe_zigzag_p2l_v2:0017,07b_healthy_high_safe_zigzag_p2l_v2,31.73499999999999,32.13499999999999,0.006056030176495086,0.025479083131763763,0.058196441869868276,0.03090519401474158,0.0,0.07136713322550074,0.29213066484511124,0.6732906111783575,0.35510021696562327,0.0,0.0014777582191389887,0.021263476788612626,0.032912296470527125,0.02361701099004974,0.0,0.018073037384536934,0.020873496665389384,0.04799571988865242,0.019516583046088637,0.0,0.013538778013456756,0.014813074236665641,0.036012387853596284,0.012531728172886607,0.0,0.3199999999906537,0.37999999995568434,0.37930402991487355,0.3139439698141314,0.3619269625704853,0.10967726663448255,0.020787651746410122,0.011327609949035124,8.000025749459157e-08,1.0,0.0046910320888391525,0.005035213840896409,0.00018332393467601968,0.6777777777777777,0.6666666666666666,0.008486251286955277,0.7260499982162124,0.6868803974354991,0.03178264600664297,1,1,1,1
07b_healthy_high_safe_zigzag_p2l_v2:0018,07b_healthy_high_safe_zigzag_p2l_v2,31.934999999999988,32.33499999999999,0.004008494366857268,0.019673226796022358,0.034636265433730606,0.02323936745580807,0.0,0.04392365988550745,0.23095723597497175,0.40743990454795925,0.2712482118827582,0.0,-0.028739528838111573,0.028739528838111573,0.03848502669998449,0.011026548773333993,0.0,-0.00791335464468428,0.010738457177623145,0.025626157864924837,0.010410329109247971,0.0,0.019115741606941117,0.019115741606941117,0.036012387853596284,0.01181828361421845,0.0,0.3199999999895678,0.37999999997222733,0.40916654793166085,0.3159915056227059,0.3879133546169686,0.128293931893473,0.012727719560720656,0.00960492253479122,7.952816289207054e-08,1.0,0.004443903852581922,0.004727465297401653,0.00029203833183555556,0.6555555555555556,0.6222222222222222,0.01814436846506057,0.7886087351530072,0.7437338417656606,0.03789317549806297,1,1,1,1
07b_healthy_high_safe_zigzag_p2l_v2:0019,07b_healthy_high_safe_zigzag_p2l_v2,32.13499999999999,32.53499999999999,-0.0011633411523246373,0.015979806050129997,0.034636265433730606,0.018555550785063955,0.0,-0.015974390192401187,0.18942264802576672,0.40743990454795925,0.21889131828696332,0.0,-0.036720463798224,0.036720463798224,0.03848502669998449,0.0021950149418864806,0.0,-0.01805669473931622,0.01805669473931622,0.032386926572930796,0.0082680152172,0.0,0.018759130641423843,0.018759130641423843,0.03027670982710201,0.008910533302956606,0.0,0.31999999998969325,0.3799999999717662,0.4166548381917707,0.3211633411420058,0.39805669471121935,0.13920367694183247,0.009200197239702848,0.006408074917318998,7.075135397921203e-08,1.0,0.004426352550526469,0.005023521490139125,0.0003610737570236847,0.649074074074074,0.6166666666666667,0.024304453237790166,0.8467756726956276,0.8018451751206394,0.030178525944879433,1,1,1,1
07b_healthy_high_safe_zigzag_p2l_v2:0020,07b_healthy_high_safe_zigzag_p2l_v2,32.33499999999999,32.734999999999985,0.004097443050435384,0.02256416472682664,0.04474461775733829,0.02473666829230657,0.0,0.029666403819518128,0.2560935555363751,0.48113199932980066,0.2783350369820829,0.0,-0.026293145460714283,0.026293145460714283,0.03837136851504008,0.011295426573835239,0.0,-0.0152859212021929,0.016540931037999983,0.032386926572930796,0.012331730170153472,0.0,0.013285929169211378,0.01898270843200815,0.03298800002410113,0.016057440853580178,0.0,0.31999999998983614,0.37999999997064604,0.40580455497715695,0.3159025569393788,0.3952859211729934,0.14518374490115865,0.009767968868703961,0.005669359213226449,7.327717447384892e-08,1.0,0.004709919749185267,0.00545447040087693,0.0005980323040285148,0.6537037037037037,0.6055555555555555,0.03070948879958705,0.8888835902699431,0.8490199472442179,0.022123281466542237,1,1,1,1
07b_healthy_high_safe_zigzag_p2l_v2:0021,07b_healthy_high_safe_zigzag_p2l_v2,32.53499999999998,32.93499999999998,-0.021974897009323535,0.050864302200507715,0.17613632294371684,0.07297683003864057,0.16666666666666666,-0.2895989913829639,0.6006829124558747,2.1273332155547338,0.8667020535678684,0.0,-0.05630823013819118,0.05630823013819118,0.38879110555290136,0.11004773411065542,0.15,-0.06483082120711745,0.06638262544250163,0.3504208204024929,0.12813523462703305,0.16666666666666666,-0.019685635894740542,0.046983414859235205,0.18291681447353694,0.07503148998791907,0.16666666666666666,0.22880000000464112,0.27169999999588235,0.32389935536154885,0.28304156367641936,0.3748474878758608,2.1962611090162985,1.967941358130185,0.015799989298479034,2.5704057432017234e-05,1.0,0.004595854790277192,0.00545447040087693,0.0005981685858197659,0.6574074074074074,0.6055555555555555,0.025793311624415057,0.8797900077777193,0.8223422040546665,0.031636257151801496,0,0,1,1
07b_healthy_high_safe_zigzag_p2l_v2:0022,07b_healthy_high_safe_zigzag_p2l_v2,32.734999999999985,33.134999999999984,-0.019523819245301582,0.03743525576733798,0.17613632294371684,0.06530199359738033,0.14285714285714285,-0.22981288843561837,0.4602981018221591,2.1273332155547338,0.7927148671944165,0.0,-0.047866297849259394,0.047955779371772825,0.38879110555290136,0.11318892253476792,0.15,-0.05489817334809348,0.05721233000995105,0.3504208204024929,0.12096921412402586,0.14285714285714285,-0.024988704683694272,0.036761074324588625,0.18291681447353694,0.06632423622963783,0.14285714285714285,0.06880000000967251,0.08170000001079558,0.12589251407867158,0.11935053534304463,0.1598293633962411,2.1937771909571073,1.997583150361668,0.011109411458058088,2.5702862700453743e-05,1.0,0.004056693845527789,0.004726401637973783,0.00043678891471256857,0.6809523809523811,0.6444444444444445,0.017021913166291418,0.8328856720824255,0.8166999947133585,0.02263139235870012,0,0,1,1
07b_healthy_high_safe_zigzag_p2l_v2:0023,07b_healthy_high_safe_zigzag_p2l_v2,32.93499999999999,33.33499999999999,0.010934155971113649,0.014298599272645344,0.027729828414883053,0.011718162321287487,0.0,0.14708532023254603,0.1889592910769053,0.3738008584620758,0.15496523870655854,0.0,3.3782738489715603e-05,0.00017342360865983748,0.000552568449694003,0.00022206083799510847,0.0,-0.002525228184720122,0.008103667154997567,0.02349628052632755,0.01058361003367051,0.0,-0.002495151005758936,0.007943473308479594,0.023520045310833047,0.010491609919105445,0.0,0.0,0.0,0.00017486233803866045,0.014298599272645344,0.008103667154997567,0.013203374469527166,0.006058396615772578,0.0035774182010640623,7.60252342283499e-08,1.0,0.0038370774901281927,0.0041509868898154095,0.0003070805710623308,0.6920634920634922,0.6888888888888889,0.002749286996141065,0.8171031574291876,0.8133757754592912,0.0018646598567140524,1,1,1,1
07b_healthy_high_safe_zigzag_p2l_v2:0024,07b_healthy_high_safe_zigzag_p2l_v2,33.134999999999984,33.53499999999998,0.004335675949387013,0.01894429892685858,0.03205031737705378,0.020155249955739703,0.0,0.06088611049237286,0.24860252578365427,0.4165903479185868,0.2649575368496227,0.0,0.00011039948149581674,0.00018511023893001715,0.000552568449694003,0.00019763621167000854,0.0,0.0019038510657064295,0.004042335795403199,0.012299870965455003,0.005305496175941393,0.0,0.0018307281696087656,0.0038871082068458545,0.011814095313321215,0.005087342239548168,0.0,0.0,0.0,0.00018633873943200893,0.01894429892685858,0.004042335795403199,0.015112697698121253,0.006756783569762413,0.004193676520494507,7.405715312994794e-08,1.0,0.003856020183692244,0.0041509868898154095,0.00026389497195606406,0.6907407407407408,0.6888888888888889,0.0026189140043946114,0.8160482262059667,0.8129230199162536,0.0023035348033561055,1,1,1,1
07b_healthy_high_safe_zigzag_p2l_v2:0025,07b_healthy_high_safe_zigzag_p2l_v2,33.33499999999998,33.73499999999998,-0.007611892034739822,0.016987716625778665,0.03205031737705378,0.018673658963255978,0.0,-0.10158623820590629,0.22682669995622706,0.4165903479185868,0.2499894784565102,0.0,9.49567963940014e-05,0.00022505743352849297,0.00073525226215717,0.00026561460147531715,0.0,0.002184183505913073,0.004056272378693204,0.012963977709349275,0.00537702787899051,0.0,0.0021282726385700446,0.00405114433913183,0.012967780749331578,0.0053974293072524375,0.0,0.0,0.0,0.0001859164712796079,0.016987716625778665,0.004056272378693204,0.015617282161052203,0.0072303563233716344,0.005531534339746614,8.14150405153145e-08,1.0,0.003691571397453464,0.004135220341257182,0.0002522539993528557,0.6925925925925926,0.6888888888888889,0.0026189140043946114,0.8186564890940442,0.8129230199162536,0.0032977864769471515,1,1,1,1
07b_healthy_high_safe_zigzag_p2l_v2:0026,07b_healthy_high_safe_zigzag_p2l_v2,33.53499999999998,33.93499999999998,-0.009248432919616105,0.009384661643569688,0.02902183886597998,0.01042619580187451,0.0,-0.12455441568338947,0.12641779010214216,0.40046391803762166,0.14328748226877835,0.0,2.5010996446953147e-05,0.0002105578812079486,0.00073525226215717,0.00027241806587906736,0.0,0.0011037138413921238,0.0034207671169899606,0.012963977709349275,0.005443320417971157,0.0,0.0011840993583646787,0.003332369374520281,0.012967780749331578,0.005399060658058694,0.0,0.0,0.0,0.0002000299477842098,0.009384661643569688,0.0034207671169899606,0.014185044915333546,0.0067540042147142,0.004533076673177738,9.147782795059619e-08,1.0,0.003820578963778243,0.004431665826277398,0.000319841834735484,0.6944444444444445,0.6944444444444444,1.1102230246251565e-16,0.817975919419433,0.8121418677591627,0.003850743819509232,1,1,1,1
07b_healthy_high_safe_zigzag_p2l_v2:0027,07b_healthy_high_safe_zigzag_p2l_v2,33.734999999999985,34.134999999999984,0.0007180814510558258,0.008169625846512749,0.02496244830658591,0.011911183134996261,0.0,0.007742091761758212,0.10309062059862782,0.31037011933215675,0.14966643768246324,0.0,-1.506329193632769e-05,0.00018526159797991647,0.0003863617024647208,0.00021231018641283038,0.0,-0.00016994553489406615,0.0013495075362115177,0.0031634214774969045,0.001748482581680836,0.0,-8.87878825403632e-05,0.001351088701782142,0.003436333376133436,0.0017712582853854418,0.0,0.0,0.0,0.0001696105892331511,0.008169625846512749,0.0013495075362115177,0.013366369738320668,0.005722264036104799,0.00469162246849468,8.56167956516724e-08,1.0,0.004062520564601225,0.004431665826277398,0.00021512428028399496,0.6935185185185185,0.6888888888888889,0.002070433312499798,0.8175228488174269,0.8121418677591627,0.003660187166165402,1,1,1,1
07b_healthy_high_safe_zigzag_p2l_v2:0028,07b_healthy_high_safe_zigzag_p2l_v2,33.93499999999998,34.33499999999998,0.007492967881198149,0.012560296387875423,0.03264282535429968,0.01566157125238192,0.0,0.09521781621854856,0.1589205776061419,0.4187855731030828,0.19843747033126355,0.0,-5.419706875839856e-05,0.0001441511096751052,0.0003863617024647208,0.00016958676316297395,0.0,0.0026167382548247693,0.003597972861186946,0.010495979696697421,0.004279570473677297,0.0,0.0026685216302337663,0.003708102011183456,0.010491098571828858,0.004322705696926332,0.0,0.0,0.0,0.00012215683507607765,0.012560296387875423,0.003597972861186946,0.013960595479378838,0.006416037504419647,0.00526119699585612,7.249341160157444e-08,1.0,0.0039915104948199075,0.004172800217405602,0.00013243881875702707,0.6916666666666668,0.6888888888888889,0.002777777777777768,0.8186894333485188,0.8132687931050752,0.0031394608577973208,1,1,1,1
07b_healthy_high_safe_zigzag_p2l_v2:0029,07b_healthy_high_safe_zigzag_p2l_v2,34.13499999999998,34.534999999999975,0.0655305334847061,0.06786324262427833,0.24350746462287887,0.08558192600228573,0.3333333333333333,0.828838622342957,0.8586155718232747,3.137029862148941,1.1009487843420347,0.16666666666666666,-0.0758010806349135,0.07590312669942381,0.3844636858346398,0.14305130018046255,0.2,-0.10197641697857303,0.10713665426875245,0.3933850166975729,0.14148210669273778,0.3333333333333333,-0.020823348289612142,0.026054527472318217,0.09614173771670681,0.037310577251039485,0.0,0.13299999998224704,0.13299999997142162,0.06229837272111316,0.09446835680357683,0.053004539011504655,2.139840284902701,1.888937486461731,0.011471128368494142,9.057931163412931e-08,1.0,0.004053209636458448,0.004323646530139396,0.00019148356554222633,0.6777777777777777,0.6111111111111112,0.029917582261858332,0.8225926710924548,0.8039131116944341,0.01976762384754638,0,0,1,1
07b_healthy_high_safe_zigzag_p2l_v2:0030,07b_healthy_high_safe_zigzag_p2l_v2,34.33499999999998,34.73499999999998,0.07432291599246502,0.07758802546317847,0.24350746462287887,0.08115377526154499,0.3333333333333333,0.9240447028444342,0.9659670679605276,3.137029862148941,1.0521583125809022,0.16666666666666666,-0.07546799644286857,0.07616623876635217,0.3844636858346398,0.1432280017050537,0.2,-0.10991121996429797,0.10991121996429797,0.3933850166975729,0.13562212316767766,0.3333333333333333,-0.02903353231389984,0.02903353231389984,0.09614173771670681,0.03234434328957661,0.0,0.3229999999764466,0.32299999995171597,0.252534120852974,0.2645104173185147,0.23427792733008992,2.142139669941825,1.8561008864923678,0.012807138683111605,9.944099828411611e-08,1.0,0.0042837335833467395,0.0046165027091217455,0.0002763640200665553,0.6398148148148148,0.5944444444444444,0.04075126126789886,0.853480068286316,0.8039131116944341,0.03314657472050855,0,0,1,1
07b_healthy_high_safe_zigzag_p2l_v2:0031,07b_healthy_high_safe_zigzag_p2l_v2,34.53499999999998,34.93499999999998,0.017006035537280945,0.026263385473813933,0.045620813088902756,0.024564566779802056,0.0,0.19894992595461292,0.3133644923212533,0.5325038981697952,0.290768094981444,0.0,0.0006006977060571128,0.0006006977060571128,0.0010081040587252565,0.00017886143177935605,0.0,-0.014423847145761207,0.014423847145761207,0.025812208991536245,0.006435828250513009,0.0,-0.014835130695220855,0.014835130695220855,0.026187247215422205,0.006489695869037588,0.0,0.37999999998841766,0.37999999995944267,0.3805503306703176,0.36299396445114995,0.36557615281342476,0.14296554485964616,0.009267370282731835,0.005869790373712727,7.774815786281593e-08,1.0,0.004308220706048462,0.0046165027091217455,0.0002676657603223725,0.6027777777777777,0.5611111111111111,0.03055555555555556,0.8737398506821193,0.8615262732707967,0.011929863215821124,1,1,1,1
07b_healthy_high_safe_zigzag_p2l_v2:0032,07b_healthy_high_safe_zigzag_p2l_v2,34.73499999999998,35.13499999999998,0.008338587709080988,0.017159936875422704,0.029056716769467195,0.01749446615551594,0.0,0.10846484095740878,0.21804203294533367,0.39849608438576434,0.22268538035900573,0.0,0.00049673071226225,0.00049673071226225,0.0008563129961967619,0.00019647177599570978,0.0,-0.018824384048045845,0.018824384048045845,0.02704265682366086,0.005704803134909012,0.0,-0.01914102445666348,0.01914102445666348,0.02727847291737512,0.005676969051427782,0.0,0.37999999998847206,0.3799999999571767,0.3804630328426203,0.37166141227941246,0.36117561590884306,0.1450712150767497,0.009266709519326899,0.005978834203556979,7.539907766313643e-08,1.0,0.004046074499201473,0.004383547272427385,0.0003196888310659004,0.5944444444444444,0.5555555555555556,0.03076527356636324,0.8584947074922923,0.83547807484815,0.01408214062014292,1,1,1,1
07b_healthy_high_safe_zigzag_p2l_v2:0033,07b_healthy_high_safe_zigzag_p2l_v2,34.934999999999974,35.33499999999997,0.015633151079053165,0.018462259779575347,0.05480044775722931,0.020692091461228194,0.0,0.17842068706152023,0.21550567779889807,0.5698644849495668,0.2311997899777488,0.0,0.00041185480918471686,0.0004196811879821766,0.0007165206304997063,0.00021717369196668897,0.0,-0.016146158696953173,0.016146158696953173,0.02704265682366086,0.007601714369406548,0.0,-0.01649881625030969,0.01649881625030969,0.02727847291737512,0.00753397037711903,0.0,0.37999999998855094,0.3799999999549449,0.38038728666295546,0.3643668489095111,0.36385384125778125,0.14430580544030855,0.010907849167399052,0.005874822131372595,7.16007530708119e-08,1.0,0.004482833495955025,0.005421454974811682,0.0007097401417737335,0.612037037037037,0.5555555555555556,0.027483003851214483,0.8290895207293465,0.7884531728280283,0.02404060175770403,1,1,1,1
07b_healthy_high_safe_zigzag_p2l_v2:0034,07b_healthy_high_safe_zigzag_p2l_v2,35.13499999999998,35.534999999999975,0.019498227486548125,0.021539865680794957,0.05480044775722931,0.020475462740650485,0.0,0.21504659324099362,0.23875389479142395,0.5698644849495668,0.21946094198452665,0.0,0.00029883637277193785,0.00031970695861383014,0.0007165206304997063,0.0002483525609417922,0.0,-0.00876265601944549,0.008812105873051895,0.019186747044905528,0.006922142441391124,0.0,-0.0090377172407524,0.00905982508458377,0.019584108328725702,0.006986343594654929,0.0,0.3799999999886472,0.3799999999527458,0.3803137479949604,0.36050177250209864,0.3712373439331642,0.14218173581258764,0.01038642849547948,0.005959939149407276,6.34024343083185e-08,1.0,0.004847441141621514,0.005421454974811682,0.00037094502591124474,0.6287037037037037,0.6055555555555555,0.011748682907823625,0.7709913009772057,0.7006355322686413,0.04376911969043901,1,1,1,1
07b_healthy_high_safe_zigzag_p2l_v2:0035,07b_healthy_high_safe_zigzag_p2l_v2,35.33499999999998,35.73499999999998,0.007485219460016688,0.024944424610673966,0.046252700869231334,0.02937871539069031,0.0,0.08264461828976151,0.29729802873079386,0.572838326671806,0.3534168334810193,0.0,0.00023483118170771755,0.0002478753887521501,0.0005111390475371347,0.0001779510728317046,0.0,-0.005891393491661123,0.006850356463833122,0.010849815951876118,0.005432121544801419,0.0,-0.00608764532363749,0.00691647488143,0.011142879984958887,0.005414766371888479,0.0,0.3799999999887621,0.37999999995058514,0.38028782697941743,0.37251478052873854,0.37410860645880545,0.143538322733335,0.007064464192377516,0.006149176170339388,8.324731552066748e-08,1.0,0.004451142112158409,0.004697021189216655,0.000189385632166293,0.612037037037037,0.5555555555555556,0.028941665940903284,0.6933520588827947,0.6517274340751741,0.04199085070585727,1,1,1,1
07b_healthy_high_safe_zigzag_p2l_v2:0036,07b_healthy_high_safe_zigzag_p2l_v2,35.534999999999975,35.934999999999974,0.0017342763014011053,0.024439720443682773,0.046252700869231334,0.030297035048206796,0.0,0.016453909555916208,0.2895282155660445,0.572838326671806,0.36182727757237015,0.0,0.0002442392764502949,0.0002584953361307568,0.0005269096942507878,0.00018359002469961437,0.0,-0.0035644058448669933,0.009150522505180716,0.014029810625244388,0.009530992023647405,0.0,-0.003720036939410337,0.009219346493996907,0.014077763521876285,0.009578396763351553,0.0,0.3799999999888998,0.37999999994849,0.3802537748360812,0.3782657236874993,0.3764355941034929,0.14634290458704585,0.009334668272948585,0.00610121952621627,8.959484755996071e-08,1.0,0.004488531048937019,0.005007401439774592,0.00028116003370020417,0.6083333333333333,0.5555555555555556,0.03021697939274207,0.6238008507115299,0.5578892296236371,0.03737757218852659,1,1,1,1
07b_healthy_high_safe_zigzag_p2l_v2:0037,07b_healthy_high_safe_zigzag_p2l_v2,35.73499999999997,36.13499999999997,0.016638837351316226,0.02392671453718745,0.05350721160499472,0.025116200565129015,0.0,0.18318226480232638,0.2653104619218527,0.5571274810925956,0.27428230159213224,0.0,0.00022643033496352606,0.000240686394643988,0.0006372853672482193,0.00019684935816585122,0.0,-0.003902086055783266,0.01210667856347474,0.031352671693175016,0.014894406259239906,0.0,-0.00404786707000689,0.012169628151270095,0.031827363934404995,0.015019103978256175,0.0,0.37999999998905853,0.3799999999464916,0.38019598699495794,0.36336116263775686,0.37609791389057584,0.14513220021837042,0.010972769067231188,0.007660608605831648,8.48964980634239e-08,1.0,0.0047904740907624,0.005411967367276376,0.0003387606284758444,0.6268518518518518,0.5777777777777777,0.030330258063257797,0.5659320908935652,0.5120991662076249,0.03701151096230236,1,1,1,1
07b_healthy_high_safe_zigzag_p2l_v2:0038,07b_healthy_high_safe_zigzag_p2l_v2,35.934999999999974,36.33499999999997,0.005733417808611603,0.027781964341710947,0.05350721160499472,0.031710373780555606,0.0,0.04956431552980157,0.32439916303268307,0.5571274810925956,0.36566494112530334,0.0,0.00019947592504899748,0.00024616194569532235,0.0006619724090787815,0.00022706933352996552,0.0,-0.005290786886031231,0.010376178568542385,0.031352671693175016,0.013191326495282431,0.0,-0.005410990082675334,0.010376056864359199,0.031827363934404995,0.013282034313212948,0.0,0.3799999999892295,0.37999999994457856,0.38017224780649395,0.37426658218063796,0.3747092130584188,0.1433313174780249,0.010583345645132905,0.009613057125998109,8.393667471243632e-08,1.0,0.004491694444239411,0.005411967367276376,0.0004981719928346756,0.6101851851851853,0.5666666666666667,0.03894396452743166,0.5233029205644316,0.5033451847542796,0.021407547972467956,1,1,1,1
07b_healthy_high_safe_zigzag_p2l_v2:0039,07b_healthy_high_safe_zigzag_p2l_v2,36.13499999999998,36.534999999999975,-0.0037086105047150395,0.02119810515109539,0.03820017174925955,0.022918524579596342,0.0,-0.04449192558079019,0.26439450172634754,0.47453182515921183,0.2862899959364443,0.0,0.00010819369550747748,0.00021470953610607524,0.0006619724090787815,0.0002389646361867251,0.0,-0.0032942513882191957,0.006302854158266692,0.011607813591649585,0.006615093755593621,0.0,-0.0033132692034989752,0.006240983978735894,0.011449639783172982,0.006501757511455275,0.0,0.37999999998944545,0.3799999999428563,0.38010711656418783,0.38370861049418137,0.37670574855455735,0.14364444998169296,0.009920437646636655,0.006089690816595425,8.797564731378968e-08,1.0,0.00416238665370864,0.004449657932961486,0.00016605785002145543,0.611111111111111,0.5666666666666667,0.030932024237944576,0.4922663734140231,0.4500902817436796,0.02312212242115693,1,1,1,1
07b_healthy_high_safe_zigzag_p2l_v2:0040,07b_healthy_high_safe_zigzag_p2l_v2,36.33499999999997,36.73499999999997,0.019935728892667797,0.022793898015378882,0.05192667804344764,0.020944212340366457,0.0,0.23260541929740844,0.26665699910166474,0.5512602959997883,0.23661105649271888,0.0,3.932433577703842e-05,0.0001579272392331549,0.00041313859327590796,0.00019265636986612452,0.0,-0.008809232690632903,0.010260432744112591,0.02358159419991296,0.00885506867169041,0.0,-0.008926490234957988,0.010318311469148819,0.023583592987231117,0.008811215677143894,0.0,0.3799999999896192,0.3799999999410543,0.38006211209592494,0.36006427109695033,0.371190767250392,0.14476889570294563,0.008639982424724253,0.005125180425941331,8.97822832694741e-08,1.0,0.004490990851103804,0.005268826831362646,0.0004074758260172995,0.6138888888888889,0.5611111111111111,0.027731442836799892,0.4637698254656348,0.4385495369502689,0.022797173532654414,1,1,1,1
07b_healthy_high_safe_zigzag_p2l_v2:0041,07b_healthy_high_safe_zigzag_p2l_v2,36.53499999999997,36.93499999999997,0.031130784669576268,0.03472633714360344,0.07329591184884393,0.028843976728691472,0.0,0.3511581007099533,0.3938688119283292,0.8152758815528198,0.3231854599941552,0.0,-5.433354106183785e-05,0.00016947189222784876,0.0007912521468741995,0.00023933008413363135,0.0,-0.00687559151118497,0.010269870889970603,0.02358159419991296,0.010323255269175402,0.0,-0.006879012547322927,0.010265826066385783,0.023583592987231117,0.010394159179285278,0.0,0.3799999999897713,0.37999999993941463,0.37994171384836617,0.3488692153201826,0.37312440842821354,0.1467766902145382,0.00798198550663766,0.005868957496352301,7.484524986121517e-08,1.0,0.004709242393005791,0.005268826831362646,0.00034291740236805346,0.6074074074074074,0.5611111111111111,0.0284486879550689,0.4454008449633143,0.4337555655454881,0.009526219794647234,1,1,1,1
07b_healthy_high_safe_zigzag_p2l_v2:0042,07b_healthy_high_safe_zigzag_p2l_v2,36.73499999999997,37.13499999999997,0.026372276563135177,0.029967829037162347,0.07329591184884393,0.02800170430639861,0.0,0.30591792671022433,0.34862863792860027,0.8152758815528198,0.31853183071083463,0.0,-0.0037704020204366055,0.0038242779609502535,0.015076486004066525,0.0047832976477450795,0.0,-0.0014194132389651153,0.005224233242987199,0.010182838136356898,0.006111800380560571,0.0,0.002274596588638933,0.004550961044909503,0.010160440557188566,0.004915656946098676,0.0,0.3799999999898773,0.3799999999387912,0.3760209492076495,0.35362772342674215,0.378580586699826,0.1500328250512744,0.00999586401974456,0.0067960342423377534,7.447555172154448e-08,1.0,0.004470204454711757,0.004931302367475205,0.0002736700664911388,0.6092592592592593,0.5833333333333334,0.0221449273020396,0.44747118460757446,0.4337555655454881,0.013405986277697544,1,1,1,1
07b_healthy_high_safe_zigzag_p2l_v2:0043,07b_healthy_high_safe_zigzag_p2l_v2,36.934999999999974,37.33499999999997,0.005507633660098117,0.02340099920643966,0.05368009663902462,0.03005434170339626,0.0,0.06304119435400746,0.28646887705980645,0.670283048117397,0.3711509702774042,0.0,0.003054806463150023,0.013003018953618366,0.03736437351165983,0.01638790100095933,0.0,0.003288833020717733,0.0074756518799560245,0.015295005797312355,0.008349392349175406,0.0,0.0007258144170330846,0.006991627764148227,0.016919612571663467,0.009017041667467774,0.0,0.3799999999893894,0.3799999999516555,0.38361178485808833,0.37449236632935684,0.3832888329719178,0.1402171583261277,0.020921603843321993,0.014517021540989355,7.065228806243365e-08,1.0,0.004303298233891021,0.0046724747409516,0.00018896442776295151,0.6166666666666667,0.5722222222222222,0.03781588491974471,0.4358871067715384,0.404918837575669,0.022568519154976447,1,1,1,1
07b_healthy_high_safe_zigzag_p2l_v2:0044,07b_healthy_high_safe_zigzag_p2l_v2,37.13499999999997,37.53499999999997,0.0042740748729765314,0.02423031553023618,0.05368009663902462,0.029701355611575678,0.0,0.05752111163404505,0.30866464403838717,0.670283048117397,0.37787319342583253,0.0,0.02553124016150357,0.0280498050203709,0.037786752016909564,0.01711784278761954,0.0,0.016896049441771293,0.016896049441771293,0.03117107382387846,0.008303380570444545,0.0,-0.008032832429294895,0.012311530495990625,0.018332933396837447,0.011236795485881483,0.0,0.3799999999887571,0.3799999999705662,0.4062710091652867,0.3757259251158566,0.3968960494119495,0.14585167523349088,0.023954201158142573,0.015119249810820676,5.554760585797504e-08,1.0,0.004018934408751952,0.0046724747409516,0.00038311894730337095,0.65,0.5722222222222222,0.04069863143673318,0.44358917905698075,0.404918837575669,0.031164342653474217,1,1,1,1
07b_healthy_high_safe_zigzag_p2l_v2:0045,07b_healthy_high_safe_zigzag_p2l_v2,37.334999999999965,37.734999999999964,0.028386562536527705,0.030449437647445815,0.05374763963470741,0.01847898708531858,0.0,0.35583043282049104,0.38354628251903417,0.6426856982741703,0.22987424465438305,0.0,0.03751381764446697,0.03751381764446697,0.037869078879593954,0.0002190034007239127,0.0,0.02465025490304067,0.02465025490304067,0.03117107382387846,0.004520593961025441,0.0,-0.012877146448639798,0.012877146448639798,0.018332933396837447,0.004578437572834855,0.0,0.3799999999885578,0.3799999999753233,0.4174772239679285,0.3516134374520384,0.40465025487853,0.16324598207898783,0.009778090591190676,0.0057538661338402824,7.788085173726001e-08,1.0,0.003990548606728908,0.004678542769534014,0.00040976442121701495,0.662962962962963,0.6333333333333333,0.0214367350051671,0.5014428689888032,0.44001287657547816,0.037137769175105216,1,1,1,1
07b_healthy_high_safe_zigzag_p2l_v2:0046,07b_healthy_high_safe_zigzag_p2l_v2,37.53499999999997,37.93499999999997,0.03303874433234683,0.03630649274854439,0.060926921406260715,0.02263168559113654,0.0,0.4058411416956546,0.4474662054194561,0.7535350162780081,0.2790601923038842,0.0,0.037041295143176924,0.037041295143176924,0.037869078879593954,0.0008567102197990394,0.0,0.024510361545389537,0.024510361545389537,0.036366969841121255,0.007082468645195626,0.0,-0.012736579396643346,0.012736579396643346,0.022301290974745147,0.006834726784643367,0.0,0.3799999999884762,0.37999999997284944,0.4169735886626526,0.34696125565612657,0.40451036151834435,0.1654341021687142,0.009057861737359289,0.0060059350754066015,8.563797274854508e-08,1.0,0.004193050336550614,0.004678542769534014,0.00028641880133310044,0.6666666666666669,0.6388888888888888,0.013608276348795469,0.5468469378837636,0.5120715123363827,0.020523613665880503,1,1,1,1
07b_healthy_high_safe_zigzag_p2l_v2:0047,07b_healthy_high_safe_zigzag_p2l_v2,37.73499999999997,38.13499999999997,0.018455429917496418,0.03282950733922857,0.060926921406260715,0.0310434468901447,0.0,0.22381007665243668,0.3974410383243196,0.7535350162780081,0.37755054728177667,0.0,0.030361053185114402,0.030361053185114402,0.0374425342285401,0.00780758715915644,0.0,0.020038534669714846,0.0209775547287251,0.036366969841121255,0.013230852475370647,0.0,-0.011226799393882445,0.012271538309487767,0.022301290974745147,0.00988550535994233,0.0,0.3799999999885595,0.37999999997107875,0.40999555580173547,0.3615445700710492,0.4000385346408686,0.16863398361535872,0.00891402712965367,0.006371658112235723,8.244938845322777e-08,1.0,0.004328004699686386,0.004927823647661124,0.0003118070186322158,0.6768518518518519,0.6722222222222223,0.003817690394090413,0.5529500223745214,0.5310063125459358,0.014475920277107637,1,1,1,1
07b_healthy_high_safe_zigzag_p2l_v2:0048,07b_healthy_high_safe_zigzag_p2l_v2,37.93499999999997,38.334999999999965,-0.04953726664777811,0.0817882298466834,0.22514504786031717,0.09884036623481175,0.3333333333333333,-0.6030778059879579,0.9713678026331166,2.6681951021753876,1.1731501803398747,0.0,0.07394115787720727,0.07397095480644597,0.3887079749458229,0.12390109349004018,0.2,0.10053068342382428,0.10146970348283453,0.34144239887905825,0.12909985471151844,0.3333333333333333,0.026191678414018604,0.04472374138857174,0.20961204266095507,0.08257297909576088,0.16666666666666666,0.26980000000606186,0.2697999999936015,0.3374949780847734,0.328203933324839,0.37919735010704864,2.3810385036723365,2.091459916533358,0.010525012302874323,2.823943953424226e-05,1.0,0.004561861653862899,0.004927823647661124,0.0002591684570565921,0.6796296296296296,0.6222222222222222,0.03218175406848659,0.557251430733622,0.5310063125459358,0.02078140793347031,0,0,1,1
07b_healthy_high_safe_zigzag_p2l_v2:0049,07b_healthy_high_safe_zigzag_p2l_v2,38.13499999999996,38.53499999999996,-0.060212887973628414,0.07421150222103155,0.22514504786031717,0.0916463018016322,0.3333333333333333,-0.737649567982159,0.8974024042217507,2.6681951021753876,1.0875852982678067,0.0,0.06191350468846278,0.06194849320486088,0.3887079749458229,0.12912096067138618,0.2,0.09300277403022761,0.09616007761678758,0.34144239887905825,0.13381282816778173,0.3333333333333333,0.03143282448668928,0.043448695895211775,0.20961204266095507,0.08047396316380091,0.16666666666666666,0.07980000001172716,0.07980000000835538,0.13583679629421325,0.1505353413427144,0.18482674431469748,2.378000727456324,2.128993885317547,0.014964256608807208,2.8219329999910697e-05,1.0,0.004208481167251401,0.004896355069073571,0.00044155625516385295,0.7175925925925926,0.6222222222222222,0.049733514822206594,0.5819491718387474,0.5528325637076191,0.018309649881020917,0,0,1,1
07b_healthy_high_safe_zigzag_p2l_v2:0050,07b_healthy_high_safe_zigzag_p2l_v2,38.334999999999965,38.734999999999964,-0.0035563795104686705,0.010648843195264395,0.04118332603286936,0.01728040504473997,0.0,-0.04959417267990681,0.14301808885100975,0.5603274171316873,0.23439508053717198,0.0,3.576011097496349e-05,0.00014823258753711568,0.00045784670780463503,0.00018495661824537548,0.0,0.0011063946465645147,0.006802405864829361,0.015060558737979974,0.007814590248892576,0.0,0.0011089052222548286,0.006743665782992246,0.0150325184847481,0.007762744171314871,0.0,0.0,0.0,0.000172303755192532,0.010648843195264395,0.006802405864829361,0.013336827723654968,0.006599230184725054,0.005057452341267003,5.004603833416256e-08,1.0,0.0038301620328097894,0.004283626877547157,0.0003276113000402072,0.7555555555555555,0.7555555555555555,0.0,0.5951312633312152,0.5930431857271997,0.0012307110320533225,1,1,1,1
07b_healthy_high_safe_zigzag_p2l_v2:0051,07b_healthy_high_safe_zigzag_p2l_v2,38.53499999999997,38.93499999999997,0.0015596722875432744,0.01112207239844728,0.026763219768312987,0.014846795441832787,0.0,0.024656468357237116,0.14251028402242427,0.32679816461160954,0.18790911079061315,0.0,-9.942245317123949e-06,0.0001817026443887001,0.00045784670780463503,0.00022019268071029666,0.0,-0.0009449040354262546,0.004333583193940915,0.0076161228951146165,0.004758714870212458,0.0,-0.0009209086404287251,0.004344247438532501,0.007350089692725985,0.004718715865923563,0.0,0.0,0.0,0.0001719381752332015,0.01112207239844728,0.004333583193940915,0.012402456123862059,0.005426000097814877,0.0035155496599419515,6.247866405828191e-08,1.0,0.0038047604274384548,0.004283626877547157,0.00035363788845371063,0.7555555555555555,0.7555555555555555,0.0,0.5944500050764676,0.5904399899274039,0.002062458227651104,1,1,1,1
07b_healthy_high_safe_zigzag_p2l_v2:0052,07b_healthy_high_safe_zigzag_p2l_v2,38.734999999999964,39.13499999999996,0.0011413260544066355,0.014196178282602492,0.026763219768312987,0.017658938697817095,0.0,0.01975146937825294,0.18222529105605048,0.32679816461160954,0.2254662073478999,0.0,3.4808675658465025e-05,0.0001855553912353363,0.00043188055872772185,0.00021606500288260132,0.0,-0.0025409596509770615,0.0031970666348188855,0.0062667397579940975,0.0028067865965330065,0.0,-0.0025185099688389075,0.003261043102011142,0.006369184532492812,0.0028810196769629036,0.0,0.0,0.0,0.00016964575974383228,0.014196178282602492,0.0031970666348188855,0.014418291246497962,0.006406491812242062,0.004022740089384409,8.07852889767548e-08,1.0,0.0038020721842412994,0.00428076690138172,0.0002815859684926421,0.7564814814814814,0.7555555555555555,0.002070433312499798,0.5930491677542878,0.590032089729154,0.002005072797989321,1,1,1,1
07b_healthy_high_safe_zigzag_p2l_v2:0053,07b_healthy_high_safe_zigzag_p2l_v2,38.93499999999996,39.33499999999996,0.00853462938615594,0.017897408707608267,0.0430060236162092,0.02062921071946119,0.0,0.11605668883181532,0.23826776050063447,0.5817527527177172,0.27559417452916785,0.0,2.3903157464521316e-05,0.0001924484529567787,0.00043188055872772185,0.00021927424859979647,0.0,-0.0017797843962958125,0.0025784964849760736,0.004504107859788998,0.0025864946967022145,0.0,-0.001751521409643808,0.0025724779140378078,0.004728783792864841,0.0025566417263478153,0.0,0.0,0.0,0.0001728315403841812,0.017897408707608267,0.0025784964849760736,0.012858276610727781,0.005938859093016282,0.004142410491634702,8.269461270978123e-08,1.0,0.003719872264880346,0.004001626155412949,0.00014721559015872855,0.7564814814814814,0.75,0.003817690394090413,0.5923365293891591,0.5891213324886125,0.0021345907175665656,1,1,1,1
07b_healthy_high_safe_zigzag_p2l_v2:0054,07b_healthy_high_safe_zigzag_p2l_v2,39.13499999999996,39.53499999999996,0.0026548103633065676,0.018200445878364637,0.0430060236162092,0.02290176163853641,0.0,0.03530114803276491,0.2454647439881529,0.5817527527177172,0.309977936173963,0.0,0.026669542528640604,0.026849566828200166,0.3814820655437962,0.08788086252714038,0.1,-0.0008488180064744281,0.0022752194883962442,0.00468468388098164,0.0026455587856566588,0.0,-0.0007960833342992236,0.0022910662812045796,0.004514366195546665,0.002613617885227148,0.0,0.022399999993599762,0.026599999997579414,0.0002766668062349726,0.018200445878364637,0.0022752194883962442,1.8686089162326134,1.7723559034312781,0.005121879456166816,1.0261879001766836e-07,1.0,0.003601270847618805,0.00382071788430554,0.0001629852293193618,0.7564814814814814,0.75,0.003817690394090413,0.5936992398054723,0.5891213324886125,0.0026447599825227827,1,1,1,1
07b_healthy_high_safe_zigzag_p2l_v2:0055,07b_healthy_high_safe_zigzag_p2l_v2,39.334999999999965,39.734999999999964,0.047280319665467356,0.055573441074808154,0.24894512584119144,0.08538098975418354,0.14285714285714285,0.6086919671467347,0.7223255645460311,3.308085184970118,1.138763399484945,0.14285714285714285,0.058364306999195946,0.05881330695332452,0.3829120266731071,0.121865234930147,0.2,0.08143345920654774,0.0829454620366041,0.37419349059333434,0.13352900321812733,0.2857142857142857,0.026205039375966053,0.030088647855476276,0.16973860574751934,0.05913449497734586,0.14285714285714285,0.18239999998272416,0.21659999996284154,0.16317447725551476,0.1377330987172713,0.13638116775943318,2.169247462750872,1.9398131759615005,0.0921055331504009,1.383665552904988e-07,1.0,0.003925756197388494,0.004532939514539676,0.00042119286037114496,0.7253968253968254,0.6444444444444445,0.04070121080939072,0.5738620897457214,0.5335581146329568,0.025475889372677377,0,0,1,1
07b_healthy_high_safe_zigzag_p2l_v2:0056,07b_healthy_high_safe_zigzag_p2l_v2,39.53499999999996,39.93499999999996,0.048041163510635664,0.058144099223453,0.24894512584119144,0.08547570878066925,0.14285714285714285,0.6234946848352616,0.7435154504398113,3.308085184970118,1.1336373908993718,0.14285714285714285,0.03130008141288175,0.032435995244258164,0.3829120266731071,0.094041765540821,0.1,0.08779068645768172,0.08779068645768172,0.37419349059333434,0.12974686255430432,0.2857142857142857,0.032832925520752836,0.03523575355916049,0.16973860574751934,0.05651967611734445,0.14285714285714285,0.31999999998392425,0.379999999944644,0.3532954703193124,0.2719588364699175,0.292209313504154,1.1052422682630325,1.0116978711804896,0.009925868928443111,1.1374410069749806e-07,1.0,0.0043415322111227455,0.00459848944260592,0.00027856048466331715,0.6920634920634922,0.6444444444444445,0.03196354058032104,0.5392387536038493,0.4978335177052651,0.028337019389366676,1,0,1,1
07b_healthy_high_safe_zigzag_p2l_v2:0057,07b_healthy_high_safe_zigzag_p2l_v2,39.73499999999996,40.134999999999955,0.006754282730464893,0.018541041062085113,0.03536027499486066,0.020436620787698118,0.0,0.07248973797764358,0.212513964516285,0.42007267961592415,0.23676711212806625,0.0,-0.0006195253447125654,0.0006195253447125654,0.00113606686328932,0.00024184252345159542,0.0,0.012128176038394398,0.012519192443428315,0.022166576382413594,0.007103192068991264,0.0,0.012669972852541381,0.012972858844325733,0.022777685220290445,0.007241233806651848,0.0,0.31999999998963413,0.37999999995759665,0.3805501266690712,0.31324571725920053,0.3678718239188463,0.12126270883193777,0.008658280849679326,0.0069941596931125324,7.352101580972728e-08,1.0,0.0047034966995113305,0.005084517447621694,0.0002315723297594647,0.6805555555555555,0.6666666666666666,0.015631428718642728,0.49335624199130806,0.4664359486662912,0.023993969812293632,1,1,1,1
07b_healthy_high_safe_zigzag_p2l_v2:0058,07b_healthy_high_safe_zigzag_p2l_v2,39.93499999999996,40.33499999999996,0.016341116600798428,0.024233561894803846,0.06504528547962718,0.0269599309061378,0.0,0.1783621545879002,0.2723644011344723,0.721804540642126,0.3032909849713529,0.0,-0.0004737902411388356,0.0004737902411388356,0.0007772888021703173,0.00018998679475989465,0.0,0.011349256575243652,0.011740272980277569,0.022166576382413594,0.007753468623895054,0.0,0.011721592273057488,0.01202447826484184,0.022777685220290445,0.00786853100385834,0.0,0.3199999999896952,0.3799999999553704,0.3804771004427563,0.3036588833889176,0.3686507433798735,0.12171179565872152,0.00926952486256117,0.006246699541112413,6.950715739735835e-08,1.0,0.004762004329918646,0.005084517447621694,0.0002421287290341023,0.6722222222222222,0.6333333333333333,0.02290614236454258,0.45109259321485556,0.4127537608791502,0.023280067423495074,1,1,1,1
07b_healthy_high_safe_zigzag_p2l_v2:0059,07b_healthy_high_safe_zigzag_p2l_v2,40.13499999999996,40.53499999999996,0.0056347654482461025,0.030463252736923862,0.06504528547962718,0.03659892674422706,0.0,0.05514062937068653,0.345678226313823,0.721804540642126,0.41486419742486613,0.0,-0.00043388422304265763,0.00043388422304265763,0.0007711400977716276,0.00020043686776799336,0.0,0.012891676774982477,0.012891676774982477,0.022177312290419526,0.006303354473581692,0.0,0.013198520925778131,0.013198520925778131,0.02252943606611435,0.006322172457439205,0.0,0.3199999999897829,0.37999999995313305,0.38042677399915503,0.31436523454154935,0.3671083231779512,0.12435069001534926,0.009820525677513585,0.005749235270512389,8.054649364047396e-08,1.0,0.004725882333684163,0.005151942966697378,0.0002472705916842977,0.6518518518518519,0.6111111111111112,0.026963369960298224,0.4025957016050106,0.3520732697482974,0.032065973144957745,1,1,1,1
07b_healthy_high_safe_zigzag_p2l_v2:0060,07b_healthy_high_safe_zigzag_p2l_v2,40.33499999999996,40.73499999999996,-0.006311261925464866,0.024997985609099566,0.050808125984017016,0.027718205224218726,0.0,-0.08149767144762564,0.2876108878989535,0.5896060511896932,0.3204187747085808,0.0,-0.000370955408030324,0.000370955408030324,0.0007668502888206197,0.00017782172302227643,0.0,0.010222267747733438,0.010875368295730178,0.022177312290419526,0.008016377623572895,0.0,0.010544846418691994,0.011074045936792778,0.02252943606611435,0.008003607095687676,0.0,0.3199999999898928,0.3799999999509752,0.38037721622347725,0.326311261915354,0.36977773220304627,0.12348027520493061,0.010246347653443153,0.006084708718809721,9.409118832900648e-08,1.0,0.004818663855698357,0.005179095111167296,0.00036780933267194487,0.6324074074074074,0.6111111111111112,0.022318464431840643,0.35876487290679293,0.3242511794484815,0.021766384522290426,1,1,1,1
07b_healthy_high_safe_zigzag_p2l_v2:0061,07b_healthy_high_safe_zigzag_p2l_v2,40.534999999999954,40.93499999999995,0.0003305760731375044,0.028696721192166597,0.061357419231148735,0.03416680121928709,0.0,0.009756065519178953,0.33773619743880223,0.748047985162395,0.4066318974082654,0.0,-0.00035079482528453665,0.00035079482528453665,0.0006624575761847717,0.00015342090147070384,0.0,0.0047596901570609584,0.005849563097643081,0.016363819833093263,0.006053684374328758,0.0,0.005171162814439523,0.005966772674594926,0.01687844596649557,0.00607528576556856,0.0,0.31999999999000717,0.37999999994880596,0.38035982044125605,0.3196694239168728,0.3752403097915789,0.12183980613692258,0.010775193200725019,0.0064802464962142245,1.2630946632826732e-07,1.0,0.004670118329382827,0.005179095111167296,0.0004182147923075809,0.6203703703703703,0.6111111111111112,0.008281733249999193,0.33497512381172,0.31700576282880566,0.01422032727925557,1,1,1,1
07b_healthy_high_safe_zigzag_p2l_v2:0062,07b_healthy_high_safe_zigzag_p2l_v2,40.73499999999996,41.134999999999955,0.012137123446425238,0.02613006302556224,0.061357419231148735,0.03063479139468621,0.0,0.15104219094411095,0.3064491139137194,0.748047985162395,0.35880385704186407,0.0,-0.0003145991071026588,0.0003195280141034984,0.0006058852661112168,0.000170105716171974,0.0,0.0015791733507361887,0.005870644757303496,0.013350800566246768,0.006745746982847924,0.0,0.0019425800208961914,0.005847739178767214,0.013649747500150078,0.0067325434177361275,0.0,0.3199999999901404,0.379999999946688,0.3802896473587059,0.3078628765437231,0.3784208265958446,0.12144306052265628,0.009597499050009908,0.004935150415601108,1.307327410439096e-07,1.0,0.0045822408022823235,0.004942213685698419,0.00028255382437340483,0.6175925925925926,0.5944444444444444,0.014843721798038341,0.33029067062773215,0.31700576282880566,0.011523904084992957,1,1,1,1
07b_healthy_high_safe_zigzag_p2l_v2:0063,07b_healthy_high_safe_zigzag_p2l_v2,40.93499999999996,41.33499999999996,0.01269486143595506,0.019321606363000354,0.03772272930560855,0.018207389919483286,0.0,0.14289778620598492,0.2179104324590175,0.4162387851436629,0.2035514465130354,0.0,-0.0002509709998383708,0.0002625096790048881,0.0006058852661112168,0.00016165429927372097,0.0,-0.002222028109413493,0.0086904947062053,0.015154689737536198,0.00929623880405687,0.0,-0.0019210438152402938,0.008595369400497396,0.014910717650799987,0.009310290030131629,0.0,0.3199999999903258,0.37999999994482614,0.38025207027607844,0.3073051385543844,0.38222202805410305,0.12088889078238976,0.009288146772409352,0.00550870840943226,8.698593061129811e-08,1.0,0.004774169393650844,0.004988729094524032,0.000223500458158676,0.612037037037037,0.5833333333333334,0.021615958388756948,0.3495692860280035,0.31850644376148135,0.018264906982835987,1,1,1,1
07b_healthy_high_safe_zigzag_p2l_v2:0064,07b_healthy_high_safe_zigzag_p2l_v2,41.134999999999955,41.534999999999954,-0.057536979409692525,0.08211881372765296,0.32280027350587503,0.12424694534130167,0.16666666666666666,-0.5823322672478869,0.8651632392900734,3.201491500966512,1.2497866451824058,0.16666666666666666,-0.04739607651661643,0.04748099318763457,0.37778847678378846,0.11620152271048663,0.15,-0.10270833880363554,0.10472653854501175,0.36692007449565983,0.1444122364585043,0.3333333333333333,-0.04000579422182513,0.0448326782841262,0.23101283263966418,0.08576499311951218,0.16666666666666666,0.19200000000389128,0.22799999998025258,0.2709925246772013,0.22361270246874945,0.2927083387849522,2.2049399312756477,1.9889623972764006,0.02064115989799631,6.850955237057546e-05,1.0,0.004805128939761843,0.00577879045707813,0.0005616881198164133,0.5990740740740741,0.5111111111111111,0.04563415381611707,0.3781121975383086,0.36225314840605194,0.013158107606170852,0,0,1,1
07b_healthy_high_safe_zigzag_p2l_v2:0065,07b_healthy_high_safe_zigzag_p2l_v2,41.33499999999995,41.73499999999995,-0.06410783578923558,0.07753257199154774,0.32280027350587503,0.12015129835552064,0.16666666666666666,-0.6566952983844485,0.8300259927019784,3.201491500966512,1.2052832684533448,0.16666666666666666,-0.047296385087205954,0.04743709995434256,0.37778847678378846,0.11624205876665299,0.15,-0.10019002360881331,0.10114923807338982,0.36692007449565983,0.1460073391225259,0.3333333333333333,-0.03758511915207715,0.04132289722144141,0.23101283263966418,0.08658425546811324,0.16666666666666666,0.03200000000866954,0.03800000000830632,0.08094626252960253,0.07753257200467704,0.10114923808281345,2.203314513414805,2.0122773513281578,0.0055175592016210384,6.850638551704386e-05,1.0,0.004255040729522479,0.00577879045707813,0.0007168713369380171,0.6222222222222221,0.5111111111111111,0.05201693298217831,0.39344836651503656,0.3863472262341978,0.004861339946847953,0,0,1,1
07b_healthy_high_safe_zigzag_p2l_v2:0066,07b_healthy_high_safe_zigzag_p2l_v2,41.534999999999954,41.93499999999995,0.00315453343846882,0.02345055949657209,0.05194069408805826,0.0283602833699905,0.0,0.048698511064021795,0.30384227464064595,0.6972240624382305,0.3689294623914285,0.0,-1.7392061982675644e-05,0.00014824217027469615,0.00047242588549841976,0.00018856691969705127,0.0,-1.0113951713715646e-05,0.002075946298150794,0.0033198536455817376,0.0023448242525640583,0.0,5.814548825822632e-05,0.0020645043765053746,0.0032620383174799816,0.002297162233741487,0.0,0.0,0.0,0.00016674551391056047,0.02345055949657209,0.002075946298150794,0.013197980647817057,0.00561595741250415,0.0032967184870359885,6.901989286335354e-08,1.0,0.003903060385218407,0.004366319595340367,0.0002429232884401057,0.6537037037037037,0.65,0.002618914004394611,0.39554702682195303,0.39271384964027745,0.0025051894554388226,1,1,1,1
07b_healthy_high_safe_zigzag_p2l_v2:0067,07b_healthy_high_safe_zigzag_p2l_v2,41.73499999999996,42.134999999999955,0.012413287993462469,0.024097954481082633,0.05194069408805826,0.027362758013513053,0.0,0.16573656598740416,0.30664189876252934,0.6972240624382305,0.34853315369157883,0.0,-1.5343182141427963e-05,0.000139269668159088,0.00043560740418007934,0.00017725279882463605,0.0,0.0009319423594001228,0.0029142450226979978,0.008218708500712624,0.0037428314443200637,0.0,0.000987159156703387,0.002815810271700443,0.008146869967731507,0.0036562871493754983,0.0,0.0,0.0,0.00014145234460846977,0.024097954481082633,0.0029142450226979978,0.013493120948715695,0.005831165824386167,0.0040054402813576966,7.785385180936671e-08,1.0,0.004034500922674004,0.004366319595340367,0.00023438068370691608,0.6555555555555556,0.6555555555555556,0.0,0.395493277710796,0.39217645654232985,0.0027634164655332702,1,1,1,1
07b_healthy_high_safe_zigzag_p2l_v2:0068,07b_healthy_high_safe_zigzag_p2l_v2,41.93499999999995,42.33499999999995,0.006754390303373467,0.010996387492607305,0.03435469083261849,0.014734050268314558,0.0,0.08371257355247878,0.13832590801493047,0.42107373738331716,0.18288392043424984,0.0,4.347889574142878e-05,0.00014915555656175742,0.00045973821423689055,0.00019473116594239832,0.0,0.00048225065661810525,0.00398632034146812,0.008218708500712624,0.004646757821004849,0.0,0.00039197427282963064,0.004001127195584383,0.008146869967731507,0.004673169308861549,0.0,0.0,0.0,0.00015447801522489713,0.010996387492607305,0.00398632034146812,0.013148744050362565,0.005480526991040878,0.004335294635126463,7.112399732361538e-08,1.0,0.0038245750860259335,0.0042551581818840835,0.00036344901195603134,0.6537037037037037,0.65,0.0026189140043946114,0.3952006267636121,0.39217645654232985,0.002806599535127582,1,1,1,1
07b_healthy_high_safe_zigzag_p2l_v2:0069,07b_healthy_high_safe_zigzag_p2l_v2,42.13499999999995,42.53499999999995,-0.008972582340945797,0.0173321888662312,0.04708757411621762,0.02150820619881473,0.0,-0.11759134547709892,0.2251739350257975,0.6131475395436918,0.2789706355306759,0.0,2.6469504855380754e-05,0.00015740151175956408,0.0004667426798099813,0.0002027541384842621,0.0,0.00026501126601686766,0.0038292388276920906,0.005187004493546054,0.003958133685084882,0.0,0.0001998622270574147,0.0038487927290521,0.0050324344375105344,0.004007118111974186,0.0,0.0,0.0,0.0001697541307859588,0.0173321888662312,0.0038292388276920906,0.013317085872972352,0.005104209321754627,0.0037164116727948842,6.775966742315241e-08,1.0,0.0037217850652473197,0.0040530119076744265,0.0002919051147687774,0.6537037037037037,0.65,0.002618914004394611,0.39284688461152584,0.3880179436201576,0.0022955683757561085,1,1,1,1
07b_healthy_high_safe_zigzag_p2l_v2:0070,07b_healthy_high_safe_zigzag_p2l_v2,42.33499999999995,42.73499999999995,-0.004680817287225991,0.025572030365441287,0.04708757411621762,0.028735668793850228,0.0,-0.060500980045169926,0.33476671020095644,0.6131475395436918,0.37676816468715935,0.0,-8.18579095411314e-05,0.00012857881986267614,0.0004667426798099813,0.0001408650540617058,0.0,0.000708421544715932,0.002259960006917316,0.004822232790643356,0.0025623295265908195,0.0,0.0008849003487709672,0.002203889276415016,0.004928229716238902,0.0024584967254813466,0.0,0.0,0.0,0.00014855839936621785,0.025572030365441287,0.002259960006917316,0.014673902418099473,0.005844694619162345,0.0035354888420819075,7.47930432807091e-08,1.0,0.003836472872421308,0.003956197190447868,9.403463737337825e-05,0.6546296296296296,0.65,0.002070433312499798,0.39208690591827594,0.3880179436201576,0.00244948244105438,1,1,1,1
07b_healthy_high_safe_zigzag_p2l_v2:0071,07b_healthy_high_safe_zigzag_p2l_v2,42.534999999999954,42.93499999999995,0.00022678211228032035,0.018974825470909975,0.03908166497336954,0.022949568784893747,0.0,-0.0009217810199776225,0.2525348057918364,0.5204127552087866,0.30784383725961434,0.0,-6.097755998844543e-05,0.0001806439372917167,0.0005810670881005411,0.00022470128222861993,0.0,-0.0027105849111421763,0.0033137178669151502,0.008124664307085933,0.003769174673097073,0.0,-0.0026158424792423573,0.003333455294155669,0.008221707557428017,0.0038924818655642597,0.0,0.0,0.0,0.00018893628618808816,0.018974825470909975,0.0033137178669151502,0.015371327875173924,0.006101822576770778,0.004014276768161062,6.760100617895415e-08,1.0,0.003779353839210828,0.004205363649913252,0.00024923747146677163,0.6537037037037037,0.65,0.002618914004394611,0.3932133892951195,0.3895865754682486,0.002273141835006935,1,1,1,1
07b_healthy_high_safe_zigzag_p2l_v2:0072,07b_healthy_high_safe_zigzag_p2l_v2,42.73499999999995,43.13499999999995,-0.007610050943020805,0.018863234852070296,0.042550263494398784,0.022118478418536883,0.0,-0.1070897695629876,0.25196818489268913,0.5684070811215729,0.29571710624677383,0.0,-9.688977046167125e-06,0.00023547474486100816,0.0006481244033694223,0.0002973344941647528,0.0,-0.0016755058496050977,0.003715866891702146,0.008124664307085933,0.004543872614282736,0.0,-0.0017801423699012025,0.0036594445493311374,0.008221707557428017,0.004518851893098454,0.0,0.0,0.0,0.00022897364306578835,0.018863234852070296,0.003715866891702146,0.01404597006896206,0.005615232828669387,0.004348934294199077,7.075433654201395e-08,1.0,0.0037239534119138176,0.004205363649913252,0.00023979803000702746,0.6555555555555556,0.65,0.00320750149549791,0.3937382106245691,0.3908402397487044,0.0031260901770167352,1,1,1,1
07b_healthy_high_safe_zigzag_p2l_v2:0073,07b_healthy_high_safe_zigzag_p2l_v2,42.934999999999945,43.334999999999944,-0.005342281981055272,0.016797858242194968,0.042550263494398784,0.020225488209631038,0.0,-0.06887605817039212,0.22029442932382173,0.5684070811215729,0.26837346378620114,0.0,-1.6200510053374456e-05,0.0001951277885676383,0.0006481244033694223,0.00025429012832429136,0.0,0.0011467788525308792,0.0015360687618034483,0.003035922984659894,0.0015727947458394262,0.0,0.0010465587472888009,0.0014533845379058774,0.003048962453861925,0.0015084823253737165,0.0,0.0,0.0,0.0002025082525100128,0.016797858242194968,0.0015360687618034483,0.01400361520260058,0.005711966889320516,0.004159987348818466,8.320368374601962e-08,1.0,0.0038559919465522576,0.004471858323398533,0.000283006137318203,0.6564814814814814,0.6555555555555556,0.002070433312499798,0.3934486812519291,0.3910289286402221,0.002844036907836025,1,1,1,1
07b_healthy_high_safe_zigzag_p2l_v2:0074,07b_healthy_high_safe_zigzag_p2l_v2,43.13499999999995,43.53499999999995,0.0024863231907490436,0.011638583004394581,0.019130334832471948,0.01202574522106103,0.0,0.038464898329293916,0.1541148694643598,0.25404618657797395,0.15830154295506338,0.0,-6.575297930968841e-05,0.00015200717671738783,0.0004564757319066129,0.00018842422043241768,0.0,-0.0003582390992092682,0.001971106743870439,0.005820167801421414,0.0026930723837044254,0.0,-0.0004106597422309146,0.0019127623060083403,0.005749788772866535,0.002629899720835269,0.0,0.0,0.0,0.00014811549564609991,0.011638583004394581,0.001971106743870439,0.015044756601206638,0.006177983994312674,0.0045763252554390805,9.47880352630379e-08,1.0,0.003735478599082086,0.004471858323398533,0.0003850752001775031,0.6546296296296296,0.65,0.002070433312499798,0.39483264463743306,0.3917582952654528,0.002816908359360611,1,1,1,1
08_low_friction_mild_mu_0p20_p2l_v2:0000,08_low_friction_mild_mu_0p20_p2l_v2,11.95,12.35,0.014590891912591797,0.030959371465417832,0.050574764887574786,0.029684051067608234,0.0,0.1811622993337968,0.38463371145448505,0.5815451417156954,0.3652728203518978,0.0,4.007879682554907e-06,0.00023823902344612737,0.0006468704441872381,0.00027657824913385496,0.0,0.004599924574014389,0.008499037771445691,0.01826020879186886,0.008866040796799196,0.0,0.004602203206013611,0.008510382034080171,0.018409309035255422,0.008920026797857736,0.0,0.24999999999231165,0.0,0.0002101017950325086,0.2354091080797199,0.008499037771445691,0.012753447616090364,0.006140545848537496,0.0040814770018856245,9.823930386169339e-08,1.0,0.0041308008591144155,0.004696268984104202,0.0003464840869666374,0.6861111111111112,0.6777777777777778,0.009487917375888522,0.5020560957139112,0.4907420322646141,0.006709086867586834,1,1,1,1
08_low_friction_mild_mu_0p20_p2l_v2:0001,08_low_friction_mild_mu_0p20_p2l_v2,12.149999999999999,12.549999999999999,0.015787664049457556,0.034237007804703984,0.050574764887574786,0.03488471937893995,0.0,0.17851219484247008,0.4367197760423187,0.7150901484213622,0.45792317300540564,0.0,6.204644035510976e-06,0.00019888869122367792,0.0006288738582673172,0.0002518566270591728,0.0,0.006902244434053449,0.011009360632232382,0.022714692597269867,0.011235602005022906,0.0,0.006937482081771158,0.011035778256083621,0.022980977746019874,0.011329004834146257,0.0,0.24999999999231165,0.0,0.0001750739926120565,0.23421233594285443,0.011009360632232382,0.01355081699015277,0.006928642325646874,0.004028988015907975,6.518146558283678e-08,1.0,0.004026825761339986,0.004696268984104202,0.00048437827276685526,0.6731481481481482,0.6611111111111111,0.009842727604383945,0.4948334125999769,0.48095426661287016,0.009281690806632735,1,1,1,1
08_low_friction_mild_mu_0p20_p2l_v2:0002,08_low_friction_mild_mu_0p20_p2l_v2,12.349999999999998,12.749999999999998,0.008632900154109386,0.029645898774707094,0.050564509310844,0.03381724679695218,0.0,0.10192094727484212,0.39047442337377936,0.7150901484213622,0.4536928526265894,0.0,-1.931545748755884e-05,0.00014057554229681175,0.0006288738582673172,0.000203275022807012,0.0,0.0026453227186369614,0.00810890648341471,0.022714692597269867,0.010408978046214034,0.0,0.0027282291059502715,0.00811735298280903,0.022980977746019874,0.010477492349341236,0.0,0.24999999999231245,0.0,0.00014605349336263316,0.24136709983820262,0.00810890648341471,0.014652224101865494,0.006942618013465478,0.005118114478870828,9.816974727988434e-08,1.0,0.003932098183351949,0.004494332424220787,0.0004131623339905531,0.6675925925925926,0.6611111111111111,0.0059288187383637735,0.49366758251199244,0.48095426661287016,0.007859750638952192,1,1,1,1
08_low_friction_mild_mu_0p20_p2l_v2:0003,08_low_friction_mild_mu_0p20_p2l_v2,12.549999999999997,12.949999999999998,0.013821789035878112,0.02158393925148872,0.042195441999775984,0.02251111864636127,0.0,0.17623937242022206,0.2738283345761348,0.5498291158847174,0.2863883002521031,0.0,-5.121904796421882e-05,0.00011592398842004805,0.00037306987395917366,0.00013745809401968144,0.0,0.0012755825033168174,0.00484339725677473,0.009547995008885146,0.005464936664969268,0.0,0.0013391714257014948,0.0048368577444435805,0.009555768520258029,0.005460885401502979,0.0,0.24999999999231245,0.0,0.00012448711394232758,0.2361782109564338,0.00484339725677473,0.01524350269640274,0.006353717703584565,0.005365706189904286,1.0202202690846684e-07,1.0,0.004139456152425453,0.004494332424220787,0.00026615513522053997,0.6666666666666666,0.65,0.008486251286955265,0.5011528517714561,0.49287677803847213,0.00563367929581168,1,1,1,1
08_low_friction_mild_mu_0p20_p2l_v2:0004,08_low_friction_mild_mu_0p20_p2l_v2,12.749999999999996,13.149999999999997,0.0030034808372708666,0.01668125270665836,0.03890811100436012,0.020176589872399713,0.0,0.036829012212783445,0.21311376110780703,0.481362431537871,0.2559534829408801,0.0,1.4057070448623082e-05,0.00012254073190147728,0.0002882557615907459,0.00014599102489310444,0.0,-4.537051360084846e-05,0.003983931801572456,0.006634041560577301,0.0045379875196835786,0.0,-9.62363881159849e-05,0.003932810728967461,0.0066205758485873714,0.004540920923765926,0.0,0.24999999999231193,0.0,0.00011981236098807016,0.24699651915504106,0.003983931801572456,0.014518127917127222,0.006994877515365309,0.005182712040341209,8.14018429262685e-08,1.0,0.004035426894652229,0.004457508573304447,0.000272441911137442,0.662037037037037,0.65,0.007465053470646805,0.5131223446241376,0.4989821683345017,0.013815416128568446,1,1,1,1
08_low_friction_mild_mu_0p20_p2l_v2:0005,08_low_friction_mild_mu_0p20_p2l_v2,12.949999999999996,13.349999999999996,-0.0006610864109513198,0.01698037276084521,0.027486547958005092,0.01918005015253624,0.0,-0.011063520691468468,0.22583996220781102,0.3835854037832398,0.25654585778639977,0.0,1.5186669085696783e-05,0.00016535948385826385,0.00040155454541871907,0.00019387333398055792,0.0,0.0003557706800249331,0.005956801773498794,0.0116162277539896,0.007261737938006115,0.0,0.00037503132228576915,0.0058350227445844935,0.011717819351163497,0.007168606801358752,0.0,0.24999999999231193,0.0,0.00016389005395951354,0.25066108640326323,0.005956801773498794,0.01393895297357313,0.007536839911405098,0.0057742390634195236,8.025421286324005e-08,1.0,0.003742735995824895,0.00422349158905686,0.00027727950779877846,0.6629629629629629,0.6555555555555556,0.006141897759917413,0.5188662683457695,0.5005836628350256,0.01128346366600296,1,1,1,1
08_low_friction_mild_mu_0p20_p2l_v2:0006,08_low_friction_mild_mu_0p20_p2l_v2,13.149999999999995,13.549999999999995,-0.005642298523043256,0.02562701532938545,0.05260587736203942,0.02933699495422404,0.0,-0.08250385435393486,0.3368415667531494,0.7048940797153851,0.38626191274870075,0.0,-2.9375693392353005e-05,0.00019411615730624288,0.0005704634182709942,0.0002442163050295656,0.0,-0.0003389582568352883,0.006037021998080385,0.0116162277539896,0.007226499472945723,0.0,-0.0003163402542933822,0.006042931216326458,0.011717819351163497,0.007182839923920382,0.0,0.24999999999231193,0.0,0.00018446572536554555,0.2556422985153552,0.006037021998080385,0.015282378766249218,0.007673428177212163,0.005563606934981888,8.926059223313115e-08,1.0,0.0037904691052446176,0.004196716422366732,0.0003152524483092718,0.6657407407407407,0.6555555555555556,0.008124967025363089,0.5145609765456441,0.5020648151000522,0.006415129555983912,1,1,1,1
08_low_friction_mild_mu_0p20_p2l_v2:0007,08_low_friction_mild_mu_0p20_p2l_v2,13.349999999999994,13.749999999999995,0.00022904342102550435,0.029539621958567696,0.05260587736203942,0.03191823382641437,0.0,0.0002866269895659042,0.39094975821694516,0.7048940797153851,0.42499602820793764,0.0,-4.9782916315995397e-05,0.00016186055274910506,0.0005704634182709942,0.00021467506405338033,0.0,-0.000657420298744703,0.0037831067915316905,0.0070549224666053316,0.0042994098721942505,0.0,-0.0006688232168517295,0.003867418277473177,0.007114639865427495,0.004361346379830968,0.0,0.24999999999231193,0.0,0.00015678965087948635,0.24977095657128645,0.0037831067915316905,0.01387015793866254,0.006162902431728947,0.003960543337100057,8.740386271587205e-08,1.0,0.003787042283672949,0.004196716422366732,0.000360498341988125,0.6638888888888889,0.65,0.00892930626017866,0.5045381909249076,0.490496837072745,0.010880593828158942,1,1,1,1
08_low_friction_mild_mu_0p20_p2l_v2:0008,08_low_friction_mild_mu_0p20_p2l_v2,13.549999999999994,13.949999999999994,0.012799392678714003,0.031882095235763214,0.07588084860142452,0.035629686644918536,0.0,0.16953639358094685,0.42020433114096206,0.9826627196187099,0.46673325349956557,0.0,-4.844994278266504e-05,0.00014091673365764672,0.00033555539710796974,0.0001650007650893246,0.0,-0.000848248085785114,0.0037359591495741058,0.00799463958179816,0.004859418191545224,0.0,-0.0006996301155325707,0.003790703890793811,0.00802668318363074,0.004903462549400823,0.0,0.24999999999231193,0.0,0.00015181415937251763,0.23720060731359793,0.0037359591495741058,0.01306527183373046,0.006138422763663614,0.004140958558293443,7.670537530557066e-08,1.0,0.003753126247611007,0.004116299398525004,0.00030768476250827453,0.6592592592592592,0.65,0.006141897759917385,0.4957372544150585,0.490496837072745,0.004228090860646471,1,1,1,1
08_low_friction_mild_mu_0p20_p2l_v2:0009,08_low_friction_mild_mu_0p20_p2l_v2,13.749999999999993,14.149999999999993,0.026077158400722764,0.03795641361999012,0.07588084860142452,0.038177080720463864,0.0,0.32352789047081404,0.47501631664945426,0.9826627196187099,0.4815540016984861,0.0,-4.21844603430667e-05,0.00015210281611565565,0.00033555539710796974,0.0001715455883393657,0.0,0.003796774917399307,0.007350031438873761,0.01652515936582706,0.00937977540168347,0.0,0.00394132546023588,0.007478160066244209,0.016861666346262134,0.009481742202936204,0.0,0.24999999999231193,0.0,0.00015589705150766988,0.22392284159158915,0.007350031438873761,0.014877642350891679,0.007004609810350974,0.004900763626383568,8.484508546747081e-08,1.0,0.004081439084484928,0.0045459289888832195,0.00023620595744414767,0.6564814814814814,0.6444444444444445,0.005928818738363728,0.5106947994946628,0.494394018128682,0.016164972090897553,1,1,1,1
08_low_friction_mild_mu_0p20_p2l_v2:0010,08_low_friction_mild_mu_0p20_p2l_v2,13.949999999999992,14.349999999999993,0.018665896440333094,0.0337548317907228,0.057875036544620756,0.034295054397515005,0.0,0.22222962300457758,0.41403355339630116,0.7245845083201258,0.4215815509859318,0.0,-4.391240815495653e-05,0.00018057026631421863,0.0004425537387874462,0.0002015239520278758,0.0,0.0056704799672212805,0.008326460692389482,0.01652515936582706,0.008817071661260953,0.0,0.005660294801581189,0.008435368361794142,0.016861666346262134,0.008989972525668091,0.0,0.24999999999231193,0.0,0.00016063784158025008,0.23133410355197884,0.008326460692389482,0.015242594675194615,0.0068734064208036336,0.0044095239034228914,8.444928739546684e-08,1.0,0.004168918362641921,0.0045459289888832195,0.00022297033892497553,0.6472222222222223,0.6333333333333333,0.010516496936667175,0.5231962462338281,0.5166319757405605,0.0062406258094454626,1,1,1,1
08_low_friction_mild_mu_0p20_p2l_v2:0011,08_low_friction_mild_mu_0p20_p2l_v2,14.149999999999991,14.549999999999992,-0.000828470478193862,0.02681550737536975,0.04104231723245355,0.028353653311602323,0.0,-0.0160681246359311,0.34340779838564145,0.49581962746054165,0.3609940954156225,0.0,2.867159846745963e-05,0.0002115656001277902,0.0006124942197840466,0.00025289872821926195,0.0,0.0011422208153621632,0.006957805412887045,0.01192882787697688,0.008024782361314261,0.0,0.0010596916917444603,0.007006549843440899,0.012099174408844704,0.00809025242481188,0.0,0.24999999999231193,0.0,0.00019819795910427294,0.25082847047050577,0.006957805412887045,0.013984235818289665,0.006453036732354431,0.0035021166754511087,8.050314060670689e-08,1.0,0.003931422881879423,0.0043539913489888836,0.00029307334444112377,0.6509259259259258,0.6333333333333333,0.01338595582851943,0.528122547711965,0.5116857741778255,0.014678813864478434,1,1,1,1
08_low_friction_mild_mu_0p20_p2l_v2:0012,08_low_friction_mild_mu_0p20_p2l_v2,14.34999999999999,14.749999999999991,0.011861147525741364,0.029862985635251537,0.06754460392611181,0.03293222347218504,0.0,0.14540712671927056,0.38875736411971235,0.8541633609396284,0.42658582408372625,0.0,3.0926196734696576e-05,0.00016715562386780328,0.0006124942197840466,0.00022217736070894063,0.0,0.0019383060847540563,0.006630797105976741,0.01192882787697688,0.007340342717187427,0.0,0.001956710234996274,0.006666107177424943,0.012099174408844704,0.007393162889429393,0.0,0.24999999999231193,0.0,0.00016296396393771596,0.2381388524665706,0.006630797105976741,0.013689068890732766,0.005955642790030792,0.0033332038285605733,7.514763059967009e-08,1.0,0.003792025739815026,0.004057288575874443,0.00027952283467422474,0.6648148148148149,0.6555555555555556,0.00763538078818088,0.5401181325792681,0.5116857741778255,0.014122337870533316,1,1,1,1
08_low_friction_mild_mu_0p20_p2l_v2:0013,08_low_friction_mild_mu_0p20_p2l_v2,14.54999999999999,14.94999999999999,0.013526034743499773,0.033812469357589685,0.06754460392611181,0.03662350725139877,0.0,0.15697734701186092,0.43174816038756036,0.8541633609396284,0.4661933590953575,0.0,-2.6815459422827537e-05,0.00016241459326476354,0.0005146137551378471,0.00020698331620282428,0.0,0.0030139455559124602,0.004964885711989585,0.013529572837552835,0.005808142608087518,0.0,0.003021403981234233,0.005041278915513228,0.013725337286064036,0.005901271430237988,0.0,0.24999999999231193,0.0,0.00014016859660200562,0.23647396524881215,0.004964885711989585,0.014402797041956942,0.005689264679013912,0.0033773099776665304,8.15103902723277e-08,1.0,0.003858707242567315,0.004349756855335686,0.000314289179400681,0.6657407407407406,0.6555555555555556,0.007465053470646827,0.5504370327328885,0.5353376646802074,0.010468146030526869,1,1,1,1
08_low_friction_mild_mu_0p20_p2l_v2:0014,08_low_friction_mild_mu_0p20_p2l_v2,14.74999999999999,15.14999999999999,-0.004296257753535958,0.027881262563996353,0.05376190627936378,0.03044947563778641,0.0,-0.0648029245432893,0.3523939910399673,0.6498824434699051,0.37734624605165895,0.0,-4.20580346511839e-06,0.0001656782486589568,0.0005146137551378471,0.00020980448262605182,0.0,0.00047002287880257374,0.0060607962725862,0.013529572837552835,0.007626259896959022,0.0,0.0005173524248201332,0.006055197702041546,0.013725337286064036,0.007611863623634743,0.0,0.24999999999231193,0.0,0.00016389213497457813,0.2542962577458479,0.0060607962725862,0.012488298256034982,0.004811230295519452,0.0031734006428964113,9.357763567727748e-08,1.0,0.003959172473692687,0.004349756855335686,0.00029347777172330917,0.6648148148148147,0.6555555555555556,0.006928995160692499,0.5518538097388771,0.5425872308782443,0.008429357647880201,1,1,1,1
08_low_friction_mild_mu_0p20_p2l_v2:0015,08_low_friction_mild_mu_0p20_p2l_v2,14.949999999999989,15.349999999999989,-0.014195144127696846,0.02240285333536368,0.034522402241389416,0.01964957223605189,0.0,-0.17787315234742773,0.28104480883635546,0.4223823483495676,0.24468605828908793,0.0,-9.266250634286658e-06,0.00011950079504696403,0.0003553927798814237,0.00015071136675728162,0.0,-0.0018413540151491006,0.006637289049837958,0.010534165120707152,0.006863398052083693,0.0,-0.0017426075835463236,0.006508335102947629,0.01025705553533728,0.006756279732039803,0.0,0.24999999999231193,0.0,0.00012912899053308066,0.2641951441200088,0.006637289049837958,0.012264656820434696,0.005176097330891562,0.0036436658361393643,9.175155816758065e-08,1.0,0.004059878972923641,0.004267202863441437,0.00017423200881729024,0.6638888888888889,0.65,0.008333333333333342,0.5442731753483426,0.5333700366528373,0.007627821875778097,1,1,1,1
08_low_friction_mild_mu_0p20_p2l_v2:0016,08_low_friction_mild_mu_0p20_p2l_v2,15.149999999999988,15.549999999999988,0.004988917683334783,0.025292492531857304,0.06974464868900165,0.03327999877069275,0.0,0.08107623366424828,0.33623667599648227,0.9666338737725455,0.4479459350056533,0.0,-4.496918839407348e-05,0.00013027288500115828,0.00041776694400181956,0.0001568240910342776,0.0,-0.0006367884952561536,0.004151319751724712,0.008324920487453084,0.005047424508411002,0.0,-0.0006300506264449528,0.00409468621721326,0.00830486946368291,0.004990043615982082,0.0,0.28499999998790493,0.0,0.00012718013386006438,0.27834441564159906,0.004151319751724712,0.8752743840280726,0.8557798096080909,0.0059796530748809,8.433577950314194e-08,1.0,0.003756910392611948,0.004211230492980461,0.000337311822733335,0.6564814814814814,0.6388888888888888,0.01083768510251819,0.5425038479020804,0.5295649901516968,0.010047236838302937,1,1,1,1
08_low_friction_mild_mu_0p20_p2l_v2:0017,08_low_friction_mild_mu_0p20_p2l_v2,15.349999999999987,15.749999999999988,0.019915520413816824,0.03029443667739154,0.06974464868900165,0.031443800460540725,0.0,0.25938262138478524,0.3918666107964964,0.9666338737725455,0.4169602153928903,0.0,-5.752258879148998e-05,0.0001829789310454628,0.0004187784743909452,0.00021288138823108882,0.0,0.0026712097524412195,0.0033367232343719205,0.008600134447626577,0.003399846307494728,0.0,0.002663547439677593,0.003331650745931373,0.008742750486239908,0.0034497647796703536,0.0,0.3349999999869002,0.0,0.00018187329704574725,0.3134178129101123,0.0033367232343719205,0.8752857296687384,0.855654971054329,0.004865310622786266,7.082051445187406e-08,1.0,0.003894185556951609,0.0046251644966303586,0.0004986705535175324,0.6416666666666666,0.5888888888888889,0.024585033421021762,0.5509658575393379,0.5295649901516968,0.010820538617751866,1,1,1,1
08_low_friction_mild_mu_0p20_p2l_v2:0018,08_low_friction_mild_mu_0p20_p2l_v2,15.549999999999986,15.949999999999987,0.024400090365728804,0.03373554793406286,0.04370048561256745,0.024326921414362653,0.0,0.3000409793735469,0.4181781406586575,0.5229538262685947,0.3039769692051639,0.0,-4.8310331123162055e-05,0.00017194572384389374,0.0004187784743909452,0.0002009719639039679,0.0,0.004387566033688037,0.004387566033688037,0.008600134447626577,0.002746860868757918,0.0,0.004386990842370782,0.004386990842370782,0.008742750486239908,0.002783375819011861,0.0,0.34999999998930775,0.0,0.0001726162054934308,0.32559990962399343,0.004387566033688037,0.23056216581698155,0.21498254857381466,0.004980070780844125,0.0023675964588867264,1.0,0.004189177528892549,0.0046251644966303586,0.0002937964597845409,0.6398148148148147,0.5888888888888889,0.023660985813297473,0.5633612530897997,0.5549518991717175,0.0071410102798405645,1,1,1,1
08_low_friction_mild_mu_0p20_p2l_v2:0019,08_low_friction_mild_mu_0p20_p2l_v2,15.749999999999986,16.149999999999984,0.03137001326308637,0.033883545380232444,0.06258630643790214,0.020902462715451403,0.0,0.40417634022717347,0.43571121471349245,0.8032305396483072,0.26561578094064053,0.0,-2.652561151437311e-05,0.00015538645281715176,0.0005212767169818417,0.00019130898132489933,0.0,0.0037615635188705606,0.004324211081126476,0.009230249173901462,0.0036178048662054516,0.0,0.003823095180521617,0.004406386535364737,0.009304274754951351,0.0036677766841190468,0.0,0.34999999998854503,0.0,0.00015911437468079997,0.31862998672548065,0.004324211081126476,0.3733634369347962,0.32493935416355746,0.04111650312528807,0.002466730101255288,1.0,0.003929221708707557,0.004333228632671081,0.000263071030260682,0.6444444444444444,0.6222222222222222,0.011111111111111118,0.5644021857645641,0.5497533205167963,0.008127762499072629,1,1,1,1
08_low_friction_mild_mu_0p20_p2l_v2:0020,08_low_friction_mild_mu_0p20_p2l_v2,15.949999999999985,16.349999999999984,0.009902856322681036,0.024034708304575353,0.06258630643790214,0.028523110223072065,0.0,0.12998024520772675,0.31512539611596385,0.8032305396483072,0.37005207557189196,0.0,-3.590368618026274e-05,0.0001874526440164556,0.0006167767122198856,0.000240315519621738,0.0,0.002121763601308005,0.0036819758158677333,0.009230249173901462,0.004069707634366924,0.0,0.0020988998606465137,0.0037931817842028707,0.009304274754951351,0.0041836327745414905,0.0,0.3499999999895398,0.0,0.0001671723955551868,0.3400971436664663,0.0036819758158677333,0.29757802073253015,0.26250308802202876,0.0062303448656838255,9.919945376312355e-05,1.0,0.003761051344891965,0.004096848251279622,0.00031143981022863044,0.6472222222222223,0.6222222222222222,0.01719831076019141,0.5520713750196502,0.5388405582607956,0.010338421853787333,1,1,1,1
08_low_friction_mild_mu_0p20_p2l_v2:0021,08_low_friction_mild_mu_0p20_p2l_v2,16.149999999999984,16.549999999999983,-0.005997260283006077,0.010345017867058002,0.02147614444068857,0.01068764452693259,0.0,-0.07975185109350175,0.13704466383929478,0.2716258108793365,0.1396950899200137,0.0,-7.573367605344687e-05,0.0001591509398240492,0.0006167767122198856,0.00019744562465448225,0.0,-0.00038074793103664786,0.0016054695894291472,0.0036741649751774984,0.0019298578864525527,0.0,-0.0004591804338423896,0.001596909631478687,0.0034131875929088915,0.0018714308765136528,0.0,0.3499999999903025,0.0,0.00013756391288423034,0.3559972602733086,0.0016054695894291472,0.06756162736186856,0.008124935981804946,0.004410649192179365,7.460515885108508e-08,1.0,0.003665666909097849,0.004042360271808107,0.00025501856531787333,0.6444444444444445,0.6277777777777778,0.015713484026367745,0.5421404948045659,0.5355196956415631,0.005952269598558863,1,1,1,1
08_low_friction_mild_mu_0p20_p2l_v2:0022,08_low_friction_mild_mu_0p20_p2l_v2,16.349999999999984,16.749999999999982,0.004893666744104889,0.01568333639465212,0.06173100941627102,0.02565969201472085,0.0,0.0652815779381361,0.21176641864312562,0.8311439897437852,0.3458646239065268,0.0,-6.50341730457356e-05,0.0001440907954161394,0.0005322896388365301,0.0001768265645193792,0.0,0.0016092612388100426,0.0027164431920683706,0.011128456964254374,0.004416553080861187,0.0,0.0016173916444745685,0.0027085712173708005,0.011196130775062306,0.004436121735447779,0.0,0.3499999999903025,0.0,0.00014260937304724406,0.34510633324619766,0.0027164431920683706,0.07027911958185597,0.010071985080928963,0.007936992693413938,7.679342544255285e-08,1.0,0.0035955776543972716,0.003801531892278362,0.00011467773099179323,0.6416666666666666,0.6055555555555555,0.025000000000000012,0.5374898434734386,0.5338871165565774,0.005834597980043779,1,1,1,1
08_low_friction_mild_mu_0p20_p2l_v2:0023,08_low_friction_mild_mu_0p20_p2l_v2,16.549999999999983,16.94999999999998,0.02067127280192051,0.03676438390917145,0.09156186628519453,0.04299153895600436,0.16666666666666666,0.26610329745392675,0.4858719736536607,1.1558819213618878,0.5595081338572817,0.0,-3.511430163651381e-05,0.0001396939957624599,0.0005322896388365301,0.0001864068632535875,0.0,0.0049900474266869645,0.005572389773852416,0.017471536720572254,0.006912646256269332,0.0,0.004945951604032594,0.005556867682321764,0.01736972808815276,0.006915503052344427,0.0,0.34999999998921894,0.0,0.00013987549299602622,0.32932872718758266,0.005572389773852416,0.15246781395143902,0.12601450371342007,0.01737806034046803,0.0028373840205000367,1.0,0.0035762402572672367,0.004055019421013652,0.0002472498521972685,0.650925925925926,0.6,0.03718719560745039,0.5427693979320618,0.5338871165565774,0.008638589371798561,1,1,1,1
08_low_friction_mild_mu_0p20_p2l_v2:0024,08_low_friction_mild_mu_0p20_p2l_v2,16.749999999999982,17.14999999999998,0.011240809911211356,0.029949646710014977,0.09156186628519453,0.03961117260497451,0.16666666666666666,0.1396851504224418,0.39650307031659704,1.1558819213618878,0.5099358527947159,0.0,-5.6577232927211804e-05,0.00011704061965010131,0.0003697765197440195,0.00013951578182592637,0.0,0.0023247019418006624,0.006002500991976592,0.017471536720572254,0.007873824803041043,0.0,0.002291858253072787,0.005972195686480293,0.01736972808815276,0.007841977823544032,0.0,0.34999999998921894,0.0,0.00013411554865758467,0.3387591900782918,0.006002500991976592,0.14421425548664127,0.1324135970252258,0.0068913916212739075,0.0028373852177897676,1.0,0.0033918885125134163,0.004055019421013652,0.00037859134199217536,0.6574074074074073,0.6,0.030876540741727916,0.5438324294535072,0.5355900835035042,0.007673709177321158,1,1,1,1
08_low_friction_mild_mu_0p20_p2l_v2:0025,08_low_friction_mild_mu_0p20_p2l_v2,16.94999999999998,17.34999999999998,-0.0012226331114686684,0.017710934185696203,0.03646949407600847,0.020489804266095868,0.0,-0.01857657866666526,0.24003784114159385,0.48060094878664644,0.27515305912016513,0.0,-7.561799546592103e-05,0.0001186623673197291,0.0003375470709525048,0.0001258781154013015,0.0,0.00020725605662795117,0.004560912920188243,0.00803309643809972,0.0053144224923435705,0.0,0.00030930384381528477,0.004500966680261329,0.00816921902709757,0.0053177741835820766,0.0,0.3499999999903025,0.0,0.00013770237349297842,0.35122263310177115,0.004560912920188243,0.015370344223758482,0.008077088478369982,0.006387326067519206,5.8968560644853755e-08,1.0,0.0034453517053384774,0.003815948480991961,0.0003422799949417137,0.6537037037037038,0.6333333333333333,0.020454372254050508,0.5238797799447151,0.5077868969344312,0.012893053612521896,1,1,1,1
08_low_friction_mild_mu_0p20_p2l_v2:0026,08_low_friction_mild_mu_0p20_p2l_v2,17.14999999999998,17.54999999999998,-0.01728089546415933,0.029481784445190035,0.10555073918797542,0.043532850308237274,0.16666666666666666,-0.21886054274191602,0.3796500297821493,1.3244334292478614,0.5515025720174181,0.0,0.04656163772551943,0.04666782737362225,0.220031289574455,0.08464790691945052,0.2,0.0365078678367883,0.0403181959665872,0.22028115499035547,0.082330379339202,0.16666666666666666,-3.1713702225906384e-05,0.003636012433197108,0.00816921902709757,0.004913347017055342,0.0,0.3213999999946737,0.04839999999503219,0.001432141648288637,0.3456142287910135,0.0036515293006406184,0.5645897491789391,0.4975285548243079,0.008641327826977654,6.762916980774066e-08,1.0,0.003635169593408744,0.004095881022667586,0.00038872399459617793,0.6555555555555556,0.6277777777777778,0.024637286473426077,0.5081346870026916,0.5001423587471135,0.004806520576176676,1,0,1,1
08_low_friction_mild_mu_0p20_p2l_v2:0027,08_low_friction_mild_mu_0p20_p2l_v2,17.34999999999998,17.74999999999998,-0.02740663346846922,0.04616438122935266,0.10555073918797542,0.05181414383822921,0.16666666666666666,-0.3473003121721952,0.5840567914321498,1.3244334292478614,0.6541942476810932,0.0,0.06945446870495783,0.06945446870495783,0.220031289574455,0.08026284543628377,0.3,0.0843646171098626,0.088638333055149,0.22028115499035547,0.09593711179113333,0.3333333333333333,0.015614375847052808,0.02666228809598603,0.07434539655244665,0.034754042661498126,0.0,0.25639999999707785,0.1583999999737249,0.08652010189761129,0.29073996679831354,0.063117081190051,0.6091094930128138,0.47746128577623637,0.05744779930562729,7.048758010578454e-08,1.0,0.0038040103663899726,0.004336154379191356,0.00047793788630371396,0.6259259259259259,0.5166666666666667,0.061251242253856406,0.5008987939290487,0.4828226618659579,0.008768658307839518,1,0,1,1
08_low_friction_mild_mu_0p20_p2l_v2:0028,08_low_friction_mild_mu_0p20_p2l_v2,17.54999999999998,17.949999999999978,-0.016335046190434407,0.035939287108836614,0.06352138554917497,0.03898272672902202,0.0,-0.2021035593471097,0.4483190558509429,0.8360724665391488,0.4933393889035435,0.0,0.03296124997349828,0.03296124997349828,0.1441625100782083,0.03241643180803319,0.1,0.057348207795283046,0.058951266686224,0.1999398294545229,0.07189795304927148,0.16666666666666666,0.015113616132088828,0.030825779459756498,0.07434539655244665,0.03603249942131266,0.0,0.21999999999406605,0.21999999996350578,0.1850575737917799,0.23633504618506426,0.16265179216482853,0.23116714395489515,0.1836605635111227,0.009728769975969609,6.288246827675909e-08,1.0,0.004304030244199419,0.0048323553965057085,0.00036095278332897845,0.5787037037037037,0.5166666666666667,0.047076754884763566,0.4976494027780589,0.4828226618659579,0.010493772693785673,1,1,1,1
08_low_friction_mild_mu_0p20_p2l_v2:0029,08_low_friction_mild_mu_0p20_p2l_v2,17.74999999999998,18.149999999999977,-0.006424959486096532,0.02190617307490216,0.0422099629752716,0.026912731240222754,0.0,-0.0810056221347561,0.26538078011646843,0.5034392029544726,0.3257918766302141,0.0,0.02024487143223932,0.02024487143223932,0.02051943298152198,0.0001763238705236049,0.0,0.019647215803930085,0.019647215803930085,0.033941069279130376,0.010384383087502776,0.0,-0.00062645605249347,0.008613085483957644,0.01779569037345996,0.010355076010696187,0.0,0.21999999999307462,0.219999999969353,0.19976515826647107,0.22642495947913113,0.20035278416562788,0.04551169189017861,0.008675695202494947,0.00507341320973136,7.296278550982731e-08,1.0,0.004367358893473226,0.0048323553965057085,0.00030762878254735797,0.5648148148148148,0.5555555555555556,0.009442628728875531,0.4955587218840824,0.48402453614239954,0.009630279568449742,1,1,1,1
08_low_friction_mild_mu_0p20_p2l_v2:0030,08_low_friction_mild_mu_0p20_p2l_v2,17.949999999999978,18.349999999999977,0.0025227165203364765,0.024765757142358253,0.049021424552670834,0.03035835379506841,0.0,0.017376767752102062,0.3010264420344449,0.559247714612531,0.3665812020866025,0.0,0.020257018018730134,0.020257018018730134,0.02054900061562115,0.00020600261731554403,0.0,0.020124288546099073,0.020124288546099073,0.030612451313862088,0.00476333760681878,0.0,-0.00014707213249836752,0.003370479887852595,0.010328016182157035,0.00478345912446753,0.0,0.21999999999319897,0.2199999999687153,0.1997329962433792,0.2174772834728574,0.19987571142264224,0.043865188621439094,0.007354930201500305,0.0042703965070758285,8.342132545185387e-08,1.0,0.00426001673013747,0.004751805888622333,0.0003062045473400684,0.5619047619047618,0.5555555555555556,0.00624921259842205,0.49540242059664863,0.4830288788892515,0.009316519322483726,1,1,1,1
08_low_friction_mild_mu_0p20_p2l_v2:0031,08_low_friction_mild_mu_0p20_p2l_v2,18.149999999999977,18.549999999999976,0.003920294393397948,0.018962855769349092,0.049021424552670834,0.022903177144124705,0.0,0.037335550783023815,0.2288985277515278,0.559247714612531,0.2724897999093144,0.0,0.0029070624538797747,0.035598800057340854,0.32691737603461074,0.0756671568386639,0.05,-0.037854340896120574,0.06749030644058598,0.368706265678473,0.13520429631150885,0.14285714285714285,-0.009619226455021616,0.011012107381679329,0.04926058359476265,0.017299727450633177,0.0,0.21999999999343545,0.21779999996415705,0.19847940578819628,0.21607970560023257,0.19908291231128236,0.14253915189993072,0.12682810351833648,0.005520660519131065,8.536939484686968e-08,1.0,0.004298147275333071,0.004751805888622333,0.0002943386057478508,0.5579365079365078,0.5277777777777778,0.013561910706853211,0.49905536708825377,0.4830288788892515,0.009024475964742366,1,1,1,1
08_low_friction_mild_mu_0p20_p2l_v2:0032,08_low_friction_mild_mu_0p20_p2l_v2,18.349999999999977,18.749999999999975,0.011463577754694837,0.01734220747500781,0.035152191873912025,0.016332672093276896,0.0,0.15649831577277198,0.23068570042393854,0.4971270649522769,0.22318892260198878,0.0,-0.06448845699954395,0.08274863642107319,0.32691737603461074,0.11206051872665804,0.25,-0.1160085902761852,0.12547675243785275,0.368706265678473,0.14421792981430187,0.3333333333333333,-0.034490590075076336,0.03579764750231608,0.10089893677215403,0.03512130982770601,0.16666666666666666,0.2199999999930613,0.21779999995312888,0.16151224690173693,0.20853642223864052,0.15710883842267867,0.3024404335816998,0.21858703831302081,0.02623952217230656,7.154905005541623e-08,1.0,0.0038214969398578397,0.004446167603589484,0.0006065756015940706,0.5601851851851851,0.5277777777777778,0.017689789976428512,0.49924530277371354,0.4878151965313403,0.0072105631898663385,1,0,1,1
08_low_friction_mild_mu_0p20_p2l_v2:0033,08_low_friction_mild_mu_0p20_p2l_v2,18.549999999999976,18.949999999999974,0.020406505385255746,0.021568429935403467,0.055766286798175385,0.020345265224761697,0.0,0.2650531703032837,0.27959814310075054,0.6808901405275423,0.26059066400052905,0.0,-0.059248487013229933,0.05926557194672797,0.30766527301735874,0.08771081843836662,0.2,-0.06460582689741302,0.07018406131902849,0.24475050688436256,0.08738735300391053,0.16666666666666666,-0.028286663412020224,0.034019525517183485,0.10089893677215403,0.03831740880692218,0.16666666666666666,0.21999999999259945,0.2199999999597538,0.17071712689357868,0.1995934946073535,0.16364434205149242,0.2703469033420692,0.1950902896340239,0.02366621748711722,8.218629760407582e-08,1.0,0.0039886230235817765,0.005310565864372459,0.0008102522789284999,0.5592592592592592,0.5444444444444444,0.013857990321384973,0.4752514154170648,0.43865173004166363,0.024262312925438744,1,0,1,1
08_low_friction_mild_mu_0p20_p2l_v2:0034,08_low_friction_mild_mu_0p20_p2l_v2,18.749999999999975,19.149999999999974,0.004289506657774088,0.02689578520973586,0.056978030452588535,0.03445580620322869,0.0,0.04078750131178801,0.33532905579152744,0.7392391970226418,0.4343276018466852,0.0,-0.0020884401249329303,0.002113092959811372,0.011607799997764484,0.0034537854459218108,0.0,-0.0057493451120263816,0.013968997202669628,0.03858979800080542,0.01739069501278836,0.0,-0.0044218656674308065,0.012915702794475778,0.03837449614410779,0.017345241406234977,0.0,0.21999999999264497,0.21999999997328717,0.217685808133028,0.2157104933348574,0.2142506548611175,0.04985422829686465,0.011187326817439652,0.006277808635045103,7.959652149057511e-08,1.0,0.004271424665243136,0.005310565864372459,0.0005120178205470496,0.549074074074074,0.5333333333333333,0.010352166562499035,0.43242028130974425,0.3967758213610193,0.026159764359374258,1,1,1,1
08_low_friction_mild_mu_0p20_p2l_v2:0035,08_low_friction_mild_mu_0p20_p2l_v2,18.949999999999974,19.349999999999973,-0.007565235351532126,0.022124093207719377,0.056978030452588535,0.0266705466296585,0.0,-0.10224526620814006,0.2778161603547599,0.7392391970226418,0.3383281388381473,0.0,-0.00044272276335191737,0.0004535802535750047,0.0018650368325561217,0.00046992231693038336,0.0,6.517575154636746e-05,0.00484431423307186,0.010535124758404402,0.005516758496081119,0.0,0.0005579294746156696,0.005138723926823643,0.010409437791062043,0.00565240353031926,0.0,0.21999999999258613,0.2199999999726779,0.21956506340437265,0.2275652353441138,0.22006517572403453,0.053283855267040874,0.010521598146724563,0.008281417709687409,4.7503704104208476e-08,1.0,0.004162538325000708,0.004549277344873073,0.0002975301856644655,0.5472222222222222,0.5333333333333333,0.012729376930432893,0.4024565808145215,0.3753956974694848,0.02001499373087299,1,1,1,1
08_low_friction_mild_mu_0p20_p2l_v2:0036,08_low_friction_mild_mu_0p20_p2l_v2,19.149999999999974,19.549999999999972,0.014548724714359479,0.030953740311429664,0.06710266048219732,0.03475225558538754,0.0,0.17019548219180536,0.36482977219733487,0.7182978479598496,0.40587257447368025,0.0,-0.0038972111675551575,0.003900500756397833,0.012904652424124918,0.004034449884770148,0.0,-0.003703442480175692,0.006851271016138347,0.014328171985316857,0.007666391396219066,0.0,0.0009367412182793022,0.004357884973639721,0.007076843437084257,0.004694070056972329,0.0,0.21999999999255948,0.21999999997199474,0.21625918940580782,0.20545127527820004,0.21629655749181906,0.05624237938205314,0.010700136266356719,0.006933433665809913,5.8260186843782505e-08,1.0,0.004455467196703275,0.005208193760757695,0.00043012569650263736,0.5388888888888889,0.5222222222222223,0.012830005981991669,0.3941135517224453,0.3753956974694848,0.012497837894096161,1,1,1,1
08_low_friction_mild_mu_0p20_p2l_v2:0037,08_low_friction_mild_mu_0p20_p2l_v2,19.349999999999973,19.74999999999997,-0.06122599447226226,0.10073495802609754,0.21749072481302564,0.1017626675272696,0.5,-0.8052782707496399,1.2699189073889972,2.809551247959807,1.2879164815327864,0.0,0.03522082603877939,0.04546838113667261,0.18436100315909032,0.06414436796499003,0.2,0.06220150680728643,0.07148879007487645,0.1975851308952772,0.08072274194945545,0.3333333333333333,0.015527931202267488,0.017838093102440614,0.04214558614771054,0.017629302021628244,0.0,0.13200000000107792,0.13199999998319684,0.16981979650941126,0.1712259944754698,0.17220150679328383,0.8404847955943826,0.6204197091010044,0.019803265260924224,9.255541599457389e-08,1.0,0.00422844560224445,0.005208193760757695,0.0005087562522162959,0.5638888888888889,0.5222222222222223,0.04623143604748122,0.39379395255896116,0.384882430959879,0.007335093627418819,0,0,1,1
08_low_friction_mild_mu_0p20_p2l_v2:0038,08_low_friction_mild_mu_0p20_p2l_v2,19.549999999999972,19.94999999999997,-0.0777806118786973,0.07912289515586635,0.21749072481302564,0.08217452194852191,0.5,-1.0016966184025484,1.020019084485804,2.809551247959807,1.0617221017021532,0.0,0.03884488879003308,0.04203864974523671,0.18436100315909032,0.06176603124402191,0.2,0.06515506501327585,0.06784520867607446,0.1975851308952772,0.07800631853314846,0.3333333333333333,0.014209968344586174,0.016917457566097666,0.04214558614771054,0.018611892633852135,0.0,0.02200000000479818,0.021999999997199475,0.06338030493215688,0.07912289516279414,0.06784520867607446,0.8394617365088655,0.6400059607433928,0.033983489875397656,1.0951725597262979e-07,1.0,0.0038152102358748638,0.004049617375437567,0.0001697676230188462,0.624074074074074,0.5444444444444444,0.042632831234153123,0.3947787898923802,0.384882430959879,0.005013708585037878,0,0,1,1
08_low_friction_mild_mu_0p20_p2l_v2:0039,08_low_friction_mild_mu_0p20_p2l_v2,19.74999999999997,20.14999999999997,-0.003707358167009931,0.019576433626530092,0.04358037654705336,0.025469867935798782,0.0,-0.042680528556402565,0.255620633513735,0.5838529166222309,0.33339033834233434,0.0,9.162368787703952e-05,0.0002139784353810949,0.000527933713301959,0.00023915683219832967,0.0,-0.0012092532728951754,0.005353348774913679,0.01161737515503076,0.006909399544673557,0.0,-0.0013122911436409823,0.005312686731219489,0.011752465960046936,0.006881646605052129,0.0,0.0,0.0,0.00021663822116883914,0.019576433626530092,0.005353348774913679,0.013250256755480007,0.006757343250901955,0.004189982978657381,9.893805046469896e-08,1.0,0.0037755614959934535,0.004020748818973524,0.00016929318057347714,0.6509259259259259,0.6444444444444445,0.003817690394090413,0.39615898586513937,0.39375152828366206,0.0020464744667333086,1,1,1,1
08_low_friction_mild_mu_0p20_p2l_v2:0040,08_low_friction_mild_mu_0p20_p2l_v2,19.94999999999997,20.34999999999997,0.0067958626845292915,0.02892812973397645,0.04398889104612384,0.031584723818695946,0.0,0.10100519678120536,0.3812044788760203,0.6171173865707623,0.4183719078881818,0.0,5.3207565837431307e-05,0.00015726852380177622,0.0004340003542545284,0.00018610473044958328,0.0,0.0006632602839172858,0.006081540611976746,0.01161737515503076,0.00717015857770894,0.0,0.0006817161320441271,0.006138633871070876,0.011752465960046936,0.007183020157548766,0.0,0.0,0.0,0.00016790197336970597,0.02892812973397645,0.006081540611976746,0.013595109716133145,0.007443869407612368,0.004550872671495265,7.686227798042061e-08,1.0,0.0038983997034071505,0.004367879178377501,0.00032488119449110357,0.6518518518518518,0.6444444444444445,0.004140866624999596,0.39647273983400466,0.39375152828366206,0.0021429864714433357,1,1,1,1
08_low_friction_mild_mu_0p20_p2l_v2:0041,08_low_friction_mild_mu_0p20_p2l_v2,20.14999999999997,20.54999999999997,0.06680381849179068,0.06991681387368213,0.2940679602836053,0.10317903149772903,0.16666666666666666,0.8517979563659974,0.8893290190627591,3.6308512401643673,1.2670980628987918,0.16666666666666666,0.0007632220037755296,0.0008471504906941461,0.006105878583353065,0.0016012125864363913,0.0,4.531615672846668e-05,0.003568109973185652,0.0076963100088211925,0.004207183091625114,0.0,-0.0007400630881025924,0.004422385693489696,0.008561022917504539,0.005231709436545433,0.0,0.061499999994503174,0.0,0.0007574564557403583,0.01573152378657323,0.003568109973185652,0.5371156751959235,0.47812561963411443,0.005421075745519687,4.4726596375203344e-06,1.0,0.0038530760711745216,0.004367879178377501,0.00041434066038096624,0.6518518518518518,0.6444444444444445,0.004140866624999596,0.39824539586068447,0.3955362856424055,0.001605995163172392,0,1,1,1
08_low_friction_mild_mu_0p20_p2l_v2:0042,08_low_friction_mild_mu_0p20_p2l_v2,20.34999999999997,20.749999999999968,0.14890128239433778,0.14890128239433778,0.2940679602836053,0.10337107815050921,0.6666666666666666,1.8929189830677855,1.8929189830677855,3.6308512401643673,1.2924003008116902,0.3333333333333333,0.008134278578303797,0.00815605614848318,0.022743816269775334,0.00763745939081474,0.0,0.006914744360693225,0.008891716234101203,0.018419944809684445,0.008461645249756684,0.0,-0.0016612817789413835,0.0037153340352528465,0.008561022917504539,0.0040128295213256735,0.0,0.21149999998456126,0.0,0.007834993438730604,0.062436859637929575,0.008891716234101203,0.8286768032206349,0.46627064012883096,0.009314419401363017,4.466506893529606e-06,1.0,0.0038809707113102183,0.004205198359265078,0.00030180205722255075,0.6462962962962963,0.6333333333333333,0.006928995160692494,0.3967136565325066,0.38426772316496544,0.00629950636740224,0,1,1,1
08_low_friction_mild_mu_0p20_p2l_v2:0043,08_low_friction_mild_mu_0p20_p2l_v2,20.54999999999997,20.949999999999967,0.10867010424374357,0.10867010424374357,0.25770611528559856,0.08535479975279865,0.5,1.3983526103800237,1.3983526103800237,3.3455531143761417,1.0992108548841488,0.16666666666666666,0.010923310467710555,0.010941855978489338,0.027230819529749456,0.009239947352387343,0.0,0.01183080915634116,0.01237401316606454,0.02588937630604466,0.009378305281459684,0.0,-0.00045346616831086554,0.0023059738058021357,0.003936100454394048,0.0024476825083077215,0.0,0.2999999999843539,9.490983497693005e-12,0.010981782556646832,0.19132989574077056,0.012374013169488204,0.708196053628969,0.4109546282487713,0.020760119758721995,6.724419858035089e-08,1.0,0.0039003084690940088,0.004137781151197437,0.0001482853476117404,0.6407407407407407,0.6166666666666667,0.012695656667409343,0.38710165588095014,0.3772649069831059,0.009678770942178649,0,1,1,1
08_low_friction_mild_mu_0p20_p2l_v2:0044,08_low_friction_mild_mu_0p20_p2l_v2,20.749999999999968,21.149999999999967,0.027117865117646286,0.027117865117646286,0.06368454254559411,0.022029157357995596,0.0,0.3554122839317046,0.3554122839317046,0.8412484775344202,0.29010262861409963,0.0,0.003656314170270662,0.003676043434669642,0.027230819529749456,0.008366480298919874,0.0,0.005497700482123879,0.007160371332122246,0.02588937630604466,0.009694182384501671,0.0,0.0008023531068459124,0.0030288176487038416,0.006347527998311954,0.0034117070328111895,0.0,0.2999999999899494,1.996693408902781e-11,0.003933907314413372,0.2728821348724633,0.007160371339037891,0.3214535131862725,0.2910023575623679,0.005432985180116599,7.991915022730949e-08,1.0,0.0038572174559019755,0.0041915041684021945,0.0002074872442865954,0.6425925925925925,0.6166666666666667,0.013094570021973099,0.383624963244068,0.3772649069831059,0.0045014331753638216,1,1,1,1
08_low_friction_mild_mu_0p20_p2l_v2:0045,08_low_friction_mild_mu_0p20_p2l_v2,20.949999999999967,21.349999999999966,0.007835167141907398,0.023402532396449433,0.03618913539358187,0.025237272601617733,0.0,0.09924675137594903,0.30595242346752566,0.4763304007504481,0.330136484170765,0.0,0.0002738893354039413,0.00027507308902413716,0.0005177396281853636,0.00016287511076469978,0.0,0.002323233698460924,0.004275694880834684,0.00669094934018928,0.00385638976061525,0.0,0.0020469899284137646,0.004264213393493694,0.006347527998311954,0.003915577419303128,0.0,0.2999999999913072,2.0951901182669614e-11,0.0002580824639741473,0.2921648328493998,0.004275694887818651,0.014140728035472139,0.00726531385150391,0.00381048167427673,8.093212030814602e-08,1.0,0.0038309367201947984,0.0041915041684021945,0.00020366694693817094,0.6435185185185185,0.6277777777777778,0.008735167714867239,0.39300459282008426,0.38560757590582306,0.005999066595558597,1,1,1,1
08_low_friction_mild_mu_0p20_p2l_v2:0046,08_low_friction_mild_mu_0p20_p2l_v2,21.149999999999967,21.549999999999965,0.002747808312225227,0.021735552604417247,0.03618913539358187,0.023425286836813084,0.0,0.03783037132032969,0.28554578509250567,0.4763304007504481,0.3089381581500978,0.0,0.0002533784303809294,0.0002610097367593833,0.000668221624756091,0.0001921045916269317,0.0,0.0033349370617427585,0.0041679314038415355,0.007410430241321665,0.0030800445402464783,0.0,0.0030825355021792873,0.0040791382812345785,0.007257645905743049,0.003182017376323448,0.0,0.2999999999913072,2.0951901182669614e-11,0.0002676815065990487,0.297252191679082,0.00416793141780947,0.014080179293492857,0.006472646951925265,0.003769933847376719,9.02629025611854e-08,1.0,0.0038481440799230555,0.00440583372378224,0.0003538088082676494,0.6499999999999999,0.6277777777777778,0.01200137166371825,0.3923649349454034,0.37794601731890964,0.009479905391168346,1,1,1,1
08_low_friction_mild_mu_0p20_p2l_v2:0047,08_low_friction_mild_mu_0p20_p2l_v2,21.349999999999966,21.749999999999964,0.008826316024800931,0.021127819094090384,0.052601458000328394,0.02426806950059296,0.0,0.12000070019365638,0.2796580734853802,0.7051782525490518,0.3225087251348298,0.0,0.00020986434397551523,0.00021749565035396903,0.000668221624756091,0.00017836342984660507,0.0,0.0008609186420747388,0.004147165356994128,0.007410430241321665,0.004496556220927427,0.0,0.0006649122248446691,0.004091438893975666,0.007257645905743049,0.004511254527513248,0.0,0.2999999999913072,2.0951901182669614e-11,0.00023396508655945523,0.2911736839665063,0.0041471653639780955,0.014801808891390954,0.006800780623593511,0.004857554610303365,7.648011375352248e-08,1.0,0.0037840382224404237,0.00440583372378224,0.0003854117043691611,0.6564814814814814,0.6444444444444445,0.008124967025363047,0.37909295317108854,0.3693213497172916,0.01017097300921789,1,1,1,1
08_low_friction_mild_mu_0p20_p2l_v2:0048,08_low_friction_mild_mu_0p20_p2l_v2,21.549999999999965,21.949999999999964,0.006413997571654201,0.027394645817021657,0.052601458000328394,0.032686273638795706,0.0,0.08745820488065192,0.36406123254446454,0.7051782525490518,0.4338237756121069,0.0,0.00026252013849803794,0.00026252013849803794,0.0006085479839787927,0.00015405630482443296,0.0,-0.00027455744306616967,0.0030116892718532197,0.005922450321572569,0.0035097622759362197,0.0,-0.00051417578864955,0.0030160894409222722,0.006079272540403979,0.0034988279523318028,0.0,0.2999999999913072,2.0951901182669614e-11,0.0002470318290536534,0.293586002419653,0.0030116892788371874,0.014823343792605704,0.006546311564898685,0.00443759907768278,9.193074724123169e-08,1.0,0.0036484593859200365,0.003830102680741289,0.00014056578979616642,0.6518518518518518,0.6277777777777778,0.01309457002197309,0.37604696894705975,0.3693213497172916,0.004923888561051871,1,1,1,1
08_low_friction_mild_mu_0p20_p2l_v2:0049,08_low_friction_mild_mu_0p20_p2l_v2,21.749999999999964,22.149999999999963,0.025565874795737794,0.037665399009465785,0.0831157092379162,0.03677620670904297,0.16666666666666666,0.33852300260151874,0.49647839865420695,1.1131006413359041,0.48813989628196947,0.0,0.0001961623085718058,0.0002594596975488407,0.0006085479839787927,0.00022783199935197247,0.0,0.0035952269920812227,0.0035952269920812227,0.0077096203389619535,0.002788043204422524,0.0,0.003350672479542146,0.0034544110399829715,0.007708750851444319,0.002916159847093089,0.0,0.2999999999913072,2.0951901182669614e-11,0.0002241131384955606,0.2744341251955694,0.003595227013033124,0.014259276105880472,0.006526317512472271,0.004229412887258477,1.0690042994942715e-07,1.0,0.0037599614522306223,0.00404348674770732,0.00017494007556218504,0.6527777777777777,0.6277777777777778,0.011893733869134376,0.3662498170380138,0.34667215996061324,0.014843026466053157,1,1,1,1
08_low_friction_mild_mu_0p20_p2l_v2:0050,08_low_friction_mild_mu_0p20_p2l_v2,21.949999999999964,22.349999999999962,0.03339035274696275,0.035403214526671674,0.0831157092379162,0.026123293068757693,0.16666666666666666,0.4417316178793309,0.4681508062307262,1.1131006413359041,0.350935067584269,0.0,0.00017524163312847746,0.0002385390221055123,0.0005976841222229877,0.00022480511014205703,0.0,0.0029044464953443074,0.0035935204084987737,0.0077096203389619535,0.0034179022555621817,0.0,0.002608057402074177,0.003418519233062479,0.007708750851444319,0.003554766718482515,0.0,0.2999999999913072,2.0951901182669614e-11,0.00023254212543413598,0.26660964724434444,0.003593520422466707,0.01554952121154151,0.008231923315075525,0.005319324175876162,8.182147687656618e-08,1.0,0.0037888905947039944,0.00404348674770732,0.0001516338373092042,0.6537037037037037,0.6444444444444445,0.005237828008789223,0.35239519129957514,0.3435660517086675,0.006715969329891862,1,1,1,1
08_low_friction_mild_mu_0p20_p2l_v2:0051,08_low_friction_mild_mu_0p20_p2l_v2,22.149999999999963,22.54999999999996,0.0234176623141874,0.02543052409389632,0.05071235997005388,0.01935373436087216,0.0,0.3124884408588771,0.33890762921027234,0.6919320862433729,0.26170951392100394,0.0,0.00023847909283374126,0.0002581831486296212,0.0005976841222229877,0.00017598946816303193,0.0,0.00148433051226053,0.00338093800015411,0.008510226905789363,0.003925211130265176,0.0,0.001135036352470731,0.003246056735819675,0.008277187500008342,0.003950862839683328,0.0,0.2999999999913072,2.0951901182669614e-11,0.0002648973335823938,0.2765823376771198,0.0033809380071380766,0.014446059116731485,0.007271088739317967,0.005546495904598069,8.333989115302082e-08,1.0,0.003742950631527715,0.0039834658363212955,0.0001559441065163898,0.6537037037037038,0.6444444444444445,0.011857637476727493,0.35125975581255736,0.3351723293225373,0.013177997694663896,1,1,1,1
08_low_friction_mild_mu_0p20_p2l_v2:0052,08_low_friction_mild_mu_0p20_p2l_v2,22.349999999999962,22.74999999999996,0.016177608929452927,0.020816015309986665,0.05071235997005388,0.020104074846405647,0.0,0.2184747930044254,0.27725776891808845,0.6919320862433729,0.26890433153804677,0.0,0.00020332750433752817,0.00024778952435875113,0.00041712957115374433,0.00019051265699756255,0.0,-0.0014152889204186202,0.005099001603924771,0.013013483293702537,0.006525481290838805,0.0,-0.001669576571495604,0.005026508744458181,0.013388566272652542,0.006538758340607681,0.0,0.2999999999913072,2.0951901182669614e-11,0.00024890263472588373,0.2838223910618543,0.005099001603924772,0.013454637919316446,0.005484922201543938,0.004884945739696372,7.774176133929529e-08,1.0,0.0037322079642067556,0.0040289003814102066,0.00020778298828078284,0.6601851851851852,0.6444444444444445,0.014133645854142365,0.349812216039759,0.3351723293225373,0.012829279277994897,1,1,1,1
08_low_friction_mild_mu_0p20_p2l_v2:0053,08_low_friction_mild_mu_0p20_p2l_v2,22.54999999999996,22.94999999999996,0.006540071173320797,0.029503369067664407,0.06376826938942373,0.03582960348744367,0.0,0.07795939936354607,0.39589547635566463,0.829134404104689,0.48430995241867913,0.0,0.00023925350848704764,0.0002730999130158666,0.000553560795729579,0.00019121811700826196,0.0,-0.0022246988804592045,0.005579414729880646,0.013013483293702537,0.0069351523890906685,0.0,-0.002488105137085453,0.005600540590042533,0.013388566272652542,0.006892253418274763,0.0,0.29999999999124505,2.0633067903802906e-11,0.0002539480176090534,0.2934599288179272,0.0055794147228966804,0.014080907370402936,0.005438122417359948,0.004884859975576961,7.808929101303596e-08,1.0,0.0036775413888835667,0.0040289003814102066,0.0002995164919119492,0.6592592592592593,0.6444444444444445,0.011415581486979588,0.35459312980925667,0.34124053557978173,0.007020149445419863,1,1,1,1
08_low_friction_mild_mu_0p20_p2l_v2:0054,08_low_friction_mild_mu_0p20_p2l_v2,22.74999999999996,23.14999999999996,-0.0031612716082976325,0.031014408847276544,0.06376826938942373,0.03776123899039077,0.0,-0.052062917538552446,0.41464458786304004,0.829134404104689,0.5052627437572749,0.0,0.0002233603162062428,0.00026975338813410934,0.000553560795729579,0.00019866331691101156,0.0,-0.0012857133272738024,0.004444761991760325,0.009477145993459567,0.005223783262373246,0.0,-0.001443297706033848,0.0044716713608919266,0.009085120964574235,0.005093787011150452,0.0,0.29999999999115623,2.0177591791136182e-11,0.0002458046393420374,0.3031612715994569,0.004444761978247867,0.012715983588361108,0.005017283837843778,0.0036864130494616127,7.556553016398198e-08,1.0,0.003652265794386171,0.003981616762104792,0.0002987114668802312,0.675925925925926,0.6444444444444445,0.023715274953454987,0.3604824660791694,0.3565579055092359,0.00269105723744756,1,1,1,1
08_low_friction_mild_mu_0p20_p2l_v2:0055,08_low_friction_mild_mu_0p20_p2l_v2,22.94999999999996,23.34999999999996,-0.004997742706031871,0.018406035692267803,0.03484812189966735,0.021467381312617995,0.0,-0.062237344356080776,0.25064171767455395,0.49200013229020395,0.29338241104235685,0.0,0.00018918571867059805,0.00022649035029498866,0.0004752391643792565,0.00017300431479940533,0.0,-0.0016858275426456047,0.005872965391887121,0.012977022828702516,0.0068063212645057825,0.0,-0.0017311980412636296,0.0058553246219146355,0.013094017679362005,0.0068005727533595,0.0,0.2999999999911296,2.0040948957336164e-11,0.00022137233515274945,0.30499774269716146,0.005872965385206805,0.012178325238336908,0.004915545367973523,0.003561956994281222,7.734931968271097e-08,1.0,0.0035703681746866393,0.003981616762104792,0.00029881473171594646,0.6916666666666665,0.6666666666666666,0.013888888888888909,0.36690371024806545,0.36002136074706065,0.00564317112045324,1,1,1,1
08_low_friction_mild_mu_0p20_p2l_v2:0056,08_low_friction_mild_mu_0p20_p2l_v2,23.14999999999996,23.549999999999958,0.004275349682525326,0.01581591981813832,0.03484812189966735,0.019353803342220248,0.0,0.056333628720402346,0.2171992677031167,0.49200013229020395,0.26755172829274854,0.0,0.000264921962844174,0.000264921962844174,0.0007739691056189258,0.00019814183860589126,0.0,-0.00046621826497395517,0.0048016084332593864,0.012977022828702516,0.006686766465588528,0.0,-0.0006110173998313227,0.004773670191126308,0.013094017679362005,0.0067009199927371655,0.0,0.2999999999911296,2.0040948957336164e-11,0.0002416390111561962,0.29572465030860423,0.0048016084399397025,0.012517111613106294,0.0055200751572080905,0.003993682246340946,7.836739678434468e-08,1.0,0.0035977316040506184,0.003941893548226873,0.00032191003104385326,0.6990740740740741,0.6666666666666666,0.01962001861149731,0.38900740730883326,0.3700187429541119,0.01766056217126901,1,1,1,1
08_low_friction_mild_mu_0p20_p2l_v2:0057,08_low_friction_mild_mu_0p20_p2l_v2,23.34999999999996,23.749999999999957,-0.000992745340559394,0.023399871313033838,0.06121510792354684,0.03212715589338406,0.0,-0.024865452986747055,0.3093334770335157,0.8359738462351389,0.4266887135957818,0.0,0.0002965086910744872,0.00031512113055884804,0.0009246216028261226,0.00024781677329240644,0.0,9.813379673543432e-05,0.0015658483817803661,0.0030257136287974154,0.0019143272035866711,0.0,-0.00018242013864017137,0.0014816289397184175,0.003055079594754588,0.0018717769830424807,0.0,0.2999999999911296,2.0040948957336164e-11,0.0002754538795248633,0.30099274533168896,0.0015658483884606828,0.012565152066469526,0.005482176085024611,0.003946050127949371,6.54946768518034e-08,1.0,0.0038271192631859265,0.00419668744887929,0.0003006707562233356,0.7101851851851851,0.6777777777777778,0.017396568729681407,0.4114936648465382,0.39544732721937015,0.008100850587069263,1,1,1,1
08_low_friction_mild_mu_0p20_p2l_v2:0058,08_low_friction_mild_mu_0p20_p2l_v2,23.549999999999958,23.949999999999957,-0.003310662071774162,0.025895647096027208,0.06121510792354684,0.03325465700109852,0.0,-0.055072074397717156,0.34136070664289836,0.8359738462351389,0.440895831652404,0.0,0.00022139438877912193,0.0003124682550098859,0.0009246216028261226,0.00029633081836984685,0.0,-0.0009120545184491971,0.0034187137250023727,0.00791446368758318,0.003930627580398002,0.0,-0.0012623425621816828,0.0033444381445601294,0.008082032765585443,0.0038338829515660554,0.0,0.2999999999910852,1.9813210901002798e-11,0.00028195341642093445,0.30331066206290375,0.0034187137250023727,0.15241593831773473,0.1459092489946456,0.003933190451720826,5.7355084268031107e-05,1.0,0.00391687111860776,0.00419668744887929,0.00024411537547498386,0.7277777777777779,0.6777777777777778,0.025859703784757288,0.42131102376978413,0.41533295534101683,0.00647575388386701,1,1,1,1
08_low_friction_mild_mu_0p20_p2l_v2:0059,08_low_friction_mild_mu_0p20_p2l_v2,23.749999999999957,24.149999999999956,0.0016365412803660089,0.01976796366007404,0.03401875850927372,0.02311547389036027,0.0,0.023378435307518586,0.2633290851788929,0.4723885385245479,0.30987332437994647,0.0,0.0004692896436393066,0.0013956013207363327,0.009910719652273307,0.003046213418948408,0.0,-0.0005568200339642269,0.004754343895415238,0.00791446368758318,0.0049760183574927225,0.0,-0.0015748304879718983,0.005431993373118089,0.009132231604609405,0.0057135880382532134,0.0,0.2999999999916114,1.9471603816502748e-11,0.001299543182147501,0.29836345871127395,0.0047543438990400675,1.1060677327277009,1.0390821749479238,0.05140211082415559,0.002869451935159072,1.0,0.003823953024361276,0.004109837801905352,0.00023060903305255231,0.7537037037037037,0.7388888888888889,0.012283795519834807,0.43081939934375324,0.4155779603684388,0.008788702758143719,1,1,1,1
08_low_friction_mild_mu_0p20_p2l_v2:0060,08_low_friction_mild_mu_0p20_p2l_v2,23.949999999999957,24.349999999999955,0.006671463168121755,0.017905185213057978,0.03401875850927372,0.020503120186370127,0.0,0.08914003619600995,0.23624181407563496,0.4723885385245479,0.27217842457475494,0.0,0.011932319257226645,0.012818627958052654,0.22995028508124798,0.050109210744948854,0.05,0.002259105571632329,0.005554862129186745,0.013822119559348058,0.006354054775676998,0.0,0.001291852954076943,0.006300911587712138,0.013671043945761211,0.0072967011963247595,0.0,0.2939999999932219,0.017500000006978107,0.004595344578508034,0.29332853682351817,0.005554862132811576,1.2703722346425932,1.1622688068398768,0.0068984418904947074,0.0028122119138994893,1.0,0.0038188075577540305,0.0041198155661385134,0.00022461517826487503,0.7657407407407407,0.7444444444444445,0.012178654109227695,0.4396703941174868,0.43071299425677806,0.008018760341585439,1,1,1,1
08_low_friction_mild_mu_0p20_p2l_v2:0061,08_low_friction_mild_mu_0p20_p2l_v2,24.149999999999956,24.549999999999955,-0.0028578184139144655,0.037782310550550376,0.09011840565503432,0.0489658019630497,0.16666666666666666,-0.057746032823084444,0.4622185835286372,1.1848279097444778,0.6039384313476247,0.0,0.025110870069357704,0.025143328519833086,0.22995028508124798,0.048799431535758685,0.05,0.06337449113226462,0.06516428984084538,0.2876620245895794,0.1019953313015553,0.16666666666666666,0.04161607976251825,0.04358106119461697,0.21286099985771853,0.0769946822914718,0.16666666666666666,0.23399999999522358,0.19249999995963912,0.16244808355841042,0.24285781841075402,0.11623288199430025,0.7853223487726924,0.7322263471993209,0.007495282037502753,2.4383610838802025e-06,1.0,0.0041878503227026345,0.005001021072111312,0.0004899570197354461,0.7462962962962963,0.6666666666666666,0.03777051491550213,0.45405671749554943,0.43651379494330483,0.015617915704278732,1,1,1,1
08_low_friction_mild_mu_0p20_p2l_v2:0062,08_low_friction_mild_mu_0p20_p2l_v2,24.349999999999955,24.749999999999954,-0.002505473345379742,0.03805846042008094,0.09011840565503432,0.048814824593114675,0.16666666666666666,-0.060165599420055775,0.4550803476571111,1.1848279097444778,0.5984120730850747,0.0,0.026559750909781975,0.026559750909781975,0.02794654335994856,0.0008457772251325009,0.0,0.07958440085745666,0.07958440085745666,0.2876620245895794,0.09317530578150085,0.16666666666666666,0.04501103205676712,0.04501103205676712,0.21286099985771853,0.0751978148118716,0.16666666666666666,0.17999999999486316,0.3499999999313468,0.3210229766577993,0.18250547334342496,0.27041559905500595,0.4539319822836103,0.4285287735435443,0.008144813686728522,4.816261209215844e-06,1.0,0.004697886962694411,0.005241568830152673,0.0004726243063151111,0.7435185185185184,0.6666666666666666,0.03592067544679784,0.4705589030529585,0.45033191072328704,0.012984971648005111,1,1,1,1
08_low_friction_mild_mu_0p20_p2l_v2:0063,08_low_friction_mild_mu_0p20_p2l_v2,24.549999999999955,24.949999999999953,0.011074128448365337,0.01623503858658603,0.03756532764583964,0.01598794778599434,0.0,0.1178050188091888,0.17561964289728432,0.3989504627164929,0.17255188774396893,0.0,0.028219212560803997,0.028219212560803997,0.031074115513803624,0.002362375858549375,0.0,0.037961435558790745,0.037961435558790745,0.049231121770562936,0.006167060178401805,0.0,0.009695175902583262,0.009695175902583262,0.018553074713179907,0.005805217643647855,0.0,0.17999999999366856,0.3499999999373591,0.3218463529334702,0.16892587154532165,0.312038564378474,0.07514879635768426,0.009833930917939063,0.006790615724152606,4.803362400274689e-06,1.0,0.005056191574431051,0.005713181678028148,0.00037372656355603935,0.7595238095238095,0.7333333333333333,0.011771743630310607,0.47140450001297135,0.45685168535894466,0.010109089042828987,1,1,1,1
08_low_friction_mild_mu_0p20_p2l_v2:0064,08_low_friction_mild_mu_0p20_p2l_v2,24.749999999999954,25.149999999999952,0.004660715317124059,0.022216305722438833,0.03756532764583964,0.024713090586817796,0.0,0.040503083966513795,0.2444052696407172,0.3989504627164929,0.2745915553015526,0.0,0.030553830556587235,0.030553830556587235,0.031074115513803624,0.0005659894959165345,0.0,0.04007835753040597,0.04007835753040597,0.049231121770562936,0.005413987974244647,0.0,0.009657448358394842,0.009657448358394842,0.018553074713179907,0.005446480419888609,0.0,0.17999999999394944,0.3499999999359188,0.3194687020940801,0.17533928467681667,0.3099216424055575,0.07429515223674006,0.010497074224298247,0.008091263809750365,4.5640449773711764e-06,1.0,0.005027700079595847,0.005713181678028148,0.000497975272573305,0.7563492063492063,0.7333333333333333,0.013089224208310053,0.4836215934680742,0.45685168535894466,0.019624546998920613,1,1,1,1
08_low_friction_mild_mu_0p20_p2l_v2:0065,08_low_friction_mild_mu_0p20_p2l_v2,24.949999999999953,25.34999999999995,0.004406250363647436,0.023381401464966412,0.035848667910214654,0.024992882203802965,0.0,0.03947904310466361,0.2666024354358242,0.39160288517845143,0.2871599481537996,0.0,0.02503519937815877,0.030097409609359783,0.03389574633287884,0.017005996949012215,0.0,0.02446910930093087,0.0299734668216107,0.0448669573263209,0.022452056603673432,0.0,0.0041401794894701804,0.012802336250301962,0.025986470282495344,0.013954174248835488,0.0,0.1799999999951185,0.34999999993619774,0.3244842460351453,0.17559374963237664,0.3255308906395882,0.5240767411390909,0.48731469607775724,0.011228576470960885,0.0007250546979817893,1.0,0.004736096915422542,0.005662546759723982,0.0007332479249818076,0.7583333333333333,0.7277777777777777,0.019966535789673917,0.5134061065153958,0.4984598468319983,0.015185560512591853,1,1,1,1
08_low_friction_mild_mu_0p20_p2l_v2:0066,08_low_friction_mild_mu_0p20_p2l_v2,25.149999999999952,25.54999999999995,0.009369327919785175,0.013749543713053628,0.03271189231548402,0.013524132073935857,0.0,0.10136541213170587,0.15740570375129362,0.37757784157315444,0.15808004818165072,0.0,0.013849848060923226,0.021452841490929502,0.03389574633287884,0.018787354606495887,0.0,0.010244876090117252,0.01574923361079708,0.038001513241001095,0.01629057663878419,0.0,-0.0011333773305245525,0.010286250459584192,0.025986470282495344,0.013272442526358327,0.0,0.17999999999597005,0.34999999994309244,0.3359987609818362,0.17063067207647575,0.33975512385465284,0.5391074569956807,0.49251526793927575,0.01469833604572272,0.002047411226162998,1.0,0.004656698726915491,0.005662546759723982,0.0006712668384063179,0.7592592592592592,0.7277777777777777,0.018885257457751062,0.5303891540555007,0.49862489483545297,0.014929605249655017,1,1,1,1
08_low_friction_mild_mu_0p20_p2l_v2:0067,08_low_friction_mild_mu_0p20_p2l_v2,25.34999999999995,25.74999999999995,0.008624685597354168,0.010377502354559856,0.018966678015608085,0.008619376691806105,0.0,0.10203192118923492,0.12224155689666862,0.22744316840888504,0.10197606613451489,0.0,0.013239829554890666,0.015780612753695925,0.025407831988052576,0.009773400679759153,0.0,0.0204576663188077,0.0204576663188077,0.043470114724791176,0.012018346454145677,0.0,0.003962303989481534,0.009235710484359727,0.02787311984245694,0.012111351499284675,0.0,0.17999999999520622,0.34999999994486874,0.33722209622013427,0.17137531439722475,0.3295423336229069,0.14721626793437695,0.10726287003664826,0.012731826905749501,0.0013246191869492477,1.0,0.004651114622083394,0.0051922683952606566,0.000381594861313541,0.7546296296296297,0.7333333333333333,0.013385955828519432,0.5490006557018651,0.5311521635288199,0.013296726022287595,1,1,1,1
08_low_friction_mild_mu_0p20_p2l_v2:0068,08_low_friction_mild_mu_0p20_p2l_v2,25.54999999999995,25.94999999999995,0.007245678766088309,0.012528802551483234,0.024159207419862078,0.013731172915112775,0.0,0.0866961211636274,0.14700134770149445,0.2779437695436416,0.15997143755387838,0.0,0.02426305177043746,0.02426305177043746,0.03103978152132547,0.006611194441927084,0.0,0.0323018092074453,0.0323018092074453,0.043470114724791176,0.008307322513978668,0.0,0.00708657385853557,0.009602509324136801,0.02787311984245694,0.010626465822779176,0.0,0.17999999999483318,0.3499999999370914,0.32590530777974497,0.17275432122870937,0.31769819072947353,0.0702236821646366,0.015262596869610857,0.012492316371110045,7.006697164530209e-08,1.0,0.004651361629412695,0.005111254001068088,0.00024979428740142646,0.7490740740740741,0.7333333333333333,0.010352166562499049,0.56552289978268,0.5453975378386948,0.010731483625307679,1,1,1,1
08_low_friction_mild_mu_0p20_p2l_v2:0069,08_low_friction_mild_mu_0p20_p2l_v2,25.74999999999995,26.14999999999995,0.00834221339229937,0.01356542308355764,0.024159207419862078,0.014095851121672043,0.0,0.0935051425925525,0.15316041225780405,0.2779437695436416,0.1603430387494835,0.0,0.020386718728702673,0.02047795836179496,0.03103978152132547,0.011934158518643196,0.0,0.02710631620128599,0.02710631620128599,0.037207362200294025,0.010499139305062419,0.0,0.007981013142537926,0.007981013142537926,0.01918546356372186,0.005369697887782941,0.0,0.17999999999462002,0.3499999999409744,0.32923457691782837,0.17165778660217076,0.3228936837416489,0.05438879163806124,0.016112889435520385,0.010040306970334836,6.407609077600647e-08,1.0,0.004873104225490189,0.0053274755785388105,0.00026536750842748644,0.7537037037037037,0.7444444444444445,0.009442628728875531,0.566168972555391,0.5523233601834091,0.009064866023928439,1,1,1,1
08_low_friction_mild_mu_0p20_p2l_v2:0070,08_low_friction_mild_mu_0p20_p2l_v2,25.94999999999995,26.349999999999948,0.014907161246891001,0.014907161246891001,0.03571451523393662,0.01179947697645956,0.0,0.17002598691430945,0.17002598691430945,0.41739861736518535,0.13746446498312556,0.0,-0.013318394787239996,0.024092229256919395,0.3244551632572969,0.07239356574600253,0.05,-0.09987579200841841,0.12593674396439403,0.6282720735490631,0.23771759046774507,0.16666666666666666,-0.05982698377729479,0.07782038088037165,0.3636182274636054,0.13789004870243224,0.16666666666666666,0.1799999999927515,0.34999999992806746,0.3269398472538917,0.16509283874653646,0.3240856313392597,0.8232120445449723,0.7735637221780424,0.015698097338482618,6.936837481539937e-08,1.0,0.004871310112656012,0.0053274755785388105,0.0002735604218356542,0.7444444444444445,0.7055555555555556,0.021032993873334342,0.5708752976334962,0.5523233601834091,0.012374751387880878,1,0,0,1
08_low_friction_mild_mu_0p20_p2l_v2:0071,08_low_friction_mild_mu_0p20_p2l_v2,26.14999999999995,26.549999999999947,0.004777084790953674,0.01775631440436704,0.03571451523393662,0.02092688898386007,0.0,0.052669413307411234,0.2023395951447915,0.41739861736518535,0.2403436754503725,0.0,-0.018255402583805626,0.019063981827261475,0.3244551632572969,0.07062230885234934,0.05,-0.11335910885198668,0.12332831111147384,0.6282720735490631,0.23153306392769257,0.16666666666666666,-0.06968202325222449,0.07921583304323628,0.3636182274636054,0.13361354578185497,0.16666666666666666,0.17999999999196992,0.3499999999298893,0.3328115110845912,0.17522291520186095,0.3293982490138209,0.8239441993415231,0.7700586331746931,0.00866506901773055,9.784309464098852e-08,1.0,0.004784663099244398,0.005354988097266842,0.0002660771733811722,0.737962962962963,0.7055555555555556,0.017098319733906825,0.5654937724173044,0.5462816258363985,0.01667653081514575,1,0,0,1
08_low_friction_mild_mu_0p20_p2l_v2:0072,08_low_friction_mild_mu_0p20_p2l_v2,26.349999999999948,26.749999999999947,0.02224454837091901,0.03632576573899976,0.09594177547223376,0.04327050717426668,0.16666666666666666,0.2619332228077566,0.42480248745840016,1.1353016747268814,0.5113438342740378,0.0,0.0005637971788351959,0.0005637971788351959,0.0007974398856481768,0.0001469541345481258,0.0,-0.008255902002954405,0.01096008682470174,0.03262465197194425,0.013248188348048343,0.0,-0.008849429649943555,0.01135653565628931,0.03311461650474856,0.013219995015356575,0.0,0.17999999999260052,0.3499999999512283,0.3505302623056716,0.157755451621715,0.3417440979480206,0.06632239957926889,0.00995027341512768,0.008565443503564241,1.0415710033209108e-07,1.0,0.004668974083809623,0.005354988097266842,0.000323238625606342,0.7472222222222222,0.7333333333333333,0.009487917375888512,0.5397872279805935,0.5223303311262713,0.011494178397295246,1,1,1,1
08_low_friction_mild_mu_0p20_p2l_v2:0073,08_low_friction_mild_mu_0p20_p2l_v2,26.549999999999947,26.949999999999946,0.03707069169410639,0.038172679448773776,0.09594177547223376,0.03245622049407333,0.16666666666666666,0.44066097982679087,0.45386006264005413,1.1353016747268814,0.38491793571937266,0.0,0.0005425434372623994,0.0005425434372623994,0.0008744995304671432,0.0001713317486130364,0.0,-0.005872634643818227,0.005872634643818227,0.0172415770250256,0.005262850845486068,0.0,-0.006528854635084754,0.006528854635084754,0.017864709114272126,0.005232826811893475,0.0,0.1799999999927071,0.34999999994958864,0.35052776048605144,0.14292930829860756,0.3441273653057448,0.06627054262663679,0.010052293353536796,0.00728829781448883,8.055881433868099e-08,1.0,0.004454766103752777,0.0045785538294486165,7.12343785431582e-05,0.7564814814814814,0.7388888888888889,0.010352166562499019,0.5174053800392696,0.489873010152876,0.015223170334052637,1,1,1,1
08_low_friction_mild_mu_0p20_p2l_v2:0074,08_low_friction_mild_mu_0p20_p2l_v2,26.749999999999947,27.149999999999945,0.016763859073279545,0.016763859073279545,0.030320763683250096,0.00791704650464446,0.0,0.19798470657718134,0.19798470657718134,0.3664235049232069,0.0962604787215893,0.0,0.0004796618725499996,0.0004796618725499996,0.0009588235266372869,0.00021212234642393313,0.0,0.002123546000027334,0.005527710450655726,0.012753220880850624,0.0063541005183179395,0.0,0.0015319955042408517,0.005634231105971822,0.01226296546054878,0.006439315800860302,0.0,0.17999999999281258,0.3499999999472144,0.35051803643330226,0.1632361409195508,0.3521235459471508,0.06278915751015961,0.009738102788075966,0.006228278890444583,8.732210112237634e-08,1.0,0.0045534673298238395,0.005301731410704918,0.0003623402957007468,0.7703703703703703,0.7555555555555555,0.009442628728875541,0.49447630335099574,0.4720343957866104,0.01538542050030861,1,1,1,1
08_low_friction_mild_mu_0p20_p2l_v2:0075,08_low_friction_mild_mu_0p20_p2l_v2,26.949999999999946,27.349999999999945,0.015196212363323705,0.015196212363323705,0.02648106795338287,0.0072849784827599875,0.0,0.17541889153915732,0.17541889153915732,0.30718503700337324,0.07986977926899234,0.0,0.0004518443083503382,0.0004518443083503382,0.0009588235266372869,0.000228133910243684,0.0,0.007979093415164062,0.010277226432036138,0.021922132144235884,0.008880847289484031,0.0,0.0075204509994659385,0.010014200968811346,0.02133756562887129,0.008898282128001353,0.0,0.1799999999929014,0.34999999994493713,0.35047377255394363,0.16480378762962208,0.35797909335987343,0.06324668939627161,0.010163275670051814,0.007411353927540196,8.579244381236968e-08,1.0,0.0045977356967504416,0.005301731410704918,0.0004681319225669708,0.7657407407407408,0.7444444444444445,0.01338595582851941,0.4654474943017823,0.42854632137127585,0.021951873889803117,1,1,1,1
08_low_friction_mild_mu_0p20_p2l_v2:0076,08_low_friction_mild_mu_0p20_p2l_v2,27.149999999999945,27.549999999999944,0.008790404528271284,0.01884397659586333,0.030160716202776133,0.019625473278374644,0.0,0.10129402414830951,0.22133964818715915,0.36013687211654893,0.23039482334644693,0.0,0.0004642357947194864,0.0004642357947194864,0.0008185972452558476,0.00020168339906058772,0.0,0.005515837699118463,0.012973036062972407,0.021922132144235884,0.012910955565320742,0.0,0.00509191493063707,0.012937355912207266,0.02133756562887129,0.01299332913545706,0.0,0.17999999999311234,0.34999999994385533,0.3504692324726541,0.17120959546485992,0.35551583764287703,0.06569391978402568,0.009372947814432254,0.007226235965256084,8.065661364269235e-08,1.0,0.004481754936247088,0.005050310635668042,0.0003230895251823394,0.7583333333333333,0.7444444444444445,0.009487917375888527,0.42733872235424025,0.3966952021138868,0.02412912592498287,1,1,1,1
08_low_friction_mild_mu_0p20_p2l_v2:0077,08_low_friction_mild_mu_0p20_p2l_v2,27.349999999999945,27.749999999999943,0.0022126528968565012,0.014732879589888268,0.030160716202776133,0.017762472107633077,0.0,0.029952996370605518,0.17841143777239754,0.36013687211654893,0.21393554460053799,0.0,0.0005265207549279948,0.0005265207549279948,0.0008611128487534536,0.0001810899143658206,0.0,-0.0012105341278187132,0.011020466782328884,0.01615466042779834,0.011953346366834842,0.0,-0.0017271846776456175,0.01114365814301943,0.01620936512053861,0.012074346474537602,0.0,0.17999999999327665,0.3499999999419652,0.35051715655385995,0.1777873470963998,0.34878946581412174,0.06601967169687094,0.009326568292561527,0.005938846748572049,7.853053978170492e-08,1.0,0.004335994159377142,0.004684056354697303,0.0002604501606763917,0.7675925925925925,0.75,0.008735167714867232,0.39064269048626027,0.35664409493697413,0.021809770756530896,1,1,1,1
08_low_friction_mild_mu_0p20_p2l_v2:0078,08_low_friction_mild_mu_0p20_p2l_v2,27.549999999999944,27.949999999999942,0.004161261901475574,0.015412003792417792,0.03045212004237538,0.017652197098414674,0.0,0.0534340984597837,0.1838931968805261,0.3599044953462258,0.2085481691228879,0.0,0.0005043953327243417,0.0005043953327243417,0.0008611128487534536,0.00020780976102337248,0.0,-0.00489219055237571,0.007094800601080263,0.01565390779186171,0.0075064150684749816,0.0,-0.005444005897784728,0.007284766752358396,0.01620936512053861,0.007519738914920308,0.0,0.1799999999933788,0.3499999999396194,0.35047175938230946,0.1758387380918914,0.34510780938717533,0.06520619453674141,0.008849229780391276,0.006200482172387934,6.987964152631137e-08,1.0,0.0043893686916192535,0.004684056354697303,0.00029127503153251213,0.7824074074074074,0.7666666666666667,0.01617060110793793,0.3730967087856501,0.35664409493697413,0.01023275897264627,1,1,1,1
08_low_friction_mild_mu_0p20_p2l_v2:0079,08_low_friction_mild_mu_0p20_p2l_v2,27.749999999999943,28.14999999999994,-0.009019520776121672,0.025599796738446607,0.06368603531425074,0.030469832424104133,0.0,-0.11651442167032412,0.3137363734955476,0.8007874767297032,0.3753326272474719,0.0,0.023360189353515824,0.023424745368566834,0.3386974152140889,0.07712222692204589,0.1,0.055797783269424694,0.060712838859714936,0.19444935644445338,0.07884207464026226,0.3333333333333333,0.02346112992404827,0.028670750765751134,0.13248540671576642,0.04982642759141603,0.16666666666666666,0.13500000000015167,0.2624999999635764,0.2895074525845788,0.14251952077764765,0.31538111655709017,1.7103669073039491,1.6160539420645963,0.008755997893701704,8.942626503332459e-06,1.0,0.004288180998029986,0.00467215955142643,0.000314845602353041,0.7861111111111111,0.7666666666666667,0.015298807075794712,0.3769564863364802,0.36022836875000597,0.013296230570631016,1,1,1,1
08_low_friction_mild_mu_0p20_p2l_v2:0080,08_low_friction_mild_mu_0p20_p2l_v2,27.949999999999942,28.34999999999994,-0.01736959100387526,0.026811963408376452,0.06368603531425074,0.029111319955983744,0.0,-0.22990974653724558,0.3440611677286652,0.8007874767297032,0.3720046766324828,0.0,0.023182875162339862,0.023312105726924905,0.3386974152140889,0.0771752214902985,0.1,0.05776115137174881,0.05861036120016333,0.19444935644445338,0.07723357907169444,0.3333333333333333,0.025630843749355637,0.02653687284772448,0.13248540671576642,0.048433353108370304,0.16666666666666666,0.045000000003441176,0.08749999999426203,0.11439735235761335,0.06388239413165805,0.14319369451851824,1.7097971218903265,1.6241330232854967,0.009571540087910162,8.933348162042284e-06,1.0,0.004058869850367951,0.004391190548540055,0.00033433692435446647,0.7870370370370371,0.7666666666666667,0.009972527420619416,0.3937909665845189,0.36022836875000597,0.017423099866233596,1,1,1,1
09_low_friction_severe_mu_0p06_p2l_v2:0000,09_low_friction_severe_mu_0p06_p2l_v2,11.042,11.442,0.036438653601109816,0.04838912934217864,0.140819880971431,0.0537456237429961,0.16666666666666666,0.4805141853338659,0.636713603857595,1.8094198233582814,0.6925640457539182,0.0,-6.4174678887068765e-06,0.00015599490150425358,0.00036936148428459226,0.0001853793306317153,0.0,0.003015856147332163,0.009402793689208364,0.016052815174627214,0.009970815054573923,0.0,0.002908215788642185,0.009490701462776412,0.015810426834860437,0.010037794618781029,0.0,0.24999999998486402,1.1120022281902612e-17,0.00014515070731990084,0.21356134638394222,0.009402793689208343,1.8808089288854308,1.7551412946017664,0.006160851282144929,9.350406050426552e-08,1.0,0.0036696360362746903,0.003936214780751545,0.00019247876363807603,0.6953703703703704,0.6833333333333333,0.008735167714867228,0.5582283820209654,0.533076964829216,0.01354527549020609,1,1,1,1
09_low_friction_severe_mu_0p06_p2l_v2:0001,09_low_friction_severe_mu_0p06_p2l_v2,11.241999999999999,11.642,-0.01032766392267731,0.023827952611553193,0.040500866066627644,0.025716516378629296,0.0,-0.13058608474147393,0.31755423302728203,0.5609044448574243,0.3467393097326569,0.0,6.3028830951212346e-06,0.00013509690418537194,0.000420858834423673,0.00016277066238608472,0.0,0.00034896122149082645,0.0061526347013952576,0.016052815174627214,0.008287371606980922,0.0,0.00022833843722301045,0.006225331324321799,0.015810426834860437,0.008286588491623649,0.0,0.24999999999231742,0.0,0.00014561115886595237,0.26032766391499473,0.0061526347013952576,0.015055751565271605,0.0071187129590705445,0.006574892472852482,8.74471004875328e-08,1.0,0.003706518929708233,0.0038939791372604553,0.0001744433527432586,0.7037037037037037,0.6944444444444444,0.006141897759917436,0.5485293006791014,0.533076964829216,0.009907529290401123,1,1,1,1
09_low_friction_severe_mu_0p06_p2l_v2:0002,09_low_friction_severe_mu_0p06_p2l_v2,11.441999999999998,11.841999999999999,-0.013086609100382451,0.014706434024302792,0.03319668019550576,0.014481284019689013,0.0,-0.17441838453465475,0.1956149811034249,0.4388563499116485,0.1907424232513976,0.0,2.678339892999415e-05,0.0001352727092588438,0.000420858834423673,0.00016215009551301244,0.0,-0.0023433578365167703,0.0034940153678604483,0.008113590571597357,0.0034959469097760702,0.0,-0.002332897505609423,0.003516424988867419,0.007915231194940985,0.003468606623727081,0.0,0.24999999999231193,0.0,0.00014194968495166363,0.2630866090926944,0.0034940153678604483,0.014336144495575425,0.0068970775631173155,0.004871924789879325,9.096823097402476e-08,1.0,0.0037204654169722697,0.0038435280075125523,0.0001911411991393129,0.6981481481481482,0.6833333333333333,0.008881169487616157,0.5448116306982599,0.5370846250026895,0.008631693249896134,1,1,1,1
09_low_friction_severe_mu_0p06_p2l_v2:0003,09_low_friction_severe_mu_0p06_p2l_v2,11.641999999999998,12.041999999999998,0.003424093343643917,0.017691386634821792,0.05361180687075637,0.024947412600040794,0.0,0.03184497370920383,0.23268256418507227,0.6680088790905895,0.3226005538605175,0.0,5.869090493507386e-05,0.00014458896632728638,0.0004261740440824667,0.0001656119826102958,0.0,-0.00011249563749536726,0.006379445672451308,0.018779367217086188,0.008898500978246408,0.0,-9.223688258850093e-05,0.00636596215795672,0.01881685489947827,0.008888872956386714,0.0,0.24999999999231193,0.0,0.0001345315917063294,0.24657590664866802,0.006379445672451308,0.016149013475843854,0.008031184369667418,0.00402238341514732,8.265143010449832e-08,1.0,0.003665581519783096,0.004143331694698406,0.0004214296490196174,0.6916666666666668,0.6833333333333333,0.0042431256434776144,0.5279463511601764,0.5083051584515126,0.012375632742111134,1,1,1,1
09_low_friction_severe_mu_0p06_p2l_v2:0004,09_low_friction_severe_mu_0p06_p2l_v2,11.841999999999997,12.241999999999997,0.0020274666575641844,0.030231071343548337,0.05361180687075637,0.03508339153052373,0.0,0.019618589140095594,0.3904147093199822,0.6680088790905895,0.4492981389575491,0.0,4.6403105294484336e-05,0.00013397468996963953,0.0004261740440824667,0.0001664683883843916,0.0,0.0016005260335546264,0.0075601987762345885,0.018779367217086188,0.009591274156490923,0.0,0.001591223650709919,0.00755319884739888,0.01881685489947827,0.00960102472697897,0.0,0.24999999999231193,0.0,0.00012951138532424678,0.24797253333474778,0.0075601987762345885,0.016092607772426215,0.008147585677599187,0.005486613514185876,9.779603580954071e-08,1.0,0.003793028143371751,0.004143331694698406,0.0004069936735424834,0.6916666666666668,0.6833333333333333,0.0042431256434776144,0.5079333689073876,0.4886868774311471,0.011519116141625634,1,1,1,1
09_low_friction_severe_mu_0p06_p2l_v2:0005,09_low_friction_severe_mu_0p06_p2l_v2,12.041999999999996,12.441999999999997,-0.0051890585385059584,0.02062093644906553,0.04734667309817209,0.026048136103809922,0.0,-0.059338457978328735,0.26217906563275567,0.5966406955018981,0.3324968948136841,0.0,1.29854501701777e-05,0.00013882761604515603,0.0004245630908792123,0.0001786226683277328,0.0,0.00014150289670565165,0.004634809410121613,0.009665546973360235,0.005855541072785249,0.0,0.00013538275403553353,0.004577309344273059,0.00968353697995897,0.005818026980209348,0.0,0.24999999999231193,0.0,0.00016116164216376945,0.2551890585308179,0.004634809410121613,0.012426925636612688,0.005719410806898559,0.002940463349853159,1.0152694056456076e-07,1.0,0.00393592773304793,0.004582358207967507,0.0003286505176080633,0.6953703703703704,0.6833333333333333,0.005928818738363728,0.4984334027842052,0.47481879532301335,0.01317147806287452,1,1,1,1
09_low_friction_severe_mu_0p06_p2l_v2:0006,09_low_friction_severe_mu_0p06_p2l_v2,12.241999999999996,12.641999999999996,-0.012607358721333414,0.028684146291386714,0.059060395252557296,0.03332477207377489,0.0,-0.15766806014358545,0.3676287501947517,0.7554874053518928,0.4301438828350272,0.0,-8.639446963556337e-06,0.0001771409418657977,0.0004333333462332163,0.00021737458754576358,0.0,-0.0020890657276536645,0.004641081885586804,0.009927782334847928,0.005419611425048042,0.0,-0.0020933966741733547,0.004573936441082887,0.009895798471566394,0.005368142153123287,0.0,0.24999999999231193,0.0,0.00018393152094312124,0.2626073587136453,0.004641081885586804,0.013510963541418466,0.006592643536538326,0.003312632175618282,9.365932914759744e-08,1.0,0.00393460700182302,0.004582358207967507,0.00031946935424153575,0.6972222222222223,0.6888888888888889,0.0042431256434776144,0.49418513222246957,0.47481879532301335,0.012319331213270442,1,1,1,1
09_low_friction_severe_mu_0p06_p2l_v2:0007,09_low_friction_severe_mu_0p06_p2l_v2,12.441999999999995,12.841999999999995,-0.0031363338099203255,0.0346072499417309,0.059060395252557296,0.04080702266001566,0.0,-0.040594251542867,0.44911104984331257,0.7554874053518928,0.5276381049751266,0.0,-2.175581415912339e-06,0.0001882683615401708,0.00045372255535891233,0.00022416161166418264,0.0,-0.0015174243283867324,0.004936462792375688,0.009927782334847928,0.0058034931636347,0.0,-0.0015051885944706719,0.004987024484893248,0.009895798471566394,0.005842626480439554,0.0,0.24999999999231193,0.0,0.00016695201416386715,0.25313633380223227,0.004936462792375688,0.013925882930365622,0.006601342063475128,0.004597530967546445,8.875187725839807e-08,1.0,0.003731458290606537,0.003966245965201315,0.00022455726786332498,0.6944444444444445,0.6833333333333333,0.006415002990995819,0.4929344523527394,0.4862115487334226,0.004399391059787938,1,1,1,1
09_low_friction_severe_mu_0p06_p2l_v2:0008,09_low_friction_severe_mu_0p06_p2l_v2,12.641999999999994,13.041999999999994,0.009734813876113307,0.0201582744597304,0.05255559277117705,0.024047523897048992,0.0,0.1242323185706408,0.2707418105182437,0.6813047461390325,0.3201347077210717,0.0,-2.6426153882625766e-05,0.0002049921199327535,0.0004730457165680523,0.00024606019582744653,0.0,0.003078813705239821,0.004722673559059341,0.007877447829292136,0.00445104923271009,0.0,0.003179954812015298,0.004896743914963711,0.00820445391902902,0.00461717234961331,0.0,0.24999999999231193,0.0,0.00016315572476176631,0.24026518611619863,0.004722673559059341,0.015366565204934643,0.006656392633301393,0.0055767963635464735,6.328500230619063e-08,1.0,0.0035299808561547615,0.003876915379934865,0.0001837661930180856,0.688888888888889,0.6777777777777778,0.00848625128695523,0.4980962977390851,0.48990163632851397,0.005352035051092604,1,1,1,1
09_low_friction_severe_mu_0p06_p2l_v2:0009,09_low_friction_severe_mu_0p06_p2l_v2,12.841999999999993,13.241999999999994,0.002320901516624757,0.023056450579587245,0.04064216185835398,0.02480137007923015,0.0,0.021171265191139804,0.3006730029905092,0.4846934935856969,0.3191301149896809,0.0,6.343439780547125e-06,0.00018713913188231785,0.0004730457165680523,0.00023119067777882887,0.0,0.0014796938367559423,0.006707199657593479,0.009404898204300205,0.006906670196696347,0.0,0.0015013900694471072,0.006766662852381602,0.009103935581792278,0.006953252145993661,0.0,0.24999999999231193,0.0,0.00016994845479386113,0.24767909847568717,0.006707199657593479,0.014703377861219603,0.007188284413210012,0.00550430538860699,7.632454517115346e-08,1.0,0.003760356427247868,0.004442655267038439,0.00035439654055810483,0.6833333333333335,0.6777777777777778,0.004536092116265128,0.49985958662503965,0.49438042957356365,0.0049763697792080805,1,1,1,1
09_low_friction_severe_mu_0p06_p2l_v2:0010,09_low_friction_severe_mu_0p06_p2l_v2,13.041999999999993,13.441999999999993,0.0013139471218106176,0.017999917464798898,0.04064216185835398,0.02157565162346577,0.0,0.006045818124166026,0.2278940036329671,0.4846934935856969,0.2685217389050009,0.0,2.6775630901778974e-05,0.00015498613610124767,0.0004061127644657514,0.0001893430380496377,0.0,-0.0001274615557892286,0.004702254707433978,0.009404898204300205,0.005698186042589764,0.0,-0.0001895793486009783,0.004726213829596765,0.009103935581792278,0.0056696731649231195,0.0,0.24999999999231193,0.0,0.00017110646328329812,0.24868605287050127,0.004702254707433978,0.013250548999062986,0.006313691907097418,0.005480375490473295,8.62863107700711e-08,1.0,0.0039003578195548473,0.004442655267038439,0.00039063387693316176,0.6787037037037038,0.6722222222222223,0.005928818738363728,0.49479926377668465,0.4786314295155969,0.00972942352120562,1,1,1,1
09_low_friction_severe_mu_0p06_p2l_v2:0011,09_low_friction_severe_mu_0p06_p2l_v2,13.241999999999992,13.641999999999992,-0.004935785030505009,0.012398641104582836,0.03882746657662278,0.016728039494704992,0.0,-0.06910291108004535,0.1624038170697692,0.5121867021606407,0.2188956206250039,0.0,3.7286583810179563e-05,0.00018790582769995348,0.0004462224446212247,0.0002176084667446414,0.0,-0.002073646676344115,0.003513473759888796,0.007364928834344565,0.0035760814693344273,0.0,-0.0021411835837346284,0.0036431728707996564,0.007327384792081882,0.0036568036142128565,0.0,0.24999999999231193,0.0,0.00016600885879022734,0.25493578502281694,0.003513473759888796,0.013949627477167851,0.006640573297526421,0.00572915602330171,8.341884156341144e-08,1.0,0.0038590372779372015,0.0043607161045512086,0.0003446905086387127,0.6722222222222224,0.6666666666666666,0.0032075014954979415,0.4959524230935228,0.4786314295155969,0.010058275771367236,1,1,1,1
09_low_friction_severe_mu_0p06_p2l_v2:0012,09_low_friction_severe_mu_0p06_p2l_v2,13.441999999999991,13.841999999999992,-0.014566454576493628,0.01626283335007993,0.03882746657662278,0.014123453698001186,0.0,-0.1932897031951426,0.21421528528963227,0.5121867021606407,0.1867097658497441,0.0,5.532286493487519e-06,0.0001723007728019235,0.0004462224446212247,0.0002028458614844001,0.0,-0.004632883394738634,0.004632883394738634,0.007364928834344565,0.0013478999203083112,0.0,-0.004681499221799068,0.004681499221799068,0.007327384792081882,0.001273411386857045,0.0,0.24999999999231193,0.0,0.00015312398918080624,0.26456645456880556,0.004632883394738634,0.01260841782954484,0.005916009745233224,0.004954023051861654,8.593379821747981e-08,1.0,0.003874354814220611,0.004211552109059482,0.00024097059363460693,0.6666666666666666,0.6555555555555556,0.005555555555555573,0.5005451505913937,0.49653056399541823,0.003774779849525702,1,1,1,1
09_low_friction_severe_mu_0p06_p2l_v2:0013,09_low_friction_severe_mu_0p06_p2l_v2,13.64199999999999,14.041999999999991,-0.013194142180462934,0.01731329897210083,0.03706604420193471,0.015399022238238236,0.0,-0.17631430478472196,0.23160620269777732,0.5036361196936213,0.2091124476990251,0.0,-4.6109135495971195e-05,0.00012761659072821363,0.0003843822286626306,0.00015703059922016056,0.0,-0.0027167063018452976,0.0041629020657856656,0.007207419944386741,0.003621646557644524,0.0,-0.0028069762660112834,0.004012471773174812,0.007147886945005302,0.003440163184670227,0.0,0.24999999999231193,0.0,0.0001474787956367349,0.26319414217277487,0.0041629020657856656,0.01275762471666508,0.006023835171596492,0.0046718194809189754,8.351450993275732e-08,1.0,0.003761848558876324,0.0041137289696450575,0.00022474050065206808,0.662037037037037,0.6555555555555556,0.004986263710309708,0.5103717086109074,0.49653056399541823,0.013840315149702404,1,1,1,1
09_low_friction_severe_mu_0p06_p2l_v2:0014,09_low_friction_severe_mu_0p06_p2l_v2,13.84199999999999,14.24199999999999,0.002352178020784574,0.02281389250655748,0.05028550201034723,0.027834247518910296,0.0,0.025567471126457315,0.29831920323433503,0.6339665561164949,0.3619564658484828,0.0,-3.269395455261293e-05,0.0001321552127303308,0.0003843822286626306,0.00016894739506769638,0.0,0.0017156666923023355,0.005065036493440437,0.014956323140225145,0.0068013866053729345,0.0,0.0017149869887185681,0.004947263530164568,0.015128025083079399,0.006806192744420943,0.0,0.24999999999231193,0.0,0.00015134147260347416,0.24764782197152738,0.005065036493440437,0.01525496106090286,0.007244236088514025,0.004483019990563307,8.37830520659501e-08,1.0,0.0037988122548277426,0.004063950161523991,0.00018226469138786877,0.6629629629629629,0.6555555555555556,0.004140866624999596,0.5205354022973457,0.503377465448963,0.01029769485799035,1,1,1,1
09_low_friction_severe_mu_0p06_p2l_v2:0015,09_low_friction_severe_mu_0p06_p2l_v2,14.04199999999999,14.44199999999999,0.006205865072653628,0.021962018717337762,0.05028550201034723,0.024875474141481745,0.0,0.07917942549956951,0.28818986784562656,0.6339665561164949,0.32164096988687496,0.0,1.6083342040053614e-05,0.0001744178450675973,0.0005456471753274501,0.00021961064363099024,0.0,0.0008902948256092362,0.005889233469078926,0.014956323140225145,0.007381856865130375,0.0,0.0009630510233635214,0.005879842415056273,0.015128025083079399,0.0074183242043368925,0.0,0.24999999999231193,0.0,0.00017870515046290703,0.24379413491965832,0.005889233469078926,0.016795245570438707,0.006812991443988078,0.0033028833064858683,6.932508303172377e-08,1.0,0.003706428668093519,0.004063950161523991,0.00030723884106134247,0.6638888888888889,0.6555555555555556,0.007691318391590816,0.5152120671700101,0.4988392170760351,0.009000743284563434,1,1,1,1
09_low_friction_severe_mu_0p06_p2l_v2:0016,09_low_friction_severe_mu_0p06_p2l_v2,14.241999999999988,14.641999999999989,0.01222572340938651,0.02089672006590565,0.0521965455302906,0.023094240671071152,0.0,0.15033358217499357,0.2675336184655331,0.61376914236036,0.28673933399540963,0.0,3.137085337139766e-05,0.00018870248086385257,0.0005456471753274501,0.0002332775874259236,0.0,0.0018671951681635656,0.006076017656756967,0.009920940696449367,0.006686193957015783,0.0,0.0018418891944129885,0.006052140775938392,0.010064305103396934,0.0067014362707844295,0.0,0.24999999999231193,0.0,0.0001726119830867054,0.2377742765829254,0.006076017656756967,0.01766418623274742,0.007135153367995672,0.004109496331147914,8.07018576506256e-08,1.0,0.0037226301896999135,0.004540229118639426,0.000440785769828804,0.6611111111111111,0.6444444444444445,0.010638078975070414,0.5030984008766334,0.48899994103392813,0.009554584356216138,1,1,1,1
09_low_friction_severe_mu_0p06_p2l_v2:0017,09_low_friction_severe_mu_0p06_p2l_v2,14.441999999999988,14.841999999999988,0.02197766001099925,0.025585929099004773,0.0521965455302906,0.022475416487125942,0.0,0.26569687465491704,0.31364157042045165,0.61376914236036,0.2670781541380802,0.0,8.613988651794878e-06,0.0001525101795781891,0.00040441553970924283,0.00018328830274957631,0.0,0.00230828296793575,0.006909952137608443,0.009920940696449367,0.0072343896022180445,0.0,0.002283610877443732,0.006948723500656909,0.010064305103396934,0.007287133368026333,0.0,0.24999999999231193,0.0,0.0001469642149862079,0.2280223399813127,0.006909952137608443,0.01610936532102244,0.007738204099682052,0.005844060227273903,8.336579373361212e-08,1.0,0.003966581577983513,0.004607134703339629,0.0004413263122606322,0.6601851851851851,0.6444444444444445,0.008124967025363047,0.4921903901516424,0.48081399723040985,0.006837778644880749,1,1,1,1
09_low_friction_severe_mu_0p06_p2l_v2:0018,09_low_friction_severe_mu_0p06_p2l_v2,14.641999999999987,15.041999999999987,0.009932434220778774,0.022720750589909206,0.04684985201474959,0.024390075933293124,0.0,0.11507006130213482,0.2866815294653455,0.5456240805165165,0.30354946523239257,0.0,2.1462807488991866e-05,0.00012766213215456663,0.00024907989282358875,0.0001446560392829564,0.0,-0.00023510415633164078,0.006382703586958672,0.008160129460528256,0.0065493497965147755,0.0,-0.00026234526392426735,0.006415491507393799,0.008173328503348338,0.006587944251019376,0.0,0.24999999999231193,0.0,0.00013868778679353359,0.24006756577153318,0.006382703586958672,0.014181282171271459,0.006974380575231309,0.005585255523532302,6.939166693839725e-08,1.0,0.003913099129198307,0.004607134703339629,0.00035181568658602664,0.6564814814814814,0.6444444444444445,0.006740842490074529,0.5015384923255968,0.48081399723040985,0.0171108890089142,1,1,1,1
09_low_friction_severe_mu_0p06_p2l_v2:0019,09_low_friction_severe_mu_0p06_p2l_v2,14.841999999999986,15.241999999999987,0.01742897104201012,0.026609018323135027,0.03522590037368309,0.0223304229324808,0.0,0.22483000947844337,0.3484967818761194,0.48073131601289837,0.2961715849645019,0.0,3.160955458460586e-05,0.0001404283206923251,0.0004085883815159499,0.0001738750990963603,0.0,0.004997466382615521,0.007170385287699373,0.015600570425929017,0.0066083612996540595,0.0,0.005025046510147722,0.0071808784078628285,0.01558377188835325,0.006578399973172853,0.0,0.24999999999231193,0.0,0.00014718546305549058,0.23257102895030182,0.007170385287699373,0.014120792074036055,0.006037458035827112,0.0035197680335350336,7.525575213930391e-08,1.0,0.003825270140720526,0.004404341267133561,0.00032669589310381606,0.6509259259259259,0.6444444444444445,0.004986263710309709,0.5178301141123313,0.49590528253633104,0.010524897004172471,1,1,1,1
09_low_friction_severe_mu_0p06_p2l_v2:0020,09_low_friction_severe_mu_0p06_p2l_v2,15.041999999999986,15.441999999999986,0.016939450350982852,0.035698028886027404,0.05627573560513366,0.03313685034312567,0.0,0.2066868793080078,0.463822051491396,0.7714055165501644,0.44440585183199927,0.0,4.486087401378103e-05,0.0001378132668024669,0.0004085883815159499,0.00017176061552193466,0.0,0.0029872295436471357,0.009306080875736247,0.015600570425929017,0.010022959596200325,0.0,0.002910414826620087,0.009376882867984248,0.01558377188835325,0.010083466937093624,0.0,0.24999999999231193,0.0,0.0001594589728621245,0.23306054964132908,0.009306080875736247,0.01183944053194474,0.00451840586431464,0.0030599542989402017,7.351026135162975e-08,1.0,0.003964099936730931,0.00447064220791352,0.0004206934397136878,0.6564814814814816,0.6444444444444445,0.009842727604383929,0.5293187152308317,0.515991438303305,0.011965784772184818,1,1,1,1
09_low_friction_severe_mu_0p06_p2l_v2:0021,09_low_friction_severe_mu_0p06_p2l_v2,15.241999999999985,15.641999999999985,-0.0007745987352167083,0.03442301064529014,0.05627573560513366,0.037751587490473776,0.0,-0.03190414158440905,0.4568123206087265,0.7714055165501644,0.5079177239035334,0.0,2.6027276820637474e-05,0.00012714889345137126,0.0003585303224592732,0.00015923083573406928,0.0,-0.002742363283568532,0.008684704557090597,0.0146332321534453,0.009106502681997124,0.0,-0.0028600093934149124,0.008756401042235228,0.014825042072470906,0.009139960790053513,0.0,0.24999999999231193,0.0,0.0001282297459866065,0.25077459872752866,0.008684704557090597,0.013222564352741243,0.006227377266076036,0.002862874597170494,7.32775929541123e-08,1.0,0.0038785341865567604,0.00447064220791352,0.00043879688838074926,0.6675925925925926,0.65,0.008735167714867235,0.5423557880717227,0.523566887243192,0.009237713954374756,1,1,1,1
09_low_friction_severe_mu_0p06_p2l_v2:0022,09_low_friction_severe_mu_0p06_p2l_v2,15.441999999999984,15.841999999999985,0.009165851826993282,0.027956836895218707,0.07110351033001869,0.034691037290210454,0.0,0.10309579810639528,0.3649287785196168,0.8697837647692537,0.4528804161967417,0.0,-4.455477283240345e-05,0.00016345631559890427,0.0004673554090859874,0.00020390798920064544,0.0,0.001215801681332253,0.007819792364316768,0.015597272505842944,0.008847956856156525,0.0,0.0012046275510078236,0.007824510475076095,0.015645117522534786,0.008895305682708044,0.0,0.24999999999231193,0.0,0.00014219711750671773,0.24083414816531865,0.007819792364316768,0.01542454936128929,0.007153395650992664,0.005309923857455913,7.922904524510427e-08,1.0,0.003836268315618966,0.004268529675817311,0.00037119130093941503,0.6666666666666667,0.65,0.008399210511316172,0.5485251827593588,0.5391212877390769,0.008998426259901411,1,1,1,1
09_low_friction_severe_mu_0p06_p2l_v2:0023,09_low_friction_severe_mu_0p06_p2l_v2,15.641999999999983,16.041999999999984,0.009092023390955661,0.022726058758588265,0.07110351033001869,0.029667949059562746,0.0,0.10917592412136372,0.2839915028291038,0.8697837647692537,0.36642242663945696,0.0,-8.84624873808926e-05,0.00020488453485079097,0.0005415106694450535,0.00023550010721240812,0.0,0.00271813710520701,0.005957379463738674,0.015597272505842944,0.006997303893392526,0.0,0.0027343565444143216,0.006043930333782047,0.015645117522534786,0.007060480937450069,0.0,0.24999999999231193,0.0,0.00019489057283129826,0.24090797660135627,0.005957379463738674,0.016117253967348585,0.007131820656002945,0.005129911228970673,7.680615375837708e-08,1.0,0.003981851428934707,0.004268529675817311,0.0002910884931738993,0.6666666666666667,0.65,0.008399210511316172,0.5485568030906077,0.537750304378121,0.010948231511098569,1,1,1,1
09_low_friction_severe_mu_0p06_p2l_v2:0024,09_low_friction_severe_mu_0p06_p2l_v2,15.841999999999983,16.241999999999983,0.0031891451237187063,0.018732316679203997,0.03126776858431202,0.01979103897713826,0.0,0.04251507287372924,0.24065044237882272,0.3901829640600572,0.25311615019770684,0.0,-3.233811560604158e-05,0.00017381420581688141,0.0005415106694450535,0.00021387615356488932,0.0,0.0010438144566391153,0.003963573988698178,0.00561145477119996,0.004015329718854108,0.0,0.0009658070517324065,0.003996357250812707,0.005227905385834863,0.004003276121827036,0.0,0.24999999999231193,0.0,0.00018730540757999127,0.24681085486859322,0.003963573988698178,0.016100100420193254,0.006976625229775136,0.004699528675914707,7.805710122994736e-08,1.0,0.003917552710857424,0.004229117897914939,0.00021199835800509494,0.662037037037037,0.6444444444444445,0.012995989673720546,0.5468778899452034,0.537750304378121,0.007207176497941686,1,1,1,1
09_low_friction_severe_mu_0p06_p2l_v2:0025,09_low_friction_severe_mu_0p06_p2l_v2,16.04199999999998,16.44199999999998,0.0069341422836753,0.01540170618563926,0.024550595744395665,0.016114758975726954,0.0,0.08777058614973883,0.20289441151161933,0.3204710807397272,0.21281824346811548,0.0,-5.9174727462467306e-05,0.00015662796767198996,0.00046970295460897803,0.00018160862201640403,0.0,0.0011758673848764496,0.008395632324946998,0.017088055557523157,0.010258902887214786,0.0,0.001135141412377758,0.00833545689583069,0.01724914701686617,0.010248624077197099,0.0,0.2969999999879058,0.0,0.00017266515901861486,0.2930658577076319,0.008395632324946998,1.1868298869361111,1.1537736079193153,0.004796351036248678,8.120020700119257e-08,1.0,0.0037544753169892193,0.003990037837595215,0.00023388445197015148,0.6361111111111112,0.6,0.021695137988629598,0.5477717972529378,0.5360821842391104,0.009950381408936544,1,1,1,1
09_low_friction_severe_mu_0p06_p2l_v2:0026,09_low_friction_severe_mu_0p06_p2l_v2,16.241999999999983,16.64199999999998,0.009141978861146557,0.012900733293576347,0.03587041045504785,0.01586752571704585,0.0,0.11797330264940807,0.17039685935535695,0.46712934751154717,0.20846499579311625,0.0,-7.094593500405432e-05,0.00015682086292247307,0.00046970295460897803,0.00018136808613079407,0.0,0.0006217218627549967,0.008626655400675908,0.017088055557523157,0.010555883538324021,0.0,0.0007343026722271955,0.008577223880499245,0.01724914701686617,0.010560749455095785,0.0,0.3469999999869011,0.0,0.00016809649452618333,0.3408580211291559,0.008626655400675908,1.1868295510957776,1.1536959772435005,0.004080980882454788,7.196916668547904e-08,1.0,0.0037033586243888244,0.003945406906565989,0.0002443237422957317,0.6194444444444445,0.6,0.018355766297776892,0.556035486462321,0.5360821842391104,0.012541512873410338,1,1,1,1
09_low_friction_severe_mu_0p06_p2l_v2:0027,09_low_friction_severe_mu_0p06_p2l_v2,16.44199999999998,16.841999999999977,0.01356112722533695,0.026243251119145855,0.07783559431367537,0.03420203178891559,0.0,0.17028723953784786,0.34919032511099046,1.012481261727124,0.4517376844162904,0.0,3.6034459186734835e-06,0.00017331148439216673,0.0007641133456483864,0.0002457022330405348,0.0,-0.0011441995465367846,0.003975450273500666,0.008145090423288032,0.00456962323146061,0.0,-0.0011420984173114393,0.003966494340171905,0.008128310269176405,0.004600084274233264,0.0,0.34999999999016596,0.0,0.00016051314756070713,0.3364388727647287,0.003975450273500666,0.4887676946579826,0.4737322405678542,0.004416725489113508,0.00222542199484817,1.0,0.0035612149667099222,0.0038540452670662202,0.0002970912530503822,0.6185185185185186,0.6,0.0226047326217291,0.5606506603183449,0.5506358949305319,0.005704737469120959,1,1,1,1
09_low_friction_severe_mu_0p06_p2l_v2:0028,09_low_friction_severe_mu_0p06_p2l_v2,16.64199999999998,17.04199999999998,0.04493761305601434,0.057207964391976125,0.0945662183378077,0.04703927952067725,0.3333333333333333,0.5485467124216711,0.7220756851656711,1.1473181273160362,0.5973276518005465,0.0,6.078185853603368e-05,0.00020026358200372438,0.0007641133456483864,0.0002556852392899559,0.0,0.001524671847111055,0.004122070333947441,0.007940163228737248,0.004782064426535629,0.0,0.0014347454175550481,0.004158097321607653,0.008085091002236313,0.004841355946750919,0.0,0.3499999999894554,0.0,0.0001635428183011644,0.30506238693334076,0.004122070333947441,0.5060839376078926,0.46226817496040784,0.031034010169986498,0.0022254458911776906,1.0,0.0038233577636670544,0.004324721813412145,0.0004739437759410618,0.6416666666666666,0.6,0.029874566305373492,0.5508231565665721,0.5256651035250322,0.013488942319894259,1,1,1,1
09_low_friction_severe_mu_0p06_p2l_v2:0029,09_low_friction_severe_mu_0p06_p2l_v2,16.841999999999977,17.241999999999976,0.051878032137607284,0.058510235035450005,0.0945662183378077,0.038830008767057535,0.3333333333333333,0.641171402621166,0.7240235666119054,1.1473181273160362,0.472431352685703,0.0,6.887606000708656e-05,0.00018086594281473088,0.00047007824057652313,0.00020137025484988683,0.0,0.00450746566099348,0.007786448625771311,0.016977836698664,0.008104758469302257,0.0,0.0045285444214523156,0.007764306366577822,0.016989682833275455,0.008064621010578317,0.0,0.34999999998905684,0.0,0.0001606522067640621,0.29812196785151096,0.007786448625771311,0.1748136049804489,0.038615763640350693,0.004112629144307975,8.270924380690749e-08,1.0,0.004123086060074129,0.004324721813412145,0.0001986601268039116,0.6620370370370371,0.6,0.02998913840870676,0.5393779296126286,0.5251017800638371,0.012572758988145928,1,1,1,1
09_low_friction_severe_mu_0p06_p2l_v2:0030,09_low_friction_severe_mu_0p06_p2l_v2,17.04199999999998,17.44199999999998,0.022252103115695237,0.029632401966689148,0.0730520995787372,0.032337159762857476,0.0,0.27322286008463353,0.3658516473428735,0.9044090304712707,0.3964941920376737,0.0,7.58107532007249e-05,0.00016404747765689633,0.0004243449263818879,0.00019479107527829145,0.0,0.0029834078938639846,0.006262390858641814,0.016977836698664,0.007838933771441039,0.0,0.0030400531520272823,0.006275815097152787,0.016989682833275455,0.007809349299138996,0.0,0.3499999999897674,0.0,0.00015062140861529932,0.3277478968741336,0.006262390858641814,0.12472615805075724,0.05632074329293857,0.017975046538810505,6.238221079691766e-08,1.0,0.0040107120535316,0.004614096974469236,0.0003417826060781626,0.6620370370370371,0.6,0.03182007458785108,0.5333817106752966,0.5187222350008305,0.008451987866882423,1,1,1,1
09_low_friction_severe_mu_0p06_p2l_v2:0031,09_low_friction_severe_mu_0p06_p2l_v2,17.241999999999976,17.641999999999975,0.02144134660455548,0.024939884548040664,0.06956148242492777,0.029046414980706325,0.0,0.2660679129490468,0.31187012950653287,0.8995160976787703,0.36502452909549576,0.0,3.0801554309989014e-05,0.00016498048463737126,0.0004243449263818879,0.00021110880939608065,0.0,0.004122424673809543,0.004122424673809543,0.009844255183327823,0.0028540775455328194,0.0,0.004119629523993169,0.004119629523993169,0.009893427668286171,0.002878312408987508,0.0,0.3499999999903025,0.0,0.00015039768578218598,0.328558653385747,0.004122424673809543,0.06923333503364963,0.01264734503197949,0.009067137287302837,7.48330500826253e-08,1.0,0.003938040697648509,0.004614096974469236,0.0003183246940040939,0.6648148148148149,0.6388888888888888,0.018332398030762347,0.5292584029136373,0.5187222350008305,0.007499881415656074,1,1,1,1
09_low_friction_severe_mu_0p06_p2l_v2:0032,09_low_friction_severe_mu_0p06_p2l_v2,17.44199999999998,17.841999999999977,0.016708657210626032,0.03060228485209347,0.06956148242492777,0.03463123461827986,0.0,0.20364011481936106,0.39725415086808824,0.8995160976787703,0.44858399551300326,0.0,-1.9221670792017294e-05,0.00015905473872734608,0.0004148576811772125,0.00019415919169857749,0.0,0.0032521930031117158,0.0049800874089067785,0.009844255183327823,0.004474513587495393,0.0,0.003290093848782639,0.005022845696199935,0.009893427668286171,0.004486402057659212,0.0,0.34999999998980513,0.0,0.00015396238586583288,0.3332913427791495,0.0049800874089067785,0.3794961352755212,0.32853648618466474,0.023003254449229564,0.0029475620163795565,1.0,0.0037126226635920286,0.004205626705612764,0.00035808337103062797,0.6518518518518518,0.6111111111111112,0.026384827497731494,0.5342404543735851,0.5227506787062309,0.010135536042573676,1,1,1,1
09_low_friction_severe_mu_0p06_p2l_v2:0033,09_low_friction_severe_mu_0p06_p2l_v2,17.641999999999975,18.041999999999973,0.016558348017004898,0.02770153366813834,0.055878984488647365,0.027578480419724546,0.0,0.20387573294255032,0.3614641757012922,0.6898932153138182,0.3555191964735885,0.0,5.7168253671085174e-05,0.00018464923006550647,0.00046043634283921854,0.0002120838174693166,0.0,0.0034917409487082458,0.005219635354503308,0.008708840820230603,0.004429072929188039,0.0,0.003495160353154831,0.005227912200572127,0.008419964755990623,0.004363271117278661,0.0,0.34999999998944986,0.0,0.00016180123906618622,0.33344165197245085,0.005219635354503308,0.3808324485405518,0.3315446549704054,0.022686995692766554,0.0029475578174478485,1.0,0.0036391069949157535,0.004205626705612764,0.0004147436965151488,0.6666666666666666,0.6111111111111112,0.033640559489972126,0.5369093619675013,0.5294162057182462,0.008111855618289402,1,1,1,1
09_low_friction_severe_mu_0p06_p2l_v2:0034,09_low_friction_severe_mu_0p06_p2l_v2,17.841999999999977,18.241999999999976,0.011150836019996918,0.018781694619255596,0.04306053073208832,0.020226604893544848,0.0,0.14625820550265253,0.24887766393180866,0.5366373681566537,0.26309012897340384,0.0,8.445876932520343e-05,0.0001852066104672105,0.00046043634283921854,0.0002095946510337861,0.0,0.003980714356253817,0.004790758831342077,0.008708840820230603,0.0038970094971338127,0.0,0.003934727156555878,0.004783962406638242,0.008419964755990623,0.0038263768945798133,0.0,0.34999999998994724,0.0,0.0001646684468663976,0.3388491639699858,0.004790758831342077,0.05981803944212545,0.04572640522145791,0.006422278859765344,6.255079004086746e-08,1.0,0.0036280638974763254,0.00414208837447348,0.00027213921247478946,0.6805555555555555,0.6222222222222222,0.027731442836799878,0.5202486065496454,0.5044420804704686,0.011996537968056274,1,1,1,1
09_low_friction_severe_mu_0p06_p2l_v2:0035,09_low_friction_severe_mu_0p06_p2l_v2,18.041999999999973,18.44199999999997,-0.03370942713673348,0.048111469148763235,0.11732057029010945,0.05719358338161569,0.3333333333333333,-0.4719472291234665,0.668442839464047,1.6309190014959214,0.7973943927620302,0.0,0.07705108204810038,0.07710765662420643,0.22033255938965352,0.10494068018873337,0.35,0.07437268707296568,0.07518273154805394,0.21782824908725584,0.10068158394250237,0.3333333333333333,0.001066912252684107,0.004085623637711514,0.007747012050263758,0.0046733175449354715,0.0,0.30449999999357935,0.07699999999848782,0.000147413050066539,0.34037609379682343,0.004069438200335643,0.32106027752841554,0.25237342119042955,0.009651152575696008,5.654718994228297e-08,1.0,0.003490879375531143,0.0036327105470350864,0.00011242596615066581,0.6675925925925927,0.6222222222222222,0.02513679992684856,0.5070739363074231,0.5011935496751652,0.004414423144868906,0,0,1,1
09_low_friction_severe_mu_0p06_p2l_v2:0036,09_low_friction_severe_mu_0p06_p2l_v2,18.241999999999976,18.641999999999975,-0.057671443280454544,0.06777450817549256,0.11732057029010945,0.049741221317505586,0.3333333333333333,-0.784537060954558,0.921272305399914,1.6309190014959214,0.6912629468492931,0.0,0.18697760716058226,0.18698903325252353,0.22033255938965352,0.07853088003442968,0.85,0.18359862958598383,0.18359862958598383,0.22431753319681516,0.07869428661990178,0.8333333333333334,0.00034369541023928637,0.0037021695335495044,0.007747012050263758,0.004271495759364925,0.0,0.2394999999964098,0.18699999998683658,0.0001372593415791345,0.29933810994318294,0.003752739405661788,0.36676141571750664,0.19345488876098046,0.20420948919197918,6.086762921241595e-08,1.0,0.0036363786068647247,0.003974428936494394,0.00022023198517582098,0.662962962962963,0.6444444444444445,0.015270761576361706,0.4951622390985834,0.4738984120059128,0.012448955138362128,0,0,1,1
09_low_friction_severe_mu_0p06_p2l_v2:0037,09_low_friction_severe_mu_0p06_p2l_v2,18.44199999999997,18.84199999999997,-0.016947562855823977,0.0343083509138851,0.06762242353580028,0.03722057835655306,0.0,-0.22247845368964322,0.4455603025064716,0.8940091512255,0.48317873962093993,0.0,0.21989969018296102,0.21989969018296102,0.2201003431343961,0.00017070989873032118,1.0,0.2201406741261718,0.2201406741261718,0.22431753319681516,0.0027204319968668496,1.0,0.00021890272540540514,0.0024034642876699947,0.004390582781102614,0.0027244392029803577,0.0,0.21999999999577136,0.21999999997571257,0.00013381392509249172,0.23694756285140328,0.0024225181227108257,0.23393875117926344,0.054432559966144774,0.0060419575634350076,6.333005572915472e-08,1.0,0.0038689411979958717,0.004016085074676065,0.00010556256238445304,0.65,0.6388888888888888,0.012830005981991695,0.476721973072135,0.46263631273069555,0.010288612582379656,1,0,1,1
09_low_friction_severe_mu_0p06_p2l_v2:0038,09_low_friction_severe_mu_0p06_p2l_v2,18.641999999999975,19.041999999999973,0.03251870690828646,0.03251870690828646,0.054341738166370224,0.016336663887450063,0.0,0.4170595574580734,0.4170595574580734,0.7245733286782287,0.21255645866778838,0.0,0.21993612929832493,0.21993612929832493,0.2202475206064661,0.00019944755814575813,1.0,0.22122434742549646,0.22122434742549646,0.2279490528306789,0.005160374740052832,1.0,0.001209927956718063,0.004534499291394584,0.00768356886949453,0.005074849328522585,0.0,0.21999999999438025,0.21999999998087652,0.00017716362168280957,0.18748129308602715,0.004593884063905033,0.16076065696717115,0.10091284976206541,0.028424052501023145,6.181700907370041e-08,1.0,0.003946446634756204,0.004201712422905973,0.00017043602617920528,0.6342592592592592,0.6111111111111112,0.011302366310864533,0.4598020743066833,0.4457841270451518,0.009940197972293173,1,0,1,1
09_low_friction_severe_mu_0p06_p2l_v2:0039,09_low_friction_severe_mu_0p06_p2l_v2,18.84199999999997,19.24199999999997,0.05295830941421753,0.05295830941421753,0.09588398958351187,0.025548124707148175,0.16666666666666666,0.6953639442252165,0.6953639442252165,1.2558614045594452,0.33906605474660095,0.0,0.22000972764586518,0.22000972764586518,0.2204590564045717,0.00021648881683230246,1.0,0.22096548184128562,0.22096548184128562,0.2279490528306789,0.005052127330510422,1.0,0.0008648105071510266,0.004187401465073503,0.00768356886949453,0.0049473794034733,0.0,0.21999999999304798,0.21999999998770864,0.00018429497665997365,0.16704169057876384,0.0043309186443791295,0.052526818584550314,0.04692031410328735,0.004724588054811813,7.609260202467663e-08,1.0,0.003769815866402604,0.004201712422905973,0.0002965583658486668,0.6287037037037037,0.6111111111111112,0.010352166562499017,0.43592488261690415,0.4128661410230784,0.01577274570655356,1,0,1,1
09_low_friction_severe_mu_0p06_p2l_v2:0040,09_low_friction_severe_mu_0p06_p2l_v2,19.041999999999973,19.44199999999997,0.05026944858402697,0.05026944858402697,0.09588398958351187,0.02804340592247788,0.16666666666666666,0.6803454569991104,0.6803454569991104,1.2558614045594452,0.3662595910196819,0.0,0.10999312411689957,0.220014142054156,0.2204590564045717,0.1905460141374584,1.0,0.14650805348441567,0.21948771590063265,0.22764210016873848,0.16350255829610633,1.0,-0.00028129982283517954,0.0035878997477636573,0.008626849120360398,0.0047997734542910685,0.0,0.21999999999291475,0.21999999998839187,0.00015705981247509643,0.1697305514088878,0.00366183433743171,0.014020201522698308,0.007073344859601826,0.004100308825422196,8.429192088916325e-08,1.0,0.003514532496811591,0.003808147054770472,0.00017627244037167106,0.6166666666666667,0.5888888888888889,0.018144368465060588,0.4164735153691938,0.40454409992070206,0.007201119152026932,1,0,1,1
09_low_friction_severe_mu_0p06_p2l_v2:0041,09_low_friction_severe_mu_0p06_p2l_v2,19.24199999999997,19.641999999999967,0.055294163406294124,0.055294163406294124,0.07468475121537377,0.0176586330009812,0.0,0.7237760184462579,0.7237760184462579,0.9123461597516912,0.20673297576684507,0.0,-0.11002310891943959,0.21998520053793885,0.22037987282724833,0.19049526073292858,1.0,-0.07336249306219124,0.21976641992398108,0.2277744995072319,0.2072961415840334,1.0,-0.00016570224580510361,0.006776790595952184,0.011313337706115038,0.007529822154299434,0.0,0.21999999999291475,0.21999999998839187,0.00016655534025385938,0.1647058365866206,0.006746664343786651,0.01493059675662048,0.00668289140788665,0.0031353552111158716,1.022002506704647e-07,1.0,0.0037347422984882854,0.00429595189227041,0.0004045937678341335,0.6166666666666667,0.5888888888888889,0.017568209223157646,0.400689305341792,0.3793904426239916,0.012952942596168785,1,0,1,1
09_low_friction_severe_mu_0p06_p2l_v2:0042,09_low_friction_severe_mu_0p06_p2l_v2,19.44199999999997,19.84199999999997,0.0783356398841318,0.0783356398841318,0.13378823572762732,0.028997610632433654,0.3333333333333333,0.9707817403382119,0.9707817403382119,1.567428070533155,0.32732651829626414,0.0,-0.2200111912029576,0.2200111912029576,0.22037987282724833,0.00018825380328415506,1.0,-0.2175522644100384,0.2175522644100384,0.2277744995072319,0.006655178760453728,1.0,0.0023790162316350773,0.006445892699938899,0.011313337706115038,0.00669681905192924,0.0,0.21999999999291475,0.21999999998839187,0.0001720594641583518,0.14166436010878294,0.0064134531309471094,0.013933943069250018,0.006331694187332693,0.0035151322225465756,1.0819600750479447e-07,1.0,0.004127828938890733,0.004565712363755194,0.0003619033651988007,0.6324074074074074,0.6222222222222222,0.008124967025363075,0.387350920588569,0.37570810664546406,0.007358865564574606,1,0,1,1
09_low_friction_severe_mu_0p06_p2l_v2:0043,09_low_friction_severe_mu_0p06_p2l_v2,19.641999999999967,20.041999999999966,0.061787388997702836,0.061787388997702836,0.13378823572762732,0.03977178910182955,0.3333333333333333,0.7643760749205204,0.7643760749205204,1.567428070533155,0.4654644499061904,0.0,-0.21998999097406932,0.21998999097406932,0.22029788598794156,0.00019977742815970964,1.0,-0.21903411162804012,0.21903411162804012,0.22446311283799605,0.00452772858458969,1.0,0.0008064219544410491,0.004247374408427914,0.007638150867563578,0.004703979488716142,0.0,0.21999999999291475,0.21999999998839187,0.00017597664234414619,0.15821261099521192,0.004078833377918662,0.014217845064636001,0.006583011462145432,0.004247474385989304,1.005590384493898e-07,1.0,0.0040653250553654135,0.004565712363755194,0.00028360033318879855,0.6277777777777778,0.6,0.01697250257391053,0.38964216519387745,0.37570810664546406,0.006805022939741909,1,0,1,1
09_low_friction_severe_mu_0p06_p2l_v2:0044,09_low_friction_severe_mu_0p06_p2l_v2,19.84199999999997,20.24199999999997,0.047839729131892106,0.047839729131892106,0.07378104037878488,0.020207175493735366,0.0,0.6210642129403774,0.6210642129403774,0.9449831238183602,0.2580000978094271,0.0,-0.219940755056311,0.219940755056311,0.22015177576230394,0.00017434065604959875,1.0,-0.22006847913634212,0.22006847913634212,0.22446311283799605,0.004282009107733442,1.0,-0.000201063122118081,0.004165343006552383,0.006508212383210406,0.004485163764544448,0.0,0.21999999999291586,0.21999999998839762,0.0001615375502835747,0.17216027086102262,0.0039284550368631965,0.014051012471239278,0.006344963038307928,0.004197916870379424,8.801485435318636e-08,1.0,0.0038468657422900524,0.004088836415696851,0.00013854736361382537,0.6203703703703703,0.6,0.01804961915705364,0.3866805132303223,0.37505813425043344,0.00791383932664056,1,0,1,1
09_low_friction_severe_mu_0p06_p2l_v2:0045,09_low_friction_severe_mu_0p06_p2l_v2,20.041999999999966,20.441999999999965,0.018484939261653136,0.08603390826570295,0.20264690701214946,0.10011575025595128,0.3333333333333333,0.2333406119700384,1.154077256620396,2.762209933951073,1.3574942331611821,0.0,-0.17711681966555298,0.17711778095062683,0.2201864993423829,0.08584761299564385,0.8,-0.1813472975903009,0.1813472975903009,0.22265196749013144,0.07831000732594227,0.8333333333333334,0.0029816605954569382,0.004213230392304904,0.007666311526809071,0.0038608257968578527,0.0,0.1770999999962497,0.17709999999175433,0.00014045218700350364,0.16576506073403965,0.004086885387648748,0.22900317065815465,0.20336574661194165,0.0063528640957085415,7.641713021203384e-08,1.0,0.0037091366799979746,0.003957772246124805,0.00017695450085575393,0.625,0.6055555555555555,0.014610864664869905,0.38058201510848627,0.37505813425043344,0.004484594688547427,0,0,1,1
09_low_friction_severe_mu_0p06_p2l_v2:0046,09_low_friction_severe_mu_0p06_p2l_v2,20.24199999999997,20.641999999999967,-0.06371390021299163,0.10774621041816318,0.20264690701214946,0.10221615984437162,0.6666666666666666,-0.8569193227298634,1.4559491798495694,2.762209933951073,1.3951685702340149,0.0,-0.06717226860728977,0.06721173471992216,0.2201864993423829,0.1002098321878046,0.3,-0.0725834294568309,0.07356060980278688,0.21809252033308324,0.10096690999834289,0.3333333333333333,0.0018283598057954977,0.0025149823918329097,0.007666311526809071,0.002910534460471893,0.0,0.06710000000192284,0.06709999999755267,0.00013117450519112227,0.1379639002143587,0.002440221705417681,0.4475729482659176,0.24863936380522778,0.009845391656232216,8.956854057016183e-08,1.0,0.0036459563424720634,0.0042803531836781246,0.00031948705247296193,0.6398148148148147,0.6166666666666667,0.014133645854142358,0.3801490842914043,0.37328511736070064,0.00501458277104729,0,0,1,1
09_low_friction_severe_mu_0p06_p2l_v2:0047,09_low_friction_severe_mu_0p06_p2l_v2,20.441999999999965,20.841999999999963,-0.0676928802791777,0.0676928802791777,0.15009363379266613,0.04614328687968287,0.3333333333333333,-0.9003290420412243,0.9003290420412243,2.1044814917732846,0.6370872899220438,0.0,-2.9573824176036198e-05,0.00015987132031442845,0.00037882215135349035,0.00018876978530862727,0.0,0.0022205889102520308,0.0029684645227478074,0.00795010982567769,0.0032349108240300557,0.0,0.0023266462671500832,0.003011917645672933,0.007811851745615543,0.003168122768915024,0.0,2.673417043297377e-12,0.0,0.000169318268901231,0.06769288028201988,0.0029684645227478074,0.4308141372013093,0.2567893246641122,0.018394503748731972,7.550233333499547e-08,1.0,0.0037630255354332742,0.0042803531836781246,0.0003053471777327727,0.6583333333333332,0.6333333333333333,0.013127265628479476,0.3725838992530217,0.36577139563483707,0.00662904049128226,0,1,1,1
09_low_friction_severe_mu_0p06_p2l_v2:0048,09_low_friction_severe_mu_0p06_p2l_v2,20.641999999999967,21.041999999999966,-0.01631632007015548,0.025074649705683228,0.056012952500865625,0.024798484786969405,0.0,-0.20715122789392437,0.3303295568359987,0.7199463455755016,0.3274111017423967,0.0,1.0853380995721408e-05,0.00019514663873374956,0.000530455774373479,0.0002350046264211551,0.0,0.0010226373786052002,0.003811241499043969,0.00795010982567769,0.0043108550857767014,0.0,0.0010988983054502765,0.003775952091763951,0.007811851745615543,0.004231347738584445,0.0,5.417888360170764e-13,0.0,0.00018391545536082442,0.02507464970639377,0.003811241499043969,0.1943050351872168,0.17691856393342045,0.005363112507990879,8.086933487678979e-08,1.0,0.0036685557647470114,0.003934111321622074,0.0002712932906979013,0.6666666666666666,0.6611111111111111,0.004536092116265174,0.3658934555198648,0.3626094854194939,0.0017035209893833667,1,1,1,1
09_low_friction_severe_mu_0p06_p2l_v2:0049,09_low_friction_severe_mu_0p06_p2l_v2,20.841999999999963,21.241999999999962,0.010267632101519668,0.02330509645530204,0.053707414418917375,0.026349460457668533,0.0,0.14370465945023822,0.31484871099851025,0.7324241705145885,0.3547627293380895,0.0,1.738979610592772e-05,0.0001807121561849015,0.000530455774373479,0.00022401330830153988,0.0,-0.0007547787915308346,0.003438962843122093,0.006186534782957902,0.0038513120408335197,0.0,-0.0006243754305785568,0.003367029972084773,0.006280910888442417,0.003833501150146476,0.0,0.007499999998277218,0.0,0.0001513173810019678,0.02330509645530204,0.003438962843122093,0.02549471242435879,0.01937390365768741,0.004436480090611961,9.621227961302286e-08,1.0,0.003569672429069989,0.00385595148982942,0.00022997358553359,0.6657407407407406,0.6611111111111111,0.003817690394090444,0.36648826845794874,0.3626094854194939,0.003076252918289557,1,1,1,1
09_low_friction_severe_mu_0p06_p2l_v2:0050,09_low_friction_severe_mu_0p06_p2l_v2,21.041999999999966,21.441999999999965,0.1484391702177609,0.15156028372695493,0.3203026065759632,0.13186658196373174,0.5,1.8859059482399172,1.9280954412116398,4.0754236414958545,1.6665675877620412,0.3333333333333333,-3.122993475730163e-05,0.00018347492769893578,0.0003737309488628762,0.00020952132210211394,0.0,-0.001063895296601554,0.0035969066065146145,0.006186534782957902,0.004032935429594177,0.0,-0.001061160441309715,0.0036006099797294615,0.006280910888442417,0.004068911849468348,0.0,0.15749999999313147,0.0,0.00016050568623466455,0.024392764225728874,0.0035969066065146145,0.08635175350910752,0.052101903964907104,0.025071481008875365,8.311105895363303e-08,1.0,0.0038455355621777876,0.0041756007882524865,0.00023079065953150732,0.6694444444444446,0.6666666666666666,0.0027777777777778234,0.36789487278033633,0.36350828318863504,0.002835759121798036,0,1,1,1
09_low_friction_severe_mu_0p06_p2l_v2:0051,09_low_friction_severe_mu_0p06_p2l_v2,21.241999999999962,21.64199999999996,0.28660434098182236,0.28660434098182236,0.3203026065759632,0.03354415803650244,1.0,3.652982841305535,3.652982841305535,4.0754236414958545,0.45941330093288685,0.8333333333333334,-5.826233545650282e-05,0.00021111933130618776,0.0004387964183838821,0.00022384711267635436,0.0,0.0003695793490921192,0.0051387752964249835,0.007796057830652839,0.005570241982037543,0.0,0.00038927149746820314,0.005171763325907237,0.00814401084897721,0.005616016883179012,0.0,0.2999999999897085,0.0,0.00018536834773905667,0.011413194535227704,0.0051387752964249835,0.11798401855755401,0.007572207231461345,0.0059961464645828105,7.45014171972636e-08,1.0,0.003999892895899112,0.0041756007882524865,0.00010476057138971978,0.6694444444444444,0.6611111111111111,0.004243125643477663,0.36862370001133643,0.36393560991658663,0.0031361786023725927,0,1,1,1
09_low_friction_severe_mu_0p06_p2l_v2:0052,09_low_friction_severe_mu_0p06_p2l_v2,21.441999999999965,21.841999999999963,0.2921494651853367,0.2921494651853367,0.2995949595920372,0.007723893528242625,1.0,3.711200353325713,3.711200353325713,3.9053580928216376,0.13254593280976182,1.0,2.0536009500019306e-05,0.0001880638515382764,0.0004387964183838821,0.00020922135591748637,0.0,0.0020575383587078853,0.0052649831866528884,0.007796057830652839,0.0054435400892220666,0.0,0.0020616228008717543,0.005280828616657564,0.00814401084897721,0.00547797997619948,0.0,0.2999999999897085,0.0,0.0001595894177738655,0.007850534804371798,0.0052649831866528884,0.12005013717698504,0.00817794312770861,0.004459018317168016,7.130096907422808e-08,1.0,0.004016156859627224,0.004326800654647024,0.00022874391621879547,0.6685185185185185,0.6611111111111111,0.004140866624999646,0.37288654726820103,0.36393560991658663,0.006478679507711587,0,1,1,1
09_low_friction_severe_mu_0p06_p2l_v2:0053,09_low_friction_severe_mu_0p06_p2l_v2,21.64199999999996,22.04199999999996,0.25473134305755624,0.25473134305755624,0.2921886835388972,0.033123357302107866,1.0,3.2234272172646663,3.2234272172646663,3.6955558937955577,0.4049265525955225,0.6666666666666666,7.131197963429263e-05,0.00014505987632562606,0.0004702345533731466,0.00017146547037474592,0.0,0.00013204907690851425,0.0026654631868437404,0.006467456979827295,0.003381874031636133,0.0,2.9664079492848277e-05,0.0027297222021692336,0.006349165257156674,0.0034162764568174122,0.0,0.2999999999897085,0.0,0.00013214640539177205,0.04526865693215227,0.0026654631868437404,0.12070983795731142,0.009513863410280397,0.004703622518848469,6.9970695298693e-08,1.0,0.00403732289033307,0.004326800654647024,0.0002347500078708789,0.6629629629629629,0.65,0.008281733249999233,0.3860492722194147,0.36835568973461025,0.010764649496244002,0,1,1,1
09_low_friction_severe_mu_0p06_p2l_v2:0054,09_low_friction_severe_mu_0p06_p2l_v2,21.841999999999963,22.241999999999962,0.22395907532709117,0.22395907532709117,0.24447907204134722,0.01789815992316808,1.0,2.9167648838966866,2.9167648838966866,3.1310261552567322,0.20563532329557155,0.5,-7.900322605066208e-06,0.00013238645899394552,0.0004702345533731466,0.00019287468501325388,0.0,-0.0010198168165400727,0.0015323291315215651,0.0024280880137835226,0.0012966722953313638,0.0,-0.0010296425559375526,0.0015617996678401489,0.002404451708162742,0.001334359972402935,0.0,0.2999999999897085,0.0,0.00013965392364240448,0.07604092466261732,0.0015323291315215651,0.11872406566404671,0.01093704649780349,0.007712090564073876,7.455593274827693e-08,1.0,0.0038420642289961385,0.0041707892174110955,0.0002624450462891337,0.6537037037037037,0.6444444444444445,0.005237828008789222,0.4020882804407398,0.3937404905328745,0.006608788791589623,0,1,1,1
09_low_friction_severe_mu_0p06_p2l_v2:0055,09_low_friction_severe_mu_0p06_p2l_v2,22.04199999999996,22.441999999999958,0.2010960761137144,0.2010960761137144,0.24447907204134722,0.02994097388293638,1.0,2.659412984763321,2.659412984763321,3.1310261552567322,0.3623620067523435,0.2857142857142857,-4.438944618097119e-05,0.00011556580127282741,0.00036915826584002097,0.00015347298753997586,0.0,0.002703622345024726,0.003936388208641445,0.00936899052225401,0.004202346845324932,0.0,0.002733719966492447,0.003908650233767711,0.009546715781909989,0.004187354350014172,0.0,0.2999999999897085,0.0,0.00014074533666990496,0.09890392387599407,0.003936388208641445,0.11897216544376212,0.010691243315478032,0.00888661274960778,6.774931355728732e-08,1.0,0.003734916062496795,0.003958301692802911,0.000227034125572011,0.6492063492063492,0.6388888888888888,0.00549857399228216,0.401506711531015,0.3887919995761893,0.008354881162501354,0,1,1,1
09_low_friction_severe_mu_0p06_p2l_v2:0056,09_low_friction_severe_mu_0p06_p2l_v2,22.241999999999962,22.64199999999996,0.17572208440607012,0.17572208440607012,0.21835421914123226,0.02362714421327433,1.0,2.307812564376985,2.307812564376985,2.8013034773610745,0.34515202975622816,0.0,-6.554459362101272e-05,0.0001405749138039607,0.00032668879578000385,0.00015451078689004502,0.0,0.00415770537486717,0.00421765590796913,0.00936899052225401,0.0030669519814372323,0.0,0.004188537462263592,0.004188537462263592,0.009546715781909989,0.0030276492763674917,0.0,0.2999999999897085,0.0,0.00014759009546784653,0.12427791558363835,0.00421765590796913,0.11802230480817022,0.010653908302631769,0.005208180011176539,8.200947591937682e-08,1.0,0.003760737531235071,0.004576166225630716,0.00046126661997218584,0.6396825396825397,0.6222222222222222,0.010468972982756295,0.3967223999290588,0.3887919995761893,0.006417923161254304,0,1,1,1
09_low_friction_severe_mu_0p06_p2l_v2:0057,09_low_friction_severe_mu_0p06_p2l_v2,22.441999999999958,22.841999999999956,0.15880198119242173,0.15880198119242173,0.19424047021840452,0.018773455412587202,1.0,2.0931619178563277,2.0931619178563277,2.551869066588906,0.28639765671629813,0.0,-8.848970930312185e-05,0.00020602965426064413,0.00034850285571234917,0.0002085093742783458,0.0,0.0012595314939781578,0.0018493385973146258,0.003839653161281572,0.0018876268682273462,0.0,0.0012186104380944192,0.0018032683249747546,0.0037561330202698427,0.0018660658423799365,0.0,0.2999999999897085,0.0,0.00018701123510115353,0.14119801879728677,0.0018493385973146258,0.11615164786108664,0.008799840391326454,0.005296752861752983,8.418498444511666e-08,1.0,0.0036951093852043387,0.004576166225630716,0.0005457756366332787,0.6268518518518519,0.6111111111111112,0.008735167714867195,0.39273080434940866,0.3839631921643251,0.005980424732391979,0,1,1,1
09_low_friction_severe_mu_0p06_p2l_v2:0058,09_low_friction_severe_mu_0p06_p2l_v2,22.64199999999996,23.04199999999996,0.12249731483414301,0.12249731483414301,0.16636934699315448,0.03497757715837534,0.8333333333333334,1.6135376667673842,1.6135376667673842,2.162075820084147,0.4815105890078669,0.0,-6.686225155124335e-05,0.00022393021292207616,0.0004824108895204727,0.0002466602833888499,0.0,-0.0002903615584453512,0.003042855450170424,0.007941357368958181,0.004061471121290157,0.0,-0.0002613263693526156,0.0029924207276211204,0.007678996097329245,0.004009224167871816,0.0,0.2999999999897085,0.0,0.00020052684613061368,0.17750268515556547,0.003042855450170424,0.1162311469245924,0.0069508960582778416,0.0055115448951916085,6.441372101351996e-08,1.0,0.0037872400691769405,0.004197663449128638,0.0003332634762228801,0.6203703703703703,0.5833333333333334,0.018610880779853473,0.38754911731915476,0.38052428248184117,0.005168816391089546,0,1,1,1
09_low_friction_severe_mu_0p06_p2l_v2:0059,09_low_friction_severe_mu_0p06_p2l_v2,22.841999999999956,23.241999999999955,0.0993934751126239,0.0993934751126239,0.15369136900580724,0.043623846146662315,0.6666666666666666,1.2664360429134778,1.2664360429134778,1.8724588814120169,0.5529963487964048,0.0,-6.672031129618262e-05,0.00018298106973041358,0.0004824108895204727,0.00022727428655627157,0.0,-0.0017642282914030547,0.005023856543699363,0.00898709813615963,0.0055056509253274336,0.0,-0.0016658692411149034,0.00498125858337305,0.009093029298331761,0.005518820580079254,0.0,0.2999999999897085,0.0,0.0001670205508468191,0.2006065248770846,0.005023856543699363,0.11828100154434767,0.009714582378212377,0.005818719446910217,7.682032537735426e-08,1.0,0.00399999539613335,0.0042961495807044715,0.00019940472508059285,0.6185185185185186,0.5833333333333334,0.018332398030762316,0.38875047875093477,0.38052428248184117,0.006161784111446861,0,1,1,1
09_low_friction_severe_mu_0p06_p2l_v2:0060,09_low_friction_severe_mu_0p06_p2l_v2,23.04199999999996,23.441999999999958,0.08906041730321708,0.08906041730321708,0.15369136900580724,0.04713720547960395,0.5,1.1545103487531172,1.1545103487531172,1.8724588814120169,0.5809819354803569,0.0,-8.537619142203998e-05,0.0001688464558031409,0.0006392818931667814,0.00021466740107289298,0.0,-0.0001607395452693717,0.004768272952570786,0.00898709813615963,0.005293526416894515,0.0,-0.00020154254433641262,0.004746424393573275,0.009093029298331761,0.005290645181472132,0.0,0.2999999999897085,0.0,0.000163515260412011,0.2109395826864914,0.004768272952570786,0.12103520972167615,0.010368098662438563,0.006999216765617343,7.479595626220596e-08,1.0,0.0037952400691920823,0.0042961495807044715,0.0003391404819776981,0.6259259259259259,0.6111111111111112,0.014224343977534441,0.3827047166377528,0.36485824063898287,0.009978820005184737,0,1,1,1
09_low_friction_severe_mu_0p06_p2l_v2:0061,09_low_friction_severe_mu_0p06_p2l_v2,23.241999999999955,23.641999999999953,0.046144357079889696,0.046144357079889696,0.10841294681273203,0.033217715182911,0.16666666666666666,0.6213987923188279,0.6213987923188279,1.440622958667283,0.4474443188339942,0.0,-0.0001263094696249977,0.0002097008302554887,0.0006392818931667814,0.00023524918907030752,0.0,0.001992610034177537,0.003949525343773057,0.006660980908565335,0.003876652739361179,0.0,0.001945015490366626,0.003894545626917401,0.0067153368425333,0.003864447493727755,0.0,0.2999999999897085,0.0,0.00019459343736636802,0.2538556429098188,0.003949525343773057,0.11970249192829202,0.01025580162203194,0.0077861896322447485,7.194432275179815e-08,1.0,0.003663210317448915,0.004010016963286837,0.00025554439837336486,0.6351851851851852,0.6111111111111112,0.012283795519834806,0.3757995033029984,0.36485824063898287,0.00584668254015951,1,1,1,1
09_low_friction_severe_mu_0p06_p2l_v2:0062,09_low_friction_severe_mu_0p06_p2l_v2,23.441999999999958,23.841999999999956,0.03187609569681496,0.03187609569681496,0.07329458746603179,0.020606254446906096,0.0,0.41568845092100154,0.41568845092100154,0.9548082599547815,0.2679265390662158,0.0,-0.00010718687791785601,0.00020166927401841532,0.0006194818234077448,0.00021966643976533884,0.0,0.002989788490496432,0.005745222686846717,0.01586632494240557,0.006905213456858681,0.0,0.003086980261065374,0.0057209793325135915,0.016203200034540916,0.006951372905902412,0.0,0.29999999999016036,1.4859908175752097e-12,0.00021572741565785625,0.26812390429331984,0.005745222685692845,0.10697402946289368,0.04376304995519352,0.011933411892912194,7.006409704009006e-08,1.0,0.003839519244652853,0.004010016963286837,0.00014195813650813875,0.6342592592592592,0.6166666666666667,0.008735167714867216,0.37220762950463676,0.36556017485348896,0.005402710537343722,1,1,1,1
09_low_friction_severe_mu_0p06_p2l_v2:0063,09_low_friction_severe_mu_0p06_p2l_v2,23.641999999999953,24.041999999999952,0.022007384123236096,0.0358014126401996,0.07329458746603179,0.03504638792148487,0.0,0.2838526018853436,0.45871940777420583,0.9548082599547815,0.45013970189420865,0.0,-0.0001311558578994061,0.0001855261853431032,0.0005566959923427991,0.0001940257394844295,0.0,0.0036296537440501085,0.006650602774601302,0.01586632494240557,0.007808864697494941,0.0,0.0038171850734367713,0.0066253298528361195,0.016203200034540916,0.0078073527901532285,0.0,0.29999999999104854,5.129799718909057e-12,0.00020874195490262377,0.27799261586778695,0.006650602772232826,0.06776799761123395,0.0505312928862554,0.009207441544801959,6.512130769123817e-08,1.0,0.003954134137546683,0.004169141328126826,0.00011308029731857831,0.6305555555555555,0.6166666666666667,0.008333333333333304,0.36973318572655334,0.36556017485348896,0.0034076217610250177,1,1,1,1
09_low_friction_severe_mu_0p06_p2l_v2:0064,09_low_friction_severe_mu_0p06_p2l_v2,23.841999999999956,24.241999999999955,0.0015159058077929832,0.0322583232632049,0.05084516681534523,0.03710040369176686,0.0,0.010268236976357642,0.4221157883850237,0.7109422365594117,0.48917873388467925,0.0,-0.00026307103441333636,0.0002904785379385296,0.0007833518390996244,0.00022447713185985967,0.0,0.0010230218335609933,0.006051458215471361,0.01212220556105507,0.007250453993173825,0.0,0.0012669078765331495,0.0060809838125237764,0.012238903926094582,0.007205637702430547,0.0,0.29999999999148486,7.287617802667697e-12,0.0002585067160461038,0.2984840941836919,0.006051458213042156,0.013516931880557252,0.006553340664736166,0.004460026263314907,7.85909322444396e-08,1.0,0.0038723572271947594,0.004169141328126826,0.0002514817078018992,0.6305555555555555,0.6111111111111112,0.010994761191701759,0.36370812217719206,0.3492559988373623,0.009292705916103065,1,1,1,1
09_low_friction_severe_mu_0p06_p2l_v2:0065,09_low_friction_severe_mu_0p06_p2l_v2,24.041999999999952,24.44199999999995,0.0020618819686223553,0.026570446800647612,0.05084516681534523,0.03180086645288907,0.0,0.021730817405219927,0.3596714177428182,0.7109422365594117,0.43186042645605194,0.0,-0.00028832998088022105,0.00032697314161956985,0.0007833518390996244,0.00023300758132043434,0.0,-0.00010575501758613472,0.004537330865711928,0.01128085828424982,0.005499516589112799,0.0,0.00012400713526483,0.004652237480242428,0.010980985245011574,0.00550975060459053,0.0,0.29999999999148486,7.287617802667697e-12,0.00026941939714802504,0.29793811802286246,0.004537330863282723,0.014617590483726852,0.007595406562292359,0.004718072454131935,7.959851524061301e-08,1.0,0.0036192624014789337,0.003996484111736898,0.00022992838336653712,0.6388888888888888,0.6111111111111112,0.013981174880131012,0.3540832383880362,0.3425239060005316,0.006925349227182262,1,1,1,1
09_low_friction_severe_mu_0p06_p2l_v2:0066,09_low_friction_severe_mu_0p06_p2l_v2,24.241999999999955,24.641999999999953,0.017674136708778307,0.03265250971787702,0.0685676993800502,0.035163043616056454,0.0,0.22187043707497014,0.4246126132511719,0.8392767252614609,0.45047719325965857,0.0,-0.00027330160808620264,0.0002869099043378915,0.0006166599009740524,0.000177800338368643,0.0,0.003546467930504971,0.004429267719053095,0.009053586167103275,0.003987187563078654,0.0,0.0036884163986709777,0.0045563183286447175,0.00904453322973756,0.003957491039221635,0.0,0.29999999999148486,7.287617802667697e-12,0.0002464356772825894,0.28232586328270654,0.004429267714194682,0.015480725568169708,0.007911237381442655,0.005344748882432563,9.440491653099044e-08,1.0,0.0036879365397632347,0.004264363429942091,0.00029576379640230895,0.6472222222222223,0.6388888888888888,0.005319039487535222,0.36052495576603394,0.3425239060005316,0.011438576755711773,1,1,1,1
09_low_friction_severe_mu_0p06_p2l_v2:0067,09_low_friction_severe_mu_0p06_p2l_v2,24.44199999999995,24.84199999999995,0.03466191893361422,0.05229215875654627,0.11816562891167232,0.05215485089740458,0.16666666666666666,0.436399767501045,0.6563017807919889,1.4632377161646712,0.6468918458381978,0.0,-0.0003259882144912718,0.0003278805864244276,0.0005614376869411594,0.0001258082411492491,0.0,0.003730243280077284,0.008273313288967125,0.01756857789510829,0.009205697188175568,0.0,0.003984418232193985,0.008253548093183863,0.017799512082002575,0.009105852278047506,0.0,0.29999999999148486,7.287617802667697e-12,0.00030636574044076134,0.2653380810578706,0.008273313286537921,0.01421067065375309,0.006060444630665559,0.004196643188199162,9.876406157398364e-08,1.0,0.0040106919607345755,0.004654976755534227,0.0003971955742762662,0.6592592592592593,0.6388888888888888,0.013481684980149141,0.36601487159575163,0.3589307116373648,0.007258889831974367,1,1,1,1
09_low_friction_severe_mu_0p06_p2l_v2:0068,09_low_friction_severe_mu_0p06_p2l_v2,24.641999999999953,25.041999999999952,0.016521200665200002,0.03380082842350709,0.11816562891167232,0.048694793167787506,0.16666666666666666,0.21380274617550632,0.4239327064588057,1.4632377161646712,0.6006347666349642,0.0,-0.00036757395232394106,0.00036757395232394106,0.0005232321650106273,0.00011622561333576925,0.0,0.0006116784554698208,0.007254410468830689,0.01756857789510829,0.009126676190273538,0.0,0.0009930879615078405,0.007011710767166454,0.017799512082002575,0.009034038935499046,0.0,0.29999999999148486,7.287617802667697e-12,0.0003650746994864506,0.28347879932628484,0.007254410471259894,0.012946591997018184,0.005544503351144061,0.003785432224093576,7.262461105797376e-08,1.0,0.0038701980261234823,0.004654976755534227,0.00044554591871448696,0.6814814814814816,0.6722222222222223,0.009442628728875493,0.37326067164926746,0.3589307116373648,0.01068430670977684,1,1,1,1
09_low_friction_severe_mu_0p06_p2l_v2:0069,09_low_friction_severe_mu_0p06_p2l_v2,24.84199999999995,25.241999999999948,-0.037935210277399684,0.042675727857723784,0.09249113426377176,0.03986056615859622,0.3333333333333333,-0.5076510589527942,0.5743929452275757,1.2374902755074508,0.5363434257042444,0.0,0.1430832898733051,0.14350107858930006,0.3498364690645966,0.1692381152793527,0.4,0.1302075287139095,0.1323071907183805,0.3507371144757605,0.15755226276810802,0.3333333333333333,-1.806636627088988e-05,0.0025197882349007462,0.0062148841040203075,0.003190134695725848,0.0,0.2507999999950572,0.14349999999546245,0.0004453345597713064,0.293135210273532,0.0027147390632694477,0.2909608549673778,0.2274589677936027,0.012165131770253884,7.224123902773797e-08,1.0,0.003589945326268037,0.003848562650856662,0.0001835710614048308,0.6898148148148149,0.6722222222222223,0.008735167714867195,0.39446112492981644,0.37882112468517526,0.014956381607866803,0,0,1,1
09_low_friction_severe_mu_0p06_p2l_v2:0070,09_low_friction_severe_mu_0p06_p2l_v2,25.041999999999952,25.44199999999995,-0.03872545668756562,0.05100185215140877,0.09249113426377176,0.04302887623897971,0.3333333333333333,-0.5170244503753453,0.6877188754197162,1.2374902755074508,0.5822029970669722,0.0,0.3180275897547645,0.31806558153174175,0.3498364690645966,0.09513652651843321,0.9,0.30583924418852987,0.30583924418852987,0.3586308041766611,0.09953061242922043,0.8333333333333334,0.0006063621827403141,0.002888193552000135,0.009044381726219105,0.004219777617304713,0.0,0.1907999999975063,0.31849999997722267,0.00045938570429005356,0.23392545668614703,0.002950062015525064,0.32713312617513474,0.16572044629165314,0.010338214467449605,7.389779931990627e-08,1.0,0.003617961605437829,0.003932998438143492,0.00017126108996845662,0.6842592592592592,0.6555555555555556,0.019088451970452117,0.40225827756497523,0.3899708557170291,0.011047955637129573,0,0,1,1
09_low_friction_severe_mu_0p06_p2l_v2:0071,09_low_friction_severe_mu_0p06_p2l_v2,25.241999999999948,25.641999999999946,0.011409141860808157,0.03511473335733591,0.057413515535017265,0.03567520717387366,0.0,0.14862662732750856,0.46625436201778453,0.7346547110382927,0.4717411592402645,0.0,0.3495159221821888,0.3495159221821888,0.34978293112362635,0.00016813733894137836,1.0,0.35246250982445054,0.35246250982445054,0.3586308041766611,0.004783322967937352,1.0,0.0028887810103532074,0.00450551533687587,0.009044381726219105,0.004780245300079301,0.0,0.17999999999638305,0.3499999999708081,0.00041589232981804024,0.16859085813557492,0.004503911154451018,0.21071786034364887,0.00925194736780258,0.0061975443327214885,6.711603141400326e-08,1.0,0.0036927762436473922,0.003964109480781137,0.00020851801863586286,0.6935185185185185,0.6555555555555556,0.021615958388756955,0.40545714608772826,0.3899708557170291,0.015147886396066002,1,0,1,1
09_low_friction_severe_mu_0p06_p2l_v2:0072,09_low_friction_severe_mu_0p06_p2l_v2,25.44199999999995,25.84199999999995,0.040676137100436625,0.04819777284221654,0.07080829444950347,0.030610069722664723,0.0,0.537542194999793,0.6404603397246144,0.9246945824742046,0.4071344139751856,0.0,0.34961244141787107,0.34961244141787107,0.3502228912975086,0.00022460606030208193,1.0,0.3528139721885608,0.3528139721885608,0.35906810462783917,0.0052741739703272205,1.0,0.003113836228815071,0.005405573187072171,0.009177443393377957,0.00524640429341677,0.0,0.17999999999613547,0.3499999999720778,0.00038162711727536926,0.1393238628958234,0.005383692640436571,0.20004554916469647,0.05085130069594202,0.007109983929224711,7.455794940967054e-08,1.0,0.0036801578220594503,0.003964109480781137,0.00018124109034391153,0.7166666666666667,0.7055555555555556,0.010638078975070386,0.4188719527994746,0.3987467462893572,0.01614064371308859,1,0,1,1
09_low_friction_severe_mu_0p06_p2l_v2:0073,09_low_friction_severe_mu_0p06_p2l_v2,25.641999999999946,26.041999999999945,0.07506973597486084,0.07506973597486084,0.1260837262484226,0.028823973650346904,0.3333333333333333,1.0026861788349715,1.0026861788349715,1.6744313051272017,0.3820571289400447,0.0,0.34974081254662326,0.34974081254662326,0.3502228912975086,0.00020895343400504312,1.0,0.35167940248340973,0.35167940248340973,0.35906810462783917,0.006017226161726759,1.0,0.0018724475079327308,0.005455162860728251,0.009414106197656362,0.0060662472117792,0.0,0.1799999999947144,0.3499999999793655,0.00030826745395554165,0.10493026401997807,0.005414274046887813,0.13484605715289955,0.09433265477599977,0.016459568903570778,8.395632049563304e-08,1.0,0.0036637172790178417,0.003870142088240627,0.00014952714631027053,0.7314814814814814,0.7166666666666667,0.0076353807881808615,0.4310723796467925,0.41058346837862736,0.011434341288930899,0,0,1,1
09_low_friction_severe_mu_0p06_p2l_v2:0074,09_low_friction_severe_mu_0p06_p2l_v2,25.84199999999995,26.241999999999948,0.07906849393530814,0.07906849393530814,0.1260837262484226,0.025357626977194334,0.3333333333333333,1.0595442388805913,1.0595442388805913,1.6744313051272017,0.34580415355878075,0.0,0.349786263008253,0.349786263008253,0.35012456815420595,0.00017008296196830227,1.0,0.3500974459772554,0.3500974459772554,0.3589564938858483,0.0046722224002185755,1.0,0.000385330750182249,0.003518541124091432,0.009414106197656362,0.004737885863243284,0.0,0.17999999999354088,0.34999999998538345,0.00027184948298416515,0.10093150605823274,0.003540712902205966,0.014658319158875959,0.006803811848382082,0.004663691552811717,7.260851795515639e-08,1.0,0.0036334400441134598,0.003870142088240627,0.00028665496684540594,0.7314814814814815,0.7111111111111111,0.01141558148697959,0.43730550011708175,0.4240779268264485,0.007778568475495114,0,0,1,1
09_low_friction_severe_mu_0p06_p2l_v2:0075,09_low_friction_severe_mu_0p06_p2l_v2,26.041999999999945,26.441999999999943,0.07192504410806723,0.07192504410806723,0.11800690773373237,0.0254418325640586,0.3333333333333333,0.9577380225505308,0.9577380225505308,1.5795275772277373,0.3469561285734899,0.0,0.3497790549424914,0.3497790549424914,0.35013384117570434,0.0002144644153337705,1.0,0.34832205617270867,0.34832205617270867,0.35306775420110875,0.0041207711789895424,1.0,-0.0013024874638662258,0.003200397897174073,0.008329048860017802,0.004133592550536208,0.0,0.17999999999354088,0.34999999998538345,0.00030492911278990514,0.10807495588547365,0.0033531894785061626,0.01269056907291804,0.005878825021271896,0.0046640344347377355,7.402069924050237e-08,1.0,0.0036766016367307387,0.003954244161826054,0.00030010509142702936,0.7324074074074075,0.7111111111111111,0.012178654109227695,0.44682196948562664,0.4327555795502696,0.011450826829906504,0,0,1,1
09_low_friction_severe_mu_0p06_p2l_v2:0076,09_low_friction_severe_mu_0p06_p2l_v2,26.241999999999948,26.641999999999946,0.06777093489841368,0.06777093489841368,0.11800690773373237,0.027551239790235316,0.3333333333333333,0.8977734926695629,0.8977734926695629,1.5795275772277373,0.36484002515667535,0.0,0.34969492147995584,0.34969492147995584,0.35013384117570434,0.00020004242287224112,1.0,0.34905430346196126,0.34905430346196126,0.3539611000203215,0.004098058462436603,1.0,-0.000526206552957334,0.003134579565559009,0.008329048860017802,0.0041471559342700914,0.0,0.17999999999354088,0.34999999998538345,0.00037298101052887686,0.1122290650951272,0.003288647940309995,0.012985413005735606,0.005601260834536425,0.0042985373297795655,7.296995683154074e-08,1.0,0.0037222737664038053,0.003954244161826054,0.00019339468493275957,0.7388888888888889,0.7222222222222222,0.009072184232530303,0.4503205752950756,0.4326722337549277,0.011414748907091791,0,0,1,1
09_low_friction_severe_mu_0p06_p2l_v2:0077,09_low_friction_severe_mu_0p06_p2l_v2,26.441999999999943,26.841999999999942,0.06556752898858698,0.06556752898858698,0.10357682839021891,0.020561576209649046,0.16666666666666666,0.8383346489263985,0.8383346489263985,1.275842689653926,0.23966411378268343,0.0,0.34961806925160027,0.34961806925160027,0.35002955192244795,0.00019157589643090052,1.0,0.3492813656379346,0.3492813656379346,0.3539611000203215,0.004686643288860248,1.0,-0.00023162299747335114,0.003780247637268389,0.009405007534982026,0.004695544069713601,0.0,0.17999999999354088,0.34999999998538345,0.00042885019427036573,0.1144324710049539,0.003744616383295787,0.013191774994315085,0.005465424101761864,0.0045807644541838236,7.575893417128178e-08,1.0,0.00391423275053747,0.004350576468887417,0.0003301772457482651,0.7416666666666667,0.7222222222222222,0.010994761191701782,0.4505621919567166,0.4326722337549277,0.011317075460039792,0,0,1,1
09_low_friction_severe_mu_0p06_p2l_v2:0078,09_low_friction_severe_mu_0p06_p2l_v2,26.641999999999946,27.041999999999945,0.0746994914435572,0.0746994914435572,0.10357682839021891,0.02451519631062118,0.5,0.9584620811198695,0.9584620811198695,1.275842689653926,0.32159247350416154,0.0,0.13958304159036564,0.3498403113041093,0.35064010830627385,0.32078812661326184,1.0,0.1801519793592965,0.29718529805584604,0.3541716933563526,0.2643454953819287,0.8333333333333334,-0.00023274337671122958,0.003887323310853262,0.009405007534982026,0.004753109459733221,0.0,0.1799999999935531,0.3499999999818478,0.00042464330572160677,0.105300508550002,0.0037775337863301243,0.014140651748011471,0.006480442273716151,0.004185563048022007,7.831180232576779e-08,1.0,0.003960887805624316,0.004350576468887417,0.0003068153192378531,0.7490740740740741,0.7333333333333333,0.011302366310864554,0.4495814759159847,0.43706697147969176,0.010221817607016256,0,0,1,1
09_low_friction_severe_mu_0p06_p2l_v2:0079,09_low_friction_severe_mu_0p06_p2l_v2,26.841999999999942,27.24199999999994,0.07724665628613084,0.07724665628613084,0.10350515804312888,0.023632677721915536,0.5,1.022373198079427,1.022373198079427,1.3163670058594015,0.307427872421522,0.0,-0.2104223904586366,0.35023408014336466,0.35064010830627385,0.2799758749279705,1.0,-0.1685618043081791,0.2975135219792368,0.3541716933563526,0.27227923009515964,0.8333333333333334,0.0009818279921970986,0.002709225000988181,0.00518485396732239,0.0030159279547599116,0.0,0.17999999999368854,0.34999999998110753,0.00041160244079101426,0.10275334370741873,0.002587173791826977,0.6660619449914442,0.6541055064505997,0.0050934227015102754,3.738131991631434e-05,1.0,0.0037396059302290635,0.004005163525665977,0.00024369190543837733,0.7518518518518519,0.7333333333333333,0.012695656667409365,0.4394755888202735,0.42554026216522467,0.008519356935597855,0,0,1,1
09_low_friction_severe_mu_0p06_p2l_v2:0080,09_low_friction_severe_mu_0p06_p2l_v2,27.041999999999945,27.441999999999943,0.05302843169399907,0.056542048365378995,0.10350515804312888,0.04285372179207528,0.3333333333333333,0.7015720730642944,0.746605457325264,1.3163670058594015,0.5589812114661942,0.0,-0.28389442500602396,0.28389442500602396,0.35062734138622104,0.12771168653653112,0.8,-0.3288586062677628,0.3288586062677628,0.3599568406816278,0.04900875340611195,1.0,-0.031844141964406616,0.03532261593694037,0.18978271355487278,0.07079698946703349,0.16666666666666666,0.17999999999455896,0.3499999999586753,0.063520636354148,0.12697156829881037,0.02530381988519693,1.0574878389921516,0.9523585297869182,0.0762302548918274,0.0011695687345908176,1.0,0.0037978490947718226,0.004005163525665977,0.00020317797948705534,0.7481481481481481,0.7333333333333333,0.014224343977534496,0.4388221843963875,0.42554026216522467,0.00758318967859256,0,0,1,1
09_low_friction_severe_mu_0p06_p2l_v2:0081,09_low_friction_severe_mu_0p06_p2l_v2,27.24199999999994,27.64199999999994,0.022292469031996404,0.025806085703376325,0.08297046026098985,0.029536801058845787,0.16666666666666666,0.28125860571392053,0.32629198997489,1.113867088111306,0.3972484127769672,0.0,-0.12160522813277677,0.12160522813277677,0.35062734138622104,0.14512821884801885,0.3,-0.17419927096369667,0.17419927096369667,0.3599568406816278,0.141711926163043,0.5,-0.03932127904027459,0.04069095436831879,0.18978271355487278,0.06762290596958245,0.16666666666666666,0.1799999999944235,0.3499999999357307,0.2253815647192141,0.15770753096082266,0.17911967587915636,0.8234257564197308,0.7301633704984617,0.012576766818638285,0.001134396140534875,1.0,0.004267676375903399,0.004804905301430903,0.0004417112810161566,0.7398148148148148,0.7166666666666667,0.016794775136312102,0.43699641581104626,0.42364340466553824,0.008155728765807866,1,0,1,1
09_low_friction_severe_mu_0p06_p2l_v2:0082,09_low_friction_severe_mu_0p06_p2l_v2,27.441999999999943,27.841999999999942,-0.0019170598931186472,0.022827691219512534,0.0391064530900212,0.025878479042736928,0.0,-0.03418595120428295,0.27557992008058824,0.4706089461275221,0.3152940771204473,0.0,-0.027810100179071994,0.027810100179071994,0.030981456927866025,0.002242595353197338,0.0,-0.03230326945459017,0.03230326945459017,0.04537965768906854,0.008757869625835824,0.0,-0.004666033248487032,0.009200642376948481,0.018294003536265147,0.010069842128269722,0.0,0.1799999999936408,0.34999999993750147,0.32222549032183706,0.1819170598867206,0.3176967304831106,0.07994633527096948,0.008130352786014578,0.0036973243579482493,4.370854105749473e-06,1.0,0.00455038864029794,0.005046589406532077,0.0003917792730835993,0.7111111111111112,0.6666666666666666,0.02904516137288541,0.41691236513980323,0.3853949512461593,0.018131792511243902,1,1,1,1
09_low_friction_severe_mu_0p06_p2l_v2:0083,09_low_friction_severe_mu_0p06_p2l_v2,27.64199999999994,28.041999999999938,-0.025566773279738556,0.026425055255273153,0.059168240915368375,0.02181391637059026,0.0,-0.32592330909682526,0.3357810986761822,0.782959158761788,0.2835565135108084,0.0,-0.03032661578948064,0.03032661578948064,0.03108195175633449,0.0010958617101443655,0.0,-0.021461246921608418,0.021461246921608418,0.029378229182879967,0.00675422207395287,0.0,0.008540673955071326,0.00881954124037318,0.019664618392122024,0.007442296419557441,0.0,0.1799999999938895,0.3499999999362262,0.3197096966677554,0.20556677327357734,0.32853875301487767,0.07880640163908251,0.006239942745721109,0.004326573539194044,4.502521051869114e-06,1.0,0.00427808214195409,0.005046589406532077,0.00042818882547703414,0.7018518518518518,0.6666666666666666,0.02191140660407265,0.39748479725612923,0.3853949512461593,0.009608046876753101,1,1,1,1
09_low_friction_severe_mu_0p06_p2l_v2:0084,09_low_friction_severe_mu_0p06_p2l_v2,27.841999999999942,28.24199999999994,-0.015142459166555438,0.020072057105098653,0.059168240915368375,0.022867371814097384,0.0,-0.19467595715618205,0.2554953122155649,0.782959158761788,0.2988589168382603,0.0,-0.030869270901450318,0.030869270901450318,0.031157649009917965,0.00019757790125483324,0.0,-0.025068455029769714,0.025068455029769714,0.034702564749170606,0.008488038356894979,0.0,0.005767434661742186,0.007401074944261963,0.019664618392122024,0.008554980855943504,0.0,0.17999999999414484,0.3499999999349167,0.31913196704568525,0.19514245916068843,0.3249315449052077,0.07956656958876825,0.009293176428833013,0.007399508924483773,4.560309069208236e-06,1.0,0.004153161416088042,0.004355466089983004,0.0002320044201157448,0.7055555555555556,0.6722222222222223,0.018144368465060557,0.40103043444081354,0.39003753696151033,0.010232260848601057,1,1,1,1
09_low_friction_severe_mu_0p06_p2l_v2:0085,09_low_friction_severe_mu_0p06_p2l_v2,28.041999999999938,28.441999999999936,-0.007831960513120356,0.014495256536473539,0.02780315820088669,0.014026084069239924,0.0,-0.09915621647523569,0.18036819767578802,0.34156975591455974,0.17315670148973783,0.0,-0.030848062891864557,0.030848062891864557,0.031157649009917965,0.00018817063606409016,0.0,-0.03215242059600592,0.03215242059600592,0.04200616699067167,0.007332239026818912,0.0,-0.001428865699014283,0.005997602039775053,0.012677498405219034,0.0074441398433233484,0.0,0.17999999999434468,0.34999999993389175,0.31918285661831913,0.187831960507431,0.3178475793380605,0.07791738956397502,0.011305559690071559,0.008234787294397868,4.493681794933893e-06,1.0,0.0041629809540147476,0.004497871364519265,0.00025344011943796105,0.6907407407407408,0.65,0.022144927302039624,0.40870216229964185,0.3962687657558635,0.007147366173699069,1,1,1,1
09_low_friction_severe_mu_0p06_p2l_v2:0086,09_low_friction_severe_mu_0p06_p2l_v2,28.24199999999994,28.64199999999994,-0.008708067214390353,0.01878369029204798,0.02966581565160248,0.018867449029018202,0.0,-0.11715317698388279,0.22702570270636194,0.36690155610890324,0.22174255465521436,0.0,-0.03077752857084084,0.03077752857084084,0.0310167747396356,0.00016525474170041732,0.0,-0.03678551927723622,0.03678551927723622,0.04736212720125643,0.009448273025536798,0.0,-0.006112079570404096,0.010337912372143774,0.016784207636355464,0.009540411698066971,0.0,0.17999999999452232,0.3499999999329808,0.31921134265443674,0.18870806720887864,0.3132144806559192,0.07566303208639533,0.010354535802968079,0.006505773131717053,4.58764314667551e-06,1.0,0.004336676176852858,0.005240300898008264,0.00046267362692044777,0.6731481481481482,0.6222222222222222,0.03100123896811704,0.41039756884113515,0.40502898800588444,0.004876178870766913,1,1,1,1
09_low_friction_severe_mu_0p06_p2l_v2:0087,09_low_friction_severe_mu_0p06_p2l_v2,28.441999999999936,28.841999999999935,-0.035525822027683424,0.04588010953420726,0.185908447324961,0.06945382288260124,0.16666666666666666,-0.4546125229572951,0.566705004029601,2.3417056374750054,0.8678450915546034,0.0,-0.004961712671282441,0.044303684270728616,0.3009942948594225,0.07543584551364371,0.05,0.007734115822526755,0.07623131836485314,0.2518963025621397,0.10941312441502857,0.16666666666666666,-0.008838001600879839,0.008838001600879839,0.01964135307318321,0.0077739014465675335,0.0,0.14400000000120983,0.2799999999563323,0.2787100289831675,0.19002582203292803,0.3081507824312522,1.2139600196325309,1.1392867639636561,0.007474459478011376,3.939704451348029e-06,1.0,0.004431572286718477,0.005240300898008264,0.0004295444763340374,0.650925925925926,0.6055555555555555,0.03505091339027352,0.40941192941147203,0.3897582821143881,0.010007152381471346,1,0,1,1
09_low_friction_severe_mu_0p06_p2l_v2:0088,09_low_friction_severe_mu_0p06_p2l_v2,28.64199999999994,29.041999999999938,-0.03428083231280945,0.04425219707575796,0.185908447324961,0.06535779341113936,0.14285714285714285,-0.4364687280870997,0.5709561608675939,2.3417056374750054,0.8287361052683082,0.0,0.010409951586570937,0.02897266500340236,0.3009942948594225,0.07165350999160804,0.05,0.03633211298959897,0.06025359754967043,0.2518963025621397,0.09572142471717032,0.14285714285714285,0.008955285080790415,0.015648926851938503,0.08001032284385438,0.02988688249377135,0.0,0.054000000005329785,0.1049999999915271,0.11915377569086796,0.09747927038742206,0.1444964086421509,1.213843436063347,1.1398530784414151,0.005596261289555586,1.6276392938290458e-06,1.0,0.003867085373945217,0.004767700388719176,0.0004853369471015193,0.7071428571428572,0.6055555555555555,0.06255257300075567,0.4041468867796953,0.3897582821143881,0.008984882637531215,1,0,1,1
10_external_impact_neg_x12N_p2l_v2:0000,10_external_impact_neg_x12N_p2l_v2,12.047,12.447000000000001,-0.006128120704662873,0.016663160311173132,0.02515858065877781,0.016398628724695764,0.0,-0.07966482872161046,0.21668291765252537,0.3203464301328382,0.21154203881625863,0.0,-1.3300360990308241e-06,0.00020932449389918827,0.0005324848949060848,0.00023914112115541988,0.0,-0.0018357947546224055,0.002693987044235953,0.006685094439261242,0.0028507790058795823,0.0,-0.0017610230687237158,0.0025689076449521586,0.006432512069972244,0.0027428631255814856,0.0,5.307221326041053e-19,3.6455845763637294e-19,0.00018385804026788623,0.016663160311173132,0.002693987044235953,0.015889830660882263,0.007117400082680474,0.005424472377456401,5.5658222284205215e-08,1.0,0.003799637775538732,0.004010248017829885,0.00022195130647364384,0.6898148148148149,0.6833333333333333,0.004986263710309708,0.575296505480105,0.5708210436587878,0.0020993156159757166,1,1,1,1
10_external_impact_neg_x12N_p2l_v2:0001,10_external_impact_neg_x12N_p2l_v2,12.247,12.647,-0.011523753590768316,0.022009732899924018,0.030649798306529818,0.020001524439581718,0.0,-0.15268291012074153,0.28687474524516376,0.41870079702507834,0.2604924860039171,0.0,-1.9251172473606952e-05,0.00019595733169590836,0.0005324848949060848,0.00023676180869708913,0.0,-0.0034940197126749717,0.005125647668434729,0.010577715848019361,0.004759807899140022,0.0,-0.003452886675428733,0.005009976074747812,0.010546581686702437,0.004685465955352771,0.0,5.561410316321171e-19,4.847313209476555e-19,0.00016790020929237617,0.022009732899924018,0.005125647668434729,0.01509918368367336,0.006711571995812926,0.005375735252405833,8.8503801797662e-08,1.0,0.003847893388762511,0.004148425488718784,0.0002274298918867608,0.688888888888889,0.6833333333333333,0.004536092116265128,0.5740187744521117,0.5708210436587878,0.0019298398137782451,1,1,1,1
10_external_impact_neg_x12N_p2l_v2:0002,10_external_impact_neg_x12N_p2l_v2,12.447,12.847,-0.005257203179431582,0.021003238685032722,0.030649798306529818,0.022348006933592603,0.0,-0.07326176998331389,0.2753790486739102,0.41870079702507834,0.2934031341992805,0.0,8.935233321753992e-06,0.00014771899390736095,0.0004161400298501788,0.00018802460143666652,0.0,-0.0006912697776434781,0.006319391727421087,0.010577715848019361,0.006896753516589242,0.0,-0.0006920153351076904,0.006320103913669843,0.010546581686702437,0.00690435371508259,0.0,5.45388208821521e-19,5.216507502117134e-19,0.000136171247461191,0.021003238685032722,0.006319391727421086,0.012867361455418638,0.005189561179514073,0.003987505582595868,9.990652716785456e-08,1.0,0.003861445095420878,0.004148425488718784,0.0001991171131490406,0.6907407407407408,0.6833333333333333,0.005237828008789222,0.5740941820106212,0.5709522505293486,0.001917682664423726,1,1,1,1
10_external_impact_neg_x12N_p2l_v2:0003,10_external_impact_neg_x12N_p2l_v2,12.646999999999998,13.046999999999999,0.047307358403381516,0.05534518522714885,0.2365592800111843,0.08719065633962543,0.16666666666666666,0.6463851437091537,0.7521096176754098,3.221416964351198,1.1864300513769077,0.16666666666666666,-4.6709200353639945e-05,0.00015010549554747126,0.00042941434834061664,0.00018706878957769842,0.0,0.0004949652274095557,0.004075582471205117,0.009845169241844177,0.0051914506862291475,0.0,0.0005992155232314606,0.004073918320542118,0.009917437339292404,0.005185852018123988,0.0,0.16499999998510897,5.308834223525372e-17,0.00015502755171405358,0.11961287959324807,0.004075582471205146,2.2258794815650065,2.0175708028312083,0.005206041323270343,9.865564417858988e-08,1.0,0.003635555812716389,0.004039897203681411,0.00028916052722217266,0.687962962962963,0.6611111111111111,0.012593954174755034,0.5721903730669283,0.5659567157110907,0.0034308199529477705,1,1,1,1
10_external_impact_neg_x12N_p2l_v2:0004,10_external_impact_neg_x12N_p2l_v2,12.846999999999998,13.246999999999998,0.04530830603529797,0.0651943115365113,0.2365592800111843,0.09104653282579997,0.16666666666666666,0.6215485490205716,0.8923255151451714,3.221416964351198,1.239793353513976,0.16666666666666666,-8.446231666363639e-06,0.0001520566813232286,0.00042941434834061664,0.00018609293699459704,0.0,-0.0001085522216857316,0.003662953564176806,0.01031177384774382,0.005135062809236468,0.0,-6.555147600352616e-06,0.0036534096075090347,0.010323470981915805,0.005104698850730783,0.0,0.33999999998027125,5.282010583903741e-17,0.0001609385078659424,0.2880250272774121,0.003662953564176835,2.225887410628801,2.017127694292866,0.004612078098085913,9.1692851098144e-08,1.0,0.003391552978105028,0.0038085603065204465,0.00026097538430459156,0.6749999999999999,0.6444444444444445,0.022395160411940413,0.5560875026096771,0.5302331608694218,0.016133879104260108,1,1,1,1
10_external_impact_neg_x12N_p2l_v2:0005,10_external_impact_neg_x12N_p2l_v2,13.046999999999997,13.446999999999997,-0.004854371017802127,0.021291349638162916,0.04931093586108237,0.026050204296441903,0.0,-0.06377274425513586,0.29213285224567936,0.6850803239716305,0.3588882369756033,0.0,6.40048079968309e-05,0.00014803143915227576,0.0003577153878914219,0.00015497020930103642,0.0,0.0002719327314566504,0.0037967837482339594,0.01031177384774382,0.004995057309360048,0.0,0.00022945426807485455,0.0038103405045656364,0.010323470981915805,0.004995216510408347,0.0,0.3499999999903257,0.0,0.0001533268409529044,0.35485437100812683,0.0037967837482339594,0.01468807924751827,0.005819900383995165,0.0038980751296833534,7.555897184132933e-08,1.0,0.0033661802333126646,0.0038085603065204465,0.00033349715562980086,0.6638888888888889,0.6444444444444445,0.02097176232019653,0.5403266593250242,0.5298425543169155,0.00926417680969549,1,1,1,1
10_external_impact_neg_x12N_p2l_v2:0006,10_external_impact_neg_x12N_p2l_v2,13.246999999999996,13.646999999999997,0.005574908839462794,0.019561318176384578,0.03930084544931106,0.023278808885046964,0.0,0.06696434132048489,0.25580659839861913,0.48763833535242085,0.302276763432707,0.0,2.925369369194909e-05,0.00017012381616272055,0.0005925445799123275,0.00022217495221626084,0.0,0.0025270939346975036,0.004083801315233138,0.01129489476629723,0.004946419405502149,0.0,0.0024928404251097365,0.0041052800322646694,0.01140148962274724,0.005033041304174705,0.0,0.3499999999903369,0.0,0.00016621548473874873,0.344425091150873,0.004083801315233138,0.014122074085236075,0.005403460173771803,0.004748794592804729,6.77657445234612e-08,1.0,0.0035959119253872788,0.004171822870851594,0.00038530161120806593,0.6722222222222222,0.6444444444444445,0.019510469912690235,0.5279596472659227,0.5095298000281359,0.012633616268624468,1,1,1,1
10_external_impact_neg_x12N_p2l_v2:0007,10_external_impact_neg_x12N_p2l_v2,13.446999999999996,13.846999999999996,0.002798774816171653,0.022337452199675718,0.03930084544931106,0.026371472981475665,0.0,0.03434647422181621,0.2884244654972878,0.48763833535242085,0.33963006760312653,0.0,7.146322394986689e-05,0.00018752805982761553,0.0005925445799123275,0.00023096962765851016,0.0,0.0029732682243278955,0.00307904689559102,0.01129489476629723,0.004375986671768223,0.0,0.0028974027423232045,0.0031925464171301786,0.01140148962274724,0.004496200179761943,0.0,0.3499999999903469,0.0,0.00018337060525394085,0.34720122517417523,0.00307904689559102,0.014689355066213192,0.0067089201263486825,0.005498020808676183,4.947865740018977e-08,1.0,0.003831923072113943,0.004171822870851594,0.00019694364602912756,0.6749999999999999,0.6444444444444445,0.020475318877311074,0.5065214401971165,0.48050143216384317,0.014290043855138487,1,1,1,1
10_external_impact_neg_x12N_p2l_v2:0008,10_external_impact_neg_x12N_p2l_v2,13.646999999999995,14.046999999999995,-0.000533030699219339,0.023251007435362053,0.043626504752137196,0.027471700338521428,0.0,-0.015569745941785007,0.2946008541892871,0.5239966439236,0.34544767794824033,0.0,6.29331690101368e-05,0.00015391918905883087,0.0003334886889912717,0.00016608412229482728,0.0,1.7519515744860142e-06,0.0009280753655015054,0.0025708467499351417,0.0013125831693111666,0.0,-8.662665464938644e-05,0.0010959636585182416,0.002756611569363971,0.0013949512847139054,0.0,0.3499999999903422,0.0,0.00016139833181851346,0.3505330306895657,0.0009280753655015054,0.014330418520676846,0.006903255396376693,0.00449757089152387,7.851226066766287e-08,1.0,0.003917763918662391,0.004393719174793603,0.000255078125210151,0.6694444444444444,0.6388888888888888,0.02373334373699316,0.49537900476304997,0.48050143216384317,0.009060985311519339,1,1,1,1
10_external_impact_neg_x12N_p2l_v2:0009,10_external_impact_neg_x12N_p2l_v2,13.846999999999994,14.246999999999995,0.01123937649189712,0.028422467855224693,0.050831602832937306,0.03075527026654674,0.0,0.12678063623423177,0.35763337235452153,0.6161487010237537,0.3864417275993977,0.0,1.5253295417019558e-05,0.00015774755175129048,0.00048250695485169853,0.0001927222381487947,0.0,0.0020087737144900285,0.004071737384606338,0.015457743175504763,0.006309494396495371,0.0,0.0019963281742904943,0.004177431523655832,0.015387676519958522,0.006315679909468881,0.0,0.34999999999032,0.0,0.00014041363730611347,0.338760623498427,0.004071737384606338,0.012583363192775893,0.005778221285112292,0.004486428897490468,9.559206002775484e-08,1.0,0.0038984778883211072,0.004393719174793603,0.0003700898223282286,0.6749999999999999,0.6388888888888888,0.02500000000000001,0.5000563601604854,0.4889558547617881,0.008576954093437212,1,1,1,1
10_external_impact_neg_x12N_p2l_v2:0010,10_external_impact_neg_x12N_p2l_v2,14.046999999999993,14.446999999999994,0.010304593797158312,0.025815498379024655,0.050831602832937306,0.028722135659351136,0.0,0.11989016998812276,0.3329335502555908,0.6161487010237537,0.3673440218944185,0.0,-5.423642908186482e-05,0.00017996219040100294,0.00048250695485169853,0.00021741224368296153,0.0,0.0036855342470817217,0.0059599685256230064,0.015457743175504763,0.006704870173308519,0.0,0.0036949524019356723,0.005991938332779363,0.015387676519958522,0.0066949190486306235,0.0,0.3499999999903025,0.0,0.00016000942668030886,0.33969540619314426,0.0059599685256230064,0.012703302581289848,0.006145917064736406,0.005099331612783375,6.504401494103912e-08,1.0,0.0037326279312230952,0.004330964012556214,0.00033616090397716575,0.6675925925925926,0.6222222222222222,0.025743405137884885,0.5030636262032578,0.49306406420442217,0.0068423623574760594,1,1,1,1
10_external_impact_neg_x12N_p2l_v2:0011,10_external_impact_neg_x12N_p2l_v2,14.246999999999993,14.646999999999993,0.012538395572259664,0.028119728774926744,0.05114202743048313,0.02864398761206756,0.0,0.1472053806955733,0.3612704979077835,0.6133859989649503,0.3662302000498985,0.0,-6.532718082205475e-05,0.00018950710928693839,0.000450209303678868,0.0002225670286644292,0.0,0.005027879773008575,0.006346651999590361,0.01659978601026549,0.006338993574333041,0.0,0.005031933588724769,0.006317337687201354,0.01642409259371148,0.006273448762262836,0.0,0.3499999999903025,0.0,0.00015944086691751643,0.3374616044180428,0.006346651999590361,0.014680128368870877,0.007391168971112072,0.004956359590452681,6.642541284677278e-08,1.0,0.003830979356526804,0.0044035674126161875,0.00034264819239178916,0.6537037037037037,0.6222222222222222,0.023497365815647264,0.4969585946113262,0.48398485021795723,0.006503987029389789,1,1,1,1
10_external_impact_neg_x12N_p2l_v2:0012,10_external_impact_neg_x12N_p2l_v2,14.446999999999992,14.846999999999992,0.004488806982964028,0.022241923931198237,0.05114202743048313,0.025842508600631146,0.0,0.05294674645957157,0.27738307925261,0.6133859989649503,0.31722424603112465,0.0,-4.835282417506433e-05,0.0001717630629300973,0.0005373671816858832,0.0002188871696462377,0.0,0.0049721812330133066,0.00812416574708962,0.01659978601026549,0.008090576228807878,0.0,0.0049734331081129355,0.00806891817406807,0.01642409259371148,0.008001002211139419,0.0,0.3499999999903025,0.0,0.0001468369726538912,0.34551119300733846,0.00812416574708962,0.014095226162032449,0.00726812071017813,0.0044986946114258484,7.43292875603506e-08,1.0,0.004043660628701229,0.004500533096388305,0.00035119372493047114,0.6407407407407407,0.6055555555555555,0.02070433312499806,0.4946366135032499,0.48398485021795723,0.006215078668223492,1,1,1,1
10_external_impact_neg_x12N_p2l_v2:0013,10_external_impact_neg_x12N_p2l_v2,14.646999999999991,15.046999999999992,-0.008508956523569283,0.029537739051109835,0.06858693402901361,0.03559373789979634,0.0,-0.10186041114451254,0.3721031343032613,0.8588383917745431,0.4484577096356787,0.0,0.015986028548925925,0.01613964683433978,0.17596233666280986,0.04053079385861701,0.05,0.025479516920887815,0.028344744559471207,0.13590359575003058,0.049750989140739804,0.16666666666666666,0.022525637743710816,0.025339047931028372,0.11809679939978382,0.04315700618831567,0.16666666666666666,0.312299999996295,0.06379999997536007,0.0451247171499945,0.3368422898476479,0.019710212632850877,1.1028045071875052,1.06145227415143,0.005664000231370011,8.676116678165133e-08,1.0,0.004026145327042555,0.004500533096388305,0.00027295981537535965,0.6166666666666666,0.5277777777777778,0.04362673699773981,0.5082079633123701,0.49083609127029065,0.012924959588314022,1,1,1,1
10_external_impact_neg_x12N_p2l_v2:0014,10_external_impact_neg_x12N_p2l_v2,14.84699999999999,15.246999999999991,-0.0049729687791217015,0.02822639780520211,0.06858693402901361,0.03565975790923139,0.0,-0.06651613190405443,0.3564241176638426,0.8588383917745431,0.4478331116261093,0.0,0.02463009287778361,0.02465486001200965,0.17596233666280986,0.03793939975120933,0.05,0.031885894485370374,0.031885894485370374,0.13590359575003058,0.047475087544170666,0.16666666666666666,0.020372533451266276,0.025251212191069624,0.11809679939978382,0.044383348053563636,0.16666666666666666,0.24729999999762442,0.17379999994548123,0.14647178625350948,0.26830630210452866,0.1171600792407805,1.1033408827551212,1.0563811005965709,0.013577678333978185,9.255157950162297e-08,1.0,0.0039629486376310495,0.004455648828909853,0.0002782483518575741,0.5925925925925926,0.5277777777777778,0.03910872607767199,0.5144047847401687,0.49902472986348784,0.011295665225374927,1,1,1,1
10_external_impact_neg_x12N_p2l_v2:0015,10_external_impact_neg_x12N_p2l_v2,15.04699999999999,15.44699999999999,0.012094294534464348,0.019854831014192,0.05473611528414021,0.02368541341501292,0.0,0.15346984639335232,0.25638131726578633,0.7390591099250464,0.31168184816817013,0.0,0.01769886985801864,0.01769886985801864,0.018446432019955883,0.0007280961719744441,0.0,0.019175258431807625,0.019175258431807625,0.02892914375399125,0.008999630826216652,0.0,0.0014423606286074278,0.007648012278468452,0.014636036219410037,0.008690680846393328,0.0,0.21999999999300995,0.21999999993980826,0.20230194103445745,0.20790570545855053,0.20082474150798557,0.050692340728987206,0.009337931247408063,0.006306231872587054,7.033193745040751e-08,1.0,0.004038712263564511,0.004900543209667834,0.0004682346042707275,0.5785714285714285,0.5611111111111111,0.016380767809960544,0.5374713462774651,0.49902472986348784,0.02979843498815612,1,1,1,1
10_external_impact_neg_x12N_p2l_v2:0016,10_external_impact_neg_x12N_p2l_v2,15.24699999999999,15.64699999999999,0.014574594600565581,0.02220476981114853,0.05473611528414021,0.02476293850897583,0.0,0.18555463146070175,0.28600489584904487,0.7390591099250464,0.32406955264805026,0.0,0.01823186622975381,0.01823186622975381,0.01852665517622132,0.00010886394011464082,0.0,0.02353101875706858,0.02353101875706858,0.03179388386427129,0.006900015458977695,0.0,0.005304706607615882,0.007623497019084019,0.013456497443371351,0.006870102462969353,0.0,0.2199999999931243,0.21999999993903674,0.20176773201104034,0.20542540539255713,0.19646898118197634,0.051773569164164035,0.01054607067295551,0.006539306212837489,7.694754334731651e-08,1.0,0.004080511647911137,0.004900543209667834,0.00042475261827423143,0.5746031746031746,0.5555555555555556,0.018510958396334272,0.572401677677527,0.5299332053728238,0.02463627356589232,1,1,1,1
10_external_impact_neg_x12N_p2l_v2:0017,10_external_impact_neg_x12N_p2l_v2,15.446999999999989,15.846999999999989,0.012315277027801955,0.023465889209954845,0.04050352133126797,0.02319100733018873,0.0,0.15833926210015103,0.304135344547968,0.544001068762674,0.3023593462489388,0.0,0.018257847857900803,0.018257847857900803,0.01863271379162429,0.00018313688674100636,0.0,0.024663595787743978,0.024663595787743978,0.03179388386427129,0.009149984901624905,0.0,0.0064443851255948925,0.010273787387412506,0.013456497443371351,0.009054045784136617,0.0,0.21999999999325143,0.21999999993838487,0.20176984462843647,0.2076847229654674,0.1953364041505491,0.0491299548284935,0.011193066279085732,0.0066971327853286335,8.262791777354747e-08,1.0,0.003916934340024428,0.004254576075491419,0.00022221658361033203,0.575925925925926,0.5555555555555556,0.015270761576361695,0.6023421858207212,0.5636244526514531,0.025643839984923287,1,1,1,1
10_external_impact_neg_x12N_p2l_v2:0018,10_external_impact_neg_x12N_p2l_v2,15.646999999999988,16.046999999999986,0.008541161064280314,0.018080510479660538,0.04050352133126797,0.02030350561444516,0.0,0.11168003595158271,0.23571868647946292,0.544001068762674,0.2688055501769559,0.0,0.005444285805846452,0.021879442458083605,0.12509359393548095,0.03205275196479621,0.05,-0.03965677668884121,0.06643721552477394,0.2968476001223286,0.11635100293577469,0.16666666666666666,-0.048066564569485465,0.05642312637585655,0.27713612973298307,0.10309595279303015,0.16666666666666666,0.21999999999309322,0.21119999992277944,0.19801410021782012,0.21145883892849646,0.1894453178335165,0.649650948965675,0.6215745282164195,0.0061642487418020996,6.574863164481802e-08,1.0,0.0039746972370909425,0.004624865389073857,0.00032114803503967813,0.5768518518518518,0.5611111111111111,0.013764878469739355,0.6288936641316603,0.5806084555410781,0.025467062945028755,1,1,0,1
10_external_impact_neg_x12N_p2l_v2:0019,10_external_impact_neg_x12N_p2l_v2,15.846999999999987,16.246999999999986,-0.0009291750366438867,0.02123335497506157,0.05279302275283565,0.02899268821871769,0.0,-0.009560934942650213,0.26528973623522256,0.6493936883874865,0.3620685976179719,0.0,-0.003664533250871664,0.012805826018692845,0.12509359393548095,0.029607736335076535,0.05,-0.05929845455995123,0.06326924954237399,0.2968476001223286,0.1072291407479306,0.16666666666666666,-0.05861739692052457,0.058841249224919956,0.27713612973298307,0.0983017601282354,0.16666666666666666,0.21999999999265993,0.2111999999263507,0.20714189203545236,0.22092917502898698,0.19287610749435513,0.6496908395962824,0.621375866127464,0.0038341278786525393,7.044252417739902e-08,1.0,0.004087120406251576,0.004624865389073857,0.00029278942331750573,0.5805555555555556,0.5666666666666667,0.016276292436339757,0.6220277273688574,0.5761230455437352,0.028273664081894766,1,1,0,1
10_external_impact_neg_x12N_p2l_v2:0020,10_external_impact_neg_x12N_p2l_v2,16.046999999999986,16.446999999999985,-0.007522261268939017,0.02708606824448204,0.05279302275283565,0.03441448986929294,0.0,-0.0909731448127145,0.3409289853600977,0.6493936883874865,0.4329515593381321,0.0,9.176347915833688e-05,0.00016010146712764213,0.0005223140973968088,0.00019375071283483691,0.0,-0.0030285482301845488,0.013445163658525522,0.033734268973021675,0.016642302592144075,0.0,-0.0030388310054031468,0.013415519161505329,0.03377160411752167,0.016640366166976246,0.0,0.21999999999248124,0.21999999994459501,0.22005337310129897,0.22752226126143418,0.2169714517143075,0.04774023611582571,0.007636344630390056,0.005893723821122403,9.126231463770552e-08,1.0,0.00409887640403851,0.004583405824240185,0.00027559640676484514,0.6018518518518517,0.5666666666666667,0.022376011062212185,0.5938972813959288,0.5757415146940823,0.01716214059512162,1,1,1,1
10_external_impact_neg_x12N_p2l_v2:0021,10_external_impact_neg_x12N_p2l_v2,16.246999999999986,16.646999999999984,-0.0059114228205208825,0.022779461043074017,0.051031965787427525,0.02838905452700776,0.0,-0.0662568505749689,0.2790922002188294,0.6463127021309502,0.35474911721851166,0.0,5.401389248944344e-05,0.00019987823146256912,0.0005223140973968088,0.00023371855654765,0.0,1.2237156333925562e-05,0.010662595757979268,0.021341568172075914,0.012265101604056092,0.0,-4.9941862045187656e-05,0.01078057583032604,0.02152662047779097,0.0123785235627463,0.0,0.21999999999258169,0.2199999999434592,0.2200501951092017,0.22591142281310997,0.22001223709973236,0.048088074153817655,0.0088201430002661,0.007196365047990788,9.685938290236719e-08,1.0,0.004406089778072718,0.005156868773188142,0.0004027070018196748,0.6046296296296297,0.5611111111111111,0.021615958388756948,0.5704414877206649,0.5385921349628034,0.021859762513451078,1,1,1,1
10_external_impact_neg_x12N_p2l_v2:0022,10_external_impact_neg_x12N_p2l_v2,16.446999999999985,16.846999999999984,0.01780324639882212,0.029483474999941178,0.0476669849612007,0.026358741431977188,0.0,0.21896323117772298,0.3488747145945379,0.5893670581864934,0.3136736070830235,0.0,-4.0179727933464804e-05,0.0001969025998456414,0.0005832756788692328,0.00023997221445864052,0.0,-0.004294117818547831,0.007973845078003855,0.021341568172075914,0.00944601399073579,0.0,-0.004374805661603244,0.00812766649223027,0.02152662047779097,0.009573580006837442,0.0,0.21999999999269826,0.21999999994240588,0.22000271933045576,0.2021967535938849,0.21570588212379016,0.047977494445460254,0.007911928138079338,0.0067303345237246515,7.974725748288522e-08,1.0,0.004609813675143472,0.005156868773188142,0.0003988840022080484,0.5851851851851853,0.5611111111111111,0.01656346649999843,0.5557961892036819,0.5385921349628034,0.014367232948932452,1,1,1,1
10_external_impact_neg_x12N_p2l_v2:0023,10_external_impact_neg_x12N_p2l_v2,16.646999999999984,17.046999999999983,-0.011052445453399526,0.044680017277206045,0.13773941743393447,0.06120553837059412,0.16666666666666666,-0.17247636361051458,0.5675832353146882,1.8675379368053489,0.8076868483628192,0.0,0.016352510027605564,0.016563891352583276,0.195707764064453,0.05027328317778984,0.1,0.02382041724822427,0.03199382483065551,0.15425938241896892,0.058973958381768915,0.16666666666666666,-0.002916708839635962,0.00737634780648468,0.01975049003742846,0.008844780243793279,0.0,0.2024000000004944,0.20239999994731422,0.21906383409857044,0.20245244545901717,0.21522041719936377,1.7716406049005038,1.6921179188873758,0.008045713052860008,4.382692109088247e-05,1.0,0.004448649982113153,0.004967351219547493,0.0004972176914495733,0.5916666666666667,0.5666666666666667,0.01778645621509127,0.5470780882062726,0.5288667772507849,0.013497510766264383,1,1,1,1
10_external_impact_neg_x12N_p2l_v2:0024,10_external_impact_neg_x12N_p2l_v2,16.846999999999984,17.246999999999982,-0.036211961976571415,0.04079866494373666,0.13773941743393447,0.04805692901664524,0.16666666666666666,-0.4817216120931973,0.5427659067542395,1.8675379368053489,0.6545705701292804,0.0,0.01637244686360436,0.016533936150893085,0.195707764064453,0.05026659421692067,0.1,0.03157391239397531,0.04516233618738844,0.15425938241896892,0.06282026960241631,0.16666666666666666,0.0048285549350120735,0.02047446481637474,0.07205533049577317,0.030925102327141882,0.0,0.09240000000528992,0.09239999998516388,0.11205793042452125,0.12219866495297138,0.12000653288010997,1.8543484886685668,1.7568429195705064,0.022776405732730664,4.389028072612429e-05,1.0,0.003967222949887059,0.004939795751480401,0.0004856614003144326,0.6435185185185186,0.5777777777777777,0.04355790180125584,0.5450157368456111,0.5288667772507849,0.010607641913123259,1,1,1,1
10_external_impact_neg_x12N_p2l_v2:0025,10_external_impact_neg_x12N_p2l_v2,17.046999999999983,17.44699999999998,-0.008931576779839386,0.015382303973065989,0.032704041514903796,0.017549798738313704,0.0,-0.11796546312193412,0.2038210500709732,0.4398689353899501,0.234446181259331,0.0,-0.00010053516160224606,0.00018097708356284458,0.00044574159547917876,0.00018751518620090015,0.0,0.0078023673179691,0.01675639778329767,0.07224207780321346,0.029230808234174836,0.0,0.007811805433917785,0.016764142063752836,0.07205533049577317,0.02915049672666013,0.0,1.170175067954915e-12,8.784995523059572e-12,0.003092031008562448,0.015382303973065989,0.01675639778329767,0.548788702458701,0.539803360054864,0.004632150333629225,1.2914780467070138e-07,1.0,0.003785579275046774,0.00422760872639968,0.0002460165161856073,0.6870370370370371,0.6777777777777778,0.004140866624999596,0.5530124381086099,0.5494831169716075,0.002317995265439248,1,1,1,1
10_external_impact_neg_x12N_p2l_v2:0026,10_external_impact_neg_x12N_p2l_v2,17.246999999999982,17.64699999999998,-0.004204621208122474,0.006068645434183836,0.009593240429272811,0.005131825747534309,0.0,-0.05288503232872491,0.0776963246167218,0.12510604678482354,0.06604068265828064,0.0,-0.00010985461438154967,0.0002030945117625871,0.00044574159547917876,0.00020652654650306652,0.0,-0.0009355230973196693,0.002476892661294273,0.00511270926249664,0.0028433986971094305,0.0,-0.0009228630517983345,0.00252392772594262,0.005056513649727581,0.0028776157633065933,0.0,0.0,0.0,0.00018950002438768206,0.006068645434183836,0.002476892661294273,0.014621472531819833,0.006239954769296145,0.003796643803804664,8.00236131155149e-08,1.0,0.003912440730485078,0.00422760872639968,0.00022952708584885525,0.688888888888889,0.6833333333333333,0.0032075014954979094,0.5505128566093752,0.5456912955923939,0.0028064192425543938,1,1,1,1
10_external_impact_neg_x12N_p2l_v2:0027,10_external_impact_neg_x12N_p2l_v2,17.44699999999998,17.84699999999998,-0.005353912182967478,0.008639704221618354,0.014749666067920681,0.007512924736561105,0.0,-0.0698222846145532,0.11163200161028321,0.19423947447796766,0.09727334643318473,0.0,-2.994616292856269e-05,0.0001791227099430217,0.00040532383941124285,0.0002046464049513053,0.0,-0.0003007358824156611,0.0029683431152592713,0.004812930507193871,0.003241048659596718,0.0,-0.00028789559195706657,0.002881057220205711,0.004648802859551777,0.003175691194880446,0.0,0.0,0.0,0.00018870451221831528,0.008639704221618354,0.0029683431152592713,0.014401404055591798,0.006196045872132976,0.004492191516205907,7.123698047546196e-08,1.0,0.003927261913257836,0.004013619562714966,9.040139668546488e-05,0.688888888888889,0.6833333333333333,0.004536092116265128,0.5504714981165424,0.5456912955923939,0.0028657577550268002,1,1,1,1
10_external_impact_neg_x12N_p2l_v2:0028,10_external_impact_neg_x12N_p2l_v2,17.64699999999998,18.04699999999998,0.03968483113029398,0.04644089745577638,0.17364105009582775,0.06324677880285112,0.16666666666666666,0.5096854120932971,0.59791693464336,2.2638081109504906,0.8256659172540572,0.0,0.001939069083227097,0.0020706127423078488,0.024583111933576433,0.005887655342123979,0.0,0.0042937515184209045,0.0060718247169222195,0.011093690478396239,0.005270677142851518,0.0,0.0006292798483299784,0.005883990450541734,0.010815058903977577,0.006591252473378017,0.0,0.10799999998666987,7.54382311604273e-12,0.002526199855644557,0.07547175352458824,0.006071824727801457,1.989758226562158,1.8309493354496198,0.006467555114421355,8.21809774510928e-06,1.0,0.00399709093396479,0.004417345843529183,0.00020542857846252372,0.687962962962963,0.6833333333333333,0.003817690394090413,0.5454367023974037,0.5255131715303799,0.009660596011733294,1,1,1,1
10_external_impact_neg_x12N_p2l_v2:0029,10_external_impact_neg_x12N_p2l_v2,17.84699999999998,18.24699999999998,0.042329659061162046,0.04725853992964119,0.17364105009582775,0.061687505073845246,0.16666666666666666,0.547733055616762,0.607947815043303,2.2638081109504906,0.8029218041752537,0.0,0.0020347494610831497,0.0020824275669295684,0.024583111933576433,0.005856043817636371,0.0,0.0035225062903727045,0.00625047530717857,0.011093690478396239,0.006022047728946392,0.0,-0.0002600728549117895,0.006206687285516766,0.010815058903977577,0.006842678052476949,0.0,0.2579999999539412,1.3985963384572808e-11,0.00253859917907711,0.21954113352139348,0.006250475317292513,1.989751069649623,1.8312748473385971,0.0048961251653273415,8.22606379295942e-06,1.0,0.003941132694116904,0.004417345843529183,0.0003548219446381997,0.6759259259259259,0.65,0.013857990321384966,0.5277349741553204,0.5047263531918942,0.016394793547118466,1,1,1,1
10_external_impact_neg_x12N_p2l_v2:0030,10_external_impact_neg_x12N_p2l_v2,18.04699999999998,18.446999999999978,-0.0015677642093499349,0.018701760192552114,0.04602193060026871,0.022773873586273002,0.0,-0.013485810929151298,0.24138419811519488,0.5839657488534157,0.2922022447638586,0.0,0.0040701946263316776,0.004089499743230937,0.03966250212468308,0.010298387628853293,0.0,0.0027222585726973396,0.0055810906230290315,0.01638622249215791,0.007158841175028701,0.0,-0.002411594359148906,0.008834620551126089,0.02463392174594629,0.012192602803893386,0.0,0.2999999999462932,1.5822101463760563e-11,0.0036401702030244855,0.30156776415289804,0.005581090620214095,0.49524907214849956,0.4652382648251096,0.0037010539207509817,7.381966517614002e-08,1.0,0.0038256481190250395,0.00427741399209504,0.0003034847756549179,0.6675925925925927,0.65,0.011748682907823637,0.5242302216036324,0.5047263531918942,0.013683114670414318,1,1,1,1
10_external_impact_neg_x12N_p2l_v2:0031,10_external_impact_neg_x12N_p2l_v2,18.24699999999998,18.646999999999977,0.002289741441478759,0.025429411175752634,0.05200025723223892,0.03058563880597532,0.0,0.029286724157303507,0.32601780934936203,0.6518831617192802,0.38848329282350413,0.0,0.004094224291405583,0.004097797253838281,0.03966250212468308,0.010289354918311538,0.0,0.004431844064306239,0.006729377489461878,0.01638622249215791,0.007602978130421961,0.0,-0.0007176094065202056,0.009894724556884761,0.02463392174594629,0.013095238039767369,0.0,0.2999999999746311,1.962817373023193e-11,0.0036338561855255394,0.29771025853135435,0.006729377483996164,0.4952682613751393,0.46512360427172095,0.0056736741446782035,8.579128577193697e-08,1.0,0.0038766166896275927,0.004102174605219582,0.00015854949376481174,0.6666666666666666,0.6555555555555556,0.009622504486493771,0.5317412956177292,0.5211559302466507,0.00671256112331294,1,1,1,1
10_external_impact_neg_x12N_p2l_v2:0032,10_external_impact_neg_x12N_p2l_v2,18.446999999999978,18.846999999999976,0.007265081029719784,0.024882779448076407,0.05200025723223892,0.028901664390062663,0.0,0.09126929031905001,0.32517474929193274,0.6518831617192802,0.3767253191418901,0.0,0.0002477528921435306,0.00026569325701808147,0.0006694944763018583,0.00022576760756570235,0.0,0.002229467067391656,0.007158438359951701,0.016554952614086512,0.008802512523852677,0.0,0.002052987607897912,0.007132753940538761,0.016346122515396334,0.008728543254385582,0.0,0.2999999999912184,2.0496425070002885e-11,0.0002559794668176136,0.29273491896149856,0.007158438353119558,0.013251619276608985,0.005997098852206499,0.004990657063813169,7.218995301892067e-08,1.0,0.0038408095150164853,0.004127138855224827,0.00021412837394545672,0.6574074074074073,0.65,0.00692899516069246,0.5296699009474567,0.5246430781105321,0.005114730828554928,1,1,1,1
10_external_impact_neg_x12N_p2l_v2:0033,10_external_impact_neg_x12N_p2l_v2,18.646999999999977,19.046999999999976,0.007985600540263676,0.01804300939407308,0.03767712360819597,0.021999225060782966,0.0,0.10933103092569947,0.24425616086109822,0.5129394387318683,0.2992761755491543,0.0,0.0002498201092365887,0.0002641875116784409,0.0006694944763018583,0.00022505155225347479,0.0,0.002959789898881269,0.005722090799811501,0.016554952614086512,0.007249369291675233,0.0,0.0027589213643966297,0.005610828138138144,0.016346122515396334,0.007232682325001515,0.0,0.2999999999912184,2.0496425070002885e-11,0.00027249040199490754,0.29201439945095475,0.0057220908066436425,0.013655417009317916,0.006547315975512277,0.005256370729290794,6.982157316685002e-08,1.0,0.0037463505800747108,0.004127138855224827,0.00022783307574685224,0.6564814814814814,0.65,0.004986263710309708,0.5208289128050666,0.5083905882209866,0.007538173482375726,1,1,1,1
10_external_impact_neg_x12N_p2l_v2:0034,10_external_impact_neg_x12N_p2l_v2,18.846999999999976,19.246999999999975,0.005438019845802315,0.016711401270095905,0.03280575774583405,0.02002729710902827,0.0,0.07313062397032856,0.2248759149204874,0.4307069984257226,0.2700084604085719,0.0,0.00025029781846487814,0.00025939768685408714,0.0006811377997218771,0.00020782330241713348,0.0,0.001362202166113198,0.0030086700459720367,0.004711310206377638,0.0029803175593029084,0.0,0.0010465114158941468,0.0029324704113066554,0.00455450979341007,0.003033009321048592,0.0,0.2999999999912184,2.0496425070002885e-11,0.00027745033186229784,0.29456198014541607,0.0030086700528041787,0.013336733403637682,0.005931742773855003,0.005183635130646028,6.985917226793408e-08,1.0,0.0037095245613973458,0.003907842649191198,0.00020706815213795558,0.6685185185185186,0.6611111111111111,0.00763538078818088,0.5127125133510105,0.4988238039116585,0.007371337616178061,1,1,1,1
10_external_impact_neg_x12N_p2l_v2:0035,10_external_impact_neg_x12N_p2l_v2,19.046999999999976,19.446999999999974,0.01624579065827855,0.02728043544626839,0.05870421200885009,0.026637059825148246,0.0,0.21619297178608066,0.36484275619947004,0.7886842098670315,0.35744894719215436,0.0,0.000203567181209721,0.0002160748193851046,0.0006811377997218771,0.0002004110165507916,0.0,0.0017046391405240186,0.004695982939379512,0.009467538357835172,0.005020319249414893,0.0,0.0014300681786274434,0.004682479842422311,0.009234506368922259,0.005017558767486527,0.0,0.29999999999118176,2.0308541173527862e-11,0.00024415820273480926,0.28375420933290785,0.0046959829393671765,0.013307961628240812,0.004812407169133662,0.0031615040471677687,7.551682686870576e-08,1.0,0.003680664416170886,0.003974875484678475,0.00023372404200981169,0.6768518518518519,0.6722222222222223,0.002070433312499798,0.5140056144282986,0.4988238039116585,0.009849886151814565,1,1,1,1
10_external_impact_neg_x12N_p2l_v2:0036,10_external_impact_neg_x12N_p2l_v2,19.246999999999975,19.646999999999974,0.020234158825803265,0.02557961169393118,0.05870421200885009,0.02420811068251058,0.0,0.2706822073463905,0.34014866047505915,0.7886842098670315,0.32219998955695484,0.0,0.00014089193381506323,0.00016533240697848154,0.0005240087865999478,0.00015520152858944218,0.0,0.0016376155775007087,0.004345831987755229,0.009467538357835172,0.00494955265072486,0.0,0.001467213017137054,0.004290716145097333,0.009234506368922259,0.004933401353009228,0.0,0.29999999999113736,2.0080803117194495e-11,0.00020575399435856452,0.2797658411653387,0.0043458319944991225,0.012755748424892212,0.005044539853717869,0.003793169190052158,8.68996355614267e-08,1.0,0.003759181796302292,0.003974875484678475,0.00020385833546310707,0.6731481481481482,0.6611111111111111,0.008735167714867246,0.5215193467337907,0.5031499424874036,0.008432707886647803,1,1,1,1
10_external_impact_neg_x12N_p2l_v2:0037,10_external_impact_neg_x12N_p2l_v2,19.446999999999974,19.846999999999973,0.006302770393387437,0.02249242350789374,0.039668390991396574,0.02477669354436634,0.0,0.08926095938168833,0.2972624733847065,0.5200924179334194,0.325188626546208,0.0,0.00019528550228610917,0.00021631820566335295,0.0005240087865999478,0.00015809688732454187,0.0,-0.0001924950706736388,0.0035425900168885023,0.007115233788912828,0.004222645203589205,0.0,-0.0004121416583326161,0.003511155703283286,0.007398740706113945,0.004234768279118007,0.0,0.2999999999911296,2.0040948957336158e-11,0.00024237336707177466,0.2936972295977421,0.0035425900235688187,0.013067234617112978,0.0055100825773263026,0.0031525386602913484,6.664446816908408e-08,1.0,0.003767534075891398,0.003975036989658619,0.0001925953722492845,0.6740740740740742,0.6611111111111111,0.009972527420619465,0.5238266173516534,0.5049683100644954,0.008807926370701685,1,1,1,1
10_external_impact_neg_x12N_p2l_v2:0038,10_external_impact_neg_x12N_p2l_v2,19.646999999999974,20.046999999999972,0.006152789300207934,0.022294505227868643,0.032532600739135165,0.022334420645891685,0.0,0.0893347127122161,0.30278795882010173,0.41560518262304874,0.2993369587180355,0.0,0.0002461521441631133,0.0002461521441631133,0.0004465519794384521,0.00011029950987177593,0.0,0.00044427846968773667,0.0043123260070878034,0.007115233788912828,0.004682566170469267,0.0,0.00016832938367031353,0.004295257103804775,0.007398740706113945,0.004731497106123054,0.0,0.2999999999911296,2.0040948957336158e-11,0.00026022886724687977,0.2938472106909217,0.0043123260137681195,0.014248715533098978,0.006650205957892282,0.004804879539780324,5.9502157902794654e-08,1.0,0.003488200878846076,0.003975036989658619,0.00026784308783299265,0.6814814814814816,0.6722222222222223,0.005237828008789222,0.523556674969815,0.5049683100644954,0.010302637112136878,1,1,1,1
10_external_impact_neg_x12N_p2l_v2:0039,10_external_impact_neg_x12N_p2l_v2,19.846999999999973,20.24699999999997,0.00666055723467468,0.024056443674242662,0.037263035275504675,0.02505053502057655,0.0,0.08699097140983646,0.33047150246630114,0.5056870374687858,0.3441234319913696,0.0,0.00025744513310576526,0.0002632506999399074,0.0005089962198165222,0.00014493995770016336,0.0,0.0009993823351536232,0.0041162342270962046,0.008666830090452264,0.004797680080632579,0.0,0.0008105917059460409,0.00415325674716003,0.008640458151236022,0.004894929823390074,0.0,0.2999999999911296,2.0040948957336158e-11,0.00024691009061295993,0.2933394427564549,0.0041162342337765214,0.014646691033139486,0.007279118488687786,0.00505410833092721,7.865725835658051e-08,1.0,0.0034356022056384015,0.0036932082303537967,0.00018629785246416665,0.6796296296296296,0.6555555555555556,0.012283795519834806,0.526299505587433,0.5149169408928927,0.009691267208404524,1,1,1,1
10_external_impact_neg_x12N_p2l_v2:0040,10_external_impact_neg_x12N_p2l_v2,20.046999999999972,20.44699999999997,0.011236692231895754,0.023335062990181416,0.037263035275504675,0.02280595680718026,0.0,0.14409835332561208,0.3126606991485407,0.5056870374687858,0.31058596093306207,0.0,0.00026387736961101094,0.00027874573513942503,0.0006090215002859126,0.0001938255769346749,0.0,0.004013363933599567,0.005633912884446359,0.008666830090452264,0.00482148228974629,0.0,0.003748067981884091,0.005430052205001601,0.008640458151236022,0.004751361741491377,0.0,0.2999999999911296,2.0040948957336158e-11,0.00026718136466762283,0.2887633077592338,0.005633912897806992,0.016427226223858792,0.007586968516434721,0.004710942180097501,9.45392032430888e-08,1.0,0.0036851349006962815,0.003965000227512269,0.0001725681155674526,0.6722222222222224,0.6555555555555556,0.01242259987499883,0.5150961966754938,0.49481913945264655,0.015053508384491028,1,1,1,1
10_external_impact_neg_x12N_p2l_v2:0041,10_external_impact_neg_x12N_p2l_v2,20.24699999999997,20.64699999999997,0.007997580148367692,0.01985241820965261,0.03336103926279865,0.019759792560340494,0.0,0.10834590768654774,0.2568785721617473,0.4408935695196511,0.25458739000783204,0.0,0.00017778900910875227,0.00025040728194662416,0.0006090215002859126,0.0002396635051637074,0.0,0.0040491862987416995,0.004604521933716829,0.007736607223657518,0.0031223250368914786,0.0,0.0036941961085041383,0.004338633355280269,0.007146532216965072,0.0030349975679131386,0.0,0.2999999999911296,2.0040948957336158e-11,0.00027407122229937425,0.2920024198427619,0.004604521947077462,0.015495541555768568,0.007299364404232112,0.00399496464947683,8.638557133392352e-08,1.0,0.003905557725729529,0.0042601089607996615,0.00020660428973831943,0.6731481481481483,0.6611111111111111,0.006740842490074563,0.5073197526882228,0.49481913945264655,0.007437862419677629,1,1,1,1
10_external_impact_neg_x12N_p2l_v2:0042,10_external_impact_neg_x12N_p2l_v2,20.44699999999997,20.84699999999997,0.00825191038963379,0.02164732265650714,0.03336103926279865,0.022597832369846856,0.0,0.11517345482063836,0.2834436999274162,0.4449549582798259,0.29557399972755516,0.0,0.00019381674749210787,0.00026176928415583105,0.0005426764623690391,0.0002344872336984561,0.0,0.003492161737602287,0.004047497372577418,0.008441148531065262,0.0038292815452431487,0.0,0.003247931968728286,0.003982051403858297,0.008462735253588883,0.0038628687047125338,0.0,0.2999999999911296,2.0040948957336158e-11,0.000241445219219401,0.29174808960149584,0.00404749738593805,0.01376211107724831,0.00555480155646859,0.003580785128696905,6.868167995961075e-08,1.0,0.003888268602896946,0.0042601089607996615,0.00021935822327143783,0.6777777777777779,0.6722222222222223,0.00641500299099582,0.4941458682449525,0.4650981873134476,0.018900543791052854,1,1,1,1
10_external_impact_neg_x12N_p2l_v2:0043,10_external_impact_neg_x12N_p2l_v2,20.64699999999997,21.04699999999997,0.014217065809790042,0.015757640015378476,0.03294790466270242,0.011869855264418746,0.0,0.18340684051887213,0.20314442115045042,0.4449549582798259,0.1600834804794524,0.0,0.0003132287111984814,0.0003176257737186045,0.0006080815811660708,0.0002008197581717214,0.0,0.005772361154794223,0.0058862151401066045,0.009513066811189755,0.004215930585943863,0.0,0.005508927677006731,0.0057576891406902996,0.009049769907752542,0.004171774603878678,0.0,0.2999999999911296,2.0040948957336164e-11,0.00027678588212491694,0.28578293418133954,0.0058862151534672365,0.014323200950167498,0.005595159747079937,0.0042350553835000465,5.8601168380275485e-08,1.0,0.004038218924667043,0.004949487431749988,0.0004751677709963946,0.6712962962962963,0.6555555555555556,0.009842727604383938,0.46895811745568566,0.44820066809036335,0.014300932218749196,1,1,1,1
10_external_impact_neg_x12N_p2l_v2:0044,10_external_impact_neg_x12N_p2l_v2,20.84699999999997,21.246999999999968,0.014339112147082056,0.018693038688291457,0.04056670808154722,0.016375167551129576,0.0,0.1747930783748197,0.22683247267182607,0.49680728770993116,0.19912557470570785,0.0,0.000266655482778016,0.00028644088411226956,0.0008099719883735806,0.00025410432873560065,0.0,0.004143018367308766,0.0052673973541728205,0.009513066811189755,0.004938749911879058,0.0,0.0039047123445871113,0.005112835861605765,0.009049769907752542,0.0048438926314457965,0.0,0.2999999999911296,2.0040948957336164e-11,0.00029004786707598695,0.2856608878440476,0.0052673973608531365,0.014671920811831838,0.006663646940838359,0.004539125202061819,5.832753368162536e-08,1.0,0.004322577512069975,0.004949487431749988,0.0003769869662608995,0.6638888888888889,0.6555555555555556,0.005319039487535222,0.45214532366585497,0.43033896813895206,0.014851981548839389,1,1,1,1
10_external_impact_neg_x12N_p2l_v2:0045,10_external_impact_neg_x12N_p2l_v2,21.04699999999997,21.446999999999967,0.002032294865373189,0.02174817089304785,0.04056670808154722,0.024929872443408895,0.0,0.014032356328258841,0.27982007843686235,0.49680728770993116,0.3205159847252006,0.0,0.0002729191049218875,0.00029270450625614114,0.0008099719883735806,0.00022635456307843239,0.0,0.002168045068758444,0.004090813538197641,0.008530468966662349,0.004270561972069934,0.0,0.0019197025002795198,0.003996677224222461,0.008322672350845826,0.004267959658152998,0.0,0.2999999999911296,2.0040948957336164e-11,0.00028817419713412335,0.2979677051257564,0.004090813544877957,0.012964559378191288,0.006065736704640477,0.0022725251080617983,7.370036584841393e-08,1.0,0.0038641200692937677,0.00442741212762605,0.0004704877101504543,0.6481481481481481,0.6277777777777778,0.015270761576361706,0.42805639564560183,0.3946534149013342,0.019074180713292276,1,1,1,1
10_external_impact_neg_x12N_p2l_v2:0046,10_external_impact_neg_x12N_p2l_v2,21.246999999999968,21.646999999999966,0.00952608605560834,0.0248880355420736,0.06615711106030125,0.03065150540476659,0.0,0.10970673516229838,0.3234550629738955,0.7962656369243545,0.38852764498664,0.0,0.0003119497780439453,0.0003119497780439453,0.0007022604136011762,0.000176009334989981,0.0,-6.573727401770182e-05,0.0029585012535413673,0.006347286112198323,0.00336790491430325,0.0,-0.0003938887518046493,0.003080018031721797,0.00607649549413871,0.003396851454213296,0.0,0.2999999999911296,2.0040948957336164e-11,0.00030356011573790247,0.29047391393552124,0.002958501246861051,0.013849737493484296,0.006687129754721087,0.004692803627886974,9.701659567376876e-08,1.0,0.003635936402575056,0.00437943096656665,0.00037243681082542977,0.6416666666666666,0.6277777777777778,0.013127265628479467,0.40028455290661685,0.387231726101295,0.015481326778279273,1,1,1,1
10_external_impact_neg_x12N_p2l_v2:0047,10_external_impact_neg_x12N_p2l_v2,21.446999999999967,21.846999999999966,0.005023239332596648,0.03674244524843292,0.0951576177475088,0.048965195079015235,0.16666666666666666,0.0450739523505417,0.47253328113583937,1.282377986355893,0.6383837388839038,0.0,0.024305558089470554,0.024305558089470554,0.28327165813267297,0.061900623187131965,0.05,0.058882826833449455,0.06404225838615155,0.26495376507926344,0.10022867927063038,0.3333333333333333,0.015630847348465274,0.021169787000659027,0.07640362949146745,0.03064135467070192,0.0,0.2579999999956095,0.1224999999778209,0.09422938954415781,0.25997676066462455,0.04401842818985021,1.1864691321337815,1.1263364189280909,0.013213368345158015,8.65750425281827e-08,1.0,0.004036813405390774,0.004603823133278101,0.00044231740382912266,0.6444444444444444,0.6333333333333333,0.011564811108145185,0.3923697727978732,0.387231726101295,0.005571827316063546,1,0,1,1
10_external_impact_neg_x12N_p2l_v2:0048,10_external_impact_neg_x12N_p2l_v2,21.646999999999966,22.046999999999965,-0.005550593890458719,0.027296324696351074,0.0951576177475088,0.03933623203112188,0.14285714285714285,-0.091016446110495,0.3397134998695539,1.282377986355893,0.5137957191856027,0.0,0.03307074066289632,0.03307074066289632,0.28327165813267297,0.059070008512747324,0.05,0.07009040779791338,0.07270249622051098,0.26495376507926344,0.08629988543963689,0.2857142857142857,0.022695538024985328,0.028692969523331384,0.07640362949146745,0.02873327140789676,0.0,0.19799999999690399,0.297499999936352,0.26009404900121125,0.20697916531686048,0.2181106679089913,1.187075880323031,1.1201382601953065,0.0114542842457275,1.0305901684842227e-07,1.0,0.004591073395972992,0.0051796764759550725,0.00046236745503198257,0.6325396825396824,0.6111111111111112,0.012397221707788333,0.3892903885194591,0.3731732971129497,0.008597185916339196,1,0,1,1
10_external_impact_neg_x12N_p2l_v2:0049,10_external_impact_neg_x12N_p2l_v2,21.846999999999966,22.246999999999964,0.011798077894830264,0.017457105696637543,0.026030672630374202,0.014603128659917333,0.0,0.13513019878880855,0.1994664343814594,0.29723926077308244,0.16615124824487673,0.0,0.018385213820130572,0.018385213820130572,0.0239187154271025,0.0023154513862334186,0.0,0.031121030857506813,0.031121030857506813,0.05840364280916849,0.013360985856769007,0.0,0.01204051593539361,0.015386835990092853,0.04202774748874105,0.015254712924439948,0.0,0.17999999999371852,0.349999999937103,0.33164022841649626,0.16820192209888823,0.3188789690795962,0.06430572673888117,0.01417697787315554,0.008688823938859537,1.2054311609369192e-07,1.0,0.004738637731478206,0.0051796764759550725,0.0002711378501380107,0.6214285714285713,0.6055555555555555,0.013746434980705378,0.39411381510647886,0.3731732971129497,0.013167499716676601,1,1,1,1
10_external_impact_neg_x12N_p2l_v2:0050,10_external_impact_neg_x12N_p2l_v2,22.046999999999965,22.446999999999964,-0.001214359465301897,0.019271084821495543,0.03742834411307494,0.022040965949248394,0.0,-0.018386242138242793,0.23017336728113455,0.46211016460391036,0.2648784607894358,0.0,0.024367135381078202,0.024367135381078202,0.031129349080720736,0.0058524149764537185,0.0,0.03455618161575999,0.03455618161575999,0.05032940319646828,0.008159874456455971,0.0,0.009311203135973703,0.009311203135973703,0.01991943890199277,0.006588635626108639,0.0,0.17999999999381844,0.3499999999365905,0.32586477095193705,0.18121435945914213,0.3154438183207186,0.07186703427027849,0.013060641417047027,0.008249302494090713,9.150092552792301e-08,1.0,0.004495356346051963,0.004802604107961073,0.0002124453783869645,0.5953703703703704,0.5722222222222222,0.019088451970452152,0.42334910830308464,0.40515133125601005,0.018205162679357734,1,1,1,1
10_external_impact_neg_x12N_p2l_v2:0051,10_external_impact_neg_x12N_p2l_v2,22.246999999999964,22.646999999999963,0.0061789001275588075,0.026664344414356247,0.045182508941912475,0.029406331234864063,0.0,0.0588656789452307,0.3074252883646081,0.5050368102778542,0.3407466700554584,0.0,0.030269009701778305,0.030269009701778305,0.031129349080720736,0.0014411419066641998,0.0,0.04000138799778968,0.04000138799778968,0.06203213332290414,0.012272672744481688,0.0,0.009407029346416657,0.010824644817462712,0.031226884639310337,0.012277921278243602,0.0,0.17999999999404936,0.3499999999354063,0.3198105383170011,0.1738210998665183,0.3099986119374743,0.06726768603206802,0.013248938070663926,0.01030015985815038,8.346437201244237e-08,1.0,0.004661968078116687,0.005091319236293616,0.00028199786614367764,0.5842592592592591,0.5722222222222222,0.017978229480507053,0.44850795923619247,0.4186481935540004,0.017781960913732395,1,1,1,1
10_external_impact_neg_x12N_p2l_v2:0052,10_external_impact_neg_x12N_p2l_v2,22.446999999999964,22.846999999999962,0.007007778823138068,0.037576390015698236,0.06517162916384597,0.03975347615188584,0.0,0.07210387479966592,0.4117209516102789,0.7091531712651719,0.43500271707453153,0.0,0.030692777230544376,0.030692777230544376,0.03108836496111922,0.00020466125080187818,0.0,0.04302990408374211,0.04302990408374211,0.06203213332290414,0.012329764271145266,0.0,0.012313959421485166,0.01373157489253122,0.031226884639310337,0.012340686526233196,0.0,0.17999999999427807,0.3499999999342335,0.3192223955095413,0.1729922211711504,0.3069700958504383,0.06157865034444925,0.009701829951008427,0.004734652875892236,9.092192849291979e-08,1.0,0.005002627965839854,0.005707685989321951,0.0003706820891566183,0.5703703703703703,0.5333333333333333,0.030709488799587042,0.4719112357038817,0.43884547910551697,0.022713659704624713,1,1,1,1
10_external_impact_neg_x12N_p2l_v2:0053,10_external_impact_neg_x12N_p2l_v2,22.646999999999963,23.04699999999996,-0.018889831497132165,0.038385320012355395,0.06517162916384597,0.036813389933917647,0.0,-0.21732109032225844,0.4230155555039972,0.7091531712651719,0.3983849775489644,0.0,0.030786392730507407,0.030786392730507407,0.031273435711240416,0.0002945566229704034,0.0,0.03905733101799475,0.03905733101799475,0.05512174440434486,0.017062275273110553,0.0,0.008318807214376686,0.01729552936267283,0.026930166444888437,0.017161459270127532,0.0,0.17999999999453564,0.34999999993364134,0.3191991308863032,0.19888983149169148,0.3109426689157074,0.061769329281576794,0.008633039998219474,0.005099283613169487,8.959325466564474e-08,1.0,0.004956220360029289,0.005707685989321951,0.0003827971639818772,0.5648148148148149,0.5333333333333333,0.022831162973959176,0.49635122149971966,0.46733221253797397,0.02028610792319341,1,1,1,1
10_external_impact_neg_x12N_p2l_v2:0054,10_external_impact_neg_x12N_p2l_v2,22.846999999999962,23.24699999999996,-0.002553917303962159,0.03317824038215209,0.052894982193185225,0.03447093204441942,0.0,-0.026111530271438022,0.37505322264104923,0.5844950587442544,0.3884250060509191,0.0,0.03093685220920141,0.03093685220920141,0.03134029179240999,0.0002650481245448548,0.0,0.037271232528552106,0.037271232528552106,0.061745754185163315,0.018557487522728962,0.0,0.006464007840278868,0.015440729988575014,0.030790555941950237,0.018573345572012758,0.0,0.1799999999948021,0.3499999999331858,0.319107669448889,0.182553917298782,0.31272876740472494,0.0614571758532462,0.0101787293226779,0.007205628370345454,7.898781821123057e-08,1.0,0.004797237543930498,0.004978380577115809,0.00015338581986495576,0.5731481481481481,0.55,0.01617060110793793,0.529384493976983,0.4974143330073937,0.02483501627762685,1,1,1,1
10_external_impact_neg_x12N_p2l_v2:0055,10_external_impact_neg_x12N_p2l_v2,23.04699999999996,23.44699999999996,0.012681030978269447,0.021971134126980662,0.03519178781237112,0.022428497990572505,0.0,0.1474359188724195,0.2509154791759014,0.39288665764389724,0.25337034765353145,0.0,0.028949788184111404,0.028949788184111404,0.03134029179240999,0.004212319177320902,0.0,0.03658707537739406,0.03658707537739406,0.061745754185163315,0.013831129194900428,0.0,0.008268688380726788,0.008643989517638765,0.030790555941950237,0.011431199469110871,0.0,0.179999999994922,0.3499999999345864,0.3208641386637442,0.16731896901664034,0.313412924557367,0.058354248203903974,0.012799436099895417,0.010220058948572516,8.165426195924551e-08,1.0,0.004648317485424764,0.004927565232912573,0.00029961626982680505,0.5722222222222223,0.55,0.02245251046848545,0.581267288249559,0.5404676318528936,0.03358400364239175,1,1,1,1
10_external_impact_neg_x12N_p2l_v2:0056,10_external_impact_neg_x12N_p2l_v2,23.24699999999996,23.64699999999996,-8.18367925803735e-05,0.011864243037942526,0.029279372957212224,0.015616969700641128,0.0,-0.006104168510182241,0.14367448027052473,0.3358077556658648,0.18563365240511,0.0,-0.008996725459945046,0.03858038320353392,0.3998801556790161,0.09194279689891824,0.05,-0.029337339398577716,0.06781692234812367,0.2680713989006502,0.10876656423101454,0.16666666666666666,-0.04042533710741841,0.051666487667161344,0.25111534982128375,0.09522256750309639,0.16666666666666666,0.17999999999389504,0.3499999999138907,0.3170212169311766,0.1800818367869854,0.28218307759286976,0.9206197383947157,0.8534010655871705,0.0151848932532005,8.241260922309889e-08,1.0,0.0043043444839723196,0.004714381965889715,0.00040117424771371837,0.5861111111111111,0.5611111111111111,0.019707219123882187,0.6194735465290767,0.5879618514318138,0.018519717436381585,1,0,0,1
10_external_impact_neg_x12N_p2l_v2:0057,10_external_impact_neg_x12N_p2l_v2,23.44699999999996,23.84699999999996,-0.003927643482723384,0.013047843589418457,0.02736060032008522,0.015065827290258087,0.0,-0.052178533085161675,0.15730810032021778,0.31538870170516836,0.17841703265556344,0.0,-0.022232610782054813,0.025344497881424156,0.3998801556790161,0.08753681286584365,0.05,-0.05032134883568786,0.05827487692269676,0.2680713989006502,0.09856119353369258,0.16666666666666666,-0.048743053646127465,0.05495224119223796,0.25111534982128375,0.0915293161561053,0.16666666666666666,0.17999999999272487,0.34999999992149716,0.33098201856485415,0.18392764347597115,0.291725123025626,0.9209695083035015,0.8513923284116018,0.010175246263339537,8.638558021744824e-08,1.0,0.004364645232496417,0.004828288465963265,0.00039753204102973254,0.5981481481481482,0.5833333333333334,0.00997252742061944,0.6073187622041343,0.5533843551613327,0.030800258920598903,1,0,0,1
10_external_impact_neg_x12N_p2l_v2:0058,10_external_impact_neg_x12N_p2l_v2,23.64699999999996,24.046999999999958,0.013179291190400321,0.01961089179047856,0.059849955367772795,0.024364709096240996,0.0,0.1382226435240406,0.2132245484031132,0.6102124115471057,0.2565039050288256,0.0,0.0005324483565338379,0.0005324483565338379,0.0008474762076705611,0.00017600743566097008,0.0,-0.005925511550409564,0.013107521856877746,0.021546030919404546,0.013612979444588452,0.0,-0.006423702732227356,0.013439989550517275,0.021048860454869756,0.013645504429460178,0.0,0.17999999999265492,0.34999999995055087,0.35054293066907316,0.16682070880225533,0.3440744884000388,0.0629530598882529,0.008565406801080467,0.006655665016397402,9.91176146322687e-08,1.0,0.0048698954369647595,0.005569003942609793,0.00040073719872108193,0.6,0.5888888888888889,0.00785674201318386,0.5595635177019278,0.5259676990187135,0.03430856179059907,1,1,1,1
10_external_impact_neg_x12N_p2l_v2:0059,10_external_impact_neg_x12N_p2l_v2,23.84699999999996,24.246999999999957,0.01417196422440079,0.015309671803335733,0.059849955367772795,0.021031321196267556,0.0,0.14940035418772563,0.16165989803548836,0.6102124115471057,0.2134881618244783,0.0,0.0005289300127014146,0.0005289300127014146,0.0008474762076705611,0.00018794652560550303,0.0,0.0010726471974265295,0.0104995179570124,0.021546030919404546,0.012484819464612896,0.0,0.0005558051811904904,0.010503841635229513,0.021048860454869756,0.012515374389186689,0.0,0.17999999999273708,0.3499999999485127,0.3505207409361316,0.16582803576834074,0.3510726471459163,0.06350222374579302,0.009695429867922377,0.007346495452933862,8.128500728086267e-08,1.0,0.005007887391415258,0.005569003942609793,0.0004046488382648879,0.6018518518518519,0.5944444444444444,0.006141897759917413,0.5133347662913769,0.48123537070294126,0.022172320250432174,1,1,1,1
10_external_impact_neg_x12N_p2l_v2:0060,10_external_impact_neg_x12N_p2l_v2,24.046999999999958,24.446999999999957,0.011249861618184467,0.023931730500369657,0.04952673212685746,0.02819697893264497,0.0,0.12851154183902336,0.2575384919146856,0.506505931018935,0.2982220116647748,0.0,0.00045368026628128113,0.00045368026628128113,0.0007867220473957159,0.00022465241659099493,0.0,-0.005354672507075507,0.016552693971109655,0.06021469534261009,0.025245206007978853,0.0,-0.005866932720598128,0.01647212959007094,0.0608278408160311,0.025314601407276392,0.0,0.1799999999928359,0.34999999994651426,0.3504605818640654,0.16875013837467548,0.34464532743928883,0.06628313152673398,0.009252872919465194,0.0051837169807815685,6.090889683785497e-08,1.0,0.005043223845712594,0.0055849551619795434,0.00048695556857008973,0.6074074074074075,0.5888888888888889,0.0134816849801491,0.4940627965135283,0.4729103590120317,0.01547346999086943,1,1,1,1
10_external_impact_neg_x12N_p2l_v2:0061,10_external_impact_neg_x12N_p2l_v2,24.246999999999957,24.646999999999956,0.026881200424951828,0.0425749249258369,0.0703596244730563,0.03780530848925518,0.0,0.2881203954253451,0.4494503247682675,0.7359435766381524,0.3940272862828199,0.0,0.00048391134379819625,0.00048391134379819625,0.0007867220473957159,0.00022176817076659052,0.0,-0.011510294675947061,0.01831816129201046,0.06021469534261009,0.023920751537093866,0.0,-0.011975786997960721,0.01853762386930345,0.0608278408160311,0.024009816544041107,0.0,0.17999999999300464,0.3499999999447379,0.3504708145710941,0.1531187995680754,0.33848970526864847,0.06529883667714209,0.00977225536777814,0.004011886500730619,7.818505802409166e-08,1.0,0.0052826125851718605,0.0055849551619795434,0.00038022068819411255,0.6203703703703703,0.5888888888888889,0.017762338975232283,0.4967190889219079,0.4729103590120317,0.014317644373270311,1,1,1,1
10_external_impact_neg_x12N_p2l_v2:0062,10_external_impact_neg_x12N_p2l_v2,24.446999999999957,24.846999999999955,0.027789822406974096,0.033761413575337344,0.0703596244730563,0.029024084671174545,0.0,0.29441694117257267,0.36032585445501275,0.7359435766381524,0.3063279084769687,0.0,0.0004863308269978051,0.0004863308269978051,0.000766736433177817,0.00019452272831999278,0.0,-0.005695716673580153,0.006126461369187615,0.013695421158479937,0.005735276288355787,0.0,-0.006157738598928579,0.006358785101566992,0.014122931017352014,0.005799012982966506,0.0,0.17999999999313232,0.349999999942842,0.35046764112779794,0.15221017758614935,0.34430428326930734,0.06587451758120227,0.01030934602878876,0.005675518568411541,8.319048489344131e-08,1.0,0.005130841481841085,0.005508886896375931,0.0002771599114173235,0.6240740740740741,0.6111111111111112,0.009442628728875493,0.4846524928321707,0.452448024067723,0.02155298722962412,1,1,1,1
10_external_impact_neg_x12N_p2l_v2:0063,10_external_impact_neg_x12N_p2l_v2,24.646999999999956,25.046999999999954,0.017194788587783016,0.020154524137446377,0.03482440812608781,0.016315538830392322,0.0,0.1930199282528776,0.22662586226805762,0.39646672880201556,0.1843774446948969,0.0,0.00041757403794474846,0.00041757403794474846,0.00076454610483212,0.00019201875001811003,0.0,-0.003023823311084315,0.00806911052264602,0.027082939934150174,0.012298546314558059,0.0,-0.003444978303748014,0.008055959046859998,0.02744001434083454,0.012274110869408652,0.0,0.17999999999330107,0.3499999999410655,0.35044800501074524,0.16280521140549883,0.3469761766300799,0.06621613462590137,0.008906851318117586,0.0051851103025535965,7.41517968375735e-08,1.0,0.00480372964855189,0.00515243569990192,0.00020660717363514916,0.6259259259259259,0.6111111111111112,0.011857637476727485,0.45518379458618735,0.4287898157473769,0.020166658521861537,1,1,1,1
10_external_impact_neg_x12N_p2l_v2:0064,10_external_impact_neg_x12N_p2l_v2,24.846999999999955,25.246999999999954,0.024262294977944077,0.027356441585715725,0.06680065501704908,0.025344486096896143,0.0,0.27624818925718764,0.31471709169529416,0.757522143028621,0.2916514161915984,0.0,0.00041239553750416766,0.00041968062595817426,0.0007685525298306017,0.00023606734294420351,0.0,-0.004069514992861632,0.01150086415882822,0.027082939934150174,0.01367764669915261,0.0,-0.004563884027434563,0.011551117155721963,0.02744001434083454,0.013598997685583565,0.0,0.17999999999349425,0.3499999999395055,0.35045686348639027,0.15573770501553758,0.34593048494667045,0.0649335566359176,0.007734294134925842,0.005566049250803687,7.185093188629724e-08,1.0,0.004609687224183856,0.004960311124687331,0.0002484860345265379,0.6416666666666666,0.6222222222222222,0.01051649693666718,0.4234096634527163,0.39385089196439893,0.02102942285536201,1,1,1,1
10_external_impact_neg_x12N_p2l_v2:0065,10_external_impact_neg_x12N_p2l_v2,25.046999999999954,25.446999999999953,-0.005733271176025921,0.04146774461098045,0.10988372158781062,0.055295440817205874,0.16666666666666666,-0.08401364519388503,0.49381261728199705,1.3601584514323855,0.6649103702068455,0.0,0.023334069823293405,0.02341641413910024,0.33868115432568036,0.07710311318441593,0.1,0.04322463845878168,0.05441973395025588,0.28448269727707565,0.10811840507890914,0.16666666666666666,0.03265545810172458,0.0443667230496555,0.22333464679069875,0.08555684679980086,0.16666666666666666,0.11700000000091637,0.22749999996966683,0.25452201310386335,0.12573327117573216,0.2778099051588492,1.7081022401230053,1.6156797731850796,0.011018313150748103,9.108197590759267e-06,1.0,0.0044221442945473035,0.0054715871773614215,0.0006553069042657832,0.6592592592592591,0.6388888888888888,0.015603981061437705,0.3829999504043419,0.35849443503584827,0.02501773786315216,1,1,1,1
10_external_impact_neg_x12N_p2l_v2:0066,10_external_impact_neg_x12N_p2l_v2,25.246999999999954,25.646999999999952,-0.030348431790159933,0.03076893324214204,0.10988372158781062,0.03958315569809933,0.16666666666666666,-0.3758385173239734,0.38129894297016204,1.3601584514323855,0.4929284349952928,0.0,0.023132982644926494,0.023255843659267132,0.33868115432568036,0.07716297881952465,0.1,0.04618038664282826,0.051178729142530716,0.28448269727707565,0.1066849901281527,0.16666666666666666,0.03585783146152103,0.04104588655024757,0.22333464679069875,0.08399709539987861,0.16666666666666666,0.02700000000413927,0.05250000000035249,0.07934896097081046,0.06076893324507785,0.1061116328887866,1.707541511855922,1.623584454507629,0.008806666781088298,9.125205519851436e-06,1.0,0.00409077666547983,0.0054715871773614215,0.0006697819016590827,0.6768518518518519,0.6555555555555556,0.012178654109227695,0.36195292022090025,0.35849443503584827,0.0025840375210850327,1,1,1,1
11_external_impact_y20N_p2l_v2:0000,11_external_impact_y20N_p2l_v2,8.878,9.278,0.03759638851067493,0.05109559792880516,0.19977141580123034,0.07562090243520436,0.16666666666666666,0.5032242262238195,0.6862024063368427,2.721850786677435,1.0297135495542424,0.0,2.0673985243470562e-05,0.00015826200673991472,0.0005561241795600987,0.00020570228563243645,0.0,0.0002067189437883609,0.004700677379822133,0.009482401740578855,0.005997292360526275,0.0,0.0002637557171510032,0.004707989262217819,0.009536152572936768,0.006032896814841198,0.0,0.23749999998598986,1.835386936929914e-16,0.00014407385390953066,0.21240361147045647,0.004700677379822015,1.682737970195574,1.5918514196880131,0.00553826098888551,1.0235021484732181e-07,1.0,0.0036652955687437247,0.004305673224796578,0.0002913008875272977,0.6916666666666668,0.6833333333333333,0.0042431256434776144,0.562051088391239,0.5469046563733118,0.009878290240803082,1,1,1,1
11_external_impact_y20N_p2l_v2:0001,11_external_impact_y20N_p2l_v2,9.078,9.478,-0.005113375203522753,0.018588814255429128,0.04042631715571912,0.021591693538691344,0.0,-0.07981129462189114,0.2437571421410132,0.4918375425573663,0.27363119554686544,0.0,1.2623048664059052e-05,0.0001776766023295245,0.00040046654531758475,0.00021132085910690763,0.0,-0.0007338971650758365,0.004974777633437009,0.009482401740578855,0.006008865236872,0.0,-0.0006837962007811138,0.005052318644103765,0.009536152572936768,0.006105983122238203,0.0,0.24999999999231776,8.896017825522089e-17,0.00016724799526874836,0.2551133751958402,0.004974777633437009,0.012588250989850943,0.005761034461160657,0.004292851132538004,8.044700667180011e-08,1.0,0.0036225408673594135,0.004305673224796578,0.0003209843326062996,0.6962962962962963,0.6833333333333333,0.01047565601757848,0.5503876036121826,0.5403323278945303,0.006619782921788956,1,1,1,1
11_external_impact_y20N_p2l_v2:0002,11_external_impact_y20N_p2l_v2,9.277999999999999,9.677999999999999,-0.006106830178849563,0.01599446719183285,0.03569495198958228,0.01816857757204111,0.0,-0.08380595852517204,0.21260035942830488,0.46744818391078713,0.24050516313290105,0.0,-3.8738689094681863e-05,0.0001782907854244546,0.00042097967360927663,0.00021787031306019205,0.0,-0.001345402288248508,0.005242767053561594,0.011803515543281223,0.0063380175792741794,0.0,-0.0012869375884983724,0.005370536199042386,0.011958779085629007,0.006504895858217178,0.0,0.24999999999231245,0.0,0.00017999924509210852,0.2561068301711615,0.005242767053561594,0.013145066888563687,0.005869148400072663,0.003965714683663193,6.289825570998326e-08,1.0,0.0036862543018470165,0.004609040211301252,0.00044072395928378795,0.700925925925926,0.6888888888888889,0.008735167714867237,0.5417266495848143,0.5297002245791771,0.007899520480923896,1,1,1,1
11_external_impact_y20N_p2l_v2:0003,11_external_impact_y20N_p2l_v2,9.477999999999998,9.877999999999998,0.0007373902454909931,0.0180784830122184,0.03569495198958228,0.020374423048987945,0.0,0.009681158687838221,0.23203222459038275,0.46744818391078713,0.2639220873447663,0.0,-5.471756917844058e-05,0.00012111314378977715,0.00042097967360927663,0.00014755840277910296,0.0,0.0014906932220311395,0.005682127346204908,0.011803515543281223,0.006488298994679278,0.0,0.0015169700166058082,0.00580484956719008,0.011958779085629007,0.0066247308687234115,0.0,0.24999999999231193,0.0,0.00014211476788713256,0.249262609746821,0.005682127346204908,0.012254244080750504,0.005946476155565626,0.003894896212716361,8.924703195919178e-08,1.0,0.004025262411334219,0.004609040211301252,0.00036500422249884144,0.6935185185185185,0.6777777777777778,0.00873516771486722,0.5262877938159031,0.49990248594037395,0.01588232468956029,1,1,1,1
11_external_impact_y20N_p2l_v2:0004,11_external_impact_y20N_p2l_v2,9.677999999999997,10.077999999999998,0.0004387428958061296,0.017752912334149537,0.03112911808556129,0.020460546380809887,0.0,0.0004535429761966583,0.2342559135422493,0.44023220981314376,0.2732959324077929,0.0,4.664623306424409e-05,0.00014084387203511657,0.00045918754788909624,0.0001789794196019606,0.0,0.0008552869553120037,0.004110835461351015,0.007616754040842443,0.004484555671111618,0.0,0.0008272779165445676,0.00416178407411636,0.00753215662222128,0.004510235598560529,0.0,0.24999999999231193,0.0,0.00014872092093120735,0.24956125709650578,0.004110835461351015,0.013151937759250498,0.0068449197009829614,0.004498180214564463,9.324036224360373e-08,1.0,0.0037825782602105905,0.004273091716642014,0.0003807214490487915,0.6898148148148149,0.6777777777777778,0.005928818738363728,0.5069707485164237,0.4940525391101451,0.014884633012422526,1,1,1,1
11_external_impact_y20N_p2l_v2:0005,11_external_impact_y20N_p2l_v2,9.877999999999997,10.277999999999997,0.010925414300637126,0.022796808302113888,0.03631092596367344,0.024283675834375944,0.0,0.1329976322200121,0.30026499818711594,0.4707072577602229,0.32413392855161965,0.0,8.424039809316354e-05,0.0001570299948461476,0.00045918754788909624,0.00018136627838883154,0.0,0.00028308079811208923,0.004510751977093757,0.010205699784697797,0.005541445507024009,0.0,0.0003355133182748506,0.0046005127029791,0.010330116119043652,0.005594425789974633,0.0,0.24999999999231193,0.0,0.00015486725905345124,0.2390745856916748,0.004510751977093757,0.014202717654195412,0.0069000772684687395,0.004466913097618019,6.322067893180676e-08,1.0,0.0037528025296055304,0.004123774460257918,0.00035351280169612214,0.6935185185185185,0.6888888888888889,0.003817690394090413,0.49940296865251166,0.4805518470248822,0.010816263690678759,1,1,1,1
11_external_impact_y20N_p2l_v2:0006,11_external_impact_y20N_p2l_v2,10.077999999999996,10.477999999999996,0.0007886868080492077,0.028574235773463505,0.04466599098646934,0.03213946757175378,0.0,0.009117546538260413,0.3673649331597229,0.5829504633793711,0.4132481364780824,0.0,1.590931578227667e-05,0.0001521335904629977,0.00036615346435382566,0.00018140106214027866,0.0,0.0004903188098189535,0.0051407226807440405,0.010642864806048244,0.0064274923093181405,0.0,0.0005403216424779578,0.005148366976347084,0.010482613108983898,0.006402231886657023,0.0,0.24999999999231193,0.0,0.00016144494640083943,0.2492113131842627,0.0051407226807440405,0.01299255290272867,0.005630577949632403,0.0037051758190770213,5.9065217189899764e-08,1.0,0.0039474810624348265,0.004123774460257918,0.0001469245134549667,0.6935185185185185,0.6888888888888889,0.003817690394090413,0.4971438395523983,0.4805518470248822,0.012299584893437463,1,1,1,1
11_external_impact_y20N_p2l_v2:0007,11_external_impact_y20N_p2l_v2,10.277999999999995,10.677999999999995,-0.00017860114156764695,0.02927080187148375,0.05509816106076279,0.0343367315570385,0.0,0.0029660677840191024,0.38364737170423346,0.7178016160667892,0.4472985794495857,0.0,-2.420661648758038e-06,0.000154913364362392,0.0005886661925054305,0.0002206023298176871,0.0,0.0019859984442250614,0.006311988725554696,0.012599472729957333,0.007494954532051123,0.0,0.0019745068513782062,0.006268206504100136,0.012619314615889242,0.007453327189289206,0.0,0.24999999999231193,0.0,0.0001600485491728997,0.2501786011338796,0.006311988725554696,0.012699987846087247,0.005755800770397388,0.0034729140565310334,5.9065118573405304e-08,1.0,0.0037188412870164593,0.004008878150374108,0.00022786423336993743,0.6916666666666668,0.6833333333333333,0.005319039487535193,0.495272895912791,0.487478465884829,0.005866026110672861,1,1,1,1
11_external_impact_y20N_p2l_v2:0008,11_external_impact_y20N_p2l_v2,10.477999999999994,10.877999999999995,0.005515506984196034,0.03113469193593002,0.05922955912645572,0.03707834418159127,0.0,0.07181884095258029,0.4124494017740598,0.7951516969060398,0.49085980558288783,0.0,2.1825926399280837e-05,0.0001748524770329759,0.0005886661925054305,0.00024110356002699654,0.0,0.00221185339755014,0.006949630533649228,0.012599472729957333,0.00794635533153503,0.0,0.002191821548638674,0.006890184409463227,0.012619314615889242,0.00792951612062495,0.0,0.24999999999231193,0.0,0.00016732105066244988,0.2444844930081159,0.006949630533649228,0.012327428539452614,0.005867149733576257,0.004124900780799444,6.716647892078315e-08,1.0,0.003713014819903016,0.004058603171695571,0.0002408263710853478,0.688888888888889,0.6833333333333333,0.005555555555555536,0.5001449351953015,0.49368798603376035,0.00505454897904109,1,1,1,1
11_external_impact_y20N_p2l_v2:0009,11_external_impact_y20N_p2l_v2,10.677999999999994,11.077999999999994,-0.0027997898515227846,0.0372624114385126,0.05922955912645572,0.0412450202879899,0.0,-0.03212568191720675,0.48280368441173865,0.7951516969060398,0.5372052837260258,0.0,6.821412213351165e-05,0.00017539354215343486,0.00040610881877429253,0.00019717232888341542,0.0,0.0005116933801826978,0.006833188751786436,0.012316608932617733,0.007975629092050476,0.0,0.0003805162377939518,0.006745486872547934,0.012246645944517878,0.007915595302314914,0.0,0.24999999999231193,0.0,0.00016363821964119566,0.2527997898438347,0.006833188751786436,0.012232546916505344,0.005752094484309503,0.004130387319897529,7.916570494170562e-08,1.0,0.003925777628638853,0.0042788154292109646,0.00020773633707619208,0.6842592592592593,0.6777777777777778,0.004986263710309708,0.5018929122357978,0.4950901267024147,0.005441808338344704,1,1,1,1
11_external_impact_y20N_p2l_v2:0010,11_external_impact_y20N_p2l_v2,10.877999999999993,11.277999999999993,-0.008377664581109662,0.030378169013898268,0.05137740467521709,0.032948918722009446,0.0,-0.10063558666412321,0.3886484624860545,0.6772619920793012,0.42277756198082045,0.0,9.927185098154773e-05,0.00018702892780665708,0.00036925761057010967,0.00018798810093890135,0.0,0.0004752995286810803,0.006865604491859029,0.012316608932617733,0.007451635500749789,0.0,0.0003673294703897347,0.006933403745499326,0.012143349750299282,0.0075359335765875606,0.0,0.24999999999231193,0.0,0.00018344979186054835,0.25837766457342154,0.006865604491859029,0.014433124373626052,0.007482035207883205,0.003433996278970698,6.682054818653721e-08,1.0,0.003970532277638727,0.004460881691026987,0.00035748542785133915,0.6759259259259259,0.6611111111111111,0.008281733249999224,0.4933996201037756,0.4779335999936626,0.00950137036098448,1,1,1,1
11_external_impact_y20N_p2l_v2:0011,11_external_impact_y20N_p2l_v2,11.077999999999992,11.477999999999993,0.0016113025251934348,0.02428600668268663,0.047644854317876434,0.02858846583113191,0.0,0.02315599220312727,0.31601305064898977,0.5994074821990354,0.37017730419798217,0.0,0.00011745448947215372,0.00023381507356495253,0.000415481917083696,0.0002270407599841321,0.0,7.710964368051931e-05,0.004667830325885579,0.008120455153060074,0.005193814652563377,0.0,-1.599837519323773e-06,0.004763399540193867,0.008619377122788801,0.0053508349807203665,0.0,0.24999999999231193,0.0,0.00020835917352579196,0.24838869746711845,0.004667830325885579,0.014160289374110093,0.007031305509329143,0.003049348133883273,7.710035719015088e-08,1.0,0.00395971659674678,0.004470839539028898,0.00044877767104577144,0.6703703703703704,0.6611111111111111,0.005237828008789269,0.49139398148645624,0.4779335999936626,0.0073414918354922,1,1,1,1
11_external_impact_y20N_p2l_v2:0012,11_external_impact_y20N_p2l_v2,11.277999999999992,11.677999999999992,0.02053579820850755,0.029408497100374343,0.07214095830300549,0.03214316398645648,0.0,0.24394989058438765,0.35779524094358967,0.787728266027581,0.37761555160691457,0.0,0.00011887830693145449,0.0002102233200637265,0.000415481917083696,0.0002031590549158171,0.0,0.004487130050225099,0.005758925195313053,0.023085866304621408,0.00865491419682011,0.0,0.004400504554130644,0.005711421732145733,0.02285108323801111,0.00859007118719518,0.0,0.24999999999231193,0.0,0.00018587329616117035,0.22946420178380442,0.005758925195313053,0.013904036855112708,0.006269740565277125,0.0038412544025487605,1.0399292946405066e-07,1.0,0.004151594265840602,0.0050640038255272,0.0005179090902396876,0.6666666666666666,0.65,0.007856742013183874,0.4964289606901144,0.49081228220809786,0.003797627481633289,1,1,1,1
11_external_impact_y20N_p2l_v2:0013,11_external_impact_y20N_p2l_v2,11.47799999999999,11.877999999999991,0.0020051807733363902,0.03139760058197657,0.07214095830300549,0.037090710796302405,0.0,0.006805139992007825,0.3824633387330321,0.787728266027581,0.4349529802364166,0.0,3.180582227436076e-05,0.00015674338242196742,0.00029569370421750254,0.0001835674166316919,0.0,0.0031399055979078557,0.008381569590185435,0.023085866304621408,0.0108287577504825,0.0,0.003135967913751102,0.008321014367964936,0.02285108323801111,0.010748386480930409,0.0,0.24999999999231193,0.0,0.0001551220086326784,0.2479948192189755,0.008381569590185435,0.01384223191616048,0.006079642697751477,0.004058203885672228,8.851230360818093e-08,1.0,0.004076219086803075,0.0050640038255272,0.0004844656843862619,0.6620370370370371,0.65,0.00930544038992676,0.5102401289781932,0.49081228220809786,0.017180122404813782,1,1,1,1
11_external_impact_y20N_p2l_v2:0014,11_external_impact_y20N_p2l_v2,11.67799999999999,12.07799999999999,0.017183970116879554,0.0377294319820767,0.06894539019861382,0.03678337336089001,0.0,0.2104988520351112,0.472617432518836,0.8208303623925088,0.4537856937895363,0.0,-8.836200511718953e-06,0.0001683182679123048,0.0005232790492180785,0.00021358339960703344,0.0,0.0039721939880901025,0.008373905873158694,0.0118320358735177,0.007810095379878061,0.0,0.003985764218683056,0.008341573917400093,0.011794996719302097,0.007787451685287922,0.0,0.24999999999231193,0.0,0.00017111365225602613,0.23281602987543235,0.008373905873158694,0.013454683812436861,0.005856452985635494,0.0031250167583038928,8.501171142867479e-08,1.0,0.004003429849981299,0.0044544414651471066,0.0003637700495364148,0.6638888888888889,0.65,0.007691318391590824,0.5235359958073101,0.5067543505944537,0.010101092239364754,1,1,1,1
11_external_impact_y20N_p2l_v2:0015,11_external_impact_y20N_p2l_v2,11.87799999999999,12.27799999999999,0.02715039457023155,0.040843207345198425,0.06894539019861382,0.03494295844037047,0.0,0.3328431934499295,0.5041386108829565,0.8208303623925088,0.42605394852386436,0.0,7.509847030837983e-06,0.00018734531485974936,0.0005232790492180785,0.00022745381000997432,0.0,0.005543933533194866,0.007074254260913686,0.0118320358735177,0.005338655021232082,0.0,0.005512512796139825,0.007018204310740165,0.011794996719302097,0.005312852025945023,0.0,0.24999999999231193,0.0,0.0001929475389895623,0.2228496054220804,0.007074254260913686,0.01462318044887771,0.006327168313630299,0.004346741531680945,8.796831631652347e-08,1.0,0.004041302777187978,0.0044544414651471066,0.0004553021903087182,0.6642857142857143,0.65,0.006544612104155013,0.5118968357149688,0.49710699989367285,0.011028521298715213,1,1,1,1
11_external_impact_y20N_p2l_v2:0016,11_external_impact_y20N_p2l_v2,12.077999999999989,12.477999999999989,0.009646052070348046,0.0319685704520403,0.04792484471238406,0.03472411619999363,0.0,0.12052838048088758,0.40674586457491246,0.5995339610155944,0.43897112725410864,0.0,2.2357606241303784e-06,0.00017298723999822067,0.00047565311708813653,0.00021697113341715012,0.0,0.00275571426261149,0.007255779702706618,0.016436311923321373,0.008404863526123716,0.0,0.0026893792207827454,0.0072649333479609035,0.016444734917635245,0.008430400487291026,0.0,0.24999999999231193,0.0,0.00016150605970665247,0.24035394792196388,0.007255779702706618,0.015291282682195336,0.006474564799845652,0.004262133497286202,7.779920597134259e-08,1.0,0.003888302192125597,0.00435110374101071,0.00039753249014449024,0.6555555555555556,0.6444444444444445,0.009848947338087947,0.4988665457843861,0.4820857324624924,0.009252787568360107,1,1,1,1
11_external_impact_y20N_p2l_v2:0017,11_external_impact_y20N_p2l_v2,12.277999999999988,12.677999999999988,0.00639152291747543,0.030080293404218323,0.051328401624414155,0.03366639320418962,0.0,0.09023134807380727,0.39576353096164724,0.6915204601694582,0.4426622816278709,0.0,3.785380166814798e-05,0.00017501117748062176,0.00047565311708813653,0.0002228342138713186,0.0,0.0005832962554497741,0.007076215196599715,0.016436311923321373,0.008879909206615284,0.0,0.00048390411614544597,0.007018725312269068,0.016444734917635245,0.008849153636776484,0.0,0.24999999999231193,0.0,0.00016172915552876047,0.24360847707483646,0.007076215196599715,0.015761709973696473,0.008490356715860214,0.005716086338161249,8.632652097747745e-08,1.0,0.0038174658158708625,0.004110579178829888,0.00020594725050363219,0.6518518518518518,0.6444444444444445,0.006141897759917385,0.4939537178999908,0.4820857324624924,0.006586223738246054,1,1,1,1
11_external_impact_y20N_p2l_v2:0018,11_external_impact_y20N_p2l_v2,12.477999999999987,12.877999999999988,0.0035302108653301606,0.04007101535729023,0.06876007163919035,0.04410799697703761,0.0,0.05197106871429243,0.5316637072319179,0.9247086002028491,0.5883843814583818,0.0,3.065521552612827e-05,0.00014942098194745538,0.0004363858895174153,0.00018788301400433387,0.0,0.001103316565158628,0.007390865181797363,0.009777995519783467,0.007909341667496395,0.0,0.0010579354660920552,0.007254784097108345,0.009730601448700367,0.007820377907160636,0.0,0.24999999999231193,0.0,0.00015398049038222884,0.24646978912698178,0.007390865181797363,0.014744318135668521,0.008239534694800101,0.004903684344621202,8.972079534497399e-08,1.0,0.00378241189456718,0.004090399368676638,0.00022431186039218248,0.6546296296296296,0.6444444444444445,0.005928818738363728,0.5109403335907637,0.49216692335587586,0.015645167203835093,1,1,1,1
11_external_impact_y20N_p2l_v2:0019,11_external_impact_y20N_p2l_v2,12.677999999999987,13.077999999999987,-0.01269084427678383,0.034602385063807015,0.06876007163919035,0.03707598374237963,0.0,-0.16571061359174533,0.4584489191840017,0.9247086002028491,0.4971698286572815,0.0,2.2178247616543413e-05,0.00014558477565101334,0.00038521068307624637,0.0001831839226033489,0.0,-0.0014188120235355862,0.007732252959549213,0.012987843054662081,0.008593340758169914,0.0,-0.001425439150564784,0.007717107591229085,0.013046096972979595,0.008581233060826825,0.0,0.24999999999231193,0.0,0.00016409473574439715,0.2626908442690958,0.007732252959549213,0.013798918658627158,0.00629366478036877,0.004834579182290001,9.1426456673994e-08,1.0,0.0038143434332832834,0.0044075048144369,0.0003436345072058374,0.6481481481481481,0.6388888888888888,0.008281733249999234,0.5239081263891838,0.51974826357222,0.004254778622829178,1,1,1,1
11_external_impact_y20N_p2l_v2:0020,11_external_impact_y20N_p2l_v2,12.877999999999986,13.277999999999986,-0.019027724495916585,0.022239843322782896,0.03511198077259353,0.01464202493394444,0.0,-0.23717354157245366,0.2810085398528193,0.4587955048099686,0.1868233385264399,0.0,-3.2962307597317816e-06,0.00014775788604659584,0.00038521068307624637,0.00018274512381793087,0.0,-0.004718693954210814,0.007382563001802316,0.012987843054662081,0.0069047923999292745,0.0,-0.004767088834424338,0.00738090310303046,0.013046096972979595,0.006891580713053112,0.0,0.24999999999231193,0.0,0.00015753780792789065,0.2690277244882285,0.007382563001802316,0.01429473968999581,0.007129449159608263,0.005080146267392912,8.106495141157183e-08,1.0,0.0039896470416388614,0.004512001360218175,0.0004221497163359596,0.6527777777777777,0.6388888888888888,0.010015420209622209,0.5252020645196974,0.506251941080266,0.011872832442391025,1,1,1,1
11_external_impact_y20N_p2l_v2:0021,11_external_impact_y20N_p2l_v2,13.077999999999985,13.477999999999986,-0.0014656754093567148,0.01542868694848204,0.03315246141586187,0.017882661792020905,0.0,-0.009947966612623921,0.19231078210451838,0.39142405781967204,0.2190651651956196,0.0,-4.788668576059185e-05,0.0001323283484537604,0.0003071022127356082,0.0001449387148240219,0.0,-0.0006828860244728155,0.005526637788383336,0.010351018145651508,0.006500875270077704,0.0,-0.0007200209822592367,0.005528958029635146,0.010581520860632283,0.006507388895923208,0.0,0.24999999999231193,0.0,0.00013486683674335923,0.25146567540166864,0.005526637788383336,0.015330626756469816,0.007401794799968913,0.00681253210013211,5.906862729956503e-08,1.0,0.003997495043668618,0.004512001360218175,0.0003172540517336605,0.6675925925925926,0.6611111111111111,0.009305440389926768,0.5387750778727195,0.506251941080266,0.016457885451413298,1,1,1,1
11_external_impact_y20N_p2l_v2:0022,11_external_impact_y20N_p2l_v2,13.277999999999984,13.677999999999985,0.008739756577606178,0.01935616238557283,0.035678761383986984,0.02053019968649306,0.0,0.11224759349110373,0.2495350749665394,0.4494129376258256,0.2633782112648495,0.0,-2.7026213149067083e-05,0.00015454246671972832,0.00040540019154625524,0.00017975754026778993,0.0,0.0014174261205465461,0.003370115695093491,0.007822977297963052,0.0037226893265912566,0.0,0.0014072035992169745,0.0033328594446022934,0.007634820795148441,0.003655921467166371,0.0,0.24999999999231193,0.0,0.00014037908472745313,0.24126024341470576,0.003370115695093491,0.0156301619240429,0.006588489669508472,0.0046585968428244084,8.25922439614113e-08,1.0,0.0038803153312978386,0.004069972055112455,0.00015416367581110266,0.6694444444444444,0.6611111111111111,0.008333333333333354,0.550191199776351,0.5372086823663857,0.007130484957985346,1,1,1,1
11_external_impact_y20N_p2l_v2:0023,11_external_impact_y20N_p2l_v2,13.477999999999984,13.877999999999984,0.0026629174170942163,0.030302722484975213,0.04686184095344831,0.03269383108874707,0.0,0.042357204205596494,0.38940479428067337,0.6255214417204668,0.41982513149002454,0.0,1.9877718350052876e-05,0.00015886870091152755,0.00040540019154625524,0.0001935106070891906,0.0,-0.0006419455893689087,0.003913793973307015,0.007822977297963052,0.0043826753444281795,0.0,-0.0006679761801547499,0.0039178481758065575,0.007634820795148441,0.004328400047498197,0.0,0.24999999999231193,0.0,0.0001437508042430656,0.24733708257521772,0.003913793973307015,0.01415632228284533,0.006085151329645955,0.004095541322528656,9.619180651150472e-08,1.0,0.003934325177562446,0.004259634898003399,0.0002269246644949998,0.6648148148148149,0.65,0.0076353807881808615,0.5529835701601605,0.5468915584082487,0.006875076715260712,1,1,1,1
11_external_impact_y20N_p2l_v2:0024,11_external_impact_y20N_p2l_v2,13.677999999999983,14.077999999999983,0.009379957358712545,0.029306959590476106,0.05226356757625461,0.032831015435552446,0.0,0.12807336144975415,0.37509942185496076,0.6647174615829851,0.4187562876645269,0.0,1.905500429382592e-05,0.0001704031485626714,0.00047751515979780495,0.00021407592200009388,0.0,0.002462930196939626,0.005223296992159169,0.015345194829400674,0.006725375792639689,0.0,0.002433599757766879,0.005322284618857809,0.015433308136747844,0.00678114697342567,0.0,0.24999999999231193,0.0,0.00014782989839631758,0.24062004263359937,0.005223296992159169,0.01381636999782286,0.006255064265533694,0.004836689739810322,7.883290874037648e-08,1.0,0.003975892654634752,0.004259634898003399,0.00017691148628890002,0.662037037037037,0.65,0.00930544038992676,0.5495608851972822,0.5412926395331616,0.008166556670544828,1,1,1,1
11_external_impact_y20N_p2l_v2:0025,11_external_impact_y20N_p2l_v2,13.877999999999982,14.277999999999983,0.026457796932948002,0.03456334598075233,0.10152317941934302,0.03999350197425429,0.16666666666666666,0.35780297853568643,0.468635557254744,1.43575457230072,0.55824935453735,0.0,2.2670002192568096e-05,0.00014955467578968247,0.00047751515979780495,0.000191796073486481,0.0,0.0024479492945313386,0.005015255193806347,0.015345194829400674,0.006591603664012325,0.0,0.002370810875988233,0.0051151276513962726,0.015433308136747844,0.006686826914128677,0.0,0.28999999998780446,0.0,0.00013469872672928332,0.2735422030491277,0.005015255193806347,0.8753238628258719,0.8561292517356166,0.005687292270346698,7.3206526144514e-08,1.0,0.0036720166072043026,0.0040048068009515955,0.0003702833978900589,0.6462962962962963,0.6,0.02191140660407265,0.5455011247209159,0.538116808542207,0.005966300140013062,1,1,1,1
11_external_impact_y20N_p2l_v2:0026,11_external_impact_y20N_p2l_v2,14.077999999999982,14.477999999999982,0.026870401544035694,0.03477085779061623,0.10152317941934302,0.03887534320358623,0.16666666666666666,0.3556937545835211,0.46545562770385573,1.43575457230072,0.5435472911181408,0.0,-9.927202665512129e-06,0.00011003264230624064,0.00028989800137366916,0.00013986896525850965,0.0,0.0010247874374440362,0.0034347765296284818,0.004880788065978033,0.0034657624680589872,0.0,0.0009330326048213084,0.0034488330297144064,0.004853016303646282,0.0035095593564787335,0.0,0.33999999998679975,0.0,0.00013976571984310017,0.3231295984370353,0.0034347765296284818,0.8753346210743648,0.8560620781451224,0.0064451770837093345,8.179862018178553e-08,1.0,0.0037097371356758116,0.004652183183567304,0.0005087058980990219,0.6388888888888888,0.6,0.019772367133391328,0.555032181104189,0.538116808542207,0.010643208345526175,1,1,1,1
11_external_impact_y20N_p2l_v2:0027,11_external_impact_y20N_p2l_v2,14.277999999999981,14.677999999999981,0.02252264892820106,0.028036983159011864,0.05898361853631773,0.0247385797822026,0.0,0.28149939154089676,0.3525919364137225,0.7387529324497146,0.30679279972525575,0.0,-2.3013838394775996e-05,0.00011175744193011787,0.00028989800137366916,0.0001371816732862743,0.0,0.003495339930955615,0.004283614068836066,0.006295739431572486,0.0027967389997160604,0.0,0.0034490500147633645,0.0042324373157516535,0.006185272653213498,0.002771287458998421,0.0,0.3499999999903025,0.0,0.00013248111639281725,0.32747735106210146,0.004283614068836066,0.014159966120833483,0.007307830009743821,0.00555793746020603,7.633476972160399e-08,1.0,0.003980117564374937,0.004652183183567304,0.00038005800903278994,0.6407407407407407,0.6222222222222222,0.011857637476727504,0.5643214770659011,0.5564341169364713,0.005588062208535981,1,1,1,1
11_external_impact_y20N_p2l_v2:0028,11_external_impact_y20N_p2l_v2,14.47799999999998,14.87799999999998,0.01978210143041818,0.03267523834507308,0.05898361853631773,0.030913874008312598,0.0,0.2514781457959437,0.42168888782150454,0.7387529324497146,0.3973039167201442,0.0,4.678004600151683e-05,0.00011618881869699004,0.00027490729636884235,0.00012938006799010328,0.0,0.00236546323148566,0.006340422115314748,0.009560054237845906,0.006398783930943123,0.0,0.002292990565694017,0.006223291427784768,0.009440740683307388,0.0062897509662589,0.0,0.3499999999903025,0.0,0.0001309312743613498,0.3302178985598843,0.006340422115314748,0.011580282884058404,0.0050536259457687055,0.003988328101980739,5.91046064035024e-08,1.0,0.003888051576727544,0.004179783642954268,0.00023337623580102693,0.6342592592592592,0.5722222222222222,0.03083486260249392,0.5553617004953009,0.535430886587656,0.014544083066920024,1,1,1,1
11_external_impact_y20N_p2l_v2:0029,11_external_impact_y20N_p2l_v2,14.67799999999998,15.07799999999998,0.021695874716660447,0.03273460082204183,0.05797755557976675,0.03006841940418205,0.0,0.2698809982402211,0.41825666045350607,0.7112059364556714,0.38475672037412667,0.0,7.003840921044046e-06,0.00011932176883205147,0.0005075852305563759,0.00016380046102896007,0.0,0.00288873988589226,0.007588114088832794,0.013688985164846996,0.007911034672732796,0.0,0.0028222435192660805,0.007518364524126234,0.013752394073323482,0.00786804162868565,0.0,0.3499999999903025,0.0,0.00014807760119111817,0.328304125273642,0.007588114088832794,0.012779257127273812,0.0046070176054648655,0.003347969435690691,6.731249631410408e-08,1.0,0.003873733924699367,0.0042494577154135885,0.00022425086046414793,0.6444444444444445,0.5722222222222222,0.038490017945975064,0.5421665694132902,0.5285696000903417,0.01248410290994183,1,1,1,1
11_external_impact_y20N_p2l_v2:0030,11_external_impact_y20N_p2l_v2,14.877999999999979,15.27799999999998,0.019635798153449985,0.02656255760767028,0.05797755557976675,0.024614138813001236,0.0,0.24440655710182954,0.33758483727249916,0.7112059364556714,0.3100677306498819,0.0,-2.436428480235998e-05,0.00015154313638417432,0.0005075852305563759,0.00020070258372551536,0.0,0.00346351390889604,0.005037118540863976,0.013688985164846996,0.005553198037925711,0.0,0.0035024327237094676,0.0050575191432781,0.013752394073323482,0.005587307568663389,0.0,0.3499999999903025,0.0,0.00015439870903729923,0.33036420183685256,0.005037118540863976,0.013877879216858905,0.005432446896538643,0.003840598789871306,9.146398989062841e-08,1.0,0.003870862425805988,0.0042494577154135885,0.00023499841903658816,0.6583333333333333,0.6166666666666667,0.02351560203555611,0.5348935269434392,0.5153845214867102,0.011134914157070028,1,1,1,1
11_external_impact_y20N_p2l_v2:0031,11_external_impact_y20N_p2l_v2,15.077999999999978,15.477999999999978,0.0078116330401604706,0.036508902655125484,0.0809055841967965,0.04155521347741579,0.16666666666666666,0.08061489269542722,0.4804506879392753,1.0162789701892991,0.5425343708290135,0.0,-1.721578640574649e-05,0.00019152619088031974,0.0005437785124369638,0.00023851512177793132,0.0,0.0013079802419790072,0.0044190612008109765,0.008273802712589281,0.004841606235858202,0.0,0.0013954986907223621,0.004414349603770205,0.00842649016427993,0.004861768888602642,0.0,0.3499999999903025,0.0,0.00015583968233792651,0.34218836695014204,0.0044190612008109765,0.01445630225661375,0.007024111965266427,0.004592464769227384,9.050281707185514e-08,1.0,0.003704920471771183,0.004088641053368164,0.00031038702936242213,0.6342592592592592,0.5555555555555556,0.045294721513463,0.5325571818969558,0.5153845214867102,0.009197593019342412,1,1,1,1
11_external_impact_y20N_p2l_v2:0032,11_external_impact_y20N_p2l_v2,15.277999999999977,15.677999999999978,0.009543015842604466,0.033030928243160035,0.0809055841967965,0.04083358035919226,0.16666666666666666,0.10119429981547268,0.4312124965946628,1.0162789701892991,0.5302603985146139,0.0,-1.2334186989068863e-05,0.00017146341293096715,0.0005437785124369638,0.00022246532540715695,0.0,0.0007383093664261177,0.004643890431913387,0.008273802712589281,0.005359444170983654,0.0,0.0006688561861034007,0.004752319012723509,0.00842649016427993,0.00541244900646256,0.0,0.3499999999903025,0.0,0.0001741214914316147,0.34045698414769804,0.004643890431913387,0.014894724031102455,0.006771714484288405,0.003874460154068773,6.981938643439232e-08,1.0,0.0036764164401218297,0.004331175332112562,0.00039285719045737224,0.6324074074074074,0.5555555555555556,0.04332106505662809,0.5339013326221383,0.5253218958054656,0.006313593124719346,1,1,1,1
11_external_impact_y20N_p2l_v2:0033,11_external_impact_y20N_p2l_v2,15.477999999999977,15.877999999999977,0.016259499224519997,0.0259094657880103,0.039958676487136136,0.025454630418011902,0.0,0.2095603166464449,0.3414906604335941,0.5651010222258682,0.33719337815321754,0.0,-5.490624021367194e-06,0.00012068591842479452,0.00033131956173811084,0.00015837696413364562,0.0,0.003445748027315869,0.004301163308947205,0.009664351289550399,0.004182778117401267,0.0,0.0032633636978047225,0.004333854587187931,0.009645893578448767,0.004290494435723677,0.0,0.3499999999903025,0.0,0.00018163734345508553,0.33374050076578254,0.004301163308947205,0.014179524588709441,0.005542957350389489,0.0034332999548838715,7.07461428222462e-08,1.0,0.0036866055207158844,0.004331175332112562,0.0003560546794410317,0.6629629629629631,0.6388888888888888,0.019155704505164076,0.5330381141744742,0.5211258008869315,0.007372034283513912,1,1,1,1
11_external_impact_y20N_p2l_v2:0034,11_external_impact_y20N_p2l_v2,15.677999999999976,16.077999999999975,0.02009287546929413,0.02956500578796802,0.04184098882433146,0.025728225305909045,0.0,0.2732197811319324,0.40269485746126943,0.5914990250942966,0.35230190425594426,0.0,-7.679111387458311e-05,0.00015223894392245145,0.0005785680682798524,0.00020250672374578,0.0,0.003573253842670375,0.004216813126648709,0.009664351289550399,0.003449683687885776,0.0,0.0036010401091687936,0.004255706505380064,0.009645893578448767,0.003453971516453709,0.0,0.3499999999903214,4.475052806950631e-12,0.0001977886295230673,0.32990712452103793,0.004216813123156725,0.157540294120221,0.1502612050073478,0.0035804333859863957,7.784800304769798e-08,1.0,0.0035668321903197958,0.003981217353119173,0.00023829406705521,0.6638888888888889,0.6388888888888888,0.020222527470223683,0.5207735814849933,0.4932509805806237,0.016236348001516555,1,1,1,1
11_external_impact_y20N_p2l_v2:0035,11_external_impact_y20N_p2l_v2,15.877999999999975,16.277999999999974,0.027738519974735868,0.029970215580003904,0.05541011686053959,0.023561412433360653,0.0,0.3374708938335937,0.36803311096010555,0.6370398044103055,0.2841957753368872,0.0,-0.20572584458289844,0.20576844838773822,0.8563307912180911,0.28912431324975135,0.4,-0.1335458244849007,0.13621324567876647,0.5323781658745395,0.2042643125622888,0.3333333333333333,0.10256915060600003,0.1032238170022113,0.29385861415748604,0.13220833347849306,0.3333333333333333,0.3240000000032739,0.04400000008404803,0.26115668902523026,0.30059481336521376,0.17287991242393932,4.642596622454695,3.550631178307709,0.6968749982820838,3.876898703112603e-06,1.0,0.003986725117508105,0.005131553239445193,0.0006793382165301635,0.648148148148148,0.6111111111111112,0.02237601106221218,0.5137296643526112,0.4932509805806237,0.011855371727907703,0,0,0,1
11_external_impact_y20N_p2l_v2:0036,11_external_impact_y20N_p2l_v2,16.077999999999975,16.477999999999973,0.023110131788994775,0.04101502415426667,0.0885322579602576,0.04451282370509741,0.16666666666666666,0.2544672925390068,0.478226097582829,1.0371005595650058,0.524205337026095,0.0,-0.20780219995740631,0.22627145461569248,0.8563307912180911,0.292421913634439,0.45,-0.20096686111013926,0.21217960567985564,0.5323781658745395,0.2244475807835813,0.5,0.024901824256714385,0.17801926987787375,0.45325398197046296,0.24822883730115133,0.5,0.25900000000163126,0.15399999998922684,0.3675591006249547,0.24022320155177654,0.3476335277605574,5.8731932465812315,2.7929713764434667,1.295912736387864,3.867385875199377e-06,1.0,0.00436644166704636,0.005131553239445193,0.000515631185837935,0.6222222222222222,0.5722222222222222,0.031097880784716064,0.5280754613592006,0.5095018988722019,0.011774142979541153,0,0,0,1
11_external_impact_y20N_p2l_v2:0037,11_external_impact_y20N_p2l_v2,16.277999999999974,16.677999999999972,-0.01962648267701213,0.05299133289136131,0.10229654969793045,0.061103549997482194,0.3333333333333333,-0.2649636180601705,0.6547699461137132,1.2820045470248165,0.7478982513928258,0.0,0.007002847307527695,0.029745744545282143,0.2274289723775445,0.05379991729821043,0.05,-0.06300564870391216,0.08104471675740543,0.4320928677309182,0.1651820013146408,0.16666666666666666,-0.08225261439967897,0.08225261439967897,0.45325398197046296,0.16602197015837533,0.16666666666666666,0.2199999999902491,0.21999999987880997,0.20739694208788256,0.23962648266973852,0.28300564857481014,3.6009054800765847,2.819597564830186,0.015048236828037936,7.408152710252258e-08,1.0,0.004254663497333883,0.00472979788182271,0.0003064087085872234,0.5851851851851851,0.5611111111111111,0.028267291708284698,0.5375403293555148,0.5281890196379104,0.006794151758382155,1,0,1,1
11_external_impact_y20N_p2l_v2:0038,11_external_impact_y20N_p2l_v2,16.477999999999973,16.87799999999997,-0.0341722149546986,0.039440306277974076,0.10229654969793045,0.041130118485283654,0.16666666666666666,-0.43650063631856834,0.500075163092126,1.2820045470248165,0.5196156921490865,0.0,0.01832332753460095,0.01832332753460095,0.018585313228767553,0.00021988882867393476,0.0,0.008793406150390787,0.008812815701402308,0.0279523390562183,0.009857407886242129,0.0,-0.00944398419874381,0.012651115885364028,0.018135053039834675,0.009792655788031545,0.0,0.21999999999349207,0.2199999999380618,0.2017379845586113,0.2541722149481888,0.21120659378768047,0.045615860369521595,0.008619160081555433,0.003459853274663218,9.729315552272156e-08,1.0,0.00407509062154055,0.00472979788182271,0.00039057488242563775,0.5555555555555555,0.5333333333333333,0.014344382763731173,0.5310151084754396,0.5141231675030294,0.009697179770336855,1,1,1,1
11_external_impact_y20N_p2l_v2:0039,11_external_impact_y20N_p2l_v2,16.677999999999972,17.07799999999997,-0.00573564945435083,0.025366564103168347,0.04509480744323996,0.03075611855448912,0.0,-0.07607796906621006,0.30795352605179865,0.5729000730139332,0.3715201070392546,0.0,0.018310090598049236,0.018310090598049236,0.018585313228767553,0.00019025849766274866,0.0,0.014558490510067796,0.014558490510067796,0.03606493457841983,0.013601996698160491,0.0,-0.0037255015883457207,0.01284123746993709,0.01772581258491346,0.0135531601834224,0.0,0.219999999993592,0.2199999999375494,0.20171851557450532,0.2257356494479299,0.20544150942754802,0.04550024160633586,0.010501720083524407,0.007727919131163146,1.043097533687729e-07,1.0,0.004213237550949606,0.004640143556125555,0.00037851287960084226,0.5537037037037037,0.5333333333333333,0.018049619157053658,0.5322278579174201,0.5141231675030294,0.011329346511192809,1,1,1,1
11_external_impact_y20N_p2l_v2:0040,11_external_impact_y20N_p2l_v2,16.87799999999997,17.27799999999997,0.0005885206186820499,0.027329103332774256,0.04399957834056745,0.03084135469122276,0.0,0.0013878561293535485,0.3309139244258876,0.510011185343569,0.3722734607180413,0.0,0.01172791317762422,0.013349182696293769,0.018526119462501933,0.008888455362878175,0.0,0.010709395452313905,0.011475009430650454,0.03606493457841983,0.012805340561548747,0.0,-0.0017012287806197023,0.007892378197396702,0.01772581258491346,0.01028482117460466,0.0,0.21999999999338105,0.2199999999449395,0.2052128946637612,0.21941147937467162,0.2092906044930355,0.46636126835830194,0.4520818051743853,0.0069526706313413275,8.44360592019904e-08,1.0,0.004311131418741125,0.004640143556125555,0.000210122914233136,0.561111111111111,0.5388888888888889,0.013981174880131028,0.5458662698954145,0.5258202978836717,0.017159841120159006,1,1,1,1
11_external_impact_y20N_p2l_v2:0041,11_external_impact_y20N_p2l_v2,17.07799999999997,17.47799999999997,0.02020798909181942,0.03309241341677811,0.06051544034688522,0.031197257727039674,0.0,0.24857026705736632,0.4119468587845046,0.736613502660205,0.3901287700828172,0.0,-0.004315184231889512,0.011226214816231634,0.11915842738798915,0.027433807531436663,0.05,-0.05176129706152327,0.057780035152803555,0.30993435755991816,0.11574144521646934,0.16666666666666666,-0.05229637705220619,0.05473511952792959,0.2934120732305836,0.10806612679400071,0.16666666666666666,0.21999999999294806,0.2199999999340764,0.21016876772797058,0.1997920109011216,0.19513511385942983,0.6562257411740319,0.6270410897925068,0.010350893733997054,6.946796822558627e-08,1.0,0.004160927346830256,0.0043453777157241285,0.00015544092231365038,0.5527777777777777,0.5166666666666667,0.029528182813151775,0.5372719304937205,0.5166044844799135,0.021469455437622683,1,0,0,1
11_external_impact_y20N_p2l_v2:0042,11_external_impact_y20N_p2l_v2,17.27799999999997,17.67799999999997,0.016148745187216127,0.045118982036883935,0.06051544034688522,0.04446197574441737,0.0,0.17716699716241605,0.568280265833223,0.8272354568509243,0.5730750722883866,0.0,-0.006855432444132998,0.007088482091329437,0.11915842738798915,0.025967444003326852,0.05,-0.05212039207739403,0.05937327462010402,0.30993435755991816,0.11567261414009414,0.16666666666666666,-0.049452796711083526,0.05660010138871011,0.2934120732305836,0.10949610101574275,0.16666666666666666,0.21999999999253617,0.21999999993152003,0.2158735000433778,0.20385125480534075,0.197857727093236,0.4642067605008361,0.4467631744318797,0.008758451065970351,6.605031521677786e-08,1.0,0.00412526302934064,0.004639127375580437,0.00040417340574884183,0.5342592592592592,0.5,0.03230141396761555,0.5064993606932008,0.4782083697375989,0.018003911478672776,1,1,1,1
11_external_impact_y20N_p2l_v2:0043,11_external_impact_y20N_p2l_v2,17.47799999999997,17.877999999999968,-0.0027940784043488285,0.029261191706542927,0.058976324355221155,0.0360106315293859,0.0,-0.060031015500114214,0.3735181077073049,0.8272354568509243,0.46168221390515823,0.0,0.00011321076082651538,0.000151122689672184,0.0003832752585209154,0.00016165352679104177,0.0,0.003640558972391119,0.006676650611683145,0.012997738099736533,0.007157045839081437,0.0,0.0034512191804474492,0.006630310752589658,0.012671332278193004,0.007109257390017724,0.0,0.21999999999230302,0.2199999999467102,0.2201013117155412,0.22279407839665963,0.22364055891919807,0.05079873193030001,0.011164161703481461,0.006869562250385788,8.189490898253476e-08,1.0,0.003971202278189445,0.004639127375580437,0.0004407694933676569,0.5175925925925925,0.5,0.01584929885983674,0.4679388087536536,0.4315201466053745,0.025255211805083118,1,1,1,1
11_external_impact_y20N_p2l_v2:0044,11_external_impact_y20N_p2l_v2,17.67799999999997,18.077999999999967,-0.0014343102790200513,0.018930286731110885,0.04750353641982846,0.024843592054102408,0.0,-0.016199050159368525,0.23384160006016927,0.5638270835271681,0.3015338610000915,0.0,2.4794238161614247e-05,0.00014986908074862554,0.0003991901926838626,0.00019202904847873608,0.0,0.0004826395820339696,0.010669262102513516,0.02960543802808588,0.014308700914191268,0.0,0.00038629839605359984,0.010642840800704873,0.029499111533429462,0.014227240432207128,0.0,0.21999999999239073,0.2199999999455316,0.22003699902877677,0.22143431027139449,0.22048263952764904,0.04997953455334634,0.009850732449278685,0.006225888471928162,9.320515853013697e-08,1.0,0.00396463250588498,0.004475555638073838,0.00035113819415611146,0.5268518518518518,0.5,0.023442572039207698,0.44535303081214495,0.4315201466053745,0.01206809827167346,1,1,1,1
11_external_impact_y20N_p2l_v2:0045,11_external_impact_y20N_p2l_v2,17.877999999999968,18.277999999999967,0.015592112900004557,0.036814751203159427,0.06981906003277386,0.0413744526761812,0.0,0.18298774158067654,0.44525111595621486,0.8196890906772429,0.49512860959977734,0.0,-1.7697181432090038e-05,0.00012537689662687064,0.0003991901926838626,0.00016035908251623983,0.0,-0.0023099072108753865,0.014040923578140662,0.02960543802808588,0.01613756785250472,0.0,-0.002297033187681319,0.014050628305165522,0.029499111533429462,0.016099784096871978,0.0,0.21999999999251507,0.21999999994454092,0.21998455961854643,0.2044078870924957,0.21769009273379647,0.0492811060124386,0.009262432180942621,0.005725450861762873,8.506967418093175e-08,1.0,0.004082813177294542,0.0045512276104333746,0.00044032811868954233,0.5305555555555556,0.5,0.02307395517477241,0.4561847517865852,0.43275724195092524,0.01582984858884419,1,1,1,1
11_external_impact_y20N_p2l_v2:0046,11_external_impact_y20N_p2l_v2,18.077999999999967,18.477999999999966,0.009406890753710102,0.03681467640711995,0.06981906003277386,0.045199328327494986,0.0,0.12859826543386862,0.4241141852909946,0.8196890906772429,0.510634366270418,0.0,0.014783444548832953,0.014958355703451207,0.2070537685055516,0.048228494765624796,0.05,0.036563109699556985,0.04304546114587774,0.10708568032518558,0.04918821325049423,0.3333333333333333,0.020409933498881424,0.02692455781391845,0.10705089051656662,0.04017533160982115,0.16666666666666666,0.1540000000002828,0.15399999996828068,0.166309457339269,0.15993803656727865,0.20339644299015924,1.406096535958736,1.3350627122399372,0.011115294553096292,1.0462301417872134e-07,1.0,0.004437522383480541,0.0055929245623984455,0.000730306285731253,0.5509259259259259,0.5,0.04199459433499469,0.46358983210987526,0.45735419635319835,0.008283839583167241,1,1,1,1
11_external_impact_y20N_p2l_v2:0047,11_external_impact_y20N_p2l_v2,18.277999999999967,18.677999999999965,-0.008793007132818836,0.023300580508557604,0.06240662509492051,0.029902937816124957,0.0,-0.07525971142876482,0.2706139262206954,0.634261990156926,0.3406137301758439,0.0,0.014733670758552326,0.014967126213646403,0.2070537685055516,0.04824374478699605,0.05,0.03615203972455199,0.03885211974846205,0.10708568032518558,0.048696375896036335,0.3333333333333333,0.01997800351813848,0.022656209776259265,0.10705089051656662,0.039414065115770704,0.16666666666666666,0.04400000000400306,0.04399999999630057,0.0564073711190279,0.08013391384521697,0.09568545306702919,1.4056908222118245,1.3403979692301728,0.008130045210146684,1.0481622923802576e-07,1.0,0.0043969472612319935,0.0055929245623984455,0.0007037740868408575,0.6148148148148148,0.5388888888888889,0.03976094546959981,0.46086801881375217,0.4566579023246694,0.00473186244357708,1,1,1,1
11_external_impact_y20N_p2l_v2:0048,11_external_impact_y20N_p2l_v2,18.477999999999966,18.877999999999965,0.0034149815858848386,0.02435133291177319,0.06119416257873567,0.03096546646726364,0.0,0.046287785380287674,0.3154831892628081,0.7804971574151018,0.39909207016131104,0.0,-4.2768993543246564e-05,0.00012611246521537404,0.0003786903673182684,0.00015748976714622827,0.0,-0.0009780920834864361,0.004000216210616767,0.008100240071730151,0.004798580420724134,0.0,-0.0010542104855398068,0.003998347966942379,0.008034618774362356,0.004810780928739873,0.0,0.0,0.0,0.0001854853602657838,0.02435133291177319,0.004000216210616767,0.01480488604313555,0.006741279577354384,0.0040970810600861095,8.429467073728977e-08,1.0,0.0038833568826425807,0.004303392233405765,0.00032701472523826054,0.6468253968253969,0.6444444444444445,0.002749286996141065,0.4627451277222125,0.4566579023246694,0.005300076241590132,1,1,1,1
11_external_impact_y20N_p2l_v2:0049,11_external_impact_y20N_p2l_v2,18.677999999999965,19.077999999999964,3.436922436175127e-05,0.02331208511433407,0.06119416257873567,0.029420211569495536,0.0,-0.005188595283291297,0.30597867210766216,0.7804971574151018,0.38036862994710674,0.0,-3.5610809001435585e-05,0.00012663499986923448,0.0003786903673182684,0.00016358598158467641,0.0,-0.0004674746399022856,0.0031351774946010444,0.00692250517981854,0.003917745943068043,0.0,-0.0005294769615479209,0.0031116481858046844,0.006811146780129525,0.003940010197209038,0.0,0.0,0.0,0.000169168587784694,0.02331208511433407,0.0031351774946010444,0.014706279475685905,0.0064796082333334615,0.004345534145153951,7.306314002266513e-08,1.0,0.0036618828614556342,0.003985875442158162,0.0002976890535292131,0.6460317460317461,0.6444444444444445,0.0025097441747368,0.46425623335210486,0.45569329105818873,0.0058704573696697895,1,1,1,1
11_external_impact_y20N_p2l_v2:0050,11_external_impact_y20N_p2l_v2,18.877999999999965,19.277999999999963,0.04505253529675712,0.061141881332093834,0.1798049279291956,0.07683005083380513,0.3333333333333333,0.6076168411527356,0.8154740214652473,2.4072411086204792,1.0268115433738159,0.0,-0.004618363881774796,0.004695734255718171,0.05353565847528096,0.013074316684226666,0.0,-0.0027553046090012037,0.007098013860850559,0.026274511896424692,0.011314639488135785,0.0,0.0028799614343084784,0.00391149550311142,0.010108193224494263,0.004508193113465463,0.0,0.08849999998639779,5.1924276844007326e-12,0.004592369739921156,0.09895690534589256,0.0070980138612187355,1.9229478824636166,1.7746791011387328,0.005807099766202455,7.215248376708226e-08,1.0,0.003771105104175837,0.004761531857934374,0.0004877299591617652,0.6398148148148148,0.6222222222222222,0.00812496702536309,0.45911535000727793,0.447548168407529,0.008922100687523105,0,1,1,1
11_external_impact_y20N_p2l_v2:0051,11_external_impact_y20N_p2l_v2,19.077999999999964,19.477999999999962,0.04620983006292809,0.05571644211220545,0.1798049279291956,0.07524117548716833,0.3333333333333333,0.6256713595319574,0.740311582378219,2.4072411086204792,1.0035410418384618,0.0,-0.004708619921656979,0.004771949269514924,0.05353565847528096,0.013043671732187217,0.0,-0.004251044775077198,0.007796799299333381,0.026274511896424692,0.01100442497579407,0.0,0.0015676473936594951,0.004531503098778854,0.010108193224494263,0.005396820129755634,0.0,0.23849999998196258,1.5212902163068815e-11,0.004647504656888168,0.24096013470638647,0.007796799309722032,1.92294551603143,1.775048531294332,0.0053410125839084,9.204721942045369e-08,1.0,0.00385770125791199,0.004761531857934374,0.0004620282143241444,0.6398148148148147,0.6222222222222222,0.010352166562499035,0.46846264067359006,0.447548168407529,0.01626712743885997,0,1,1,1
11_external_impact_y20N_p2l_v2:0052,11_external_impact_y20N_p2l_v2,19.277999999999963,19.67799999999996,0.007589952129021822,0.01788930021201174,0.04228482059330624,0.02112973993506773,0.0,0.09906532000339108,0.23260388867236617,0.5472015238619743,0.27434705301512047,0.0,-0.00025191478355393793,0.00025564942800994725,0.0005576200789397546,0.00015959150947828223,0.0,0.0007489349082148515,0.007258145092374081,0.013874868163381574,0.008381593541645586,0.0,0.0010682690141827114,0.007126962506109287,0.014251162467899325,0.00836777720079495,0.0,0.2999999999911296,2.0040948957336164e-11,0.00023794963883616945,0.2924100478621078,0.007258145099054397,0.014102714861211245,0.007092035655731145,0.006346461646798996,8.704554413425164e-08,1.0,0.003756604040846519,0.004008299999142009,0.00023373777060714833,0.6388888888888888,0.6166666666666667,0.01200137166371826,0.4801820309452716,0.4709852731321537,0.007652135269279565,1,1,1,1
11_external_impact_y20N_p2l_v2:0053,11_external_impact_y20N_p2l_v2,19.477999999999962,19.87799999999996,0.008277357515033704,0.02232681862721257,0.04228482059330624,0.023134090005066787,0.0,0.10171071688628792,0.29054320967572883,0.5472015238619743,0.30163411039705784,0.0,-0.00024723477399635923,0.00024885951614149736,0.0006634537924659188,0.00015371637528483704,0.0,0.001980086589165679,0.006670456956110911,0.013874868163381574,0.00794585915474588,0.0,0.0022379536218424317,0.006617875963040255,0.014251162467899325,0.007932828960089826,0.0,0.2999999999911296,2.0040948957336164e-11,0.00021948019263071163,0.29172264247609586,0.006670456956110911,0.014187190064196087,0.006860086679083433,0.005167632798982242,7.01890697411882e-08,1.0,0.0038027544846723532,0.004262209764428867,0.0002461425284905564,0.6435185185185185,0.6166666666666667,0.015521346865037219,0.47540923045582106,0.46896794598778013,0.006199795939563785,1,1,1,1
11_external_impact_y20N_p2l_v2:0054,11_external_impact_y20N_p2l_v2,19.67799999999996,20.07799999999996,0.002391085977095475,0.017523506802177513,0.03512740103947809,0.020229246914620535,0.0,0.029275053624703645,0.2313994624348731,0.47918112030394416,0.2683610512606347,0.0,-0.0002477864363951188,0.00024941117854025685,0.0006634537924659188,0.00016790714885753856,0.0,0.0001396209459803291,0.001610454571035345,0.0024645662653459553,0.001818927681876803,0.0,0.00035760542024314697,0.001642689974633752,0.002481179384456416,0.0017526048598406794,0.0,0.2999999999911296,2.0040948957336164e-11,0.0002337975427444667,0.29760891401403405,0.0016104545643550287,0.014008174807661358,0.007416773761624792,0.004464534016209852,7.484228342158772e-08,1.0,0.003751274039270932,0.004262209764428867,0.00026205250138078734,0.6592592592592591,0.6388888888888888,0.010955703302036343,0.471985606475875,0.46304824275170925,0.005838678970872906,1,1,1,1
11_external_impact_y20N_p2l_v2:0055,11_external_impact_y20N_p2l_v2,19.87799999999996,20.27799999999996,0.01702225438039082,0.024655638226779755,0.06846661481287128,0.028821293283571622,0.0,0.22104915265267236,0.3208984353128997,0.8482113881443456,0.3656351339566094,0.0,-0.00025988765028765146,0.0002688172372328964,0.0006263414294024511,0.00015544642445827504,0.0,0.0011845781989875078,0.003987722638460807,0.012197066595360892,0.0055783893378264105,0.0,0.0014436406653947666,0.004055253770711396,0.012477591317459851,0.005585365732530591,0.0,0.2999999999911296,2.0040948957336164e-11,0.0002641394970179428,0.28297774561073874,0.003987722631780491,0.013960521933535941,0.006703017526642622,0.003701142719287149,7.476523816825883e-08,1.0,0.003726708861580856,0.004182299999233095,0.00025315244715691705,0.6666666666666666,0.6555555555555556,0.005555555555555573,0.4771612433301409,0.46304824275170925,0.01212362682039439,1,1,1,1
11_external_impact_y20N_p2l_v2:0056,11_external_impact_y20N_p2l_v2,20.07799999999996,20.47799999999996,0.02241975052324802,0.023448561121330282,0.06846661481287128,0.02310656075439281,0.0,0.2876605972513145,0.30144590833370716,0.8482113881443456,0.28615197483065224,0.0,-0.00020278002580696288,0.0002501701273925202,0.0006263414294024511,0.00021414977641240373,0.0,0.002679245146337265,0.005839747762595388,0.012197066595360892,0.0062743094889304305,0.0,0.002950025777429446,0.005868167829459147,0.012477591317459851,0.006303072932797489,0.0,0.2999999999911296,2.0040948957336164e-11,0.00025855292725127473,0.27758024946788157,0.005839747762595386,0.014447649628067416,0.006045802825366559,0.0030532542998841766,7.144614458689747e-08,1.0,0.0037631761861987908,0.004182299999233095,0.0002791645632623355,0.6592592592592592,0.6444444444444445,0.010955703302036308,0.49040023864749166,0.4675584677689423,0.011006215753142298,1,1,1,1
11_external_impact_y20N_p2l_v2:0057,11_external_impact_y20N_p2l_v2,20.27799999999996,20.677999999999958,0.012811310154292294,0.012811310154292294,0.02607707940777687,0.01081214070779319,0.0,0.17067507380395444,0.17067507380395444,0.33077065730789634,0.14472069720973996,0.0,-0.00018269755675821812,0.0002444990059046109,0.0006363676637478256,0.00025574880301815987,0.0,0.0022328569701979086,0.004185311912700278,0.00692694143240487,0.004376555997397599,0.0,0.0024133215301920348,0.004213015965583985,0.007146938103119919,0.004388029502076584,0.0,0.2999999999911296,2.0040948957336164e-11,0.0002388881406087038,0.28718868983683726,0.004185311912700278,0.014526186009074255,0.006333057977304913,0.004405651750313794,8.076842742260266e-08,1.0,0.003795697755604611,0.0042466105210222415,0.00031001450275649806,0.6592592592592593,0.6444444444444445,0.013481684980149095,0.49089079590031154,0.47530614320366527,0.008796104752621041,1,1,1,1
11_external_impact_y20N_p2l_v2:0058,11_external_impact_y20N_p2l_v2,20.47799999999996,20.877999999999957,0.0022008210392772862,0.007294232161039527,0.023413205306097695,0.010895442029991768,0.0,0.03263616604631934,0.0987511983870097,0.33077065730789634,0.15001133110195594,0.0,-0.00021341896413839856,0.00023736784296129646,0.0006363676637478256,0.0002272632611900747,0.0,0.0005990859031311126,0.003172947303683738,0.005894594517257494,0.0035472522795417342,0.0,0.0008211697688562808,0.003146862807189932,0.005902022984122128,0.0034666847625259047,0.0,0.2999999999911296,2.0040948957336164e-11,0.00024536304783756254,0.2977991789518523,0.003172947303683738,0.013459904478465309,0.0068391039525961365,0.00540880862162784,9.35125263662945e-08,1.0,0.0037996253581882617,0.0042466105210222415,0.000292765154157028,0.675925925925926,0.6555555555555556,0.013857990321384957,0.4840429017630647,0.47530614320366527,0.006272521682968092,1,1,1,1
11_external_impact_y20N_p2l_v2:0059,11_external_impact_y20N_p2l_v2,20.677999999999958,21.077999999999957,-0.01620153880227827,0.016482728294296006,0.05974721766792529,0.020170103399808365,0.0,-0.20842837978486325,0.21206619595412443,0.7429905880800405,0.24925736917176214,0.0,-0.0002364249680400344,0.00023703291235685204,0.0005527866021533456,0.00015353187138930955,0.0,-0.0012693366264118816,0.00343034257460895,0.009377939291886536,0.004201543804857239,0.0,-0.0009414259281844044,0.0033662922256048632,0.0091198025524854,0.004191881343859142,0.0,0.2999999999911296,2.0040948957336164e-11,0.00025495237611966213,0.3162015387934078,0.0034303425746089506,0.013628975052029669,0.007135953738388296,0.005528842018395758,1.0140803594629028e-07,1.0,0.003703040372233919,0.004156686094693569,0.0003243755066762442,0.6796296296296297,0.6611111111111111,0.011857637476727485,0.4766987559237488,0.46714714197869706,0.006453039179650204,1,1,1,1
11_external_impact_y20N_p2l_v2:0060,11_external_impact_y20N_p2l_v2,20.877999999999957,21.277999999999956,-0.0032996592498207022,0.028768953613521248,0.05974721766792529,0.03395634236313165,0.0,-0.04293985210642082,0.3712729425248528,0.7429905880800405,0.43116012316508107,0.0,-0.00027590634811530717,0.00027590634811530717,0.0005036500702597211,0.00013576300725880863,0.0,0.0005108583261974696,0.00423177289238322,0.009377939291886536,0.005411580608085514,0.0,0.0007379920153415732,0.004213182619476068,0.0091198025524854,0.005372720187218959,0.0,0.2999999999911296,2.0040948957336164e-11,0.00026698144577441755,0.30329965924095026,0.004231772885702904,0.015100281759360516,0.007673873451840383,0.005946571991233584,8.786620667135154e-08,1.0,0.003717436519888233,0.004156686094693569,0.0003290831984474481,0.6740740740740742,0.6611111111111111,0.009972527420619465,0.4720551119954288,0.4556896328976499,0.011964683664133441,1,1,1,1
11_external_impact_y20N_p2l_v2:0061,11_external_impact_y20N_p2l_v2,21.077999999999957,21.477999999999955,0.009700189516706906,0.02096622420239691,0.04314576835883921,0.0229538119215509,0.0,0.12414414844053939,0.2724943747683891,0.5464648616252323,0.2970562735965022,0.0,-0.00023657317919206295,0.0002624333680426491,0.0007442544651635396,0.00021473580095472642,0.0,0.0029147061342117823,0.003401097080391637,0.008645065864612061,0.003325700733470606,0.0,0.0031645026397334416,0.0034243014265669925,0.008873308309472177,0.0032274379071745773,0.0,0.2999999999911285,2.003525550592783e-11,0.00024362523590580376,0.2902998104744206,0.0034010970670414428,0.014655642141664533,0.007345482574407091,0.005619046778437739,6.431576357313038e-08,1.0,0.003824958397897283,0.004032911415703178,0.00011299452905410223,0.6731481481481482,0.6611111111111111,0.009842727604383946,0.4624245497843715,0.44800943389097847,0.016400432294703737,1,1,1,1
11_external_impact_y20N_p2l_v2:0062,11_external_impact_y20N_p2l_v2,21.277999999999956,21.677999999999955,0.011228474308777539,0.018016752105937627,0.03128193450196498,0.017454463297635718,0.0,0.15129671874576048,0.23981369384063386,0.4408128811944029,0.23184452135956765,0.0,-0.00022908902179005468,0.0002549492106406408,0.0007442544651635396,0.00021684851249364326,0.0,0.0005537803369784116,0.003276905871750191,0.005711029896713466,0.003991648485174722,0.0,0.0008950804751833401,0.0031789826048888407,0.006036776797523296,0.003962127317238479,0.0,0.2999999999911285,2.003525550592783e-11,0.00024528535369164355,0.28877152568235,0.0032769058717606286,0.013765532072395312,0.0061217952116222885,0.005030274595557045,7.637050614009865e-08,1.0,0.0037209898791395134,0.004070230766023534,0.00025527768967029563,0.6740740740740742,0.6666666666666666,0.008281733249999241,0.44770958763835816,0.43380415855113563,0.009748728065044827,1,1,1,1
11_external_impact_y20N_p2l_v2:0063,11_external_impact_y20N_p2l_v2,21.477999999999955,21.877999999999954,0.018371463448318165,0.022325010752245494,0.03128193450196498,0.015239820954600988,0.0,0.2475564779146345,0.298870870333095,0.4408128811944029,0.20212906209774034,0.0,-0.00025691042063454787,0.00026778770777341596,0.000609382576039478,0.00018640724268478888,0.0,0.0007205989746335191,0.003875994052998344,0.005711029896713466,0.0042081536903069445,0.0,0.0010683444709113326,0.0038907516499818652,0.006036776797523296,0.00425316499262429,0.0,0.2999999999911296,2.0040948957336158e-11,0.0002933609821859415,0.2816285365428114,0.003875994052998344,0.014168221255178007,0.006136821713117064,0.004255769989075662,8.838938186514271e-08,1.0,0.0036602637591141188,0.004070230766023534,0.0002624469615756055,0.6722222222222222,0.6555555555555556,0.010638078975070435,0.4432372849590549,0.43380415855113563,0.008698287493990901,1,1,1,1
11_external_impact_y20N_p2l_v2:0064,11_external_impact_y20N_p2l_v2,21.677999999999955,22.077999999999953,-0.005872102441644193,0.02252046958289596,0.04684283804116912,0.02603402148099829,0.0,-0.07800474772341869,0.3016271161752504,0.6253771139361916,0.34870373666510013,0.0,-0.0002216031646994853,0.00026351620896511755,0.0005234231588925228,0.0002138938086634864,0.0,-0.0013285492898008862,0.004021465685194927,0.007803653050389632,0.004301378818104349,0.0,-0.0010007116965165099,0.003947548884901943,0.007568512895138729,0.004353942770259231,0.0,0.2999999999911296,2.0040948957336158e-11,0.00028391415974332747,0.3058721024327738,0.004021465691875244,0.013789390359852233,0.005578793022859397,0.0038580346279220397,7.828593950107996e-08,1.0,0.003665107800600071,0.0038687609815128924,0.0001289198079768628,0.6787037037037038,0.6555555555555556,0.01449303318749863,0.4398463967559802,0.4294113215923345,0.005437463022616342,1,1,1,1
11_external_impact_y20N_p2l_v2:0065,11_external_impact_y20N_p2l_v2,21.877999999999954,22.277999999999953,-0.0027853859114662094,0.021653638809146614,0.049527608518643185,0.02970300582771322,0.0,-0.04534242181692014,0.2829750496632884,0.6253771139361916,0.3846186740758202,0.0,-0.0002584065520999115,0.00029166067050822935,0.0005910477686622527,0.00020930766328241602,0.0,-0.00417404786138435,0.005250861117357168,0.010469155276633463,0.00434386356952304,0.0,-0.0038602800556703696,0.00501617195070776,0.00989737694113505,0.004275083968876985,0.0,0.2999999999911296,2.0040948957336158e-11,0.0002779756313159733,0.3027853859025958,0.005250861130717801,0.015035744189229087,0.006321306546803555,0.004081302746803854,7.752011693902741e-08,1.0,0.0037134443136017125,0.004142398751471929,0.0002538728285446718,0.6925925925925926,0.6777777777777778,0.010955703302036318,0.43794039927558187,0.4264505996137858,0.0077608403637270005,1,1,1,1
11_external_impact_y20N_p2l_v2:0066,11_external_impact_y20N_p2l_v2,22.077999999999953,22.477999999999952,0.01687531293793133,0.01923733792832304,0.049527608518643185,0.019382689855223494,0.0,0.21157190362607584,0.23978217187416498,0.6172043581004601,0.23798113157229298,0.0,-0.00030300632729276123,0.00030522468857431485,0.0008457290966320773,0.00021256964371803674,0.0,-0.0012731488166026618,0.005835821959178191,0.010469155276633463,0.0068265577411683875,0.0,-0.0010190553153928011,0.005723307418366173,0.010521800759601956,0.00670056518571602,0.0,0.2999999999911296,2.0040948957336158e-11,0.0002690545461168874,0.28312468705319827,0.005835821965858507,0.015100975640231096,0.006706189285790803,0.003912981478259517,8.259445844335421e-08,1.0,0.004005997348457069,0.00443612848358306,0.00038416579332919385,0.7064814814814815,0.6888888888888889,0.011748682907823636,0.4257350203776901,0.40739327866534936,0.01452716813587514,1,1,1,1
11_external_impact_y20N_p2l_v2:0067,11_external_impact_y20N_p2l_v2,22.277999999999953,22.67799999999995,0.00858963645460395,0.02161904050916792,0.03280059510261912,0.022447947889867637,0.0,0.10702478743462869,0.2750499354485145,0.41944463929739,0.28634547423649215,0.0,-0.00025134649524813515,0.00025134649524813515,0.0008457290966320773,0.0002121250111602432,0.0,-0.0014113869216324582,0.005134120310583215,0.01070675040283731,0.006567674970572361,0.0,-0.0011890592865818805,0.005012478470985494,0.010521800759601956,0.006436910108381375,0.0,0.2999999999911296,2.0040948957336158e-11,0.00023759045525016963,0.29141036353652566,0.005134120317263531,0.014109527530549856,0.006434920776928742,0.004640523360698893,7.765776516990691e-08,1.0,0.004033948882004043,0.00443612848358306,0.0002870122165050765,0.7166666666666667,0.7055555555555556,0.011564811108145176,0.41346940426219403,0.40739327866534936,0.004150582598147606,1,1,1,1
11_external_impact_y20N_p2l_v2:0068,11_external_impact_y20N_p2l_v2,22.477999999999952,22.87799999999995,-0.0069100497265981164,0.01987432872179602,0.03316063879887321,0.022091116984433317,0.0,-0.09920312343445087,0.2675563986637215,0.46896225126321955,0.295826851299105,0.0,-0.00021523744470449769,0.00023996367318246877,0.0007263455505385887,0.00020746357638675903,0.0,-0.0019336303312048758,0.0040941488607185985,0.01070675040283731,0.004964130911574897,0.0,-0.001681878982062631,0.004001410115715999,0.010168806216527332,0.004888893393808467,0.0,0.2999999999911296,2.0040948957336158e-11,0.0002576243717861554,0.3069100497177277,0.0040941488673989146,0.01321948965664088,0.006365900555914044,0.003948156913641976,7.935786346115753e-08,1.0,0.0036032214131067014,0.003918916096635324,0.00028883204523312035,0.7194444444444446,0.7055555555555556,0.012318643236713013,0.41540434859999253,0.40861347296464706,0.003270203552627319,1,1,1,1
11_external_impact_y20N_p2l_v2:0069,11_external_impact_y20N_p2l_v2,22.67799999999995,23.07799999999995,-0.00966889574311903,0.028409154780124023,0.06588315341706352,0.03538253300588022,0.0,-0.13972380682800314,0.3935521403983289,0.9189939146818692,0.48871534345371187,0.0,0.016704283853640096,0.017092110651378258,0.17150944590841247,0.050641116487198476,0.1,0.019378347887229027,0.022046526001546773,0.11651946826051177,0.043562962097029576,0.16666666666666666,-0.0021036025947412137,0.0047290605501065,0.01279166167940293,0.00578836416978453,0.0,0.2909999999953805,0.026250000005041296,0.014163408299076757,0.30216889574097694,0.005081703248658353,1.1787688196977844,1.1224405117099165,0.004469412489882417,7.398284632026683e-08,1.0,0.0034440062681592026,0.0036477793819005267,0.00018089794206046592,0.7333333333333334,0.7111111111111111,0.015382636783181613,0.4071177111418938,0.39181989480041823,0.010687621248532935,1,1,1,1
11_external_impact_y20N_p2l_v2:0070,11_external_impact_y20N_p2l_v2,22.87799999999995,23.27799999999995,-0.006229219798860754,0.03282870750852775,0.06588315341706352,0.03982582891732977,0.0,-0.09531203807701148,0.4356902089349394,0.9189939146818692,0.538127114190505,0.0,0.032169296129690966,0.032316646076589545,0.17150944590841247,0.04775303964586433,0.1,0.052894862301875345,0.05396535217422305,0.1243282230465047,0.051745477223647085,0.3333333333333333,0.015914493422495925,0.02516168624561707,0.09347203749091154,0.03723101059753993,0.0,0.2309999999971457,0.201249999960885,0.17364683656615393,0.23872921979810194,0.1446415437716022,1.1795864403934215,1.1146466139891718,0.026251887618540325,7.000105993379482e-08,1.0,0.004068489457545291,0.005643886646239245,0.0007667688071233208,0.7333333333333333,0.6666666666666666,0.03223499108431337,0.40849838722178516,0.39181989480041823,0.012440034089166033,1,1,1,1
11_external_impact_y20N_p2l_v2:0071,11_external_impact_y20N_p2l_v2,23.07799999999995,23.47799999999995,-0.005034591603994447,0.028879571692892594,0.05129062850510199,0.032649652662160536,0.0,-0.07656897346364923,0.3481664653982897,0.6740128263539834,0.3982549982115063,0.0,0.025888569158076875,0.02733201149581806,0.03107454335863291,0.012061871777979148,0.0,0.04600350690540068,0.04600350690540068,0.1243282230465047,0.0374100662910901,0.16666666666666666,0.01605526007132398,0.024439933798609464,0.09347203749091154,0.03690844555051991,0.0,0.1799999999905677,0.34999999991784775,0.32402911705084747,0.1850345915931133,0.30399649301045245,0.740219253692947,0.6886630065363399,0.01050035485855592,0.000577854879487551,1.0,0.004569102890654143,0.005643886646239245,0.0005556847077792623,0.7296296296296297,0.6666666666666666,0.030709488799587063,0.44006461715124723,0.4154048890979249,0.023910753654733264,1,1,1,1
11_external_impact_y20N_p2l_v2:0072,11_external_impact_y20N_p2l_v2,23.27799999999995,23.677999999999948,-0.013494818426933577,0.029480569843169716,0.04795725424870842,0.028833100360860436,0.0,-0.16491551943435825,0.34996317408139666,0.5551429639411153,0.33868885317257746,0.0,0.013863367260930551,0.018354781862237886,0.030910538916248398,0.015921793770986237,0.0,0.015258512063428894,0.01602741981130233,0.02608200968705171,0.011069183689547322,0.0,-0.00294236016333412,0.008780428380280758,0.021750789922244385,0.010867182275600327,0.0,0.1799999999823032,0.3499999998760691,0.33594830719796687,0.19349481840808122,0.33474148780757024,0.9238493725368739,0.8317600479595236,0.05049872186006539,0.0005792647756513588,1.0,0.004452076929524848,0.004649488416618381,0.0001319317285912642,0.7453703703703703,0.7277777777777777,0.014133645854142377,0.4813984101720346,0.4386394931126307,0.02400904480266614,1,1,1,1
11_external_impact_y20N_p2l_v2:0073,11_external_impact_y20N_p2l_v2,23.47799999999995,23.877999999999947,-0.008660800737309371,0.022601947479492877,0.03674629678612276,0.022762557086562392,0.0,-0.10986024187675296,0.2656002101525233,0.4364188752809147,0.2655964312074236,0.0,0.015275015052440782,0.018322987316006928,0.02709728362952546,0.01257132968262526,0.0,0.020806137838710503,0.021575045586583935,0.04016266118903544,0.016461739478326246,0.0,0.006900072214772855,0.014150335522187649,0.028220484670997026,0.01530558813796347,0.0,0.17999999997998173,0.34999999983811086,0.33538338750218016,0.18866080071692545,0.32919386199919926,6.309306210460012,6.156436223993677,0.049656569810980045,0.0005676998866755623,1.0,0.004559204291994152,0.00494270549047842,0.00024891012159817687,0.7518518518518519,0.7277777777777777,0.015930231976004877,0.5117720544803811,0.4994227758433521,0.014878735355182571,1,1,1,1
11_external_impact_y20N_p2l_v2:0074,11_external_impact_y20N_p2l_v2,23.677999999999948,24.077999999999946,0.0019059575761259339,0.01427592506247854,0.02280486674836954,0.015292999525752632,0.0,0.01641072757367856,0.16541272100688573,0.25325559674394404,0.175995179113941,0.0,0.018197896609385526,0.022058518468921002,0.0368436661956012,0.016657806025577062,0.0,0.026220267392838514,0.028740988394177703,0.04730133599769076,0.019154032699815467,0.0,0.012739895891309158,0.01587937670210297,0.028220484670997026,0.01276923235315843,0.0,0.17999999998355998,0.3499999998321498,0.33225452587174314,0.17809404240637508,0.3237797324397355,6.3716691754272725,6.167442115160292,0.027002951204565737,0.0006471799741202321,1.0,0.004558153884678613,0.00494270549047842,0.0003031049659578556,0.7509259259259259,0.7166666666666667,0.019880472734799898,0.5419767648346652,0.505974264696522,0.023752285339743058,1,1,1,1
11_external_impact_y20N_p2l_v2:0075,11_external_impact_y20N_p2l_v2,23.877999999999947,24.277999999999945,-0.010087923974590398,0.02034238593321162,0.047191412103994246,0.022363009502194327,0.0,-0.11520675916842837,0.23637333798540236,0.5168128848473234,0.25420486234008244,0.0,0.020921587339754917,0.02478220919929039,0.0368436661956012,0.01768049441464157,0.0,0.032448017492535085,0.034968738493874274,0.06024509742176565,0.023366642508875976,0.0,0.014688869668247598,0.01782835047904141,0.029352373503249207,0.012405603400081495,0.0,0.17999999998695282,0.3499999998169938,0.3286664723092419,0.19008792396105378,0.31755198232044207,1.2124845751266289,1.0966880941270623,0.013180440899402221,8.554608559426129e-05,1.0,0.004479257772584522,0.005042827549555792,0.00031577767346588093,0.7435185185185186,0.7055555555555556,0.024091873761588296,0.5711495939270029,0.5550185024897516,0.010861918557381401,1,1,1,1
11_external_impact_y20N_p2l_v2:0076,11_external_impact_y20N_p2l_v2,24.077999999999946,24.477999999999945,0.00023731967589692612,0.023402309172565,0.047191412103994246,0.028850362959231088,0.0,0.0020165867884056935,0.265240945766495,0.5168128848473234,0.3217645100405341,0.0,0.030835825345543865,0.030835825345543865,0.03312334915346726,0.0018857888990926963,0.0,0.03994799444949765,0.03994799444949765,0.06024509742176565,0.011054124107311682,0.0,0.009292707454519314,0.011846281525370103,0.029352373503249207,0.011743275326249821,0.0,0.17999999999097072,0.34999999978364726,0.31905059482770504,0.17976268031514872,0.3100520053310268,0.8721948725519635,0.8273410066941062,0.012811154730042726,4.269669462755713e-05,1.0,0.0044235878779113925,0.005153558049891406,0.0005642781387632278,0.7351851851851853,0.7055555555555556,0.016871173294711654,0.5893737981071366,0.5700777441178202,0.01773838292615749,1,1,1,1
11_external_impact_y20N_p2l_v2:0077,11_external_impact_y20N_p2l_v2,24.277999999999945,24.677999999999944,0.00654756402009687,0.014399094774699245,0.04068196311244851,0.01897568715746509,0.0,0.06931301277106389,0.16815575394457996,0.4387577427493308,0.21748824806029304,0.0,0.0326051316701326,0.0326051316701326,0.0333113196273197,0.0005410307334802768,0.0,0.031146423964293634,0.031146423964293634,0.03775394552489297,0.006352804889848642,0.0,-0.0013860014539504029,0.004998794761325198,0.011384743506989481,0.006180573446451489,0.0,0.17999999999429805,0.34999999976845153,0.31738399313444166,0.1734524359739551,0.3188535758043154,0.6258501148166187,0.6003376021379669,0.009417627172441281,3.8125004661603126e-05,1.0,0.004282402267726218,0.005153558049891406,0.0005313112797491539,0.7212962962962964,0.6833333333333333,0.018541652217130354,0.6147503751595923,0.5769606317521925,0.02101086862770357,1,1,1,1
11_external_impact_y20N_p2l_v2:0078,11_external_impact_y20N_p2l_v2,24.477999999999945,24.877999999999943,0.009768302483708064,0.0210340255611841,0.05535115352920035,0.025056010653998248,0.0,0.12140246635152914,0.2625224275918825,0.706525033714211,0.31710814687065847,0.0,0.03261175000095249,0.03261175000095249,0.0333113196273197,0.00034069239478938144,0.0,0.03375769307161839,0.03375769307161839,0.041205924982724185,0.006520607111360728,0.0,0.0012184700920879015,0.005490161655186325,0.011384743506989481,0.006654591438152494,0.0,0.17999999999396832,0.34999999979328067,0.31514032184375496,0.17023169751045822,0.31624230671751175,0.689471411236338,0.6650168003931236,0.005575412942232065,7.910064054525302e-08,1.0,0.004268461099103993,0.004742880083159976,0.00026720800317368615,0.7129629629629629,0.6833333333333333,0.014581496062984822,0.6427671843869581,0.6262935377290975,0.012678030867709848,1,0,1,1
11_external_impact_y20N_p2l_v2:0079,11_external_impact_y20N_p2l_v2,24.677999999999944,25.077999999999943,0.011115384278633629,0.023343778401056975,0.05535115352920035,0.02597122831891539,0.0,0.13539479970309365,0.28847106085158086,0.706525033714211,0.3264676657227271,0.0,-0.005486847233507541,0.038325413160193375,0.3895883448774324,0.09027394891831172,0.05,-0.09036517600493492,0.1299273956716428,0.6140817754171226,0.23611457172200218,0.16666666666666666,-0.051639503494532335,0.059140779757701566,0.28356385222518027,0.10554138395142387,0.16666666666666666,0.17999999999250949,0.3499999998576053,0.31726430247060167,0.16888461571466817,0.3107423352492963,1.1548802188672287,1.0724789993202637,0.012575828724316188,9.512435348542506e-08,1.0,0.00427286970793618,0.004562000503810523,0.00023580452104091874,0.7027777777777776,0.6666666666666666,0.022623688375686325,0.6673645606216413,0.6531819528225868,0.017014194318510308,1,0,0,1
11_external_impact_y20N_p2l_v2:0080,11_external_impact_y20N_p2l_v2,24.877999999999943,25.277999999999942,-0.007111052688751049,0.021004549085681782,0.04910443554548746,0.02441827878102855,0.0,-0.09802782938213328,0.25923542173628233,0.6378842918443587,0.3054421305425833,0.0,-0.02135339966329091,0.02245886073041,0.3895883448774324,0.08485527878797428,0.05,-0.11405361381788504,0.11669608631721755,0.6140817754171226,0.22427307201434632,0.16666666666666666,-0.059556333440838403,0.06193306935810953,0.28356385222518027,0.10163095903706117,0.16666666666666666,0.17999999999241512,0.3499999999252036,0.33601052271921444,0.187111052681732,0.3239736446749523,0.9290735766401415,0.8740976478326865,0.007517815499542408,1.0338814066136817e-07,1.0,0.0043784293611561645,0.004765578066013837,0.0003396776335529437,0.7111111111111111,0.6666666666666666,0.028145711395501226,0.6570571907211961,0.5966003625379099,0.031747138258908514,1,0,1,1
11_external_impact_y20N_p2l_v2:0081,11_external_impact_y20N_p2l_v2,25.077999999999943,25.47799999999994,-0.004363865952325134,0.022848221529871437,0.04910443554548746,0.027556415490747,0.0,-0.056979247647672406,0.28908572209272465,0.6378842918443587,0.35299086512003897,0.0,-0.015980448879911645,0.016884324054723725,0.17336943264993096,0.039654244964013124,0.05,-0.017654724104916347,0.020446697947335706,0.05294961757093419,0.01984858336400397,0.0,-0.00867529588032435,0.011267435187042183,0.02180922733270524,0.00964882891687263,0.0,0.17999999999021576,0.34999999991371983,0.3361150107448415,0.18436386594375356,0.33234527579904494,0.3702300066230676,0.3243109878617269,0.009893311049383381,7.908617487264386e-08,1.0,0.004150279725692081,0.004765578066013837,0.00037426126859609,0.7365079365079366,0.6833333333333333,0.02620249844320504,0.5854845470033484,0.5254175514114058,0.0475727368492221,1,1,1,1
11_external_impact_y20N_p2l_v2:0082,11_external_impact_y20N_p2l_v2,25.277999999999942,25.67799999999994,0.0038774795700162418,0.022760841080925045,0.04458196422779187,0.026791739676882906,0.0,0.04747892694526685,0.28111103973443896,0.5736646774106744,0.33083172157796104,0.0,-0.023596882590659594,0.02412736804628162,0.17336943264993096,0.03854242072479367,0.05,-0.021884990627744533,0.02700777817889117,0.05294961757093419,0.023858051538708784,0.0,-0.00898989413307348,0.013756412373781097,0.02256972930066381,0.012333034993837096,0.0,0.1799999999912083,0.3499999998849452,0.32894271837946476,0.17612252042199236,0.32811500926640286,0.4512069181007487,0.3823010147616365,0.025884849676254228,7.078963381772686e-08,1.0,0.004213558767796963,0.004955498205451887,0.00038891278736081017,0.7325396825396826,0.6833333333333333,0.029160592175990218,0.5312386207379476,0.49268919820995405,0.024872142286228725,1,1,1,1
11_external_impact_y20N_p2l_v2:0083,11_external_impact_y20N_p2l_v2,25.47799999999994,25.87799999999994,0.012690508650155275,0.027361772757316008,0.04328659501767601,0.02781243845823851,0.0,0.15596041805251365,0.33884042311846835,0.5370178048863564,0.34426339684989743,0.0,-0.007021077643949933,0.007838400058355918,0.032806832751219206,0.01286907537508808,0.0,-0.012995175518389995,0.01651507513733244,0.04925772255932742,0.018611218707569977,0.0,-0.00901223761516809,0.01216891666944317,0.02256972930066381,0.011005361298023115,0.0,0.17999999999364524,0.3499999999229034,0.34340870431309767,0.16730949134317427,0.3370048244218386,0.26587940934316456,0.23472084068725066,0.009164359310335709,6.851108582002276e-08,1.0,0.0042402245096168035,0.004955498205451887,0.00041657919859892944,0.7185185185185187,0.6777777777777778,0.02214492730203961,0.49431265114283707,0.4785181609565759,0.01595939301481617,1,1,1,1
11_external_impact_y20N_p2l_v2:0084,11_external_impact_y20N_p2l_v2,25.67799999999994,26.07799999999994,0.02370258636866256,0.028789297467442538,0.04249030403699458,0.01882404279136963,0.0,0.2971376739557642,0.364725135428049,0.5370178048863564,0.2409185779620808,0.0,0.0005833237358671001,0.0005833237358671001,0.0010960224708160826,0.00022746998794056356,0.0,-0.011008548583416674,0.013486410722054717,0.04111015571482096,0.015056207766687226,0.0,0.0473018247887479,0.05859686567529024,0.3109595735946219,0.11810904852191924,0.16666666666666666,0.17999999999281258,0.3499999999475788,0.3418360534549917,0.15629741362449048,0.33899145133533054,0.07749694629468161,0.03587162054080403,0.005414826338868785,7.887794573924696e-08,1.0,0.00400333489587602,0.004370725923026225,0.00019607265263683202,0.7194444444444444,0.6777777777777778,0.022849930887505657,0.4844157811907695,0.4785181609565759,0.004585936837006387,1,1,1,1
11_external_impact_y20N_p2l_v2:0085,11_external_impact_y20N_p2l_v2,25.87799999999994,26.27799999999994,0.04847537682899069,0.04847537682899069,0.10447870177331318,0.03693031715033762,0.3333333333333333,0.6384447003814202,0.6384447003814202,1.3790456973346548,0.49891415534929345,0.0,-0.17505183652602574,0.17564601292715182,0.35232215790929367,0.17564699279002885,0.5,-0.184971774182465,0.18664901936234243,0.35757440742564045,0.1691640783547916,0.5,0.04876994190586015,0.05674517066511949,0.3109595735946219,0.11740031707869125,0.16666666666666666,0.17999999999378957,0.3499999997949944,0.16691416968175524,0.1315246231648729,0.1686172778283077,0.1403196986991522,0.0984834284287963,0.03866664684266917,8.084626412007535e-08,1.0,0.0037696190941958747,0.004370725923026225,0.0004318246985354649,0.737962962962963,0.7055555555555556,0.020137558491603286,0.4862563056077427,0.47951547088486485,0.00451638594354918,0,0,1,1
11_external_impact_y20N_p2l_v2:0086,11_external_impact_y20N_p2l_v2,26.07799999999994,26.477999999999938,0.07032142760863702,0.07032142760863702,0.10447870177331318,0.035825192170274536,0.5,0.9196412066093536,0.9196412066093536,1.3790456973346548,0.4644425512862708,0.0,-0.35021190182005074,0.35021190182005074,0.35232215790929367,0.0007684725953407348,1.0,-0.351721146096265,0.351721146096265,0.3626418483746292,0.007428640771888203,1.0,-0.0016749254929114233,0.005971669021796962,0.012617038006511497,0.007293344296645169,0.0,0.17999999999398497,0.34999999964787554,0.0005329557783451841,0.10967857238508148,0.0060818553704386985,0.12582655596915118,0.10542309958914481,0.005709151655281224,1.0431028052308666e-07,1.0,0.0036902969737914945,0.004144068363468815,0.00036271420622347963,0.7416666666666667,0.7277777777777777,0.013127265628479498,0.48132892917685927,0.46741350951259414,0.007048117028329505,0,0,1,1
11_external_impact_y20N_p2l_v2:0087,11_external_impact_y20N_p2l_v2,26.27799999999994,26.677999999999937,0.06554764453179619,0.06554764453179619,0.10149275571078015,0.021798947069213894,0.16666666666666666,0.8529890941740437,0.8529890941740437,1.2644730876223487,0.26415797191158524,0.0,-0.34751859523326645,0.34751859523326645,0.35036028363797056,0.004678429515171324,1.0,-0.34696780101997265,0.34696780101997265,0.3626418483746292,0.009669726119060851,1.0,-0.001792491634303713,0.0072054306624349885,0.014376728883704608,0.008834859387887903,0.0,0.17999999999311012,0.34999999965236206,0.0025042372205765313,0.11445235546107302,0.008043625773777664,0.39339216564870083,0.3848121318980402,0.004714930770146497,1.1013559509260584e-07,1.0,0.003810936258048972,0.004144068363468815,0.00018376260929140023,0.7444444444444445,0.7277777777777777,0.01200137166371826,0.48308038745857473,0.46741350951259414,0.009269578437108648,0,0,1,1
11_external_impact_y20N_p2l_v2:0088,11_external_impact_y20N_p2l_v2,26.477999999999938,26.877999999999936,0.01920492208296871,0.04132979798680515,0.06889050103888145,0.044341976884018336,0.0,0.24916440034324996,0.5588224399924141,0.903172019880571,0.6006762825938676,0.0,-0.1888628041865767,0.18955603797280957,0.35036028363797056,0.17156961795822112,0.55,-0.17124374803232287,0.17408946014471272,0.3523924323624754,0.17298467030068795,0.5,-0.0009529541535276796,0.005067401459125686,0.014376728883704608,0.006926922454491022,0.0,0.09899999999994469,0.19249999995043277,0.0034437917555235086,0.07079507791366295,0.005804575859997615,1.5771125596109679,1.5201250105361443,0.006434018418322073,8.970241188720502e-06,1.0,0.0034994910258280346,0.0038017683526497346,0.0002003872954348005,0.7638888888888888,0.75,0.009487917375888532,0.4910634032707151,0.4695437714794333,0.014029903267768092,0,0,1,1
