window_id,run_id,window_start_sec,window_end_sec,wheel_translation_sample_count,wheel_translation_availability_fraction,wheel_translation_error_abs_mean,wheel_translation_error_abs_p90,wheel_translation_error_rmse,wheel_translation_within_tolerance_fraction,wheel_translation_tolerance,wheel_rotation_sample_count,wheel_rotation_availability_fraction,wheel_rotation_error_abs_mean,wheel_rotation_error_abs_p90,wheel_rotation_error_rmse,wheel_rotation_within_tolerance_fraction,wheel_rotation_tolerance,imu_yaw_rate_sample_count,imu_yaw_rate_availability_fraction,imu_yaw_rate_error_abs_mean,imu_yaw_rate_error_abs_p90,imu_yaw_rate_error_rmse,imu_yaw_rate_within_tolerance_fraction,imu_yaw_rate_tolerance,lidar_translation_sample_count,lidar_translation_availability_fraction,lidar_translation_error_abs_mean,lidar_translation_error_abs_p90,lidar_translation_error_rmse,lidar_translation_within_tolerance_fraction,lidar_translation_tolerance
00_normal_p2l_v2:0000,00_normal_p2l_v2,19.99,20.389999999999997,20.0,1.0,2.647434049778685e-05,2.6474340498383596e-05,2.647434049778685e-05,1.0,0.06,20.0,1.0,1.862515821306561e-15,2.0739694750101354e-15,1.8691562139165004e-15,1.0,0.08,40.0,1.0,0.00013401799604559418,0.000366742376643195,0.00018571197573323864,1.0,0.08,6.0,1.0,0.016154579741984153,0.037571566134185205,0.023253018343319574,1.0,0.12
00_normal_p2l_v2:0001,00_normal_p2l_v2,20.189999999999998,20.589999999999996,20.0,1.0,2.647434049756342e-05,2.647434049835029e-05,2.647434049756342e-05,1.0,0.06,20.0,1.0,2.1467017268416838e-15,2.373757472402854e-15,2.153500229968125e-15,1.0,0.08,40.0,1.0,0.0001597494955168575,0.000366742376643195,0.00020453777363457887,1.0,0.08,6.0,1.0,0.0181640049705364,0.04128922670631832,0.025297184486954786,1.0,0.12
00_normal_p2l_v2:0002,00_normal_p2l_v2,20.389999999999997,20.789999999999996,20.0,1.0,2.647434049762587e-05,2.647434049835029e-05,2.6474340497625874e-05,1.0,0.06,20.0,1.0,2.4675273781603596e-15,2.7348255841079367e-15,2.4754654990897665e-15,1.0,0.08,40.0,1.0,0.00016707583108573794,0.00034014270427904956,0.00020323606113603013,1.0,0.08,6.0,1.0,0.029215000650251052,0.04960379807140945,0.03368061908322916,1.0,0.12
00_normal_p2l_v2:0003,00_normal_p2l_v2,20.589999999999996,20.989999999999995,20.0,1.0,2.6474340497745218e-05,2.647434049835029e-05,2.6474340497745218e-05,1.0,0.06,20.0,1.0,2.8243373659343558e-15,3.108858226801262e-15,2.832400464859002e-15,1.0,0.08,40.0,1.0,0.00015988131498373255,0.00028279412775818484,0.0001930216193047014,1.0,0.08,7.0,1.0,0.023544700569907564,0.038175274914468274,0.027042012530983255,1.0,0.12
00_normal_p2l_v2:0004,00_normal_p2l_v2,20.789999999999996,21.189999999999994,20.0,1.0,2.6474340497542604e-05,2.647434049835029e-05,2.6474340497542604e-05,1.0,0.06,20.0,1.0,3.234352344563373e-15,3.58696588027133e-15,3.244766404532366e-15,1.0,0.08,40.0,1.0,0.00014914437902221797,0.0002766783927901045,0.0001815176626773213,1.0,0.08,7.0,1.0,0.014170417907112225,0.029087931203184703,0.01731448737661723,1.0,0.12
00_normal_p2l_v2:0005,00_normal_p2l_v2,20.989999999999995,21.389999999999993,20.0,1.0,2.6474340497646687e-05,2.6474340498330863e-05,2.6474340497646687e-05,1.0,0.06,20.0,1.0,3.712610902811875e-15,4.1044035902599016e-15,3.724116078569859e-15,1.0,0.08,40.0,1.0,0.0001328148477708581,0.00027149995598119137,0.00016250158468416462,1.0,0.08,6.0,1.0,0.023933233972430152,0.051609683522552866,0.03274614805779101,1.0,0.12
00_normal_p2l_v2:0006,00_normal_p2l_v2,21.189999999999994,21.589999999999993,20.0,1.0,2.6474340497566196e-05,2.6474340498405802e-05,2.6474340497566196e-05,1.0,0.06,20.0,1.0,4.266911243848277e-15,4.734964040966992e-15,4.280976529014302e-15,1.0,0.08,40.0,1.0,0.00013935501295420582,0.0002530125774615104,0.00017065404279032018,1.0,0.08,6.0,1.0,0.027821010612432483,0.051609683522552866,0.034046592088044614,1.0,0.12
00_normal_p2l_v2:0007,00_normal_p2l_v2,21.389999999999993,21.789999999999992,20.0,1.0,2.6474340497620318e-05,2.647434049835584e-05,2.647434049762032e-05,1.0,0.06,20.0,1.0,4.900007258845775e-15,5.415515796425696e-15,4.914996852715307e-15,1.0,0.08,40.0,1.0,0.00014346895116410056,0.0002899616945227188,0.0001782785745339279,1.0,0.08,6.0,1.0,0.017054558477659066,0.02598179733419971,0.01870101332713008,1.0,0.12
00_normal_p2l_v2:0008,00_normal_p2l_v2,21.589999999999993,21.98999999999999,20.0,1.0,2.6474340497735504e-05,2.647434049835029e-05,2.6474340497735504e-05,1.0,0.06,20.0,1.0,5.589506022423457e-15,6.1326011319840855e-15,5.6048788648791346e-15,1.0,0.08,40.0,1.0,0.0001400153313511992,0.00028167919822499134,0.00017284498223218408,1.0,0.08,6.0,1.0,0.022904079268475448,0.03556700748327084,0.025838501456641814,1.0,0.12
00_normal_p2l_v2:0009,00_normal_p2l_v2,21.789999999999992,22.18999999999999,20.0,1.0,2.647434049753705e-05,2.647434049835029e-05,2.6474340497537054e-05,1.0,0.06,20.0,1.0,6.4060577390890016e-15,7.11376494169022e-15,6.427196753106327e-15,1.0,0.08,40.0,1.0,0.00015711801429555008,0.0002847104003427414,0.000202620191364203,1.0,0.08,6.0,1.0,0.025584015309240996,0.045375429214408125,0.030901419936737347,1.0,0.12
00_normal_p2l_v2:0010,00_normal_p2l_v2,21.98999999999999,22.38999999999999,20.0,1.0,2.647434049763975e-05,2.647434049835029e-05,2.647434049763975e-05,1.0,0.06,20.0,1.0,7.3658659831829e-15,8.151246374523025e-15,7.388921693400405e-15,1.0,0.08,40.0,1.0,0.00015778119470566371,0.0002852773811281215,0.00020050695669807447,1.0,0.08,6.0,1.0,0.020065009295795203,0.0384044249789918,0.025713940669013353,1.0,0.12
00_normal_p2l_v2:0011,00_normal_p2l_v2,22.18999999999999,22.58999999999999,20.0,1.0,2.6474340497557868e-05,2.647434049835029e-05,2.647434049755787e-05,1.0,0.06,20.0,1.0,8.456341571866634e-15,9.368175698702922e-15,8.483471739428968e-15,1.0,0.08,40.0,1.0,0.0001474498651858532,0.0002641500881278678,0.0001740137666765484,1.0,0.08,6.0,1.0,0.0192693803338931,0.03182396459925059,0.02204482346906244,1.0,0.12
00_normal_p2l_v2:0012,00_normal_p2l_v2,22.38999999999999,22.78999999999999,20.0,1.0,2.6474340497620318e-05,2.647434049835029e-05,2.647434049762032e-05,1.0,0.06,20.0,1.0,9.718305179868596e-15,1.0773928007720928e-14,9.749418535633576e-15,1.0,0.08,40.0,1.0,0.00015867774670721114,0.00033047781290265163,0.00019791146764706614,1.0,0.08,6.0,1.0,0.016678931131115682,0.03182396459925059,0.020532628126317787,1.0,0.12
00_normal_p2l_v2:0013,00_normal_p2l_v2,22.58999999999999,22.989999999999988,20.0,1.0,2.647434049773828e-05,2.647434049835029e-05,2.6474340497738282e-05,1.0,0.06,20.0,1.0,1.115214884658551e-14,1.232215583817633e-14,1.1186658526446076e-14,1.0,0.08,40.0,1.0,0.00017917854183295735,0.00034523153161364236,0.00022142906740633898,1.0,0.08,6.0,1.0,0.01352372410208548,0.024313658163408844,0.015969645588715903,1.0,0.12
00_normal_p2l_v2:0014,00_normal_p2l_v2,22.78999999999999,23.189999999999987,20.0,1.0,2.647434049753705e-05,2.647434049835029e-05,2.6474340497537054e-05,1.0,0.06,20.0,1.0,1.2784189109431052e-14,1.4146646157137094e-14,1.2823662524220175e-14,1.0,0.08,40.0,1.0,0.0001611327423597045,0.00032274882981813053,0.00019931027346235718,1.0,0.08,6.0,1.0,0.012441819289691514,0.021144606778597835,0.014711430747038741,1.0,0.12
00_normal_p2l_v2:0015,00_normal_p2l_v2,22.989999999999988,23.389999999999986,20.0,1.0,0.007858282442754055,0.027738680501780286,0.01460833406620312,1.0,0.06,20.0,1.0,1.6002953934138785e-14,2.1056926688965747e-14,1.6307204537312228e-14,1.0,0.08,40.0,1.0,0.00014560788351973764,0.00031896246127851793,0.0001874164740053846,1.0,0.08,6.0,1.0,0.021780773301839182,0.04570916352961052,0.02949117986722227,1.0,0.12
00_normal_p2l_v2:0016,00_normal_p2l_v2,23.189999999999987,23.589999999999986,20.0,1.0,0.008272226750070184,0.027738680501780286,0.014692310774417594,1.0,0.06,20.0,1.0,2.2398288206318426e-14,2.775993453192937e-14,2.2876128647101268e-14,1.0,0.08,40.0,1.0,0.00016109155805754482,0.0003142667843636524,0.0002037898540067305,1.0,0.08,6.0,1.0,0.02745392903696306,0.04941958280239951,0.03334948868231809,1.0,0.12
00_normal_p2l_v2:0017,00_normal_p2l_v2,23.389999999999986,23.789999999999985,20.0,1.0,0.0004457106475686673,0.0001700332552986258,0.0015689514995407521,1.0,0.06,20.0,1.0,2.923644768757638e-14,3.361931730836454e-14,2.941419247701001e-14,1.0,0.08,40.0,1.0,0.0001674876258636911,0.00033666619400969834,0.00020812650067244883,1.0,0.08,6.0,1.0,0.017219678542864037,0.029287682571716267,0.020656827087319484,1.0,0.12
00_normal_p2l_v2:0018,00_normal_p2l_v2,23.589999999999986,23.989999999999984,20.0,1.0,3.7058340196530204e-05,3.705834039690603e-05,3.7058340196530204e-05,1.0,0.06,20.0,1.0,3.5417109218686744e-14,4.073622499923056e-14,3.5633234200690796e-14,1.0,0.08,40.0,1.0,0.00015238815611336013,0.0003373522560740768,0.0001921838839420826,1.0,0.08,6.0,1.0,0.01789075598829251,0.03511941991995937,0.02328535077655825,1.0,0.12
00_normal_p2l_v2:0019,00_normal_p2l_v2,23.789999999999985,24.189999999999984,20.0,1.0,3.705834039195721e-05,3.705834039735567e-05,3.705834039195721e-05,1.0,0.06,20.0,1.0,4.292892117540695e-14,4.939468955628646e-14,4.319210021395323e-14,1.0,0.08,40.0,1.0,0.00013924458707610562,0.0003181154968907837,0.00017803057753669997,1.0,0.08,6.0,1.0,0.028726369214085806,0.055712317897578856,0.0364090809651883,1.0,0.12
00_normal_p2l_v2:0020,00_normal_p2l_v2,23.989999999999984,24.389999999999983,20.0,1.0,3.705834039753608e-05,3.705834039741673e-05,3.705834039753608e-05,1.0,0.06,20.0,1.0,5.202048235479137e-14,5.980678902521982e-14,5.2336643225318686e-14,1.0,0.08,40.0,1.0,0.00013329100025428632,0.0002982951903068721,0.00016869584597048064,1.0,0.08,6.0,1.0,0.035204552108636884,0.05815236452593156,0.04016031083124834,1.0,0.12
00_normal_p2l_v2:0021,00_normal_p2l_v2,24.189999999999984,24.589999999999982,20.0,1.0,3.705834039632594e-05,3.7058340397466694e-05,3.705834039632594e-05,1.0,0.06,20.0,1.0,6.303781290962195e-14,7.253078716142421e-14,6.342354575316828e-14,1.0,0.08,40.0,1.0,0.00013702521627582931,0.000265385338906398,0.00016505448942910595,1.0,0.08,6.0,1.0,0.02431262079485073,0.04268075566400267,0.028291069522732686,1.0,0.12
00_normal_p2l_v2:0022,00_normal_p2l_v2,24.389999999999983,24.78999999999998,20.0,1.0,3.7058340396409203e-05,3.7058340397466694e-05,3.7058340396409203e-05,1.0,0.06,20.0,1.0,7.640639477868768e-14,8.788862262266533e-14,7.687347448418582e-14,1.0,0.08,40.0,1.0,0.00015351263372652397,0.00029681561723549467,0.0001871466181986651,1.0,0.08,6.0,1.0,0.029687291672323795,0.05896439578386817,0.03801626979680501,1.0,0.12
00_normal_p2l_v2:0023,00_normal_p2l_v2,24.589999999999982,24.98999999999998,20.0,1.0,3.7058340396578515e-05,3.705834039741673e-05,3.7058340396578515e-05,1.0,0.06,20.0,1.0,9.259831922975412e-14,1.0650669427790342e-13,9.316370000219314e-14,1.0,0.08,40.0,1.0,0.0001512461759099438,0.0002948431798698605,0.00018757354291204124,1.0,0.08,6.0,1.0,0.039604708183464836,0.06621384699148339,0.04529809586954036,1.0,0.12
00_normal_p2l_v2:0024,00_normal_p2l_v2,24.78999999999998,25.18999999999998,20.0,1.0,3.705834039629541e-05,3.705834039741673e-05,3.705834039629541e-05,1.0,0.06,20.0,1.0,1.1222252940781218e-13,1.2908901995215866e-13,1.1290816744801195e-13,1.0,0.08,40.0,1.0,0.00016368047370478967,0.0003616542537198773,0.0002184883740649864,1.0,0.08,6.0,1.0,0.025265408034329927,0.04430762010382844,0.030018571782851913,1.0,0.12
00_normal_p2l_v2:0025,00_normal_p2l_v2,24.98999999999998,25.38999999999998,20.0,1.0,0.006780517229131186,0.02948626959442217,0.015461821010834272,1.0,0.06,20.0,1.0,0.009808020701926008,0.03310703314923022,0.025750750604510583,0.95,0.08,40.0,1.0,0.008119181107989664,0.031822246009119204,0.020698801794342813,1.0,0.08,6.0,1.0,0.014504498498886917,0.02338136326215709,0.01668166543727409,1.0,0.12
00_normal_p2l_v2:0026,00_normal_p2l_v2,25.18999999999998,25.58999999999998,20.0,1.0,0.012577929072616812,0.04279546720507282,0.02124491592744219,1.0,0.06,20.0,1.0,0.030151622294608625,0.08645442954283804,0.04497695376970954,0.85,0.08,40.0,1.0,0.01856528537660747,0.05740700740605378,0.03136190024813089,0.975,0.08,6.0,1.0,0.019040990919855578,0.03434957739203348,0.022580559346981496,1.0,0.12
00_normal_p2l_v2:0027,00_normal_p2l_v2,25.38999999999998,25.789999999999978,20.0,1.0,0.0058476290648245815,0.02118702761103612,0.014569923698387603,1.0,0.06,20.0,1.0,0.029302622757440434,0.06286555932938047,0.038992532264360204,0.9,0.08,40.0,1.0,0.01065638466623329,0.04367838011705198,0.023562662545523805,0.975,0.08,6.0,1.0,0.027780541072677595,0.047162221461165915,0.03256416746980573,1.0,0.12
00_normal_p2l_v2:0028,00_normal_p2l_v2,25.58999999999998,25.989999999999977,20.0,1.0,5.213072680277098e-05,9.543910046441735e-05,6.543726129742752e-05,1.0,0.06,20.0,1.0,0.018086966273328155,0.018258250198978202,0.018089530836348972,1.0,0.08,40.0,1.0,0.00018377066586200904,0.00040659954702075844,0.0002312843845339268,1.0,0.08,6.0,1.0,0.019837504485186213,0.04212318349457485,0.02634404385272109,1.0,0.12
00_normal_p2l_v2:0029,00_normal_p2l_v2,25.789999999999978,26.189999999999976,20.0,1.0,4.1708188755175404e-05,4.296991236439063e-05,4.1718983676771944e-05,1.0,0.06,20.0,1.0,0.018260268541167836,0.018266848530568362,0.01826026923947932,1.0,0.08,40.0,1.0,0.00015821744744466196,0.0003676043640172877,0.0002066055559080773,1.0,0.08,6.0,1.0,0.022087930861984215,0.040446152101645094,0.0270723118775195,1.0,0.12
00_normal_p2l_v2:0030,00_normal_p2l_v2,25.989999999999977,26.389999999999976,20.0,1.0,5.31427968256476e-05,4.8746541610991737e-05,6.580033224330856e-05,1.0,0.06,20.0,1.0,0.021736709923621915,0.02157503373371378,0.024498183016310873,1.0,0.08,40.0,1.0,0.00296462657956252,0.0023693161974625288,0.010040342532278729,1.0,0.08,6.0,1.0,0.02801543054220308,0.0441004868468135,0.03151824937850684,1.0,0.12
00_normal_p2l_v2:0031,00_normal_p2l_v2,26.189999999999976,26.589999999999975,20.0,1.0,0.0011069875844612969,0.0032675871736748937,0.001720746790621378,1.0,0.06,20.0,1.0,0.05178533090983697,0.1361915638186237,0.07399924207599463,0.75,0.08,40.0,1.0,0.037177205671627404,0.12295462263024542,0.06293581149622943,0.8,0.08,6.0,1.0,0.02221867175286317,0.039672745677896123,0.026605522478843707,1.0,0.12
00_normal_p2l_v2:0032,00_normal_p2l_v2,26.389999999999976,26.789999999999974,20.0,1.0,0.003014780986665509,0.0038834398846632314,0.003237630970579139,1.0,0.06,20.0,1.0,0.03920191428427829,0.1361915638186237,0.07101075244329251,0.75,0.08,40.0,1.0,0.03438274338007734,0.12295462263024542,0.06213012524333109,0.8,0.08,6.0,1.0,0.017212609152955725,0.03274151617602625,0.021639523608073297,1.0,0.12
00_normal_p2l_v2:0033,00_normal_p2l_v2,26.589999999999975,26.989999999999974,20.0,1.0,0.0038806606450460857,0.0038834398846632314,0.0038806692764482733,1.0,0.06,20.0,1.0,2.849803139435142e-05,3.525996037334889e-05,3.9568784097781134e-05,1.0,0.08,40.0,1.0,0.0001639939220548621,0.0002816785485281526,0.00018987059682761868,1.0,0.08,6.0,1.0,0.014828217923046838,0.021339607939276292,0.01580858803482156,1.0,0.12
00_normal_p2l_v2:0034,00_normal_p2l_v2,26.789999999999974,27.189999999999973,20.0,1.0,0.0038812377459925204,0.003882352707677464,0.0038812378403943882,1.0,0.06,20.0,1.0,9.66033554410245e-06,1.9486209664348887e-05,1.1737307228437521e-05,1.0,0.08,40.0,1.0,0.0001775475730773607,0.0003437863658412893,0.0002149757079745533,1.0,0.08,6.0,1.0,0.0199009166291181,0.028601547359927454,0.02121151206753637,1.0,0.12
00_normal_p2l_v2:0035,00_normal_p2l_v2,26.989999999999974,27.389999999999972,20.0,1.0,0.0038797008540710372,0.0038808960541356075,0.0038797009623502683,1.0,0.06,20.0,1.0,1.0962813013708217e-05,2.1733692191061583e-05,1.335935494101035e-05,1.0,0.08,40.0,1.0,0.00017240345172124598,0.00035766849325389043,0.00022169759250672424,1.0,0.08,6.0,1.0,0.026078911084228367,0.04864067899087715,0.032490037282859326,1.0,0.12
00_normal_p2l_v2:0036,00_normal_p2l_v2,27.189999999999973,27.58999999999997,20.0,1.0,0.02586329045537509,0.07916575423084934,0.04134202113465395,0.85,0.06,20.0,1.0,0.025186674457086465,0.08223414877333787,0.04728972610171155,0.9,0.08,40.0,1.0,0.019018769975204637,0.06839844485860701,0.033889419907183714,0.975,0.08,7.0,1.0,0.034286126708912186,0.06418024990705848,0.04225860937445178,1.0,0.12
00_normal_p2l_v2:0037,00_normal_p2l_v2,27.389999999999972,27.78999999999997,20.0,1.0,0.02410538538399501,0.07916575423084934,0.04125802786234428,0.85,0.06,20.0,1.0,0.02577710771713625,0.08223414877333787,0.04735153576216309,0.9,0.08,40.0,1.0,0.019953253540661502,0.06839844485860701,0.03408346198872038,0.975,0.08,7.0,1.0,0.027390805093175537,0.05904020695062885,0.03490489857480223,1.0,0.12
00_normal_p2l_v2:0038,00_normal_p2l_v2,27.58999999999997,27.98999999999997,20.0,1.0,0.00018154799586773707,2.170077092113726e-05,0.0007649235926187024,1.0,0.06,20.0,1.0,0.0005992639033902243,0.0001240020750645699,0.0024186587843116852,1.0,0.08,40.0,1.0,0.001071463819841181,0.0008721078839979843,0.003636240638021112,1.0,0.08,6.0,1.0,0.02014743835087587,0.031026385423295614,0.021996721472841027,1.0,0.12
00_normal_p2l_v2:0039,00_normal_p2l_v2,27.78999999999997,28.18999999999997,20.0,1.0,5.983265789513284e-14,1.981439689282658e-13,1.0747742187644301e-13,1.0,0.06,20.0,1.0,3.736436665119858e-15,1.220204493002083e-14,6.9215614727951726e-15,1.0,0.08,40.0,1.0,0.0001267502450327754,0.0002485154474331446,0.00015776826237268846,1.0,0.08,6.0,1.0,0.020603901546458896,0.031026385423295614,0.022860967374111727,1.0,0.12
00_normal_p2l_v2:0040,00_normal_p2l_v2,27.98999999999997,28.38999999999997,20.0,1.0,0.03206377315863325,0.0992778140677612,0.060162315145981714,0.75,0.06,20.0,1.0,0.001473998742643835,0.004737142811561377,0.0024835761069398306,1.0,0.08,40.0,1.0,0.0021579183405915116,0.004689551969489327,0.004592666803931137,1.0,0.08,6.0,1.0,0.03813900162935591,0.07439502605914455,0.04779746005443543,1.0,0.12
00_normal_p2l_v2:0041,00_normal_p2l_v2,28.18999999999997,28.589999999999968,20.0,1.0,0.03437026953571397,0.0992778140677612,0.06063222013583852,0.75,0.06,20.0,1.0,0.0019291335355697329,0.004737142811561377,0.0026900068090226358,1.0,0.08,40.0,1.0,0.002524132025239895,0.004689551969489327,0.0047043385409015655,1.0,0.08,6.0,1.0,0.05774233159183877,0.0883322053026374,0.0633157938866542,1.0,0.12
00_normal_p2l_v2:0042,00_normal_p2l_v2,28.38999999999997,28.789999999999967,20.0,1.0,0.0023227814951208986,0.003497676740188218,0.007534088218656695,1.0,0.06,20.0,1.0,0.0005759410356846598,0.001367360477758424,0.0010474610494958366,1.0,0.08,40.0,1.0,0.00048390642216103767,0.001576217258720639,0.0010291104566690031,1.0,0.08,6.0,1.0,0.03449328727248826,0.07306398109058071,0.04547942367890025,1.0,0.12
00_normal_p2l_v2:0043,00_normal_p2l_v2,28.589999999999968,28.989999999999966,20.0,1.0,3.2570892744407386e-05,3.257192421028954e-05,3.257089275311546e-05,1.0,0.06,20.0,1.0,0.00024160634667988343,0.0002416156747753464,0.0002416063467835972,1.0,0.08,40.0,1.0,0.00011461955995243328,0.00019996783149687147,0.0001442275448991256,1.0,0.08,6.0,1.0,0.017309357614592763,0.03814519212720202,0.02307107719045383,1.0,0.12
00_normal_p2l_v2:0044,00_normal_p2l_v2,28.789999999999967,29.189999999999966,20.0,1.0,3.257228471280071e-05,3.257340682761289e-05,3.2572284723818706e-05,1.0,0.06,20.0,1.0,0.00024159406384438153,0.00024160340233408915,0.00024159406394828512,1.0,0.08,40.0,1.0,0.0001442995289415242,0.00027662293832310045,0.00017914181978530514,1.0,0.08,6.0,1.0,0.02451269764111899,0.054363749595583793,0.03288423830114158,1.0,0.12
00_normal_p2l_v2:0045,00_normal_p2l_v2,28.989999999999966,29.389999999999965,20.0,1.0,3.257376578586768e-05,3.2574899933779376e-05,3.257376579721918e-05,1.0,0.06,20.0,1.0,0.00024158177518456329,0.00024159111502619558,0.00024158177528849607,1.0,0.08,40.0,1.0,0.00020705913574527523,0.00039438610908455203,0.00025284115436877244,1.0,0.08,6.0,1.0,0.027910855680646603,0.06211313041105605,0.037068671746397185,1.0,0.12
00_normal_p2l_v2:0046,00_normal_p2l_v2,29.189999999999966,29.589999999999964,20.0,1.0,3.257525866391942e-05,3.257639433281723e-05,3.257525867531369e-05,1.0,0.06,20.0,1.0,0.00024156948579906234,0.0002415788257792357,0.00024156948590300272,1.0,0.08,40.0,1.0,0.00019049851358248388,0.00039438610908455203,0.00023969920501889434,1.0,0.08,6.0,1.0,0.027097069835978847,0.05116317066452243,0.033779994707954904,1.0,0.12
00_normal_p2l_v2:0047,00_normal_p2l_v2,29.389999999999965,29.789999999999964,20.0,1.0,3.257675299057905e-05,3.2577888756235575e-05,3.257675300197649e-05,1.0,0.06,20.0,1.0,0.00024155719636847323,0.0002415665363295821,0.0002415571964724183,1.0,0.08,40.0,1.0,0.0001424547438212438,0.00028235099316696615,0.00017500809097568439,1.0,0.08,6.0,1.0,0.02102265174313232,0.03817974751576192,0.0256017198689136,1.0,0.12
00_normal_p2l_v2:0048,00_normal_p2l_v2,29.589999999999964,29.989999999999963,20.0,1.0,3.257824737891435e-05,3.257938306078234e-05,3.257824739030984e-05,1.0,0.06,20.0,1.0,0.00024154490698499,0.000241554246900609,0.00024154490708893928,1.0,0.08,40.0,1.0,0.00015314688049731235,0.0003017095341923748,0.00018519252049550156,1.0,0.08,6.0,1.0,0.02806845254688828,0.04381167929081578,0.03183662564246914,1.0,0.12
00_normal_p2l_v2:0049,00_normal_p2l_v2,29.789999999999964,30.189999999999962,20.0,1.0,3.2579741647909e-05,3.258087721859093e-05,3.2579741659301764e-05,1.0,0.06,20.0,1.0,0.00024153261766202694,0.0002415419575319689,0.00024153261776598052,1.0,0.08,40.0,1.0,0.00015492396567529532,0.00035097721066254403,0.0001978953061657281,1.0,0.08,6.0,1.0,0.028224185369441684,0.04381167929081578,0.03232195176904807,1.0,0.12
00_normal_p2l_v2:0050,00_normal_p2l_v2,29.989999999999963,30.38999999999996,20.0,1.0,3.258123576616867e-05,3.25823712174933e-05,3.258123577755855e-05,1.0,0.06,20.0,1.0,0.00024152032839990433,0.00024152966822385528,0.00024152032850386222,1.0,0.08,40.0,1.0,0.00018801484196189866,0.00042844426962631123,0.0002396199952205244,1.0,0.08,6.0,1.0,0.018853876284109294,0.03289742519496666,0.023422750441139357,1.0,0.12
00_normal_p2l_v2:0051,00_normal_p2l_v2,30.189999999999962,30.58999999999996,20.0,1.0,3.258272973219734e-05,3.258386507117295e-05,3.25827297435844e-05,1.0,0.06,20.0,1.0,0.00024150803920011693,0.00024151737897560728,0.000241508039304079,1.0,0.08,40.0,1.0,0.00016968121556053148,0.0003515510535444661,0.00021731601407462995,1.0,0.08,6.0,1.0,0.02134798287094314,0.035633903902523495,0.025987099304119663,1.0,0.12
00_normal_p2l_v2:0052,00_normal_p2l_v2,30.38999999999996,30.78999999999996,20.0,1.0,3.258422347578449e-05,3.258535859254064e-05,3.2584223487166766e-05,1.0,0.06,20.0,1.0,0.0002414957504258213,0.00024150508979150972,0.00024149575052977653,1.0,0.08,40.0,1.0,0.00014415330009984274,0.00030894154763694677,0.00018400806607623405,1.0,0.08,6.0,1.0,0.02365098505438859,0.03656016121173167,0.027812093146213312,1.0,0.12
00_normal_p2l_v2:0053,00_normal_p2l_v2,30.58999999999996,30.98999999999996,20.0,1.0,3.2585717050773176e-05,3.258685214022061e-05,3.258571706215386e-05,1.0,0.06,20.0,1.0,0.00024148346180462437,0.00024149280148593884,0.00024148346190859082,1.0,0.08,40.0,1.0,0.000174220323354114,0.0003215260823136547,0.00020729458476992808,1.0,0.08,6.0,1.0,0.027201804983285217,0.040124047271037994,0.029986810698969173,1.0,0.12
00_normal_p2l_v2:0054,00_normal_p2l_v2,30.78999999999996,31.18999999999996,20.0,1.0,3.258721054412717e-05,3.2588345535916605e-05,3.2587210555505694e-05,1.0,0.06,20.0,1.0,0.00024147117288159754,0.00024148051251659535,0.0002414711729855724,1.0,0.08,40.0,1.0,0.0001573014245752899,0.00028970317170099916,0.00018395906166637362,1.0,0.08,6.0,1.0,0.020761950879809005,0.03792677885156168,0.025153148306988914,1.0,0.12
00_normal_p2l_v2:0055,00_normal_p2l_v2,30.98999999999996,31.389999999999958,20.0,1.0,3.258870390473456e-05,3.25898387820267e-05,3.258870391611036e-05,1.0,0.06,20.0,1.0,0.0002414588839292112,0.00024146822351736854,0.0002414588840331903,1.0,0.08,40.0,1.0,0.00012021032457174611,0.00028132356482155123,0.00015778706136162422,1.0,0.08,6.0,1.0,0.018720482508133185,0.030152499919403775,0.021620986246441837,1.0,0.12
00_normal_p2l_v2:0056,00_normal_p2l_v2,31.18999999999996,31.589999999999957,20.0,1.0,3.259019711302769e-05,3.259133187353269e-05,3.259019712440053e-05,1.0,0.06,20.0,1.0,0.00024144659504000385,0.00024145593457920896,0.00024144659514398716,1.0,0.08,40.0,1.0,0.00013300892186305543,0.0002680891992697007,0.0001716283889472125,1.0,0.08,6.0,1.0,0.036535317591658616,0.07343609512938742,0.045729564572225184,1.0,0.12
00_normal_p2l_v2:0057,00_normal_p2l_v2,31.389999999999958,31.789999999999957,20.0,1.0,3.259169016606167e-05,3.259282481183345e-05,3.2591690177431706e-05,1.0,0.06,20.0,1.0,0.0002414343062129857,0.0002414436457062495,0.00024143430631697326,1.0,0.08,40.0,1.0,0.0001384414829512057,0.0002819800783585151,0.00017016096580778014,1.0,0.08,6.0,1.0,0.050245042327793664,0.07777923142139297,0.0590114454276861,1.0,0.12
00_normal_p2l_v2:0058,00_normal_p2l_v2,31.589999999999957,31.989999999999956,20.0,1.0,3.2593183069790085e-05,3.259431760243015e-05,3.259318308115733e-05,1.0,0.06,20.0,1.0,0.00024142201744885788,0.00024143135689230622,0.0002414220175528496,1.0,0.08,40.0,1.0,0.00012341210403887625,0.00023797199099166887,0.00015235788961263211,1.0,0.08,6.0,1.0,0.03422090429802488,0.07000642089501777,0.042779895389084784,1.0,0.12
00_normal_p2l_v2:0059,00_normal_p2l_v2,31.789999999999957,32.189999999999955,20.0,1.0,0.00512239843845341,0.0211970215574114,0.012185624000608108,1.0,0.06,20.0,1.0,0.010369801513751758,0.04196651538058071,0.025357047128047757,1.0,0.08,40.0,1.0,0.010705425931298283,0.04062912759860605,0.028286371311023958,0.95,0.08,6.0,1.0,0.022680963572604226,0.04028627628936059,0.028797402687361855,1.0,0.12
00_normal_p2l_v2:0060,00_normal_p2l_v2,31.989999999999956,32.38999999999996,20.0,1.0,0.012117849728639584,0.03714352285143662,0.020272457093834184,1.0,0.06,20.0,1.0,0.04483673684938704,0.11338685494062421,0.06913848243905116,0.85,0.08,40.0,1.0,0.027520170443725,0.09298405160440557,0.04655986735768896,0.875,0.08,6.0,1.0,0.025542506589395803,0.052469497190314573,0.03288860549170815,1.0,0.12
00_normal_p2l_v2:0061,00_normal_p2l_v2,32.189999999999955,32.589999999999954,20.0,1.0,0.00808732171517695,0.025606440042462368,0.016272870279861216,1.0,0.06,20.0,1.0,0.04476025998064119,0.11338685494062421,0.06591158730688351,0.85,0.08,40.0,1.0,0.017098109086133857,0.06442296967013776,0.03698422483299731,0.925,0.08,6.0,1.0,0.0223872558224808,0.040478806876057496,0.026521699643532612,1.0,0.12
00_normal_p2l_v2:0062,00_normal_p2l_v2,32.38999999999996,32.78999999999996,20.0,1.0,0.0014282284186323824,0.002265862135515451,0.001653010054596617,1.0,0.06,20.0,1.0,0.023725226187304077,0.029703775688442107,0.024043897808955172,1.0,0.08,40.0,1.0,0.0005000626249848899,0.001042991601574972,0.0006122299428095209,1.0,0.08,6.0,1.0,0.015859012790017283,0.026834210461441937,0.018553579851813922,1.0,0.12
00_normal_p2l_v2:0063,00_normal_p2l_v2,32.589999999999954,32.98999999999995,20.0,1.0,0.00039937933308023256,0.0012382246726587612,0.0006435266841049128,1.0,0.06,20.0,1.0,0.028943665785180605,0.030790644089150877,0.02906407010469828,1.0,0.08,40.0,1.0,0.0003532124478529158,0.001042991601574972,0.0005222740747152368,1.0,0.08,6.0,1.0,0.017163633356057518,0.0350491921922054,0.022315477380703382,1.0,0.12
00_normal_p2l_v2:0064,00_normal_p2l_v2,32.78999999999995,33.18999999999995,20.0,1.0,9.513678670562964e-05,9.736094287005891e-05,9.52033513766101e-05,1.0,0.06,20.0,1.0,0.0307887437206096,0.03079693055658416,0.03078874780918556,1.0,0.08,40.0,1.0,0.00013906447784714228,0.0002541678992390218,0.00017106544214945914,1.0,0.08,6.0,1.0,0.01876636278777756,0.0350491921922054,0.023971858563620482,1.0,0.12
00_normal_p2l_v2:0065,00_normal_p2l_v2,32.98999999999995,33.38999999999995,20.0,1.0,9.791039653223865e-05,9.958571505514491e-05,9.791840394795825e-05,1.0,0.06,20.0,1.0,0.030797988067326858,0.030801782897274865,0.030797988215499655,1.0,0.08,40.0,1.0,0.00014263653935195215,0.00030176625038925715,0.00018044255562746453,1.0,0.08,6.0,1.0,0.019903517340192276,0.03472856481142275,0.02368910249995788,1.0,0.12
00_normal_p2l_v2:0066,00_normal_p2l_v2,33.189999999999955,33.589999999999954,20.0,1.0,0.0001001822582667844,0.00010200951814603453,0.00010019160221511645,1.0,0.06,20.0,1.0,0.03080249004103694,0.030805181440096262,0.030802490118799035,1.0,0.08,40.0,1.0,0.00013911145865058429,0.0003543101961928086,0.00018878262875618072,1.0,0.08,6.0,1.0,0.02402493818231075,0.040335945684933566,0.027529951302450915,1.0,0.12
00_normal_p2l_v2:0067,00_normal_p2l_v2,33.38999999999995,33.78999999999995,20.0,1.0,0.00010678961009672472,0.00010381934864233111,0.00011533133641128713,1.0,0.06,20.0,1.0,0.03065033494637136,0.030806516758984104,0.03065349156145189,1.0,0.08,40.0,1.0,0.00027584426541358426,0.0006337618026471869,0.00048751971625163337,1.0,0.08,6.0,1.0,0.017945016938261723,0.03074294914880052,0.021013605579239397,1.0,0.12
00_normal_p2l_v2:0068,00_normal_p2l_v2,33.58999999999995,33.989999999999945,20.0,1.0,0.0016932642901691997,0.005001756461802571,0.0026589815362998656,1.0,0.06,20.0,1.0,0.02375024133768216,0.030806516758984104,0.025218898323324426,1.0,0.08,40.0,1.0,0.0017758860229553446,0.003424552488711175,0.004216406775146984,1.0,0.08,6.0,1.0,0.01832504165998336,0.029147415186559972,0.020565268479067967,1.0,0.12
00_normal_p2l_v2:0069,00_normal_p2l_v2,33.78999999999995,34.18999999999995,20.0,1.0,0.004894880531057383,0.006724018646439523,0.00532071554939648,1.0,0.06,20.0,1.0,0.07564489831448885,0.20678895535824332,0.1160398070385437,0.7,0.08,40.0,1.0,0.057098560322324146,0.16901507518490463,0.09476822332341019,0.7,0.08,7.0,1.0,0.02108220255788869,0.033586229038317546,0.02337081250634654,1.0,0.12
00_normal_p2l_v2:0070,00_normal_p2l_v2,33.98999999999995,34.38999999999995,20.0,1.0,0.006553003087973612,0.006724018646439523,0.00655501390416295,1.0,0.06,20.0,1.0,0.06741834752255293,0.20678895535824332,0.11530211960984335,0.7,0.08,40.0,1.0,0.05572316863085702,0.16901507518490463,0.09467696478019029,0.7,0.08,7.0,1.0,0.022931468223937074,0.04358336727187513,0.029212353815629352,1.0,0.12
00_normal_p2l_v2:0071,00_normal_p2l_v2,34.18999999999995,34.58999999999995,20.0,1.0,0.006604336928612129,0.0066181876299556295,0.0066045369544755934,1.0,0.06,20.0,1.0,0.0005505168357002044,0.0005781968002639027,0.0005517066435944271,1.0,0.08,40.0,1.0,0.00025531621522690006,0.00039515155651665426,0.0005319994373231311,1.0,0.08,6.0,1.0,0.022111557668158244,0.04239381325395671,0.029270211327172575,1.0,0.12
00_normal_p2l_v2:0072,00_normal_p2l_v2,34.389999999999944,34.78999999999994,20.0,1.0,0.006618187100724619,0.006618273442848219,0.00661818710143085,1.0,0.06,20.0,1.0,0.0005371510152844483,0.0005567346479859181,0.0005373535749978771,1.0,0.08,40.0,1.0,0.0001555129572262462,0.0003115249808482434,0.00018836787684614815,1.0,0.08,6.0,1.0,0.01750569955559783,0.025616871210638728,0.019492335733452215,1.0,0.12
00_normal_p2l_v2:0073,00_normal_p2l_v2,34.58999999999995,34.989999999999945,20.0,1.0,0.006618204006168424,0.006618273442848219,0.006618204006644319,1.0,0.06,20.0,1.0,0.0005121658310667021,0.0005308523254546838,0.0005123588151186652,1.0,0.08,40.0,1.0,0.00017041991814250175,0.00032099912762222353,0.00021898087862526618,1.0,0.08,6.0,1.0,0.014468124928034695,0.02323788188746341,0.016338223065407966,1.0,0.12
00_normal_p2l_v2:0074,00_normal_p2l_v2,34.78999999999995,35.18999999999995,20.0,1.0,0.006617949982327655,0.0066182126540968115,0.006617949986255537,1.0,0.06,20.0,1.0,0.0004884407224129278,0.0005061385450041478,0.0004886217797879219,1.0,0.08,40.0,1.0,0.00016736883736144514,0.00033859851331886074,0.00022743798360403452,1.0,0.08,6.0,1.0,0.024718404023783735,0.05585967172917595,0.03719090921244691,1.0,0.12
00_normal_p2l_v2:0075,00_normal_p2l_v2,34.989999999999945,35.389999999999944,20.0,1.0,0.006617426330833594,0.00661789348242722,0.006617426341826758,1.0,0.06,20.0,1.0,0.0004660918719754964,0.00048271436945513947,0.0004662587851526282,1.0,0.08,40.0,1.0,0.0001629379730057723,0.00032574870135249626,0.0002170148116793734,1.0,0.08,6.0,1.0,0.029027365929684943,0.0655450803484964,0.04118986947845966,1.0,0.12
00_normal_p2l_v2:0076,00_normal_p2l_v2,35.18999999999994,35.58999999999994,20.0,1.0,0.0066166356723697415,0.006617304973709737,0.006616635693902733,1.0,0.06,20.0,1.0,0.0004452286815018913,0.00046069449471938806,0.00044537946098119693,1.0,0.08,40.0,1.0,0.00015891459033320204,0.0003273283015160334,0.00020792189961907248,1.0,0.08,6.0,1.0,0.025260834350028464,0.042823072344993426,0.029699778806285666,1.0,0.12
00_normal_p2l_v2:0077,00_normal_p2l_v2,35.389999999999944,35.78999999999994,20.0,1.0,0.0066155819329890755,0.006616450065901736,0.006615581968330646,1.0,0.06,20.0,1.0,0.00042595313613354445,0.00044018670047095697,0.0004260861299777107,1.0,0.08,40.0,1.0,0.00015130142842559451,0.00032482335030297187,0.0001916556022030995,1.0,0.08,6.0,1.0,0.020950567065290377,0.03503313411243987,0.02427320628009209,1.0,0.12
00_normal_p2l_v2:0078,00_normal_p2l_v2,35.58999999999995,35.989999999999945,20.0,1.0,0.02306887978105101,0.06433513753219534,0.03379286052445216,0.85,0.06,20.0,1.0,0.03700310239923062,0.11695792494063746,0.07036579995087734,0.8,0.08,40.0,1.0,0.027617326385187844,0.09958429678643649,0.050942975112627124,0.85,0.08,6.0,1.0,0.022328875489097916,0.05117192791918357,0.03450031009598417,1.0,0.12
00_normal_p2l_v2:0079,00_normal_p2l_v2,35.78999999999994,36.18999999999994,20.0,1.0,0.020356259967875868,0.06433513753219534,0.0335406941685252,0.85,0.06,20.0,1.0,0.03914763320811832,0.11695792494063746,0.07085007844131855,0.8,0.08,40.0,1.0,0.03083306190675863,0.09958429678643649,0.052091063730302846,0.85,0.08,6.0,1.0,0.02141643283208537,0.04689086706644967,0.0338560382908903,1.0,0.12
01_low_friction_mu_0p12_p2l_v2:0000,01_low_friction_mu_0p12_p2l_v2,11.78,12.18,20.0,1.0,5.108517445606925e-19,8.083844458051005e-19,5.827002238642715e-19,1.0,0.06,20.0,1.0,3.7238446458850177e-19,8.175366908961281e-19,4.8728680339863015e-19,1.0,0.08,40.0,1.0,0.0001657906815856586,0.00028412757957755263,0.0002014478599041148,1.0,0.08,6.0,1.0,0.017818330042594983,0.02636569792210188,0.019470480617172277,1.0,0.12
01_low_friction_mu_0p12_p2l_v2:0001,01_low_friction_mu_0p12_p2l_v2,11.979999999999999,12.379999999999999,20.0,1.0,2.404133654290779e-05,2.2212104414643784e-05,7.624512790653618e-05,1.0,0.06,20.0,1.0,8.464956496820069e-17,7.859870333506569e-17,2.6766698565988345e-16,1.0,0.08,40.0,1.0,0.00015437657438167277,0.00029017651002051866,0.00018862022687275877,1.0,0.08,6.0,1.0,0.021236861622163216,0.02632873170992609,0.022087890628707602,1.0,0.12
01_low_friction_mu_0p12_p2l_v2:0002,01_low_friction_mu_0p12_p2l_v2,12.179999999999998,12.579999999999998,20.0,1.0,0.025220842831970503,0.07970642113239328,0.042155523096514984,0.8,0.06,20.0,1.0,1.6729195216476222e-15,4.596554122282298e-15,2.5180930104227925e-15,1.0,0.08,40.0,1.0,0.00017206358007251825,0.0003092198458843835,0.00020891709030455093,1.0,0.08,6.0,1.0,0.03475065105265026,0.06432254219072442,0.04546093611768243,1.0,0.12
01_low_friction_mu_0p12_p2l_v2:0003,01_low_friction_mu_0p12_p2l_v2,12.379999999999997,12.779999999999998,20.0,1.0,0.026680617517120662,0.07970642113239328,0.04228441081309085,0.8,0.06,20.0,1.0,1.8356114497215676e-15,4.596554122282298e-15,2.5287474079391664e-15,1.0,0.08,40.0,1.0,0.00017836593437075418,0.00033377951049950224,0.0002125420413584253,1.0,0.08,6.0,1.0,0.02843037246454884,0.06047969684486172,0.04312362489302059,1.0,0.12
01_low_friction_mu_0p12_p2l_v2:0004,01_low_friction_mu_0p12_p2l_v2,12.579999999999997,12.979999999999997,20.0,1.0,0.0033350940399339266,0.007378639178793131,0.004949780919715649,1.0,0.06,20.0,1.0,5.560952215760151e-16,6.2488725844043e-16,5.623484697944626e-16,1.0,0.08,40.0,1.0,0.0001673435408850083,0.00033623803840134064,0.0002102633691221409,1.0,0.08,6.0,1.0,0.013629101780572153,0.018693382950823415,0.014659658200010523,1.0,0.12
01_low_friction_mu_0p12_p2l_v2:0005,01_low_friction_mu_0p12_p2l_v2,12.779999999999996,13.179999999999996,20.0,1.0,0.0029673395963006805,0.007378637323947087,0.004666704967769688,1.0,0.06,20.0,1.0,6.529457967150754e-16,7.204208001179502e-16,6.545467658943392e-16,1.0,0.08,40.0,1.0,0.0001691747934730549,0.0003271239522750258,0.00021139866349456762,1.0,0.08,6.0,1.0,0.026853635403437007,0.05250485715317503,0.035552460819567276,1.0,0.12
01_low_friction_mu_0p12_p2l_v2:0006,01_low_friction_mu_0p12_p2l_v2,12.979999999999995,13.379999999999995,20.0,1.0,0.0029673393819496102,0.0073786368822233075,0.004666704770895374,1.0,0.06,20.0,1.0,7.2227953120842985e-16,7.769115734024017e-16,7.237810576090834e-16,1.0,0.08,40.0,1.0,0.00017213665809362732,0.00032950408751667424,0.00021151880357942702,1.0,0.08,6.0,1.0,0.023079646267851764,0.05250485715317503,0.03434115978399818,1.0,0.12
01_low_friction_mu_0p12_p2l_v2:0007,01_low_friction_mu_0p12_p2l_v2,13.179999999999994,13.579999999999995,20.0,1.0,0.0029673393524182815,0.007378636866268831,0.004666704761011691,1.0,0.06,20.0,1.0,8.16962854540949e-16,9.04702155153566e-16,8.19784093973297e-16,1.0,0.08,40.0,1.0,0.00015762340975998865,0.00028177962174273045,0.0001974392656793652,1.0,0.08,6.0,1.0,0.013424574225328589,0.02353987112536776,0.01559940153416843,1.0,0.12
01_low_friction_mu_0p12_p2l_v2:0008,01_low_friction_mu_0p12_p2l_v2,13.379999999999994,13.779999999999994,20.0,1.0,0.002599731222618161,0.007378636859954412,0.0043653126174792705,1.0,0.06,20.0,1.0,9.426683430700089e-16,1.0349509366853542e-15,9.458213998063502e-16,1.0,0.08,40.0,1.0,0.00014321019895409447,0.00024003035888051793,0.00018079418991795941,1.0,0.08,6.0,1.0,0.02137152559797072,0.03171780747911013,0.023313974387215428,1.0,0.12
01_low_friction_mu_0p12_p2l_v2:0009,01_low_friction_mu_0p12_p2l_v2,13.579999999999993,13.979999999999993,20.0,1.0,0.003334947474130949,0.007378636859668053,0.004949779020115865,1.0,0.06,20.0,1.0,1.0754947675249684e-15,1.1968151640434508e-15,1.0786895681101301e-15,1.0,0.08,40.0,1.0,0.00018255674601541741,0.0003834782600922475,0.0002331120351124529,1.0,0.08,6.0,1.0,0.02339219983835261,0.034613096496704326,0.02509848538383975,1.0,0.12
01_low_friction_mu_0p12_p2l_v2:0010,01_low_friction_mu_0p12_p2l_v2,13.779999999999992,14.179999999999993,20.0,1.0,0.0029673393481657205,0.007378636859668053,0.004666704757874135,1.0,0.06,20.0,1.0,1.2322634812001842e-15,1.3563259068264594e-15,1.2364290875960462e-15,1.0,0.08,40.0,1.0,0.0001872368223471986,0.0003626772040275493,0.00023026988292518317,1.0,0.08,6.0,1.0,0.022440801596049803,0.03683999516463367,0.02482312001143548,1.0,0.12
01_low_friction_mu_0p12_p2l_v2:0011,01_low_friction_mu_0p12_p2l_v2,13.979999999999992,14.379999999999992,20.0,1.0,0.0029673393481657886,0.007378636859667914,0.004666704757874209,1.0,0.06,20.0,1.0,1.416143561825888e-15,1.5792123292920502e-15,1.4204953013186589e-15,1.0,0.08,40.0,1.0,0.00018012222652638438,0.00028069026345925864,0.00020959293325411796,1.0,0.08,6.0,1.0,0.018207554291019997,0.030180668107421885,0.021273192122645397,1.0,0.12
01_low_friction_mu_0p12_p2l_v2:0012,01_low_friction_mu_0p12_p2l_v2,14.17999999999999,14.579999999999991,20.0,1.0,0.002967339348165299,0.007378636859667914,0.004666704757873754,1.0,0.06,20.0,1.0,1.6303150169815615e-15,1.800087608387443e-15,1.6361320461484987e-15,1.0,0.08,40.0,1.0,0.00019312758733791146,0.0003435519587782982,0.00022748951850804888,1.0,0.08,6.0,1.0,0.029715240088315924,0.06033356626168039,0.03752474911442631,1.0,0.12
01_low_friction_mu_0p12_p2l_v2:0013,01_low_friction_mu_0p12_p2l_v2,14.37999999999999,14.77999999999999,20.0,1.0,0.002599731222206783,0.007378636859667914,0.004365312617253697,1.0,0.06,20.0,1.0,1.881092693721966e-15,2.0718630305971116e-15,1.8874325922115624e-15,1.0,0.08,40.0,1.0,0.0001685997532956302,0.00034303548232496957,0.00020439720580920287,1.0,0.08,6.0,1.0,0.03187228156990957,0.06033356626168039,0.03918729430840015,1.0,0.12
01_low_friction_mu_0p12_p2l_v2:0014,01_low_friction_mu_0p12_p2l_v2,14.57999999999999,14.97999999999999,20.0,1.0,0.0033349474741246735,0.007378636859667914,0.004949779020114846,1.0,0.06,20.0,1.0,2.158196569569004e-15,2.4165655657634503e-15,2.1653990251535693e-15,1.0,0.08,40.0,1.0,0.00014590555300757985,0.00026626949694703693,0.00017651290649941734,1.0,0.08,6.0,1.0,0.015816647831769563,0.028074065339184676,0.019637455545315482,1.0,0.12
01_low_friction_mu_0p12_p2l_v2:0015,01_low_friction_mu_0p12_p2l_v2,14.779999999999989,15.179999999999989,20.0,1.0,0.0029673393481660024,0.007378636859667914,0.004666704757873697,1.0,0.06,20.0,1.0,2.4680018098413975e-15,2.7020033353028223e-15,2.475562187227123e-15,1.0,0.08,40.0,1.0,0.00017256574677755452,0.00036738410061238665,0.00021051959149540067,1.0,0.08,6.0,1.0,0.015766638247267924,0.025088658296864505,0.017918177181580192,1.0,0.12
01_low_friction_mu_0p12_p2l_v2:0016,01_low_friction_mu_0p12_p2l_v2,14.979999999999988,15.379999999999988,20.0,1.0,0.002967339348165526,0.007378636859667914,0.004666704757873786,1.0,0.06,20.0,1.0,2.8224174783414975e-15,3.1366167999513563e-15,2.830998499285053e-15,1.0,0.08,40.0,1.0,0.0001903967301244449,0.0004016672615740032,0.00023113343614893577,1.0,0.08,7.0,1.0,0.019064268265983248,0.027225279943327095,0.01984893085154892,1.0,0.12
01_low_friction_mu_0p12_p2l_v2:0017,01_low_friction_mu_0p12_p2l_v2,15.179999999999987,15.579999999999988,20.0,1.0,0.0029673393481654416,0.007378636859667914,0.004666704757873693,1.0,0.06,20.0,1.0,3.250963116968864e-15,3.5972486756455494e-15,3.2625178331877013e-15,1.0,0.08,40.0,1.0,0.0001505815016740022,0.00032772280309421837,0.00019280416675084317,1.0,0.08,7.0,1.0,0.016215787921301687,0.023366239070235138,0.017889459375910247,1.0,0.12
01_low_friction_mu_0p12_p2l_v2:0018,01_low_friction_mu_0p12_p2l_v2,15.379999999999987,15.779999999999987,20.0,1.0,0.002599731222206926,0.007378636859667914,0.0043653126172536316,1.0,0.06,20.0,1.0,3.7398928429129734e-15,4.097103174955822e-15,3.751742007667584e-15,1.0,0.08,40.0,1.0,0.0001445603838590212,0.00031190528936353245,0.00018554224389762193,1.0,0.08,6.0,1.0,0.01302693976047927,0.023689286937956536,0.016256745174187296,1.0,0.12
01_low_friction_mu_0p12_p2l_v2:0019,01_low_friction_mu_0p12_p2l_v2,15.579999999999986,15.979999999999986,20.0,1.0,0.003334947474124053,0.007378636859667914,0.0049497790201147454,1.0,0.06,20.0,1.0,4.279343671010203e-15,4.792836551655562e-15,4.293476664745038e-15,1.0,0.08,40.0,1.0,0.00016672478587033103,0.0003564764854035426,0.00020567854328312586,1.0,0.08,6.0,1.0,0.02287050755010525,0.0405317048532013,0.028226052646221175,1.0,0.12
01_low_friction_mu_0p12_p2l_v2:0020,01_low_friction_mu_0p12_p2l_v2,15.779999999999985,16.179999999999986,20.0,1.0,0.001864514970289989,0.007378636859667864,0.0036893896710349164,1.0,0.06,20.0,1.0,4.940867203178325e-15,5.500267751905392e-15,4.959327542249117e-15,1.0,0.08,40.0,1.0,0.00015447042369600661,0.0003225118783108847,0.00019842592503923893,1.0,0.08,6.0,1.0,0.039157545175273596,0.05803984766835532,0.04264995974394557,1.0,0.12
01_low_friction_mu_0p12_p2l_v2:0021,01_low_friction_mu_0p12_p2l_v2,15.979999999999984,16.379999999999985,20.0,1.0,2.6474340497677218e-05,2.6474340498330863e-05,2.6474340497677218e-05,1.0,0.06,20.0,1.0,5.705016414318491e-15,6.3110693962216406e-15,5.722776620567232e-15,1.0,0.08,40.0,1.0,0.0001611336431749372,0.00034325428232026594,0.0002071282464046989,1.0,0.08,6.0,1.0,0.038564995849437324,0.07254042146219392,0.04849982624984327,1.0,0.12
01_low_friction_mu_0p12_p2l_v2:0022,01_low_friction_mu_0p12_p2l_v2,16.179999999999986,16.579999999999984,20.0,1.0,2.6474340497556482e-05,2.6474340498330863e-05,2.6474340497556482e-05,1.0,0.06,20.0,1.0,6.548990071120068e-15,7.266607140793861e-15,6.56997099720923e-15,1.0,0.08,40.0,1.0,0.00016812645237855445,0.0003360942159439337,0.00021017319956011254,1.0,0.08,6.0,1.0,0.028174449849919198,0.06886859932515096,0.04133494096015481,1.0,0.12
01_low_friction_mu_0p12_p2l_v2:0023,01_low_friction_mu_0p12_p2l_v2,16.37999999999998,16.77999999999998,20.0,1.0,2.6474340497635585e-05,2.6474340498405802e-05,2.6474340497635585e-05,1.0,0.06,20.0,1.0,7.512305081545932e-15,8.301965471429701e-15,7.535594522457704e-15,1.0,0.08,40.0,1.0,0.00016210444505758933,0.0003222627217012778,0.00020423480268902294,1.0,0.08,6.0,1.0,0.02215123503400011,0.04811763585894718,0.029101145733073,1.0,0.12
01_low_friction_mu_0p12_p2l_v2:0024,01_low_friction_mu_0p12_p2l_v2,16.579999999999984,16.979999999999983,20.0,1.0,0.0005846408987025056,0.00026133509718721305,0.002047198220411168,1.0,0.06,20.0,1.0,8.645822738598564e-15,9.537779574677646e-15,8.678049117472715e-15,1.0,0.08,40.0,1.0,0.00013018824816395124,0.00021949553640267103,0.00016838829772424142,1.0,0.08,6.0,1.0,0.021202111751854002,0.03742354387353343,0.025225189723925266,1.0,0.12
01_low_friction_mu_0p12_p2l_v2:0025,01_low_friction_mu_0p12_p2l_v2,16.77999999999998,17.17999999999998,20.0,1.0,0.01024316256560127,0.03158108985310922,0.017820724500479244,1.0,0.06,20.0,1.0,1.1648510657150069e-14,1.5772928686896075e-14,1.1962787164663525e-14,1.0,0.08,40.0,1.0,0.00010891709410452716,0.00021829756967558383,0.0001456112840811552,1.0,0.08,6.0,1.0,0.024045627839897974,0.03860688831107387,0.027050973235653728,1.0,0.12
01_low_friction_mu_0p12_p2l_v2:0026,01_low_friction_mu_0p12_p2l_v2,16.979999999999983,17.37999999999998,20.0,1.0,0.00969028800680799,0.03158108985310922,0.017702774874971877,1.0,0.06,20.0,1.0,1.6105778981639515e-14,1.90838447540019e-14,1.6304743228277036e-14,1.0,0.08,40.0,1.0,0.00013956023207490942,0.00030403028895467323,0.00018343026266528565,1.0,0.08,6.0,1.0,0.026583785862335552,0.04014808823345248,0.028994748094625832,1.0,0.12
01_low_friction_mu_0p12_p2l_v2:0027,01_low_friction_mu_0p12_p2l_v2,17.17999999999998,17.579999999999977,20.0,1.0,3.7058339769127645e-05,3.705834036040745e-05,3.705833976912765e-05,1.0,0.06,20.0,1.0,2.0121302238586742e-14,2.3172361615558932e-14,2.024566313557787e-14,1.0,0.08,40.0,1.0,0.00014863378134311053,0.00030516820512764255,0.0001848080343134778,1.0,0.08,6.0,1.0,0.026155715572082322,0.04350581182825608,0.030250194397365544,1.0,0.12
01_low_friction_mu_0p12_p2l_v2:0028,01_low_friction_mu_0p12_p2l_v2,17.37999999999998,17.77999999999998,20.0,1.0,3.7058340307316584e-05,3.705834039741673e-05,3.7058340307316584e-05,1.0,0.06,20.0,1.0,2.4396362814056555e-14,2.8033315667518016e-14,2.4545114366879573e-14,1.0,0.08,40.0,1.0,0.00013749395701182117,0.0002573044219196064,0.0001660661351784093,1.0,0.08,6.0,1.0,0.032586276459662854,0.06117495374197737,0.03971220596554753,1.0,0.12
01_low_friction_mu_0p12_p2l_v2:0029,01_low_friction_mu_0p12_p2l_v2,17.579999999999977,17.979999999999976,20.0,1.0,0.0003974421626903174,0.0007408063457769254,0.0011470703813243586,1.0,0.06,20.0,1.0,2.9673717140199043e-14,3.4389374257744137e-14,2.987460789435248e-14,1.0,0.08,40.0,1.0,0.00013344872944565203,0.00028175852968549594,0.00016872853278861015,1.0,0.08,6.0,1.0,0.04004331755098326,0.05967037728498867,0.04339112261598678,1.0,0.12
01_low_friction_mu_0p12_p2l_v2:0030,01_low_friction_mu_0p12_p2l_v2,17.77999999999998,18.17999999999998,20.0,1.0,0.005092355551720562,0.012438897255696213,0.007197564684813735,1.0,0.06,20.0,1.0,3.758167223557584e-14,4.462080186018982e-14,3.797677880180839e-14,1.0,0.08,40.0,1.0,0.00014744843344119743,0.00032177349444264885,0.00019421969812129691,1.0,0.08,6.0,1.0,0.03518278720542075,0.05849349742584331,0.04055953254751059,1.0,0.12
01_low_friction_mu_0p12_p2l_v2:0031,01_low_friction_mu_0p12_p2l_v2,17.979999999999976,18.379999999999974,20.0,1.0,0.004783794001347194,0.012438897255696213,0.007108700278508383,1.0,0.06,20.0,1.0,4.551826355807454e-14,5.07614497148729e-14,4.5681069737542446e-14,1.0,0.08,40.0,1.0,0.00012660194260586663,0.00030142136500434957,0.00017438555964451166,1.0,0.08,6.0,1.0,0.020588627757599804,0.045322806953013856,0.030697243956808257,1.0,0.12
01_low_friction_mu_0p12_p2l_v2:0032,01_low_friction_mu_0p12_p2l_v2,18.17999999999998,18.579999999999977,20.0,1.0,8.890783992671347e-05,5.3691600953048824e-05,0.00021084291973370544,1.0,0.06,20.0,1.0,5.3559876776028156e-14,6.155189161537076e-14,5.387725245579447e-14,1.0,0.08,40.0,1.0,0.00016766831727607086,0.0003522644439054654,0.00021489104165470986,1.0,0.08,6.0,1.0,0.01581202569047943,0.022844577041836095,0.018441830439048235,1.0,0.12
01_low_friction_mu_0p12_p2l_v2:0033,01_low_friction_mu_0p12_p2l_v2,18.379999999999974,18.779999999999973,20.0,1.0,3.7112367332731154e-05,3.7113228777185817e-05,3.7112367337292745e-05,1.0,0.06,20.0,1.0,6.483974217801477e-14,7.458130274469294e-14,6.52356202613484e-14,1.0,0.08,40.0,1.0,0.0002020917725769413,0.0003688388356094341,0.00023695139345735651,1.0,0.08,6.0,1.0,0.023412615484648874,0.03446624862035905,0.026086100008471308,1.0,0.12
01_low_friction_mu_0p12_p2l_v2:0034,01_low_friction_mu_0p12_p2l_v2,18.579999999999977,18.979999999999976,20.0,1.0,0.0036777871736504734,0.01008779952631223,0.005647442199799581,1.0,0.06,20.0,1.0,8.068584003765049e-14,9.707260372991018e-14,8.14582447189586e-14,1.0,0.08,40.0,1.0,0.00016818193284407314,0.0003248003615404498,0.00020792526954550996,1.0,0.08,6.0,1.0,0.02273392621878644,0.038748098783731644,0.02610429162494303,1.0,0.12
01_low_friction_mu_0p12_p2l_v2:0035,01_low_friction_mu_0p12_p2l_v2,18.779999999999973,19.17999999999997,20.0,1.0,0.02199203716554763,0.0793524090386465,0.03855783532751212,0.8,0.06,20.0,1.0,0.04386486147484866,0.2133151438816803,0.09578021277171003,0.8,0.08,40.0,1.0,0.0016694021052768768,0.0050808964580321475,0.004416047931417697,1.0,0.08,6.0,1.0,0.02952359784338482,0.05211149190421405,0.03584167608790023,1.0,0.12
01_low_friction_mu_0p12_p2l_v2:0036,01_low_friction_mu_0p12_p2l_v2,18.979999999999976,19.379999999999974,20.0,1.0,0.03032937469451852,0.0793524090386465,0.043237396191353875,0.8,0.06,20.0,1.0,0.10235648353976243,0.2133151438816803,0.13191287650985342,0.45,0.08,40.0,1.0,0.006171103776308905,0.017889244257950042,0.00936541773968872,1.0,0.08,6.0,1.0,0.02552154617702693,0.04884314883867946,0.03352848728504888,1.0,0.12
01_low_friction_mu_0p12_p2l_v2:0037,01_low_friction_mu_0p12_p2l_v2,19.17999999999997,19.57999999999997,20.0,1.0,0.012193362949384383,0.03678961730222296,0.020371003182358283,1.0,0.06,20.0,1.0,0.06962374872452068,0.16811405974173452,0.09209109906016796,0.65,0.08,40.0,1.0,0.00538400921934013,0.01606811024553283,0.008595653467905391,1.0,0.08,6.0,1.0,0.014144490103636298,0.02378752438601006,0.016209614694232755,1.0,0.12
01_low_friction_mu_0p12_p2l_v2:0038,01_low_friction_mu_0p12_p2l_v2,19.379999999999974,19.779999999999973,20.0,1.0,0.00022373520250330847,0.0003642719064178273,0.0005661654973226366,1.0,0.06,20.0,1.0,0.02138076031671078,0.0224434937679632,0.021533269208397546,1.0,0.08,40.0,1.0,0.0008876565184557067,0.0014198263682096814,0.002382544948820186,1.0,0.08,6.0,1.0,0.023848740798860582,0.03470915671081594,0.02655416037052285,1.0,0.12
01_low_friction_mu_0p12_p2l_v2:0039,01_low_friction_mu_0p12_p2l_v2,19.57999999999997,19.97999999999997,20.0,1.0,5.308969122321677e-05,5.428306019330531e-05,5.309755449137555e-05,1.0,0.06,20.0,1.0,0.0205017424373851,0.02050847216081384,0.020501743087128904,1.0,0.08,40.0,1.0,0.00017817580402124735,0.0003477825747093739,0.00021824525280369486,1.0,0.08,6.0,1.0,0.02105328317304585,0.03470915671081594,0.024613222828571854,1.0,0.12
01_low_friction_mu_0p12_p2l_v2:0040,01_low_friction_mu_0p12_p2l_v2,19.779999999999973,20.17999999999997,20.0,1.0,0.002779390898692849,0.010126937338972927,0.005662437584473746,1.0,0.06,20.0,1.0,0.08346173593070161,0.30074810330624724,0.14231543639497002,0.8,0.08,40.0,1.0,0.006274223199880598,0.0222612986184888,0.012796905443847073,1.0,0.08,6.0,1.0,0.018232610933042574,0.03820121880163904,0.023707432072123065,1.0,0.12
01_low_friction_mu_0p12_p2l_v2:0041,01_low_friction_mu_0p12_p2l_v2,19.97999999999997,20.379999999999967,20.0,1.0,0.016287324276827598,0.02918591117429422,0.020041429235765056,1.0,0.06,20.0,1.0,0.16123685176738983,0.30074810330624724,0.18997582036780977,0.3,0.08,40.0,1.0,0.009462895318293968,0.022269724019265445,0.014491607961731129,1.0,0.08,6.0,1.0,0.022310678987599395,0.03820121880163904,0.025886862615452453,1.0,0.12
01_low_friction_mu_0p12_p2l_v2:0042,01_low_friction_mu_0p12_p2l_v2,20.17999999999997,20.57999999999997,20.0,1.0,0.024120447113988593,0.02918591117429422,0.02444748203235584,1.0,0.06,20.0,1.0,0.14200268092890903,0.20189893431995926,0.14829568711000332,0.0,0.08,40.0,1.0,0.003373986679721401,0.011892489046777048,0.0068046161727354755,1.0,0.08,6.0,1.0,0.020020786963964643,0.035578358894132106,0.024317051174519873,1.0,0.12
01_low_friction_mu_0p12_p2l_v2:0043,01_low_friction_mu_0p12_p2l_v2,20.379999999999967,20.779999999999966,20.0,1.0,0.01613836081475905,0.023716344334379986,0.017151936703751734,1.0,0.06,20.0,1.0,0.08154503780757662,0.12184508971169998,0.08703673080554472,0.5,0.08,40.0,1.0,0.00017838065108042868,0.000326205190479062,0.00023933261980416153,1.0,0.08,6.0,1.0,0.029166927218777294,0.04544366454230492,0.03311443260578877,1.0,0.12
01_low_friction_mu_0p12_p2l_v2:0044,01_low_friction_mu_0p12_p2l_v2,20.57999999999997,20.97999999999997,20.0,1.0,0.007013595565906071,0.013812017291953691,0.008431597379258115,1.0,0.06,20.0,1.0,0.03578588025842536,0.06861399809866923,0.04217923650773185,1.0,0.08,40.0,1.0,0.0009037842250525528,0.002893921613959511,0.0015018723267774857,1.0,0.08,6.0,1.0,0.03552297319249975,0.04514459976037266,0.036544657120604104,1.0,0.12
01_low_friction_mu_0p12_p2l_v2:0045,01_low_friction_mu_0p12_p2l_v2,20.779999999999966,21.179999999999964,20.0,1.0,0.0032369242298327912,0.005651738629004314,0.004424448822508521,1.0,0.06,20.0,1.0,0.017796514520659817,0.0274128529482432,0.01886705382666812,1.0,0.08,40.0,1.0,0.0025969073719660806,0.005637696407827054,0.005000144420950686,1.0,0.08,6.0,1.0,0.031153537863723962,0.0471618733721442,0.03433895253932824,1.0,0.12
01_low_friction_mu_0p12_p2l_v2:0046,01_low_friction_mu_0p12_p2l_v2,20.97999999999997,21.379999999999967,20.0,1.0,0.06538119944486206,0.17276193708917903,0.09527094046174304,0.55,0.06,20.0,1.0,0.05421865660821627,0.1421915677731062,0.07379787273497558,0.75,0.08,40.0,1.0,0.006451521800510268,0.017407419901278177,0.009571150565162065,1.0,0.08,6.0,1.0,0.03300338920533433,0.05882330733392048,0.039295633829614256,1.0,0.12
01_low_friction_mu_0p12_p2l_v2:0047,01_low_friction_mu_0p12_p2l_v2,21.179999999999964,21.579999999999963,20.0,1.0,0.06879086117211523,0.17276193708917903,0.09593923180446637,0.55,0.06,20.0,1.0,0.04523721122097064,0.1421915677731062,0.07240022536829983,0.75,0.08,40.0,1.0,0.005283118806358835,0.01610729319310841,0.008492282939222622,1.0,0.08,6.0,1.0,0.0336214720729065,0.05174753517687347,0.037832945363340545,1.0,0.12
01_low_friction_mu_0p12_p2l_v2:0048,01_low_friction_mu_0p12_p2l_v2,21.379999999999967,21.779999999999966,20.0,1.0,0.005185029783713512,0.018911310205702844,0.011932083842375643,1.0,0.06,20.0,1.0,0.0005997712693284038,0.0008296065373847098,0.0019254623667571275,1.0,0.08,40.0,1.0,0.0006933840886077497,0.0006756994398023818,0.0018176255446258982,1.0,0.08,6.0,1.0,0.027845552524753004,0.035503867637852383,0.029146904508842653,1.0,0.12
01_low_friction_mu_0p12_p2l_v2:0049,01_low_friction_mu_0p12_p2l_v2,21.579999999999963,21.97999999999996,20.0,1.0,0.00019385375847218926,0.0002877668744128875,0.0006377823849502858,1.0,0.06,20.0,1.0,4.005856862893668e-06,5.98375761435742e-06,1.3176035274965763e-05,1.0,0.08,40.0,1.0,0.0001710670204359547,0.00032158227930835644,0.00020904338965815398,1.0,0.08,7.0,1.0,0.019916359538722367,0.03543424835086665,0.023993212798651953,1.0,0.12
01_low_friction_mu_0p12_p2l_v2:0050,01_low_friction_mu_0p12_p2l_v2,21.779999999999966,22.179999999999964,20.0,1.0,0.10624852901385813,0.2725478725062439,0.1641040329763272,0.6,0.06,20.0,1.0,0.0003698483261552253,0.0011559471878402395,0.0006136784644620414,1.0,0.08,40.0,1.0,0.00016795404685284045,0.0003345242558683689,0.00020688999984964292,1.0,0.08,7.0,1.0,0.017803376896371226,0.02856305164194556,0.020472467820797483,1.0,0.12
01_low_friction_mu_0p12_p2l_v2:0051,01_low_friction_mu_0p12_p2l_v2,21.97999999999996,22.37999999999996,20.0,1.0,0.19513570663182614,0.2725478725062439,0.20769059247577168,0.1,0.06,20.0,1.0,0.0017095326709272419,0.003254278750088663,0.0020462559003563727,1.0,0.08,40.0,1.0,0.000190633117335521,0.0003792554833019209,0.00024408789510109997,1.0,0.08,6.0,1.0,0.025441070982761212,0.034019643191837895,0.026448937124110335,1.0,0.12
01_low_friction_mu_0p12_p2l_v2:0052,01_low_friction_mu_0p12_p2l_v2,22.179999999999964,22.579999999999963,20.0,1.0,0.13311590234345855,0.2015859935110995,0.14289369605870872,0.1,0.06,20.0,1.0,0.003958031645682204,0.005987410435936744,0.004223893642021937,1.0,0.08,40.0,1.0,0.00018319703261918655,0.00035688347486239203,0.00024027078378947945,1.0,0.08,6.0,1.0,0.02837740166788777,0.05863920179284472,0.038508837810955134,1.0,0.12
01_low_friction_mu_0p12_p2l_v2:0053,01_low_friction_mu_0p12_p2l_v2,22.37999999999996,22.77999999999996,20.0,1.0,0.05054853617898971,0.11149364463219981,0.06618693692812463,0.6,0.06,20.0,1.0,0.0046866707199998015,0.0066408143126931215,0.005010927964813322,1.0,0.08,40.0,1.0,0.0008049483891621422,0.0023755649732334393,0.001252079161444193,1.0,0.08,6.0,1.0,0.021598690448502298,0.053814320716452646,0.034676325945581024,1.0,0.12
01_low_friction_mu_0p12_p2l_v2:0054,01_low_friction_mu_0p12_p2l_v2,22.579999999999963,22.97999999999996,20.0,1.0,0.006530003592995809,0.02344695271916533,0.012952147152365298,1.0,0.06,20.0,1.0,0.0021971259421497305,0.006430894681391837,0.003333176949331686,1.0,0.08,40.0,1.0,0.0007986427335372604,0.0023755649732334393,0.0012501577798018193,1.0,0.08,6.0,1.0,0.016875949505936544,0.026459927541145428,0.018682324964803994,1.0,0.12
01_low_friction_mu_0p12_p2l_v2:0055,01_low_friction_mu_0p12_p2l_v2,22.77999999999996,23.179999999999957,20.0,1.0,3.2404596210061644e-05,3.204577037035361e-05,3.244258532101202e-05,1.0,0.06,20.0,1.0,0.0002477246766626738,0.0002458697261447153,0.0002478580154641476,1.0,0.08,40.0,1.0,0.00013411696158343648,0.00029711053391570495,0.00016454227453119893,1.0,0.08,6.0,1.0,0.024552543829833018,0.03587847041691786,0.026814010290379362,1.0,0.12
01_low_friction_mu_0p12_p2l_v2:0056,01_low_friction_mu_0p12_p2l_v2,22.97999999999996,23.37999999999996,20.0,1.0,3.2045987100476345e-05,3.2047163537535225e-05,3.204598711290695e-05,1.0,0.06,20.0,1.0,0.0002458480714821275,0.0002458574224479734,0.00024584807158449946,1.0,0.08,40.0,1.0,0.0001465808771359919,0.0002694245113333719,0.00017660979025660586,1.0,0.08,6.0,1.0,0.02512770840539567,0.03737482372021095,0.027945636788176614,1.0,0.12
01_low_friction_mu_0p12_p2l_v2:0057,01_low_friction_mu_0p12_p2l_v2,23.179999999999957,23.579999999999956,20.0,1.0,3.204753501617752e-05,3.2048711398940945e-05,3.204753502860682e-05,1.0,0.06,20.0,1.0,0.0002458357675752874,0.0002458451185463096,0.00024583576767766457,1.0,0.08,40.0,1.0,0.00016971741432504853,0.000338211271356469,0.00020942639321955956,1.0,0.08,6.0,1.0,0.031222773906044037,0.06049470922060665,0.038704054851386144,1.0,0.12
01_low_friction_mu_0p12_p2l_v2:0058,01_low_friction_mu_0p12_p2l_v2,23.37999999999996,23.77999999999996,20.0,1.0,3.204908284011598e-05,3.205025911480197e-05,3.204908285254258e-05,1.0,0.06,20.0,1.0,0.0002458234636777604,0.0002458328146352986,0.0002458234637801422,1.0,0.08,40.0,1.0,0.00013788782237800248,0.00031361206788776735,0.0001799496901973783,1.0,0.08,6.0,1.0,0.03796419966128912,0.06049470922060665,0.04277796546991897,1.0,0.12
01_low_friction_mu_0p12_p2l_v2:0059,01_low_friction_mu_0p12_p2l_v2,23.579999999999956,23.979999999999954,20.0,1.0,3.205063052061363e-05,3.205180668216512e-05,3.205063053303712e-05,1.0,0.06,20.0,1.0,0.0002458111598003027,0.00024582051074145374,0.0002458111599026893,1.0,0.08,40.0,1.0,0.00012868814851049406,0.00025769498162725197,0.00016129315793734806,1.0,0.08,6.0,1.0,0.022835662850490452,0.0370395726979732,0.025705714225328632,1.0,0.12
01_low_friction_mu_0p12_p2l_v2:0060,01_low_friction_mu_0p12_p2l_v2,23.77999999999996,24.179999999999957,20.0,1.0,3.2052178043312506e-05,3.205335408287269e-05,3.205217805573287e-05,1.0,0.06,20.0,1.0,0.00024579885594428505,0.0002458082068692789,0.00024579885604667645,1.0,0.08,40.0,1.0,0.00014595040220715118,0.0002561053557983866,0.00017291543880903207,1.0,0.08,6.0,1.0,0.011620125326063121,0.01825811690264048,0.012991383719514093,1.0,0.12
01_low_friction_mu_0p12_p2l_v2:0061,01_low_friction_mu_0p12_p2l_v2,23.979999999999954,24.379999999999953,20.0,1.0,3.205372540784346e-05,3.205490132315303e-05,3.2053725420260665e-05,1.0,0.06,20.0,1.0,0.0002457865521100549,0.0002457959030183649,0.00024578655221245107,1.0,0.08,40.0,1.0,0.00014858370978585011,0.00027099494364626463,0.0001862146692447488,1.0,0.08,6.0,1.0,0.012188612235798249,0.02932624747037027,0.017857837426999746,1.0,0.12
01_low_friction_mu_0p12_p2l_v2:0062,01_low_friction_mu_0p12_p2l_v2,24.179999999999957,24.579999999999956,20.0,1.0,3.205527261573027e-05,3.205644841877131e-05,3.2055272628144395e-05,1.0,0.06,20.0,1.0,0.00024577424829790544,0.0002457835991895784,0.0002457742484003064,1.0,0.08,40.0,1.0,0.00017669113571360358,0.00038803081551780057,0.00022579666923578967,1.0,0.08,6.0,1.0,0.028477567639004858,0.07836718013565305,0.05135170575985451,1.0,0.12
01_low_friction_mu_0p12_p2l_v2:0063,01_low_friction_mu_0p12_p2l_v2,24.379999999999953,24.77999999999995,20.0,1.0,3.2056819675277406e-05,3.2057995365952775e-05,3.205681968768865e-05,1.0,0.06,20.0,1.0,0.0002457619445079995,0.0002457712953828059,0.0002457619446104052,1.0,0.08,40.0,1.0,0.00019800886767093153,0.0004111469033547513,0.0002400001190736913,1.0,0.08,6.0,1.0,0.04449526222685334,0.09866547655552894,0.0612632412034777,1.0,0.12
01_low_friction_mu_0p12_p2l_v2:0064,01_low_friction_mu_0p12_p2l_v2,24.579999999999956,24.979999999999954,20.0,1.0,3.2058366563150754e-05,3.205954209056228e-05,3.205836657555796e-05,1.0,0.06,20.0,1.0,0.00024574964084835043,0.00024575899159822205,0.00024574964095075625,1.0,0.08,40.0,1.0,0.00017792293630973952,0.00035649062633690524,0.00021644299886363678,1.0,0.08,6.0,1.0,0.02960110179196249,0.060043762699573996,0.038515276613332594,1.0,0.12
01_low_friction_mu_0p12_p2l_v2:0065,01_low_friction_mu_0p12_p2l_v2,24.77999999999995,25.17999999999995,20.0,1.0,3.205991322380308e-05,3.206108860915879e-05,3.2059913236206044e-05,1.0,0.06,20.0,1.0,0.000245737337558285,0.000245746687835335,0.0002457373376606895,1.0,0.08,40.0,1.0,0.00013443692085827276,0.00027940085888584245,0.0001716078951738598,1.0,0.08,6.0,1.0,0.025709773178453788,0.05092493424735409,0.03605152713281593,1.0,0.12
01_low_friction_mu_0p12_p2l_v2:0066,01_low_friction_mu_0p12_p2l_v2,24.979999999999954,25.379999999999953,20.0,1.0,3.2061459751187014e-05,3.206263508530594e-05,3.2061459763588946e-05,1.0,0.06,20.0,1.0,0.00024572503418259867,0.0002457343850060939,0.00024572503428501864,1.0,0.08,40.0,1.0,0.00012597212053759346,0.0002638185102413016,0.00015829650395578795,1.0,0.08,6.0,1.0,0.034234027302052626,0.06180011610945982,0.04155459035429642,1.0,0.12
01_low_friction_mu_0p12_p2l_v2:0067,01_low_friction_mu_0p12_p2l_v2,25.17999999999995,25.57999999999995,20.0,1.0,3.2063006191060395e-05,3.206418140385137e-05,3.206300620345916e-05,1.0,0.06,20.0,1.0,0.00024571273048214334,0.00024572208128857714,0.00024571273058456803,1.0,0.08,40.0,1.0,0.00016611371235997452,0.0003828398399633101,0.00020998819984803898,1.0,0.08,6.0,1.0,0.024946179668906537,0.040075330727720376,0.028053281998877844,1.0,0.12
01_low_friction_mu_0p12_p2l_v2:0068,01_low_friction_mu_0p12_p2l_v2,25.379999999999953,25.77999999999995,20.0,1.0,3.431575345932136e-05,3.206572757735726e-05,3.569128410534008e-05,1.0,0.06,20.0,1.0,0.00024797871092269185,0.00024571100796217055,0.000248177373774929,1.0,0.08,40.0,1.0,0.00018654183436526978,0.00040069210303955634,0.00023111947483652918,1.0,0.08,6.0,1.0,0.02825006667277932,0.0499534045966817,0.033197432475575314,1.0,0.12
01_low_friction_mu_0p12_p2l_v2:0069,01_low_friction_mu_0p12_p2l_v2,25.57999999999995,25.979999999999947,20.0,1.0,0.02263555191216136,0.07607629851511855,0.040111296997193874,0.8,0.06,20.0,1.0,0.08918996327248827,0.3179425645929886,0.1636506626953375,0.7,0.08,40.0,1.0,0.003511419854828188,0.0122574886850071,0.0064840251264182275,1.0,0.08,6.0,1.0,0.032445894138242365,0.05411355397346167,0.037568815194282026,1.0,0.12
01_low_friction_mu_0p12_p2l_v2:0070,01_low_friction_mu_0p12_p2l_v2,25.77999999999995,26.17999999999995,20.0,1.0,0.03726408944219288,0.07607629851511855,0.046176452313514096,0.8,0.06,20.0,1.0,0.17326014152048075,0.3179425645929886,0.20718894269282548,0.25,0.08,40.0,1.0,0.0047464360723381335,0.013416832645542602,0.0072232320641449944,1.0,0.08,6.0,1.0,0.03225496308306104,0.05642179629219096,0.039741434042400166,1.0,0.12
01_low_friction_mu_0p12_p2l_v2:0071,01_low_friction_mu_0p12_p2l_v2,25.979999999999947,26.379999999999946,20.0,1.0,0.016237067635785758,0.04158048497509397,0.02302112172137254,1.0,0.06,20.0,1.0,0.09510179488414842,0.226145327080071,0.12875829545448172,0.55,0.08,40.0,1.0,0.007044480689094789,0.018669412700681093,0.010239294759125396,1.0,0.08,6.0,1.0,0.03688792967390475,0.060622070882063686,0.044012912566991566,1.0,0.12
01_low_friction_mu_0p12_p2l_v2:0072,01_low_friction_mu_0p12_p2l_v2,26.17999999999995,26.57999999999995,20.0,1.0,0.004665198366225716,0.006875528486897667,0.00508868133391686,1.0,0.06,20.0,1.0,0.013135364140084618,0.038399961131925134,0.021235931283971245,1.0,0.08,40.0,1.0,0.0074185674835957295,0.018669412700681093,0.010190122976383418,1.0,0.08,6.0,1.0,0.028641650476279076,0.05065115343973882,0.0349212528011665,1.0,0.12
01_low_friction_mu_0p12_p2l_v2:0073,01_low_friction_mu_0p12_p2l_v2,26.379999999999946,26.779999999999944,20.0,1.0,0.003852572210917585,0.006875528486897667,0.004561528748565645,1.0,0.06,20.0,1.0,0.01851077354296609,0.03906893115953499,0.02403196292363528,1.0,0.08,40.0,1.0,0.004887128080203214,0.008722618112065445,0.0067687753435843765,1.0,0.08,6.0,1.0,0.02656836927612387,0.053592265498198025,0.033717345332552294,1.0,0.12
01_low_friction_mu_0p12_p2l_v2:0074,01_low_friction_mu_0p12_p2l_v2,26.57999999999995,26.979999999999947,20.0,1.0,0.0010169823757928784,0.0017580377246204297,0.001335386199646069,1.0,0.06,20.0,1.0,0.03254036280627004,0.03906893115953499,0.03303830321573137,1.0,0.08,40.0,1.0,0.004106033614906553,0.0083355070146041,0.006437040609376578,1.0,0.08,6.0,1.0,0.022077558955167557,0.04378482877981753,0.029694843685327908,1.0,0.12
01_low_friction_mu_0p12_p2l_v2:0075,01_low_friction_mu_0p12_p2l_v2,26.779999999999944,27.179999999999943,20.0,1.0,0.00028932258726815653,0.000912496875541805,0.0005026904994399939,1.0,0.06,20.0,1.0,0.03165804817851656,0.034516525054729984,0.03172230831231755,1.0,0.08,40.0,1.0,0.0009946262798544285,0.0038984457242988396,0.002187925946162342,1.0,0.08,6.0,1.0,0.026257500184248078,0.04689621954854897,0.032081400296396195,1.0,0.12
01_low_friction_mu_0p12_p2l_v2:0076,01_low_friction_mu_0p12_p2l_v2,26.979999999999947,27.379999999999946,20.0,1.0,0.00010112121029701992,0.0001029768429603256,0.00010113062296254375,1.0,0.06,20.0,1.0,0.03080095603408404,0.03080343591735877,0.03080095610818766,1.0,0.08,40.0,1.0,0.00015505442659495273,0.00029820273539577505,0.0001916778007043677,1.0,0.08,6.0,1.0,0.029784562592275566,0.04689621954854897,0.033628659504803274,1.0,0.12
01_low_friction_mu_0p12_p2l_v2:0077,01_low_friction_mu_0p12_p2l_v2,27.179999999999943,27.57999999999994,20.0,1.0,0.00024703124729580085,0.0006282988077524954,0.000441717516600601,1.0,0.06,20.0,1.0,0.02984224369311751,0.030804040748097904,0.029911519014503177,1.0,0.08,40.0,1.0,0.000605491144443944,0.0021495727702178892,0.001073147666659421,1.0,0.08,6.0,1.0,0.02442436096740969,0.035024773630089906,0.025591295739191687,1.0,0.12
01_low_friction_mu_0p12_p2l_v2:0078,01_low_friction_mu_0p12_p2l_v2,27.379999999999946,27.779999999999944,20.0,1.0,0.0026585521378085257,0.0062135116969404495,0.003655037176078563,1.0,0.06,20.0,1.0,0.07871212962370878,0.19428112752472107,0.11651784746028156,0.7,0.08,40.0,1.0,0.052509950063562426,0.18824136061840896,0.09328967673933372,0.725,0.08,6.0,1.0,0.02554715445479562,0.035024773630089906,0.026642372290082112,1.0,0.12
01_low_friction_mu_0p12_p2l_v2:0079,01_low_friction_mu_0p12_p2l_v2,27.57999999999994,27.97999999999994,20.0,1.0,0.005588151924025507,0.0065430629031064,0.005723370136614703,1.0,0.06,20.0,1.0,0.07105652994820688,0.19428112752472107,0.11643035834634474,0.65,0.08,40.0,1.0,0.05777817751338741,0.18824136061840896,0.09482971380959751,0.7,0.08,6.0,1.0,0.01714925351305463,0.023802446395513224,0.018041168902745118,1.0,0.12
01_low_friction_mu_0p12_p2l_v2:0080,01_low_friction_mu_0p12_p2l_v2,27.779999999999944,28.179999999999943,20.0,1.0,0.004957038043979542,0.0065430629031064,0.005172077779074864,1.0,0.06,20.0,1.0,0.012616759633274303,0.017678542602674298,0.02182492454218948,0.95,0.08,40.0,1.0,0.009638171666317455,0.012110540217777367,0.018022334110268764,0.975,0.08,6.0,1.0,0.0270887013100766,0.04529489515675561,0.031214730521459785,1.0,0.12
01_low_friction_mu_0p12_p2l_v2:0081,01_low_friction_mu_0p12_p2l_v2,27.97999999999994,28.37999999999994,20.0,1.0,0.005110241747193679,0.006611680014878182,0.005354702056516004,1.0,0.06,20.0,1.0,0.006151677744564465,0.015156800322683635,0.008756115211136539,1.0,0.08,40.0,1.0,0.00394806948890202,0.010217871557383497,0.00583293641220212,1.0,0.08,6.0,1.0,0.03091961845980468,0.04529489515675561,0.033378150885471095,1.0,0.12
01_low_friction_mu_0p12_p2l_v2:0082,01_low_friction_mu_0p12_p2l_v2,28.179999999999943,28.57999999999994,20.0,1.0,0.00658716173502973,0.00661798637735638,0.006588033016738199,1.0,0.06,20.0,1.0,0.0005694727148361056,0.000541804923619721,0.0006169844159366465,1.0,0.08,40.0,1.0,0.0001884642615727253,0.00030593306222237996,0.00028283834136768395,1.0,0.08,7.0,1.0,0.027127122114055102,0.04036608944853025,0.029113290048237876,1.0,0.12
01_low_friction_mu_0p12_p2l_v2:0083,01_low_friction_mu_0p12_p2l_v2,28.37999999999994,28.779999999999937,20.0,1.0,0.006617343903706439,0.00661798637735638,0.006617343973451402,1.0,0.06,20.0,1.0,0.00048683235179799165,0.0005051354805443775,0.0004870222383198839,1.0,0.08,40.0,1.0,0.00016639635493236326,0.0003006314089040285,0.00018964967401971633,1.0,0.08,7.0,1.0,0.021760087558969514,0.04036608944853025,0.02615538122430383,1.0,0.12
01_low_friction_mu_0p12_p2l_v2:0084,01_low_friction_mu_0p12_p2l_v2,28.57999999999994,28.97999999999994,20.0,1.0,0.00661737222328784,0.006617855773832271,0.006617372235004904,1.0,0.06,20.0,1.0,0.0004643475794570195,0.00048087932615917814,0.0004645132554092524,1.0,0.08,40.0,1.0,0.00015971850203425896,0.0003043302079939414,0.00019028657320761854,1.0,0.08,6.0,1.0,0.013084887373810111,0.01973325448690362,0.014278359210921278,1.0,0.12
01_low_friction_mu_0p12_p2l_v2:0085,01_low_friction_mu_0p12_p2l_v2,28.779999999999937,29.179999999999936,20.0,1.0,0.00661656015035066,0.006617245664124818,0.006616560172882013,1.0,0.06,20.0,1.0,0.00044360919527161867,0.0004589780394946397,0.0004437585920379942,1.0,0.08,40.0,1.0,0.00016628375925218375,0.0003424874241617637,0.00020712356584561386,1.0,0.08,6.0,1.0,0.019603976424898657,0.027904588219871004,0.02089311076717917,1.0,0.12
01_low_friction_mu_0p12_p2l_v2:0086,01_low_friction_mu_0p12_p2l_v2,28.97999999999994,29.37999999999994,20.0,1.0,0.006615485344831161,0.006616369385744003,0.006615485381424806,1.0,0.06,20.0,1.0,0.00042446646314854287,0.00043859706639164944,0.00042459795436727664,1.0,0.08,40.0,1.0,0.0001727827578295163,0.00034953877739214993,0.00021572411098577445,1.0,0.08,6.0,1.0,0.01259028799086323,0.025693250732229625,0.016941704560608704,1.0,0.12
01_low_friction_mu_0p12_p2l_v2:0087,01_low_friction_mu_0p12_p2l_v2,29.179999999999936,29.579999999999934,20.0,1.0,0.014132577698330939,0.03408386231566815,0.022433968517577264,0.95,0.06,20.0,1.0,0.010670283424180232,0.03369959325617075,0.028337705247924866,0.95,0.08,40.0,1.0,0.012228301659093957,0.048687609236316175,0.031735974096560975,0.925,0.08,6.0,1.0,0.020194067682430088,0.054251941423188434,0.036315539520014956,1.0,0.12
01_low_friction_mu_0p12_p2l_v2:0088,01_low_friction_mu_0p12_p2l_v2,29.37999999999994,29.779999999999937,20.0,1.0,0.021510307519300536,0.06165700394651862,0.03337828955436389,0.85,0.06,20.0,1.0,0.03843080499934021,0.10995438492775192,0.06885125568836549,0.8,0.08,40.0,1.0,0.030200778426941428,0.10431826918915721,0.05131145407293301,0.8,0.08,6.0,1.0,0.030953025447897426,0.0623000540744857,0.04090555219073733,1.0,0.12
02_asymmetric_left_mu_0p15_p2l_v2:0000,02_asymmetric_left_mu_0p15_p2l_v2,17.234,17.634,20.0,1.0,3.705834059966884e-05,3.7058341061113606e-05,3.705834059966884e-05,1.0,0.06,20.0,1.0,2.0228773632726194e-15,2.3367944495655568e-15,2.0356607017554493e-15,1.0,0.08,40.0,1.0,0.00016558111632934184,0.00032706649177820246,0.00022391981675236628,1.0,0.08,6.0,1.0,0.031487282169585205,0.054454098529829076,0.03747211207663271,1.0,0.12
02_asymmetric_left_mu_0p15_p2l_v2:0001,02_asymmetric_left_mu_0p15_p2l_v2,17.434,17.834,20.0,1.0,3.7058340396647904e-05,3.705834039768874e-05,3.7058340396647904e-05,1.0,0.06,20.0,1.0,2.4499000022849394e-15,2.798879170103648e-15,2.4643188271844947e-15,1.0,0.08,40.0,1.0,0.00016177465838165605,0.00031635948206275007,0.00020300479797245622,1.0,0.08,6.0,1.0,0.01824385901766366,0.04658234512117451,0.02720660730923434,1.0,0.12
02_asymmetric_left_mu_0p15_p2l_v2:0002,02_asymmetric_left_mu_0p15_p2l_v2,17.634,18.034,20.0,1.0,3.705834039634537e-05,3.705834039735567e-05,3.705834039634537e-05,1.0,0.06,20.0,1.0,2.9669577686258295e-15,3.422888282579605e-15,2.985255969406658e-15,1.0,0.08,40.0,1.0,0.00017231883737563278,0.00038424077025884455,0.00021660200034421943,1.0,0.08,6.0,1.0,0.015270315037696732,0.03301517584246824,0.021186293908895308,1.0,0.12
02_asymmetric_left_mu_0p15_p2l_v2:0003,02_asymmetric_left_mu_0p15_p2l_v2,17.834,18.233999999999998,20.0,1.0,3.7058340396264876e-05,3.705834039735567e-05,3.7058340396264876e-05,1.0,0.06,20.0,1.0,3.59906056652903e-15,4.127146650047892e-15,3.621087117275766e-15,1.0,0.08,40.0,1.0,0.0001858865089999653,0.0003375234689223025,0.0002207834078319961,1.0,0.08,6.0,1.0,0.015878916858254388,0.025118125997876634,0.018317142340089947,1.0,0.12
02_asymmetric_left_mu_0p15_p2l_v2:0004,02_asymmetric_left_mu_0p15_p2l_v2,18.034,18.433999999999997,20.0,1.0,0.011850274309602081,0.035916171168405626,0.020224970272939086,1.0,0.06,20.0,1.0,0.023738226801925194,0.0766716733887201,0.04208608334824636,0.9,0.08,40.0,1.0,0.018280060583766803,0.0654647537784677,0.03162529261175186,0.975,0.08,6.0,1.0,0.02444168614448694,0.04657445033585936,0.03143766808853146,1.0,0.12
02_asymmetric_left_mu_0p15_p2l_v2:0005,02_asymmetric_left_mu_0p15_p2l_v2,18.233999999999998,18.633999999999997,20.0,1.0,0.012004751286256953,0.035916171168405626,0.020229427855741524,1.0,0.06,20.0,1.0,0.03273203783315036,0.0766716733887201,0.043997771139677413,0.9,0.08,40.0,1.0,0.01865169659361662,0.0654647537784677,0.03166074468964889,0.975,0.08,6.0,1.0,0.020353156728779864,0.040414972256280546,0.029133047956710897,1.0,0.12
02_asymmetric_left_mu_0p15_p2l_v2:0006,02_asymmetric_left_mu_0p15_p2l_v2,18.433999999999997,18.833999999999996,20.0,1.0,0.00018975801342657612,0.00027043174242306347,0.0004261840759863865,1.0,0.06,20.0,1.0,0.018097067528261478,0.018253676878064933,0.01817435918618852,1.0,0.08,40.0,1.0,0.00054496071086335,0.0006337479565559523,0.0015121602813738119,1.0,0.08,6.0,1.0,0.0159179355356632,0.030525818361847354,0.02134468602685596,1.0,0.12
02_asymmetric_left_mu_0p15_p2l_v2:0007,02_asymmetric_left_mu_0p15_p2l_v2,18.633999999999997,19.033999999999995,20.0,1.0,3.751418105480547e-05,4.194949537980608e-05,3.846602171964806e-05,1.0,0.06,20.0,1.0,0.018232967418102642,0.018261719662905657,0.01823307775388848,1.0,0.08,40.0,1.0,0.00013407611322060613,0.00023221101253857458,0.0001669177033294387,1.0,0.08,6.0,1.0,0.023761183407226622,0.03928588133422413,0.0275080467346064,1.0,0.12
02_asymmetric_left_mu_0p15_p2l_v2:0008,02_asymmetric_left_mu_0p15_p2l_v2,18.833999999999996,19.233999999999995,20.0,1.0,4.2365074869130106e-05,4.365338188860035e-05,4.237616216262932e-05,1.0,0.06,20.0,1.0,0.018263679349817714,0.018270075084221397,0.018263680010012055,1.0,0.08,40.0,1.0,0.0001304279637546306,0.0002468610181084047,0.00016997344295341445,1.0,0.08,6.0,1.0,0.019234851701305455,0.03221439004290018,0.02235204351169303,1.0,0.12
02_asymmetric_left_mu_0p15_p2l_v2:0009,02_asymmetric_left_mu_0p15_p2l_v2,19.033999999999995,19.433999999999994,20.0,1.0,0.0003092277459772003,0.0010453462190433754,0.0006044518347533495,1.0,0.06,20.0,1.0,0.04466549722486575,0.12213902933554363,0.06637198816770476,0.8,0.08,40.0,1.0,0.032582890522049615,0.11284337276206685,0.060353459769556445,0.775,0.08,6.0,1.0,0.020549699303400334,0.037063851715494756,0.025451102765845106,1.0,0.12
02_asymmetric_left_mu_0p15_p2l_v2:0010,02_asymmetric_left_mu_0p15_p2l_v2,19.233999999999995,19.633999999999993,20.0,1.0,0.0020306974813514332,0.0038833512233928365,0.002563089796547414,1.0,0.06,20.0,1.0,0.041291690692069685,0.12213902933554363,0.06741202381484858,0.8,0.08,40.0,1.0,0.037058373196113464,0.11284337276206685,0.06191512828381057,0.775,0.08,6.0,1.0,0.02918467948973773,0.04868534309109987,0.03393466249410927,1.0,0.12
02_asymmetric_left_mu_0p15_p2l_v2:0011,02_asymmetric_left_mu_0p15_p2l_v2,19.433999999999994,19.833999999999993,20.0,1.0,0.0036843669809634412,0.0038833512233928365,0.003707054005732853,1.0,0.06,20.0,1.0,0.005771411878637637,0.011218782109960438,0.0174928319121724,1.0,0.08,40.0,1.0,0.004618123547773365,0.010226417136440851,0.013819410193060955,1.0,0.08,6.0,1.0,0.03632551409244266,0.06742844954218649,0.044888396799205546,1.0,0.12
02_asymmetric_left_mu_0p15_p2l_v2:0012,02_asymmetric_left_mu_0p15_p2l_v2,19.633999999999993,20.033999999999992,20.0,1.0,0.0038818699935074196,0.0038829495476234545,0.003881870082089061,1.0,0.06,20.0,1.0,1.422530917086079e-05,2.7005103009727917e-05,1.7090142207437253e-05,1.0,0.08,40.0,1.0,0.00015556149179474024,0.00026503332034817916,0.0001912022146009606,1.0,0.08,6.0,1.0,0.026860226849720687,0.05607405796804463,0.03840580223691341,1.0,0.12
02_asymmetric_left_mu_0p15_p2l_v2:0013,02_asymmetric_left_mu_0p15_p2l_v2,19.833999999999993,20.23399999999999,20.0,1.0,0.0038803788534311407,0.003881539606084103,0.0038803789556356226,1.0,0.06,20.0,1.0,8.387038223268973e-06,1.4977751814956865e-05,9.778409372563289e-06,1.0,0.08,40.0,1.0,0.00015253092276215768,0.0002772623108317441,0.0001952189038276053,1.0,0.08,6.0,1.0,0.016717718906327367,0.030210882157131747,0.0201800867032786,1.0,0.12
02_asymmetric_left_mu_0p15_p2l_v2:0014,02_asymmetric_left_mu_0p15_p2l_v2,20.033999999999992,20.43399999999999,20.0,1.0,0.007050974205034076,0.010785242919630891,0.011561315714145742,1.0,0.06,20.0,1.0,0.0014850620879550262,0.0012795977997075525,0.0051309060559484405,1.0,0.08,40.0,1.0,0.002163748894668093,0.004061854174704284,0.006826840627651789,1.0,0.08,6.0,1.0,0.024202194204573303,0.04036363356246982,0.029066100945619924,1.0,0.12
02_asymmetric_left_mu_0p15_p2l_v2:0015,02_asymmetric_left_mu_0p15_p2l_v2,20.23399999999999,20.63399999999999,20.0,1.0,0.022938793013038174,0.06675012398093758,0.03613145503816831,0.85,0.06,20.0,1.0,0.024489351767982188,0.08470865840530487,0.043558425233724864,0.85,0.08,40.0,1.0,0.01954330250664729,0.07079775258327121,0.03374709147795777,0.975,0.08,6.0,1.0,0.03953698052625395,0.07784496303482749,0.051511911340435056,1.0,0.12
02_asymmetric_left_mu_0p15_p2l_v2:0016,02_asymmetric_left_mu_0p15_p2l_v2,20.43399999999999,20.83399999999999,20.0,1.0,0.017827622153341636,0.06675012398093758,0.034341573875897105,0.85,0.06,20.0,1.0,0.02300970139179023,0.08470865840530487,0.0432551763487982,0.85,0.08,40.0,1.0,0.017503469564437945,0.07079775258327121,0.03304977133636371,0.975,0.08,6.0,1.0,0.04181983659180888,0.0841941924732933,0.05332485513880684,1.0,0.12
02_asymmetric_left_mu_0p15_p2l_v2:0017,02_asymmetric_left_mu_0p15_p2l_v2,20.63399999999999,21.03399999999999,20.0,1.0,2.2726284577214783e-13,6.088183009065133e-13,3.45723793091816e-13,1.0,0.06,20.0,1.0,2.7545516372901554e-14,7.989978628214989e-14,4.842068845197055e-14,1.0,0.08,40.0,1.0,0.00012477590979733435,0.00021872723774939325,0.00015840060163413585,1.0,0.08,6.0,1.0,0.025929999073441356,0.05004915607511521,0.0321684227889143,1.0,0.12
02_asymmetric_left_mu_0p15_p2l_v2:0018,02_asymmetric_left_mu_0p15_p2l_v2,20.83399999999999,21.233999999999988,20.0,1.0,1.4928939713394465e-14,6.941956966728399e-14,3.524937330487411e-14,1.0,0.06,20.0,1.0,1.1733038782970328e-15,5.455863034081187e-15,2.77033916675553e-15,1.0,0.08,40.0,1.0,0.00014859929048159209,0.00027928432265843516,0.00018457488464439402,1.0,0.08,6.0,1.0,0.023104061607411897,0.037869259739322696,0.02747041960687609,1.0,0.12
02_asymmetric_left_mu_0p15_p2l_v2:0019,02_asymmetric_left_mu_0p15_p2l_v2,21.03399999999999,21.433999999999987,20.0,1.0,0.028582417068741185,0.08993150487133476,0.05427817502241205,0.8,0.06,20.0,1.0,0.0020636991378767985,0.006471139801381729,0.0034238429315291575,1.0,0.08,40.0,1.0,0.0028993609278220667,0.0061301689895697665,0.005830451154961416,1.0,0.08,6.0,1.0,0.036204847921648804,0.058974286092063004,0.04273850661833976,1.0,0.12
02_asymmetric_left_mu_0p15_p2l_v2:0020,02_asymmetric_left_mu_0p15_p2l_v2,21.233999999999988,21.633999999999986,20.0,1.0,0.030384341885712762,0.08993150487133476,0.05461414505974804,0.8,0.06,20.0,1.0,0.0025927730781247307,0.006471139801381729,0.0036520451045417034,1.0,0.08,40.0,1.0,0.003232598281988468,0.0061301689895697665,0.005925680073628584,1.0,0.08,6.0,1.0,0.039426136615444585,0.05955074154518463,0.04375804595459746,1.0,0.12
02_asymmetric_left_mu_0p15_p2l_v2:0021,02_asymmetric_left_mu_0p15_p2l_v2,21.433999999999987,21.833999999999985,20.0,1.0,0.001818354297289032,0.002213517052223662,0.006048561539676515,1.0,0.06,20.0,1.0,0.0006486823529415722,0.0014728392451041608,0.0012819303298561959,1.0,0.08,40.0,1.0,0.0004900190415330955,0.0009696559458048262,0.0010756916901915078,1.0,0.08,6.0,1.0,0.019756903560684342,0.036012240529419925,0.024233621469239176,1.0,0.12
02_asymmetric_left_mu_0p15_p2l_v2:0022,02_asymmetric_left_mu_0p15_p2l_v2,21.633999999999986,22.033999999999985,20.0,1.0,3.285960688714506e-05,3.286062093104114e-05,3.2859606895506755e-05,1.0,0.06,20.0,1.0,0.00023921069539445248,0.0002392200091438171,0.00023921069549889953,1.0,0.08,40.0,1.0,0.0001374646811533366,0.00027536767544652287,0.00017284629758470755,1.0,0.08,6.0,1.0,0.009037216212043758,0.019889195969710644,0.012176118869963684,1.0,0.12
02_asymmetric_left_mu_0p15_p2l_v2:0023,02_asymmetric_left_mu_0p15_p2l_v2,21.833999999999985,22.233999999999984,20.0,1.0,6.816897739606032e-05,6.834570424311152e-05,0.00013161111742195563,1.0,0.06,20.0,1.0,0.000340960801714822,0.000281229295210528,0.0005074301278712668,1.0,0.08,40.0,1.0,0.0003610111358421372,0.0007222153856448839,0.0006861044473594171,1.0,0.08,6.0,1.0,0.018731691675430217,0.03386536370427859,0.023042259433144745,1.0,0.12
02_asymmetric_left_mu_0p15_p2l_v2:0024,02_asymmetric_left_mu_0p15_p2l_v2,22.033999999999985,22.433999999999983,20.0,1.0,0.00045226617862310914,0.0011076304375278567,0.0006304540034578206,1.0,0.06,20.0,1.0,0.0017485018401106548,0.004466335543031966,0.0024636262193091503,1.0,0.08,40.0,1.0,0.002349872208093671,0.004909118713607747,0.003958888977597713,1.0,0.08,6.0,1.0,0.03047130243790357,0.04909214430249928,0.03426129486959122,1.0,0.12
02_asymmetric_left_mu_0p15_p2l_v2:0025,02_asymmetric_left_mu_0p15_p2l_v2,22.233999999999984,22.633999999999983,20.0,1.0,0.0004286506954374075,0.0011076304375278567,0.0006182826504457474,1.0,0.06,20.0,1.0,0.0017473412037017507,0.004466335543031966,0.0024367112371753963,1.0,0.08,40.0,1.0,0.0021296220120387,0.004909118713607747,0.003903083457704183,1.0,0.08,6.0,1.0,0.03840550751015514,0.055650576005950816,0.0420431950667396,1.0,0.12
02_asymmetric_left_mu_0p15_p2l_v2:0026,02_asymmetric_left_mu_0p15_p2l_v2,22.433999999999983,22.833999999999982,20.0,1.0,5.664268227571489e-05,5.717507388220966e-05,5.665229493082931e-05,1.0,0.06,20.0,1.0,0.0004449249230319179,0.00044976620921113663,0.0004449587527689975,1.0,0.08,40.0,1.0,0.00013442910107157815,0.0003065969521829208,0.00016664829021262014,1.0,0.08,6.0,1.0,0.029013817331443145,0.053548808227932995,0.03432972688587719,1.0,0.12
02_asymmetric_left_mu_0p15_p2l_v2:0027,02_asymmetric_left_mu_0p15_p2l_v2,22.633999999999983,23.03399999999998,20.0,1.0,5.6933514274487564e-05,5.709733758290092e-05,5.6933672392536715e-05,1.0,0.06,20.0,1.0,0.000449564473339905,0.00044976620921113663,0.00044956490828509965,1.0,0.08,40.0,1.0,0.00013636261449831663,0.0002834140923535309,0.0001648310250872119,1.0,0.08,6.0,1.0,0.020512990153025906,0.03494811310796808,0.024321732486317048,1.0,0.12
02_asymmetric_left_mu_0p15_p2l_v2:0028,02_asymmetric_left_mu_0p15_p2l_v2,22.833999999999982,23.23399999999998,20.0,1.0,5.677918475733568e-05,5.6856625689044594e-05,5.6779214109301645e-05,1.0,0.06,20.0,1.0,0.0004496483320448661,0.00044968965425867086,0.0004496483330959266,1.0,0.08,40.0,1.0,0.00013620267766008902,0.00032114256684657685,0.00017090566887193807,1.0,0.08,7.0,1.0,0.019036626958871556,0.04120263272251567,0.024667278275075304,1.0,0.12
02_asymmetric_left_mu_0p15_p2l_v2:0029,02_asymmetric_left_mu_0p15_p2l_v2,23.03399999999998,23.43399999999998,20.0,1.0,5.66578149218816e-05,5.675498350852792e-05,5.665788500905738e-05,1.0,0.06,20.0,1.0,0.0004495980420239143,0.00044963477765393894,0.0004495980428514611,1.0,0.08,40.0,1.0,0.00013300818598118038,0.00028619395238801195,0.0001766034390595256,1.0,0.08,7.0,1.0,0.027454631889665737,0.0629382426335237,0.038241020728734476,1.0,0.12
02_asymmetric_left_mu_0p15_p2l_v2:0030,02_asymmetric_left_mu_0p15_p2l_v2,23.23399999999998,23.63399999999998,20.0,1.0,5.6173885811847124e-05,5.664605618224683e-05,5.617607978844529e-05,1.0,0.06,20.0,1.0,0.0004465751336403314,0.00044959028784874434,0.00044659638025805015,1.0,0.08,40.0,1.0,0.00013843901290823911,0.00028283233864622034,0.00017482167237345024,1.0,0.08,6.0,1.0,0.041163425739024755,0.06612739017918891,0.047429599495935344,1.0,0.12
02_asymmetric_left_mu_0p15_p2l_v2:0031,02_asymmetric_left_mu_0p15_p2l_v2,23.43399999999998,23.83399999999998,20.0,1.0,5.63919525782941e-05,5.71585633944216e-05,5.6396418028776315e-05,1.0,0.06,20.0,1.0,0.0004455755894615033,0.0004495571141334385,0.00044559657911646234,1.0,0.08,40.0,1.0,0.00013510701865500084,0.0002632474299966539,0.00016012868661861867,1.0,0.08,6.0,1.0,0.024533296052496285,0.04569071290855026,0.03030267562762547,1.0,0.12
02_asymmetric_left_mu_0p15_p2l_v2:0032,02_asymmetric_left_mu_0p15_p2l_v2,23.63399999999998,24.033999999999978,20.0,1.0,5.696106490450381e-05,5.71585633944216e-05,5.69613869177553e-05,1.0,0.06,20.0,1.0,0.00044847990281790626,0.00044946802233802283,0.0004484860836740792,1.0,0.08,40.0,1.0,0.0001532684871644213,0.0002731759230095607,0.00017895443197896607,1.0,0.08,6.0,1.0,0.01407820917331167,0.023776730652924155,0.016808986669273433,1.0,0.12
02_asymmetric_left_mu_0p15_p2l_v2:0033,02_asymmetric_left_mu_0p15_p2l_v2,23.83399999999998,24.233999999999977,20.0,1.0,5.6850583226369936e-05,5.6930351220130235e-05,5.6850613504700566e-05,1.0,0.06,20.0,1.0,0.00044934603085531157,0.0004494121065517875,0.0004493460331597057,1.0,0.08,40.0,1.0,0.00016188954299042874,0.00029653861182201053,0.0001884973506219232,1.0,0.08,6.0,1.0,0.018429017381001705,0.024459981468624964,0.01994982754140039,1.0,0.12
02_asymmetric_left_mu_0p15_p2l_v2:0034,02_asymmetric_left_mu_0p15_p2l_v2,24.033999999999978,24.433999999999976,20.0,1.0,5.6742472213261454e-05,5.6824188169091186e-05,5.674251531883776e-05,1.0,0.06,20.0,1.0,0.0004492815834730874,0.000449322196329358,0.00044928158447174764,1.0,0.08,40.0,1.0,0.000138946046650221,0.0003006028562815518,0.000173027103567463,1.0,0.08,6.0,1.0,0.013411401425108068,0.023449087944393515,0.01585114758102569,1.0,0.12
02_asymmetric_left_mu_0p15_p2l_v2:0035,02_asymmetric_left_mu_0p15_p2l_v2,24.233999999999977,24.633999999999975,20.0,1.0,5.633591438109764e-05,5.6727078395024665e-05,5.633796920633661e-05,1.0,0.06,20.0,1.0,0.0004475188227584015,0.00044926787465786864,0.00044753145364426347,1.0,0.08,40.0,1.0,0.000133980569047774,0.0003013688464775138,0.0001783131922427484,1.0,0.08,6.0,1.0,0.009720983543984865,0.019446786465084742,0.012684630250748934,1.0,0.12
02_asymmetric_left_mu_0p15_p2l_v2:0036,02_asymmetric_left_mu_0p15_p2l_v2,24.433999999999976,24.833999999999975,20.0,1.0,5.6379472890444315e-05,5.722970023930296e-05,5.638321263000151e-05,1.0,0.06,20.0,1.0,0.00044526114070593564,0.0004492310074399341,0.000445281495050151,1.0,0.08,40.0,1.0,0.00016338826858026744,0.000326994394599719,0.00021323571877919444,1.0,0.08,6.0,1.0,0.016049308511473265,0.026295419289863814,0.01870710802328644,1.0,0.12
02_asymmetric_left_mu_0p15_p2l_v2:0037,02_asymmetric_left_mu_0p15_p2l_v2,24.633999999999975,25.033999999999974,20.0,1.0,5.687504632432006e-05,5.722970023930296e-05,5.687655089448536e-05,1.0,0.06,20.0,1.0,0.0004469223267867395,0.0004491367299041315,0.0004469383560354818,1.0,0.08,40.0,1.0,0.00015373422661183307,0.0002576504707069125,0.00018963757991311085,1.0,0.08,6.0,1.0,0.022048007671594223,0.03747401913619916,0.0263414952215139,1.0,0.12
02_asymmetric_left_mu_0p15_p2l_v2:0038,02_asymmetric_left_mu_0p15_p2l_v2,24.833999999999975,25.233999999999973,20.0,1.0,0.010933896513672764,0.026865804845278837,0.027852646161198244,0.9,0.06,20.0,1.0,0.03645853227479891,0.04265198230417452,0.10905926329969098,0.9,0.08,40.0,1.0,0.007216801004147419,0.027592847508159064,0.017205325955417766,1.0,0.08,6.0,1.0,0.017215521118896532,0.03654796554032311,0.023395182882460147,1.0,0.12
02_asymmetric_left_mu_0p15_p2l_v2:0039,02_asymmetric_left_mu_0p15_p2l_v2,25.033999999999974,25.433999999999973,20.0,1.0,0.02830743057248768,0.07246639562794563,0.04012254866567738,0.8,0.06,20.0,1.0,0.13027588183424288,0.32328742215323564,0.1831764360187256,0.5,0.08,40.0,1.0,0.010626123539990925,0.028020343005169136,0.018695834628721715,1.0,0.08,6.0,1.0,0.011058376551863877,0.020840375517993087,0.013430482826022357,1.0,0.12
02_asymmetric_left_mu_0p15_p2l_v2:0040,02_asymmetric_left_mu_0p15_p2l_v2,25.233999999999973,25.633999999999972,20.0,1.0,0.020240045012002283,0.05327962611317125,0.029199344326965686,0.9,0.06,20.0,1.0,0.09763208131828091,0.27389378762832767,0.14746894088015772,0.6,0.08,40.0,1.0,0.006510659953727477,0.019981392761579564,0.011039444760341553,1.0,0.08,6.0,1.0,0.02911122783506194,0.06473702348529627,0.04411303923623512,1.0,0.12
02_asymmetric_left_mu_0p15_p2l_v2:0041,02_asymmetric_left_mu_0p15_p2l_v2,25.433999999999973,25.83399999999997,20.0,1.0,0.006375272256049362,0.0070765440160936695,0.006601163428640361,1.0,0.06,20.0,1.0,0.003757251164613737,0.011068377770849173,0.009346641275322108,1.0,0.08,40.0,1.0,0.0031180686987112628,0.010598760406724401,0.00826847817463025,1.0,0.08,6.0,1.0,0.03693556122131996,0.07234312766183555,0.0486052355467753,1.0,0.12
02_asymmetric_left_mu_0p15_p2l_v2:0042,02_asymmetric_left_mu_0p15_p2l_v2,25.633999999999972,26.03399999999997,20.0,1.0,0.007073987215850917,0.007075696484770758,0.007073987276770659,1.0,0.06,20.0,1.0,0.00034321648662739845,0.0003570212724980093,0.0003433627182433373,1.0,0.08,40.0,1.0,0.0001635979162254761,0.0003025679697817363,0.0002023921271057479,1.0,0.08,6.0,1.0,0.036183406120061636,0.05813823217870632,0.04110614718871899,1.0,0.12
02_asymmetric_left_mu_0p15_p2l_v2:0043,02_asymmetric_left_mu_0p15_p2l_v2,25.83399999999997,26.23399999999997,20.0,1.0,0.007072525501059533,0.0070737820093335095,0.00707252558430383,1.0,0.06,20.0,1.0,0.0003588919785401545,0.0003683626050094979,0.0003589828849184211,1.0,0.08,40.0,1.0,0.00015799115367234884,0.0002951066958542248,0.00018950151300394877,1.0,0.08,6.0,1.0,0.038286188030574306,0.05813823217870632,0.041413555529801575,1.0,0.12
02_asymmetric_left_mu_0p15_p2l_v2:0044,02_asymmetric_left_mu_0p15_p2l_v2,26.03399999999997,26.43399999999997,20.0,1.0,0.0070703403695469656,0.00707217069970287,0.007070340514630497,1.0,0.06,20.0,1.0,0.00037074758190715483,0.00037886668133630395,0.0003707973649363017,1.0,0.08,40.0,1.0,0.00015123752535344258,0.0002572925260776904,0.0001754227537431865,1.0,0.08,6.0,1.0,0.019169668942551326,0.035706704282041285,0.023851945556573946,1.0,0.12
02_asymmetric_left_mu_0p15_p2l_v2:0045,02_asymmetric_left_mu_0p15_p2l_v2,26.23399999999997,26.63399999999997,20.0,1.0,0.007068311006639551,0.007069819814188907,0.007068311084614676,1.0,0.06,20.0,1.0,0.0003776742881167278,0.0003801322804793117,0.00037768506310870706,1.0,0.08,40.0,1.0,0.00015201662275403648,0.00030792077663401864,0.00018514018608155612,1.0,0.08,6.0,1.0,0.006802455679286505,0.01151073399640326,0.007951376489591612,1.0,0.12
02_asymmetric_left_mu_0p15_p2l_v2:0046,02_asymmetric_left_mu_0p15_p2l_v2,26.43399999999997,26.833999999999968,20.0,1.0,0.00706593576942406,0.007067969827982567,0.007065935986910849,1.0,0.06,20.0,1.0,0.00038317967069565194,0.000388503398114598,0.00038320191958488665,1.0,0.08,40.0,1.0,0.0001757294699511261,0.00031421109852173835,0.00020978380485507745,1.0,0.08,6.0,1.0,0.014655582081001197,0.030840032084566857,0.019315750253225173,1.0,0.12
02_asymmetric_left_mu_0p15_p2l_v2:0047,02_asymmetric_left_mu_0p15_p2l_v2,26.63399999999997,27.033999999999967,20.0,1.0,0.012702285313424322,0.029543838428433954,0.016647680861045917,1.0,0.06,20.0,1.0,0.06319729700196197,0.15230773705923167,0.1643944987555792,0.85,0.08,40.0,1.0,0.021316433618609017,0.09068694803949098,0.043548606453747966,0.875,0.08,6.0,1.0,0.015586844271395145,0.030840032084566857,0.020416889603634844,1.0,0.12
02_asymmetric_left_mu_0p15_p2l_v2:0048,02_asymmetric_left_mu_0p15_p2l_v2,26.833999999999968,27.233999999999966,20.0,1.0,0.03294049311308994,0.05470979928492239,0.03761182971959189,1.0,0.06,20.0,1.0,0.2053182898409322,0.4361979374824546,0.2652876232775805,0.35,0.08,40.0,1.0,0.027377139223509962,0.09068694803949098,0.04688422713622674,0.875,0.08,6.0,1.0,0.016746711078006085,0.028451236135231858,0.020021210309455577,1.0,0.12
02_asymmetric_left_mu_0p15_p2l_v2:0049,02_asymmetric_left_mu_0p15_p2l_v2,27.033999999999967,27.433999999999966,20.0,1.0,0.02974871202291997,0.05470979928492239,0.03574772723289033,1.0,0.06,20.0,1.0,0.18403706548154594,0.34200842929288633,0.21915982013153637,0.25,0.08,40.0,1.0,0.008465877397738231,0.019904024042506394,0.018167932865508295,1.0,0.08,6.0,1.0,0.022210605818335057,0.03472118348612237,0.024219957591817633,1.0,0.12
02_asymmetric_left_mu_0p15_p2l_v2:0050,02_asymmetric_left_mu_0p15_p2l_v2,27.233999999999966,27.633999999999965,20.0,1.0,0.009283193206604132,0.020599715307297504,0.011723962687107028,1.0,0.06,20.0,1.0,0.042530359643344326,0.12826845454524907,0.0684385668608107,0.75,0.08,40.0,1.0,0.002960116823435906,0.01079092532874731,0.005638008133345467,1.0,0.08,6.0,1.0,0.01554450568464207,0.027282515168797927,0.018230436672641435,1.0,0.12
02_asymmetric_left_mu_0p15_p2l_v2:0051,02_asymmetric_left_mu_0p15_p2l_v2,27.433999999999966,27.833999999999964,20.0,1.0,0.0063013631760783185,0.006905986234257361,0.006378392030842322,1.0,0.06,20.0,1.0,0.0018159605192499511,0.004585095708124854,0.0029059061513679405,1.0,0.08,40.0,1.0,0.0017348018625521627,0.004645693585856611,0.003319878748911953,1.0,0.08,6.0,1.0,0.012642493549309805,0.021902573369205522,0.01500216172824086,1.0,0.12
02_asymmetric_left_mu_0p15_p2l_v2:0052,02_asymmetric_left_mu_0p15_p2l_v2,27.633999999999965,28.033999999999963,20.0,1.0,0.005113149149336681,0.006882231783184154,0.005508743046162192,1.0,0.06,20.0,1.0,0.0021940294132207355,0.005061700665144603,0.002883773247121261,1.0,0.08,40.0,1.0,0.0021900880020025186,0.00592043696702711,0.0036143517830567527,1.0,0.08,6.0,1.0,0.039318051402186055,0.07152792390941247,0.048210819819507617,1.0,0.12
02_asymmetric_left_mu_0p15_p2l_v2:0053,02_asymmetric_left_mu_0p15_p2l_v2,27.833999999999964,28.233999999999963,20.0,1.0,0.004552679115677562,0.006606670936023196,0.0049574629008712085,1.0,0.06,20.0,1.0,0.00589231201708113,0.016568581762026736,0.008431795880332979,1.0,0.08,40.0,1.0,0.0045763856725466,0.012526641243769532,0.006180058718195964,1.0,0.08,6.0,1.0,0.052206593813723896,0.07152792390941247,0.05523580091161777,1.0,0.12
02_asymmetric_left_mu_0p15_p2l_v2:0054,02_asymmetric_left_mu_0p15_p2l_v2,28.033999999999963,28.433999999999962,20.0,1.0,0.004976875672693083,0.00656657233916332,0.0051737301626980136,1.0,0.06,20.0,1.0,0.0080959497766362,0.017298162211146485,0.010431115821060292,1.0,0.08,40.0,1.0,0.004634162356564299,0.012526641243769532,0.0060984799502917355,1.0,0.08,6.0,1.0,0.030420718214499817,0.047933184682567596,0.0350067989361161,1.0,0.12
02_asymmetric_left_mu_0p15_p2l_v2:0055,02_asymmetric_left_mu_0p15_p2l_v2,28.233999999999963,28.63399999999996,20.0,1.0,0.005848759308782284,0.0066160861665518185,0.005978817778439282,1.0,0.06,20.0,1.0,0.003609331734810278,0.013242219052568064,0.0065221874322681,1.0,0.08,40.0,1.0,0.001261589631668593,0.004245580297650282,0.0021105267020812297,1.0,0.08,6.0,1.0,0.025005571120538108,0.0452929619605857,0.03123667486457888,1.0,0.12
02_asymmetric_left_mu_0p15_p2l_v2:0056,02_asymmetric_left_mu_0p15_p2l_v2,28.433999999999962,28.83399999999996,20.0,1.0,0.019126509596039395,0.06298783666952087,0.030020769664246032,0.85,0.06,20.0,1.0,0.025902701258493997,0.0924222381267294,0.06140763898473777,0.85,0.08,40.0,1.0,0.0180067704993527,0.08523314531631411,0.03989627720011738,0.875,0.08,6.0,1.0,0.03111555566926492,0.04367631413852718,0.034248493067659716,1.0,0.12
02_asymmetric_left_mu_0p15_p2l_v2:0057,02_asymmetric_left_mu_0p15_p2l_v2,28.63399999999996,29.03399999999996,20.0,1.0,0.020673354871958722,0.06298783666952087,0.03247971735861579,0.85,0.06,20.0,1.0,0.03969724377456933,0.1330756756931521,0.07123917070861772,0.75,0.08,40.0,1.0,0.030358385211860676,0.10579741129324621,0.05161174614693462,0.8,0.08,6.0,1.0,0.028236984887326514,0.04745453044830777,0.033473363509194706,1.0,0.12
03_rough_h0p008_spacing0p45_p2l_v2:0000,03_rough_h0p008_spacing0p45_p2l_v2,20.813,21.212999999999997,20.0,1.0,2.6474453789684937e-05,2.6474628164799285e-05,2.6474453789946962e-05,1.0,0.06,20.0,1.0,6.597174584044835e-16,7.085700871847726e-16,6.608809035690576e-16,1.0,0.08,40.0,1.0,0.00015974157202017548,0.00028695717010826993,0.00019963820417908735,1.0,0.08,6.0,1.0,0.02057871853355318,0.04620037838558769,0.028715733106298002,1.0,0.12
03_rough_h0p008_spacing0p45_p2l_v2:0001,03_rough_h0p008_spacing0p45_p2l_v2,21.012999999999998,21.412999999999997,20.0,1.0,2.6474355481068136e-05,2.6474378835625312e-05,2.6474355481072832e-05,1.0,0.06,20.0,1.0,7.360363755958379e-16,8.127443412407661e-16,7.377092768364446e-16,1.0,0.08,40.0,1.0,0.00014097140372110246,0.0002829365701537899,0.00017799469666318808,1.0,0.08,6.0,1.0,0.020732113994514644,0.03219387096545406,0.023542756023555454,1.0,0.12
03_rough_h0p008_spacing0p45_p2l_v2:0002,03_rough_h0p008_spacing0p45_p2l_v2,21.212999999999997,21.612999999999996,20.0,1.0,2.6474342316558374e-05,2.6474345441382385e-05,2.647434231655846e-05,1.0,0.06,20.0,1.0,8.415177853332697e-16,9.400312086365953e-16,8.449488242040662e-16,1.0,0.08,40.0,1.0,0.00012763095813203318,0.00024635320906373767,0.00015364500658502403,1.0,0.08,6.0,1.0,0.04169396072498275,0.07361051762286827,0.0481093239429014,1.0,0.12
03_rough_h0p008_spacing0p45_p2l_v2:0003,03_rough_h0p008_spacing0p45_p2l_v2,21.412999999999997,21.812999999999995,20.0,1.0,2.6474340630321114e-05,2.647434095921497e-05,2.6474340630321117e-05,1.0,0.06,20.0,1.0,9.7960238088472e-16,1.0926204224849021e-15,9.831182496399607e-16,1.0,0.08,40.0,1.0,0.0001432245623494091,0.00024635320906373767,0.0001718995722159565,1.0,0.08,6.0,1.0,0.03537566292744209,0.07361051762286827,0.04535591991193181,1.0,0.12
03_rough_h0p008_spacing0p45_p2l_v2:0004,03_rough_h0p008_spacing0p45_p2l_v2,21.612999999999996,22.012999999999995,20.0,1.0,2.6474340497960323e-05,2.6474340498405802e-05,2.6474340497960327e-05,1.0,0.06,20.0,1.0,1.1289458806899645e-15,1.2523819653341422e-15,1.1326095032341407e-15,1.0,0.08,40.0,1.0,0.00014572585554498734,0.0002504796523865027,0.0001871052939947051,1.0,0.08,6.0,1.0,0.020361561345025172,0.0333809075365685,0.022612933208810155,1.0,0.12
03_rough_h0p008_spacing0p45_p2l_v2:0005,03_rough_h0p008_spacing0p45_p2l_v2,21.812999999999995,22.212999999999994,20.0,1.0,2.6474340497829874e-05,2.6474340498405802e-05,2.6474340497829874e-05,1.0,0.06,20.0,1.0,1.301670504045755e-15,1.4448327128517264e-15,1.3062223648685956e-15,1.0,0.08,40.0,1.0,0.000154911036714936,0.0002941318702958834,0.00020012035973836036,1.0,0.08,6.0,1.0,0.028654010871930317,0.04098047749225257,0.030999136677153996,1.0,0.12
03_rough_h0p008_spacing0p45_p2l_v2:0006,03_rough_h0p008_spacing0p45_p2l_v2,22.012999999999995,22.412999999999993,20.0,1.0,2.647434049754399e-05,2.6474340498330863e-05,2.6474340497543993e-05,1.0,0.06,20.0,1.0,1.4920889175615851e-15,1.6338273720239974e-15,1.4960410845670348e-15,1.0,0.08,40.0,1.0,0.0001557578330272415,0.00030294987405765406,0.00018950237030209425,1.0,0.08,6.0,1.0,0.03549269653093282,0.06121213959231149,0.04167046042340699,1.0,0.12
03_rough_h0p008_spacing0p45_p2l_v2:0007,03_rough_h0p008_spacing0p45_p2l_v2,22.212999999999994,22.612999999999992,20.0,1.0,2.6474340497502356e-05,2.6474340498405802e-05,2.6474340497502356e-05,1.0,0.06,20.0,1.0,1.702890113216546e-15,1.8903677310646467e-15,1.7081446903357707e-15,1.0,0.08,40.0,1.0,0.00015624884614491919,0.0003052781496045838,0.00018746723814864796,1.0,0.08,6.0,1.0,0.03822891999806773,0.07773967835059102,0.04815954342685941,1.0,0.12
03_rough_h0p008_spacing0p45_p2l_v2:0008,03_rough_h0p008_spacing0p45_p2l_v2,22.412999999999993,22.81299999999999,20.0,1.0,2.6474340498204574e-05,2.6474340498441885e-05,2.6474340498204574e-05,1.0,0.06,20.0,1.0,1.95569690076821e-15,2.1671387922619933e-15,1.9620882556280455e-15,1.0,0.08,40.0,1.0,0.00017455812054860818,0.00037001960779865274,0.0002222094377183874,1.0,0.08,6.0,1.0,0.02693109134935928,0.05985998411336725,0.03796538669468311,1.0,0.12
03_rough_h0p008_spacing0p45_p2l_v2:0009,03_rough_h0p008_spacing0p45_p2l_v2,22.612999999999992,23.01299999999999,20.0,1.0,2.6474340498211513e-05,2.6474340498405802e-05,2.6474340498211513e-05,1.0,0.06,20.0,1.0,2.247754339939534e-15,2.4923091083315302e-15,2.254946339390332e-15,1.0,0.08,40.0,1.0,0.00015968539768306542,0.00032560274289975086,0.00020550276199412056,1.0,0.08,6.0,1.0,0.022587429591817785,0.04812076045297027,0.029665450216177065,1.0,0.12
03_rough_h0p008_spacing0p45_p2l_v2:0010,03_rough_h0p008_spacing0p45_p2l_v2,22.81299999999999,23.21299999999999,20.0,1.0,2.6474340497559257e-05,2.6474340498330863e-05,2.6474340497559257e-05,1.0,0.06,20.0,1.0,2.5800419856196617e-15,2.8510003727333185e-15,2.5881163587279273e-15,1.0,0.08,40.0,1.0,0.00014199322516654484,0.0002930785964785627,0.00017500732763850742,1.0,0.08,6.0,1.0,0.01802060842813333,0.03770437039218791,0.02534502447949632,1.0,0.12
03_rough_h0p008_spacing0p45_p2l_v2:0011,03_rough_h0p008_spacing0p45_p2l_v2,23.01299999999999,23.41299999999999,20.0,1.0,2.6474340497761874e-05,2.6474340498405802e-05,2.6474340497761874e-05,1.0,0.06,20.0,1.0,2.9515069470168486e-15,3.256298636750789e-15,2.9601114525290534e-15,1.0,0.08,40.0,1.0,0.00013385134874230968,0.0002757909210510027,0.00016942699879361433,1.0,0.08,6.0,1.0,0.017932880134047605,0.03716415527908873,0.023565172345700575,1.0,0.12
03_rough_h0p008_spacing0p45_p2l_v2:0012,03_rough_h0p008_spacing0p45_p2l_v2,23.21299999999999,23.61299999999999,20.0,1.0,2.6474340497627256e-05,2.6474340498405802e-05,2.647434049762726e-05,1.0,0.06,20.0,1.0,3.386454866904345e-15,3.759417527553804e-15,3.3976708066530968e-15,1.0,0.08,40.0,1.0,0.00013107718589120752,0.0002681247619022297,0.00016710818141565123,1.0,0.08,6.0,1.0,0.02325652274424762,0.04481839475902365,0.02895636155012874,1.0,0.12
03_rough_h0p008_spacing0p45_p2l_v2:0013,03_rough_h0p008_spacing0p45_p2l_v2,23.41299999999999,23.812999999999988,20.0,1.0,2.6474340497560646e-05,2.6474340498330863e-05,2.6474340497560646e-05,1.0,0.06,20.0,1.0,3.896070943380639e-15,4.323061637996778e-15,3.908669912926641e-15,1.0,0.08,40.0,1.0,0.00011959495721389842,0.00024821938560327776,0.00015237668587866408,1.0,0.08,6.0,1.0,0.022161979839409342,0.04269172090681579,0.026936092315206356,1.0,0.12
03_rough_h0p008_spacing0p45_p2l_v2:0014,03_rough_h0p008_spacing0p45_p2l_v2,23.61299999999999,24.012999999999987,20.0,1.0,2.6474340497646687e-05,2.6474340498330863e-05,2.6474340497646687e-05,1.0,0.06,20.0,1.0,4.4789013844019015e-15,4.952670619139204e-15,4.493355308191922e-15,1.0,0.08,40.0,1.0,0.00010224336391427965,0.0001882077193133938,0.000123095396224429,1.0,0.08,6.0,1.0,0.020153429102242746,0.03145237990834575,0.02266433000621486,1.0,0.12
03_rough_h0p008_spacing0p45_p2l_v2:0015,03_rough_h0p008_spacing0p45_p2l_v2,23.812999999999988,24.212999999999987,20.0,1.0,2.6474340497553707e-05,2.6474340498330863e-05,2.6474340497553707e-05,1.0,0.06,20.0,1.0,5.132790854821112e-15,5.667645634431287e-15,5.1477848741100735e-15,1.0,0.08,40.0,1.0,0.00013699411579578164,0.00026894349703718875,0.00016522875838750894,1.0,0.08,6.0,1.0,0.023743690045663127,0.048215918797956656,0.03077448129147741,1.0,0.12
03_rough_h0p008_spacing0p45_p2l_v2:0016,03_rough_h0p008_spacing0p45_p2l_v2,24.012999999999987,24.412999999999986,20.0,1.0,2.6474340497761874e-05,2.6474340498405802e-05,2.6474340497761874e-05,1.0,0.06,20.0,1.0,5.855571853753173e-15,6.468473047328459e-15,5.872714447651881e-15,1.0,0.08,40.0,1.0,0.0001480867715187249,0.00029926417947760036,0.00017709736932449818,1.0,0.08,6.0,1.0,0.03041974019759668,0.05181898865680758,0.03590352346425904,1.0,0.12
03_rough_h0p008_spacing0p45_p2l_v2:0017,03_rough_h0p008_spacing0p45_p2l_v2,24.212999999999987,24.612999999999985,20.0,1.0,2.6474340497635585e-05,2.6474340498405802e-05,2.6474340497635585e-05,1.0,0.06,20.0,1.0,6.714900391890103e-15,7.438821527401148e-15,6.737040001178715e-15,1.0,0.08,40.0,1.0,0.00013393466415546489,0.000243425409570534,0.00015592889343241827,1.0,0.08,6.0,1.0,0.027439890399188982,0.04335583220624109,0.031277620935083926,1.0,0.12
03_rough_h0p008_spacing0p45_p2l_v2:0018,03_rough_h0p008_spacing0p45_p2l_v2,24.412999999999986,24.812999999999985,20.0,1.0,2.647434049757036e-05,2.6474340498330863e-05,2.647434049757036e-05,1.0,0.06,20.0,1.0,7.717046297602971e-15,8.547641493419575e-15,7.74098741939627e-15,1.0,0.08,40.0,1.0,0.0001414586094642943,0.0002657149901417282,0.00017103418721152157,1.0,0.08,6.0,1.0,0.02192382723516512,0.038603802123990796,0.02625700226934659,1.0,0.12
03_rough_h0p008_spacing0p45_p2l_v2:0019,03_rough_h0p008_spacing0p45_p2l_v2,24.612999999999985,25.012999999999984,20.0,1.0,2.6474340497652237e-05,2.6474340498330863e-05,2.647434049765224e-05,1.0,0.06,20.0,1.0,8.859099044743931e-15,9.819350001027106e-15,8.887779020276276e-15,1.0,0.08,40.0,1.0,0.00015325486612230473,0.0002725097143747813,0.00018919308062486528,1.0,0.08,6.0,1.0,0.021852848544232004,0.028337621681087027,0.023152688446462233,1.0,0.12
03_rough_h0p008_spacing0p45_p2l_v2:0020,03_rough_h0p008_spacing0p45_p2l_v2,24.812999999999985,25.212999999999983,20.0,1.0,2.6474340497556482e-05,2.6474340498330863e-05,2.6474340497556482e-05,1.0,0.06,20.0,1.0,1.0184997913663489e-14,1.1275966123894282e-14,1.0217608554684792e-14,1.0,0.08,40.0,1.0,0.0001443457094840124,0.00025650526683759225,0.00016958686706160147,1.0,0.08,6.0,1.0,0.03206438828362633,0.05260757857619704,0.037809736642401254,1.0,0.12
03_rough_h0p008_spacing0p45_p2l_v2:0021,03_rough_h0p008_spacing0p45_p2l_v2,25.012999999999984,25.412999999999982,20.0,1.0,2.6474340497761874e-05,2.6474340498405802e-05,2.6474340497761874e-05,1.0,0.06,20.0,1.0,1.1680150808737037e-14,1.2912855141324624e-14,1.1715604824010116e-14,1.0,0.08,40.0,1.0,0.00016032620138536202,0.0003092428544539677,0.00018798512609077242,1.0,0.08,7.0,1.0,0.04365241250530933,0.06487362954200526,0.04774817175960754,1.0,0.12
03_rough_h0p008_spacing0p45_p2l_v2:0022,03_rough_h0p008_spacing0p45_p2l_v2,25.212999999999983,25.612999999999982,20.0,1.0,0.004782569797201777,0.021760907314917585,0.010828511912403221,1.0,0.06,20.0,1.0,1.3890227817655841e-14,1.679408210351968e-14,1.4025748824537528e-14,1.0,0.08,40.0,1.0,0.00017453505498793805,0.00032681559255285183,0.0002073510334188031,1.0,0.08,7.0,1.0,0.04032574832610834,0.055211371876561055,0.041849688212773566,1.0,0.12
03_rough_h0p008_spacing0p45_p2l_v2:0023,03_rough_h0p008_spacing0p45_p2l_v2,25.412999999999982,25.81299999999998,20.0,1.0,0.008999152960868543,0.026286940534017138,0.015293451455027389,1.0,0.06,20.0,1.0,1.9376752652207123e-14,2.4934480757340827e-14,1.9878654566650415e-14,1.0,0.08,40.0,1.0,0.00017625283812078103,0.00036139191063313213,0.0002122366375898433,1.0,0.08,6.0,1.0,0.030756991226696822,0.042288994390477286,0.03293410964240356,1.0,0.12
03_rough_h0p008_spacing0p45_p2l_v2:0024,03_rough_h0p008_spacing0p45_p2l_v2,25.612999999999982,26.01299999999998,20.0,1.0,0.004248349503806528,0.01537282812108215,0.01079972334256054,1.0,0.06,20.0,1.0,2.611890436788292e-14,3.020515236881932e-14,2.630938019748565e-14,1.0,0.08,40.0,1.0,0.00019919312542824214,0.00039666176013492145,0.00024316288450548592,1.0,0.08,6.0,1.0,0.02475044308363152,0.0429766200488364,0.030043364217635187,1.0,0.12
03_rough_h0p008_spacing0p45_p2l_v2:0025,03_rough_h0p008_spacing0p45_p2l_v2,25.81299999999998,26.21299999999998,20.0,1.0,3.705834005928166e-05,3.705834039585132e-05,3.705834005928166e-05,1.0,0.06,20.0,1.0,3.1858753577844456e-14,3.666752620919971e-14,3.2054014352913924e-14,1.0,0.08,40.0,1.0,0.0001689024955644543,0.0003224019113542332,0.00021496468416244365,1.0,0.08,6.0,1.0,0.025138524868287177,0.043814808969547175,0.03041039541417651,1.0,0.12
03_rough_h0p008_spacing0p45_p2l_v2:0026,03_rough_h0p008_spacing0p45_p2l_v2,26.01299999999998,26.41299999999998,20.0,1.0,0.0017257360988172017,0.005511816222244265,0.0028707205459836817,1.0,0.06,20.0,1.0,1.164645969860785e-06,5.669452206528177e-06,2.5720986948127815e-06,1.0,0.08,40.0,1.0,0.00015096871427215607,0.0003088370272494819,0.0001916846503535755,1.0,0.08,6.0,1.0,0.030653766476749767,0.06244153668729516,0.040175816561830335,1.0,0.12
03_rough_h0p008_spacing0p45_p2l_v2:0027,03_rough_h0p008_spacing0p45_p2l_v2,26.21299999999998,26.61299999999998,20.0,1.0,0.0038337242292822314,0.005695991085672958,0.00423435753851737,1.0,0.06,20.0,1.0,3.0691000712572667e-06,6.559212755289547e-06,4.149444724776879e-06,1.0,0.08,40.0,1.0,0.00015482439080154162,0.0003085710436406998,0.00019357398561290612,1.0,0.08,6.0,1.0,0.0309192907127198,0.06455217623506102,0.04075478942084838,1.0,0.12
03_rough_h0p008_spacing0p45_p2l_v2:0028,03_rough_h0p008_spacing0p45_p2l_v2,26.41299999999998,26.812999999999978,20.0,1.0,0.002845775238479409,0.005491921301308067,0.003509473796663293,1.0,0.06,20.0,1.0,2.018509571847859e-06,6.391264015879513e-06,3.260991772557172e-06,1.0,0.08,40.0,1.0,0.00016974499851169666,0.00034889409950670847,0.00020765046599068048,1.0,0.08,6.0,1.0,0.04324198518807301,0.07669702875870754,0.05178810076224206,1.0,0.12
03_rough_h0p008_spacing0p45_p2l_v2:0029,03_rough_h0p008_spacing0p45_p2l_v2,26.61299999999998,27.012999999999977,20.0,1.0,0.000737789115800247,0.0030221440108336955,0.0016210056037599739,1.0,0.06,20.0,1.0,2.0155915770760603e-07,3.00589356310716e-07,2.173197666290852e-07,1.0,0.08,40.0,1.0,0.00018569682928495644,0.0003500617993878033,0.00022215525245900433,1.0,0.08,6.0,1.0,0.03172082179915075,0.06746108596828487,0.04518298498500386,1.0,0.12
03_rough_h0p008_spacing0p45_p2l_v2:0030,03_rough_h0p008_spacing0p45_p2l_v2,26.812999999999978,27.212999999999976,20.0,1.0,0.0006718450126363184,0.0029853512173906595,0.0015163183951253057,1.0,0.06,20.0,1.0,1.9439307358851215e-07,2.262177064941031e-07,1.9572229988674403e-07,1.0,0.08,40.0,1.0,0.00016517615381319312,0.00029852561709737744,0.00019858766833061355,1.0,0.08,6.0,1.0,0.023798975604170575,0.0462425991884062,0.029031437668150126,1.0,0.12
03_rough_h0p008_spacing0p45_p2l_v2:0031,03_rough_h0p008_spacing0p45_p2l_v2,27.012999999999977,27.412999999999975,20.0,1.0,0.001917924860486106,0.0045256693578492385,0.0026554147170639855,1.0,0.06,20.0,1.0,2.3306149451984452e-07,2.539432612505308e-07,2.3408320800473145e-07,1.0,0.08,40.0,1.0,0.00017058186229810152,0.00031434294615410716,0.00019933386306633278,1.0,0.08,6.0,1.0,0.030700766540905117,0.0462425991884062,0.03355363626950968,1.0,0.12
03_rough_h0p008_spacing0p45_p2l_v2:0032,03_rough_h0p008_spacing0p45_p2l_v2,27.212999999999976,27.612999999999975,20.0,1.0,0.007875154409620977,0.022374384431224692,0.015688092928149266,1.0,0.06,20.0,1.0,0.006764640972352759,0.022272226777200196,0.018386690848322264,1.0,0.08,40.0,1.0,0.008126103773519546,0.03136791654880697,0.021050126285302506,0.975,0.08,6.0,1.0,0.0347439693277436,0.06124973196732439,0.04260787220335856,1.0,0.12
03_rough_h0p008_spacing0p45_p2l_v2:0033,03_rough_h0p008_spacing0p45_p2l_v2,27.412999999999975,27.812999999999974,20.0,1.0,0.013837360675492839,0.04027396510551705,0.022586179329437427,1.0,0.06,20.0,1.0,0.027389885380044342,0.07008567126578767,0.04247656949174262,0.9,0.08,40.0,1.0,0.019973617862532645,0.06420844980744067,0.03251789111512127,0.95,0.08,6.0,1.0,0.04647001780297155,0.0857977506522821,0.05516478596228841,1.0,0.12
03_rough_h0p008_spacing0p45_p2l_v2:0034,03_rough_h0p008_spacing0p45_p2l_v2,27.612999999999975,28.012999999999973,20.0,1.0,0.008434572396726141,0.02379843847737029,0.016500862538583298,1.0,0.06,20.0,1.0,0.027437648516784437,0.05985987168088173,0.039914916194925654,0.9,0.08,40.0,1.0,0.013842634953273859,0.03766606571610651,0.025099252957623722,0.975,0.08,6.0,1.0,0.03358519140998798,0.06404945899141992,0.042774449214358086,1.0,0.12
03_rough_h0p008_spacing0p45_p2l_v2:0035,03_rough_h0p008_spacing0p45_p2l_v2,27.812999999999974,28.212999999999973,20.0,1.0,0.002684124380169052,0.003939961823496696,0.0028407101863228133,1.0,0.06,20.0,1.0,0.010157239217381863,0.021819888116213645,0.012353376840561545,1.0,0.08,40.0,1.0,0.004938986733716969,0.010080088058575864,0.00624694583630691,1.0,0.08,6.0,1.0,0.031478844695813656,0.061937186646207565,0.040527780428425184,1.0,0.12
03_rough_h0p008_spacing0p45_p2l_v2:0036,03_rough_h0p008_spacing0p45_p2l_v2,28.012999999999973,28.412999999999972,20.0,1.0,0.0016925311540561734,0.003540641929022365,0.002192752763336902,1.0,0.06,20.0,1.0,0.011608095567396596,0.018268970495567645,0.012840238896465152,1.0,0.08,40.0,1.0,0.00386706584943268,0.008949214957900194,0.005199853416030036,1.0,0.08,6.0,1.0,0.032302548086303146,0.061937186646207565,0.04070995011966509,1.0,0.12
03_rough_h0p008_spacing0p45_p2l_v2:0037,03_rough_h0p008_spacing0p45_p2l_v2,28.212999999999973,28.61299999999997,20.0,1.0,0.0002449839646812696,0.0008248417948844406,0.0004974046569298895,1.0,0.06,20.0,1.0,0.019378672937737998,0.019037514240711373,0.020797235152054727,1.0,0.08,40.0,1.0,0.003732239280135514,0.006768784441646848,0.010288717996256504,1.0,0.08,6.0,1.0,0.024766438324196796,0.038589618787282315,0.027964095416101502,1.0,0.12
03_rough_h0p008_spacing0p45_p2l_v2:0038,03_rough_h0p008_spacing0p45_p2l_v2,28.412999999999972,28.81299999999997,20.0,1.0,0.0010385721505096381,0.003149141405879003,0.0016416440336645634,1.0,0.06,20.0,1.0,0.0557865086894251,0.1423652723885474,0.08182359023868625,0.7,0.08,40.0,1.0,0.03723240576505055,0.12126511282662301,0.06295685281927973,0.8,0.08,6.0,1.0,0.02808344584506189,0.05238047854108388,0.03344008849590475,1.0,0.12
03_rough_h0p008_spacing0p45_p2l_v2:0039,03_rough_h0p008_spacing0p45_p2l_v2,28.61299999999997,29.01299999999997,20.0,1.0,0.003052824922192711,0.004177135076371023,0.0033334870574638414,1.0,0.06,20.0,1.0,0.044845628452510104,0.1423652723885474,0.08001323469034334,0.7,0.08,40.0,1.0,0.03458074829069587,0.12126511282662301,0.06214296579380501,0.8,0.08,6.0,1.0,0.022832592154376805,0.04328099908401671,0.02884697164425204,1.0,0.12
03_rough_h0p008_spacing0p45_p2l_v2:0040,03_rough_h0p008_spacing0p45_p2l_v2,28.81299999999997,29.21299999999997,20.0,1.0,0.00427705184718281,0.005127533829336889,0.004320704568238232,1.0,0.06,20.0,1.0,0.0022080137987493505,0.005469610979630935,0.003152200539323991,1.0,0.08,40.0,1.0,0.0023086691721846556,0.005472969825276834,0.003894570346055321,1.0,0.08,6.0,1.0,0.019317295250110358,0.04075976985001013,0.026282498809896093,1.0,0.12
03_rough_h0p008_spacing0p45_p2l_v2:0041,03_rough_h0p008_spacing0p45_p2l_v2,29.01299999999997,29.41299999999997,20.0,1.0,0.002989347203235915,0.005127533829336889,0.0034148906316187034,1.0,0.06,20.0,1.0,0.003761508720098039,0.005469610979630935,0.004139681803248874,1.0,0.08,40.0,1.0,0.004407760897660924,0.010379625125047674,0.005659144581259404,1.0,0.08,6.0,1.0,0.02752891216487544,0.05325285974992605,0.035310052239745156,1.0,0.12
03_rough_h0p008_spacing0p45_p2l_v2:0042,03_rough_h0p008_spacing0p45_p2l_v2,29.21299999999997,29.612999999999968,20.0,1.0,0.0021877165135986863,0.003878821659099313,0.0025283718762434486,1.0,0.06,20.0,1.0,0.001808814693319913,0.004911983008271745,0.002737233523077722,1.0,0.08,40.0,1.0,0.0027876618876364204,0.009383644586102748,0.004585172093977299,1.0,0.08,6.0,1.0,0.020835957993853266,0.047314888766953195,0.028938187079734234,1.0,0.12
03_rough_h0p008_spacing0p45_p2l_v2:0043,03_rough_h0p008_spacing0p45_p2l_v2,29.41299999999997,29.812999999999967,20.0,1.0,0.024468048850186355,0.074894714445002,0.03995677873477247,0.8,0.06,20.0,1.0,0.022715917966975464,0.07393498146306483,0.041611155356715245,0.9,0.08,40.0,1.0,0.0192592627837875,0.06927367831559703,0.03337816357826663,0.975,0.08,6.0,1.0,0.024777574568761052,0.053051365845658206,0.03271426278005806,1.0,0.12
03_rough_h0p008_spacing0p45_p2l_v2:0044,03_rough_h0p008_spacing0p45_p2l_v2,29.612999999999968,30.012999999999966,20.0,1.0,0.023549515353754435,0.074894714445002,0.03994010013014724,0.8,0.06,20.0,1.0,0.023850262971392252,0.07393498146306483,0.04176373106321833,0.9,0.08,40.0,1.0,0.019677643207662607,0.06927367831559703,0.03346323703992402,0.975,0.08,6.0,1.0,0.027609228401524008,0.053051365845658206,0.03401756550608439,1.0,0.12
03_rough_h0p008_spacing0p45_p2l_v2:0045,03_rough_h0p008_spacing0p45_p2l_v2,29.812999999999967,30.212999999999965,20.0,1.0,0.0005479729087312909,0.00019857886558379792,0.0019105845379599642,1.0,0.06,20.0,1.0,0.0014090839706982238,0.0009642981764522518,0.003582620876773576,1.0,0.08,40.0,1.0,0.000943891568668488,0.0006906592189975824,0.0030804558122582786,1.0,0.08,6.0,1.0,0.015316488167194053,0.03309198965990082,0.019980553803175927,1.0,0.12
03_rough_h0p008_spacing0p45_p2l_v2:0046,03_rough_h0p008_spacing0p45_p2l_v2,30.012999999999966,30.412999999999965,20.0,1.0,3.996036001072158e-05,9.45395972211614e-05,5.2928372502778486e-05,1.0,0.06,20.0,1.0,0.00022682188825183929,0.0005367342545015235,0.00030022798201455086,1.0,0.08,40.0,1.0,0.0001580890256736651,0.0002782398500288792,0.00018954295730764937,1.0,0.08,6.0,1.0,0.020382429910259032,0.04263877229641437,0.026645737408402075,1.0,0.12
03_rough_h0p008_spacing0p45_p2l_v2:0047,03_rough_h0p008_spacing0p45_p2l_v2,30.212999999999965,30.612999999999964,20.0,1.0,0.023049823223955195,0.06609171555199532,0.05150189937062049,0.9,0.06,20.0,1.0,0.0006180909997822499,0.0023774848360547034,0.0012081941504156002,1.0,0.08,40.0,1.0,0.0005499361461831402,0.0016089014156678678,0.0010803732309212196,1.0,0.08,6.0,1.0,0.03779979787898622,0.0717267226381613,0.047739302796883445,1.0,0.12
03_rough_h0p008_spacing0p45_p2l_v2:0048,03_rough_h0p008_spacing0p45_p2l_v2,30.412999999999965,30.812999999999963,20.0,1.0,0.033517218709998124,0.09530781299714423,0.05742058506204121,0.85,0.06,20.0,1.0,0.0016162473659898518,0.0034583114739053515,0.002080601595616983,1.0,0.08,40.0,1.0,0.0009001022715093395,0.0021332904238272913,0.0018308467790079904,1.0,0.08,6.0,1.0,0.06428950613267899,0.11593648895710688,0.07618011544252488,0.8333333333333334,0.12
03_rough_h0p008_spacing0p45_p2l_v2:0049,03_rough_h0p008_spacing0p45_p2l_v2,30.612999999999964,31.012999999999963,20.0,1.0,0.012332433367621546,0.03353482766950926,0.02555956855561332,0.95,0.06,20.0,1.0,0.0019357732765374485,0.0034583114739053515,0.002226315167729076,1.0,0.08,40.0,1.0,0.0031741442601157777,0.0069398583471335035,0.007722448825452314,1.0,0.08,6.0,1.0,0.052978729599735645,0.10883519888055002,0.0712778326335529,0.8333333333333334,0.12
03_rough_h0p008_spacing0p45_p2l_v2:0050,03_rough_h0p008_spacing0p45_p2l_v2,30.812999999999963,31.212999999999962,20.0,1.0,0.0018746818892419054,0.005300378280753615,0.0029349590745272425,1.0,0.06,20.0,1.0,0.001032157681907554,0.002754890399085517,0.0014549627959754953,1.0,0.08,40.0,1.0,0.0028534066102770678,0.005778402285333221,0.007580403077185961,1.0,0.08,6.0,1.0,0.02459703191188174,0.05518330238989022,0.036351956608656054,1.0,0.12
03_rough_h0p008_spacing0p45_p2l_v2:0051,03_rough_h0p008_spacing0p45_p2l_v2,31.012999999999963,31.41299999999996,20.0,1.0,3.1246075261187614e-05,3.190179051780762e-05,3.124892809895199e-05,1.0,0.06,20.0,1.0,0.0002518890523659597,0.0002551315713931117,0.0002519090563160049,1.0,0.08,40.0,1.0,0.0001877382534906465,0.0003348183044513172,0.00023152019705593185,1.0,0.08,6.0,1.0,0.020319932281943138,0.028957647598397446,0.02183020946648546,1.0,0.12
03_rough_h0p008_spacing0p45_p2l_v2:0052,03_rough_h0p008_spacing0p45_p2l_v2,31.212999999999962,31.61299999999996,20.0,1.0,0.0006440212821346991,0.0027874088024860584,0.0013457049413101699,1.0,0.06,20.0,1.0,0.0004288082714185927,0.0010744686856293266,0.0005606912090369452,1.0,0.08,40.0,1.0,0.00035311902710027487,0.0009806914683797624,0.0005291758349567033,1.0,0.08,6.0,1.0,0.02313467195741205,0.04599605420174693,0.03060271741995739,1.0,0.12
03_rough_h0p008_spacing0p45_p2l_v2:0053,03_rough_h0p008_spacing0p45_p2l_v2,31.41299999999996,31.81299999999996,20.0,1.0,0.001438311456687491,0.00363348088704602,0.002049453897845728,1.0,0.06,20.0,1.0,0.0006921759284933386,0.0013900101715052678,0.0008329956463564703,1.0,0.08,40.0,1.0,0.0009744957950009985,0.0013406699631421251,0.002111727372944405,1.0,0.08,6.0,1.0,0.03203740112493409,0.057767823720054595,0.03872111678035192,1.0,0.12
03_rough_h0p008_spacing0p45_p2l_v2:0054,03_rough_h0p008_spacing0p45_p2l_v2,31.61299999999996,32.01299999999996,20.0,1.0,0.0012191487300858618,0.003265201475711233,0.0016677726454024796,1.0,0.06,20.0,1.0,0.0006927664989681843,0.001298462173854034,0.0007832188923566899,1.0,0.08,40.0,1.0,0.0011416451001846795,0.0012564689289877775,0.0025094165046205745,1.0,0.08,7.0,1.0,0.0417479712519791,0.07392222677763004,0.05118958034402145,1.0,0.12
03_rough_h0p008_spacing0p45_p2l_v2:0055,03_rough_h0p008_spacing0p45_p2l_v2,31.81299999999996,32.21299999999996,20.0,1.0,0.002553296153514015,0.005657989025113858,0.0032725845327532823,1.0,0.06,20.0,1.0,0.000802584674747346,0.0012155963673327228,0.0008556017286027353,1.0,0.08,40.0,1.0,0.001890259417043879,0.002420576503077556,0.0056641054128572016,1.0,0.08,7.0,1.0,0.04094189781171986,0.08481271443506269,0.053309559093531876,1.0,0.12
03_rough_h0p008_spacing0p45_p2l_v2:0056,03_rough_h0p008_spacing0p45_p2l_v2,32.01299999999996,32.41299999999996,20.0,1.0,0.004143242992789125,0.005725893446045144,0.004391995743234634,1.0,0.06,20.0,1.0,0.0017150691955736652,0.003276631227148191,0.0020374086255517784,1.0,0.08,40.0,1.0,0.004539683859332008,0.009464213028512879,0.0107892763028755,1.0,0.08,6.0,1.0,0.03985634488318602,0.0762995020906978,0.04916226771461943,1.0,0.12
03_rough_h0p008_spacing0p45_p2l_v2:0057,03_rough_h0p008_spacing0p45_p2l_v2,32.21299999999996,32.61299999999996,20.0,1.0,0.002643604128342808,0.0053955794141941965,0.003341212406367058,1.0,0.06,20.0,1.0,0.0020902130203218944,0.003773932590660062,0.0025219796383949343,1.0,0.08,40.0,1.0,0.0038575551490799935,0.008361751815124618,0.009417718156665535,1.0,0.08,6.0,1.0,0.031180563169442715,0.05916711017327181,0.0400404114807826,1.0,0.12
03_rough_h0p008_spacing0p45_p2l_v2:0058,03_rough_h0p008_spacing0p45_p2l_v2,32.412999999999954,32.81299999999995,20.0,1.0,0.0006602698791643435,0.002653478924493659,0.0014807929128918525,1.0,0.06,20.0,1.0,0.0009986522003254702,0.003431419500728872,0.001664374452113012,1.0,0.08,40.0,1.0,0.000854585588766669,0.0032808174830488064,0.0015136064215843258,1.0,0.08,6.0,1.0,0.024329922853614277,0.04325962653381435,0.0291383982342722,1.0,0.12
03_rough_h0p008_spacing0p45_p2l_v2:0059,03_rough_h0p008_spacing0p45_p2l_v2,32.61299999999996,33.012999999999955,20.0,1.0,3.144709311365956e-05,3.16755007661873e-05,3.144743729424483e-05,1.0,0.06,20.0,1.0,0.00025052780718279766,0.0002516193076391319,0.0002505306568800693,1.0,0.08,40.0,1.0,0.00013787260350363084,0.00028162426065397346,0.00016580016088213066,1.0,0.08,6.0,1.0,0.018865425417741954,0.04089811364134474,0.02517293350450878,1.0,0.12
03_rough_h0p008_spacing0p45_p2l_v2:0060,03_rough_h0p008_spacing0p45_p2l_v2,32.81299999999996,33.21299999999996,20.0,1.0,0.0013406600574043831,0.0035551858490803336,0.0020449188373614547,1.0,0.06,20.0,1.0,0.0006755288859904097,0.0014013499079265994,0.0008421393076926189,1.0,0.08,40.0,1.0,0.0008847321063790786,0.0011359110573275972,0.002147236220700614,1.0,0.08,6.0,1.0,0.021776955679665172,0.042871985076088054,0.027928857172425593,1.0,0.12
03_rough_h0p008_spacing0p45_p2l_v2:0061,03_rough_h0p008_spacing0p45_p2l_v2,33.012999999999955,33.412999999999954,20.0,1.0,0.0016583114531597415,0.0035551858490803336,0.0021270225877943363,1.0,0.06,20.0,1.0,0.0008206352844899503,0.0014013499079265994,0.0009224630009329293,1.0,0.08,40.0,1.0,0.0012358640195801374,0.0013685434433475573,0.0026263573967075108,1.0,0.08,6.0,1.0,0.036397124758697066,0.0584721812178471,0.040362359853915605,1.0,0.12
03_rough_h0p008_spacing0p45_p2l_v2:0062,03_rough_h0p008_spacing0p45_p2l_v2,33.21299999999995,33.61299999999995,20.0,1.0,0.001225174289668296,0.0030158476405557928,0.001768608745185005,1.0,0.06,20.0,1.0,0.0005944245985334974,0.0008303098036230753,0.0006411353362208072,1.0,0.08,40.0,1.0,0.0015987912219342648,0.0011570064736551049,0.005574846336772077,1.0,0.08,6.0,1.0,0.029974179467773702,0.04940368943324221,0.03395945809994385,1.0,0.12
03_rough_h0p008_spacing0p45_p2l_v2:0063,03_rough_h0p008_spacing0p45_p2l_v2,33.412999999999954,33.81299999999995,20.0,1.0,0.0029208919413166445,0.005624244549864654,0.003476089674214343,1.0,0.06,20.0,1.0,0.0013801440786750346,0.0031438812379625636,0.0017605762757793618,1.0,0.08,40.0,1.0,0.0017825172453902944,0.002344762210122578,0.0055684884015792645,1.0,0.08,6.0,1.0,0.0467626850449902,0.09125216336160703,0.06450571947991256,0.8333333333333334,0.12
03_rough_h0p008_spacing0p45_p2l_v2:0064,03_rough_h0p008_spacing0p45_p2l_v2,33.61299999999996,34.012999999999955,20.0,1.0,0.004081821740129321,0.005760798109025756,0.00435223587374128,1.0,0.06,20.0,1.0,0.0023866203544347835,0.0037986130223511493,0.002660919294660556,1.0,0.08,40.0,1.0,0.00448449663662954,0.008949445226663005,0.010397117404420701,1.0,0.08,6.0,1.0,0.05892570840581729,0.11232391153119746,0.07281507443764663,0.8333333333333334,0.12
03_rough_h0p008_spacing0p45_p2l_v2:0065,03_rough_h0p008_spacing0p45_p2l_v2,33.81299999999995,34.21299999999995,20.0,1.0,0.0020788021909888626,0.005549815062857927,0.003105944594257154,1.0,0.06,20.0,1.0,0.0015007933691020894,0.0036574633472877685,0.002077581811684876,1.0,0.08,40.0,1.0,0.003993653109605745,0.008949445226663005,0.010291639596070861,1.0,0.08,6.0,1.0,0.03647025029843193,0.060710613414515946,0.042996221188773144,1.0,0.12
03_rough_h0p008_spacing0p45_p2l_v2:0066,03_rough_h0p008_spacing0p45_p2l_v2,34.01299999999995,34.41299999999995,20.0,1.0,0.0017446231869386348,0.0036563720714441906,0.005258659223785444,1.0,0.06,20.0,1.0,0.0032545224202437106,0.00370085166265285,0.009984706707914558,1.0,0.08,40.0,1.0,0.004140503414155755,0.010277430064531553,0.012738068971829242,1.0,0.08,6.0,1.0,0.014745340414465588,0.035915543635299585,0.021119144920436223,1.0,0.12
03_rough_h0p008_spacing0p45_p2l_v2:0067,03_rough_h0p008_spacing0p45_p2l_v2,34.21299999999995,34.61299999999995,20.0,1.0,0.010696648963691564,0.035154530109137244,0.018527935209956662,1.0,0.06,20.0,1.0,0.03935430375796018,0.1100993921615059,0.06559813909036988,0.85,0.08,40.0,1.0,0.027098431602394037,0.09311263198348887,0.0461131564678637,0.875,0.08,6.0,1.0,0.02684354131620706,0.0628703875578697,0.04163672894984326,1.0,0.12
03_rough_h0p008_spacing0p45_p2l_v2:0068,03_rough_h0p008_spacing0p45_p2l_v2,34.412999999999954,34.81299999999995,20.0,1.0,0.010771895912408777,0.035154530109137244,0.017986611827628677,1.0,0.06,20.0,1.0,0.04432425623262433,0.1100993921615059,0.06606279799898619,0.85,0.08,40.0,1.0,0.026881101185614126,0.09311263198348887,0.04511160784671713,0.875,0.08,6.0,1.0,0.04250636232913054,0.07994020550192174,0.05086249747910518,1.0,0.12
03_rough_h0p008_spacing0p45_p2l_v2:0069,03_rough_h0p008_spacing0p45_p2l_v2,34.61299999999995,35.01299999999995,20.0,1.0,0.004030065961810682,0.006279573534237724,0.004505665520349602,1.0,0.06,20.0,1.0,0.010168190462700327,0.024150996605218095,0.013215157880798793,1.0,0.08,40.0,1.0,0.006536090315659793,0.018928281198579956,0.010171707610643599,1.0,0.08,6.0,1.0,0.023803817001002717,0.045186221825976036,0.031193611398369247,1.0,0.12
03_rough_h0p008_spacing0p45_p2l_v2:0070,03_rough_h0p008_spacing0p45_p2l_v2,34.812999999999946,35.212999999999944,20.0,1.0,0.0034384582905659725,0.006279573534237724,0.004022267641077212,1.0,0.06,20.0,1.0,0.004042544558484687,0.008135504977523128,0.005121494249734408,1.0,0.08,40.0,1.0,0.004740405419303423,0.013982615132424443,0.007196980047621007,1.0,0.08,6.0,1.0,0.03174629436346521,0.07340546770104785,0.04416833807678234,1.0,0.12
03_rough_h0p008_spacing0p45_p2l_v2:0071,03_rough_h0p008_spacing0p45_p2l_v2,35.01299999999995,35.41299999999995,20.0,1.0,0.0017483778776886353,0.0036871287326994883,0.0022025317343270026,1.0,0.06,20.0,1.0,0.014286479831940632,0.030156908560046197,0.018306952338028586,1.0,0.08,40.0,1.0,0.002667500936031214,0.0049420369587836075,0.004556032890804857,1.0,0.08,6.0,1.0,0.04232180214092505,0.07340546770104785,0.051134480242304076,1.0,0.12
03_rough_h0p008_spacing0p45_p2l_v2:0072,03_rough_h0p008_spacing0p45_p2l_v2,35.21299999999995,35.61299999999995,20.0,1.0,0.0005960176412294071,0.002247075169833976,0.0010461140516658377,1.0,0.06,20.0,1.0,0.02775826746585854,0.030802715433442367,0.02823385432762898,1.0,0.08,40.0,1.0,0.0007203543469956331,0.0022225785945993674,0.0012627565024920593,1.0,0.08,6.0,1.0,0.028402104734758238,0.046444157981042,0.032331075063792555,1.0,0.12
03_rough_h0p008_spacing0p45_p2l_v2:0073,03_rough_h0p008_spacing0p45_p2l_v2,35.41299999999995,35.812999999999946,20.0,1.0,0.00010075592877048511,0.00010261412641999478,0.00010076552761786563,1.0,0.06,20.0,1.0,0.03080333833437173,0.030805772578819907,0.03080333839914096,1.0,0.08,40.0,1.0,0.0001649530614782152,0.00034724574348478094,0.00020162714417339527,1.0,0.08,6.0,1.0,0.018047348358961855,0.028886827070058768,0.02099958649151801,1.0,0.12
03_rough_h0p008_spacing0p45_p2l_v2:0074,03_rough_h0p008_spacing0p45_p2l_v2,35.61299999999994,36.01299999999994,20.0,1.0,0.00020012266453752896,0.00042632117495495554,0.0003406919162185909,1.0,0.06,20.0,1.0,0.03008960079133303,0.030806402042374968,0.030131997755751143,1.0,0.08,40.0,1.0,0.0006159323921716032,0.0018982493181149756,0.0011082523098406164,1.0,0.08,6.0,1.0,0.0151337445036209,0.027105403715897022,0.01808949387163551,1.0,0.12
03_rough_h0p008_spacing0p45_p2l_v2:0075,03_rough_h0p008_spacing0p45_p2l_v2,35.812999999999946,36.212999999999944,20.0,1.0,0.0024202538394050717,0.006061170871635296,0.003419295355787021,1.0,0.06,20.0,1.0,0.019196389562845525,0.030806402042374968,0.02239914890852481,1.0,0.08,40.0,1.0,0.001170495560380813,0.002957965502833682,0.0016014521706700007,1.0,0.08,6.0,1.0,0.017340641472109664,0.024869950725544807,0.018695975948508636,1.0,0.12
03_rough_h0p008_spacing0p45_p2l_v2:0076,03_rough_h0p008_spacing0p45_p2l_v2,36.01299999999995,36.41299999999995,20.0,1.0,0.0056296711996254006,0.006871457886631754,0.005844677774390845,1.0,0.06,20.0,1.0,0.06791029889876375,0.20331934004081972,0.11137923741776222,0.7,0.08,40.0,1.0,0.05578524746067041,0.17579813920107187,0.09410378822661004,0.7,0.08,6.0,1.0,0.01901463691607393,0.03288567425223701,0.02293721071743961,1.0,0.12
03_rough_h0p008_spacing0p45_p2l_v2:0077,03_rough_h0p008_spacing0p45_p2l_v2,36.212999999999944,36.61299999999994,20.0,1.0,0.006617170164523666,0.006871457886631754,0.006620290745293638,1.0,0.06,20.0,1.0,0.06500675478723394,0.20331934004081972,0.11120303298389862,0.7,0.08,40.0,1.0,0.056407099872554725,0.17579813920107187,0.09420747312406784,0.7,0.08,6.0,1.0,0.02200402875034635,0.042534699333788464,0.027112921580239032,1.0,0.12
03_rough_h0p008_spacing0p45_p2l_v2:0078,03_rough_h0p008_spacing0p45_p2l_v2,36.41299999999994,36.81299999999994,20.0,1.0,0.006567545095589107,0.006617990213778907,0.0065686214526368405,1.0,0.06,20.0,1.0,0.0018893108299167128,0.0009329865938110741,0.005403819801286085,1.0,0.08,40.0,1.0,0.0013509911871368199,0.0010945435064783704,0.004572423919839015,1.0,0.08,6.0,1.0,0.031042653986843697,0.056132066920802595,0.03726805865346301,1.0,0.12
03_rough_h0p008_spacing0p45_p2l_v2:0079,03_rough_h0p008_spacing0p45_p2l_v2,36.61299999999994,37.01299999999994,20.0,1.0,0.006618031836454872,0.006618247596830521,0.006618031839273118,1.0,0.06,20.0,1.0,0.0005539249436248367,0.0005740379844381083,0.000554132416968291,1.0,0.08,40.0,1.0,0.00017155659308882575,0.0003504498666753453,0.000212473404752757,1.0,0.08,6.0,1.0,0.030457423535638354,0.0596222597083193,0.03847438761978328,1.0,0.12
03_rough_h0p008_spacing0p45_p2l_v2:0080,03_rough_h0p008_spacing0p45_p2l_v2,36.812999999999946,37.212999999999944,20.0,1.0,0.006618224045743982,0.006618272615398496,0.006618224045946854,1.0,0.06,20.0,1.0,0.000528189577912716,0.0005474670741428711,0.000528389028815265,1.0,0.08,40.0,1.0,0.00017586342195088922,0.00037730719614089694,0.0002202441144536129,1.0,0.08,6.0,1.0,0.019307885749263273,0.03914969959696511,0.02561857577816057,1.0,0.12
03_rough_h0p008_spacing0p45_p2l_v2:0081,03_rough_h0p008_spacing0p45_p2l_v2,37.01299999999994,37.41299999999994,20.0,1.0,0.00661814519038602,0.006618272615398496,0.006618145191662634,1.0,0.06,20.0,1.0,0.0005036357931281655,0.0005219832900507759,0.0005038248280598752,1.0,0.08,40.0,1.0,0.00015433501543393735,0.00037730719614089694,0.00020930775253224544,1.0,0.08,6.0,1.0,0.02329779459895305,0.039283311686420894,0.02668081945219734,1.0,0.12
03_rough_h0p008_spacing0p45_p2l_v2:0082,03_rough_h0p008_spacing0p45_p2l_v2,37.21299999999994,37.612999999999936,20.0,1.0,0.006617795714077164,0.0066181308144022954,0.006617795720093543,1.0,0.06,20.0,1.0,0.0004803838618622436,0.0004977115021359779,0.00048056016703708343,1.0,0.08,40.0,1.0,0.00015322666760256287,0.0003254987472709581,0.00020012392966056527,1.0,0.08,6.0,1.0,0.026614880056582756,0.039283311686420894,0.028692015465984474,1.0,0.12
03_rough_h0p008_spacing0p45_p2l_v2:0083,03_rough_h0p008_spacing0p45_p2l_v2,37.41299999999994,37.81299999999994,20.0,1.0,0.0066171773856394,0.0066177162560812994,0.006617177399967681,1.0,0.06,20.0,1.0,0.0004585476325567106,0.0004747705837187755,0.0004587090595049173,1.0,0.08,40.0,1.0,0.00017948361139083073,0.00034393365835276303,0.00022125178361298234,1.0,0.08,6.0,1.0,0.02786858936090925,0.04090096395805,0.029931085882654536,1.0,0.12
03_rough_h0p008_spacing0p45_p2l_v2:0084,03_rough_h0p008_spacing0p45_p2l_v2,37.61299999999994,38.01299999999994,20.0,1.0,0.006616293288714599,0.006617033249018292,0.0066162933147641215,1.0,0.06,20.0,1.0,0.00043823398517787716,0.0004532728542346265,0.0004383786498565222,1.0,0.08,40.0,1.0,0.00017574413941226497,0.00035367830449484775,0.00022042301855950555,1.0,0.08,6.0,1.0,0.026168195374233896,0.04471866799947351,0.030538856473114172,1.0,0.12
03_rough_h0p008_spacing0p45_p2l_v2:0085,03_rough_h0p008_spacing0p45_p2l_v2,37.81299999999994,38.21299999999994,20.0,1.0,0.02145970558844476,0.05759773433420649,0.031312154338140864,0.95,0.06,20.0,1.0,0.03159087804624407,0.10585774832672488,0.06361273201825125,0.85,0.08,40.0,1.0,0.02609003439546323,0.10233615320538705,0.05003027271250975,0.8,0.08,6.0,1.0,0.02863089438902645,0.05181883218414778,0.034962904696069205,1.0,0.12
03_rough_h0p008_spacing0p45_p2l_v2:0086,03_rough_h0p008_spacing0p45_p2l_v2,38.012999999999934,38.41299999999993,20.0,1.0,0.019545442008232515,0.05759773433420649,0.03130751581540808,0.95,0.06,20.0,1.0,0.03617203290268088,0.10585774832672488,0.0653619652869817,0.85,0.08,40.0,1.0,0.030106765629384726,0.10233615320538705,0.05169997142983619,0.8,0.08,6.0,1.0,0.023302554092407796,0.05181883218414778,0.03139677661193998,1.0,0.12
04_external_impact_y12N_t0p25_p2l_v2:0000,04_external_impact_y12N_t0p25_p2l_v2,21.483,21.883,20.0,1.0,8.103336268566891e-19,1.0856141876730315e-18,8.553474647657474e-19,1.0,0.06,20.0,1.0,1.6760108035245738e-18,2.173041140642744e-18,1.7200168627553314e-18,1.0,0.08,40.0,1.0,0.00014357579303822396,0.0002822660069631355,0.00017234069004553115,1.0,0.08,6.0,1.0,0.01867878070360614,0.03500620517517639,0.024025344267091887,1.0,0.12
04_external_impact_y12N_t0p25_p2l_v2:0001,04_external_impact_y12N_t0p25_p2l_v2,21.683,22.083,20.0,1.0,8.388299554219075e-19,1.0856141876730315e-18,8.809485317661405e-19,1.0,0.06,20.0,1.0,1.4583804741241553e-18,2.173041140642744e-18,1.5357914109441911e-18,1.0,0.08,40.0,1.0,0.0001419255111188812,0.0002953516895086874,0.00017228993827343592,1.0,0.08,6.0,1.0,0.019603650925137092,0.037039299106067625,0.024915787420060884,1.0,0.12
04_external_impact_y12N_t0p25_p2l_v2:0002,04_external_impact_y12N_t0p25_p2l_v2,21.883,22.282999999999998,20.0,1.0,8.987867701201502e-19,1.2441250667147983e-18,9.400578465569586e-19,1.0,0.06,20.0,1.0,1.0012186318227088e-18,1.2966271693004123e-18,1.063700697650933e-18,1.0,0.08,40.0,1.0,0.00014145485457442135,0.00029415530237411646,0.00017214950705059546,1.0,0.08,6.0,1.0,0.01294847028346647,0.022031454886889235,0.015188039282133043,1.0,0.12
04_external_impact_y12N_t0p25_p2l_v2:0003,04_external_impact_y12N_t0p25_p2l_v2,22.083,22.482999999999997,20.0,1.0,8.257549379391596e-19,1.2404568989884841e-18,8.785939068794554e-19,1.0,0.06,20.0,1.0,7.66077998941227e-19,1.2966271693004123e-18,8.826417656485154e-19,1.0,0.08,40.0,1.0,0.00016544484660379596,0.0003269641333540896,0.0001994226408392408,1.0,0.08,6.0,1.0,0.017227913162653513,0.03023637079159954,0.02017446739912664,1.0,0.12
04_external_impact_y12N_t0p25_p2l_v2:0004,04_external_impact_y12N_t0p25_p2l_v2,22.282999999999998,22.682999999999996,20.0,1.0,7.237765999990951e-19,1.040162902319144e-18,7.770279264220418e-19,1.0,0.06,20.0,1.0,6.055863664521316e-19,8.566987242418979e-19,6.45781778187685e-19,1.0,0.08,40.0,1.0,0.00018886049364632732,0.000353550806288738,0.0002278473004045815,1.0,0.08,6.0,1.0,0.015666534491949168,0.03023637079159954,0.018935340128267194,1.0,0.12
04_external_impact_y12N_t0p25_p2l_v2:0005,04_external_impact_y12N_t0p25_p2l_v2,22.482999999999997,22.882999999999996,20.0,1.0,7.360844636305965e-19,1.001754180932325e-18,7.662778888378653e-19,1.0,0.06,20.0,1.0,7.164145113565414e-19,8.667609736586726e-19,7.356944661431573e-19,1.0,0.08,40.0,1.0,0.00015437493975697963,0.0002848895984827725,0.00019544577200195605,1.0,0.08,6.0,1.0,0.010121716604886736,0.016171476599967743,0.011354846161203363,1.0,0.12
04_external_impact_y12N_t0p25_p2l_v2:0006,04_external_impact_y12N_t0p25_p2l_v2,22.682999999999996,23.082999999999995,20.0,1.0,0.025901205713966407,0.08720759875994434,0.04578768034610177,0.8,0.06,20.0,1.0,1.6396554981102292e-15,4.291907291706098e-15,2.4603031851930693e-15,1.0,0.08,40.0,1.0,0.00015893664868369333,0.0003173067230743686,0.0002016291067219577,1.0,0.08,6.0,1.0,0.03294556833374431,0.06370521733823135,0.04276473435677923,1.0,0.12
04_external_impact_y12N_t0p25_p2l_v2:0007,04_external_impact_y12N_t0p25_p2l_v2,22.882999999999996,23.282999999999994,20.0,1.0,0.026602416620630842,0.08720759875994434,0.04586212122518786,0.8,0.06,20.0,1.0,1.8808924299102608e-15,4.291907291706098e-15,2.4847333897426915e-15,1.0,0.08,40.0,1.0,0.000164511083659629,0.0003173067230743686,0.00020620229903386581,1.0,0.08,6.0,1.0,0.04475989258080847,0.06876476219304602,0.04966806124371527,1.0,0.12
04_external_impact_y12N_t0p25_p2l_v2:0008,04_external_impact_y12N_t0p25_p2l_v2,23.082999999999995,23.482999999999993,20.0,1.0,0.0007144484078431754,0.0002616375519061387,0.0026120570935391583,1.0,0.06,20.0,1.0,5.449271080666686e-16,6.127083702008721e-16,5.521084513025998e-16,1.0,0.08,40.0,1.0,0.00013635940136596866,0.00026532488946519144,0.00017463613874413807,1.0,0.08,6.0,1.0,0.023705553366902592,0.04432746135875823,0.029330388161681646,1.0,0.12
04_external_impact_y12N_t0p25_p2l_v2:0009,04_external_impact_y12N_t0p25_p2l_v2,23.282999999999994,23.682999999999993,20.0,1.0,2.6474715666055525e-05,2.6475292304495302e-05,2.6474715668920797e-05,1.0,0.06,20.0,1.0,6.294167773399001e-16,6.807688234639589e-16,6.301814314038901e-16,1.0,0.08,40.0,1.0,0.00015192133444023818,0.0002606888552117425,0.00019040502342980773,1.0,0.08,6.0,1.0,0.022593589538639644,0.04509441637102439,0.028804819446464625,1.0,0.12
04_external_impact_y12N_t0p25_p2l_v2:0010,04_external_impact_y12N_t0p25_p2l_v2,23.482999999999993,23.882999999999992,20.0,1.0,2.6474390565170426e-05,2.6474467825687854e-05,2.6474390565221858e-05,1.0,0.06,20.0,1.0,6.861946891891056e-16,7.331002582046781e-16,6.874428791968047e-16,1.0,0.08,40.0,1.0,0.00014783368583383706,0.0002512530947782289,0.00018047617097214448,1.0,0.08,6.0,1.0,0.02503370887976714,0.04509441637102439,0.02930877973504024,1.0,0.12
04_external_impact_y12N_t0p25_p2l_v2:0011,04_external_impact_y12N_t0p25_p2l_v2,23.682999999999993,24.08299999999999,20.0,1.0,2.647434701118223e-05,2.647435735939896e-05,2.6474347011183153e-05,1.0,0.06,20.0,1.0,7.772109458847987e-16,8.653172916414678e-16,7.798356646937363e-16,1.0,0.08,40.0,1.0,0.0001372974903027792,0.0002966238319434328,0.00018951965458976594,1.0,0.08,6.0,1.0,0.022877902425580358,0.03619708649338978,0.025428404771078095,1.0,0.12
04_external_impact_y12N_t0p25_p2l_v2:0012,04_external_impact_y12N_t0p25_p2l_v2,23.882999999999992,24.28299999999999,20.0,1.0,2.6474341206152163e-05,2.647434256636272e-05,2.647434120615218e-05,1.0,0.06,20.0,1.0,9.003033990660645e-16,1.0018063722771147e-15,9.035433002995876e-16,1.0,0.08,40.0,1.0,0.00014195210212264615,0.0003393306341980194,0.00020384674986875266,1.0,0.08,6.0,1.0,0.02541651137423326,0.04094368071762415,0.029228107287471206,1.0,0.12
04_external_impact_y12N_t0p25_p2l_v2:0013,04_external_impact_y12N_t0p25_p2l_v2,24.08299999999999,24.48299999999999,20.0,1.0,2.6474340521646932e-05,2.6474340583348966e-05,2.6474340521646932e-05,1.0,0.06,20.0,1.0,1.0384832109545831e-15,1.1420672902801876e-15,1.0417012840178324e-15,1.0,0.08,40.0,1.0,0.00017050350023168362,0.0003344051876014104,0.0002140770115627976,1.0,0.08,6.0,1.0,0.01935789931032018,0.03434203057793801,0.02375906922638424,1.0,0.12
04_external_impact_y12N_t0p25_p2l_v2:0014,04_external_impact_y12N_t0p25_p2l_v2,24.28299999999999,24.68299999999999,20.0,1.0,2.6474340497874282e-05,2.6474340498405802e-05,2.6474340497874282e-05,1.0,0.06,20.0,1.0,1.1949756692595396e-15,1.3332034603674564e-15,1.1989225376293764e-15,1.0,0.08,40.0,1.0,0.00017678826224914085,0.0003247927971244712,0.00021159747080224802,1.0,0.08,6.0,1.0,0.014661816858937712,0.02454751023485674,0.016440206357342776,1.0,0.12
04_external_impact_y12N_t0p25_p2l_v2:0015,04_external_impact_y12N_t0p25_p2l_v2,24.48299999999999,24.88299999999999,20.0,1.0,2.6474340497960323e-05,2.6474340498405802e-05,2.6474340497960323e-05,1.0,0.06,20.0,1.0,1.3768475037575338e-15,1.5273565812428473e-15,1.3814979198291683e-15,1.0,0.08,40.0,1.0,0.00014488995066501715,0.00031716101779014435,0.0001844542256609427,1.0,0.08,6.0,1.0,0.010637400200083072,0.01773149820955877,0.01254961390695316,1.0,0.12
04_external_impact_y12N_t0p25_p2l_v2:0016,04_external_impact_y12N_t0p25_p2l_v2,24.68299999999999,25.082999999999988,20.0,1.0,2.6474340497442685e-05,2.647434049841413e-05,2.6474340497442685e-05,1.0,0.06,20.0,1.0,1.5725678336064388e-15,1.7286965942739027e-15,1.5768450107925968e-15,1.0,0.08,40.0,1.0,0.00015148447082565108,0.0002833580783055698,0.00018536458178963219,1.0,0.08,7.0,1.0,0.016187977745964244,0.031482702829705916,0.021474100942685034,1.0,0.12
04_external_impact_y12N_t0p25_p2l_v2:0017,04_external_impact_y12N_t0p25_p2l_v2,24.88299999999999,25.282999999999987,20.0,1.0,2.6474340497495417e-05,2.6474340498439107e-05,2.647434049749542e-05,1.0,0.06,20.0,1.0,1.8071054044285345e-15,2.0108564115272465e-15,1.8136184734549263e-15,1.0,0.08,40.0,1.0,0.00016512938158374794,0.00036003407653109105,0.00020093007760642656,1.0,0.08,7.0,1.0,0.017421510628447406,0.03174444542861814,0.02186556723780889,1.0,0.12
04_external_impact_y12N_t0p25_p2l_v2:0018,04_external_impact_y12N_t0p25_p2l_v2,25.082999999999988,25.482999999999986,20.0,1.0,2.6474340498304493e-05,2.647434049835862e-05,2.6474340498304497e-05,1.0,0.06,20.0,1.0,2.0790293840392592e-15,2.2933022116166355e-15,2.0850483543935148e-15,1.0,0.08,40.0,1.0,0.00014490256874985903,0.0003002710475370799,0.0001861739550461002,1.0,0.08,6.0,1.0,0.027425681717910832,0.05622249068502448,0.03657401827423184,1.0,0.12
04_external_impact_y12N_t0p25_p2l_v2:0019,04_external_impact_y12N_t0p25_p2l_v2,25.282999999999987,25.682999999999986,20.0,1.0,2.647434049810049e-05,2.647434049835029e-05,2.647434049810049e-05,1.0,0.06,20.0,1.0,2.3839916180397805e-15,2.6468128069385022e-15,2.391925902099628e-15,1.0,0.08,40.0,1.0,0.0001509995764752494,0.0002925040183331061,0.00018746945821137117,1.0,0.08,6.0,1.0,0.031180457337051683,0.05846436978517694,0.03911896468427383,1.0,0.12
04_external_impact_y12N_t0p25_p2l_v2:0020,04_external_impact_y12N_t0p25_p2l_v2,25.482999999999986,25.882999999999985,20.0,1.0,2.6474340497646687e-05,2.647434049835029e-05,2.6474340497646687e-05,1.0,0.06,20.0,1.0,2.7393912991525594e-15,3.021450315575465e-15,2.7477421581651844e-15,1.0,0.08,40.0,1.0,0.00017325266817011512,0.0003266605756845327,0.00020513136402044053,1.0,0.08,6.0,1.0,0.019750226587125042,0.03923492205457027,0.02409583281097261,1.0,0.12
04_external_impact_y12N_t0p25_p2l_v2:0021,04_external_impact_y12N_t0p25_p2l_v2,25.682999999999986,26.082999999999984,20.0,1.0,2.647434049756203e-05,2.647434049835029e-05,2.647434049756203e-05,1.0,0.06,20.0,1.0,3.1358010155151388e-15,3.466655754461761e-15,3.145195906803453e-15,1.0,0.08,40.0,1.0,0.00015596143071917783,0.0003173923519565545,0.0001857368620375116,1.0,0.08,6.0,1.0,0.012953646454973128,0.02465519648144804,0.017411475884774586,1.0,0.12
04_external_impact_y12N_t0p25_p2l_v2:0022,04_external_impact_y12N_t0p25_p2l_v2,25.882999999999985,26.282999999999983,20.0,1.0,2.6474340497623096e-05,2.647434049835584e-05,2.6474340497623092e-05,1.0,0.06,20.0,1.0,3.592746295579385e-15,3.972654009104836e-15,3.6039663825670385e-15,1.0,0.08,40.0,1.0,0.0001594675134225154,0.000285946347596743,0.00019454372919114143,1.0,0.08,6.0,1.0,0.015424763506604267,0.025200757370816174,0.01788961195130529,1.0,0.12
04_external_impact_y12N_t0p25_p2l_v2:0023,04_external_impact_y12N_t0p25_p2l_v2,26.082999999999984,26.482999999999983,20.0,1.0,2.6474340497745218e-05,2.6474340498330863e-05,2.6474340497745218e-05,1.0,0.06,20.0,1.0,4.123389036758928e-15,4.570647213389336e-15,4.13645995441014e-15,1.0,0.08,40.0,1.0,0.0001997743527854617,0.00034319411582498974,0.00023933942354252923,1.0,0.08,6.0,1.0,0.029392928825778115,0.045439332315987235,0.03179233464527425,1.0,0.12
04_external_impact_y12N_t0p25_p2l_v2:0024,04_external_impact_y12N_t0p25_p2l_v2,26.282999999999983,26.682999999999982,20.0,1.0,6.71224166739648e-05,2.6474340498405802e-05,0.00018946892795448838,1.0,0.06,20.0,1.0,4.727214503206646e-15,5.235597745273548e-15,4.741500271046079e-15,1.0,0.08,40.0,1.0,0.00019327844564056011,0.00039738022153233286,0.0002349036152326967,1.0,0.08,6.0,1.0,0.032508876735828994,0.045439332315987235,0.03510195961013664,1.0,0.12
04_external_impact_y12N_t0p25_p2l_v2:0025,04_external_impact_y12N_t0p25_p2l_v2,26.482999999999983,26.88299999999998,20.0,1.0,0.010327336367003411,0.035151690793589006,0.018081844684824447,1.0,0.06,20.0,1.0,6.0066746781344585e-15,8.076372625439291e-15,6.140203631674501e-15,1.0,0.08,40.0,1.0,0.0001627848849737823,0.00032063114361509355,0.00020241945717768995,1.0,0.08,6.0,1.0,0.02973360041117322,0.03966393598390422,0.030823836000901387,1.0,0.12
04_external_impact_y12N_t0p25_p2l_v2:0026,04_external_impact_y12N_t0p25_p2l_v2,26.682999999999982,27.08299999999998,20.0,1.0,0.010291980290083958,0.035151690793589006,0.018080880670947735,1.0,0.06,20.0,1.0,8.400061823534132e-15,1.0336743048564866e-14,8.570595321223227e-15,1.0,0.08,40.0,1.0,0.00014389785161324087,0.0003111409454486793,0.0001816671998427471,1.0,0.08,6.0,1.0,0.035378706334861704,0.05822124170953394,0.04081655285005029,1.0,0.12
04_external_impact_y12N_t0p25_p2l_v2:0027,04_external_impact_y12N_t0p25_p2l_v2,26.88299999999998,27.28299999999998,20.0,1.0,3.705833957931281e-05,3.705834030199306e-05,3.705833957931282e-05,1.0,0.06,20.0,1.0,1.0873814196161075e-14,1.2502896208006371e-14,1.0940270379760982e-14,1.0,0.08,40.0,1.0,0.00014441050385215337,0.00030527989132991324,0.00017603311485411675,1.0,0.08,6.0,1.0,0.0330169571934693,0.06776563552190565,0.04324479526524018,1.0,0.12
04_external_impact_y12N_t0p25_p2l_v2:0028,04_external_impact_y12N_t0p25_p2l_v2,27.08299999999998,27.48299999999998,20.0,1.0,3.7058340271753364e-05,3.705834039690603e-05,3.705834027175337e-05,1.0,0.06,20.0,1.0,1.3178239853656923e-14,1.5166595561880134e-14,1.3258937708661614e-14,1.0,0.08,40.0,1.0,0.0001597882983264473,0.0003050005211786785,0.00020107405381449405,1.0,0.08,6.0,1.0,0.025157861420297366,0.0488091946421198,0.03167726282497567,1.0,0.12
04_external_impact_y12N_t0p25_p2l_v2:0029,04_external_impact_y12N_t0p25_p2l_v2,27.28299999999998,27.68299999999998,20.0,1.0,3.7058340396262104e-05,3.705834039735567e-05,3.7058340396262104e-05,1.0,0.06,20.0,1.0,1.5970481621348143e-14,1.8368079863625037e-14,1.60679359476336e-14,1.0,0.08,40.0,1.0,0.0001868853210777634,0.00031253933508761003,0.00023087796570956374,1.0,0.08,6.0,1.0,0.032907875889821143,0.050489048237064765,0.03623218874375465,1.0,0.12
04_external_impact_y12N_t0p25_p2l_v2:0030,04_external_impact_y12N_t0p25_p2l_v2,27.48299999999998,27.882999999999978,20.0,1.0,3.7058340396403654e-05,3.705834039735567e-05,3.7058340396403654e-05,1.0,0.06,20.0,1.0,1.9361571800280844e-14,2.2288461898047132e-14,1.9480935499081398e-14,1.0,0.08,40.0,1.0,0.00020114636977498925,0.00033576353953077676,0.00023191468473956296,1.0,0.08,6.0,1.0,0.03551510701180238,0.06065633652222968,0.040197339049299174,1.0,0.12
04_external_impact_y12N_t0p25_p2l_v2:0031,04_external_impact_y12N_t0p25_p2l_v2,27.68299999999998,28.082999999999977,20.0,1.0,3.705834039628708e-05,3.705834039735567e-05,3.705834039628708e-05,1.0,0.06,20.0,1.0,2.3473644267763515e-14,2.6992414167424706e-14,2.3616997177251882e-14,1.0,0.08,40.0,1.0,0.00018614689891889046,0.00033576353953077676,0.00021703846326673844,1.0,0.08,6.0,1.0,0.029525948064740588,0.04815963647683738,0.03369519179424441,1.0,0.12
04_external_impact_y12N_t0p25_p2l_v2:0032,04_external_impact_y12N_t0p25_p2l_v2,27.882999999999978,28.282999999999976,20.0,1.0,3.705834039636757e-05,3.705834039735567e-05,3.705834039636758e-05,1.0,0.06,20.0,1.0,2.843896961668482e-14,3.271154632881993e-14,2.8611910002501094e-14,1.0,0.08,40.0,1.0,0.0001656917199724391,0.00030672135996460856,0.00019954338759199615,1.0,0.08,6.0,1.0,0.0255097296929991,0.03862768568955546,0.02843721789251793,1.0,0.12
04_external_impact_y12N_t0p25_p2l_v2:0033,04_external_impact_y12N_t0p25_p2l_v2,28.082999999999977,28.482999999999976,20.0,1.0,3.705834039653966e-05,3.705834039735567e-05,3.705834039653966e-05,1.0,0.06,20.0,1.0,3.4460250934068796e-14,3.9640995502538595e-14,3.467125298950815e-14,1.0,0.08,40.0,1.0,0.00016378832539940019,0.00030672135996460856,0.00019492396556170357,1.0,0.08,6.0,1.0,0.02237249164462249,0.038771345220122794,0.02624513241615322,1.0,0.12
04_external_impact_y12N_t0p25_p2l_v2:0034,04_external_impact_y12N_t0p25_p2l_v2,28.282999999999976,28.682999999999975,20.0,1.0,3.7058340396262104e-05,3.705834039735567e-05,3.7058340396262104e-05,1.0,0.06,20.0,1.0,4.1761280645704695e-14,4.803263013393194e-14,4.201593093679149e-14,1.0,0.08,40.0,1.0,0.00017232562275985895,0.0003206997388493708,0.0001994397596319232,1.0,0.08,6.0,1.0,0.01723447690472295,0.03389129883994879,0.02213926846967944,1.0,0.12
04_external_impact_y12N_t0p25_p2l_v2:0035,04_external_impact_y12N_t0p25_p2l_v2,28.482999999999976,28.882999999999974,20.0,1.0,0.010662349825536871,0.0378340998463361,0.019332655394263615,1.0,0.06,20.0,1.0,0.020891336854001845,0.06764085946453355,0.03979410466046413,0.9,0.08,40.0,1.0,0.017701615312892317,0.06267413967482678,0.03263462330063936,0.95,0.08,6.0,1.0,0.013642541323839139,0.02495027612903572,0.016128482843471025,1.0,0.12
04_external_impact_y12N_t0p25_p2l_v2:0036,04_external_impact_y12N_t0p25_p2l_v2,28.682999999999975,29.082999999999974,20.0,1.0,0.01084890271739523,0.0378340998463361,0.019341390721235925,1.0,0.06,20.0,1.0,0.029997439164803425,0.06764085946453355,0.0418762972143603,0.9,0.08,40.0,1.0,0.018576239298942483,0.06267413967482678,0.03281172314854923,0.95,0.08,6.0,1.0,0.013543968830586625,0.021778038904602753,0.014941228052915007,1.0,0.12
04_external_impact_y12N_t0p25_p2l_v2:0037,04_external_impact_y12N_t0p25_p2l_v2,28.882999999999974,29.282999999999973,20.0,1.0,0.0002217617556229845,0.00026850427081440977,0.000582349026664711,1.0,0.06,20.0,1.0,0.01820676849475044,0.01825353868424697,0.018322164368700364,1.0,0.08,40.0,1.0,0.0010436443279012082,0.0006511663657971656,0.003410593366212834,1.0,0.08,6.0,1.0,0.00956033481743604,0.01646400850911557,0.011354860523355307,1.0,0.12
04_external_impact_y12N_t0p25_p2l_v2:0038,04_external_impact_y12N_t0p25_p2l_v2,29.082999999999974,29.482999999999972,20.0,1.0,3.742974211408262e-05,4.1924611580265726e-05,3.839960575122108e-05,1.0,0.06,20.0,1.0,0.018230310910526366,0.018261589641698796,0.018230442489989587,1.0,0.08,40.0,1.0,0.00014088770554575997,0.00032508336683420016,0.00018634972155228313,1.0,0.08,6.0,1.0,0.011256282188553776,0.02271985617044353,0.015326037860466015,1.0,0.12
04_external_impact_y12N_t0p25_p2l_v2:0039,04_external_impact_y12N_t0p25_p2l_v2,29.282999999999973,29.68299999999997,20.0,1.0,4.2339879805801396e-05,4.362718505881713e-05,4.23509561991369e-05,1.0,0.06,20.0,1.0,0.018263551566517728,0.018269954324860557,0.018263552228145182,1.0,0.08,40.0,1.0,0.00012904535548403372,0.0002944633855041873,0.00016790765897937578,1.0,0.08,6.0,1.0,0.013211075741649777,0.02336000135179625,0.016452348105933007,1.0,0.12
04_external_impact_y12N_t0p25_p2l_v2:0040,04_external_impact_y12N_t0p25_p2l_v2,29.482999999999972,29.88299999999997,20.0,1.0,0.00034859469657546607,0.0012051808911111052,0.0006776587115770264,1.0,0.06,20.0,1.0,0.05591434547600661,0.15330659835197938,0.08185867980122677,0.75,0.08,40.0,1.0,0.03222130210432924,0.1245265119923827,0.06075189229623332,0.775,0.08,6.0,1.0,0.01892840626323401,0.03934689480948082,0.028263202253589508,1.0,0.12
04_external_impact_y12N_t0p25_p2l_v2:0041,04_external_impact_y12N_t0p25_p2l_v2,29.68299999999997,30.08299999999997,20.0,1.0,0.002101812021288489,0.0038833627429069734,0.00261877727196216,1.0,0.06,20.0,1.0,0.050875062092411015,0.15330659835197938,0.08187672825628288,0.75,0.08,40.0,1.0,0.03708820529468622,0.1245265119923827,0.06255261325646227,0.775,0.08,6.0,1.0,0.021934524054349477,0.04278152078119081,0.029636048814333106,1.0,0.12
04_external_impact_y12N_t0p25_p2l_v2:0042,04_external_impact_y12N_t0p25_p2l_v2,29.88299999999997,30.28299999999997,20.0,1.0,0.003668507405630764,0.0038833627429069734,0.0036861910384985526,1.0,0.06,20.0,1.0,0.004338221038895451,0.005923286891420348,0.013050671683601694,1.0,0.08,40.0,1.0,0.00521274782669499,0.013824021004571965,0.014916103374586891,1.0,0.08,6.0,1.0,0.026286933222636602,0.04599512789486407,0.031171793582897282,1.0,0.12
04_external_impact_y12N_t0p25_p2l_v2:0043,04_external_impact_y12N_t0p25_p2l_v2,30.08299999999997,30.48299999999997,20.0,1.0,0.004986672709504961,0.00939740743429084,0.006911733797421964,1.0,0.06,20.0,1.0,0.019587313396672447,0.06447413128518674,0.0384903885113093,0.9,0.08,40.0,1.0,0.008978681535810485,0.04244707598199781,0.01908503048350312,1.0,0.08,6.0,1.0,0.027224388454376334,0.051977384857508496,0.03383211762277501,1.0,0.12
04_external_impact_y12N_t0p25_p2l_v2:0044,04_external_impact_y12N_t0p25_p2l_v2,30.28299999999997,30.682999999999968,20.0,1.0,0.011550632996664067,0.025263281458766003,0.014982988574491783,1.0,0.06,20.0,1.0,0.05721524518099934,0.13377518726014717,0.07614089001167967,0.65,0.08,40.0,1.0,0.05134104211083619,0.12389469051794234,0.08752046463442263,0.775,0.08,6.0,1.0,0.018536748295077416,0.03453770306029888,0.023544038195239807,1.0,0.12
04_external_impact_y12N_t0p25_p2l_v2:0045,04_external_impact_y12N_t0p25_p2l_v2,30.48299999999997,30.882999999999967,20.0,1.0,0.024009963940885542,0.05608880154284749,0.036425069670867324,0.9,0.06,20.0,1.0,0.049793158263815716,0.13445688746140083,0.07391652546833925,0.7,0.08,40.0,1.0,0.05057829196692545,0.12389469051794234,0.08775820462412869,0.775,0.08,6.0,1.0,0.011873327889862529,0.0267949290321276,0.016117506217823353,1.0,0.12
04_external_impact_y12N_t0p25_p2l_v2:0046,04_external_impact_y12N_t0p25_p2l_v2,30.682999999999968,31.082999999999966,20.0,1.0,0.024777508769148297,0.08028957496452307,0.0410715802788254,0.85,0.06,20.0,1.0,0.025625531825505154,0.08084980955722737,0.04687915536143263,0.9,0.08,40.0,1.0,0.019711857228387163,0.06923311871958004,0.03383612393578263,0.975,0.08,6.0,1.0,0.030439956271846483,0.08135054484566376,0.053483336134021106,0.8333333333333334,0.12
04_external_impact_y12N_t0p25_p2l_v2:0047,04_external_impact_y12N_t0p25_p2l_v2,30.882999999999967,31.282999999999966,20.0,1.0,0.009225205365213051,0.033530462841683956,0.023323704413037737,0.95,0.06,20.0,1.0,0.01370390292859706,0.0531960240182483,0.0324104295442537,0.95,0.08,40.0,1.0,0.011845692961483145,0.051839905007307945,0.027192414678594935,0.975,0.08,6.0,1.0,0.03036746499685435,0.08135054484566376,0.05350024578289567,0.8333333333333334,0.12
04_external_impact_y12N_t0p25_p2l_v2:0048,04_external_impact_y12N_t0p25_p2l_v2,31.082999999999966,31.482999999999965,20.0,1.0,1.3720201561890763e-13,3.69700590857776e-13,2.09514600364038e-13,1.0,0.06,20.0,1.0,7.167207168665912e-15,2.1825659966203633e-14,1.3168125337981641e-14,1.0,0.08,40.0,1.0,0.00015379379289903538,0.0003012689024298888,0.00019025395930437436,1.0,0.08,6.0,1.0,0.009389978024625892,0.016412693800987865,0.011122612929466983,1.0,0.12
04_external_impact_y12N_t0p25_p2l_v2:0049,04_external_impact_y12N_t0p25_p2l_v2,31.282999999999966,31.682999999999964,20.0,1.0,0.0018376648699502598,0.0022936138296611873,0.006197690752054606,1.0,0.06,20.0,1.0,2.756084675913091e-05,3.41696418929977e-05,9.30709038631089e-05,1.0,0.08,40.0,1.0,0.00014579386111447648,0.00030258914397951535,0.00018547305272574382,1.0,0.08,7.0,1.0,0.021259985684425452,0.035549410791947844,0.02379092620075916,1.0,0.12
04_external_impact_y12N_t0p25_p2l_v2:0050,04_external_impact_y12N_t0p25_p2l_v2,31.482999999999965,31.882999999999964,20.0,1.0,0.03435148891934707,0.09923516641077165,0.06061899861912674,0.75,0.06,20.0,1.0,0.00038492734664911314,0.0009085920278467313,0.0005385366869139126,1.0,0.08,40.0,1.0,0.00047682192924269895,0.0009334600578564558,0.0008383454002492465,1.0,0.08,7.0,1.0,0.03355824959838989,0.06384357259037259,0.04384259280348464,1.0,0.12
04_external_impact_y12N_t0p25_p2l_v2:0051,04_external_impact_y12N_t0p25_p2l_v2,31.682999999999964,32.08299999999996,20.0,1.0,0.03252978108018216,0.09923516641077165,0.060301344364626315,0.75,0.06,20.0,1.0,0.0004808153815589339,0.0009085920278467313,0.0005584253063598606,1.0,0.08,40.0,1.0,0.0004933272393124977,0.0009334600578564558,0.0008428089699536542,1.0,0.08,6.0,1.0,0.03411287572426498,0.06769609802193298,0.0466680587738606,1.0,0.12
04_external_impact_y12N_t0p25_p2l_v2:0052,04_external_impact_y12N_t0p25_p2l_v2,31.882999999999964,32.282999999999966,20.0,1.0,3.19145379765462e-05,3.191537375102915e-05,3.1914537981448005e-05,1.0,0.06,20.0,1.0,0.0002468916128238037,0.000246900959459459,0.00024689161292568384,1.0,0.08,40.0,1.0,0.00014979471143436213,0.0003394902242332969,0.00018682591626874903,1.0,0.08,6.0,1.0,0.02835257897833392,0.04104817641281308,0.031731326719359715,1.0,0.12
04_external_impact_y12N_t0p25_p2l_v2:0053,04_external_impact_y12N_t0p25_p2l_v2,32.08299999999996,32.48299999999996,20.0,1.0,3.191575418866055e-05,3.1916893610328676e-05,3.191575420000027e-05,1.0,0.06,20.0,1.0,0.0002468793099232726,0.000246888661228825,0.0002468793100252317,1.0,0.08,40.0,1.0,0.00014803956275004484,0.0002661142918252672,0.0001781192724167945,1.0,0.08,6.0,1.0,0.031557403014509516,0.04883890258917084,0.034737422613802194,1.0,0.12
04_external_impact_y12N_t0p25_p2l_v2:0054,04_external_impact_y12N_t0p25_p2l_v2,32.28299999999996,32.68299999999996,20.0,1.0,3.191726898382208e-05,3.191844897195151e-05,3.1917268996326115e-05,1.0,0.06,20.0,1.0,0.0002468670049345993,0.00024687635686799694,0.00024686700503657007,1.0,0.08,40.0,1.0,0.0001476527321485363,0.0002661142918252672,0.00017648489765883374,1.0,0.08,6.0,1.0,0.021632253694469212,0.04365784072443632,0.027701740775235562,1.0,0.12
04_external_impact_y12N_t0p25_p2l_v2:0055,04_external_impact_y12N_t0p25_p2l_v2,32.48299999999996,32.88299999999996,20.0,1.0,3.191882363786369e-05,3.192000895542724e-05,3.19188236505265e-05,1.0,0.06,20.0,1.0,0.00024685469969597907,0.0002468640517020213,0.00024685469979795615,1.0,0.08,40.0,1.0,0.00013579647068030998,0.0002661364189589267,0.00016199022896982995,1.0,0.08,6.0,1.0,0.022288262790536584,0.03852830084168274,0.02579572228137489,1.0,0.12
04_external_impact_y12N_t0p25_p2l_v2:0056,04_external_impact_y12N_t0p25_p2l_v2,32.682999999999964,33.08299999999996,20.0,1.0,3.19203834983045e-05,3.1921569438286836e-05,3.1920383510985894e-05,1.0,0.06,20.0,1.0,0.0002468423944230684,0.00024685174643114934,0.00024684239452505064,1.0,0.08,40.0,1.0,0.00016968671026140834,0.00031748529622100855,0.00020220346243154247,1.0,0.08,6.0,1.0,0.02609657469134749,0.03868773682497881,0.028937143475740976,1.0,0.12
04_external_impact_y12N_t0p25_p2l_v2:0057,04_external_impact_y12N_t0p25_p2l_v2,32.88299999999996,33.28299999999996,20.0,1.0,3.192194392337422e-05,3.1923129840133456e-05,3.192194393605554e-05,1.0,0.06,20.0,1.0,0.0002468300891557603,0.000246839441156351,0.0002468300892577474,1.0,0.08,40.0,1.0,0.00018961925017709963,0.0003525039102226616,0.00021956070233736661,1.0,0.08,6.0,1.0,0.029014210089317326,0.048106463819974576,0.03350708810333842,1.0,0.12
04_external_impact_y12N_t0p25_p2l_v2:0058,04_external_impact_y12N_t0p25_p2l_v2,33.082999999999956,33.482999999999954,20.0,1.0,3.192350429146174e-05,3.1924690097889784e-05,3.192350430414019e-05,1.0,0.06,20.0,1.0,0.0002468177838994924,0.00024682713589125525,0.00024681778400148437,1.0,0.08,40.0,1.0,0.00018950914664451202,0.0003301812021619323,0.00022130976942559804,1.0,0.08,6.0,1.0,0.03074202553991658,0.05121587768667904,0.03574554877543755,1.0,0.12
04_external_impact_y12N_t0p25_p2l_v2:0059,04_external_impact_y12N_t0p25_p2l_v2,33.28299999999996,33.68299999999996,20.0,1.0,3.192506451337729e-05,3.1926250202241045e-05,3.192506452605261e-05,1.0,0.06,20.0,1.0,0.0002468054786552654,0.00024681483063767327,0.00024680547875726236,1.0,0.08,40.0,1.0,0.00016969163629055754,0.0003301812021619323,0.00021066001331795302,1.0,0.08,6.0,1.0,0.021579715358130292,0.0368288641560722,0.02553449049705055,1.0,0.12
04_external_impact_y12N_t0p25_p2l_v2:0060,04_external_impact_y12N_t0p25_p2l_v2,33.48299999999996,33.88299999999996,20.0,1.0,3.192662457996709e-05,3.192781015304291e-05,3.192662459263926e-05,1.0,0.06,20.0,1.0,0.0002467931734232256,0.0002468025253965266,0.00024679317352522726,1.0,0.08,40.0,1.0,0.00015737110512400903,0.00030872025767504787,0.00019018194799467586,1.0,0.08,6.0,1.0,0.021568853613861686,0.04346448889047151,0.0287883130117518,1.0,0.12
04_external_impact_y12N_t0p25_p2l_v2:0061,04_external_impact_y12N_t0p25_p2l_v2,33.68299999999996,34.082999999999956,20.0,1.0,3.192818449443691e-05,3.1929369954952766e-05,3.192818450710607e-05,1.0,0.06,20.0,1.0,0.0002467808682033899,0.00024679022016730413,0.00024678086830539654,1.0,0.08,40.0,1.0,0.00018816461650205174,0.0003572362952102208,0.00022242030140621387,1.0,0.08,6.0,1.0,0.03544989721464739,0.06942555472821195,0.047108334880734425,1.0,0.12
04_external_impact_y12N_t0p25_p2l_v2:0062,04_external_impact_y12N_t0p25_p2l_v2,33.88299999999995,34.28299999999995,20.0,1.0,3.192974425675621e-05,3.193092959958288e-05,3.1929744269422214e-05,1.0,0.06,20.0,1.0,0.0002467685629959897,0.0002467779149504045,0.0002467685630980012,1.0,0.08,40.0,1.0,0.00021258118403360827,0.00038592789545716197,0.00024973728097389957,1.0,0.08,6.0,1.0,0.03173575690442466,0.06942555472821195,0.04293035887152932,1.0,0.12
04_external_impact_y12N_t0p25_p2l_v2:0063,04_external_impact_y12N_t0p25_p2l_v2,34.082999999999956,34.482999999999954,20.0,1.0,3.1931303858878654e-05,3.193248907386037e-05,3.1931303871541404e-05,1.0,0.06,20.0,1.0,0.00024675625780113785,0.0002467656097459775,0.00024675625790315423,1.0,0.08,40.0,1.0,0.00020076754496585006,0.000370675912209111,0.00023598831998804012,1.0,0.08,6.0,1.0,0.017922851308234386,0.043443720358091756,0.026230170077449006,1.0,0.12
04_external_impact_y12N_t0p25_p2l_v2:0064,04_external_impact_y12N_t0p25_p2l_v2,34.28299999999996,34.68299999999996,20.0,1.0,3.193286330255285e-05,3.193404840635683e-05,3.193286331521247e-05,1.0,0.06,20.0,1.0,0.0002467439526188774,0.00024675330455420813,0.0002467439527208986,1.0,0.08,40.0,1.0,0.00018226738853766578,0.00032955180332126837,0.00021508184167166202,1.0,0.08,6.0,1.0,0.020584584493189836,0.05079023900288894,0.029910242064299267,1.0,0.12
04_external_impact_y12N_t0p25_p2l_v2:0065,04_external_impact_y12N_t0p25_p2l_v2,34.482999999999954,34.88299999999995,20.0,1.0,3.193442259258328e-05,3.193560757444036e-05,3.1934422605239793e-05,1.0,0.06,20.0,1.0,0.00024673164744938857,0.00024674099937487,0.0002467316475514147,1.0,0.08,40.0,1.0,0.0001408999447864333,0.00027061279819849975,0.00017395446960291914,1.0,0.08,6.0,1.0,0.01910697249558042,0.04127169876367051,0.025226042925663866,1.0,0.12
04_external_impact_y12N_t0p25_p2l_v2:0066,04_external_impact_y12N_t0p25_p2l_v2,34.68299999999995,35.08299999999995,20.0,1.0,3.1935981728037356e-05,3.193716659735668e-05,3.193598174069073e-05,1.0,0.06,20.0,1.0,0.0002467193422928067,0.0002467286942084721,0.00024671934239483775,1.0,0.08,40.0,1.0,0.00012639833989445086,0.00026179748833338927,0.0001678134008632145,1.0,0.08,6.0,1.0,0.028863229080009947,0.05079023400620787,0.03490095737010439,1.0,0.12
04_external_impact_y12N_t0p25_p2l_v2:0067,04_external_impact_y12N_t0p25_p2l_v2,34.88299999999995,35.28299999999995,20.0,1.0,3.193754070921762e-05,3.193872545810828e-05,3.1937540721867885e-05,1.0,0.06,20.0,1.0,0.000246707037149256,0.0002467163890549357,0.0002467070372512918,1.0,0.08,40.0,1.0,0.00016435603919999207,0.0003587013177649704,0.00021665609333445846,1.0,0.08,6.0,1.0,0.0252151452820478,0.04940460246380725,0.03282791634078827,1.0,0.12
04_external_impact_y12N_t0p25_p2l_v2:0068,04_external_impact_y12N_t0p25_p2l_v2,35.082999999999956,35.482999999999954,20.0,1.0,0.000649085730960916,0.000352632166298376,0.00223612422497704,1.0,0.06,20.0,1.0,0.001085088763365881,0.0004265482098061234,0.0034432311621934875,1.0,0.08,40.0,1.0,0.0008286402718267725,0.0006530985310266808,0.002863962419732849,1.0,0.08,6.0,1.0,0.015301460142948614,0.038107533488838885,0.024385775673044886,1.0,0.12
04_external_impact_y12N_t0p25_p2l_v2:0069,04_external_impact_y12N_t0p25_p2l_v2,35.28299999999995,35.68299999999995,20.0,1.0,0.011242444189441422,0.034603516822242435,0.019260824597409253,1.0,0.06,20.0,1.0,0.04008299750426394,0.11198128073138892,0.06673674080662209,0.85,0.08,40.0,1.0,0.027263017014413544,0.09470920754440053,0.046273571794871786,0.875,0.08,6.0,1.0,0.03146262669680853,0.06941372710498164,0.04323175235863238,1.0,0.12
04_external_impact_y12N_t0p25_p2l_v2:0070,04_external_impact_y12N_t0p25_p2l_v2,35.48299999999995,35.882999999999946,20.0,1.0,0.011110994697750742,0.034603516822242435,0.019144040493922473,1.0,0.06,20.0,1.0,0.051961766863331406,0.11198128073138892,0.0690794419710859,0.85,0.08,40.0,1.0,0.026745997224498518,0.09470920754440053,0.04618643747534246,0.875,0.08,6.0,1.0,0.03250374506032316,0.057024726737363834,0.04005858914629946,1.0,0.12
04_external_impact_y12N_t0p25_p2l_v2:0071,04_external_impact_y12N_t0p25_p2l_v2,35.68299999999995,36.08299999999995,20.0,1.0,0.0005832071825096874,0.0011258814616196351,0.0007343171478926959,1.0,0.06,20.0,1.0,0.02781811379466903,0.030773387004089346,0.02791261631341469,1.0,0.08,40.0,1.0,0.0004018192180358815,0.0007085853622201434,0.00047812050479805786,1.0,0.08,6.0,1.0,0.02102255178195904,0.026441247870783155,0.021478061084830826,1.0,0.12
04_external_impact_y12N_t0p25_p2l_v2:0072,04_external_impact_y12N_t0p25_p2l_v2,35.88299999999995,36.28299999999995,20.0,1.0,0.00012896960830835886,0.00024068622855426012,0.00017046157633820815,1.0,0.06,20.0,1.0,0.030371956519688863,0.030790625352149565,0.030382298477444912,1.0,0.08,40.0,1.0,0.00027317963203702804,0.000683733949352644,0.00037584921864630417,1.0,0.08,6.0,1.0,0.01716655029625988,0.023195817624986875,0.01800545844627245,1.0,0.12
04_external_impact_y12N_t0p25_p2l_v2:0073,04_external_impact_y12N_t0p25_p2l_v2,36.08299999999995,36.48299999999995,20.0,1.0,9.58391494217295e-05,9.735526060755117e-05,9.58458193863605e-05,1.0,0.06,20.0,1.0,0.030792029859692448,0.03079691563122139,0.030792030099719,1.0,0.08,40.0,1.0,0.00016679604003566189,0.0004730211013851293,0.00022985154864284594,1.0,0.08,6.0,1.0,0.014230350737229877,0.02195248648998073,0.0162370669601451,1.0,0.12
04_external_impact_y12N_t0p25_p2l_v2:0074,04_external_impact_y12N_t0p25_p2l_v2,36.282999999999944,36.68299999999994,20.0,1.0,9.790458559455622e-05,9.957948791913251e-05,9.79125894197602e-05,1.0,0.06,20.0,1.0,0.030797974073875856,0.030801771837908453,0.03079797422226608,1.0,0.08,40.0,1.0,0.0001567120891622295,0.0003792908473766899,0.00021368345886048479,1.0,0.08,6.0,1.0,0.016864295796364503,0.026289652543405442,0.019148940776383214,1.0,0.12
04_external_impact_y12N_t0p25_p2l_v2:0075,04_external_impact_y12N_t0p25_p2l_v2,36.48299999999995,36.882999999999946,20.0,1.0,0.00010017590841447932,0.00010200277165033356,0.0001001852488134223,1.0,0.06,20.0,1.0,0.030802479923470315,0.0308051742909982,0.030802480001391457,1.0,0.08,40.0,1.0,0.0001570282768374967,0.000333961362431956,0.00019814482039577294,1.0,0.08,6.0,1.0,0.01991145642672561,0.02618848237446396,0.020667967621543746,1.0,0.12
04_external_impact_y12N_t0p25_p2l_v2:0076,04_external_impact_y12N_t0p25_p2l_v2,36.68299999999995,37.08299999999995,20.0,1.0,0.00010636865013387425,0.00010381225513255987,0.0001144058573835577,1.0,0.06,20.0,1.0,0.030653677864359463,0.030806511970943317,0.03065671829929668,1.0,0.08,40.0,1.0,0.00025204768716788063,0.000417737431937243,0.0004117013925263951,1.0,0.08,6.0,1.0,0.021482767813365874,0.028977508140727165,0.02254834337100753,1.0,0.12
04_external_impact_y12N_t0p25_p2l_v2:0077,04_external_impact_y12N_t0p25_p2l_v2,36.882999999999946,37.282999999999944,20.0,1.0,0.0016705674250211313,0.004984474141890855,0.0026161304765482184,1.0,0.06,20.0,1.0,0.02282426108131589,0.030806511970943317,0.024812157212598107,1.0,0.08,40.0,1.0,0.0009397818005878689,0.0026359103242909417,0.0014177253582002421,1.0,0.08,6.0,1.0,0.026995684189807592,0.039293124171138616,0.02929132555836444,1.0,0.12
04_external_impact_y12N_t0p25_p2l_v2:0078,04_external_impact_y12N_t0p25_p2l_v2,37.08299999999994,37.48299999999994,20.0,1.0,0.004952647044739604,0.006922088476122287,0.005399105901435547,1.0,0.06,20.0,1.0,0.08048247456648226,0.22981457322024934,0.13507476930364434,0.7,0.08,40.0,1.0,0.052761482321533645,0.18365091415142995,0.0935440985106373,0.725,0.08,6.0,1.0,0.025941347573503113,0.039293124171138616,0.02835047777609056,1.0,0.12
04_external_impact_y12N_t0p25_p2l_v2:0079,04_external_impact_y12N_t0p25_p2l_v2,37.282999999999944,37.68299999999994,20.0,1.0,0.006578643705588921,0.006922088476122287,0.006583061617511491,1.0,0.06,20.0,1.0,0.07686992476539305,0.22981457322024934,0.13516561369347624,0.7,0.08,40.0,1.0,0.057465265711087565,0.18365091415142995,0.09525496651430254,0.7,0.08,6.0,1.0,0.02452090841247337,0.04143017529694713,0.02842937408692306,1.0,0.12
04_external_impact_y12N_t0p25_p2l_v2:0080,04_external_impact_y12N_t0p25_p2l_v2,37.48299999999995,37.882999999999946,20.0,1.0,0.006549830672050286,0.006618024452280369,0.006551404413187321,1.0,0.06,20.0,1.0,0.0042425508444062674,0.0037659763042139508,0.013227723475796767,1.0,0.08,40.0,1.0,0.0055365944520322325,0.010866729682608376,0.018024442378422705,0.975,0.08,6.0,1.0,0.027375497720504748,0.044470226784815076,0.03171098278772868,1.0,0.12
04_external_impact_y12N_t0p25_p2l_v2:0081,04_external_impact_y12N_t0p25_p2l_v2,37.68299999999994,38.08299999999994,20.0,1.0,0.006618060214442262,0.00661825746572704,0.006618060216874934,1.0,0.06,20.0,1.0,0.0005515643679183335,0.0005716062136646438,0.0005517712181783823,1.0,0.08,40.0,1.0,0.00015789760912460343,0.00025940199338894687,0.00018270553658806504,1.0,0.08,6.0,1.0,0.01765986710692188,0.03569053631575887,0.022361847736921257,1.0,0.12
04_external_impact_y12N_t0p25_p2l_v2:0082,04_external_impact_y12N_t0p25_p2l_v2,37.88299999999994,38.28299999999994,20.0,1.0,0.006618228052499539,0.006618272932596781,0.0066182280526478265,1.0,0.06,20.0,1.0,0.0005259302275475997,0.0005451278542596194,0.0005261288386990764,1.0,0.08,40.0,1.0,0.0001620579290821933,0.0002540934508677484,0.0001828747132542289,1.0,0.08,7.0,1.0,0.026363767913344067,0.052248230387810526,0.032469098449112166,1.0,0.12
04_external_impact_y12N_t0p25_p2l_v2:0083,04_external_impact_y12N_t0p25_p2l_v2,38.08299999999994,38.48299999999994,20.0,1.0,0.006618124811075344,0.006618272932596781,0.006618124812629219,1.0,0.06,20.0,1.0,0.0005014887381178945,0.0005197480848009528,0.0005016767206771976,1.0,0.08,40.0,1.0,0.00014119342790558793,0.00023389449152618207,0.00016508441463935686,1.0,0.08,7.0,1.0,0.025291205812870553,0.052248230387810526,0.032001877204082936,1.0,0.12
04_external_impact_y12N_t0p25_p2l_v2:0084,04_external_impact_y12N_t0p25_p2l_v2,38.282999999999944,38.68299999999994,20.0,1.0,0.006617751053609185,0.006618104571392727,0.0066177510602291045,1.0,0.06,20.0,1.0,0.0004783596177055788,0.0004955912627277737,0.0004785346690334053,1.0,0.08,40.0,1.0,0.00015440705257007136,0.00028338754498846155,0.0001894665991402827,1.0,0.08,6.0,1.0,0.0203358713343226,0.04057524942763376,0.027393773186676032,1.0,0.12
04_external_impact_y12N_t0p25_p2l_v2:0085,04_external_impact_y12N_t0p25_p2l_v2,38.48299999999994,38.88299999999994,20.0,1.0,0.006617108667434056,0.006617665755245092,0.006617108682680313,1.0,0.06,20.0,1.0,0.0004566561105191186,0.00047277569410267284,0.0004568161016864701,1.0,0.08,40.0,1.0,0.0001669911930609655,0.00030781374643209516,0.00019663457390119154,1.0,0.08,6.0,1.0,0.0278928201962733,0.04950663751557515,0.03265762641079717,1.0,0.12
04_external_impact_y12N_t0p25_p2l_v2:0086,04_external_impact_y12N_t0p25_p2l_v2,38.682999999999936,39.082999999999934,20.0,1.0,0.006616200853807995,0.0066169587418802,0.006616200881071994,1.0,0.06,20.0,1.0,0.00043648444289897114,0.00045141307942623274,0.0004366275189373148,1.0,0.08,40.0,1.0,0.00015085902582640253,0.000245923963361594,0.00017127117664559376,1.0,0.08,6.0,1.0,0.016261952544671516,0.030031422310480074,0.02024706106252819,1.0,0.12
04_external_impact_y12N_t0p25_p2l_v2:0087,04_external_impact_y12N_t0p25_p2l_v2,38.88299999999994,39.28299999999994,20.0,1.0,0.013856373317498106,0.03982091227202363,0.020431738985296693,1.0,0.06,20.0,1.0,0.013359317625609591,0.0460102374964483,0.03410904254941952,0.95,0.08,40.0,1.0,0.011684318549454857,0.04480901242403903,0.030747453480469304,0.95,0.08,6.0,1.0,0.01671086176992104,0.039740333222646605,0.02764191400332687,1.0,0.12
04_external_impact_y12N_t0p25_p2l_v2:0088,04_external_impact_y12N_t0p25_p2l_v2,39.08299999999994,39.48299999999994,20.0,1.0,0.01941396434561738,0.052318582813373336,0.029395016924649246,0.95,0.06,20.0,1.0,0.03694177798862496,0.12341820463847422,0.06488552128871297,0.8,0.08,40.0,1.0,0.030935391068234657,0.10235443080695371,0.052200490273738305,0.85,0.08,6.0,1.0,0.022832635869881643,0.04509671832306633,0.03111431628755066,1.0,0.12
05_wheel_block_left_f3N_tau0p08_t0p60_p2l_v2:0000,05_wheel_block_left_f3N_tau0p08_t0p60_p2l_v2,19.316,19.715999999999998,20.0,1.0,2.6474340497854854e-05,2.6474340498405802e-05,2.6474340497854854e-05,1.0,0.06,20.0,1.0,1.4558844387742023e-15,1.6000292121743437e-15,1.4598957976843685e-15,1.0,0.08,40.0,1.0,0.00017086478248275975,0.0003230593630992663,0.00020886591002307504,1.0,0.08,6.0,1.0,0.01726343496448544,0.04453361698098779,0.026504413757322442,1.0,0.12
05_wheel_block_left_f3N_tau0p08_t0p60_p2l_v2:0001,05_wheel_block_left_f3N_tau0p08_t0p60_p2l_v2,19.516,19.915999999999997,20.0,1.0,2.647434049762448e-05,2.6474340498405802e-05,2.647434049762448e-05,1.0,0.06,20.0,1.0,1.6640913198040228e-15,1.852208705353267e-15,1.6693965100722852e-15,1.0,0.08,40.0,1.0,0.00016434798413970028,0.000324634192177828,0.00020537558487098573,1.0,0.08,6.0,1.0,0.016879911375598532,0.035553000265263424,0.024196561163573105,1.0,0.12
05_wheel_block_left_f3N_tau0p08_t0p60_p2l_v2:0002,05_wheel_block_left_f3N_tau0p08_t0p60_p2l_v2,19.715999999999998,20.115999999999996,20.0,1.0,2.64743404974746e-05,2.6474340498405802e-05,2.64743404974746e-05,1.0,0.06,20.0,1.0,1.9115109137932708e-15,2.113425649703937e-15,1.917783900704789e-15,1.0,0.08,40.0,1.0,0.0001578419299645305,0.0003416702970120277,0.00020062100643475987,1.0,0.08,6.0,1.0,0.017849064469554848,0.025699256768904583,0.019408404833575248,1.0,0.12
05_wheel_block_left_f3N_tau0p08_t0p60_p2l_v2:0003,05_wheel_block_left_f3N_tau0p08_t0p60_p2l_v2,19.915999999999997,20.315999999999995,20.0,1.0,2.6474340498129635e-05,2.6474340498405802e-05,2.6474340498129635e-05,1.0,0.06,20.0,1.0,2.1939466382008862e-15,2.4304865800933033e-15,2.2007358523655145e-15,1.0,0.08,40.0,1.0,0.00017171077469342586,0.00034101500667526154,0.0002161964315964704,1.0,0.08,6.0,1.0,0.03200272199573363,0.05453260053878624,0.036618365794239736,1.0,0.12
05_wheel_block_left_f3N_tau0p08_t0p60_p2l_v2:0004,05_wheel_block_left_f3N_tau0p08_t0p60_p2l_v2,20.115999999999996,20.515999999999995,20.0,1.0,2.6474340498211513e-05,2.6474340498405802e-05,2.6474340498211513e-05,1.0,0.06,20.0,1.0,2.5223018822202988e-15,2.7978258534056323e-15,2.5306886178865667e-15,1.0,0.08,40.0,1.0,0.00014880029662394393,0.00030356291016776077,0.00019103930344692243,1.0,0.08,6.0,1.0,0.030601136082378882,0.05453260053878624,0.036126180296947336,1.0,0.12
05_wheel_block_left_f3N_tau0p08_t0p60_p2l_v2:0005,05_wheel_block_left_f3N_tau0p08_t0p60_p2l_v2,20.315999999999995,20.715999999999994,20.0,1.0,2.6474340497556482e-05,2.6474340498330863e-05,2.6474340497556482e-05,1.0,0.06,20.0,1.0,2.8948660970551676e-15,3.1953361758418233e-15,2.9035041986305497e-15,1.0,0.08,40.0,1.0,0.00014349288248080393,0.00030854460428497265,0.00018196969566700496,1.0,0.08,6.0,1.0,0.023168851547022102,0.03815500666509036,0.02622334886116997,1.0,0.12
05_wheel_block_left_f3N_tau0p08_t0p60_p2l_v2:0006,05_wheel_block_left_f3N_tau0p08_t0p60_p2l_v2,20.515999999999995,20.915999999999993,20.0,1.0,2.647434049775771e-05,2.6474340498405802e-05,2.647434049775771e-05,1.0,0.06,20.0,1.0,3.3163003655302335e-15,3.667901650484001e-15,3.3266664709913567e-15,1.0,0.08,40.0,1.0,0.00014373134619927717,0.00028832715841699193,0.00018075262662921513,1.0,0.08,6.0,1.0,0.01877236731963974,0.034376387818091325,0.02296613348634197,1.0,0.12
05_wheel_block_left_f3N_tau0p08_t0p60_p2l_v2:0007,05_wheel_block_left_f3N_tau0p08_t0p60_p2l_v2,20.715999999999994,21.115999999999993,20.0,1.0,2.647434049762587e-05,2.6474340498405802e-05,2.647434049762587e-05,1.0,0.06,20.0,1.0,3.802009380628302e-15,4.201647487644294e-15,3.8136239460914655e-15,1.0,0.08,40.0,1.0,0.00014888738210465315,0.00028700439578206087,0.0001872251057154739,1.0,0.08,6.0,1.0,0.011290903828178997,0.02259570032110135,0.014426274408418358,1.0,0.12
05_wheel_block_left_f3N_tau0p08_t0p60_p2l_v2:0008,05_wheel_block_left_f3N_tau0p08_t0p60_p2l_v2,20.915999999999993,21.315999999999992,20.0,1.0,2.6474340497560646e-05,2.6474340498330863e-05,2.6474340497560646e-05,1.0,0.06,20.0,1.0,4.362547227158544e-15,4.827184805930209e-15,4.376403625994391e-15,1.0,0.08,40.0,1.0,0.00016448225083354678,0.0003425745345856927,0.000200585331339505,1.0,0.08,6.0,1.0,0.02894891698308057,0.06113905079643368,0.03823131773185078,1.0,0.12
05_wheel_block_left_f3N_tau0p08_t0p60_p2l_v2:0009,05_wheel_block_left_f3N_tau0p08_t0p60_p2l_v2,21.115999999999993,21.51599999999999,20.0,1.0,2.6474340497649462e-05,2.6474340498330863e-05,2.6474340497649462e-05,1.0,0.06,20.0,1.0,5.006803789723065e-15,5.53734832894003e-15,5.022224090275887e-15,1.0,0.08,40.0,1.0,0.00014305334615603334,0.0002627586245874436,0.0001703885860117653,1.0,0.08,6.0,1.0,0.03145931674939036,0.06113905079643368,0.039490058064383715,1.0,0.12
05_wheel_block_left_f3N_tau0p08_t0p60_p2l_v2:0010,05_wheel_block_left_f3N_tau0p08_t0p60_p2l_v2,21.315999999999992,21.71599999999999,20.0,1.0,2.6474340497556482e-05,2.6474340498330863e-05,2.6474340497556482e-05,1.0,0.06,20.0,1.0,5.730227906529498e-15,6.317211106660716e-15,5.747135172129858e-15,1.0,0.08,40.0,1.0,0.00015060782444642102,0.00026583599273551084,0.00018089772953851227,1.0,0.08,7.0,1.0,0.01679667336087597,0.027374141432770702,0.019898208324266718,1.0,0.12
05_wheel_block_left_f3N_tau0p08_t0p60_p2l_v2:0011,05_wheel_block_left_f3N_tau0p08_t0p60_p2l_v2,21.51599999999999,21.91599999999999,20.0,1.0,2.6474340497761874e-05,2.6474340498405802e-05,2.6474340497761874e-05,1.0,0.06,20.0,1.0,6.562962154638837e-15,7.271086439460639e-15,6.583482572681153e-15,1.0,0.08,40.0,1.0,0.0001624534703938044,0.00033938343316727306,0.0002016372705655082,1.0,0.08,7.0,1.0,0.019303213607696885,0.028929213366477607,0.021473375643702445,1.0,0.12
05_wheel_block_left_f3N_tau0p08_t0p60_p2l_v2:0012,05_wheel_block_left_f3N_tau0p08_t0p60_p2l_v2,21.71599999999999,22.11599999999999,20.0,1.0,2.6474340497635585e-05,2.6474340498405802e-05,2.6474340497635585e-05,1.0,0.06,20.0,1.0,7.540556821047054e-15,8.357674905646561e-15,7.565046787466152e-15,1.0,0.08,40.0,1.0,0.00017511445645434058,0.000345462568817085,0.00022041235990000703,1.0,0.08,6.0,1.0,0.02504368708503126,0.04359623146068069,0.029830392082420307,1.0,0.12
05_wheel_block_left_f3N_tau0p08_t0p60_p2l_v2:0013,05_wheel_block_left_f3N_tau0p08_t0p60_p2l_v2,21.91599999999999,22.31599999999999,20.0,1.0,2.647434049757036e-05,2.6474340498330863e-05,2.647434049757036e-05,1.0,0.06,20.0,1.0,8.65876290450599e-15,9.577122493025529e-15,8.685683094804128e-15,1.0,0.08,40.0,1.0,0.00016667641626413394,0.00033246075656483576,0.00020886662669730133,1.0,0.08,6.0,1.0,0.021991937399581194,0.0512451010420016,0.030641850626689067,1.0,0.12
05_wheel_block_left_f3N_tau0p08_t0p60_p2l_v2:0014,05_wheel_block_left_f3N_tau0p08_t0p60_p2l_v2,22.11599999999999,22.515999999999988,20.0,1.0,2.6474340497652237e-05,2.6474340498330863e-05,2.647434049765224e-05,1.0,0.06,20.0,1.0,9.938372983085916e-15,1.1015808435107954e-14,9.970077985860688e-15,1.0,0.08,40.0,1.0,0.00014414911029234805,0.0002924972738366158,0.00018037324660710987,1.0,0.08,6.0,1.0,0.02015480036776511,0.047613106184505705,0.028411164397608334,1.0,0.12
05_wheel_block_left_f3N_tau0p08_t0p60_p2l_v2:0015,05_wheel_block_left_f3N_tau0p08_t0p60_p2l_v2,22.31599999999999,22.715999999999987,20.0,1.0,2.6474340497556482e-05,2.6474340498330863e-05,2.6474340497556482e-05,1.0,0.06,20.0,1.0,1.1401840925194656e-14,1.2605661641329094e-14,1.1437074327033128e-14,1.0,0.08,40.0,1.0,0.00015587832248871344,0.0002910347455403151,0.00018929889757848676,1.0,0.08,6.0,1.0,0.019256544566888686,0.040386174522673554,0.0251782273589236,1.0,0.12
05_wheel_block_left_f3N_tau0p08_t0p60_p2l_v2:0016,05_wheel_block_left_f3N_tau0p08_t0p60_p2l_v2,22.515999999999988,22.915999999999986,20.0,1.0,0.00015520605390745567,2.6474340498405802e-05,0.0005834535879305183,1.0,0.06,20.0,1.0,1.3092556425719457e-14,1.4467177209894834e-14,1.3136081642291041e-14,1.0,0.08,40.0,1.0,0.00017357279719370616,0.0002963107496996233,0.00020045743874771437,1.0,0.08,6.0,1.0,0.02301726989931566,0.048326451551968755,0.030742236107804088,1.0,0.12
05_wheel_block_left_f3N_tau0p08_t0p60_p2l_v2:0017,05_wheel_block_left_f3N_tau0p08_t0p60_p2l_v2,22.715999999999987,23.115999999999985,20.0,1.0,0.009743741891116056,0.03129394822993737,0.016693485680075143,1.0,0.06,20.0,1.0,1.738828874747475e-14,2.3669828642865655e-14,1.7841444520964378e-14,1.0,0.08,40.0,1.0,0.00018121944740983757,0.0003504732677338183,0.00022048343857172434,1.0,0.08,6.0,1.0,0.027025058754063355,0.05031154908137497,0.03421810182226064,1.0,0.12
05_wheel_block_left_f3N_tau0p08_t0p60_p2l_v2:0018,05_wheel_block_left_f3N_tau0p08_t0p60_p2l_v2,22.915999999999986,23.315999999999985,20.0,1.0,0.009620302177018125,0.03129394822993737,0.016683317510831183,1.0,0.06,20.0,1.0,2.4120791077765733e-14,2.883614666469615e-14,2.4465236633702115e-14,1.0,0.08,40.0,1.0,0.00018166243584705338,0.0003630779290945157,0.00022613094509573226,1.0,0.08,6.0,1.0,0.02019659876012192,0.03595180970867595,0.024653095334442453,1.0,0.12
05_wheel_block_left_f3N_tau0p08_t0p60_p2l_v2:0019,05_wheel_block_left_f3N_tau0p08_t0p60_p2l_v2,23.115999999999985,23.515999999999984,20.0,1.0,3.705833964689209e-05,3.7058340323753435e-05,3.7058339646892097e-05,1.0,0.06,20.0,1.0,3.0383033160417354e-14,3.4948607552193524e-14,3.056845764855362e-14,1.0,0.08,40.0,1.0,0.00015299055848366655,0.00035075284162904794,0.00019214299293546813,1.0,0.08,6.0,1.0,0.014936199567132416,0.025226922167630395,0.017967268671020047,1.0,0.12
05_wheel_block_left_f3N_tau0p08_t0p60_p2l_v2:0020,05_wheel_block_left_f3N_tau0p08_t0p60_p2l_v2,23.315999999999985,23.715999999999983,20.0,1.0,3.705834028432664e-05,3.705834039690603e-05,3.705834028432664e-05,1.0,0.06,20.0,1.0,3.6820761625810516e-14,4.235774167954042e-14,3.7045813838073905e-14,1.0,0.08,40.0,1.0,0.00013080787928786402,0.00028352820596809676,0.00017021154736927558,1.0,0.08,6.0,1.0,0.02007844711322983,0.03283590521922872,0.023003813309995735,1.0,0.12
05_wheel_block_left_f3N_tau0p08_t0p60_p2l_v2:0021,05_wheel_block_left_f3N_tau0p08_t0p60_p2l_v2,23.515999999999984,23.915999999999983,20.0,1.0,3.705834039654243e-05,3.705834039735567e-05,3.705834039654243e-05,1.0,0.06,20.0,1.0,4.4612452354691495e-14,5.130222958745161e-14,4.488393293889205e-14,1.0,0.08,40.0,1.0,0.0001213561134337291,0.00026164644597117674,0.00016328771430195967,1.0,0.08,6.0,1.0,0.0210576785579335,0.038075579451254477,0.025104370949551813,1.0,0.12
05_wheel_block_left_f3N_tau0p08_t0p60_p2l_v2:0022,05_wheel_block_left_f3N_tau0p08_t0p60_p2l_v2,23.715999999999983,24.115999999999982,20.0,1.0,3.705834039637035e-05,3.705834039735567e-05,3.705834039637034e-05,1.0,0.06,20.0,1.0,5.405745071012403e-14,6.218443353227708e-14,5.4387842071171927e-14,1.0,0.08,40.0,1.0,0.0001242220176645217,0.00026628912310555733,0.0001724830532288155,1.0,0.08,6.0,1.0,0.020962812968647503,0.03563223981195865,0.02445364011070364,1.0,0.12
05_wheel_block_left_f3N_tau0p08_t0p60_p2l_v2:0023,05_wheel_block_left_f3N_tau0p08_t0p60_p2l_v2,23.915999999999983,24.31599999999998,20.0,1.0,3.705834039628708e-05,3.705834039735567e-05,3.705834039628708e-05,1.0,0.06,20.0,1.0,6.552526354559657e-14,7.538903018917668e-14,6.592669779971371e-14,1.0,0.08,40.0,1.0,0.00012585858865320028,0.00032291630516278526,0.00017359731870196358,1.0,0.08,6.0,1.0,0.022121427137856503,0.030511056799645664,0.024110889350557878,1.0,0.12
05_wheel_block_left_f3N_tau0p08_t0p60_p2l_v2:0024,05_wheel_block_left_f3N_tau0p08_t0p60_p2l_v2,24.115999999999982,24.51599999999998,20.0,1.0,3.705834039640088e-05,3.705834039735567e-05,3.705834039640088e-05,1.0,0.06,20.0,1.0,7.942621385887706e-14,9.135661115010069e-14,7.991183006227478e-14,1.0,0.08,40.0,1.0,0.0001329402820893733,0.00032291630516278526,0.0001743065379920071,1.0,0.08,6.0,1.0,0.02409000351531525,0.0357425080623473,0.02698206276040253,1.0,0.12
05_wheel_block_left_f3N_tau0p08_t0p60_p2l_v2:0025,05_wheel_block_left_f3N_tau0p08_t0p60_p2l_v2,24.31599999999998,24.71599999999998,20.0,1.0,3.7058340396259326e-05,3.705834039735567e-05,3.7058340396259326e-05,1.0,0.06,20.0,1.0,9.62555176110004e-14,1.1070789466856652e-13,9.684250302271645e-14,1.0,0.08,40.0,1.0,0.0001667916673034992,0.00032642363163953283,0.00020397935461068288,1.0,0.08,6.0,1.0,0.02376482650034493,0.03569846762725776,0.025842562586477515,1.0,0.12
05_wheel_block_left_f3N_tau0p08_t0p60_p2l_v2:0026,05_wheel_block_left_f3N_tau0p08_t0p60_p2l_v2,24.51599999999998,24.91599999999998,20.0,1.0,3.70583403966146e-05,3.705834039735567e-05,3.705834039661459e-05,1.0,0.06,20.0,1.0,1.1665108349425592e-13,1.3418920077295434e-13,1.1736413329696072e-13,1.0,0.08,40.0,1.0,0.0001657771374686332,0.0003424409207646288,0.00020365369903951728,1.0,0.08,6.0,1.0,0.022699378924893876,0.038936856931716446,0.027563357913259832,1.0,0.12
05_wheel_block_left_f3N_tau0p08_t0p60_p2l_v2:0027,05_wheel_block_left_f3N_tau0p08_t0p60_p2l_v2,24.71599999999998,25.11599999999998,20.0,1.0,0.01341795942467417,0.04284327275460357,0.02328205333114013,1.0,0.06,20.0,1.0,0.025630442335891068,0.07381582509787615,0.04495389906266548,0.9,0.08,40.0,1.0,0.018547587195739557,0.05641393262148408,0.031389507786964546,0.975,0.08,6.0,1.0,0.02962164033126197,0.056118834121124034,0.03569083039998356,1.0,0.12
05_wheel_block_left_f3N_tau0p08_t0p60_p2l_v2:0028,05_wheel_block_left_f3N_tau0p08_t0p60_p2l_v2,24.91599999999998,25.315999999999978,20.0,1.0,0.014049471445490128,0.04284327275460357,0.023311278064752965,1.0,0.06,20.0,1.0,0.03184197907421987,0.07381582509787615,0.045933903976478195,0.9,0.08,40.0,1.0,0.0200571372640061,0.05641393262148408,0.031519745217157884,0.975,0.08,6.0,1.0,0.03471800509302562,0.05417970506330966,0.03875747229874964,1.0,0.12
05_wheel_block_left_f3N_tau0p08_t0p60_p2l_v2:0029,05_wheel_block_left_f3N_tau0p08_t0p60_p2l_v2,25.11599999999998,25.515999999999977,20.0,1.0,0.0027048267640808047,0.004253977949697179,0.003135034515502713,1.0,0.06,20.0,1.0,0.006426396272119399,0.016683040170062058,0.009450536803114104,1.0,0.08,40.0,1.0,0.0017499774568944608,0.005560496010127262,0.002896718871774012,1.0,0.08,6.0,1.0,0.045874208847744125,0.07917557834739897,0.0546187958185413,1.0,0.12
05_wheel_block_left_f3N_tau0p08_t0p60_p2l_v2:0030,05_wheel_block_left_f3N_tau0p08_t0p60_p2l_v2,25.315999999999978,25.715999999999976,20.0,1.0,0.0042984713995598235,0.004568965559509841,0.004305623957821373,1.0,0.06,20.0,1.0,0.00045342974685111945,0.0006283666537134109,0.0006002335789316005,1.0,0.08,40.0,1.0,0.00023897834053504958,0.00039947866139833095,0.00044433853682821145,1.0,0.08,6.0,1.0,0.03696616874307531,0.07917557834739897,0.0492422980406743,1.0,0.12
05_wheel_block_left_f3N_tau0p08_t0p60_p2l_v2:0031,05_wheel_block_left_f3N_tau0p08_t0p60_p2l_v2,25.515999999999977,25.915999999999976,20.0,1.0,0.004229219558028531,0.004662197168151758,0.004278136235388765,1.0,0.06,20.0,1.0,0.0014110125405790083,0.00400345366083989,0.002517848023891994,1.0,0.08,40.0,1.0,0.0006405870086569024,0.0019843631741827466,0.0011199810947294924,1.0,0.08,6.0,1.0,0.026434026907347436,0.049578390681632736,0.03232794630482759,1.0,0.12
05_wheel_block_left_f3N_tau0p08_t0p60_p2l_v2:0032,05_wheel_block_left_f3N_tau0p08_t0p60_p2l_v2,25.715999999999976,26.115999999999975,20.0,1.0,0.002422264753723144,0.004662197168151758,0.002954988092657633,1.0,0.06,20.0,1.0,0.04274150227700637,0.15545648110758065,0.0776531186470135,0.8,0.08,40.0,1.0,0.03023902470361578,0.12993646599517658,0.059527072867094515,0.825,0.08,6.0,1.0,0.03404854294872562,0.060431433612005356,0.03899113553972659,1.0,0.12
05_wheel_block_left_f3N_tau0p08_t0p60_p2l_v2:0033,05_wheel_block_left_f3N_tau0p08_t0p60_p2l_v2,25.915999999999976,26.315999999999974,20.0,1.0,0.002137572937910079,0.003883939589887231,0.0025413779063978878,1.0,0.06,20.0,1.0,0.050839473832737944,0.15545648110758065,0.08193906085287953,0.75,0.08,40.0,1.0,0.037132146281802635,0.12993646599517658,0.06318546012217582,0.8,0.08,6.0,1.0,0.029280774599348344,0.05126099416098849,0.033723019646207955,1.0,0.12
05_wheel_block_left_f3N_tau0p08_t0p60_p2l_v2:0034,05_wheel_block_left_f3N_tau0p08_t0p60_p2l_v2,26.115999999999975,26.515999999999973,20.0,1.0,0.0036424445982740942,0.003883939589887231,0.003673747146972018,1.0,0.06,20.0,1.0,0.009285631070610246,0.025771805557335964,0.026272129042258015,0.95,0.08,40.0,1.0,0.007558578289656429,0.024128802666093657,0.021217822646255984,0.975,0.08,6.0,1.0,0.028629372319405325,0.06313840558509395,0.0392662390886367,1.0,0.12
05_wheel_block_left_f3N_tau0p08_t0p60_p2l_v2:0035,05_wheel_block_left_f3N_tau0p08_t0p60_p2l_v2,26.315999999999974,26.715999999999973,20.0,1.0,0.003882510980349453,0.00388355300151004,0.0038825110629643013,1.0,0.06,20.0,1.0,2.1778295745583653e-05,3.5016646791391494e-05,2.3957280785851765e-05,1.0,0.08,40.0,1.0,0.00015329222736854068,0.0003517362063397256,0.00019655624814746234,1.0,0.08,6.0,1.0,0.031212471525111942,0.07105457553718733,0.042719936622476175,1.0,0.12
05_wheel_block_left_f3N_tau0p08_t0p60_p2l_v2:0036,05_wheel_block_left_f3N_tau0p08_t0p60_p2l_v2,26.515999999999973,26.915999999999972,20.0,1.0,0.0038810683761503206,0.0038821925701406994,0.0038810684721002926,1.0,0.06,20.0,1.0,8.978146213320381e-06,1.7532062150771303e-05,1.0728047005460869e-05,1.0,0.08,40.0,1.0,0.00014791778455175916,0.00031216043013315156,0.00018975123790837417,1.0,0.08,6.0,1.0,0.026187008708107626,0.047270825351377,0.03165442808748081,1.0,0.12
05_wheel_block_left_f3N_tau0p08_t0p60_p2l_v2:0037,05_wheel_block_left_f3N_tau0p08_t0p60_p2l_v2,26.715999999999973,27.11599999999997,20.0,1.0,0.0073166242116728,0.011832603808489172,0.012209192882463466,1.0,0.06,20.0,1.0,0.0016306190340269117,0.0014876587743160937,0.005593552927259584,1.0,0.08,40.0,1.0,0.002326992949694616,0.004337226709323874,0.0072667829071316175,1.0,0.08,6.0,1.0,0.03660304312327402,0.07367460689673516,0.04938627329740812,1.0,0.12
05_wheel_block_left_f3N_tau0p08_t0p60_p2l_v2:0038,05_wheel_block_left_f3N_tau0p08_t0p60_p2l_v2,26.915999999999972,27.31599999999997,20.0,1.0,0.024857898748728267,0.07257064983581019,0.04006559479844148,0.8,0.06,20.0,1.0,0.026153381118958607,0.09107319041119075,0.04749687415703703,0.85,0.08,40.0,1.0,0.01998681907665384,0.06906503630368975,0.03367264306488395,0.975,0.08,6.0,1.0,0.034426175387670656,0.07783431213592555,0.050671527525711496,1.0,0.12
05_wheel_block_left_f3N_tau0p08_t0p60_p2l_v2:0039,05_wheel_block_left_f3N_tau0p08_t0p60_p2l_v2,27.11599999999997,27.51599999999997,20.0,1.0,0.019481434615618083,0.07257064983581019,0.038258540720602544,0.8,0.06,20.0,1.0,0.0245251791228433,0.09107319041119075,0.04716635705078584,0.85,0.08,40.0,1.0,0.01783050273145494,0.06906503630368975,0.032879883406370713,0.975,0.08,6.0,1.0,0.019031772222088923,0.04406797061054024,0.026692961881510473,1.0,0.12
05_wheel_block_left_f3N_tau0p08_t0p60_p2l_v2:0040,05_wheel_block_left_f3N_tau0p08_t0p60_p2l_v2,27.31599999999997,27.71599999999997,20.0,1.0,2.2503160157749262e-13,5.831566089135271e-13,3.38835394343681e-13,1.0,0.06,20.0,1.0,2.0421204184732526e-14,5.94520487133416e-14,3.8102427871452485e-14,1.0,0.08,40.0,1.0,0.00014773519316736014,0.0002553055724020187,0.00018032131646754813,1.0,0.08,6.0,1.0,0.02122699992831625,0.036484268393122986,0.024556101360560304,1.0,0.12
05_wheel_block_left_f3N_tau0p08_t0p60_p2l_v2:0041,05_wheel_block_left_f3N_tau0p08_t0p60_p2l_v2,27.51599999999997,27.91599999999997,20.0,1.0,0.002958525800985045,0.0054421181554601345,0.009393183626467527,1.0,0.06,20.0,1.0,0.00012062679190765655,0.00024699840947840394,0.00037091676584366577,1.0,0.08,40.0,1.0,0.000305870411173283,0.0007480833734580232,0.0004897298039256926,1.0,0.08,6.0,1.0,0.015596665717671812,0.0302075275531285,0.01938590006230055,1.0,0.12
05_wheel_block_left_f3N_tau0p08_t0p60_p2l_v2:0042,05_wheel_block_left_f3N_tau0p08_t0p60_p2l_v2,27.71599999999997,28.115999999999968,20.0,1.0,0.03251683109844204,0.10509210048583219,0.05600968258401152,0.75,0.06,20.0,1.0,0.0010486368193914667,0.0026092618572644364,0.0014924836898270902,1.0,0.08,40.0,1.0,0.0014808927783627936,0.0024605973625415967,0.0027087426906617896,1.0,0.08,6.0,1.0,0.03770464866191179,0.0922761649345134,0.05510091525682437,1.0,0.12
05_wheel_block_left_f3N_tau0p08_t0p60_p2l_v2:0043,05_wheel_block_left_f3N_tau0p08_t0p60_p2l_v2,27.91599999999997,28.315999999999967,20.0,1.0,0.0295744096981748,0.10509210048583219,0.05521642113741735,0.75,0.06,20.0,1.0,0.0010502862125035836,0.0026092618572644364,0.0014559640270514318,1.0,0.08,40.0,1.0,0.001337516595520913,0.0024605973625415967,0.0026704932205427944,1.0,0.08,7.0,1.0,0.04667529756183563,0.08887944503316711,0.05673709096396878,1.0,0.12
05_wheel_block_left_f3N_tau0p08_t0p60_p2l_v2:0044,05_wheel_block_left_f3N_tau0p08_t0p60_p2l_v2,28.115999999999968,28.515999999999966,20.0,1.0,3.2209292949872405e-05,3.22101407339237e-05,3.22092929549588e-05,1.0,0.06,20.0,1.0,0.00024454622908371445,0.0002445555585690973,0.00024454622918624545,1.0,0.08,40.0,1.0,0.00017130024104666553,0.0003304206857422867,0.0002089318581113605,1.0,0.08,7.0,1.0,0.037719150669847226,0.06867276171477983,0.04608752089337656,1.0,0.12
05_wheel_block_left_f3N_tau0p08_t0p60_p2l_v2:0045,05_wheel_block_left_f3N_tau0p08_t0p60_p2l_v2,28.315999999999967,28.715999999999966,20.0,1.0,3.2210513507272e-05,3.221163507701741e-05,3.221051351818741e-05,1.0,0.06,20.0,1.0,0.000244533938920704,0.00024454328509254073,0.00024453393902353174,1.0,0.08,40.0,1.0,0.00016491573359048427,0.0002980462832323348,0.0002128366198478161,1.0,0.08,6.0,1.0,0.040219012126211304,0.07411960970468469,0.04889205756670969,1.0,0.12
05_wheel_block_left_f3N_tau0p08_t0p60_p2l_v2:0046,05_wheel_block_left_f3N_tau0p08_t0p60_p2l_v2,28.515999999999966,28.915999999999965,20.0,1.0,3.221200329797114e-05,3.2213161469663024e-05,3.221200330991094e-05,1.0,0.06,20.0,1.0,0.0002445216394122205,0.00024453098778808084,0.000244521639515092,1.0,0.08,40.0,1.0,0.00015400958045954635,0.00025585448874061956,0.00020002697953807466,1.0,0.08,6.0,1.0,0.03230896523477132,0.06831147048821225,0.04340507182984922,1.0,0.12
05_wheel_block_left_f3N_tau0p08_t0p60_p2l_v2:0047,05_wheel_block_left_f3N_tau0p08_t0p60_p2l_v2,28.715999999999966,29.115999999999964,20.0,1.0,3.221352904524966e-05,3.2214692023863066e-05,3.2213529057328564e-05,1.0,0.06,20.0,1.0,0.0002445093386807633,0.0002445186873296551,0.00024450933878364476,1.0,0.08,40.0,1.0,0.00014477147318125942,0.0002844900299191153,0.00018124030605973508,1.0,0.08,6.0,1.0,0.030156242416744142,0.06159657182591165,0.041176313268447104,1.0,0.12
05_wheel_block_left_f3N_tau0p08_t0p60_p2l_v2:0048,05_wheel_block_left_f3N_tau0p08_t0p60_p2l_v2,28.915999999999965,29.315999999999963,20.0,1.0,3.2215059473203464e-05,3.221622298757998e-05,3.2215059485298356e-05,1.0,0.06,20.0,1.0,0.0002444970378149842,0.0002445063864780339,0.000244497037917871,1.0,0.08,40.0,1.0,0.00013899572331447485,0.00023571225905943952,0.00017034369282367662,1.0,0.08,6.0,1.0,0.027349017301468343,0.036829534573256134,0.028650735281102784,1.0,0.12
05_wheel_block_left_f3N_tau0p08_t0p60_p2l_v2:0049,05_wheel_block_left_f3N_tau0p08_t0p60_p2l_v2,29.115999999999964,29.515999999999963,20.0,1.0,3.221659039064351e-05,3.221775387499126e-05,3.221659040273793e-05,1.0,0.06,20.0,1.0,0.00024448473696084624,0.00024449408560307443,0.00024448473706373773,1.0,0.08,40.0,1.0,0.00016952157812979152,0.0002981268384821464,0.0002032369239811965,1.0,0.08,6.0,1.0,0.02495627846562641,0.04374213061605371,0.03021983024463308,1.0,0.12
05_wheel_block_left_f3N_tau0p08_t0p60_p2l_v2:0050,05_wheel_block_left_f3N_tau0p08_t0p60_p2l_v2,29.315999999999963,29.715999999999962,20.0,1.0,3.221812124225565e-05,3.221928462218138e-05,3.221812125434744e-05,1.0,0.06,20.0,1.0,0.0002444724361380776,0.0002444817847547519,0.00024447243624097366,1.0,0.08,40.0,1.0,0.00019966120634673135,0.0003247184763581947,0.00021851500597763442,1.0,0.08,6.0,1.0,0.017550678796741496,0.04252539456745884,0.026535232562039147,1.0,0.12
05_wheel_block_left_f3N_tau0p08_t0p60_p2l_v2:0051,05_wheel_block_left_f3N_tau0p08_t0p60_p2l_v2,29.515999999999963,29.91599999999996,20.0,1.0,3.2219651955087136e-05,3.2220815220246336e-05,3.221965196717602e-05,1.0,0.06,20.0,1.0,0.0002444601353494012,0.0002444694839395593,0.00024446013545230183,1.0,0.08,40.0,1.0,0.00018357422772438003,0.0003377656637880502,0.0002110638104059191,1.0,0.08,6.0,1.0,0.015752738815255102,0.030804117924105284,0.01994610624798948,1.0,0.12
05_wheel_block_left_f3N_tau0p08_t0p60_p2l_v2:0052,05_wheel_block_left_f3N_tau0p08_t0p60_p2l_v2,29.715999999999962,30.11599999999996,20.0,1.0,3.222118251555162e-05,3.222234566170323e-05,3.2221182527637436e-05,1.0,0.06,20.0,1.0,0.00024444783459531957,0.00024445718315949355,0.0002444478346982248,1.0,0.08,40.0,1.0,0.00018188198924641916,0.00037513436375237664,0.00022220518309713652,1.0,0.08,6.0,1.0,0.02900834969094494,0.04500880037843835,0.03255497298750339,1.0,0.12
05_wheel_block_left_f3N_tau0p08_t0p60_p2l_v2:0053,05_wheel_block_left_f3N_tau0p08_t0p60_p2l_v2,29.91599999999996,30.31599999999996,20.0,1.0,3.2222712919527385e-05,3.222387594888354e-05,3.222271293161018e-05,1.0,0.06,20.0,1.0,0.0002444355338758946,0.00024444488241383663,0.00024443553397880446,1.0,0.08,40.0,1.0,0.0001650144323968472,0.00030705991688292065,0.00020449621718240032,1.0,0.08,6.0,1.0,0.035575525320316374,0.05154914084652365,0.03767389226509847,1.0,0.12
05_wheel_block_left_f3N_tau0p08_t0p60_p2l_v2:0054,05_wheel_block_left_f3N_tau0p08_t0p60_p2l_v2,30.11599999999996,30.51599999999996,20.0,1.0,3.222424308043648e-05,3.222540590450684e-05,3.222424309251417e-05,1.0,0.06,20.0,1.0,0.0002444232336467593,0.00024443258170268325,0.00024442323374966233,1.0,0.08,40.0,1.0,0.00016179484348406844,0.00031051955848945226,0.000214970529681895,1.0,0.08,6.0,1.0,0.03184364017347999,0.0498324750027645,0.03492660000703676,1.0,0.12
05_wheel_block_left_f3N_tau0p08_t0p60_p2l_v2:0055,05_wheel_block_left_f3N_tau0p08_t0p60_p2l_v2,30.31599999999996,30.71599999999996,20.0,1.0,3.2225773089461504e-05,3.2226935887552656e-05,3.222577310153836e-05,1.0,0.06,20.0,1.0,0.00024441093345266453,0.0002444202819376818,0.00024441093355558367,1.0,0.08,40.0,1.0,0.0001680431207126012,0.00036990668138130005,0.00022717764654927387,1.0,0.08,6.0,1.0,0.039185405879417344,0.061838927819356126,0.044114557248031455,1.0,0.12
05_wheel_block_left_f3N_tau0p08_t0p60_p2l_v2:0056,05_wheel_block_left_f3N_tau0p08_t0p60_p2l_v2,30.51599999999996,30.915999999999958,20.0,1.0,3.2227303032197895e-05,3.222846570685722e-05,3.222730304427166e-05,1.0,0.06,20.0,1.0,0.00024439863283813926,0.00024440798129608576,0.0002443986329410629,1.0,0.08,40.0,1.0,0.00016780111427761594,0.0003725157752123309,0.00021480927760013827,1.0,0.08,6.0,1.0,0.03311353417425201,0.061838927819356126,0.039979986214265524,1.0,0.12
05_wheel_block_left_f3N_tau0p08_t0p60_p2l_v2:0057,05_wheel_block_left_f3N_tau0p08_t0p60_p2l_v2,30.71599999999996,31.115999999999957,20.0,1.0,3.2228832820863085e-05,3.222999538462501e-05,3.222883283293392e-05,1.0,0.06,20.0,1.0,0.00024438633225848757,0.00024439568068988044,0.0002443863323614158,1.0,0.08,40.0,1.0,0.00018577437355786963,0.00036883983469087776,0.00022759171907465038,1.0,0.08,6.0,1.0,0.021168105941215692,0.03598897527896422,0.025096511179435597,1.0,0.12
05_wheel_block_left_f3N_tau0p08_t0p60_p2l_v2:0058,05_wheel_block_left_f3N_tau0p08_t0p60_p2l_v2,30.915999999999958,31.315999999999956,20.0,1.0,3.2230362456528436e-05,3.2231524900455665e-05,3.223036246859623e-05,1.0,0.06,20.0,1.0,0.0002443740317139688,0.00024438338011841676,0.00024437403181690165,1.0,0.08,40.0,1.0,0.0001664424583258937,0.0003638879798590748,0.0002155354012664687,1.0,0.08,6.0,1.0,0.02177462012854924,0.033624065831912464,0.02446035808512029,1.0,0.12
05_wheel_block_left_f3N_tau0p08_t0p60_p2l_v2:0059,05_wheel_block_left_f3N_tau0p08_t0p60_p2l_v2,31.115999999999957,31.515999999999956,20.0,1.0,3.223189193592435e-05,3.2233054264035886e-05,3.223189194798913e-05,1.0,0.06,20.0,1.0,0.00024436173120531257,0.0002443710795824834,0.0002443617313082501,1.0,0.08,40.0,1.0,0.0001583759607178792,0.0003650048332675103,0.0002150374311951919,1.0,0.08,6.0,1.0,0.019899936774503624,0.03678323125900848,0.024114618135158142,1.0,0.12
05_wheel_block_left_f3N_tau0p08_t0p60_p2l_v2:0060,05_wheel_block_left_f3N_tau0p08_t0p60_p2l_v2,31.315999999999956,31.715999999999955,20.0,1.0,6.428409383756051e-05,3.223458347164643e-05,0.00015378622982180684,1.0,0.06,20.0,1.0,0.00024688875856342454,0.00024436000913137903,0.0002471366329379489,1.0,0.08,40.0,1.0,0.0002526419154720553,0.0003920384749963363,0.0004736815848425439,1.0,0.08,6.0,1.0,0.018149477524663022,0.03352958892941185,0.022496937214733136,1.0,0.12
05_wheel_block_left_f3N_tau0p08_t0p60_p2l_v2:0061,05_wheel_block_left_f3N_tau0p08_t0p60_p2l_v2,31.515999999999956,31.915999999999954,20.0,1.0,0.012291651109939636,0.04035533811649141,0.021199696028605237,1.0,0.06,20.0,1.0,0.04294951009893181,0.1382831900999878,0.073752808192721,0.75,0.08,40.0,1.0,0.027918595253630142,0.08924738628093645,0.047632399851770896,0.85,0.08,6.0,1.0,0.024758165137487378,0.04769859497981005,0.03313013026562689,1.0,0.12
05_wheel_block_left_f3N_tau0p08_t0p60_p2l_v2:0062,05_wheel_block_left_f3N_tau0p08_t0p60_p2l_v2,31.715999999999955,32.11599999999996,20.0,1.0,0.012947837462381257,0.04035533811649141,0.021223319962697832,1.0,0.06,20.0,1.0,0.054723284397640716,0.1382831900999878,0.07565256638986267,0.75,0.08,40.0,1.0,0.028009310653200968,0.08924738628093645,0.04763229586059331,0.85,0.08,6.0,1.0,0.02428740123836301,0.04787520634709601,0.03309191693810137,1.0,0.12
05_wheel_block_left_f3N_tau0p08_t0p60_p2l_v2:0063,05_wheel_block_left_f3N_tau0p08_t0p60_p2l_v2,31.915999999999954,32.31599999999995,20.0,1.0,0.0010490584968199505,0.0015858569599166235,0.0011738760290168108,1.0,0.06,20.0,1.0,0.025469103940195414,0.02931878676650544,0.02558662290937768,1.0,0.08,40.0,1.0,0.0005309806801637063,0.0009208375644020496,0.0006234294834809751,1.0,0.08,6.0,1.0,0.017360509248947147,0.0349938218940614,0.022537648692877676,1.0,0.12
05_wheel_block_left_f3N_tau0p08_t0p60_p2l_v2:0064,05_wheel_block_left_f3N_tau0p08_t0p60_p2l_v2,32.11599999999996,32.515999999999956,20.0,1.0,0.0003891185076699458,0.0011566714324850154,0.0005972361040546535,1.0,0.06,20.0,1.0,0.0289510480388413,0.030788471575946115,0.029050423970260326,1.0,0.08,40.0,1.0,0.0003418283296541411,0.0008808413228750368,0.0004653831894681295,1.0,0.08,6.0,1.0,0.022370036574633448,0.04422823537258652,0.028232965111759094,1.0,0.12
05_wheel_block_left_f3N_tau0p08_t0p60_p2l_v2:0065,05_wheel_block_left_f3N_tau0p08_t0p60_p2l_v2,32.31599999999995,32.71599999999995,20.0,1.0,9.251975414656526e-05,9.67307651158128e-05,9.307935704744174e-05,1.0,0.06,20.0,1.0,0.030777188495233483,0.030795185594272467,0.030777224578819033,1.0,0.08,40.0,1.0,0.00013338224862137482,0.0003453313116927981,0.00017409168859041236,1.0,0.08,6.0,1.0,0.021130892228528552,0.03463178783497951,0.024880678117018953,1.0,0.12
05_wheel_block_left_f3N_tau0p08_t0p60_p2l_v2:0066,05_wheel_block_left_f3N_tau0p08_t0p60_p2l_v2,32.51599999999995,32.91599999999995,20.0,1.0,9.726557752111758e-05,9.889372890058146e-05,9.727318110075466e-05,1.0,0.06,20.0,1.0,0.030796347937772205,0.030800472554920015,0.030796348111381124,1.0,0.08,40.0,1.0,0.00014612408698023993,0.0002782733861899367,0.00017850233735615948,1.0,0.08,6.0,1.0,0.02196068702782839,0.030126948478666912,0.023551978303621005,1.0,0.12
05_wheel_block_left_f3N_tau0p08_t0p60_p2l_v2:0067,05_wheel_block_left_f3N_tau0p08_t0p60_p2l_v2,32.71599999999995,33.11599999999995,20.0,1.0,9.947632537450624e-05,0.00010125854201083195,9.948526809033213e-05,1.0,0.06,20.0,1.0,0.030801285675958932,0.03080431103194366,0.030801285772642212,1.0,0.08,40.0,1.0,0.00015912105006247456,0.0002881017119316709,0.00018871946101866707,1.0,0.08,6.0,1.0,0.017793035736218585,0.030126948478666912,0.02056922097624893,1.0,0.12
05_wheel_block_left_f3N_tau0p08_t0p60_p2l_v2:0068,05_wheel_block_left_f3N_tau0p08_t0p60_p2l_v2,32.915999999999954,33.31599999999995,20.0,1.0,0.00010140371485204552,0.00010355151058450973,0.00010142426787732661,1.0,0.06,20.0,1.0,0.03080229316671294,0.030806514215346237,0.030802294926053696,1.0,0.08,40.0,1.0,0.00013474455806039982,0.0002881017119316709,0.00016540042189464827,1.0,0.08,6.0,1.0,0.009827977149318629,0.01570145424036877,0.011070523195720487,1.0,0.12
05_wheel_block_left_f3N_tau0p08_t0p60_p2l_v2:0069,05_wheel_block_left_f3N_tau0p08_t0p60_p2l_v2,33.11599999999995,33.51599999999995,20.0,1.0,0.0008742972378272262,0.0029360277831642087,0.0015536553508109033,1.0,0.06,20.0,1.0,0.026706232665457928,0.030806514215346237,0.027448558652525427,1.0,0.08,40.0,1.0,0.0006883815290424685,0.0020666133166064426,0.0011437646025565392,1.0,0.08,6.0,1.0,0.022204737840371167,0.039022822257077,0.02618235617051345,1.0,0.12
05_wheel_block_left_f3N_tau0p08_t0p60_p2l_v2:0070,05_wheel_block_left_f3N_tau0p08_t0p60_p2l_v2,33.315999999999946,33.715999999999944,20.0,1.0,0.003957165594792558,0.006605559979937742,0.004709507528108868,1.0,0.06,20.0,1.0,0.07885340618047385,0.20726759501852543,0.11667312868138983,0.7,0.08,40.0,1.0,0.0561309089780883,0.16962511651567697,0.0948037091926751,0.7,0.08,6.0,1.0,0.022807597149110657,0.039022822257077,0.0273016188142623,1.0,0.12
05_wheel_block_left_f3N_tau0p08_t0p60_p2l_v2:0071,05_wheel_block_left_f3N_tau0p08_t0p60_p2l_v2,33.51599999999995,33.91599999999995,20.0,1.0,0.006385473487560145,0.0066205531511315694,0.006397723521810859,1.0,0.06,20.0,1.0,0.06908298304386265,0.20726759501852543,0.11558431850743141,0.7,0.08,40.0,1.0,0.05670588945353379,0.16962511651567697,0.0948954912691113,0.7,0.08,6.0,1.0,0.01227621314177998,0.022828277184913467,0.014726546544341829,1.0,0.12
05_wheel_block_left_f3N_tau0p08_t0p60_p2l_v2:0072,05_wheel_block_left_f3N_tau0p08_t0p60_p2l_v2,33.71599999999995,34.11599999999995,20.0,1.0,0.006560558323439101,0.006618164811813473,0.006561975724444477,1.0,0.06,20.0,1.0,0.0018114787207343525,0.0009039278240853645,0.005131757487842215,1.0,0.08,40.0,1.0,0.0012722186525813126,0.0013736590386854946,0.004326848898330001,1.0,0.08,6.0,1.0,0.013817699082705465,0.021075030007659326,0.014811121550509631,1.0,0.12
05_wheel_block_left_f3N_tau0p08_t0p60_p2l_v2:0073,05_wheel_block_left_f3N_tau0p08_t0p60_p2l_v2,33.91599999999995,34.315999999999946,20.0,1.0,0.006618170720671003,0.006618273473707262,0.0066181707216003095,1.0,0.06,20.0,1.0,0.0005396823803629297,0.0005593494783071251,0.0005398857556075368,1.0,0.08,40.0,1.0,0.00015344056683537223,0.0002682095401161877,0.00017758183621159016,1.0,0.08,6.0,1.0,0.009091269719937206,0.017354793292959678,0.011236205647691904,1.0,0.12
05_wheel_block_left_f3N_tau0p08_t0p60_p2l_v2:0074,05_wheel_block_left_f3N_tau0p08_t0p60_p2l_v2,34.11599999999994,34.51599999999994,20.0,1.0,0.006618214403847846,0.006618273473707262,0.006618214404182092,1.0,0.06,20.0,1.0,0.0005145792937272409,0.0005333585399281638,0.0005147733295466731,1.0,0.08,40.0,1.0,0.00018215377715655734,0.0003187178736494045,0.00020832014409623002,1.0,0.08,6.0,1.0,0.007667145932690324,0.01718243893217948,0.012424861735374045,1.0,0.12
05_wheel_block_left_f3N_tau0p08_t0p60_p2l_v2:0075,05_wheel_block_left_f3N_tau0p08_t0p60_p2l_v2,34.315999999999946,34.715999999999944,20.0,1.0,0.006617987101110394,0.006618229489770219,0.006617987104534873,1.0,0.06,20.0,1.0,0.0004907244614148932,0.0005085238650462176,0.000490906798240301,1.0,0.08,40.0,1.0,0.00017431731057128695,0.00032832782901066616,0.00020911770720768769,1.0,0.08,6.0,1.0,0.015147806984915206,0.040485213766092494,0.024319191739517153,1.0,0.12
05_wheel_block_left_f3N_tau0p08_t0p60_p2l_v2:0076,05_wheel_block_left_f3N_tau0p08_t0p60_p2l_v2,34.51599999999995,34.91599999999995,20.0,1.0,0.00661748998335515,0.006617937027715795,0.006617489993493112,1.0,0.06,20.0,1.0,0.00046823470567004257,0.00048496711486643027,0.0004684031088028814,1.0,0.08,40.0,1.0,0.0001357071749884739,0.00032747763270467024,0.00017165824021399864,1.0,0.08,7.0,1.0,0.023051764909549518,0.047594865982763884,0.02975810166046387,1.0,0.12
05_wheel_block_left_f3N_tau0p08_t0p60_p2l_v2:0077,05_wheel_block_left_f3N_tau0p08_t0p60_p2l_v2,34.715999999999944,35.11599999999994,20.0,1.0,0.006616725541413479,0.006617375009702969,0.006616725561756204,1.0,0.06,20.0,1.0,0.00044722012181633297,0.0004628036351453757,0.00044737257466729414,1.0,0.08,40.0,1.0,0.00012307315933840214,0.0002407331282996639,0.00014852728524856457,1.0,0.08,7.0,1.0,0.025388203156983445,0.041122527013934235,0.02833431407083172,1.0,0.12
05_wheel_block_left_f3N_tau0p08_t0p60_p2l_v2:0078,05_wheel_block_left_f3N_tau0p08_t0p60_p2l_v2,34.91599999999994,35.31599999999994,20.0,1.0,0.006615697573291668,0.006616546244354049,0.006615697607131113,1.0,0.06,20.0,1.0,0.0004277836311036315,0.000442141913782379,0.0004279184381155025,1.0,0.08,40.0,1.0,0.00013622737255630652,0.0002477150838182285,0.0001696506384958364,1.0,0.08,6.0,1.0,0.02534397966013598,0.033569367620052526,0.026492291675330595,1.0,0.12
05_wheel_block_left_f3N_tau0p08_t0p60_p2l_v2:0079,05_wheel_block_left_f3N_tau0p08_t0p60_p2l_v2,35.11599999999994,35.51599999999994,20.0,1.0,0.023183274241757614,0.06561904943489998,0.03434077088832962,0.85,0.06,20.0,1.0,0.03767088552053341,0.12609830491291876,0.07307265632906407,0.8,0.08,40.0,1.0,0.028094198006443492,0.10095529318382196,0.051424013093888124,0.825,0.08,6.0,1.0,0.03788034491313467,0.07074540662616766,0.04575238071602745,1.0,0.12
05_wheel_block_left_f3N_tau0p08_t0p60_p2l_v2:0080,05_wheel_block_left_f3N_tau0p08_t0p60_p2l_v2,35.315999999999946,35.715999999999944,20.0,1.0,0.020641663586490007,0.06561904943489998,0.034132857466255814,0.85,0.06,20.0,1.0,0.040377669327625806,0.12609830491291876,0.07373881014041897,0.8,0.08,40.0,1.0,0.030451003655367098,0.10095529318382196,0.05210703603061818,0.825,0.08,6.0,1.0,0.035336956629521084,0.07074540662616766,0.04456812906630463,1.0,0.12
