window_id,run_id,window_start_sec,window_end_sec,wheel_lidar_vx_residual_mean,wheel_lidar_vx_residual_abs_mean,wheel_lidar_vx_residual_abs_max,wheel_lidar_vx_residual_std,wheel_lidar_vx_residual_persistence,wheel_lidar_vx_normalized_residual_mean,wheel_lidar_vx_normalized_residual_abs_mean,wheel_lidar_vx_normalized_residual_abs_max,wheel_lidar_vx_normalized_residual_std,wheel_lidar_vx_normalized_residual_persistence,wheel_imu_yaw_residual_mean,wheel_imu_yaw_residual_abs_mean,wheel_imu_yaw_residual_abs_max,wheel_imu_yaw_residual_std,wheel_imu_yaw_residual_persistence,wheel_lidar_yaw_residual_mean,wheel_lidar_yaw_residual_abs_mean,wheel_lidar_yaw_residual_abs_max,wheel_lidar_yaw_residual_std,wheel_lidar_yaw_residual_persistence,imu_lidar_yaw_residual_mean,imu_lidar_yaw_residual_abs_mean,imu_lidar_yaw_residual_abs_max,imu_lidar_yaw_residual_std,imu_lidar_yaw_residual_persistence,wheel_vx_abs_mean,wheel_yaw_rate_abs_mean,imu_yaw_rate_abs_mean,lidar_vx_abs_mean,lidar_yaw_rate_abs_mean,imu_horizontal_accel_rms,imu_horizontal_accel_std,imu_horizontal_accel_mad,imu_roll_pitch_gyro_energy,icp_valid_fraction,icp_rmse_mean,icp_rmse_max,icp_rmse_std,icp_inlier_ratio_mean,icp_inlier_ratio_min,icp_inlier_ratio_std,icp_observability_mean,icp_observability_min,icp_observability_std,wheel_translation_reliable,wheel_rotation_reliable,imu_yaw_rate_reliable,lidar_translation_reliable
00_normal_p2l_v2:0000,00_normal_p2l_v2,19.99,20.389999999999997,0.0018423552110573838,0.016154579741983654,0.04664453893899442,0.02318200678842716,0.0,0.0183563719573077,0.20790013224208503,0.5852354181817445,0.2972137116176877,0.0,4.85791319499694e-05,0.00015339337897547545,0.00039791192500664017,0.0002014558122516211,0.0,-3.207477976309318e-05,0.003079521680927117,0.005101471555619112,0.0035201163401891162,0.0,-7.81693591640974e-05,0.0030737490037808877,0.005058231284601329,0.0035009537058481007,0.0,0.24999999999231193,0.0,0.00013401799604572883,0.24815764478125454,0.003079521680927117,0.01466781361314573,0.005841351270366802,0.0033422701047918875,6.769644250310265e-08,1.0,0.0037898375372490026,0.004096488506986987,0.00025469799713180916,0.6796296296296296,0.6611111111111111,0.011857637476727483,0.49177707963300515,0.47520924421536787,0.00931171461836314,1,1,1,1
00_normal_p2l_v2:0001,00_normal_p2l_v2,20.189999999999998,20.589999999999996,0.0024769460915685243,0.01816400497053616,0.04995535703913648,0.025178219380333704,0.0,0.036525502112353,0.23778628247406822,0.6728480497514303,0.33319908776919915,0.0,8.743428883676915e-05,0.0001770748963639565,0.0003784885180969979,0.00019905387291693454,0.0,-0.001280937613604594,0.0031607770441433925,0.010390032622929268,0.004532081001735162,0.0,-0.0012574408804464142,0.0031199216968654906,0.0102327489139956,0.0044562280525498625,0.0,0.24999999999231193,0.0,0.00015974949551676124,0.24752305390074344,0.0031607770441433925,0.01547675100438832,0.006212642915892491,0.003197673401323915,6.407861033081952e-08,1.0,0.0038961223516924604,0.004217390235692769,0.00022020733045669227,0.6712962962962963,0.6611111111111111,0.0059288187383637735,0.49546228005273735,0.47520924421536787,0.0120092763191893,1,1,1,1
00_normal_p2l_v2:0002,00_normal_p2l_v2,20.389999999999997,20.789999999999996,0.005498549358586083,0.029215000650250896,0.04995535703913648,0.03323312348886237,0.0,0.0730079255078247,0.37849674368378133,0.6728480497514303,0.43102668110032527,0.0,8.577321464137736e-05,0.00019257062006933318,0.00042230406419663523,0.00021354049135380478,0.0,-0.0004703697682035411,0.006345833805927972,0.017626392113173295,0.008718862501523173,0.0,-0.00039052009842710744,0.006296331562506518,0.017717434392238232,0.00870946342223996,0.0,0.24999999999231193,0.0,0.00016707583108584403,0.24450145063372583,0.006345833805927972,0.015351250334698825,0.006337850128904796,0.0034212349748301996,8.301315380578091e-08,1.0,0.0039053575214200898,0.004305204048050038,0.0003505215852755629,0.6675925925925926,0.6611111111111111,0.0059288187383637735,0.5004951584253473,0.48986462786007456,0.007096425581780135,1,1,1,1
00_normal_p2l_v2:0003,00_normal_p2l_v2,20.589999999999996,20.989999999999995,0.00988114925246772,0.02354848261854987,0.04930518778467671,0.02518245071682318,0.0,0.12922300923011837,0.30494402036625207,0.6215193756603645,0.32424722740437595,0.0,3.101198540122233e-06,0.0001820320997907682,0.0004266107169182977,0.00022073957065202996,0.0,0.003527903607947133,0.007648158000577108,0.017626392113173295,0.00830646810357565,0.0,0.0036798185211774507,0.00771552560804068,0.017717434392238232,0.008323616478778736,0.0,0.24999999999231193,0.0,0.0001598813149832593,0.2401188507398442,0.007648158000577108,0.012630442631726925,0.005309630859935228,0.004262544355183879,8.08205598098556e-08,1.0,0.0038974032044830896,0.004320726783754165,0.0003561991437873299,0.6626984126984127,0.6555555555555556,0.0057230972626412585,0.5068220923186796,0.48986462786007456,0.015812355829912,1,1,1,1
00_normal_p2l_v2:0004,00_normal_p2l_v2,20.789999999999996,21.189999999999994,0.005175799502640402,0.014166635858469556,0.030799456901824007,0.016531059357752845,0.0,0.06947886114864081,0.18711120397333977,0.4168791078764205,0.22040383026942337,0.0,-2.0486941345951953e-05,0.00014470350711020015,0.0004266107169182977,0.00017709056846013232,0.0,0.002795141986987062,0.004906265401015036,0.009772690884211819,0.00516674662126584,0.0,0.00292336080089198,0.004936238806650716,0.009922714347136003,0.005190347711975163,0.0,0.24999999999231193,0.0,0.0001491443790219561,0.24482420048967152,0.004906265401015036,0.011916823749520565,0.005691530991844513,0.00339543326032011,6.700624278115708e-08,1.0,0.0037980398600912617,0.004320726783754165,0.00027214130662242964,0.6611111111111111,0.65,0.007273929674533078,0.5165723551423559,0.4980282207155849,0.012733470366298467,1,1,1,1
00_normal_p2l_v2:0005,00_normal_p2l_v2,20.989999999999995,21.389999999999993,0.016547061317227163,0.02393323397243032,0.06857871472772725,0.028273316370158966,0.0,0.20273219371866102,0.300560948457444,0.8238074080575472,0.34876355547205606,0.0,2.460515901090175e-05,0.000131644790334179,0.0002782637530853654,0.00015139871214528295,0.0,0.003973420114385062,0.005154411682175632,0.01877253616087354,0.006998364682971295,0.0,0.003996671749629179,0.005051848618042611,0.01872479484223212,0.006939192575382472,0.0,0.24999999999231193,0.0,0.00013281484777129772,0.23345293867508476,0.005154411682175632,0.013839413469077851,0.007025883283210232,0.005417087883956383,7.590092278305424e-08,1.0,0.0038725411327752133,0.004392797205316492,0.0003128088701949006,0.6648148148148147,0.65,0.00828173324999922,0.5171478247173992,0.5044201457475329,0.007657486226251972,1,1,1,1
00_normal_p2l_v2:0006,00_normal_p2l_v2,21.189999999999994,21.589999999999993,0.024327285144237067,0.02783866017276486,0.06857871472772725,0.023846195233004953,0.0,0.29892177561881256,0.3466171148621102,0.8238074080575472,0.29346241181230215,0.0,1.9857462935264006e-05,0.0001778406625416915,0.00045231523948518213,0.00020410641164526994,0.0,0.0045029513172044735,0.006478963728280542,0.01877253616087354,0.007749549502860354,0.0,0.0045108462238098715,0.006421343558794701,0.01872479484223212,0.007737805307167863,0.0,0.24999999999231193,0.0,0.0001393550129544809,0.22567271484807486,0.006478963728280542,0.01536161673897289,0.007489604249838361,0.0055669996076947465,8.264210529633934e-08,1.0,0.004073424815971704,0.004392797205316492,0.00031385118877366383,0.6648148148148147,0.65,0.00828173324999922,0.5055691462725463,0.48855416012972785,0.012761309898253177,1,1,1,1
00_normal_p2l_v2:0007,00_normal_p2l_v2,21.389999999999993,21.789999999999992,0.0034769453351789076,0.01705455847765944,0.02653756135648172,0.018379938775098463,0.0,0.03190485077694896,0.2166187983820181,0.34986154272526276,0.2357031328296415,0.0,4.097451334047404e-05,0.00018785206055227046,0.00045231523948518213,0.00021875936586481084,0.0,-0.00019279641549401348,0.004907796789466593,0.01005377113735936,0.005746358446272915,0.0,-0.00021458172684018858,0.0048609138224656335,0.01020260758592561,0.005765762015360076,0.0,0.24999999999231193,0.0,0.00014346895116545884,0.246523054657133,0.004907796789466593,0.01407830196809905,0.006507051138723489,0.0038538107515755805,7.5425641088668e-08,1.0,0.003999488637576826,0.004391739316421645,0.0003656533624370986,0.6592592592592592,0.65,0.006141897759917385,0.49234146426683706,0.4838558749318426,0.005657763256406018,1,1,1,1
00_normal_p2l_v2:0008,00_normal_p2l_v2,21.589999999999993,21.98999999999999,0.009670762399530622,0.022904079268475847,0.03796707196347271,0.023971146517413118,0.0,0.11351009158384695,0.29531795722975923,0.4747122931290988,0.3112708963662181,0.0,1.9375161207494514e-05,0.00013595924090236555,0.0003368632569198718,0.00017436899139151486,0.0,0.0020955452406659783,0.00627923945074295,0.011071043433868158,0.006584334016859375,0.0,0.0020383561930767736,0.00622931873222186,0.011073862028619402,0.006558506875461033,0.0,0.24999999999231193,0.0,0.0001400153313525693,0.24032923759278133,0.00627923945074295,0.01307626796726543,0.0059064059204772795,0.0031011182153676013,7.767050910114992e-08,1.0,0.0038425653469548082,0.004391739316421645,0.0003759099034483599,0.6574074074074073,0.65,0.005237828008789222,0.5041992195874145,0.4838558749318426,0.018603374553515857,1,1,1,1
00_normal_p2l_v2:0009,00_normal_p2l_v2,21.789999999999992,22.18999999999999,0.022434586114580754,0.02560166486957324,0.052836735146339325,0.021278493387145846,0.0,0.28053190863467165,0.3253211659188124,0.6447466512407634,0.2672587667751967,0.0,-5.327602509367015e-05,0.00013681509729260587,0.0003843893046870254,0.00017272632905599786,0.0,0.006496910983048929,0.006496910983048929,0.01141481990711993,0.0038945915789409626,0.0,0.00643419997149595,0.00643419997149595,0.01128530275360555,0.0038763297123712236,0.0,0.24999999999231193,0.0,0.00015711801429524412,0.2275654138777312,0.006496910983048929,0.01392887525052349,0.007426227530403381,0.003976372873775057,8.5860974630298e-08,1.0,0.003856990155726905,0.004285295278180034,0.00031947792236481504,0.6509259259259259,0.6444444444444445,0.0059288187383637276,0.5195606431727324,0.49752472246690566,0.01110256777562984,1,1,1,1
00_normal_p2l_v2:0010,00_normal_p2l_v2,21.98999999999999,22.38999999999999,0.01520311077930587,0.020082658856126912,0.052836735146339325,0.020757563709014215,0.0,0.19029236410058872,0.25367098961382023,0.6447466512407634,0.256887865715829,0.0,-5.098609977271712e-06,0.0001476394202460636,0.0003843893046870254,0.00018448691941701307,0.0,0.0017531560922647703,0.004149068805475046,0.01141481990711993,0.005119355632328611,0.0,0.0017516245179581946,0.004162425031955683,0.01128530275360555,0.005088901322199971,0.0,0.24999999999231193,0.0,0.00015778119470534686,0.23479688921300604,0.004149068805475046,0.014120644768395103,0.007734211705548431,0.004167523649478067,8.414012219420262e-08,1.0,0.0039374682218664995,0.004285295278180034,0.00017259173950890888,0.6509259259259259,0.6444444444444445,0.005928818738363728,0.5287137981946236,0.5154860821826277,0.013826387616447043,1,1,1,1
00_normal_p2l_v2:0011,00_normal_p2l_v2,22.18999999999999,22.58999999999999,0.00210855257073482,0.019269380333892586,0.032449650085991266,0.021946279685296922,0.0,0.026725725989200016,0.2377810839880762,0.38843835993198184,0.2679941658283141,0.0,5.195112872605846e-05,0.00013931843992411378,0.00042798110652557836,0.00016435234605486569,0.0,-0.0006219057256223146,0.002870791637068394,0.006014743898984556,0.003376628059335931,0.0,-0.0005670644834605316,0.0029402627306012665,0.006125280620464153,0.003446639808417027,0.0,0.24999999999231193,0.0,0.0001474498651858957,0.24789144742157712,0.002870791637068394,0.016373849955412124,0.008544612037554735,0.006433715723151509,7.953690858894435e-08,1.0,0.00412461156194692,0.004452443716533177,0.0002416147662925097,0.6611111111111111,0.65,0.00717219138186559,0.5435109226319174,0.5154860821826277,0.012656132977400049,1,1,1,1
00_normal_p2l_v2:0012,00_normal_p2l_v2,22.38999999999999,22.78999999999999,0.0018994216478812932,0.016678931131115085,0.032449650085991266,0.020447026340213795,0.0,0.02208599401628383,0.2038031030961507,0.38843835993198184,0.24751533696549427,0.0,5.511359202069223e-05,0.00018204377351853314,0.0005169915484926408,0.00022043832119470096,0.0,0.00019000371837502432,0.004402229953160406,0.009346324755914846,0.005164664373009746,0.0,0.00017533179035101373,0.004415722571304345,0.009431592242667064,0.005216491394586231,0.0,0.24999999999231193,0.0,0.000158677746707262,0.24810057834443064,0.004402229953160406,0.017303572110628263,0.008832046980722697,0.006623688767880179,8.063851443684476e-08,1.0,0.0042068644243759175,0.004626547202714233,0.00035324496663570595,0.6666666666666666,0.6611111111111111,0.0032075014954979415,0.5547310353698635,0.543709326668123,0.009747560892252314,1,1,1,1
00_normal_p2l_v2:0013,00_normal_p2l_v2,22.58999999999999,22.989999999999988,0.011043143865519953,0.01354137366241702,0.028433351437820886,0.011561253081116517,0.0,0.13639702250381208,0.17043739909803424,0.34600383015024777,0.14568492242770825,0.0,5.9288702425424784e-05,0.0002011400474338132,0.0005169915484926408,0.00023201262930182392,0.0,0.0030562046272141576,0.006171646212519107,0.009346324755914846,0.005816358940175141,0.0,0.003027325333347042,0.006171189414236063,0.009431592242667064,0.005868139341205364,0.0,0.24999999999231193,0.0,0.00017917854183297998,0.238956856126792,0.006171646212519107,0.01488783729577434,0.007245642603404269,0.00415875569643708,7.997905631257894e-08,1.0,0.004071383169858961,0.004626547202714233,0.0003449654907589395,0.6638888888888889,0.6555555555555556,0.004243125643477615,0.55498290073476,0.5373627344992749,0.011563850013230268,1,1,1,1
00_normal_p2l_v2:0014,00_normal_p2l_v2,22.78999999999999,23.189999999999987,0.012468293630189175,0.012468293630189175,0.028433351437820886,0.007850307470893783,0.0,0.15620140388887557,0.15620140388887557,0.34600383015024777,0.0944891907957268,0.0,2.7132341986457316e-06,0.00017509192618626497,0.00039570006071170175,0.00020750907362358407,0.0,0.004460024184193455,0.005607524399265303,0.008278987198368986,0.003969443756702218,0.0,0.004549834519706594,0.0056587027903620135,0.008277924428357265,0.003969918077934911,0.0,0.24999999999231193,0.0,0.00016113274235965433,0.23753170636212273,0.005607524399265303,0.014356148979704492,0.00676054438344067,0.004785853461680936,7.982258403733061e-08,1.0,0.004043517339634888,0.004308960309789508,0.00024159502128008346,0.6583333333333333,0.65,0.005319039487535193,0.5486435642488935,0.5373627344992749,0.006837484598431737,1,1,1,1
00_normal_p2l_v2:0015,00_normal_p2l_v2,22.989999999999988,23.389999999999986,0.020098478417728247,0.020098478417728247,0.03807275161726559,0.012312941436259668,0.0,0.25844450005834874,0.25844450005834874,0.5039457835226695,0.16131216724843395,0.0,-8.75780453291893e-05,0.00015448330117480603,0.00036507246152025726,0.0001704722196948406,0.0,0.005443477035241453,0.006590977250313303,0.014620469538753659,0.005393147091610415,0.0,0.0055777907162938714,0.006686658986949291,0.014710650483089532,0.005387633791502834,0.0,0.26699999998850865,0.0,0.00014560788351694305,0.24656818824091542,0.006590977250313303,1.1886932660828264,1.15527555417599,0.00573377693703101,6.477708548268766e-08,1.0,0.003963818760636531,0.004308960309789508,0.00021771483886008993,0.6564814814814814,0.65,0.003817690394090413,0.5473236509278959,0.5441000491475654,0.00302275949459548,1,1,1,1
00_normal_p2l_v2:0016,00_normal_p2l_v2,23.189999999999987,23.589999999999986,0.02472748270658721,0.025864304531829575,0.03807275161726559,0.01393582000966995,0.0,0.32720020761445806,0.3419774831040416,0.5122273010444705,0.18744676676511643,0.0,-6.152215128070374e-06,0.00016041885120286016,0.00036507246152025726,0.00019146361608580464,0.0,0.0051708545703187175,0.005469645488906725,0.014620469538753659,0.0048189189848233,0.0,0.0051285799583960555,0.005590864558521488,0.014710650483089532,0.004951294256398601,0.0,0.31699999998750394,0.0,0.00016109155805710913,0.29193918395105173,0.005469645488906725,1.1886890936777692,1.155282469444101,0.004551092409764615,7.009884891315275e-08,1.0,0.003786212522851466,0.0040580330787921975,0.00022438192555461302,0.6472222222222223,0.6222222222222222,0.013127265628479469,0.5521818598980536,0.5441000491475654,0.007630055250846837,1,1,1,1
00_normal_p2l_v2:0017,00_normal_p2l_v2,23.389999999999986,23.789999999999985,0.0016187696214846892,0.0173070569220773,0.036465236960471714,0.020770389160519067,0.0,0.029705974533435126,0.23019381649981188,0.5122273010444705,0.27923301712313153,0.0,9.332283458651394e-05,0.00015634009943144958,0.00040803831804186536,0.0001641607421320056,0.0,-0.00020282555750216453,0.002235888113438923,0.005986764101209564,0.0030737092838103324,0.0,-0.00032717372789974926,0.0023414852588936083,0.00627643761965178,0.003179004055512986,0.0,0.3499999999903025,0.0,0.00016748762587580408,0.34838123036881785,0.002235888113438923,0.013764198627524087,0.005845770044045496,0.003842228491115594,8.227605463839196e-08,1.0,0.0037744316877677494,0.00411214591400522,0.0002316997293798987,0.6240740740740741,0.6055555555555555,0.016249934050726167,0.5604524770975073,0.5463017290123187,0.0088854258930488,1,1,1,1
00_normal_p2l_v2:0018,00_normal_p2l_v2,23.589999999999986,23.989999999999984,0.003339290513123807,0.01789075598847405,0.04753032470116153,0.023050007016725802,0.0,0.04644548853070812,0.23215605500750147,0.6297679387747793,0.30120225522699373,0.0,4.890757855649711e-05,0.00014164139292640845,0.00040803831804186536,0.00017527592474835105,0.0,0.0022721570603259898,0.00441207981267907,0.009623956681959719,0.005178195185068818,0.0,0.002233356239713414,0.0044397306263813385,0.009317143416814807,0.00521381362177366,0.0,0.3499999999903025,0.0,0.0001523881561194105,0.3466607094771787,0.00441207981267907,0.014653527421488276,0.006339055444207118,0.0037855752203508793,7.602319076055989e-08,1.0,0.003885095761464751,0.00411214591400522,0.00015535394607323167,0.6333333333333333,0.6055555555555555,0.02625453125695896,0.5581865176741493,0.5379755632692138,0.011507897646010123,1,1,1,1
00_normal_p2l_v2:0019,00_normal_p2l_v2,23.789999999999985,24.189999999999984,0.026349961941893662,0.02875107477434699,0.06396842777476736,0.025164504381919087,0.0,0.3537306616303479,0.38675242922780423,0.8818955920420888,0.34414308364302015,0.0,3.3575642502451046e-05,0.0001411035052836809,0.0003483160904200026,0.00017773854263384228,0.0,0.005383138067271588,0.005576436114543017,0.009623956681959719,0.003507093742969492,0.0,0.005369820760422923,0.005482986126887399,0.009317143416814807,0.0034052659248744966,0.0,0.3499999999903036,0.0,0.00013924458707467792,0.32365003804840886,0.005576436114543017,0.015358636445141818,0.007217193923387077,0.0047843671495078005,8.151824618617845e-08,1.0,0.0037096375491303957,0.0040580823683523904,0.0002052153669873632,0.6564814814814814,0.6333333333333333,0.017689789976428543,0.5441876128879503,0.5315890263007317,0.011384116002671378,1,1,1,1
00_normal_p2l_v2:0020,00_normal_p2l_v2,23.989999999999984,24.389999999999983,0.01613657742530168,0.03520455210863759,0.06396842777476736,0.03679206505888587,0.0,0.2141720882535434,0.48118926972322895,0.8818955920420888,0.5049024890930278,0.0,4.120787048446126e-05,0.00014534598850101996,0.00033377602315109707,0.00016937728177557592,0.0,0.0016892329645377734,0.005796939779209317,0.01014541042128122,0.006744164396628775,0.0,0.0016616467580145271,0.005706053014446071,0.010065860597362154,0.006686722622509535,0.0,0.3499999999903036,0.0,0.00013329100026006092,0.3338634225650008,0.005796939779209317,0.012950453551135152,0.006768855360247298,0.0047036573843571,8.808649603048547e-08,1.0,0.003500485446424228,0.0036740064324824167,0.00013885407346268312,0.6407407407407408,0.5944444444444444,0.031860463952009754,0.5394246021860335,0.5315890263007317,0.006441535302845482,1,1,1,1
00_normal_p2l_v2:0021,00_normal_p2l_v2,24.189999999999984,24.589999999999982,-0.0020702864100745158,0.024300268014719285,0.05241041795788942,0.028212474419000943,0.0,-0.034328191924093816,0.33238394020060086,0.7004394319704894,0.38393934735396146,0.0,1.7841177186638216e-05,0.0001432714453048593,0.00027611640150874473,0.00016279995508128236,0.0,-0.00031148531133157187,0.005616311841710883,0.01014541042128122,0.00651410233692274,0.0,-0.00033091358268414134,0.005629031950657091,0.010065860597362154,0.006488484222401345,0.0,0.3499999999903025,0.0,0.0001370252162793862,0.352070286400377,0.005616311841710883,0.011813375939522912,0.005810439860486051,0.004395539464626846,8.168772298420015e-08,1.0,0.0035298940297489776,0.00385524171404462,0.00019650550976897403,0.6333333333333333,0.5944444444444444,0.03255258487267956,0.5349232915431554,0.5237143763329567,0.009678526299084628,1,1,1,1
00_normal_p2l_v2:0022,00_normal_p2l_v2,24.389999999999983,24.78999999999998,0.0012392556130941719,0.02967493889219196,0.07846305665981351,0.03799725636122939,0.0,0.009474418749149153,0.3914461672694722,1.0090339451968322,0.49378575597621704,0.0,2.0057312433602754e-06,0.0001522074429955085,0.0005241386847838412,0.00019392732882573483,0.0,0.0018337941152160976,0.0043586851638493344,0.012295464550871008,0.005628575282521046,0.0,0.0018648157843014098,0.004451500630289324,0.012618533393588439,0.005738958893289473,0.0,0.3499999999903025,0.0,0.0001535126337181328,0.34876074437720833,0.0043586851638493344,0.012951248217770998,0.006344260408229235,0.005081806332524357,8.353508470888383e-08,1.0,0.003634909417495745,0.003930579309442975,0.00027742672871270996,0.6361111111111111,0.5666666666666667,0.03977172517576767,0.5315983372111702,0.5237143763329567,0.006573052585678377,1,1,1,1
00_normal_p2l_v2:0023,00_normal_p2l_v2,24.589999999999982,24.98999999999998,0.01611276299928992,0.03960470818346476,0.07846305665981351,0.04234960695361999,0.0,0.20006936282944587,0.5166403149019408,1.0090339451968322,0.5512511097068301,0.0,-1.5043019765608226e-05,0.0001750703522975918,0.0005241386847838412,0.00021306420774296273,0.0,0.004386166017349344,0.005806781291011979,0.012295464550871008,0.005955830736658753,0.0,0.00436694595569075,0.005846016788343836,0.012618533393588439,0.006014052659221697,0.0,0.3499999999903025,0.0,0.00015124617591031082,0.33388723699101264,0.005806781291011979,0.014402491351223252,0.007750339838250349,0.005719409264070604,8.803248347976314e-08,1.0,0.003698155695367625,0.004076462046334413,0.0003379178277241506,0.6481481481481481,0.5666666666666667,0.0477548035489912,0.5340007038008927,0.528564032760929,0.004731820967312523,1,1,1,1
00_normal_p2l_v2:0024,00_normal_p2l_v2,24.78999999999998,25.18999999999998,0.015781261883498137,0.025277760814462053,0.05403875400394653,0.025558456656763054,0.0,0.19872342374986182,0.32953362392509106,0.7050525768843096,0.3349503030620972,0.0,-8.22190346185959e-05,0.00017430705903478992,0.0004953069516590432,0.00019844835914696864,0.0,0.004665454517749831,0.007568070519871124,0.009719221640170733,0.0064575769666376055,0.0,0.004662293933074238,0.007606975464261172,0.010020135178034812,0.006508201267435897,0.0,0.3499999999903025,0.0,0.00016368047369547204,0.3342187381068043,0.007568070519871124,0.01436511571888321,0.007009601855322257,0.004328898205145671,7.746892950626352e-08,1.0,0.0037585374163232785,0.004076462046334413,0.0002588996332468578,0.6666666666666666,0.6111111111111112,0.03409620859170733,0.5206564501497237,0.47938113707334373,0.019077064381077268,1,1,1,1
00_normal_p2l_v2:0025,00_normal_p2l_v2,24.98999999999998,25.38999999999998,0.007704384337870916,0.018250684130038764,0.029333460503737807,0.018408647285598684,0.0,0.094636741941807,0.23815320365220738,0.3757425255154589,0.24218393095124144,0.0,0.008716139896986943,0.008962204911205664,0.17588934991231864,0.03835264199862598,0.05,0.0037327639242188504,0.005726267315668405,0.009719221640170733,0.005415545887666849,0.0,0.0037833681701903168,0.005832204688105805,0.010020135178034812,0.005525989032045763,0.0,0.34479999999418975,0.008799999998727206,0.00016890384061803802,0.34229561565243155,0.005726267315668405,0.9101295628373355,0.896373081449966,0.004970130898415467,9.359473936559081e-08,1.0,0.00382179086542065,0.0043051057411695685,0.00026019371981523127,0.6638888888888889,0.6277777777777778,0.027731442836799878,0.5128930386877367,0.47938113707334373,0.01614158908915001,1,1,1,1
00_normal_p2l_v2:0026,00_normal_p2l_v2,25.18999999999998,25.58999999999998,-0.0023271283241300907,0.029272800949516967,0.07046148416238263,0.035785847808261585,0.0,-0.03204050761946385,0.3586849152697384,0.8378533686445502,0.42994678741989173,0.0,0.020304284798576138,0.02039255227788181,0.17588934991231864,0.03949934040804716,0.05,0.03580213694822148,0.03580213694822148,0.1779277457368037,0.06375149443189475,0.16666666666666666,0.02714527983649311,0.029417644351451347,0.15962950734243592,0.05935664015683873,0.16666666666666666,0.2797999999969336,0.11879999996076082,0.09591073446347169,0.2873271283178953,0.07751782833657732,1.0998960832634752,1.0547754170192356,0.015609165339822538,1.1445062699706235e-07,1.0,0.004056778470870986,0.004786671654308031,0.0004912722571303624,0.6277777777777778,0.5777777777777777,0.04031766862421711,0.5032854477498169,0.478231931104322,0.015018112607639768,1,1,1,1
00_normal_p2l_v2:0027,00_normal_p2l_v2,25.38999999999998,25.789999999999978,-0.02176137672039941,0.034247884613019954,0.07046148416238263,0.03522380204562175,0.0,-0.2721470380133697,0.41389351841213995,0.8378533686445502,0.41989260782406573,0.0,0.020520087323361358,0.020520087323361358,0.07670566772592921,0.012907264048182794,0.0,0.041248165026080925,0.04164984277226478,0.1779277457368037,0.06166072658153948,0.16666666666666666,0.023630715729442822,0.032179026396468115,0.15962950734243592,0.06130662743958415,0.16666666666666666,0.2199999999944091,0.21999999993225444,0.19684255551869684,0.24176137671552533,0.17875183490194516,0.6186054889476906,0.5905847129023529,0.006423401973425301,9.059019710416536e-08,1.0,0.004271372909440873,0.004786671654308031,0.0004045415576548057,0.5805555555555556,0.5611111111111111,0.018355766297776875,0.5033863369205681,0.478231931104322,0.015134952691907991,1,1,1,1
00_normal_p2l_v2:0028,00_normal_p2l_v2,25.58999999999998,25.989999999999977,-0.0104264148023136,0.0197926725976509,0.05408012106834509,0.024131143914998918,0.0,-0.12882220540351988,0.2465151114725963,0.6906810114595201,0.30396171521530035,0.0,0.01809554809457019,0.01809554809457019,0.018620351357122283,0.0003950411559585464,0.0,0.010656797770604543,0.01371981349979851,0.026143936361121972,0.012135279162658831,0.0,-0.007396031825212271,0.01084222125896262,0.026155911441476692,0.01191351766571707,0.0,0.21999999999312236,0.21999999993995764,0.2018983791311134,0.230426414795431,0.20934320216937874,0.04710859610144345,0.01016827780894616,0.005715854855962335,7.25560573685489e-08,1.0,0.004175608982783377,0.0044704444898246865,0.00023100520810199687,0.5638888888888888,0.5444444444444444,0.009487917375888522,0.5115426410564003,0.493987352809869,0.013189902584040486,1,1,1,1
00_normal_p2l_v2:0029,00_normal_p2l_v2,25.789999999999978,26.189999999999976,0.004489374411036233,0.022060493415048454,0.052713357012036666,0.026690591603628695,0.0,0.05448830497064427,0.27988122718160785,0.6761787666328908,0.3405024971383908,0.0,0.01825285234589021,0.01825285234589021,0.018748258766804138,0.00023923960853131768,0.0,0.01771840638860322,0.020379744371613332,0.03707796390912771,0.015166617399810579,0.0,-0.0005949905180287762,0.01269412609563153,0.026155911441476692,0.015138815256829058,0.0,0.21999999999327002,0.21999999993920044,0.20174949890681537,0.21551062558222933,0.20228159355062,0.044198975154263215,0.009985351244498607,0.007021194511368442,7.029588765760932e-08,1.0,0.004046281617315259,0.00423518170562008,0.00014678917207885803,0.5574074074074074,0.5444444444444444,0.009442628728875519,0.5038925221386688,0.493987352809869,0.011894751388176816,1,1,1,1
00_normal_p2l_v2:0030,00_normal_p2l_v2,25.989999999999977,26.389999999999976,-0.010844547072504679,0.02802815710325206,0.052713357012036666,0.029609482993606582,0.0,-0.13933342485944497,0.3560100509426207,0.6761787666328908,0.3767004897478419,0.0,0.01829443813860414,0.01829443813860414,0.018748258766804138,0.00020092103120116818,0.0,0.021529454153444982,0.021529454153444982,0.03707796390912771,0.01221514999545005,0.0,0.003183253203528085,0.011331757157738731,0.018770325748466737,0.012255791525690757,0.0,0.2199999999933855,0.21999999993860833,0.20171843278183627,0.23084454706588867,0.19847054578517098,0.04682239115086093,0.010623394709634465,0.006932404729841291,6.297715585325229e-08,1.0,0.00396637683409794,0.004413123312553815,0.00028677788683867725,0.549074074074074,0.5388888888888889,0.005928818738363774,0.4956199864978726,0.46775235724066383,0.01264864945935281,1,1,1,1
00_normal_p2l_v2:0031,00_normal_p2l_v2,26.189999999999976,26.589999999999975,-0.0213679471361289,0.0213679471361289,0.042131562494777286,0.01491547622143641,0.0,-0.2761472404674637,0.2761472404674637,0.5666462565254394,0.19721066637846768,0.0,0.0004130314330897639,0.021513373719487833,0.1749862154272777,0.0418764883495799,0.05,-0.036160438483083875,0.05278592245420905,0.2607404221293751,0.1009861798082321,0.16666666666666666,-0.04575012466659275,0.04901228253890819,0.24540044355757135,0.08965031035099981,0.16666666666666666,0.21999999999298692,0.21559999992292736,0.2008360040533584,0.24136794712871246,0.18079421822353856,0.6502930793932346,0.6215351449498733,0.006727426385681717,6.540514898877571e-08,1.0,0.0038456527541360936,0.004413123312553815,0.0003180089908297041,0.5583333333333333,0.5388888888888889,0.02882293040050627,0.5041928606961028,0.46775235724066383,0.02258688315163903,1,0,1,1
00_normal_p2l_v2:0032,00_normal_p2l_v2,26.389999999999976,26.789999999999974,-0.0056386480142909855,0.016982045978045205,0.042131562494777286,0.020939558396105146,0.0,-0.0739451645360952,0.22369326134401737,0.5666462565254394,0.27788494962167065,0.0,-0.008758472680806878,0.012442293415769334,0.1749862154272777,0.038859779893391684,0.05,-0.04834462044129199,0.050733678260966385,0.2607404221293751,0.09531004241375683,0.16666666666666666,-0.04876893325945042,0.049297025368747804,0.24540044355757135,0.08814028034140918,0.16666666666666666,0.21999999999249842,0.21559999992634338,0.20996678849505673,0.22563864800637123,0.18333370585699219,0.6502759650128098,0.6215010685794445,0.0051493868692493484,7.622893153798632e-08,1.0,0.0037906259400356454,0.004061043985708801,0.00022555291865358223,0.5527777777777777,0.5277777777777778,0.03219507157539576,0.4891298804954441,0.4350741767511066,0.03498789641370389,1,0,1,1
00_normal_p2l_v2:0033,00_normal_p2l_v2,26.589999999999975,26.989999999999974,0.012042720792484043,0.016115196171359644,0.028926731158840452,0.013531993965978473,0.0,0.14077810264752177,0.1918311946461433,0.29489725449094345,0.15651532776138946,0.0,-1.8260148934998165e-05,0.00014942735597518741,0.00030793844951082505,0.0001719382376860283,0.0,-0.00369289968842193,0.01152059677113034,0.02202136093796825,0.013419513852225666,0.0,-0.0037057402200413266,0.011553869381073403,0.021960111155204104,0.01341981814993303,0.0,0.21999999999251507,0.21999999994452954,0.22000169537139241,0.20795727920001625,0.21630710025624425,0.04995065446134955,0.007621086630320957,0.005784449625279676,9.370695075190171e-08,1.0,0.004279360587952968,0.00556979811241237,0.0006590719410430599,0.5462962962962963,0.5277777777777778,0.015603981061437691,0.44010832203784395,0.39020639662638024,0.028349429566316642,1,1,1,1
00_normal_p2l_v2:0034,00_normal_p2l_v2,26.789999999999974,27.189999999999973,0.01604467482752087,0.02119456357616227,0.03603828027522102,0.017377360348512866,0.0,0.17202849898532538,0.23653601755896847,0.3983693756224161,0.19540530191492214,0.0,1.7629007287227327e-05,0.00018307422034448268,0.0004343350871516827,0.00021639273277750427,0.0,0.0012197259577614121,0.011190325262271547,0.02202136093796825,0.013119709692403569,0.0,0.0011722835851697467,0.011129062973329029,0.021960111155204104,0.013076054535925976,0.0,0.21999999999258502,0.2199999999432599,0.22004017837882053,0.20395532516504766,0.22121972590116654,0.05072574162875556,0.00899935083802569,0.004609061598233311,8.315451388363983e-08,1.0,0.004707557910639441,0.00556979811241237,0.0005293551006585507,0.5574074074074074,0.5444444444444444,0.013094570021973092,0.41226385542714716,0.39020639662638024,0.02051017330471986,1,1,1,1
00_normal_p2l_v2:0035,00_normal_p2l_v2,26.989999999999974,27.389999999999972,0.0027431161062486434,0.02607918211738229,0.061244127799702786,0.03247047560575619,0.0,0.02240382319932685,0.30718028251991103,0.7414796372044612,0.3848034392205644,0.0,3.7901807466032834e-05,0.00014986654882797186,0.0004343350871516827,0.0001899289158879743,0.0,-0.010252624564223748,0.015322222138267292,0.025830322458011562,0.01369429287135837,0.0,-0.010272051035413796,0.01525336054217787,0.025809115145989797,0.013639711855434822,0.0,0.21999999999268383,0.2199999999422066,0.2200537681500999,0.21725688388640874,0.20974737537811858,0.049999499478981996,0.009829732669445475,0.006170311091112008,7.661988801843726e-08,1.0,0.004352963071064406,0.004981426816384964,0.0004948143178203324,0.5499999999999999,0.5388888888888889,0.012830005981991677,0.401771809172204,0.38066821126792305,0.014876251593845907,1,1,1,1
00_normal_p2l_v2:0036,00_normal_p2l_v2,27.189999999999973,27.58999999999997,-0.023487252843097935,0.0389194569879344,0.14288662248840225,0.055873690939216146,0.14285714285714285,-0.27876189528803336,0.46464718285082857,1.676574427629585,0.6592096793950363,0.0,0.01692645589367841,0.01704894466695031,0.20918000781417959,0.05232890752871636,0.1,0.014737003378688492,0.03938978576490581,0.18944376200258004,0.07173533734535167,0.14285714285714285,0.0017745487096180324,0.026471247600661052,0.0988602870859768,0.040368075072166165,0.0,0.165000000000729,0.1649999999606005,0.18394648158988036,0.18063010998721896,0.1725904055951603,1.8738498926569553,1.7631004033992577,0.006417910692579087,1.5506859992920386e-05,1.0,0.004142999231252342,0.00455512772323403,0.0004797826131483813,0.5563492063492063,0.5277777777777778,0.0432812641410666,0.3994557004437436,0.38066821126792305,0.010327943215743051,1,1,1,1
00_normal_p2l_v2:0037,00_normal_p2l_v2,27.389999999999972,27.78999999999997,-0.013696425308348565,0.03257814835152021,0.14288662248840225,0.0544708956202691,0.14285714285714285,-0.15432919355016692,0.3947575208891912,1.676574427629585,0.6447297462272493,0.0,0.01688683091793972,0.0170827559989428,0.20918000781417959,0.05234186031715974,0.1,0.026465727704053622,0.03338781915378432,0.18944376200258004,0.06697837655636918,0.14285714285714285,0.013502790134989682,0.020432424701495956,0.0988602870859768,0.035680800336027246,0.0,0.05500000000435046,0.05499999998968509,0.0739972002827122,0.08720101177109225,0.09003341565969684,1.8735875124262418,1.7683401855875274,0.011601301298585182,1.5499034501067505e-05,1.0,0.003998223377110758,0.00455512772323403,0.0005051383043787231,0.6039682539682539,0.5277777777777778,0.0614861712642748,0.401634215089245,0.39236036620733195,0.005384387752077172,1,1,1,1
00_normal_p2l_v2:0038,00_normal_p2l_v2,27.58999999999997,27.98999999999997,0.0023784564511248104,0.02014743835068486,0.031741139045546145,0.021867754810598744,0.0,0.03286799511097652,0.2650421836803239,0.4084068245297461,0.2862474927746026,0.0,-2.9448833598801826e-05,0.00014219279168137483,0.0004148681243583742,0.00019410610365926408,0.0,0.0029664436199594696,0.005946626808775466,0.011279656283199949,0.005785509217320279,0.0,0.002954761406585305,0.005915359910422729,0.011303120040283679,0.005769875366503947,0.0,0.0,0.0,0.00013219884603419394,0.02014743835068486,0.005946626808775466,0.015675858827755396,0.006899230600071413,0.005302262518269134,7.431014508780104e-08,1.0,0.003761062857714244,0.003927031780198578,0.00016524242668209213,0.6574074074074073,0.6444444444444445,0.0061418977599173846,0.40426578295858623,0.39983558122827006,0.0030225406473443203,1,1,1,1
00_normal_p2l_v2:0039,00_normal_p2l_v2,27.78999999999997,28.18999999999997,-0.010500024279427367,0.02060390154647539,0.031741139045546145,0.02030697711164117,0.0,-0.13678715895611934,0.2671830016811323,0.4084068245297461,0.261390706362517,0.0,-0.00011040561586819304,0.0001466450838712469,0.00036862545418007113,0.00014822635914733012,0.0,-0.0008244635047086325,0.003656097325712256,0.00669555928635207,0.004162159305229247,0.0,-0.0007637903433207674,0.0036634537236543575,0.006697399109301178,0.00415719667590523,0.0,0.0,0.0,0.0001267502450346519,0.02060390154647539,0.003656097325712256,0.014341994910839241,0.006736866132952846,0.0064114378559705365,8.562701906688039e-08,1.0,0.003827919283777185,0.004000166553403991,0.00013311747412693433,0.6583333333333333,0.6555555555555556,0.002777777777777768,0.4034455970106004,0.39566560389919764,0.0038762881292797456,1,1,1,1
00_normal_p2l_v2:0040,00_normal_p2l_v2,27.98999999999997,28.38999999999997,0.04772815104265441,0.06331453718551792,0.19993345735603726,0.07900929272221349,0.3333333333333333,0.6147954286239172,0.8159095105850089,2.5225467369050687,1.0075565736083263,0.0,0.002174832311998927,0.002422313791754131,0.02307759171891101,0.006055074391701361,0.0,0.0008002319691072381,0.003157686865129164,0.008071631657038484,0.003973465031608774,0.0,0.00011697116012368803,0.003996631414651247,0.00801234031822183,0.0049047643343386365,0.0,0.05999999998825167,1.2297855042001731e-12,0.002122052792066636,0.05350923493582893,0.003157686868621147,2.024733171704931,1.8629649653150133,0.006188838363385608,7.634255068469656e-08,1.0,0.0038706564590707693,0.004071534605432422,0.00018787290719021938,0.6527777777777778,0.6277777777777778,0.01145307118227128,0.40180504809367723,0.39424179698506945,0.005247014039148096,0,1,1,1
00_normal_p2l_v2:0041,00_normal_p2l_v2,28.18999999999997,28.589999999999968,0.04851427771240407,0.08263803337264494,0.19993345735603726,0.08856631204658603,0.5,0.638381497718442,1.066539415953998,2.5225467369050687,1.124571881919723,0.0,0.002382987454741998,0.0024635482709363986,0.02307759171891101,0.005978356855855241,0.0,0.0014373360067811826,0.0062276907313091,0.011799832410332656,0.007186691444028458,0.0,0.0005813685581893047,0.007008591293685855,0.012042624132320072,0.007816075486319664,0.0,0.20999999998390528,1.1705736095534982e-11,0.0022074442705736766,0.20272310826173287,0.006227690738293069,2.024732196276687,1.863069782433953,0.005950121732062446,6.588682296332152e-08,1.0,0.003887214304613779,0.004124548304412977,0.00024260155659160896,0.6296296296296297,0.5777777777777777,0.02696336996029823,0.39456426612865175,0.38252156269648974,0.008706523083534864,0,1,1,1
00_normal_p2l_v2:0042,00_normal_p2l_v2,28.38999999999997,28.789999999999967,-0.01050023836878436,0.034218881755272074,0.0841526607240316,0.04371251942764784,0.16666666666666666,-0.12172403721057252,0.4455200832257309,1.0514652121504355,0.5677288558033006,0.0,0.00023197327515475947,0.00023834286667083517,0.0005584635990002108,0.00014175966057286402,0.0,9.416953876222645e-05,0.005416558487422382,0.011799832410332656,0.006698521146606815,0.0,-0.00013942974788630434,0.005398365130137257,0.012042624132320072,0.006696804122412582,0.0,0.2999999999913072,2.0951901182669614e-11,0.0002689612078223916,0.3105002383600916,0.005416558487422382,0.014376969509796255,0.006383977565307996,0.004878953764097341,7.838988746764254e-08,1.0,0.0037195253506968028,0.004124548304412977,0.0003460011068022421,0.625,0.5777777777777777,0.023295825232239137,0.38839267641479314,0.38252156269648974,0.005611036773982207,1,1,1,1
00_normal_p2l_v2:0043,00_normal_p2l_v2,28.589999999999968,28.989999999999966,0.003809270130846578,0.01732021448808793,0.04450429227855762,0.02275985856762836,0.0,0.05080940633611627,0.2268693230461595,0.5719426295367384,0.29516398306177494,0.0,0.00021732011542759314,0.0002384406496300097,0.00044071587767421954,0.00015217780704815593,0.0,0.0007848163799564078,0.004008572324031646,0.009558335642775875,0.004868014921991367,0.0,0.0005591897669675158,0.003940167392849252,0.009275738596346733,0.004806615144458894,0.0,0.2999999999913072,2.0951901182669614e-11,0.00023403920640289216,0.29619072986046063,0.004008572324031647,0.01343714543802865,0.00620615030683556,0.004926431760323433,7.402134255982723e-08,1.0,0.0036728102321485407,0.0040244775195342085,0.00034008051537267177,0.6407407407407407,0.6277777777777778,0.009972527420619468,0.39162039103307017,0.3844208646588642,0.005262672557799648,1,1,1,1
00_normal_p2l_v2:0044,00_normal_p2l_v2,28.789999999999967,29.189999999999966,0.017355543821324555,0.024523554950353393,0.06428835222553808,0.02795152583819098,0.0,0.2282391605590042,0.3201366209275424,0.8500669541190494,0.36549477931582247,0.0,0.00020864917480478015,0.00023257875411051283,0.000551999778573576,0.0001876524415514728,0.0,0.0034874689190228067,0.006321773730586723,0.010101638934659027,0.00625049433544831,0.0,0.0032817946739057934,0.006213911640080546,0.009912947267859875,0.0062293808936499185,0.0,0.2999999999913072,2.0951901182669614e-11,0.00024477392902185824,0.28264445616998274,0.0063217737375706904,0.014008393037158107,0.006999180478754515,0.004894000776886998,6.846085422522085e-08,1.0,0.0038440279486781897,0.004065366211189897,0.00022603655363349087,0.6453703703703703,0.6333333333333333,0.006740842490074563,0.3956820278734133,0.39113437257257483,0.0048643545454055415,1,1,1,1
00_normal_p2l_v2:0045,00_normal_p2l_v2,28.989999999999966,29.389999999999965,0.01850617682223454,0.027921713314116484,0.06428835222553808,0.032137398931658616,0.0,0.24422326391577934,0.3702276264886415,0.8500669541190494,0.4280379861760381,0.0,0.00018573305078847167,0.00023988151210795836,0.000551999778573576,0.0002261556080779797,0.0,0.0037574114676257857,0.0054524583572731185,0.010101638934659027,0.0050480009478244495,0.0,0.0034096626512704364,0.005409786295504595,0.009912947267859875,0.005144214194170768,0.0,0.2999999999913072,2.0951901182669614e-11,0.0002857369365587196,0.2814938231690727,0.005452458364257087,0.015332264503188265,0.006986535452914542,0.004916626904893752,7.827537539502542e-08,1.0,0.003788521832944742,0.004065366211189897,0.00018605145975120573,0.6472222222222223,0.6388888888888888,0.006211299937499418,0.3877356449502356,0.3727658803674333,0.010046856103230967,1,1,1,1
00_normal_p2l_v2:0046,00_normal_p2l_v2,29.189999999999966,29.589999999999964,0.0204362097403908,0.027107928290445813,0.06000305636614153,0.02692173389738415,0.0,0.2664682264483372,0.357966747665925,0.8019842069366336,0.358653385380532,0.0,0.00019004133729570916,0.0002553931723624185,0.0004711143260997859,0.00021721914292425915,0.0,0.004697052360636704,0.00539243890424609,0.010944608184147076,0.0045174689760527275,0.0,0.004330584200932532,0.005255981670956803,0.010903212344705667,0.004653623599823542,0.0,0.2999999999913072,2.0951901182669614e-11,0.0003025133590676095,0.27956379025091643,0.005392438918214024,0.013358759937540798,0.005485777191901794,0.00424346742044785,7.970299597978762e-08,1.0,0.003732430127371627,0.004023168394186124,0.00017913812650625512,0.6462962962962963,0.6388888888888888,0.008881169487616162,0.3752941822029165,0.368888388338224,0.005408039019376115,1,1,1,1
00_normal_p2l_v2:0047,00_normal_p2l_v2,29.389999999999965,29.789999999999964,0.013956091071816881,0.02102265166094248,0.042388436182517475,0.021484501481440234,0.0,0.18370606398110204,0.27545420270284704,0.5590719129471837,0.28131091193910207,0.0,0.00018785430847689777,0.00020252837717714598,0.0004226685839559513,0.00014894550057575998,0.0,0.002092775190677796,0.007200644627587109,0.010944608184147076,0.007528416524800956,0.0,0.0019664534425399565,0.007052285745439025,0.010903212344705667,0.007438557197990454,0.0,0.2999999999913072,2.0951901182669614e-11,0.0002351376410300456,0.2860439089194904,0.007200644634571076,0.013354162451843512,0.004968586684785485,0.0037138875476902837,8.593788957753032e-08,1.0,0.003831498475618034,0.004269373467369078,0.0002451604826275948,0.6499999999999999,0.6388888888888888,0.011111111111111127,0.3677614663512738,0.3629058458882181,0.0041466753545127775,1,1,1,1
00_normal_p2l_v2:0048,00_normal_p2l_v2,29.589999999999964,29.989999999999963,0.022521365185369218,0.02807931248071871,0.046643868082760165,0.022534977820372965,0.0,0.30488815242902884,0.3762183866468057,0.6297519115731591,0.3017847151966939,0.0,0.00019700373414881364,0.00019700373414881364,0.000541863236260416,0.00014498415678832057,0.0,0.0010275400261176599,0.006135409463026972,0.009097804467742436,0.006390657695334249,0.0,0.0008951910516092593,0.005981023354508328,0.009053871831952135,0.006260482904813977,0.0,0.2999999999913072,2.0951901182669614e-11,0.00021544006548724205,0.27747863480593804,0.00613540947001094,0.013981177080729126,0.006017675850055659,0.004328118083985152,1.0426820094914206e-07,1.0,0.003762706608166997,0.004269373467369078,0.00026784077144133733,0.6564814814814814,0.6388888888888888,0.009305440389926752,0.35950323683023827,0.34619211770439406,0.0065399601062706494,1,1,1,1
00_normal_p2l_v2:0049,00_normal_p2l_v2,29.789999999999964,30.189999999999962,0.0233238983506385,0.02824590499050934,0.046643868082760165,0.02241033279906754,0.0,0.3132487058767676,0.37858686327434105,0.6297519115731591,0.30117474888888,0.0,0.0002382565836138592,0.00024515093713741614,0.000702541598433552,0.00017685468383111432,0.0,0.0014235547273155579,0.004885073900794187,0.010384557520435886,0.005691344316731684,0.0,0.0012039922353349298,0.004755831744908348,0.010655518528720254,0.005695437352322511,0.0,0.2999999999913072,2.0951901182669614e-11,0.00027923209972178213,0.2766761016406687,0.004885073914762121,0.0147504968076359,0.006494222771451244,0.00439863630560886,8.456700686940923e-08,1.0,0.0035987580215406305,0.0039018584023344334,0.00021975742271451829,0.6574074074074073,0.6388888888888888,0.012695656667409353,0.3557283558887705,0.34619211770439406,0.0066686390493545895,1,1,1,1
00_normal_p2l_v2:0050,00_normal_p2l_v2,29.989999999999963,30.38999999999996,0.00340340223766733,0.018853876201925968,0.03535287782584223,0.023178930237971185,0.0,0.04271011192546168,0.25430944538623607,0.4721744037546929,0.3135249368668814,0.0,0.00021408003342469802,0.0002519781306307262,0.0007795786278682661,0.0002616248635082708,0.0,-0.0002936100674591599,0.004817081729436326,0.010384557520435886,0.005727442309679416,0.0,-0.0005591568413950564,0.004849396337461685,0.010655518528720254,0.005835956982313505,0.0,0.2999999999913072,2.0951901182669614e-11,0.00028755419313367635,0.2965965977536399,0.004817081736420294,0.014674721602394017,0.006303054306247578,0.0037106543540019908,7.31547972292253e-08,1.0,0.003634389400185643,0.004118592127016124,0.0002869166850984578,0.6564814814814816,0.6388888888888888,0.015186314321163668,0.35617404758714466,0.342380915925921,0.008451887179818644,1,1,1,1
00_normal_p2l_v2:0051,00_normal_p2l_v2,30.189999999999962,30.58999999999996,0.010830377123743564,0.021358844448131364,0.03598009549846998,0.023637618115179386,0.0,0.13713470638696268,0.2833958824501636,0.47351214644130313,0.3175928740605473,0.0,0.00024422217901626253,0.0002752259226987338,0.0007795786278682661,0.00023653734034688665,0.0,-0.0011099144979402904,0.00521209191336772,0.012906471185542069,0.006394876081658534,0.0,-0.0014066667643571078,0.0053058182737217435,0.013309475691245791,0.006510110106347594,0.0,0.2999999999913072,2.0951901182669614e-11,0.0002737027087015985,0.2891696228675637,0.00521209191336772,0.013189717701465027,0.006060456777066631,0.0040797814175273575,8.231242541518753e-08,1.0,0.0037224118034764344,0.004124862029040334,0.0003311621091237604,0.6666666666666669,0.6388888888888888,0.013608276348795469,0.3561198967276171,0.342380915925921,0.007640202711270285,1,1,1,1
00_normal_p2l_v2:0052,00_normal_p2l_v2,30.38999999999996,30.78999999999996,0.009066051778687042,0.023661846138594234,0.03696890686206128,0.02630416284148029,0.0,0.10862750523951104,0.30430581894814407,0.4873385669100071,0.34139255159476195,0.0,0.0002763042307360701,0.0002886901541283776,0.0004906352031137495,0.00014531234721136446,0.0,-0.0023879842169989775,0.003636503706853648,0.012906471185542069,0.005016736693514385,0.0,-0.0026360433933183725,0.003714964271436715,0.013309475691245791,0.0050759277945369935,0.0,0.29999999999123617,2.0587520292536236e-11,0.0002954823388208407,0.29093394821255353,0.0036365036999076363,0.01401669444433144,0.006193113043159988,0.003982069834039393,7.800711083627566e-08,1.0,0.0038193073299162203,0.004311620774849526,0.00034032930948679334,0.6777777777777779,0.6722222222222223,0.004536092116265128,0.3613272667044945,0.35096719739995136,0.008184544619764873,1,1,1,1
00_normal_p2l_v2:0053,00_normal_p2l_v2,30.58999999999996,30.98999999999996,0.004988966156407972,0.02720180539400575,0.04334436009984338,0.029574366198374887,0.0,0.0626602689685179,0.35614036708670566,0.5827166960488421,0.3876816190603134,0.0,0.0002583450269174294,0.0002707309503097369,0.0005117463564717511,0.0001673574279687661,0.0,0.00010348325610144212,0.0029171064516939943,0.008071680438713667,0.003960172075849835,0.0,-0.00011892685437341587,0.0030514054507481247,0.008057913959372925,0.004041346218622403,0.0,0.29999999999114735,2.0132044179869506e-11,0.0002566302493532763,0.2950110338347438,0.0029171064448998093,0.015637824126386105,0.007528227551428194,0.004922054657267535,7.682641596116992e-08,1.0,0.003799547558029319,0.004311620774849526,0.00027581730363826083,0.6833333333333335,0.6722222222222223,0.007172191381865561,0.3705908100730226,0.3561380811955067,0.009283804499165408,1,1,1,1
00_normal_p2l_v2:0054,00_normal_p2l_v2,30.78999999999996,31.18999999999996,0.002319369528108415,0.020772813278341472,0.04334436009984338,0.025048981712873973,0.0,0.03495134541479935,0.27537976202262043,0.5827166960488421,0.33265261042767386,0.0,0.00029767079425387945,0.00029767079425387945,0.0005266696226213878,0.00014630386825377188,0.0,0.0008616594259429171,0.0034897714745203965,0.008071680438713667,0.004298376508969626,0.0,0.0005785695672130837,0.0036722557003177163,0.008057913959372925,0.004394135362448263,0.0,0.2999999999911296,2.0040948957336164e-11,0.00025646947985741075,0.2976806304630212,0.00348977146784008,0.015284189316947831,0.008137567134793458,0.004234418122424277,7.516860630520453e-08,1.0,0.003765193673991186,0.003972757733025429,0.00017484083251897674,0.6925925925925926,0.6777777777777778,0.00828173324999922,0.37850392287270324,0.36573673901909753,0.008488036360605236,1,1,1,1
00_normal_p2l_v2:0055,00_normal_p2l_v2,30.98999999999996,31.389999999999958,0.0005495565865460498,0.018731345399475397,0.03250919661762741,0.02161480511273465,0.0,0.002203282647964794,0.24637666802770344,0.4278798965947992,0.2844150974847865,0.0,0.00025603022750130634,0.00025773400484291667,0.0005919172115892089,0.00016459021895552336,0.0,0.00016713096892207198,0.0020628005386512382,0.004982612262676273,0.0025301437242159453,0.0,-0.0001302718535612432,0.0021990833230174692,0.004694561843219476,0.002555000903465981,0.0,0.2999999999911296,2.0040948957336164e-11,0.00026902158186817456,0.29945044340458354,0.002062800531970922,0.013370692071373522,0.0065167722399581355,0.003355475230964601,7.005738243449274e-08,1.0,0.0037984728353483654,0.003972757733025429,0.00017422831370864702,0.7037037037037037,0.6944444444444444,0.009442628728875538,0.39645504779169416,0.3725511027834248,0.018856893417665905,1,1,1,1
00_normal_p2l_v2:0056,00_normal_p2l_v2,31.18999999999996,31.589999999999957,0.002557911042534796,0.03654618114000056,0.07992864047123666,0.04565978354679785,0.0,0.032128173951459886,0.4771500110668339,1.0304252518017054,0.5934602808728339,0.0,0.00020226563036042388,0.00020596378239263032,0.0006331772362889234,0.00018512576322439264,0.0,-0.0007895452992071022,0.003103252506407308,0.00523393936155696,0.003566906597056685,0.0,-0.0009693178288134992,0.003153739015046558,0.005041390993549975,0.003522234389628961,0.0,0.2999999999911296,2.0040948957336164e-11,0.00022926406646995779,0.29744208894859475,0.003103252499726992,0.013643005276518703,0.006293571472796903,0.00399374841473876,7.604682546886639e-08,1.0,0.003732767203913537,0.003969629330548472,0.00021527790614348576,0.7166666666666667,0.6722222222222223,0.02796234976026202,0.41665450404975907,0.3883462171941954,0.01710942059957346,1,1,1,1
00_normal_p2l_v2:0057,00_normal_p2l_v2,31.389999999999958,31.789999999999957,0.02362389033492679,0.050266770492005675,0.07992864047123666,0.05409067728162159,0.0,0.30787298608417196,0.6513480700180737,1.0304252518017054,0.7024598455266804,0.0,0.00021720235095395215,0.00023420877524391327,0.0006331772362889234,0.00018410852542604454,0.0,0.0011944593558969048,0.0047370379185270465,0.007829184111993931,0.00498129385356036,0.0,0.0009635718452814749,0.00468163316860708,0.007551144506355356,0.004907802667056217,0.0,0.2999999999911296,2.0040948957336164e-11,0.0002556836511616278,0.2763761096562028,0.0047370379185270465,0.01418716116142828,0.006780318245511895,0.004054650094041584,7.166672763233219e-08,1.0,0.0038850893098445714,0.004422898800770201,0.0003017505023862519,0.7444444444444445,0.6722222222222223,0.03348729874078726,0.42623989922153244,0.40030315196988725,0.014136960510400766,1,1,1,1
00_normal_p2l_v2:0058,00_normal_p2l_v2,31.589999999999957,31.989999999999956,0.027675289478665165,0.034242632954864766,0.07562982384965491,0.03264966701536875,0.0,0.36101561947635,0.4469299400482081,1.0031555595866408,0.4268579133971376,0.0,0.00020238508891405447,0.00021739713851341952,0.0003952972634722428,0.0001480350612067931,0.0,0.0025182180331599913,0.0040287615462560634,0.007829184111993931,0.0038504780357926766,0.0,0.002253524574609098,0.003963108866556681,0.007551144506355356,0.0038378785483851098,0.0,0.2999999999911296,2.0040948957336164e-11,0.00022410493581011775,0.27232471051246443,0.00402876155293638,0.013173754787789642,0.005762360632805048,0.004039086476471202,7.819964103930864e-08,1.0,0.0038468971595676193,0.004422898800770201,0.0003794506640038653,0.7638888888888888,0.7555555555555555,0.0069905874400655365,0.43179030671871016,0.4182022005356487,0.008223088514640695,1,1,1,1
00_normal_p2l_v2:0059,00_normal_p2l_v2,31.789999999999957,32.189999999999955,0.013835555152808382,0.020402898629007984,0.060637553407624695,0.02425873567511577,0.0,0.17813804126242883,0.2640523618342869,0.7672578408647034,0.31069047326476656,0.0,0.0019592334383102786,0.0019592830941586575,0.03541713457421074,0.007677526365170107,0.0,0.001484166023432298,0.004281038335217358,0.010215226799415698,0.004935315528826319,0.0,0.0013076177744803874,0.004349649332943758,0.010216125046890788,0.005004798685189377,0.0,0.29939999999230027,0.0017500000163513853,0.00019428586944398346,0.2861644448383212,0.004281038335217358,1.0887998414081324,1.0730597315299595,0.004110859859019801,6.035259535747126e-06,1.0,0.003940229858844518,0.0044702177128418405,0.00040665498456114534,0.7685185185185185,0.7555555555555555,0.012695656667409336,0.44099276972854823,0.42906661457110534,0.008021835683995324,1,1,1,1
00_normal_p2l_v2:0060,00_normal_p2l_v2,31.989999999999956,32.38999999999996,-0.0012416403821938528,0.03238955978406469,0.09187877546205042,0.046194986592303436,0.16666666666666666,-0.03609489343086861,0.4170345773045217,1.248374152131992,0.6095728313000668,0.0,0.02421931552230275,0.02421936517815113,0.2195901270230422,0.046685406291484675,0.05,0.06930467855444263,0.07097031469093011,0.3184914841273774,0.1132700447487545,0.16666666666666666,0.040524693838320296,0.0423629106369377,0.1951010897343641,0.06984670247867632,0.16666666666666666,0.23939999999605055,0.17674999996043234,0.14793314556479864,0.24124164037882456,0.10910039698584155,1.3271961713954121,1.2635537105654049,0.016690836349400627,6.026678576970863e-06,1.0,0.004229525361273532,0.004876420829296433,0.00039906791475217946,0.762962962962963,0.7444444444444445,0.01593023197600485,0.45386791030609897,0.4451216558988385,0.009080782284335552,1,1,1,1
00_normal_p2l_v2:0061,00_normal_p2l_v2,32.189999999999955,32.589999999999954,-0.013234303310158152,0.03184273654687844,0.09187877546205042,0.04031903345137621,0.16666666666666666,-0.18451228383815166,0.3992295495795453,1.248374152131992,0.5269624344930899,0.0,0.032257695232001726,0.032257695232001726,0.2195901270230422,0.04311810148020461,0.05,0.08553945333174,0.08553945333174,0.3184914841273774,0.10486652705196052,0.16666666666666666,0.046966171463799354,0.046966171463799354,0.1951010897343641,0.06714921492903608,0.16666666666666666,0.1799999999960855,0.3499999999231084,0.31287513224964114,0.19323430330799451,0.26446054658108603,0.7603949747155789,0.714724706680977,0.011913246136417532,8.402628913510108e-08,1.0,0.00441997993200656,0.004876420829296433,0.0004395663068894225,0.7564814814814814,0.7444444444444445,0.009305440389926749,0.4678583321450877,0.44725369678369414,0.014783178513686008,1,1,1,1
00_normal_p2l_v2:0062,00_normal_p2l_v2,32.38999999999996,32.78999999999996,-0.0011985481369652014,0.016285912964742716,0.03433751907233415,0.01845198861886318,0.0,-0.01360117522612495,0.18939529822268955,0.39183708804692,0.2133975321941551,0.0,0.02354507883021372,0.02354507883021372,0.030681432132039832,0.00433021054354253,0.0,0.03177286392305243,0.03177286392305243,0.05534039037466937,0.011101110968090064,0.0,0.008667703060447582,0.009960122643715838,0.03511049223773416,0.012433390001019125,0.0,0.17999999999359417,0.34999999993774056,0.3265058646822381,0.18119854813055639,0.3182271360147033,0.06814456221814166,0.013711541126374545,0.008737098416563789,7.987831015156917e-08,1.0,0.00458790198955738,0.00481990781357278,0.00027406281872625877,0.762037037037037,0.75,0.006740842490074571,0.4628928255883096,0.440677293820988,0.01725717742904976,1,1,1,1
00_normal_p2l_v2:0063,00_normal_p2l_v2,32.589999999999954,32.98999999999995,-0.004544560599555945,0.01727943607159596,0.0452840614660078,0.02194829968919513,0.0,-0.05802427056275147,0.19812273158359428,0.5266678635210272,0.2505665835316375,0.0,0.028994827982389067,0.028994827982389067,0.030960373685582576,0.0027530437362326228,0.0,0.031241500777865167,0.031241500777865167,0.04219227812250126,0.005138468715218355,0.0,0.0026063317553467378,0.005326975439821718,0.011266784876928004,0.005638073198730324,0.0,0.17999999999386174,0.34999999993636854,0.3210649758405421,0.18454456059338567,0.3187584991586675,0.06703277456589392,0.01257285436272834,0.006348831633389597,6.232802410750802e-08,1.0,0.004647344215445022,0.005128000293663265,0.0003345812371980728,0.7574074074074074,0.7388888888888889,0.008881169487616134,0.46792805432821666,0.440677293820988,0.02005991276330503,1,1,1,1
00_normal_p2l_v2:0064,00_normal_p2l_v2,32.78999999999995,33.18999999999995,-0.010556842992430029,0.018828489240190382,0.0452840614660078,0.021568845376463967,0.0,-0.12625117347201784,0.21577608404485807,0.5266678635210272,0.2464750134623185,0.0,0.030773653227397123,0.030773653227397123,0.031045487826721396,0.00016690624248438422,0.0,0.030295478624403283,0.030295478624403283,0.04219227812250126,0.007816489056303073,0.0,-0.0004507376645681109,0.005789967712633691,0.01443744382798523,0.007756928313593072,0.0,0.17999999999416372,0.34999999993481995,0.31921400890554114,0.19055684298656472,0.3197045213105656,0.06295449973104125,0.008900630569387467,0.004798571085161386,7.680138560177521e-08,1.0,0.004752478551161322,0.005128000293663265,0.0002719935760036445,0.7592592592592592,0.7388888888888889,0.0130945700219731,0.4995120521055851,0.47599547079007454,0.015584617422060252,1,1,1,1
00_normal_p2l_v2:0065,00_normal_p2l_v2,32.98999999999995,33.38999999999995,-0.020001167402450767,0.020001167402450767,0.0446688333334119,0.01284644671009423,0.0,-0.21932056114476325,0.21932056114476325,0.4640347401329384,0.13462392149255592,0.0,0.030842890078150643,0.030842890078150643,0.03121309594380045,0.0001566054375921439,0.0,0.028461455744510478,0.028461455744510478,0.05686649175067071,0.016742522013878578,0.0,-0.002196224462237236,0.012553864722451735,0.028440153531926915,0.016830816589056295,0.0,0.17999999999437466,0.3499999999337381,0.31922622892849456,0.20000116739681784,0.3215385441892666,0.06106161669518348,0.009143978415978169,0.00567436691103498,7.941332968963549e-08,1.0,0.004973066545478171,0.005429012505635129,0.0003080063850945406,0.7657407407407407,0.7444444444444445,0.015521346865037226,0.5157031933776512,0.5028070908252433,0.01254875621026411,1,1,1,1
00_normal_p2l_v2:0066,00_normal_p2l_v2,33.189999999999955,33.589999999999954,-0.014412522482090068,0.024057452757188794,0.0446688333334119,0.02351619402716307,0.0,-0.15573320483279054,0.2638739927379535,0.4640347401329384,0.2570350933288352,0.0,0.03087993909391907,0.03087993909391907,0.03123935532517963,0.00015840470926927635,0.0,0.03602502416088483,0.03602502416088483,0.057846145780719005,0.01866819447171084,0.0,0.005261327617669509,0.015198935526363403,0.028440153531926915,0.018724568437613737,0.0,0.1799999999945523,0.34999999993282715,0.31921075811633337,0.1944125224766348,0.31397497577198136,0.05905167418055284,0.009311707248740708,0.005205477397299957,5.9572511667625823e-08,1.0,0.004901798682682707,0.005429012505635129,0.00037804610219983523,0.762962962962963,0.7388888888888889,0.018332398030762326,0.5235584617194452,0.5059711885123223,0.012585610991335218,1,1,1,1
00_normal_p2l_v2:0067,00_normal_p2l_v2,33.38999999999995,33.78999999999995,-0.008330310823208351,0.017975241098307077,0.0362027922203271,0.019333733688250972,0.0,-0.0970755998494937,0.20521638775465664,0.4176913242547668,0.22006369425648017,0.0,0.03084306019771041,0.03084306019771041,0.03123935532517963,0.00016931450654319563,0.0,0.03553985302821589,0.03553985302821589,0.057846145780719005,0.012305494927174199,0.0,0.004693227737468571,0.01054236877670913,0.027055372923293797,0.012330711963541952,0.0,0.17999999999480432,0.34999999993228625,0.31917343150118527,0.18833031081799267,0.3144601469040286,0.059567534175747394,0.009629468417936993,0.006480685407397647,6.931494245913305e-08,1.0,0.004697654906449848,0.004977003936147515,0.0002564733892783827,0.7638888888888888,0.7388888888888889,0.015631428718642707,0.5401569436031441,0.5221975431366109,0.012484080407301264,1,1,1,1
00_normal_p2l_v2:0068,00_normal_p2l_v2,33.58999999999995,33.989999999999945,0.0022426109295097855,0.018843673669678592,0.035367795235845184,0.021388555144910438,0.0,0.03082603937825233,0.2217651100309197,0.40650780805155673,0.25247197554975576,0.0,0.022973385353888234,0.02305379880444516,0.03139510684429764,0.01077077399274483,0.0,0.025879896648157208,0.025879896648157208,0.04133223095975058,0.009173658228588627,0.0,0.00045929897149566784,0.006636842419020544,0.011111409913682202,0.007576164837979543,0.0,0.1799999999947699,0.3499999999380195,0.3266178294064267,0.17775738906539296,0.32412010328773105,0.052163481075235156,0.014485763379006892,0.013170913451367894,6.283585493169063e-08,1.0,0.004599888828164172,0.004977003936147515,0.00027741942492494505,0.7675925925925925,0.7555555555555555,0.009842727604383946,0.5530353136647121,0.5431225609896428,0.010643246272090396,1,1,1,1
00_normal_p2l_v2:0069,00_normal_p2l_v2,33.78999999999995,34.18999999999995,0.020312196727089057,0.023385726605760625,0.039149307741729394,0.01737718661192767,0.0,0.24606322681217116,0.28156357769489804,0.4571678730283366,0.21130124368621445,0.0,-0.01998853148601715,0.035405122046457516,0.35243940832698756,0.08585537307304127,0.1,-0.07002824194725682,0.09294919382199307,0.41430097269282773,0.1519331012244938,0.2857142857142857,-0.03168974275255688,0.03793455221360332,0.14140546619415753,0.056073063149330644,0.14285714285714285,0.1799999999940105,0.33949999992005225,0.32408644528456704,0.15968780326701643,0.3159225126538217,0.923010329550835,0.8561863555627802,0.0190300020578882,7.949686843966035e-08,1.0,0.004529407097979626,0.005303667324397577,0.0005298183424501139,0.7444444444444444,0.6,0.05946557998390221,0.5558332232304323,0.5431225609896428,0.013873638416509904,1,0,0,1
00_normal_p2l_v2:0070,00_normal_p2l_v2,33.98999999999995,34.38999999999995,0.0207355958325674,0.025716111926968353,0.06648960587835716,0.025535475890552748,0.0,0.23526101811078912,0.2936924566032239,0.6900740253925132,0.28324611446972303,0.0,-0.027306039639966907,0.02800720044195083,0.35243940832698756,0.08279478717928995,0.1,-0.08145029543343009,0.08456063572257662,0.41430097269282773,0.14526383328030057,0.2857142857142857,-0.034802889088951336,0.0380075818220722,0.14140546619415753,0.054207654485698885,0.14285714285714285,0.1799999999930435,0.33949999992446467,0.3323659796056123,0.1592644041605773,0.32443067511071183,0.9236692024285008,0.8520244647658335,0.00756546684858779,9.554616637562556e-08,1.0,0.004733173409911203,0.005435930188652034,0.000579433190057934,0.7357142857142857,0.6,0.056722439318113146,0.5588834025105284,0.5446890699238638,0.01177814188448004,1,0,0,1
00_normal_p2l_v2:0071,00_normal_p2l_v2,34.18999999999995,34.58999999999995,0.011871786917499514,0.022558926321035705,0.06648960587835716,0.028794779778578066,0.0,0.12025047384825877,0.25425835036775596,0.6900740253925132,0.3151648478423329,0.0,0.0005327916114810482,0.0005327916114810482,0.0007990474032112393,0.00017939072554523896,0.0,-0.0018587718626330019,0.0030127199542456795,0.00703095015900107,0.003278259948111345,0.0,-0.0024741989660001054,0.0032351819544382543,0.007630898492209048,0.0032392084921107557,0.0,0.17999999999256722,0.34999999995164965,0.3505987670506565,0.16812821307509807,0.34814122808870546,0.06524936434766437,0.009604890179979076,0.005723753812606463,9.269904667502432e-08,1.0,0.004581264305677519,0.005435930188652034,0.0004776579179173119,0.7462962962962963,0.7388888888888889,0.006141897759917385,0.5546542351827882,0.5390277956468639,0.01078131288805993,1,1,1,1
00_normal_p2l_v2:0072,00_normal_p2l_v2,34.389999999999944,34.78999999999994,-0.0034793834969093864,0.01369957169955858,0.02884255343752573,0.01667301765495409,0.0,-0.045358456178387824,0.16671170819260897,0.34262158059376735,0.20143608524306533,0.0,0.0005204227384501741,0.0005204227384501741,0.0007783859172599272,0.00015775231893722593,0.0,0.0005294546342159423,0.006374847409833721,0.01624686402219566,0.008853879180487594,0.0,-7.219737694477701e-05,0.00630854933825184,0.015416589074546128,0.00877709291209824,0.0,0.17999999999268046,0.3499999999497025,0.3505805360802468,0.1834793834896213,0.3505294545837685,0.06483131829400907,0.008954001428137365,0.006189872129133717,8.118872811567986e-08,1.0,0.00441465143284464,0.004939451132984033,0.000328211716998874,0.7518518518518519,0.7388888888888889,0.008881169487616147,0.5348149500267955,0.5085683972242281,0.016209395446016427,1,1,1,1
00_normal_p2l_v2:0073,00_normal_p2l_v2,34.58999999999995,34.989999999999945,-0.006359152130094113,0.010144512212913454,0.019699665579898967,0.009926028427176652,0.0,-0.07702059967998368,0.12176340049857041,0.23162089139365363,0.11835914665320367,0.0,0.000518797619707137,0.000518797619707137,0.0008596546577679942,0.00015922818084339237,0.0,0.004036582574436019,0.008549561484391371,0.016638799619117017,0.010320726534565148,0.0,0.003481840546210674,0.008319566485528515,0.01643935492090709,0.010352363105903269,0.0,0.17999999999281258,0.3499999999475788,0.35052061579751725,0.1863591521228919,0.35403658252172643,0.06470431301125071,0.007749066708127855,0.0053595623778860055,7.219652011441157e-08,1.0,0.004489647195236074,0.004939451132984033,0.00027352536960842085,0.7611111111111111,0.7555555555555555,0.006415002990995867,0.506627186300028,0.4787078272339311,0.019319630381940633,1,1,1,1
00_normal_p2l_v2:0074,00_normal_p2l_v2,34.78999999999995,35.18999999999995,0.021500339507949856,0.026924262580912284,0.09066676125972585,0.034083295488322375,0.16666666666666666,0.2369095677994287,0.3030008201150513,1.0096484534825059,0.3816372148732919,0.0,0.000512464946489663,0.000512464946489663,0.0008596546577679942,0.00017457233433369138,0.0,-0.00013727429038590255,0.0074085153816545275,0.016638799619117017,0.009551306556411256,0.0,-0.0006689183540066849,0.0073781088282464935,0.01643935492090709,0.009648286909017001,0.0,0.17999999999286587,0.34999999994548375,0.35050005372362125,0.15849966048490716,0.349862725654779,0.06456878306251942,0.006766655554184636,0.00348208661444847,8.306253018932434e-08,1.0,0.0046992471258032915,0.005051376981248813,0.0003358785624753302,0.762962962962963,0.7555555555555555,0.006928995160692509,0.46844568595256625,0.4319182317240067,0.027370667870744395,1,1,1,1
00_normal_p2l_v2:0075,00_normal_p2l_v2,34.989999999999945,35.389999999999944,0.016195144405119308,0.03123338065566705,0.09066676125972585,0.04006116927108979,0.16666666666666666,0.1756383066747523,0.35216777575473274,1.0096484534825059,0.45194437172418,0.0,0.00044761376961334476,0.0004614695405335906,0.0007461247585668906,0.00020103486001119087,0.0,-0.005375181529543388,0.008674846238670847,0.019512714288521416,0.009308873330289852,0.0,-0.005950100407724211,0.00861564718027849,0.019918418619052636,0.009224016422074032,0.0,0.17999999999306127,0.3499999999441173,0.35047312989972246,0.16380485558794788,0.34462481841454357,0.06389567584802906,0.007569991860968297,0.004613099887685709,8.258510335102579e-08,1.0,0.0047963525813424605,0.005051376981248813,0.00020520203750309715,0.7675925925925925,0.7555555555555555,0.007465053470646825,0.42810616112692185,0.3973233943075226,0.021365242706821053,1,1,1,1
00_normal_p2l_v2:0076,00_normal_p2l_v2,35.18999999999994,35.58999999999994,0.012427802478801273,0.027466038729349013,0.04522095572547727,0.029125333321072245,0.0,0.13741130227634776,0.3139407713563282,0.4874585028645433,0.33229501843745296,0.0,0.0003987070582335328,0.0004125628291537786,0.0006621312134354462,0.0001745612843450017,0.0,-0.0002230023240403408,0.006281235772133464,0.019512714288521416,0.008842681637220743,0.0,-0.0007635857911063582,0.005875887081911187,0.019918418619052636,0.008767216956090888,0.0,0.17999999999327443,0.34999999994229547,0.3503986244442567,0.16757219751447613,0.34977699761808806,0.06579731601575359,0.008997614796488671,0.006451098602565437,7.929074906914484e-08,1.0,0.004685082033306232,0.005157322985708525,0.00033116469721577573,0.7703703703703705,0.7611111111111111,0.005237828008789255,0.392312718041019,0.37028166997004647,0.020001102280883917,1,1,1,1
00_normal_p2l_v2:0077,00_normal_p2l_v2,35.389999999999944,35.78999999999994,0.026315527681784533,0.026315527681784533,0.04522095572547727,0.014181212611117445,0.0,0.3023393243631793,0.3023393243631793,0.4874585028645433,0.15245466220754178,0.0,0.00045072021020751973,0.00045072021020751973,0.0007778379022835291,0.00015184567982967927,0.0,-0.0013671226533308785,0.007221906721861765,0.014686810764663494,0.008371952788916235,0.0,-0.0018277527333978583,0.007093072404397364,0.015237516112939498,0.008411321232988071,0.0,0.17999999999336325,0.34999999994001796,0.35041455264103094,0.15368447231161128,0.34863287728636827,0.06644576287472831,0.010247418040231502,0.0053184487360199775,7.726737447444029e-08,1.0,0.004563204298904356,0.005157322985708525,0.0004030102450599764,0.7842592592592591,0.7611111111111111,0.019620018611497307,0.36988062033474284,0.3636228289111201,0.0047043495006852875,1,1,1,1
00_normal_p2l_v2:0078,00_normal_p2l_v2,35.58999999999995,35.989999999999945,-0.006539032366399346,0.02332655351007214,0.04902861741246062,0.02850870022583848,0.0,-0.0842677498822446,0.28468572391943975,0.5873934341874718,0.3475559817694856,0.0,0.021935710518603744,0.021935890640809304,0.3365567701228675,0.07504812561861611,0.05,0.03506943471685364,0.04787705763689883,0.1439734845228337,0.06241362852342765,0.16666666666666666,0.020428772308189357,0.033608935896834585,0.14429921622357433,0.056288441508224006,0.16666666666666666,0.14399999999969992,0.2799999999611603,0.3056714854056676,0.14903903236412538,0.31215276800141306,1.216659331520041,1.1472750727100978,0.007235712796201506,7.300350779579024e-08,1.0,0.004363058188413098,0.004733318316360434,0.0002663534682193543,0.7888888888888889,0.7333333333333333,0.027962349760262052,0.3722009013534728,0.3636228289111201,0.010537266075645658,1,1,1,1
00_normal_p2l_v2:0079,00_normal_p2l_v2,35.78999999999994,36.18999999999994,-0.017695871811029457,0.02042566259163997,0.04902861741246062,0.02048193165870153,0.0,-0.22534640475353188,0.25875131962647285,0.5873934341874718,0.25029733173696905,0.0,0.021711343356235934,0.021754721885799598,0.3365567701228675,0.07511252527439745,0.05,0.03762889721122186,0.04312982865691753,0.1439734845228337,0.06037401929802331,0.16666666666666666,0.0232262568497479,0.02868896607672804,0.14429921622357433,0.05457094632410893,0.16666666666666666,0.0540000000030183,0.10499999999169791,0.13052209472516138,0.07157613059804153,0.14099456842731387,1.215815663178103,1.1553752077186548,0.01117974046115314,8.036662287506125e-08,1.0,0.00394645594200456,0.004733318316360434,0.0005074328311362858,0.7898148148148149,0.7333333333333333,0.026139989284246518,0.38667406916848335,0.3680821529046204,0.011847951514094282,1,1,1,1
01_low_friction_mu_0p12_p2l_v2:0000,01_low_friction_mu_0p12_p2l_v2,11.78,12.18,-2.6676244583833295e-06,0.017818330042594983,0.0289427752823644,0.01947048043442845,0.0,0.009505513970676947,0.23148945785405017,0.40009533151775506,0.2531779929088831,0.0,6.908227590316617e-06,0.0001491884373711873,0.00039271091332619365,0.00018086175986478065,0.0,0.0003757691718131232,0.0031593300625967122,0.007473480221968676,0.004050581966990416,0.0,0.00036835684561422965,0.0031735268077934947,0.0077032050814047764,0.004121309456063414,0.0,5.108517445606925e-19,3.7238446458850177e-19,0.0001657906815856586,0.017818330042594983,0.0031593300625967122,0.013940210363932315,0.00546765392168721,0.004263138127464124,1.0958177015069541e-07,1.0,0.0038252997806583963,0.00429368329185,0.00033803244509116465,0.6953703703703704,0.6944444444444444,0.002070433312499798,0.5748334422485667,0.5729680730936016,0.0016038553213660253,1,1,1,1
01_low_friction_mu_0p12_p2l_v2:0001,01_low_friction_mu_0p12_p2l_v2,11.979999999999999,12.379999999999999,-0.0017363375816392245,0.021198926832074676,0.0286412341174816,0.02196994336657005,0.0,-0.01343314365960809,0.26774705955147043,0.3665223122282347,0.27703047942210773,0.0,3.275144149170784e-05,0.00012943058553176054,0.00039271091332619365,0.00016301803102674721,0.0,-0.00021833515365370497,0.003071614485163876,0.005945470043582652,0.00351448170621589,0.0,-0.00027935251568726575,0.0030388683144876483,0.005994958553341031,0.003520151198296469,0.0,5.523157915548222e-19,2.9573952369087534e-19,0.00015437657438169053,0.021198926832074676,0.003071614485163876,0.012330311330001644,0.004864381651827576,0.0027453686706050157,1.0419905865159926e-07,1.0,0.003993766087708631,0.004293724857715594,0.000304995872796717,0.6953703703703704,0.6944444444444444,0.002070433312499798,0.5755549227518258,0.5736819467855674,0.0013699774256591818,1,1,1,1
01_low_friction_mu_0p12_p2l_v2:0002,01_low_friction_mu_0p12_p2l_v2,12.179999999999998,12.579999999999998,0.03174949728696869,0.04963302519195021,0.1916013966259566,0.07460903524266185,0.16666666666666666,0.4494954050829733,0.6811003562448522,2.709652936780544,1.0481544030113767,0.0,5.0450973379876945e-05,0.0001452206414318488,0.0004148779740049673,0.00017400894410743317,0.0,0.00035078790745562337,0.0028797028269521153,0.004082811662828465,0.0032075188649541204,0.0,0.0002626071849718811,0.002761001446145177,0.004158870570304128,0.0031568557840022504,0.0,0.08374999998753052,1.2539264764475215e-16,0.0001720635800726387,0.06808889324594475,0.0028797028269521917,1.880352437948211,1.7548574939789734,0.0039833270588129814,8.73985680359778e-08,1.0,0.00370615464629509,0.004293724857715594,0.000369033693257806,0.6953703703703704,0.6944444444444444,0.002070433312499798,0.5738377588130114,0.5701405640925485,0.0025862297668211728,1,1,1,1
01_low_friction_mu_0p12_p2l_v2:0003,01_low_friction_mu_0p12_p2l_v2,12.379999999999997,12.779999999999998,0.0235681577236487,0.042856124152490294,0.1916013966259566,0.07613070407096997,0.16666666666666666,0.33859244325758975,0.5999529972788029,2.709652936780544,1.073109754622798,0.0,3.4829825290871925e-05,0.00017569925236383138,0.0004148779740049673,0.00020806866046421996,0.0,-0.0016270187677069625,0.004162554185024986,0.009141352914090585,0.004623937530640394,0.0,-0.0016628650750631455,0.004091547547722135,0.00915475776069199,0.004595014347699546,0.0,0.20874999998369118,1.2519176262711904e-16,0.00017836593437083693,0.1847651755920957,0.004162554185025063,1.880357493989809,1.7546313450800215,0.005126226976384665,8.856332250077694e-08,1.0,0.0034185274806566852,0.0036878118639598204,0.00019924035522427894,0.6925925925925926,0.6777777777777778,0.00692899516069246,0.5603954385180613,0.5394073440120041,0.012940328224628593,1,1,1,1
01_low_friction_mu_0p12_p2l_v2:0004,01_low_friction_mu_0p12_p2l_v2,12.579999999999997,12.979999999999997,-0.0040931636540322515,0.013436472173008468,0.023389475725278858,0.014259581352941003,0.0,-0.051851464980556594,0.18340229120597706,0.33077713787485646,0.19680236093954098,0.0,-3.017372151954224e-05,0.0001866374324901167,0.0005384581648847262,0.00022876116951809183,0.0,-0.0011941610023508016,0.005826134687248786,0.010552766492693414,0.006395696372886752,0.0,-0.001083156367240105,0.005822743121219165,0.010647437219728636,0.006432138812810477,0.0,0.24999999999231837,0.0,0.0001673435408849282,0.25409316364635065,0.005826134687248786,0.013282116084920399,0.005641162407090189,0.004279551166812362,7.933930741982248e-08,1.0,0.0034982681615114606,0.003949478046037905,0.0002889677322708582,0.6990740740740741,0.6777777777777778,0.010837685102518176,0.5463846229567265,0.5329071072884148,0.008718393681654425,1,1,1,1
01_low_friction_mu_0p12_p2l_v2:0005,01_low_friction_mu_0p12_p2l_v2,12.779999999999996,13.179999999999996,0.007709546178387798,0.025925790215265938,0.07751653345568235,0.034205931771753816,0.0,0.10323782715110301,0.3496355070776818,1.0278428648114981,0.4572031555691599,0.0,-2.144880283260994e-06,0.0001945524165619955,0.0005384581648847262,0.00023428523426804017,0.0,0.0030389466377608253,0.00549045800316826,0.010552766492693414,0.005788762735537956,0.0,0.0030966898337249273,0.005426669648177641,0.010647437219728636,0.005715856388433512,0.0,0.24999999999231387,0.0,0.00016917479347308917,0.24229045381392578,0.00549045800316826,0.012358343079158918,0.005952946365774267,0.004910056421973617,7.119001705720307e-08,1.0,0.0035667069571353963,0.003949478046037905,0.00025820917657267664,0.7018518518518518,0.6888888888888889,0.006928995160692504,0.540777465975896,0.529249770085724,0.007652740299705794,1,1,1,1
01_low_friction_mu_0p12_p2l_v2:0006,01_low_friction_mu_0p12_p2l_v2,12.979999999999995,13.379999999999995,0.010119293260557197,0.022650770110543433,0.07751653345568235,0.032309033800497114,0.0,0.12683623677814712,0.30050294545113526,1.0278428648114981,0.43045415987327185,0.0,-1.678515438143105e-05,0.000203375750202184,0.00047475521173829665,0.00024668701697735826,0.0,0.004784917626355947,0.004784917626355947,0.009983156139151378,0.0033781513347457964,0.0,0.004767176081686054,0.004767176081686054,0.009952510317980258,0.0034030323877654784,0.0,0.24999999999231207,0.0,0.0001721366580937225,0.23988070673175468,0.004784917626355947,0.013391811918245478,0.0067114394222775944,0.00551049816735926,7.341353921871444e-08,1.0,0.003642458221869613,0.004481505088449977,0.0004054084569549483,0.6944444444444445,0.6888888888888889,0.004536092116265129,0.5301780939953181,0.5048411271663142,0.013334526780584546,1,1,1,1
01_low_friction_mu_0p12_p2l_v2:0007,01_low_friction_mu_0p12_p2l_v2,13.179999999999994,13.579999999999995,0.0007677524011758576,0.012689357975282678,0.022355554016546708,0.014642685855787674,0.0,0.004007458399604581,0.16365593404551726,0.29054302381307484,0.18694365106522498,0.0,-6.428628168194059e-05,0.00017653237106207985,0.00047475521173829665,0.0002234376127125917,0.0,0.0019715852868438647,0.0026895649428174905,0.007036975108713684,0.0033954196462691825,0.0,0.0019666917028551365,0.0027195737086285338,0.006863064934308441,0.003466007684268535,0.0,0.24999999999231193,0.0,0.0001576234097601213,0.24923224759113607,0.0026895649428174905,0.015566946196353836,0.00754601796137041,0.005216996724159811,8.239901464507228e-08,1.0,0.0037324236878720778,0.004481505088449977,0.0004301453007319713,0.6916666666666668,0.6777777777777778,0.006990587440065484,0.5143750686072734,0.49956779698583076,0.013174846805147262,1,1,1,1
01_low_friction_mu_0p12_p2l_v2:0008,01_low_friction_mu_0p12_p2l_v2,13.379999999999994,13.779999999999994,0.0029583779894686024,0.019165876842345397,0.035565939051650286,0.021217561508770907,0.0,0.04080832268223994,0.25362824201913764,0.4968491662004714,0.2842835105118979,0.0,3.4203549582130447e-06,0.0001584819795147233,0.000534768340850541,0.00020864369662042503,0.0,0.0012449856562017495,0.001962965312175375,0.0060115595987492885,0.0026368115255363134,0.0,0.0012035360608834706,0.0019821863077987153,0.005895935944191252,0.002647846437365541,0.0,0.24999999999231193,0.0,0.00014321019895417787,0.2470416220028433,0.001962965312175375,0.015390518259504,0.007418763761727023,0.004772359604137423,8.762410757776232e-08,1.0,0.003788664614314119,0.004254506852883369,0.00030962421119019894,0.6944444444444445,0.6777777777777778,0.007856742013183832,0.4999050125111451,0.47964014856613346,0.011821356058554552,1,1,1,1
01_low_friction_mu_0p12_p2l_v2:0009,01_low_friction_mu_0p12_p2l_v2,13.579999999999993,13.979999999999993,0.00684574890446094,0.022727076387602133,0.035565939051650286,0.02316007810506866,0.0,0.0897554943711064,0.2976603741924585,0.4968491662004714,0.3064838222070095,0.0,-1.386898183968533e-05,0.00020742288654298412,0.000566643350211667,0.0002681599254856826,0.0,0.0013212582632368887,0.004467607675068613,0.009439048235495172,0.005348956872476215,0.0,0.0013139642247133934,0.004579668350512421,0.009719807653971537,0.005471973142872811,0.0,0.24999999999231193,0.0,0.00018255674601514235,0.24315425108785102,0.004467607675068613,0.014113188385051167,0.006007535665486242,0.00515614499681444,1.0441371683541667e-07,1.0,0.0038768439406434833,0.0042575711636680825,0.0003053327411448511,0.6990740740740741,0.6888888888888889,0.006740842490074563,0.49518754181487945,0.4777319000720836,0.013518724567501176,1,1,1,1
01_low_friction_mu_0p12_p2l_v2:0010,01_low_friction_mu_0p12_p2l_v2,13.779999999999992,14.179999999999993,-0.00717088642419469,0.021145348375029124,0.03261462518734354,0.021403926333644706,0.0,-0.09779511556135377,0.2737129179098799,0.42715455209568787,0.2746070862483496,0.0,-3.803183584622751e-05,0.0001763291875085003,0.000566643350211667,0.000230302336729794,0.0,-0.0027779419765079174,0.006292843982666513,0.01067669832805165,0.006584161934883412,0.0,-0.0027455283969774463,0.006419871411492507,0.010870862793033483,0.006726294997684742,0.0,0.2499999999923122,0.0,0.00018723682234697052,0.2571708864165067,0.006292843982666513,0.014009515484753987,0.006527554221139861,0.004177809557175908,1.2376671998235293e-07,1.0,0.003863092943008476,0.0042575711636680825,0.0001945545856465158,0.6935185185185185,0.6833333333333333,0.009305440389926752,0.4953519162337254,0.4777319000720836,0.010883930606577896,1,1,1,1
01_low_friction_mu_0p12_p2l_v2:0011,01_low_friction_mu_0p12_p2l_v2,13.979999999999992,14.379999999999992,-0.008741354966549366,0.0175860493009234,0.03261462518734354,0.017668664547087987,0.0,-0.11487373752836551,0.22724217353463594,0.42715455209568787,0.22757577511239901,0.0,-2.2747036021894134e-05,0.00014310111283240601,0.00027618459049879115,0.00015774273622634272,0.0,-0.000856008812118443,0.009092951718783939,0.022218259972248064,0.011118163908877906,0.0,-0.0008659827638284493,0.009034764420312704,0.021985427515852213,0.011041092089250769,0.0,0.2499999999923122,0.0,0.0001801222265262965,0.25874135495886136,0.009092951718783939,0.0144398251166188,0.006964583268780538,0.004551097650442911,1.0601886631275859e-07,1.0,0.0038958286934200393,0.004072624451403875,0.00014340118504768646,0.6944444444444445,0.6833333333333333,0.00785674201318386,0.49768043743260804,0.4888016877537966,0.006672763931580507,1,1,1,1
01_low_friction_mu_0p12_p2l_v2:0012,01_low_friction_mu_0p12_p2l_v2,14.17999999999999,14.579999999999991,0.0034357805047186087,0.030572992382218694,0.07549223565768981,0.03916537207841625,0.0,0.03505991881580909,0.38695457668569344,0.9289381784856963,0.4916143354908021,0.0,1.0713568962665624e-05,0.00018584366260979024,0.00048768975722569087,0.00021108767956053257,0.0,0.0011057131862830416,0.011870957293407874,0.022218259972248064,0.014423636679455707,0.0,0.001017475614839754,0.01176626304077183,0.021985427515852213,0.014365446006142354,0.0,0.24999999999231165,0.0,0.0001931275873378278,0.24656421948759308,0.011870957293407874,0.014524239221085299,0.00681473783764145,0.006244854607823676,8.229546834409579e-08,1.0,0.003933713085931617,0.004228310078975235,0.00023397439705705444,0.6907407407407408,0.6611111111111111,0.014581496062984839,0.5007112046803283,0.49459460487082574,0.004712615137889428,1,1,1,1
01_low_friction_mu_0p12_p2l_v2:0013,01_low_friction_mu_0p12_p2l_v2,14.37999999999999,14.77999999999999,0.0065469569579690535,0.032852569905798455,0.07549223565768981,0.0400110569501453,0.0,0.07893679289628885,0.42064068459292336,0.9289381784856963,0.5057008018154109,0.0,5.980973530257164e-05,0.00018874871200551502,0.00048768975722569087,0.00021823177762274765,0.0,0.00030694567004079133,0.007047665793605949,0.02022216037069547,0.01072692723849218,0.0,0.00022366680054427973,0.006997170966147977,0.020320512496811088,0.01072925720777226,0.0,0.24999999999231165,0.0,0.00016859975329552144,0.24345304303434265,0.007047665793605949,0.014595683154819341,0.0067678961803536025,0.0052104161436376225,7.024294983773131e-08,1.0,0.003819381729122646,0.004228310078975235,0.00026440192819888374,0.6787037037037038,0.6611111111111111,0.009305440389926754,0.49271361942185626,0.47482511188782384,0.0100896855014181,1,1,1,1
01_low_friction_mu_0p12_p2l_v2:0014,01_low_friction_mu_0p12_p2l_v2,14.57999999999999,14.97999999999999,0.012581155969690389,0.018530090315797974,0.033294794197277405,0.0177527841199797,0.0,0.15963819654380665,0.23482207325834245,0.4417916970275561,0.22520650923732158,0.0,1.6668709703803663e-05,0.00018132676404640114,0.00043492282160020375,0.00021523887507022473,0.0,0.0048716523085303625,0.0048716523085303625,0.010379892449970757,0.0034376946158265983,0.0,0.0048404957991819665,0.0048404957991819665,0.01031868640123164,0.0034133564463957405,0.0,0.24999999999231245,0.0,0.00014590555300711964,0.23741884402262237,0.0048716523085303625,0.014318397764544799,0.006554003547375459,0.004177515784413214,6.017061737032572e-08,1.0,0.003977173094729644,0.004358210224941166,0.0002943542815579412,0.6768518518518519,0.6722222222222223,0.002070433312499798,0.49187555509305425,0.47482511188782384,0.010019322949620199,1,1,1,1
01_low_friction_mu_0p12_p2l_v2:0015,01_low_friction_mu_0p12_p2l_v2,14.779999999999989,15.179999999999989,0.014697036676117848,0.01927656500420646,0.03136766949818004,0.016323547687017364,0.0,0.1823978009102717,0.23959836006874025,0.38682269965441585,0.20197911355324286,0.0,3.6985413062038186e-05,0.00021134433166484059,0.00043492282160020375,0.00023952643547613947,0.0,0.005014599946098157,0.008409429840422067,0.011632282476655964,0.007225446306811383,0.0,0.005025144291249056,0.0083700683775747,0.011480580269270391,0.007138570497758432,0.0,0.24999999999231245,0.0,0.0001725657467770757,0.2353029633161949,0.008409429840422067,0.014199225922466472,0.0063223096149254724,0.0039036997519417875,6.86027589453869e-08,1.0,0.004094719571720261,0.004358210224941166,0.00024172017642609382,0.6712962962962964,0.6555555555555556,0.007465053470646818,0.49793921131160007,0.4908829293362265,0.006516911917652274,1,1,1,1
01_low_friction_mu_0p12_p2l_v2:0016,01_low_friction_mu_0p12_p2l_v2,14.979999999999988,15.379999999999988,0.01799370262822837,0.021919012623732893,0.03136766949818004,0.014002226973687514,0.0,0.22966050697770282,0.27868955768496156,0.38682269965441585,0.17445178017586593,0.0,3.936971595382076e-05,0.00021233583168743338,0.00043416698111699184,0.0002469328373980786,0.0,0.004250040207732649,0.007159894402867429,0.011972066872645291,0.007123255167208177,0.0,0.004245083655873168,0.007112161444152293,0.01201493758135138,0.007078430882412892,0.0,0.24999999999231193,0.0,0.0001903967301243018,0.23200629736408354,0.007159894402867429,0.014492515271898331,0.006098740337184847,0.004026891585864466,8.197108251755344e-08,1.0,0.00397478405194476,0.0042970626302207835,0.00022957880175833017,0.6674603174603176,0.6555555555555556,0.006249212598422099,0.5077007958582728,0.4908829293362265,0.012968468521272125,1,1,1,1
01_low_friction_mu_0p12_p2l_v2:0017,01_low_friction_mu_0p12_p2l_v2,15.179999999999987,15.579999999999988,0.014043448396199686,0.017967707901175772,0.027571211857241346,0.014106713587055415,0.0,0.1798758686337095,0.23002616255874758,0.3358618054642093,0.17927470406347154,0.0,3.958477530180865e-05,0.00017328444416055594,0.00041676900666212375,0.00021169074105420536,0.0,0.003443253469557743,0.003742036405970381,0.011972066872645291,0.004461778426270363,0.0,0.003408306993144132,0.0037113013021890344,0.01201493758135138,0.0044875910485768075,0.0,0.24999999999231193,0.0,0.00015058150167383705,0.23595655159611223,0.003742036405970381,0.013218994548898971,0.005682067534516956,0.0036431229506270215,9.339669149627196e-08,1.0,0.003999135094322146,0.004405782112409797,0.00024292536645657947,0.6674603174603175,0.6611111111111111,0.0035493142499996963,0.5164801212368185,0.5040109483973978,0.010384282749330006,1,1,1,1
01_low_friction_mu_0p12_p2l_v2:0018,01_low_friction_mu_0p12_p2l_v2,15.379999999999987,15.779999999999987,0.006618002049589021,0.014690001107458392,0.032828740834503795,0.01675705162514751,0.0,0.08782828517502068,0.19251201893906386,0.43405524046263844,0.21983719240784477,0.0,1.1890141255095436e-05,0.00016205585068666586,0.00041309049443667283,0.00019820114833675925,0.0,0.0017360018033262727,0.0036309744595201896,0.009828945729728611,0.004550272487138584,0.0,0.0016813616130924973,0.003598358762915709,0.009496227508975233,0.004474764893442048,0.0,0.24999999999231193,0.0,0.00014456038385866738,0.2433819979427229,0.0036309744595201896,0.013375440317203618,0.005212023867895182,0.003557844017101519,1.0395508774150383e-07,1.0,0.003900924482276294,0.004405782112409797,0.00024157359848455255,0.6675925925925926,0.6666666666666666,0.0020704333124998394,0.5141246590666458,0.5030401137751974,0.007833480592286253,1,1,1,1
01_low_friction_mu_0p12_p2l_v2:0019,01_low_friction_mu_0p12_p2l_v2,15.579999999999986,15.979999999999986,0.02123250143816509,0.024726197740229026,0.05490456382014697,0.020559669971184486,0.0,0.266981105151813,0.3131561626699784,0.6813555753644476,0.25848028308653254,0.0,-3.1769373064278537e-06,0.0001854990447550439,0.00041309049443667283,0.00022411400987761208,0.0,0.004136007091172809,0.005682399654885314,0.010129124265670827,0.005032481314894597,0.0,0.004036743247110136,0.005600247036380961,0.009787499987486398,0.004912912509754751,0.0,0.24999999999231193,0.0,0.0001667247858703433,0.22876749855414683,0.005682399654885314,0.015656775126090195,0.007607016260665204,0.004676025839039963,8.982644338720517e-08,1.0,0.003948595180671692,0.004394891670235694,0.00025426773779278663,0.6657407407407407,0.6555555555555556,0.005928818738363768,0.5038837591388386,0.495712339862854,0.00734676457504703,1,1,1,1
01_low_friction_mu_0p12_p2l_v2:0020,01_low_friction_mu_0p12_p2l_v2,15.779999999999985,16.179999999999986,0.023209548503839137,0.0396653389035496,0.0615956883235175,0.03620230625916551,0.0,0.28695364692918773,0.49781858247121874,0.7548701599588246,0.45477361374937275,0.0,6.261446421615053e-05,0.000172100080011962,0.0005239544421433534,0.00021680044556297918,0.0,0.0034293682414666023,0.006394430663182114,0.010129124265670827,0.006370421984510373,0.0,0.0034340712054202354,0.006281280492982071,0.010036961488903444,0.006198850453777248,0.0,0.24999999999231193,0.0,0.00015447042369594715,0.22679045148847277,0.006394430663182114,0.015288404004868642,0.007672549923268448,0.005630498122015796,7.717768663775279e-08,1.0,0.004065642724044228,0.004394891670235694,0.00023310120676129102,0.6592592592592592,0.6555555555555556,0.0061418977599174245,0.49301246460186693,0.48502920623235884,0.005709053620703561,1,1,1,1
01_low_friction_mu_0p12_p2l_v2:0021,01_low_friction_mu_0p12_p2l_v2,15.979999999999984,16.379999999999985,-0.005710354637064051,0.03857382062960332,0.08348515460087075,0.04815933906883691,0.16666666666666666,-0.09403343798524634,0.5103842905346713,1.18065837893366,0.6419739971418448,0.0,-4.447970847142372e-05,0.00016089551721539566,0.0005239544421433534,0.0002104778466965187,0.0,-0.00112922262569136,0.009920324142756226,0.023018046587508285,0.011998683874898308,0.0,-0.0011615094559323496,0.009930418400673796,0.023294775242551767,0.012042523636928086,0.0,0.24999999999231193,0.0,0.00016113364317372033,0.25571035462937597,0.009920324142756226,0.013219828372637722,0.0052908736212960005,0.0039014880518754656,8.722457904259998e-08,1.0,0.003743045006892088,0.004255945330048491,0.0003094267821636059,0.6398148148148148,0.5833333333333334,0.025743405137884885,0.5021413319676826,0.48502920623235884,0.01726521046371852,1,1,1,1
01_low_friction_mu_0p12_p2l_v2:0022,01_low_friction_mu_0p12_p2l_v2,16.179999999999986,16.579999999999984,0.0003637145432940451,0.02819209941025096,0.08348515460087075,0.04133356521309389,0.16666666666666666,-0.013336829854902999,0.3802159631229836,1.18065837893366,0.5670843896168429,0.0,-7.392352387079908e-05,0.00016568872740264123,0.0004732974497892782,0.00018451128917933434,0.0,0.0009455926348753801,0.009030076981607453,0.023018046587508285,0.01167701741734771,0.0,0.0007960656141381283,0.009040784183182438,0.023294775242551767,0.011731181136031155,0.0,0.24999999999231193,0.0,0.00016812645237832298,0.24963628544901784,0.009030076981607453,0.013693021025112002,0.005458217852477579,0.0039748046072058925,7.77558135587338e-08,1.0,0.0037328231688487945,0.004098820133106985,0.0002719380810313269,0.637037037037037,0.5833333333333334,0.024776089185666015,0.5177519797837676,0.49680140518120586,0.010745870552781386,1,1,1,1
01_low_friction_mu_0p12_p2l_v2:0023,01_low_friction_mu_0p12_p2l_v2,16.37999999999998,16.77999999999998,0.006010486701897332,0.022160059814165852,0.05425204404942996,0.02847926050718579,0.0,0.07784282311602089,0.2846810534677772,0.6933496064580019,0.3627866290439314,0.0,-4.064158482943399e-06,0.00015037122891624932,0.00036312765911222604,0.0001740804869108535,0.0,0.0023034522402233474,0.003717483660717615,0.00932342192672308,0.004681819345781632,0.0,0.0022573809060690065,0.0036327553227459724,0.009093487139415848,0.0045550124878297165,0.0,0.24999999999231193,0.0,0.0001621044450586293,0.2439895132904146,0.003717483660717615,0.015564623911366697,0.006911178184102189,0.005110803868365314,7.130475563592802e-08,1.0,0.003786061752981641,0.004098820133106985,0.000283175453637721,0.6518518518518518,0.6444444444444445,0.006141897759917385,0.5258972924925076,0.5128204134750161,0.010041582219478764,1,1,1,1
01_low_friction_mu_0p12_p2l_v2:0024,01_low_friction_mu_0p12_p2l_v2,16.579999999999984,16.979999999999983,0.003342872939325387,0.019492446051593906,0.04198322766846352,0.023025409541278293,0.0,0.047141711212776986,0.25397994156453335,0.5305289632979896,0.2968108390415301,0.0,2.6354819995687335e-06,0.00012535022690900258,0.00036312765911222604,0.0001468208201988957,0.0,0.0006775291849958369,0.0027371110704254658,0.006029719186830921,0.0033441486062913885,0.0,0.0007195753457385007,0.00271420138649469,0.006099586176196646,0.0033077908827995506,0.0,0.24999999999231193,0.0,0.00013018824816326464,0.24665712705298656,0.0027371110704254658,0.013805987997585801,0.007276073906714033,0.005704840122917273,8.667588755837905e-08,1.0,0.003737940094599578,0.004048277728143239,0.0002819280025205305,0.6601851851851851,0.65,0.00674084249007453,0.5381516407437281,0.5210918183359603,0.009802909750088488,1,1,1,1
01_low_friction_mu_0p12_p2l_v2:0025,01_low_friction_mu_0p12_p2l_v2,16.77999999999998,17.17999999999998,0.020764597039074836,0.023356496344053238,0.03970299065225974,0.0151989901537934,0.0,0.2706178633645301,0.3043757418203658,0.5079605164017181,0.19806399518335932,0.0,-2.838440771388464e-05,0.00011630547065086391,0.0005264893303981261,0.00015781170166272906,0.0,0.0015107471805448393,0.003417863970298533,0.006029719186830921,0.003409000725360892,0.0,0.0015248775134079366,0.0034031753270567255,0.006099586176196646,0.0034108762704341132,0.0,0.28499999998849335,0.0,0.00010891709410378373,0.2700687362810774,0.003417863970298533,0.8748076710903254,0.8558831231516701,0.005830914129092441,7.782690637292602e-08,1.0,0.0038557826352519273,0.004004610153801601,0.00015763005121359716,0.6685185185185186,0.6555555555555556,0.008281733249999233,0.5514231376357225,0.5378180928991488,0.008548723555862489,1,1,1,1
01_low_friction_mu_0p12_p2l_v2:0026,01_low_friction_mu_0p12_p2l_v2,16.979999999999983,17.37999999999998,-0.00416227868665774,0.02758137850690535,0.03970299065225974,0.029108537938451723,0.0,-0.06293799390968607,0.3664415466119825,0.5079605164017181,0.3864675404862986,0.0,-4.747113716039237e-05,0.00016198975040398745,0.0005264893303981261,0.0002067520212719743,0.0,-0.0034791570451863534,0.004993127940608424,0.0097209048511968,0.004490466271581561,0.0,-0.0034697823558409884,0.0049640584640724605,0.009832794637587045,0.00449228384854947,0.0,0.33499999998748864,0.0,0.00013956023207244492,0.3449956120058053,0.004993127940608424,0.8748359935467436,0.8555468279625353,0.005997736802186421,7.65143368077749e-08,1.0,0.0036768415378954215,0.004284459009732534,0.0004396051440044802,0.6416666666666667,0.5944444444444444,0.03138602084570055,0.550624778571065,0.533835435938914,0.009614871100133638,1,1,1,1
01_low_friction_mu_0p12_p2l_v2:0027,01_low_friction_mu_0p12_p2l_v2,17.17999999999998,17.579999999999977,-0.0029960423161329852,0.026155715572451704,0.05112889641375262,0.030097750107038346,0.0,-0.04122796049294431,0.35439370157288846,0.6848581210202698,0.40780553622738136,0.0,-1.4937950189586023e-05,0.00017646594037820526,0.0003854848013544716,0.00020689770851155625,0.0,-0.0005900395665741136,0.00662067909440233,0.015035934005551817,0.008134052574589044,0.0,-0.0005563064232191837,0.006618488207124698,0.015092694529403757,0.008151889808379865,0.0,0.3499999999903025,0.0,0.00014863378133930647,0.35299604230643555,0.00662067909440233,0.014105023002970583,0.006745736927337647,0.0051852449025085266,7.702076373894361e-08,1.0,0.00348627143106653,0.004284459009732534,0.00040682975404223245,0.6361111111111111,0.5944444444444444,0.02540819024817081,0.5438449825842182,0.533835435938914,0.005049715938030633,1,1,1,1
01_low_friction_mu_0p12_p2l_v2:0028,01_low_friction_mu_0p12_p2l_v2,17.37999999999998,17.77999999999998,0.032623334799993194,0.032623334799993194,0.07129512775070229,0.02269788292206418,0.0,0.41884119534450925,0.41884119534450925,0.8785357386411029,0.284250858248039,0.0,-1.543402012146766e-05,0.00014055256486154123,0.0003300058846456419,0.0001685007026154559,0.0,0.007901910570341565,0.007901910570341565,0.015035934005551817,0.005334023407855749,0.0,0.007892879844211137,0.007892879844211137,0.015092694529403757,0.005336430459767049,0.0,0.3499999999903025,0.0,0.00013749395700952876,0.3173766651903093,0.007901910570341565,0.012653381453357346,0.005483309946653099,0.003938779498284247,7.833889046410551e-08,1.0,0.0038097660635471806,0.0045432186215948415,0.00043010717327661755,0.6546296296296296,0.6444444444444445,0.00674084249007453,0.5505639139567593,0.5419013047181848,0.0067364411480211215,1,1,1,1
01_low_friction_mu_0p12_p2l_v2:0029,01_low_friction_mu_0p12_p2l_v2,17.579999999999977,17.979999999999976,0.02628482419990528,0.040685790408553635,0.07129512775070229,0.0349887923661444,0.0,0.3311312811590516,0.5066851110239071,0.8785357386411029,0.4309393028999348,0.0,-5.772804643457343e-05,0.00011483286286953852,0.0002813776103315649,0.00013468212729339805,0.0,0.005351716932762827,0.006818425491437435,0.012922252131329075,0.005595640060545098,0.0,0.0053553488217547235,0.006811782492059218,0.012897735751723764,0.005565306573623279,0.0,0.3499999999903025,0.0,0.00013344872943970443,0.3237151757903972,0.006818425491437435,0.013233283425032364,0.0056994693800536044,0.004055821868811581,8.515912198095209e-08,1.0,0.0041359043876068825,0.0045432186215948415,0.00027401509427512434,0.6351851851851852,0.5777777777777777,0.02618914004394623,0.561988213755548,0.5509037118487112,0.007106451150773015,1,1,1,1
01_low_friction_mu_0p12_p2l_v2:0030,01_low_friction_mu_0p12_p2l_v2,17.77999999999998,18.17999999999998,0.02254078055606522,0.03920428190791387,0.08092019644731607,0.03939342319467471,0.16666666666666666,0.2741705439364632,0.4817214526499149,0.9561089654191854,0.476743591338186,0.0,-2.72549548835855e-05,0.00010850196041008932,0.00036600405678983316,0.00014250232540104113,0.0,0.0023534685690618992,0.0040088513777088,0.0077826141632862085,0.003871791227831326,0.0,0.002339475927707463,0.003997605275476416,0.007663445178268399,0.003837511510444916,0.0,0.34999999998948095,0.0,0.00014744843343575457,0.32745921943260287,0.0040088513777088,0.5166397532302707,0.46230167917574994,0.017387593908955293,0.0022544622130460943,1.0,0.004018632278723171,0.004506919605296054,0.0004413453876726708,0.637037037037037,0.5777777777777777,0.027342264926358172,0.5610055767926643,0.545778296509018,0.009419838890437012,1,1,1,1
01_low_friction_mu_0p12_p2l_v2:0031,01_low_friction_mu_0p12_p2l_v2,17.979999999999976,18.379999999999974,0.01449924344328459,0.02398822155217138,0.08092019644731607,0.03340356194169052,0.16666666666666666,0.17081373524399857,0.29383750462113606,0.9561089654191854,0.4006740557425445,0.0,5.211948335017765e-05,0.0001041599426084921,0.00036600405678983316,0.00013642861629048226,0.0,0.0011945701359007894,0.0038587773091669324,0.0077826141632862085,0.00431863644690478,0.0,0.0011151821073728026,0.003850878263965216,0.007663445178268399,0.004322441726144134,0.0,0.34999999998948095,0.0,0.0001266019426149189,0.3355007565453835,0.0038587773091669324,0.51882615301924,0.44999382103924174,0.014111455719104743,0.0022544724447793154,1.0,0.0038312045806770403,0.004506919605296054,0.0004644816204967869,0.6453703703703704,0.6111111111111112,0.017098319733906825,0.5474173128899157,0.5366412083775904,0.009192029228523515,1,1,1,1
01_low_friction_mu_0p12_p2l_v2:0032,01_low_friction_mu_0p12_p2l_v2,18.17999999999998,18.579999999999977,0.000971128826436842,0.01582025395507833,0.02286804648886498,0.018413273786805292,0.0,0.010705387547595294,0.209533083041241,0.3234030148953129,0.24413844100892973,0.0,2.0835900775690884e-05,0.00017575446794562845,0.00044690596718345127,0.0002282171768484005,0.0,0.001516768829027468,0.005453726118994392,0.009131117089363082,0.005830671881283162,0.0,0.0015340668892032487,0.005418608639250901,0.009332069882556944,0.0058129557206364505,0.0,0.3499999999903025,0.0,0.00016766831728043326,0.34902887116386566,0.005453726118994392,0.0683406312460171,0.008688044593952414,0.005980079619770675,8.460559551923733e-08,1.0,0.0036963383714222406,0.004069842012148604,0.0003075057916571181,0.6444444444444444,0.6111111111111112,0.018975834751777016,0.5391909467040032,0.5335488470535797,0.004523845547866696,1,1,1,1
01_low_friction_mu_0p12_p2l_v2:0033,01_low_friction_mu_0p12_p2l_v2,18.379999999999974,18.779999999999973,-0.0019520202565431743,0.02341261564353264,0.04599022618357451,0.02601015134537117,0.0,-0.037826272981727374,0.3185381026873028,0.6504000160541731,0.3573798752393392,0.0,1.593241055934364e-05,0.0002286037633446189,0.00044690596718345127,0.00026292017024509177,0.0,0.001322895965955407,0.005409314640170763,0.009131117089363082,0.005878063026357981,0.0,0.001346405635986378,0.005307669630916262,0.009332069882556944,0.005826341122998134,0.0,0.3499999999903025,0.0,0.00020209177257786548,0.35195202024684574,0.005409314640170763,0.06778513424000523,0.009034395705984308,0.007736315088201391,6.265741321138568e-08,1.0,0.0036185267830398642,0.004059253727156048,0.0002991233359084999,0.6398148148148148,0.5666666666666667,0.03718719560745038,0.5325494300176555,0.5266787901137746,0.006194625757520842,1,1,1,1
01_low_friction_mu_0p12_p2l_v2:0034,01_low_friction_mu_0p12_p2l_v2,18.579999999999977,18.979999999999976,0.0047555772512192784,0.023161854234359736,0.04599022618357451,0.02771922358061911,0.0,0.05092613885667208,0.30842789865095704,0.6504000160541731,0.37450230844184046,0.0,8.606547463912119e-05,0.00018347019093064527,0.0005186791474879762,0.00020986698555465756,0.0,0.0005895822525179016,0.003214576560060184,0.0055462418388283795,0.0033870629428618465,0.0,0.0004922681276737423,0.0031029908516839295,0.005642376545330053,0.003316324022562834,0.0,0.3499999999891823,0.0,0.00016818193286349605,0.34524442273734685,0.003214576560060184,0.31495230394064794,0.26394556543098013,0.009799645856282808,0.003320370581824049,1.0,0.003723442695045048,0.003979534925248873,0.0002486296376918426,0.6435185185185185,0.5666666666666667,0.04062483512681539,0.5309131542223416,0.5266787901137746,0.0054850661196697995,1,1,1,1
01_low_friction_mu_0p12_p2l_v2:0035,01_low_friction_mu_0p12_p2l_v2,18.779999999999973,19.17999999999997,-0.019714362528406703,0.041336560612243306,0.09274322022327774,0.04712123983259649,0.16666666666666666,-0.2740334131689384,0.5508551057071874,1.2547870720552838,0.6303361242017517,0.0,0.045203345018714945,0.04525013573252267,0.22041310262828925,0.08765112580450926,0.2,0.03971244718094979,0.04179125327716426,0.22512075992034403,0.08306105480032192,0.16666666666666666,0.00022557851975191483,0.004232130880692464,0.006170990634137348,0.004500038941668591,0.0,0.323349999992652,0.04509999999801604,0.00016042625069621688,0.3464226958544385,0.004365594301916869,0.5510534493093245,0.4102305623787124,0.06308127979899375,0.0033203814824398275,1.0,0.003759964654427702,0.003979534925248873,0.00018835103627368012,0.6453703703703705,0.5944444444444444,0.038143203563048116,0.5365807579419981,0.5276888812715477,0.004962168202375833,1,0,1,1
01_low_friction_mu_0p12_p2l_v2:0036,01_low_friction_mu_0p12_p2l_v2,18.979999999999976,19.379999999999974,-0.03957772573113201,0.03981398997206427,0.09274322022327774,0.030879885386150652,0.16666666666666666,-0.532249400990701,0.5349597889216721,1.2547870720552838,0.4226548974937566,0.0,0.10361937654404005,0.10363819512655059,0.22041310262828925,0.08881348222295654,0.5,0.1125889257666018,0.11466773186281627,0.22512075992034403,0.09160965006667568,0.5,0.016746834515618075,0.020753386876558626,0.04099593149392683,0.020013189000081446,0.0,0.2583499999968092,0.1550999999775969,0.054144129377860714,0.3012860590617161,0.03853466084877676,0.49361031578988185,0.3377379541899819,0.25561569216778485,8.27527214935699e-08,1.0,0.0038956723990138838,0.004712691726933862,0.0004366852846752682,0.6351851851851852,0.5944444444444444,0.04486682014661376,0.5364528793736031,0.5289740527719579,0.004036398451685138,1,0,1,1
01_low_friction_mu_0p12_p2l_v2:0037,01_low_friction_mu_0p12_p2l_v2,19.17999999999997,19.57999999999997,-0.007239711255442889,0.017197100732062553,0.03403945009309456,0.01984122892035262,0.0,-0.10362264740085066,0.21968936402739345,0.46789345704998425,0.2504981122539351,0.0,0.06874992161794444,0.06874992161794444,0.21782673716585968,0.06620829172916505,0.3,0.08406406007819556,0.08406406007819556,0.21425485755080403,0.07563014526570008,0.3333333333333333,0.017434663489902236,0.018595119210575124,0.04099593149392683,0.01903299362617108,0.0,0.21999999999470776,0.21999999996617037,0.15380904539511212,0.22723971124992673,0.13593593988575245,0.19527763638746082,0.11902228167585964,0.026078778536748972,8.474830166431026e-08,1.0,0.004071710231614061,0.004712691726933862,0.0004595119511602689,0.6092592592592592,0.5611111111111111,0.04475202212442433,0.5461314281649741,0.5289740527719579,0.0149336329564549,1,0,1,1
01_low_friction_mu_0p12_p2l_v2:0038,01_low_friction_mu_0p12_p2l_v2,19.379999999999974,19.779999999999973,-0.0026370146958123917,0.023978605470665798,0.034861396617498014,0.02645095653790154,0.0,-0.03130171031864206,0.2952655078968234,0.4518224066478286,0.3251953631043619,0.0,0.020573821025531198,0.020573821025531198,0.020974244179237544,0.00020513926826999047,0.0,0.019248044647190782,0.019248044647190782,0.02675358241618464,0.004245006385535173,0.0,-0.0011655282559883313,0.003415451788010578,0.007650738305064575,0.004165389851104687,0.0,0.2199999999930924,0.2199999999729057,0.1994485881708227,0.22263701468890476,0.2007519553257149,0.046126019537323155,0.010145300644857625,0.008625786670179523,7.543376548049305e-08,1.0,0.004133078021105859,0.0046819506506159386,0.00038808228187230034,0.5842592592592593,0.5611111111111111,0.016794775136312102,0.5575883479850656,0.5441327763362773,0.009720378443760704,1,1,1,1
01_low_friction_mu_0p12_p2l_v2:0039,01_low_friction_mu_0p12_p2l_v2,19.57999999999997,19.97999999999997,-0.004641217357877166,0.021052673457000997,0.034861396617498014,0.024160930179557682,0.0,-0.04966641534773133,0.2646785590406199,0.4518224066478286,0.3037591178074152,0.0,0.020608199939996776,0.020608199939996776,0.02100942772540662,0.0002306957681955605,0.0,0.01855596388559867,0.01855596388559867,0.02675358241618464,0.004772418580084115,0.0,-0.0018997616852221382,0.004688785450445709,0.007650738305064575,0.00473719390178116,0.0,0.21999999999311903,0.21999999997185818,0.19941761800158284,0.22464121735099915,0.20144403608624428,0.044975309938286474,0.009615565969064929,0.0076803351335954055,7.670718779356339e-08,1.0,0.004066271234817358,0.0046819506506159386,0.00036715101371097785,0.5768518518518518,0.5555555555555556,0.01797822948050705,0.5596594246231078,0.5434748146139695,0.012865334661824785,1,1,1,1
01_low_friction_mu_0p12_p2l_v2:0040,01_low_friction_mu_0p12_p2l_v2,19.779999999999973,20.17999999999997,0.00184102369035286,0.016750797623228116,0.03352792824717979,0.020496966008963866,0.0,0.027778912119937448,0.22535526244062642,0.45482534699150423,0.2749641298163084,0.0,-0.045386797779564766,0.07833888459875027,0.35934855218972717,0.1328857275511144,0.2,-0.044882950702264224,0.08177937586526078,0.379986979702575,0.14999855917227956,0.16666666666666666,-0.011205452676107517,0.016994594456392797,0.07509607296047546,0.029264773808369088,0.0,0.21999999999363418,0.21999999996721228,0.17513854246456595,0.21815897630321177,0.19154961735239392,0.20285741524213136,0.15852305153095658,0.008345601269265101,8.267140673547212e-08,1.0,0.0036965189594074933,0.004331240116407176,0.0003360443172547798,0.5759259259259258,0.5555555555555556,0.01994505484123891,0.5654325993315593,0.5434748146139695,0.012666691507818115,1,0,1,1
01_low_friction_mu_0p12_p2l_v2:0041,01_low_friction_mu_0p12_p2l_v2,19.97999999999997,20.379999999999967,0.02392899911730464,0.03432880622284039,0.04898451817475366,0.028107749185352013,0.0,0.3167347799493175,0.45448042279548284,0.6432201304729759,0.36961677040683355,0.0,-0.14047405064448318,0.15280027139907776,0.35934855218972717,0.12072756491177446,0.7,-0.15089177412205002,0.1697516526679752,0.379986979702575,0.14677801503319576,0.6666666666666666,-0.020240487447431437,0.02570000012031895,0.07509607296047546,0.031240218662156014,0.0,0.219999999993572,0.21999999996479822,0.10290104982135122,0.19607100087625995,0.11655984554687136,0.23393289020895533,0.16631744662634335,0.013722806562408485,7.714651800882018e-08,1.0,0.0036515365423892276,0.004079831594935724,0.00026367631248504057,0.6101851851851852,0.5666666666666667,0.02894166594090332,0.5627808866936644,0.5449531488758639,0.009634707238659817,1,0,1,1
01_low_friction_mu_0p12_p2l_v2:0042,01_low_friction_mu_0p12_p2l_v2,20.17999999999997,20.57999999999997,0.037527398112783,0.037527398112783,0.07220052943508823,0.022376834659341604,0.0,0.475116378960666,0.475116378960666,0.8670394539042633,0.2770785764537198,0.0,-0.13887448248436568,0.13887448248436568,0.23624587059163743,0.0385816126518324,0.85,-0.1581136511313546,0.1581136511313546,0.258947514952639,0.049885001186009456,1.0,-0.0161301730068433,0.01650558817793404,0.04725600410592132,0.015243273856192925,0.0,0.2199999999924085,0.21999999996912525,0.08408506552939089,0.18247260187968764,0.07486885383737658,0.127292433254876,0.09160184241833666,0.006972323350600048,7.776455957891486e-08,1.0,0.004043076933800842,0.004593492312928698,0.0003560466464668871,0.6296296296296297,0.6111111111111112,0.012283795519834793,0.5384658259419497,0.5048119066211305,0.02425299395856741,1,0,1,1
01_low_friction_mu_0p12_p2l_v2:0043,01_low_friction_mu_0p12_p2l_v2,20.379999999999967,20.779999999999966,0.031181442778327854,0.03510172633649975,0.07220052943508823,0.030343180711075876,0.0,0.38890170855920997,0.4408363716629968,0.8670394539042633,0.3804609020129212,0.0,-0.08171421509064343,0.08171421509064343,0.1320362924902042,0.030525206676655002,0.35,-0.09501341094897918,0.09501341094897918,0.13330519302866423,0.028740988995082827,0.5,-0.010778894430912666,0.010803758856268254,0.016352410638184725,0.006087060140293536,0.0,0.21999999999184894,0.21999999997199474,0.13967324410957513,0.18881855721352112,0.12498658902301558,0.055275471801724235,0.010291171798124797,0.007858306865064488,7.087969520647484e-08,1.0,0.004058413924777358,0.004593492312928698,0.0003181463719386285,0.612962962962963,0.5944444444444444,0.015603981061437693,0.5090508892702151,0.4807813346102468,0.019969258008971136,1,0,1,1
01_low_friction_mu_0p12_p2l_v2:0044,01_low_friction_mu_0p12_p2l_v2,20.57999999999997,20.97999999999997,0.03512524097587402,0.03904552453404592,0.058591663356302254,0.022889676019413267,0.0,0.4493524866677368,0.5012871497715236,0.7553493788772118,0.2972811039786058,0.0,-0.03498112271910116,0.03498112271910116,0.07896085422437635,0.023125557851207797,0.0,-0.04786530127370411,0.04786530127370411,0.07507464531454267,0.02224011437722625,0.0,-0.011023309480222796,0.011048173905578385,0.030946178516418454,0.010674494317520555,0.0,0.2199999999920621,0.21999999997308795,0.18584759264148415,0.184874759016194,0.17213469869941414,0.055982317992005495,0.012117415414007732,0.008419871100825881,6.673902847990958e-08,1.0,0.003931654360078042,0.004133712058886332,0.00013002993809963675,0.5814814814814814,0.5555555555555556,0.01915570450516406,0.4771096033829832,0.4370037575440636,0.02531326602274797,1,1,1,1
01_low_friction_mu_0p12_p2l_v2:0045,01_low_friction_mu_0p12_p2l_v2,20.779999999999966,21.179999999999964,0.022719036490164133,0.03215134395814289,0.049154887242511686,0.027636894619698812,0.0,0.2919869565927664,0.40631409396666784,0.628957318246692,0.3482209910666947,0.0,-0.015485479915363792,0.015485479915363792,0.02675550666581597,0.004178663109143374,0.0,-0.02050941628872303,0.021459794133544857,0.04247755611486684,0.014211420381077401,0.0,-0.00480885661285102,0.01076009479466549,0.030946178516418454,0.0141154772503588,0.0,0.21999999999242403,0.21999999997487568,0.20454341516899538,0.19728096350225913,0.19949058368621717,0.05335032593937235,0.010088927977737031,0.005588600875174609,8.750642117665278e-08,1.0,0.0041499784262915415,0.004539067820861575,0.00021538644758974785,0.5518518518518518,0.5222222222222223,0.016249934050726143,0.42647723853388236,0.38221169328805665,0.032199860103837775,1,1,1,1
01_low_friction_mu_0p12_p2l_v2:0046,01_low_friction_mu_0p12_p2l_v2,20.97999999999997,21.379999999999967,-0.07980865042853626,0.09619361284270682,0.24896193445820372,0.10306096634516397,0.3333333333333333,-1.058942989356008,1.2685954287715722,3.5056477884246604,1.411166755596961,0.16666666666666666,0.03583951566360717,0.05220574764998698,0.1701447466771714,0.0678479327104748,0.25,0.06022294645925677,0.07424217419186581,0.1825052864342558,0.08107434691952185,0.3333333333333333,0.01630343461574976,0.019656257987460565,0.039051900035137116,0.01791212140716603,0.0,0.11110000000161158,0.1110999999887519,0.1445004914153931,0.1921919837647131,0.17260627978250379,0.6349319193372022,0.42333547117116227,0.4226408622695831,1.3434763870630379e-07,1.0,0.004101453665832516,0.004539067820861575,0.00041212022980252584,0.5777777777777778,0.5222222222222223,0.050511784062910584,0.39024280319809773,0.37231597360671437,0.011684089209752812,0,0,1,1
01_low_friction_mu_0p12_p2l_v2:0047,01_low_friction_mu_0p12_p2l_v2,21.179999999999964,21.579999999999963,-0.09722194550629044,0.09722194550629044,0.24896193445820372,0.08640218991052208,0.3333333333333333,-1.2857533750378323,1.2857533750378323,3.5056477884246604,1.2042849074417423,0.16666666666666666,0.04390540858704657,0.04421966370875752,0.1701447466771714,0.06184480898702775,0.25,0.0679321932894921,0.06840906802955168,0.1825052864342558,0.07364199082804436,0.3333333333333333,0.016292302149311284,0.01670715131260229,0.039051900035137116,0.016379279069413798,0.0,0.0011000000066041515,0.0011000000009667808,0.042876065738591596,0.09960527884760867,0.07079240136497941,0.7065970868880203,0.4280759787072726,0.02343646140145711,1.238461148103846e-07,1.0,0.003953501497183799,0.00449465082746922,0.0003836551202451382,0.6407407407407408,0.55,0.04190262407031393,0.38946415251321276,0.37231597360671437,0.008641935742040746,0,0,1,1
01_low_friction_mu_0p12_p2l_v2:0048,01_low_friction_mu_0p12_p2l_v2,21.379999999999967,21.779999999999966,-0.011924921707894423,0.027667851017915444,0.03591612477515497,0.02711031857808282,0.0,-0.15911541088907014,0.35901073140652623,0.47949201892083265,0.35304474780832723,0.0,-4.236036370494605e-05,0.00023954554400899657,0.0007433756270177837,0.0002865946767987716,0.0,0.0004650777663754932,0.0030278566621726537,0.005983895704816476,0.0035787005944925877,0.0,0.0005519072188794207,0.0030857331713366105,0.006054275545358524,0.003662611603664562,0.0,1.2789769243681803e-12,0.0,0.0002192252245126711,0.02766785101933653,0.0030278566621726537,0.3123193550913732,0.28785265670514576,0.0028813058315892703,6.987812933236915e-08,1.0,0.003983991247221188,0.0045998484838551765,0.00036396475502544135,0.6694444444444446,0.6555555555555556,0.006211299937499434,0.39867328022901843,0.39107976949553785,0.004070739980085433,1,1,1,1
01_low_friction_mu_0p12_p2l_v2:0049,01_low_friction_mu_0p12_p2l_v2,21.579999999999963,21.97999999999996,0.0022966270099092803,0.020686398663586302,0.035851964072781066,0.024357513917377706,0.0,0.024936240773989062,0.27419244117614444,0.47949201892083265,0.32578003943868256,0.0,7.57064373893343e-06,0.0001646448812211979,0.0004903816584039813,0.0002095479425945505,0.0,0.0008248175914844847,0.002855452938376021,0.005983895704816476,0.0033582176720425966,0.0,0.0008817223028962015,0.0028882983862952814,0.006054275545358524,0.0034043258924159473,0.0,0.0,0.0,0.00017104673620207595,0.020686398663586302,0.002855452938376021,0.015624598897049681,0.006776356052946455,0.004089152600732724,6.725789476189295e-08,1.0,0.003811963575562682,0.0045998484838551765,0.0004486427465157822,0.6722222222222224,0.6722222222222223,1.1102230246251565e-16,0.40398849206717286,0.40039098341548135,0.0034796125376550207,1,1,1,1
01_low_friction_mu_0p12_p2l_v2:0050,01_low_friction_mu_0p12_p2l_v2,21.779999999999966,22.179999999999964,0.116970403622038,0.12531545740443506,0.3015017505669867,0.1358002685523951,0.42857142857142855,1.5550773814077525,1.6673358621182415,4.140133114666801,1.807914177680221,0.42857142857142855,-0.0003571396245532944,0.00042373379941722017,0.0016002220429709405,0.0005467875026597016,0.0,0.00010920454214952482,0.004851135204332914,0.010509212242318943,0.005651896351963517,0.0,0.0006106186895831535,0.004550708375364301,0.009092860259827246,0.005192717609226444,0.0,0.12299999999275446,0.0,0.00045310084107380073,0.021519182802835848,0.004851135204332914,0.7142435197468933,0.6469677501806256,0.018146397646774795,8.242631393290035e-06,1.0,0.0036924701316243293,0.0042862471896299645,0.00040308348474054213,0.6714285714285716,0.6666666666666666,0.0019440394783993796,0.4046213843735927,0.3994675326074033,0.004243314805709108,0,1,1,1
01_low_friction_mu_0p12_p2l_v2:0051,01_low_friction_mu_0p12_p2l_v2,21.97999999999996,22.37999999999996,0.21180102913363796,0.21180102913363796,0.3015017505669867,0.07271089557657084,1.0,2.794326476490856,2.794326476490856,4.140133114666801,0.9666724858509149,0.5,-0.0016465650373150716,0.0016583198853129632,0.0037112676105181086,0.001120301490794724,0.0,-0.003577799851485487,0.007669627332454875,0.010509212242318943,0.007057937507043493,0.0,-0.001643667449853067,0.006646026034608711,0.009092860259827246,0.006649105904909049,0.0,0.2729999999856547,0.0,0.0016790004192059206,0.08869955437922462,0.007669627332454875,0.7816792992727184,0.5832305376936168,0.00661659876486953,8.235185427096278e-06,1.0,0.0037502528372129196,0.0042862471896299645,0.0003292285274013234,0.6527777777777778,0.6055555555555555,0.023949105845143665,0.40167586227139057,0.39873942058215933,0.003870244596293447,0,1,1,1
01_low_friction_mu_0p12_p2l_v2:0052,01_low_friction_mu_0p12_p2l_v2,22.179999999999964,22.579999999999963,0.12381286216131833,0.12381286216131833,0.21996861158910258,0.05621866664073542,0.8333333333333334,1.6320205591139099,1.6320205591139099,2.8016123832789193,0.7276049395248643,0.0,-0.0038557955506960924,0.0038557955506960924,0.0068510196231973165,0.0015004494642349682,0.0,-0.003156552629518483,0.0068337009641800525,0.009398947306728847,0.006395897522862109,0.0,0.0011901972315379408,0.0062717170402001145,0.012271586510646616,0.007002212419469034,0.0,0.2999999999858005,0.0,0.003939682474249028,0.17618713782448223,0.0068337009641800525,0.44889674572952315,0.009248372930264818,0.0064230446761787685,7.016520295463365e-08,1.0,0.0037588287647200816,0.004139508242265355,0.0002918821335680464,0.6333333333333333,0.6055555555555555,0.01666666666666667,0.3992889601850253,0.3957990264449285,0.0019552486868889074,0,1,1,1
01_low_friction_mu_0p12_p2l_v2:0053,01_low_friction_mu_0p12_p2l_v2,22.37999999999996,22.77999999999996,0.05844259960227827,0.05844259960227827,0.15028607626735718,0.049165194840088286,0.3333333333333333,0.7782066953432202,0.7782066953432202,2.1253660729313384,0.6896629550089891,0.0,-0.0047136066965563815,0.0047136066965563815,0.008454824640349965,0.00259609314795649,0.0,-0.003754796158841329,0.007304056766759261,0.012252807009664201,0.006883583213447418,0.0,0.000519514698719864,0.006132068022479297,0.012271586510646616,0.007049506220860638,0.0,0.2999999999871372,5.442939546367434e-12,0.004692979288221709,0.2415574003853467,0.007304056766702326,0.3824315071748435,0.18875520521835384,0.013043827844198413,7.47809040227258e-08,1.0,0.0038686288630336066,0.004480423812525922,0.0003932547568795685,0.6351851851851852,0.6222222222222222,0.010955703302036322,0.39131250812724633,0.3820757240521979,0.007488422277749396,0,1,1,1
01_low_friction_mu_0p12_p2l_v2:0054,01_low_friction_mu_0p12_p2l_v2,22.579999999999963,22.97999999999996,0.009227621423674162,0.02010651049213133,0.028811797134405903,0.01928171879462776,0.0,0.11210635683279986,0.25440866683189794,0.3634148205327164,0.24492864672993586,0.0,-0.002311537281822198,0.002311537281822198,0.008454824640349965,0.0031800715874345173,0.0,-0.0004988810137019263,0.007713577024769494,0.012252807009664201,0.008204428757976816,0.0,0.0010747241817667663,0.0064936735855299944,0.00963496339518391,0.006844037048032891,0.0,0.2999999999898906,1.591889013770224e-11,0.002204427797217707,0.2907723785667042,0.007713577021220576,0.21404840024691207,0.18115420568597432,0.008642526187957784,8.31820662874719e-08,1.0,0.004002035628172776,0.004480423812525922,0.00042074046667776215,0.6416666666666666,0.6222222222222222,0.011893733869134384,0.38443937650525317,0.3748548994726881,0.005362345034199082,1,1,1,1
01_low_friction_mu_0p12_p2l_v2:0055,01_low_friction_mu_0p12_p2l_v2,22.77999999999996,23.179999999999957,0.007456635816609436,0.024552544085143124,0.047217722609511126,0.025765609151334315,0.0,0.09718432285158778,0.3214158914194234,0.636198277594253,0.34004518248338844,0.0,-0.0002890423258799637,0.000295317161677669,0.000640626180151104,0.00017434183991359105,0.0,0.0032254520815596984,0.004370965627766773,0.009195839516894936,0.00415340979057775,0.0,0.0035478715461367103,0.004520836608952832,0.00963496339518391,0.004151312484547648,0.0,0.2999999999913072,2.0951901182669614e-11,0.00026927353162250713,0.2925433641746978,0.004370965613798838,0.01407038299199834,0.006823205174701251,0.005077241050688351,1.0745783349099633e-07,1.0,0.003832862042216834,0.0044673772957193785,0.0003623258719436139,0.6398148148148147,0.6277777777777778,0.009305440389926768,0.38681249648713023,0.3748548994726881,0.006185515321152583,1,1,1,1
01_low_friction_mu_0p12_p2l_v2:0056,01_low_friction_mu_0p12_p2l_v2,22.97999999999996,23.37999999999996,0.008011308356762179,0.02512770797971467,0.047217722609511126,0.026782269712967266,0.0,0.1034138277630162,0.33280450371022385,0.636198277594253,0.3572893117287001,0.0,-0.0002621175982980571,0.0002703155044258017,0.0005771536745038194,0.00017629838146102355,0.0,0.003152370086123449,0.004676042596382944,0.01325193693480407,0.005329847628908273,0.0,0.0033774404761175007,0.004901377461824615,0.013681018226671941,0.005461593711685917,0.0,0.2999999999913072,2.0951901182669614e-11,0.0002489665697388228,0.29198869163454505,0.0046760425824150095,0.01465639686985344,0.007078838584007368,0.005412668504272128,9.69160714862388e-08,1.0,0.003780321228718119,0.004209623559207841,0.00023964217989052314,0.637037037037037,0.6277777777777778,0.007635380788180875,0.3962463725043818,0.383898292388666,0.008546006653507156,1,1,1,1
01_low_friction_mu_0p12_p2l_v2:0057,01_low_friction_mu_0p12_p2l_v2,23.179999999999957,23.579999999999956,0.01832707025767416,0.031222773991170016,0.06846692637337554,0.03410712582738376,0.0,0.24163070073393633,0.41662178433403235,0.8905651067627205,0.4577906558488063,0.0,-0.0002942410068453428,0.00029616407717538204,0.0005741819484402637,0.00017344668377505167,0.0,0.004349980390790781,0.006992424768233466,0.01325193693480407,0.00666108394350897,0.0,0.00457555743703792,0.00715891744023408,0.013681018226671941,0.006786609372081784,0.0,0.2999999999913072,2.0951901182669614e-11,0.00024941897436953916,0.28167292973363306,0.006992424761249499,0.014240213061095726,0.006327900832408131,0.005390209184809149,7.528960684022433e-08,1.0,0.003716292450041074,0.004209623559207841,0.00031796868862414335,0.6342592592592592,0.6222222222222222,0.008735167714867228,0.4029625062278576,0.39670161385513025,0.004384634400602414,1,1,1,1
01_low_friction_mu_0p12_p2l_v2:0058,01_low_friction_mu_0p12_p2l_v2,23.37999999999996,23.77999999999996,0.027090704235145747,0.03797488292621393,0.06846692637337554,0.033132816264949176,0.0,0.3413847846337911,0.4946077070498238,0.8905651067627205,0.4436955625085169,0.0,-0.0002815276521527613,0.00028490254955942246,0.0005741819484402637,0.00016041079948955474,0.0,0.004175692732995925,0.005294464600179116,0.01102701272865548,0.004378242818928695,0.0,0.004451460855831374,0.005510883873320421,0.011384943307531393,0.004414699263979158,0.0,0.2999999999913072,2.0951901182669614e-11,0.0002535830254028341,0.27290929575616146,0.0052944645862111825,0.013175324529206132,0.006450510260381504,0.005048724016286721,8.694422640783055e-08,1.0,0.0038146822876251323,0.004690795209722682,0.0005361120371199811,0.6342592592592592,0.6055555555555555,0.01826211381788521,0.3951996609409701,0.38232867863646003,0.00817599207612093,1,1,1,1
01_low_friction_mu_0p12_p2l_v2:0059,01_low_friction_mu_0p12_p2l_v2,23.579999999999956,23.979999999999954,0.011389889603862021,0.022846346626141767,0.04163480569733513,0.0230604259840859,0.0,0.12807743404551541,0.2899192701156867,0.4791208166790713,0.2924316110357407,0.0,-0.00025534286991268636,0.00025871776731934754,0.0006662842089902108,0.00014760451565535784,0.0,0.004330692603865471,0.004330692603865471,0.006779526123474339,0.002090815277622448,0.0,0.00461847170965854,0.00461847170965854,0.007040612635293482,0.0020146717269214185,0.0,0.2999999999913072,2.0951901182669614e-11,0.00026448829784069276,0.28861011038744516,0.0043306925829135695,0.012541128682642032,0.00583069329711296,0.004775602741626238,9.641195585836364e-08,1.0,0.0038332824988845573,0.004690795209722682,0.000529299076809843,0.6416666666666666,0.6055555555555555,0.017198310760191415,0.38367653982633004,0.3725594954060995,0.006386796763961675,1,1,1,1
01_low_friction_mu_0p12_p2l_v2:0060,01_low_friction_mu_0p12_p2l_v2,23.77999999999996,24.179999999999957,0.005167026303102164,0.011620124900525173,0.021795990927903408,0.011933485913862915,0.0,0.06168368641282995,0.14981578002160637,0.25423398001430275,0.15192139682686157,0.0,-0.00026052654492890264,0.00026052654492890264,0.0006662842089902108,0.00016182101712063773,0.0,0.0029221437502114415,0.004869473026686485,0.006779526123474339,0.004278481785256202,0.0,0.003120503922871653,0.004988832888503796,0.007040612635293482,0.004239204396738609,0.0,0.2999999999913072,2.0951901182669614e-11,0.00025134156586440105,0.2948329736882051,0.00486947301271855,0.012896644952920729,0.005192574186858144,0.0044565747841475815,7.073368125949248e-08,1.0,0.003733653784328857,0.0045963577472638885,0.00047249636071539726,0.6370370370370371,0.6111111111111112,0.012283795519834814,0.38062258034715324,0.3725594954060995,0.004000736739075833,1,1,1,1
01_low_friction_mu_0p12_p2l_v2:0061,01_low_friction_mu_0p12_p2l_v2,23.979999999999954,24.379999999999953,0.007465772827957527,0.012188612491078785,0.036920611262486414,0.016237062001301716,0.0,0.09439820894769486,0.15785370171843918,0.49905251087783364,0.21371014548966866,0.0,-0.00030138319390602477,0.00030138319390602477,0.000737898772252369,0.00020188888513886387,0.0,7.766463707523357e-05,0.005210078728324801,0.0071615351705893926,0.005399088810829991,0.0,0.00022401815365720676,0.00518620535770543,0.007360942890234829,0.005383032660287917,0.0,0.2999999999913072,2.0951901182669614e-11,0.00025812506430580086,0.2925342271633497,0.0052100787283248,0.014002355762571788,0.006760317408600199,0.003970500765665077,5.615539603762729e-08,1.0,0.0036876249849495464,0.0045963577472638885,0.0004646690456812616,0.6342592592592592,0.6111111111111112,0.01083768510251815,0.3809091641251261,0.37505216872078356,0.003173753886665016,1,1,1,1
01_low_friction_mu_0p12_p2l_v2:0062,01_low_friction_mu_0p12_p2l_v2,24.179999999999957,24.579999999999956,0.023870774066661094,0.028477567724096774,0.11987786034306808,0.04548310915792574,0.16666666666666666,0.30722807458844903,0.371748282994445,1.5344073207645827,0.5854350143061106,0.0,-0.00036040941570413026,0.00036040941570413026,0.000737898772252369,0.00018821617246102588,0.0,0.0030166228795932433,0.006332921492554377,0.016932615594747492,0.007644583989331524,0.0,0.0031733385640975997,0.006346510372304504,0.017090076184857247,0.007657018462347726,0.0,0.2999999999913072,2.0951901182669614e-11,0.0002984553964453992,0.2761292259246461,0.0063329214925543775,0.01478374199860007,0.007169633121586205,0.004761765466065848,7.52217401415338e-08,1.0,0.0035215457463063714,0.003962061225337637,0.0002206807227882856,0.6407407407407407,0.6388888888888888,0.0026189140043946634,0.3659982103552138,0.3419048305554535,0.015139792931902723,1,1,1,1
01_low_friction_mu_0p12_p2l_v2:0063,01_low_friction_mu_0p12_p2l_v2,24.379999999999953,24.77999999999995,0.02131377908693405,0.04448457674921874,0.11987786034306808,0.05744800282994302,0.16666666666666666,0.26149046832453576,0.5801964460719852,1.5344073207645827,0.7447614631672952,0.0,-0.00029685944103400815,0.000314768557577689,0.0005672694858802025,0.00017770123050748829,0.0,0.004614165379484267,0.005651480288311521,0.016932615594747492,0.0068010667515345895,0.0,0.004723769334647313,0.0056961575082940035,0.017090076184857247,0.006838008514008934,0.0,0.2999999999913072,2.0951901182669614e-11,0.0002905899842097657,0.27868622090437317,0.005651480288311521,0.013712495800751682,0.006247828644061828,0.004268234672428352,7.148452078910702e-08,1.0,0.003608034907042332,0.003972540865944745,0.00026226900681048596,0.6509259259259258,0.6388888888888888,0.01083768510251819,0.35088062441561135,0.3419048305554535,0.006490979571452708,1,1,1,1
01_low_friction_mu_0p12_p2l_v2:0064,01_low_friction_mu_0p12_p2l_v2,24.579999999999956,24.979999999999954,-0.003740660165065232,0.029579729220195337,0.07751720716539032,0.03833005495142227,0.0,-0.060970461667593644,0.39118826914258703,0.9906534224249801,0.4988949980526255,0.0,-0.0002359391522690422,0.00025384826881272304,0.00048771446595067305,0.00016304655199696666,0.0,0.0004846450492183931,0.003392149929292418,0.009909839057533894,0.00458397342369065,0.0,0.0006486631330282114,0.0033556523638412048,0.010061176609852462,0.004550161543085142,0.0,0.29999999999128835,2.0843725605911266e-11,0.00027422668592656893,0.30374066015634343,0.0033921499361217133,0.014628693577057726,0.006372693141816573,0.00534586251684167,7.368037699331402e-08,1.0,0.0037438354506038047,0.004223222650156428,0.00028336693372678866,0.6629629629629629,0.65,0.008281733249999233,0.36460356077673756,0.3470760158052528,0.016234719394426222,1,1,1,1
01_low_friction_mu_0p12_p2l_v2:0065,01_low_friction_mu_0p12_p2l_v2,24.77999999999995,25.17999999999995,0.005877626657590451,0.025699087020139472,0.08027799003281694,0.035574456779475454,0.16666666666666666,0.06971621923079253,0.3377976283797977,1.0325605591412388,0.46240316616970617,0.0,-0.0002962952420277839,0.0002962952420277839,0.0006032723397326658,0.0001517454005914604,0.0,-0.002237566013702039,0.002925867442361393,0.005690967761732532,0.002632829907556873,0.0,-0.0019706968302915305,0.0028522266691511484,0.005487475063765698,0.002618540030646114,0.0,0.29999999999119953,2.0388249493244543e-11,0.00029441433472898574,0.29412237333359886,0.0029258674490388633,0.01465824522739042,0.006491593550787473,0.005027585986044095,8.090400085923622e-08,1.0,0.0037767100725214953,0.004223222650156428,0.00026479260606647887,0.6731481481481482,0.6555555555555556,0.014843721798038324,0.3823831784007485,0.36994793831209627,0.007228212117474391,1,1,1,1
01_low_friction_mu_0p12_p2l_v2:0066,01_low_friction_mu_0p12_p2l_v2,24.979999999999954,25.379999999999953,0.02407026121686846,0.03424471431096971,0.08027799003281694,0.03389614894896543,0.16666666666666666,0.30798277364068466,0.4445953782360686,1.0325605591412388,0.4393239444993046,0.0,-0.0003191836699777419,0.0003191836699777419,0.0006032723397326658,0.00014243694722398283,0.0,0.000264970062402543,0.006143766995693836,0.01049849901571823,0.006993019230936784,0.0,0.0006165537101329414,0.006243897234518556,0.010908713375419607,0.0070966923593447015,0.0,0.2999999999911296,2.0040948957336164e-11,0.00032269662554777013,0.27592973877426114,0.006143766995693835,0.012431909963280932,0.005710333892289146,0.0028827349602775177,6.995331952249403e-08,1.0,0.0038128965198608923,0.0040451279654644245,0.00018853090900835693,0.6944444444444445,0.6555555555555556,0.022680460581325716,0.38726287669465814,0.3805237805666245,0.0074843980286692785,1,1,1,1
01_low_friction_mu_0p12_p2l_v2:0067,01_low_friction_mu_0p12_p2l_v2,25.17999999999995,25.57999999999995,0.0058986810878876765,0.02494617924365311,0.04338636474988411,0.027432998257538165,0.0,0.08415006472349112,0.31370254333941733,0.5485163284724577,0.34347955503556576,0.0,-0.0002279406623640227,0.0002763376347733293,0.0006278999752837475,0.0002247792629032831,0.0,0.00033209202892216325,0.006926082388819833,0.01049849901571823,0.007339187409024782,0.0,0.0007395752392883346,0.007008432566432482,0.010908713375419607,0.007412737269321467,0.0,0.2999999999911296,2.0040948957336164e-11,0.0003132002048816156,0.2941013189032419,0.006926082388819833,0.011176596150833757,0.004790328998094803,0.0031448725441705757,7.620054249910833e-08,1.0,0.004082086502063309,0.004629161241269443,0.00028265722323980806,0.7175925925925926,0.6888888888888889,0.014843721798038313,0.4011357082553542,0.3805237805666245,0.015436969568211768,1,1,1,1
01_low_friction_mu_0p12_p2l_v2:0068,01_low_friction_mu_0p12_p2l_v2,25.379999999999953,25.77999999999995,0.009180553394303723,0.028250442128066548,0.05809871249020013,0.03191247568524518,0.0,0.11051366641318905,0.3457521796857383,0.6522882431323657,0.38346692544374106,0.0,-0.00018266624946648653,0.00026367144120262493,0.0006278999752837475,0.000246457124585614,0.0,9.650576941814153e-05,0.003973728882654569,0.00648733044026301,0.004245436065610204,0.0,0.0003811609415189931,0.004031683616763073,0.005927368850249644,0.004215789233124607,0.0,0.2999999999911296,2.0040948957336164e-11,0.0002927036615797612,0.29081944659682585,0.003973728875974252,0.01260316735595969,0.006260263261781721,0.003566448365947379,7.61493371363819e-08,1.0,0.004095596886923138,0.004864921145985264,0.0005507281022763554,0.7222222222222222,0.7111111111111111,0.00962250448649373,0.4158245105058951,0.39629141523012296,0.01441859074000744,1,1,1,1
01_low_friction_mu_0p12_p2l_v2:0069,01_low_friction_mu_0p12_p2l_v2,25.57999999999995,25.979999999999947,-0.022724187479163133,0.056048584520100864,0.12900384448735788,0.0641701693523185,0.16666666666666666,-0.30888500347163084,0.7123625457738126,1.6233822383829875,0.8016382778281897,0.0,0.0913637559161786,0.09169469626456936,0.34135414297099737,0.14239708315042313,0.3,0.10662015845002405,0.1078706626222276,0.3432445638063209,0.14960146301991661,0.3333333333333333,0.005451143883382876,0.006921071243033164,0.02723360192343294,0.010098127546869836,0.0,0.2663999999945721,0.09800000000531177,0.007576866835399476,0.28552418747395786,0.004985852689065597,0.35824516035945936,0.308231178653541,0.008644701403106721,8.778786421650839e-08,1.0,0.0038381475939253356,0.004864921145985264,0.0005346652058880263,0.7351851851851853,0.7111111111111111,0.01942238607722501,0.4259935438674569,0.39629141523012296,0.015701974564023904,1,0,1,1
01_low_friction_mu_0p12_p2l_v2:0070,01_low_friction_mu_0p12_p2l_v2,25.77999999999995,26.17999999999995,-0.04930649251516078,0.06066081753177512,0.12900384448735788,0.05475996659884844,0.3333333333333333,-0.6465795673778408,0.7943525206457237,1.6233822383829875,0.7110157034423846,0.0,0.17527121182843727,0.17536358283800638,0.34135414297099737,0.11872931035427886,0.7,0.21043891951202764,0.2116894236842312,0.3432445638063209,0.11354234585130675,0.8333333333333334,0.025896922178895537,0.027366849538545828,0.06246449535419285,0.022729483336551465,0.0,0.20639999999748082,0.27299999997121,0.10146183840764116,0.252106492512875,0.07306108045662235,0.40603023923939435,0.2600260277658917,0.016229472890394808,8.441130421721249e-08,1.0,0.00385927586358174,0.004606935354588437,0.0004096860044102261,0.6953703703703704,0.6111111111111112,0.059612661491925435,0.4442955224042309,0.4223682829168684,0.015906765094467205,1,0,1,1
01_low_friction_mu_0p12_p2l_v2:0071,01_low_friction_mu_0p12_p2l_v2,25.979999999999947,26.379999999999946,-0.026998833910278467,0.041752672101889966,0.09348599164049926,0.04245007310367152,0.16666666666666666,-0.3245711064765436,0.5122399910639053,1.290060337778786,0.5533999632578586,0.0,0.09111525734006021,0.09594669644533708,0.26988513626288935,0.09096024166507417,0.4,0.12388102558768861,0.12606537233218038,0.2744008235511908,0.09625348351653613,0.5,0.034568414057339764,0.034568414057339764,0.06246449535419285,0.013995861660473294,0.0,0.1799999999961288,0.3499999999596547,0.26194744580059426,0.206998833906164,0.22611897437349668,5.265410134243916,5.137387669225208,0.021817969976187096,0.0014879917194402085,1.0,0.004476359294747744,0.005826429180519244,0.0007385940470519629,0.6944444444444445,0.6111111111111112,0.05949029038595929,0.4702183324597087,0.44140068492630535,0.024702142750694735,1,0,1,1
01_low_friction_mu_0p12_p2l_v2:0072,01_low_friction_mu_0p12_p2l_v2,26.17999999999995,26.57999999999995,-0.019702226395946654,0.027374824935357516,0.054032758439970574,0.026668001264119418,0.0,-0.213712528751696,0.3023415546624435,0.5366491998333875,0.29209175989439484,0.0,0.007942677009202356,0.012774116114479215,0.04173148866638432,0.018013956181321976,0.0,0.019414528470348514,0.025981513318326776,0.06620876081992838,0.02976067539224891,0.0,0.013180648345204651,0.017693130855934002,0.0334218863637018,0.015433938206869514,0.0,0.17999999999461114,0.3499999999702161,0.342092467816326,0.1997022263903513,0.3305854715009436,5.26279018754319,5.15005600796825,0.039631737728389405,0.0015012821410441807,1.0,0.00490499151017587,0.005826429180519244,0.00046093323399615504,0.7583333333333333,0.7333333333333333,0.015298807075794745,0.49835918948420715,0.44947773767565735,0.023231574820611306,1,1,1,1
01_low_friction_mu_0p12_p2l_v2:0073,01_low_friction_mu_0p12_p2l_v2,26.379999999999946,26.779999999999944,-0.01770859239477166,0.024648469325793728,0.06257573247932918,0.026167794581111868,0.0,-0.1924630438806434,0.2724494855439004,0.6648783767889658,0.28622636809815766,0.0,0.018353452362855315,0.018353452362855315,0.051438964169502555,0.018225728607042243,0.0,0.013017579673312527,0.018041064231408322,0.04880209567390992,0.020579875570152617,0.0,-0.005665289807912033,0.01158814530400154,0.030730005751181788,0.014652336776893935,0.0,0.1799999999956725,0.34999999996317893,0.33098607909159794,0.1977085923897107,0.33698242029426556,0.9066275358984998,0.8353386534983501,0.06065062898726661,0.0007988751168769209,1.0,0.004900823495053329,0.005262577179172776,0.0002768934690777748,0.7601851851851852,0.7388888888888889,0.011748682907823627,0.5148807472386012,0.5007890118259716,0.00991789007479775,1,1,1,1
01_low_friction_mu_0p12_p2l_v2:0074,01_low_friction_mu_0p12_p2l_v2,26.57999999999995,26.979999999999947,-0.016876234531429907,0.02170078072994148,0.06257573247932918,0.023452497620049282,0.0,-0.180847084195166,0.23496999637998472,0.6648783767889658,0.25080627129809563,0.0,0.033041949593786514,0.033041949593786514,0.051438964169502555,0.006515027710951614,0.0,0.03320077368007444,0.033841620134683746,0.05760435195343261,0.01965076436251878,0.0,-0.0006235985264886704,0.014092513049179781,0.030730005751181788,0.017944548986649458,0.0,0.17999999999584237,0.3499999999438839,0.31647459435297803,0.19687623452649125,0.31679922626860807,0.903329363359724,0.8422559740266192,0.04371322066023138,0.0007876137091362975,1.0,0.005028301401229851,0.005280830962025103,0.0002662276085038132,0.7638888888888888,0.7388888888888889,0.013513443999376316,0.5099199753502789,0.4836024182751685,0.015499170412291007,1,1,1,1
01_low_friction_mu_0p12_p2l_v2:0075,01_low_friction_mu_0p12_p2l_v2,26.779999999999944,27.179999999999943,-0.004528486841338271,0.026461551442823448,0.06286972618234976,0.03185965941280504,0.0,-0.05867725247948438,0.2968332496089244,0.7348806412559814,0.3623733211371022,0.0,0.030750905875395213,0.030750905875395213,0.031115427172020094,0.00021052843685798178,0.0,0.037651679573830255,0.037651679573830255,0.05760435195343261,0.013613727667672259,0.0,0.006887920518548178,0.012702460933412763,0.0272062766754122,0.013661660260103183,0.0,0.17999999999442906,0.3499999999334591,0.3192657286622869,0.18452848683576736,0.31234832035962895,0.07699528580409812,0.01054777356698271,0.00668382686637687,4.292717853030616e-06,1.0,0.0050001694236141625,0.005280830962025103,0.00025889864159768164,0.7694444444444445,0.7555555555555555,0.010994761191701783,0.5238412975749761,0.4836024182751685,0.02555053868841532,1,1,1,1
01_low_friction_mu_0p12_p2l_v2:0076,01_low_friction_mu_0p12_p2l_v2,26.979999999999947,27.379999999999946,-0.003314878259778803,0.029785482387127925,0.06286972618234976,0.03347530626884283,0.0,-0.05038285979504648,0.3424021407065079,0.7348806412559814,0.384396323814423,0.0,0.03076728375792747,0.03076728375792747,0.031115427172020094,0.000174845534533284,0.0,0.032800502476056925,0.032800502476056925,0.049323790170284876,0.009736750535356609,0.0,0.001953292542744317,0.008190169682673934,0.018364400787809487,0.009649542888863194,0.0,0.1799999999946067,0.34999999993254816,0.31923383436057984,0.1833148782543855,0.3171994974564913,0.07621706619806422,0.008582080184635488,0.006385234125867598,4.4258979637245e-06,1.0,0.004687320755268826,0.005241154285084273,0.00034864892259421274,0.7453703703703703,0.7111111111111111,0.024724129486701264,0.5679443988937581,0.5374353729584367,0.02318999528959747,1,1,1,1
01_low_friction_mu_0p12_p2l_v2:0077,01_low_friction_mu_0p12_p2l_v2,27.179999999999943,27.57999999999994,0.0010474575650674528,0.02454128600616207,0.03594808100418073,0.025654305262487805,0.0,0.0190480280082837,0.28353336327614437,0.42803073904352096,0.2940714159650082,0.0,0.030263667870614498,0.030263667870614498,0.031006830267179986,0.0014290392309929845,0.0,0.030288162892753812,0.030288162892753812,0.03791962910415225,0.00791319707243566,0.0,-0.0005300258917583511,0.00685539748003645,0.014246941379229494,0.007917978782894911,0.0,0.17999999999483762,0.34999999993336806,0.31981482884643375,0.1789525424298175,0.319711837039764,0.07923917414607717,0.012841588085076837,0.007260414992010383,4.40745943410304e-06,1.0,0.004620158336672489,0.0055083613361645405,0.000438264021212907,0.7388888888888889,0.7111111111111111,0.018425693279752207,0.5946999238494427,0.586425320112784,0.005672899343881359,1,1,1,1
01_low_friction_mu_0p12_p2l_v2:0078,01_low_friction_mu_0p12_p2l_v2,27.379999999999946,27.779999999999944,0.0046650634747333886,0.024167290123274843,0.03594808100418073,0.0256766546936159,0.0,0.05847766506710863,0.2717537712463818,0.42803073904352096,0.28598045142546885,0.0,-0.002008924899584008,0.03882095822465466,0.2649965602961002,0.0675883547628531,0.1,-0.0838812897396395,0.12445078904209511,0.6249962363452038,0.2421114347981116,0.16666666666666666,-0.06245845111820294,0.06854191065567579,0.37803730230489957,0.14133344211729945,0.16666666666666666,0.1799999999940871,0.34299999992742486,0.3145799370594367,0.1753349365203002,0.31721462307922804,0.9192849906047449,0.8381111787330553,0.016878699567139305,4.502401497998231e-06,1.0,0.004803136817677579,0.0055083613361645405,0.00048034503850978897,0.7435185185185186,0.7166666666666667,0.01854165221713036,0.6091126739256839,0.5942663558196145,0.010235077455641521,1,0,0,1
01_low_friction_mu_0p12_p2l_v2:0079,01_low_friction_mu_0p12_p2l_v2,27.57999999999994,27.97999999999994,-0.002547810254818974,0.012486714439364832,0.029816712553637575,0.014915584555068686,0.0,-0.03766897162918493,0.1420518655530991,0.31314868177174243,0.1630844329557913,0.0,-0.016693879019408588,0.024269428127609773,0.2649965602961002,0.06201912141685904,0.1,-0.10371533961940375,0.11705594511947322,0.6249962363452038,0.233737191440123,0.16666666666666666,-0.0670859356383015,0.07154239701010477,0.37803730230489957,0.13964903932363612,0.16666666666666666,0.17999999999295024,0.34299999993598784,0.3296823944189066,0.18254781024876301,0.3254823261299176,0.9196248390974034,0.8374029014597459,0.014601378172731098,5.068088661779345e-06,1.0,0.004613744006019306,0.005348058979962633,0.0003865825994995357,0.726851851851852,0.7111111111111111,0.01854165221713037,0.6256976349257988,0.6152832275863149,0.007758121338952521,1,0,0,1
01_low_friction_mu_0p12_p2l_v2:0080,01_low_friction_mu_0p12_p2l_v2,27.779999999999944,28.179999999999943,-0.004079465857798864,0.023349489923800038,0.05781007219800352,0.02980589385833899,0.0,-0.06316131849471301,0.2620599166748207,0.596695794540323,0.3219690300343972,0.0,0.007113788530578194,0.0072472125533578876,0.026675296113902625,0.010407062640447759,0.0,-0.0003974542862114165,0.01204175167093092,0.03103251186272027,0.015511121773629935,0.0,-0.005058132186013041,0.013113232572845163,0.03092300338930204,0.015573876496182559,0.0,0.17999999999477878,0.3499999999456943,0.3567891211426464,0.18407946585214133,0.34960254566007504,0.9718449388659772,0.9185942529873861,0.013903191167118759,0.0012967275226759838,1.0,0.004616468583710657,0.0054769834591149695,0.00041740443968008755,0.7314814814814815,0.7111111111111111,0.01687117329471165,0.6120171799055676,0.577164223736361,0.022074670253531763,1,1,1,1
01_low_friction_mu_0p12_p2l_v2:0081,01_low_friction_mu_0p12_p2l_v2,27.97999999999994,28.37999999999994,-0.0033114515312538902,0.029191451483937373,0.05781007219800352,0.03222919613573988,0.0,-0.053879219113029876,0.3338925279932689,0.596695794540323,0.3556855271992244,0.0,0.007085200221552915,0.007085200221552915,0.026675296113902625,0.010415585524770706,0.0,0.0006805731376138269,0.010090865127722337,0.018059678450502104,0.011324061936748453,0.0,-0.004078968601929976,0.011457690862302,0.01730135343437278,0.012068093218335902,0.0,0.17999999999475547,0.3499999999471234,0.3567496087041404,0.18331145152546627,0.35068057308620904,0.9707500224651813,0.9216824101720571,0.013249494749215569,0.0012939948831317057,1.0,0.004565132867248504,0.0054769834591149695,0.0005019157502987635,0.7592592592592592,0.7277777777777777,0.019945054841238905,0.5749653449731111,0.5533991262910087,0.018300197309095097,1,1,1,1
01_low_friction_mu_0p12_p2l_v2:0082,01_low_friction_mu_0p12_p2l_v2,28.179999999999943,28.57999999999994,0.002799249221161648,0.026122155772030625,0.0551930475543253,0.028834847894842357,0.0,0.03364975193586776,0.3155980714950033,0.655478234308304,0.3467257591528964,0.0,0.00047009703813599425,0.00047009703813599425,0.0008350897357536913,0.00016834417956489774,0.0,-0.003024937954404069,0.008170919861520434,0.016043248905104,0.008439573835326187,0.0,-0.003538976373101077,0.008489501091006149,0.016795456728479097,0.00856208317947505,0.0,0.17999999999278926,0.34999999995028325,0.3504939380973943,0.17720075077162317,0.34697506199534894,0.06317841250698393,0.009452504020092765,0.007371998148096984,1.0525342596044058e-07,1.0,0.004337616410131793,0.004747864246470252,0.0002415091317802913,0.7761904761904761,0.75,0.020296368019911776,0.5272835717372799,0.46611633283352877,0.0340267694932661,1,1,1,1
01_low_friction_mu_0p12_p2l_v2:0083,01_low_friction_mu_0p12_p2l_v2,28.37999999999994,28.779999999999937,0.008121634268984462,0.021196293561962704,0.0551930475543253,0.02611188298886943,0.0,0.09547136838978829,0.2525718666991443,0.655478234308304,0.3117150203256173,0.0,0.0005334604052495723,0.0005334604052495723,0.0008350897357536913,0.00019270252480638677,0.0,0.00210563628944771,0.0059927508569293285,0.010083623061512892,0.006506844997691928,0.0,0.001584510006615977,0.006001525390560021,0.009898171021408553,0.006580466468692584,0.0,0.1799999999929014,0.3499999999454837,0.3505273688604057,0.17187836572394738,0.3521056362347492,0.06459656240267717,0.009634958631501008,0.007974444556790524,8.395132022089562e-08,1.0,0.004516275695525938,0.0050929160977935895,0.00031608305923748275,0.7841269841269841,0.75,0.01979359351323796,0.4765495294709413,0.4338499859443158,0.03803729730712653,1,1,1,1
01_low_friction_mu_0p12_p2l_v2:0084,01_low_friction_mu_0p12_p2l_v2,28.57999999999994,28.97999999999994,-0.002046556500627355,0.009119142364690372,0.01988068679703356,0.011349664495377582,0.0,-0.02466518947047854,0.104374547105015,0.22297777157789445,0.12866959367392256,0.0,0.0005293560369307143,0.0005293560369307143,0.0008461009334049252,0.00019395432278357418,0.0,0.0010818541030463795,0.005503850333903863,0.010615714091797013,0.006860818225809123,0.0,0.0005258517767211442,0.005431280127029305,0.011412822575055104,0.006979706042573176,0.0,0.17999999999307792,0.34999999994402053,0.35051525967305724,0.18204655649379817,0.35108185404660186,0.06497278685047818,0.009525758272289039,0.0055655252405079,5.442734232454228e-08,1.0,0.004667530583161513,0.0050929160977935895,0.00030200011812351484,0.7851851851851852,0.7666666666666667,0.011415581486979546,0.4265818028299719,0.397085121273674,0.017083526575460972,1,1,1,1
01_low_friction_mu_0p12_p2l_v2:0085,01_low_friction_mu_0p12_p2l_v2,28.779999999999937,29.179999999999936,0.004141235121385423,0.017398185887785717,0.04115504579928392,0.020745651088081338,0.0,0.06687069740257448,0.2193364074494918,0.5642304336793066,0.2696338683640078,0.0,0.00045735485323432633,0.00045735485323432633,0.0008461009334049252,0.000191416104638539,0.0,-0.0009618895714854544,0.009809174105820467,0.021697476940120752,0.011764258513453134,0.0,-0.0014329772939818963,0.009773702158178224,0.02220721578142526,0.011872500918959967,0.0,0.17999999999327332,0.34999999994210756,0.3504582138610167,0.1758587648719038,0.34903811037024807,0.06595229577189515,0.009093957076789437,0.005864022815692468,7.350830996855201e-08,1.0,0.004389898218573042,0.004880988544982746,0.00047442442933828474,0.7666666666666666,0.7333333333333333,0.018975834751777044,0.39908675676859945,0.3786446842325789,0.016979051009576574,1,1,1,1
01_low_friction_mu_0p12_p2l_v2:0086,01_low_friction_mu_0p12_p2l_v2,28.97999999999994,29.37999999999994,0.014012239138124086,0.016103491039206653,0.04115504579928392,0.01524193529038679,0.0,0.1826883000260537,0.2061142734974775,0.5642304336793066,0.20488761119388155,0.0,0.0004388890411643392,0.0004388890411643392,0.0009194868497880981,0.0002072732042328211,0.0,-0.0039538493300829425,0.014963551878253536,0.030111246403715763,0.017023481597510028,0.0,-0.004390884166050231,0.014978925074278024,0.030701734319266205,0.017068117581287328,0.0,0.1799999999933788,0.349999999939756,0.35043555420752054,0.16598776085523917,0.3460461506094492,0.06541766133127952,0.008914922241907436,0.006382754425528728,7.094333251885136e-08,1.0,0.004337550256785121,0.004880988544982746,0.00045144834244673586,0.7685185185185185,0.7333333333333333,0.01833239803076236,0.3868783489408638,0.3786446842325789,0.006570918210338525,1,1,1,1
01_low_friction_mu_0p12_p2l_v2:0087,01_low_friction_mu_0p12_p2l_v2,29.179999999999936,29.579999999999934,-0.0014845915371427681,0.02610362106415408,0.08276463780389054,0.03871689189017002,0.16666666666666666,-0.004356246691184525,0.29046933217448495,0.8844767365970084,0.4220413105191074,0.0,0.00033403643952489013,0.0004292385867142062,0.0009194868497880981,0.0003706843677143731,0.0,0.025999545034326593,0.03805893871127166,0.1634419043705933,0.06325525363357655,0.16666666666666666,0.0004528317473118752,0.012855582968451454,0.030701734319266205,0.015853846771594567,0.0,0.1799999999934676,0.34999999993838965,0.350160638909092,0.16798459153586429,0.3497495449796828,0.9073495589504096,0.8837234057797434,0.006355765425431328,7.284866056131575e-08,1.0,0.004700905249273636,0.005220355058883358,0.00027629058729036255,0.7805555555555556,0.7722222222222223,0.005319039487535193,0.3982649151282162,0.3801133403308123,0.011280433586667608,1,1,1,1
01_low_friction_mu_0p12_p2l_v2:0088,01_low_friction_mu_0p12_p2l_v2,29.37999999999994,29.779999999999937,-0.009623503244860082,0.03019322617530307,0.08276463780389054,0.03877487981902004,0.16666666666666666,-0.10825718817761487,0.3506156815960672,0.8844767365970084,0.4298500238954252,0.0,0.01829245316032026,0.018417620497178818,0.3108744587977369,0.06809908297528353,0.05,0.047128360040949495,0.04825080727583672,0.1634419043705933,0.06535456950779484,0.3333333333333333,0.02179246537023544,0.022980044046181588,0.10978134056785858,0.03980815881396048,0.16666666666666666,0.09000000000136232,0.17499999998116816,0.18890799201602687,0.09065050581846164,0.19662632246990017,1.2997469511811128,1.225603604177985,0.030893451143146903,7.996529209060986e-08,1.0,0.004302823115168586,0.005220355058883358,0.0006137414727441679,0.7777777777777778,0.7444444444444445,0.016666666666666646,0.4146614587080246,0.40423664646378044,0.00900333409264682,1,1,1,1
02_asymmetric_left_mu_0p15_p2l_v2:0000,02_asymmetric_left_mu_0p15_p2l_v2,17.234,17.634,0.009458554928219981,0.03149963494983751,0.05907927532888507,0.0362683689395764,0.0,0.11660429787809863,0.4189966300419701,0.8120720694706115,0.48710972539390446,0.0,-6.481433282274904e-05,0.0001382753607387316,0.0003794323615842456,0.0001647223920626997,0.0,0.0013077214112991351,0.008089862812340741,0.020346424203124817,0.010548381672336949,0.0,0.0012665870266692029,0.008019266336444961,0.020258037929327274,0.010491698046014221,0.0,0.3499999999903161,0.0,0.00016558111632903515,0.34054144506209116,0.008089862812340741,0.013503966862881762,0.006762055469525855,0.005157090979256049,7.818183762052069e-08,1.0,0.00376089257346094,0.0040515499600582575,0.00018712873443128134,0.6685185185185186,0.5888888888888889,0.036944328413444444,0.500487386342036,0.48858407638379425,0.008789747359667628,1,1,1,1
02_asymmetric_left_mu_0p15_p2l_v2:0001,02_asymmetric_left_mu_0p15_p2l_v2,17.434,17.834,-0.0002955497409751577,0.01823150623753091,0.04982892173074688,0.02720457412169963,0.0,-0.0064760895002432045,0.2402049872335242,0.6509303796827954,0.3581859888401769,0.0,-1.7254136251683237e-06,0.00013350532018238724,0.00032124806179732653,0.00016401962754545416,0.0,-0.00021057960187612678,0.004189893098362536,0.009379095329972392,0.005269331515528444,0.0,-0.00029159832279107486,0.004152124530090166,0.009435223963696537,0.005225502953332838,0.0,0.3499999999903025,0.0,0.00016177465838158078,0.35029554973127763,0.004189893098362536,0.014658848987092882,0.008778792532643805,0.004736908533327458,7.691518577544418e-08,1.0,0.00376683197069789,0.0040515499600582575,0.00019390498592086026,0.6555555555555556,0.5888888888888889,0.035282516450477114,0.5007145900777479,0.4806509460710137,0.011029133333479902,1,1,1,1
02_asymmetric_left_mu_0p15_p2l_v2:0002,02_asymmetric_left_mu_0p15_p2l_v2,17.634,18.034,-0.0022246814387726723,0.015257962257564761,0.04333576851159976,0.021065222115264303,0.0,-0.03284109924391567,0.19821097578984145,0.5764059084007906,0.27616132475077704,0.0,8.809136493404197e-06,0.0001455255674164504,0.0003841480267531561,0.00017967104169491278,0.0,0.0014537325714813855,0.006053464498248157,0.010597638750911647,0.006802847131961796,0.0,0.0014112547727212375,0.0059869939925863555,0.010347036677455068,0.006756306622847918,0.0,0.3499999999903025,0.0,0.00017231883737575172,0.3522246814290752,0.006053464498248157,0.013890623445477005,0.008127437783594111,0.0037211105367111513,8.045649467391925e-08,1.0,0.0039026813764279204,0.004214742572640153,0.00025380711731480917,0.6407407407407407,0.5888888888888889,0.025391313334818692,0.49720486490072574,0.4806509460710137,0.009303802676163118,1,1,1,1
02_asymmetric_left_mu_0p15_p2l_v2:0003,02_asymmetric_left_mu_0p15_p2l_v2,17.834,18.233999999999998,0.00759228446733969,0.01589126963838707,0.027615785503210533,0.016686409490297257,0.0,0.09524420024007342,0.20800686152854989,0.3654557449784105,0.2216978804924772,0.0,-5.5175080017891414e-06,0.0001682336612482279,0.000493438541985377,0.00020906659233172834,0.0,0.003372288226707069,0.004187570610125536,0.010597638750911647,0.0045506345002464315,0.0,0.0033060696637146323,0.004092866145954711,0.010347036677455068,0.004469938210893933,0.0,0.3499999999903025,0.0,0.00018588650900031647,0.34240771552296284,0.004187570610125536,0.012808879215833336,0.006122792535143796,0.004130173725594648,6.846242445162767e-08,1.0,0.0038997070926053722,0.004214742572640153,0.00025709044314446196,0.6453703703703704,0.6111111111111112,0.018262113817885207,0.5007994886122348,0.4966486722717132,0.0036691668646316347,1,1,1,1
02_asymmetric_left_mu_0p15_p2l_v2:0004,02_asymmetric_left_mu_0p15_p2l_v2,18.034,18.433999999999997,0.0018903699393326052,0.03578390937337895,0.08167201807733065,0.043799595809339155,0.16666666666666666,0.021842694482783587,0.4639632139107528,1.0437741695125164,0.5633864607047798,0.0,0.01474367629519141,0.014830694478374873,0.1541706064805291,0.037372413853787,0.05,0.04012035404983886,0.040736377206729214,0.19629058039725655,0.07053663745307069,0.16666666666666666,0.010535281458484208,0.011190061573740409,0.036342995432232926,0.012788180291156368,0.0,0.3194499999957831,0.05169999997834849,0.039551921176502115,0.3083512967268737,0.03761232661434579,1.0977182977868145,1.0564919631888288,0.005899501164637561,6.424508503806624e-08,1.0,0.0038176447625824957,0.003984410286469833,0.0001832589556538842,0.6370370370370371,0.5944444444444444,0.02498284733931859,0.5107741637291677,0.4966486722717132,0.011152728323105533,1,1,1,1
02_asymmetric_left_mu_0p15_p2l_v2:0005,02_asymmetric_left_mu_0p15_p2l_v2,18.233999999999998,18.633999999999997,0.004735339507805289,0.03170970493526825,0.08167201807733065,0.04196717387999885,0.16666666666666666,0.05329349274300862,0.39958538928992976,1.0437741695125164,0.5355155117811674,0.0,0.023224002247966325,0.023247446262025972,0.1541706064805291,0.03491976712725143,0.05,0.04694157103985371,0.04694157103985371,0.19629058039725655,0.0670383875084006,0.16666666666666666,0.008936360713959207,0.01230699020326565,0.036342995432232926,0.014176091297025213,0.0,0.25444999999710316,0.16169999994846967,0.1409371094712236,0.2405063271597205,0.13922354042969368,1.0981727233404686,1.0520466749155986,0.01071628599553371,6.611628880075262e-08,1.0,0.004367430043421242,0.00495868898341305,0.0004451360356023232,0.6064814814814815,0.5666666666666667,0.03841197872720656,0.5195555745860339,0.5123235717792117,0.005133924340146718,1,1,1,1
02_asymmetric_left_mu_0p15_p2l_v2:0006,02_asymmetric_left_mu_0p15_p2l_v2,18.433999999999997,18.833999999999996,0.01064940506941553,0.01593380742102039,0.04542765218801614,0.018523931559131002,0.0,0.12139210266744453,0.1922921145101836,0.5394406112728475,0.22534735886753715,0.0,0.017611103286830396,0.017611103286830396,0.01860819199112601,0.0007899271998427507,0.0,0.01689083011574871,0.01689083011574871,0.025277277554249244,0.005090701644875658,0.0,-0.0006960572314821852,0.003991339355902577,0.006860545092510106,0.004469294243916534,0.0,0.2199999999929944,0.21999999993983957,0.20236910870050145,0.20935059492358457,0.20310916982405028,0.046617224840314296,0.00876403953447659,0.006948902176116028,6.217254603156175e-08,1.0,0.004391218853295853,0.00495868898341305,0.00048976813398751,0.575925925925926,0.5555555555555556,0.013857990321384971,0.544595073997604,0.5159962935001979,0.0283330762029597,1,1,1,1
02_asymmetric_left_mu_0p15_p2l_v2:0007,02_asymmetric_left_mu_0p15_p2l_v2,18.633999999999997,19.033999999999995,0.008085999338057384,0.0237497966711423,0.04542765218801614,0.02628098315452645,0.0,0.09958701421472245,0.29291652256460665,0.5394406112728475,0.3198883938507494,0.0,0.018280411129857996,0.018280411129857996,0.01860819199112601,0.00018243478819872797,0.0,0.018981459183785066,0.018981459183785066,0.02711784856201921,0.0067318528135651284,0.0,0.000718438445497622,0.005681699729435603,0.010939482557578983,0.006667880497306598,0.0,0.21999999999310846,0.21999999993911792,0.2017569620130716,0.21191400065506535,0.2010185407552598,0.04551972974970472,0.008975369613541838,0.006750908441778957,6.076639707891646e-08,1.0,0.0040884974406869305,0.004520789754733138,0.00031883195568831884,0.5777777777777778,0.5555555555555556,0.0160375074774896,0.5747950081584102,0.5542824414560078,0.015509213509563264,1,1,1,1
02_asymmetric_left_mu_0p15_p2l_v2:0008,02_asymmetric_left_mu_0p15_p2l_v2,18.833999999999996,19.233999999999995,-0.00477612258818461,0.019249744524245035,0.03306243646607818,0.02184550390368532,0.0,-0.05552124726376686,0.23929472572756727,0.42061487912882733,0.2708246435342565,0.0,0.018287893640403154,0.018287893640403154,0.01862181423875811,0.00019763174620098,0.0,0.017704235567846966,0.017704235567846966,0.02986810022706793,0.009166080349951469,0.0,-0.0005198987778495673,0.008657499114605546,0.012072931577978369,0.009280350875788254,0.0,0.21999999999323672,0.2199999999384603,0.2017483489098538,0.22477612258142834,0.20229576437057728,0.04595763858502763,0.00888802971622094,0.006564772778368814,7.047241344766841e-08,1.0,0.004055439330195056,0.004520789754733138,0.00025523871065409343,0.575925925925926,0.5555555555555556,0.015270761576361706,0.596805937447841,0.560920833105835,0.020654307526675523,1,1,1,1
02_asymmetric_left_mu_0p15_p2l_v2:0009,02_asymmetric_left_mu_0p15_p2l_v2,19.033999999999995,19.433999999999994,0.00731403280661989,0.020884269736259353,0.048431312286014855,0.02454133581163224,0.0,0.10087536306923305,0.27240044178631767,0.6400066804480818,0.31969209298434165,0.0,0.008942144530530594,0.022048119499895748,0.10058550364047657,0.02705832471517569,0.05,-0.03246977342417982,0.06691198034315839,0.29814526130201463,0.11919331360380937,0.16666666666666666,-0.044860197449036875,0.05463090975044261,0.2818806104786521,0.10643664832245085,0.16666666666666666,0.21999999999312045,0.2089999999424696,0.1969395889284631,0.21268596718603563,0.17913644007031268,0.6516520949528716,0.62302594024275,0.007528306010175241,7.801559661631817e-08,1.0,0.003833436771143523,0.004183784509749522,0.0001655439036563917,0.575,0.5611111111111111,0.009487917375888527,0.6265527712812792,0.6119423753711043,0.01576601106204538,1,1,0,1
02_asymmetric_left_mu_0p15_p2l_v2:0010,02_asymmetric_left_mu_0p15_p2l_v2,19.233999999999995,19.633999999999993,0.0024719028911608515,0.028717818803248727,0.048431312286014855,0.03247532551299513,0.0,0.05090886540400299,0.3577954943051364,0.6400066804480818,0.40289777836504687,0.0,-0.0006270580004429573,0.013474161295555075,0.10058550364047657,0.025462555262222564,0.05,-0.04202071230664708,0.06185930015860497,0.29814526130201463,0.11547243141269525,0.16666666666666666,-0.04540213083758974,0.053070588781574425,0.2818806104786521,0.10607753071031759,0.16666666666666666,0.2199999999927471,0.20899999994565938,0.20571110299752396,0.21752809710110335,0.18621873420288262,0.6516435017291632,0.6230792144905636,0.005978729334956835,6.908880997868961e-08,1.0,0.004146984700415975,0.004633294695687788,0.00040133570955619034,0.5935185185185186,0.5722222222222222,0.01617060110793797,0.6311624820631698,0.5973788279561778,0.01837934572605771,1,1,0,1
02_asymmetric_left_mu_0p15_p2l_v2:0011,02_asymmetric_left_mu_0p15_p2l_v2,19.433999999999994,19.833999999999993,0.011241094534239484,0.03748701044632736,0.08983954250975035,0.04427641696693456,0.16666666666666666,0.11393428257151804,0.4208209114726515,0.9252853700872993,0.4823209813092415,0.0,-0.00041872660843886853,0.0006333084073441963,0.007342263184591247,0.0016807437730921204,0.0,-0.0012027529618408954,0.01341541685727246,0.03035973336359854,0.01606375352909784,0.0,-0.0012506785864344384,0.013395628890450165,0.03040137405181334,0.01606840902138204,0.0,0.21999999999252565,0.2199999999444071,0.2196688428247548,0.20875890545827294,0.21879724698266015,0.04998026971021245,0.011065539692231523,0.0062071124134690965,6.653486570591678e-08,1.0,0.004626932849449848,0.005493175145497265,0.00040863731800025514,0.587962962962963,0.5222222222222223,0.032301413967615565,0.6075064685971143,0.5785499625980781,0.022309448429666968,1,1,1,1
02_asymmetric_left_mu_0p15_p2l_v2:0012,02_asymmetric_left_mu_0p15_p2l_v2,19.633999999999993,20.033999999999992,0.02624080976741748,0.028154484518031122,0.08983954250975035,0.03122652094474085,0.16666666666666666,0.29132376196894444,0.313022934021633,0.9252853700872993,0.32272757077437275,0.0,3.24888989107347e-05,0.00016904331438470088,0.0003348730153040491,0.00019197617112762694,0.0,0.00017360270133616462,0.012416583172226792,0.03035973336359854,0.015801150491768234,0.0,0.00015669638091259097,0.012434626278465172,0.03040137405181334,0.01580447810018705,0.0,0.21999999999255837,0.21999999994382927,0.2200039479421963,0.19375919022514532,0.220173602645192,0.05112940548062292,0.012348342756101612,0.007227099067273309,8.76148112579397e-08,1.0,0.0046928406042309944,0.005493175145497265,0.00043577988750659476,0.5842592592592593,0.5222222222222223,0.030667583632739238,0.5819892812156784,0.5622079403625704,0.01457449232087212,1,1,1,1
02_asymmetric_left_mu_0p15_p2l_v2:0013,02_asymmetric_left_mu_0p15_p2l_v2,19.833999999999993,20.23399999999999,-0.00547229116122976,0.014130899617641857,0.027779413819976034,0.017882302332971813,0.0,-0.07448297953889223,0.17950303633888887,0.3459962268338037,0.22715446965238703,0.0,-3.4867891653465875e-05,0.0001295523624364317,0.0003348730153040491,0.00015554261061724006,0.0,-0.002702898431531431,0.00621867520643087,0.016971534652077597,0.007696665036149281,0.0,-0.002689606648997478,0.006213130556078241,0.016902167421855185,0.007651463276950712,0.0,0.2199999999926594,0.21999999994274178,0.21996146083855264,0.22547229115388953,0.217297101511254,0.04890423273529423,0.011521137817883168,0.006614201979855898,7.92345260791697e-08,1.0,0.0043251406875089065,0.004906662994936224,0.0004873591535083299,0.6000000000000001,0.5888888888888889,0.007172191381865591,0.5619954394780643,0.5372434423649539,0.0172647436471065,1,1,1,1
02_asymmetric_left_mu_0p15_p2l_v2:0014,02_asymmetric_left_mu_0p15_p2l_v2,20.033999999999992,20.43399999999999,-0.007276345594713338,0.020341208486431287,0.03223189654305511,0.022538221473709017,0.0,-0.10931357362957457,0.25288161037318374,0.38972502053299735,0.27426833223941377,0.0,-9.808164199528874e-05,0.00015342061415614256,0.00035986236754539935,0.00016193478878781563,0.0,-0.007718733342913046,0.008827374194969336,0.016971534652077597,0.007821420932771547,0.0,-0.007713152718157336,0.008868248101304316,0.016902167421855185,0.007868662953069816,0.0,0.2199999999927793,0.21999999994171696,0.21995402566419148,0.22727634558749152,0.2122812665988096,0.04869665362278257,0.00800507566214737,0.0031981617699821385,7.707158987453131e-08,1.0,0.004304958315423379,0.005088430675951677,0.0006010647618103159,0.5990740740740741,0.5833333333333334,0.009842727604383933,0.5468247681564756,0.5212052640462872,0.015682452242606795,1,1,1,1
02_asymmetric_left_mu_0p15_p2l_v2:0015,02_asymmetric_left_mu_0p15_p2l_v2,20.23399999999999,20.63399999999999,-0.033975973934413435,0.04704083682613138,0.1666540013229133,0.06330342309543334,0.16666666666666666,-0.46706323606098743,0.6106312728045966,2.195430392431714,0.8195265175703663,0.0,0.017358662627670014,0.01761607164713317,0.19446310633961036,0.052786799129817735,0.1,0.03294900722836796,0.044366142818789284,0.13619409627738469,0.0600584710242221,0.16666666666666666,0.006865783134634204,0.025124887046356167,0.09597201054297111,0.040392225266965766,0.0,0.1243000000044725,0.12429999997561522,0.1391310665368657,0.15442597394370802,0.1550685395404899,1.8446297296774254,1.7471788696212127,0.013808151613211885,8.697632279588234e-05,1.0,0.004077812377022374,0.005088430675951677,0.0007045983146447928,0.625,0.5833333333333334,0.03859012219291613,0.5407696384168879,0.5212052640462872,0.012453432220520248,1,1,1,1
02_asymmetric_left_mu_0p15_p2l_v2:0016,02_asymmetric_left_mu_0p15_p2l_v2,20.43399999999999,20.83399999999999,-0.044776358816331276,0.05124487904931616,0.1666540013229133,0.059620451832421095,0.16666666666666666,-0.5905835537040564,0.6767069070881897,2.195430392431714,0.7839395039875,0.0,0.017421540553612593,0.017572614632975932,0.19446310633961036,0.052765896501701895,0.1,0.035387714920452285,0.04259471414509743,0.13619409627738469,0.05842989243139177,0.16666666666666666,0.009354427094288997,0.0233246405515832,0.09597201054297111,0.03953527865339512,0.0,0.014300000008041769,0.01430000000496739,0.02921055742150392,0.06169487906218297,0.053044714145746276,1.8443253447093042,1.752999913314831,0.004377740715848552,8.696523757832959e-05,1.0,0.0037114649888163043,0.0040814490843802485,0.0002557508188204375,0.6638888888888889,0.5944444444444444,0.031056499687497092,0.5379496839584754,0.5285875121570575,0.007096747001971213,1,1,1,1
02_asymmetric_left_mu_0p15_p2l_v2:0017,02_asymmetric_left_mu_0p15_p2l_v2,20.63399999999999,21.03399999999999,-0.0066841040871227836,0.025929999073395642,0.06176618789063268,0.031466334029897736,0.0,-0.08224366846000035,0.3383065741271976,0.7946495467832633,0.4101514049054865,0.0,1.069441001662173e-06,0.00012321453389439185,0.00032211766328812746,0.00014802190883225183,0.0,-0.001665542119952429,0.007369296173996526,0.015850179049228003,0.008983137772547988,0.0,-0.0016830885182433006,0.0073556964149862165,0.015667724763545512,0.008930453805453353,0.0,0.0,0.0,0.00012477590980941095,0.025929999073395642,0.007369296173996526,0.01489971565237049,0.007202354519122755,0.004309749504456789,8.175345194334313e-08,1.0,0.0038092400302894105,0.0040814490843802485,0.0001545309371752157,0.6777777777777779,0.6777777777777778,1.1102230246251565e-16,0.5414173238327993,0.5285875121570575,0.006913068500002838,1,1,1,1
02_asymmetric_left_mu_0p15_p2l_v2:0018,02_asymmetric_left_mu_0p15_p2l_v2,20.83399999999999,21.233999999999988,-0.010326686854108624,0.023104061607396597,0.03833212425986392,0.02545551987278691,0.0,-0.12871962462680944,0.2986591769098734,0.5098186568491919,0.32975175732495976,0.0,-2.5016818741883283e-05,0.00013915051239744971,0.00032211766328812746,0.0001609657536306086,0.0,-0.0012572658409805745,0.0062937408766321895,0.010777788332183158,0.007179909073762108,0.0,-0.001248007920860035,0.0062322183527211234,0.01083428677816508,0.007151972743072276,0.0,0.0,0.0,0.000148602074804945,0.023104061607396597,0.0062937408766321895,0.014783824693937402,0.007600143942560916,0.004801155946508984,7.799655692429758e-08,1.0,0.0037973750080878567,0.004062602914433685,0.00020591230615654368,0.6749999999999999,0.6666666666666666,0.004243125643477651,0.5425596020291085,0.530437859142657,0.005770947186071025,1,1,1,1
02_asymmetric_left_mu_0p15_p2l_v2:0019,02_asymmetric_left_mu_0p15_p2l_v2,21.03399999999999,21.433999999999987,0.019385803250580227,0.0451349137095563,0.14814890622237448,0.062464181570835046,0.16666666666666666,0.2904305793570836,0.6167634304108963,2.095141924304218,0.8667366298774746,0.0,0.0018490902974171552,0.0020336925868655294,0.02504560544375842,0.005998383271246117,0.0,-0.0004795783071807859,0.004283577189356244,0.008242755004292364,0.005081346792093467,0.0,-0.005118903206158483,0.008891611683495943,0.030105485527189415,0.012220586533197587,0.0,0.06299999998798655,4.4608191784297965e-12,0.0024729536813458608,0.045751944957265256,0.0042835771864929125,1.9886697452193585,1.8300224388045678,0.005461836661131907,8.054103654227464e-06,1.0,0.0036191144721908716,0.004062602914433685,0.00033766398358625664,0.6712962962962964,0.6611111111111111,0.0059288187383637735,0.534920663722744,0.5249928433181076,0.007012462740244251,1,1,1,1
02_asymmetric_left_mu_0p15_p2l_v2:0020,02_asymmetric_left_mu_0p15_p2l_v2,21.233999999999988,21.633999999999986,0.02707978893633677,0.04563540845333592,0.14814890622237448,0.05888081352178498,0.16666666666666666,0.38603956706469317,0.633427699684573,2.095141924304218,0.8260845429337439,0.0,0.001960687617135269,0.002082410426495392,0.02504560544375842,0.005964957529844448,0.0,0.0003972811841517372,0.0047389791633893836,0.008242755004292364,0.005117004713948787,0.0,-0.00441487802945991,0.009407648331374932,0.030105485527189415,0.012538525228599912,0.0,0.21299999998359578,1.470903171343124e-11,0.002510763472542193,0.1880579592671179,0.004738979157109981,1.9886716416383734,1.8299219801027948,0.006428963661060168,8.055240571289835e-06,1.0,0.003503586937810123,0.0038456922148335233,0.00021136809459261014,0.6685185185185186,0.6555555555555556,0.007635380788180875,0.5245631038329046,0.5042977642104272,0.013948507790847844,1,1,1,1
02_asymmetric_left_mu_0p15_p2l_v2:0021,02_asymmetric_left_mu_0p15_p2l_v2,21.433999999999987,21.833999999999985,-0.0030683643127528415,0.01703063302183473,0.0334323165099053,0.02030977602544225,0.0,-0.038325157893774324,0.2279520060888478,0.45257669039169174,0.2737067957751524,0.0,0.00021706309412647872,0.0002598770090339691,0.0006296103482998437,0.00020555342020949454,0.0,-0.00019665235799292934,0.004278006100952455,0.008247276832781586,0.004972612478904361,0.0,-0.0004590443315108875,0.004351015677033366,0.00801572856283475,0.004965310991038233,0.0,0.2999999999912184,2.0496425070002888e-11,0.0002541435229614687,0.3030683643039712,0.004278006094120312,0.011704033270203803,0.005573542493448459,0.004069770115916327,6.307429865170865e-08,1.0,0.003838242741432952,0.004288808065877747,0.0002896236044861268,0.6703703703703705,0.6555555555555556,0.009442628728875541,0.5254982013966384,0.5042977642104272,0.014823088391420547,1,1,1,1
02_asymmetric_left_mu_0p15_p2l_v2:0022,02_asymmetric_left_mu_0p15_p2l_v2,21.633999999999986,22.033999999999985,0.004792676017413196,0.009037216156625505,0.02254074532458128,0.01120723030712814,0.0,0.06150271819368682,0.11660819930672678,0.28177866866959833,0.1443949886518034,0.0,0.0002108110003540454,0.00022167804445281957,0.0006296103482998437,0.00015925471453017966,0.0,0.000674691490153595,0.00307596143845089,0.008247276832781586,0.004079572497353244,0.0,0.0004614515872505805,0.0030924680617979683,0.00801572856283475,0.004065882217751609,0.0,0.2999999999912184,2.0496425070002888e-11,0.0002400800045935702,0.2952073239738052,0.0030759614384508905,0.013357459072405512,0.006206306101596242,0.005236262238391224,5.00509997856969e-08,1.0,0.004001041058265239,0.004288808065877747,0.000252852711828135,0.6685185185185185,0.6611111111111111,0.008881169487616166,0.531866512248169,0.5229775980195184,0.005134564955071461,1,1,1,1
02_asymmetric_left_mu_0p15_p2l_v2:0023,02_asymmetric_left_mu_0p15_p2l_v2,21.833999999999985,22.233999999999984,0.016054841939901882,0.018756004261525776,0.04291823370397041,0.016563858357274846,0.0,0.21663372583713658,0.25285017558743417,0.5940927307373925,0.22618709227456074,0.0,0.00026934315433205534,0.0002836248391374467,0.000676300438176697,0.00020503753841282993,0.0,0.002465775958182695,0.004491827375879143,0.009548469591244642,0.005089231637478723,0.0,0.0022625277839051286,0.004392211291036203,0.00925499789639011,0.005033004403548283,0.0,0.2999999999912184,2.0496425070002888e-11,0.0002607649375805613,0.28394515805131654,0.004491827382711286,0.014935129318730814,0.006000593205867254,0.0032311470863695003,7.449524784221704e-08,1.0,0.0036964558989913674,0.00414684150102579,0.0003397565228091939,0.6592592592592592,0.65,0.005237828008789222,0.5323803984647295,0.5165024283601201,0.008777760058006446,1,1,1,1
02_asymmetric_left_mu_0p15_p2l_v2:0024,02_asymmetric_left_mu_0p15_p2l_v2,22.033999999999985,22.433999999999983,0.02676509273107558,0.030706902788714352,0.05643997522872085,0.022060388686891017,0.0,0.3590329040680849,0.41239236000391605,0.7429547521688078,0.2936710998394277,0.0,-0.0017284511103205925,0.002299339325370386,0.018913628713892915,0.0051619873223182865,0.0,0.002337693697364774,0.005118537574391071,0.009548469591244642,0.005530023766660317,0.0,0.004114227312998789,0.006706506423234925,0.010745004247403768,0.006123177818283512,0.0,0.29999999999071103,1.9033208058061014e-11,0.002090517834548317,0.2732349072591949,0.005118537579515177,0.6272161019760383,0.5927648197969602,0.010750336524948507,0.0015256627041377064,1.0,0.0035784309293897657,0.003848727703026356,0.0002100226424886942,0.6620370370370371,0.65,0.009842727604383948,0.5294141488620312,0.5165024283601201,0.011006088433479411,1,1,1,1
02_asymmetric_left_mu_0p15_p2l_v2:0025,02_asymmetric_left_mu_0p15_p2l_v2,22.233999999999984,22.633999999999983,0.03470899709500671,0.03865080715264548,0.05643997522872085,0.024362138958198602,0.0,0.4458899382041977,0.4992493941400289,0.7429547521688078,0.3208054107676176,0.0,-0.0017057764594614673,0.0023154389670592647,0.018913628713892915,0.005170834740089876,0.0,0.0024922388473931343,0.004805820586274344,0.010147574667262769,0.004959135002950822,0.0,0.004129326460174355,0.006200243047720922,0.010745004247403768,0.005580135680999326,0.0,0.2999999999907105,1.8142182912656718e-11,0.0021608938734412183,0.26529100289526375,0.00480582059731964,0.6286916729812247,0.5853112317648389,0.01155408723192504,0.0015256537394394232,1.0,0.003916678774183277,0.004432528195764322,0.0002607855091721271,0.6694444444444444,0.6555555555555556,0.007691318391590831,0.5188061438115834,0.49904553690891346,0.01092641913961638,1,1,1,1
02_asymmetric_left_mu_0p15_p2l_v2:0026,02_asymmetric_left_mu_0p15_p2l_v2,22.433999999999983,22.833999999999982,0.029070869301461463,0.029070869301461463,0.056058216293304236,0.018349352460377354,0.0,0.36969942289183866,0.36969942289183866,0.728753529278305,0.2375805335574254,0.0,0.0004744200265015846,0.0004744200265015846,0.000761965363148217,0.00017253067241807505,0.0,0.004487182896400013,0.004487182896400013,0.010147574667262769,0.0027914045622867405,0.0,0.003953281192756112,0.003953281192756112,0.009749678001743695,0.0028745671702564562,0.0,0.2999999999912617,1.8919339029894337e-11,0.00046262682579428885,0.2709291306897989,0.004487182915289462,0.06257984557022667,0.009099680407843385,0.006164095086562661,8.570000929105847e-08,1.0,0.0039670937306330815,0.004432528195764322,0.0003608539938360219,0.6777777777777779,0.6666666666666666,0.008486251286955277,0.5124003412585384,0.49904553690891346,0.008819900193307998,1,1,1,1
02_asymmetric_left_mu_0p15_p2l_v2:0027,02_asymmetric_left_mu_0p15_p2l_v2,22.633999999999983,23.03399999999998,0.020569928930195713,0.020569928930195713,0.04694117548743937,0.013067643909598374,0.0,0.27111341180324344,0.27111341180324344,0.6371681571706025,0.1770404423933036,0.0,0.0005119201042754953,0.0005119201042754953,0.0007860577768711551,0.0001476597393931386,0.0,0.0026256829062116464,0.003341526859393485,0.006963187105048526,0.0028975124596294878,0.0,0.002070177055524088,0.0029568548281442616,0.006314125948112665,0.002876466527307102,0.0,0.29999999999130667,1.9127150006298537e-11,0.0004896075241997434,0.279430071061109,0.0033415268721340053,0.06196631541580414,0.007973248652407294,0.005253733503628531,9.831437245625079e-08,1.0,0.003749180933027348,0.004372898637887519,0.0003059914950495778,0.6814814814814815,0.6611111111111111,0.009442628728875534,0.513890721120958,0.5020031722568169,0.006966855884717224,1,1,1,1
02_asymmetric_left_mu_0p15_p2l_v2:0028,02_asymmetric_left_mu_0p15_p2l_v2,22.833999999999982,23.23399999999998,0.015178512823664345,0.01907721101320729,0.04694117548743937,0.019488705135830633,0.0,0.20528163839137542,0.25905275882162726,0.6371681571706025,0.2659885544785431,0.0,0.00042510728832771726,0.00042510728832771726,0.0007860577768711551,0.0001667363136894744,0.0,0.002838472100805334,0.004537563206311228,0.007619591870815704,0.004144736639636618,0.0,0.00238684610038055,0.0043866224654530986,0.007218560386257965,0.004193093614761589,0.0,0.2999999999913072,1.9129996732002704e-11,0.0004572848348952167,0.28482148716764283,0.004537563214509799,0.06482461233390108,0.009540595232816963,0.00770048290636598,8.194028852227243e-08,1.0,0.0036222053088290343,0.004000509380445183,0.00018707897418442725,0.6801587301587303,0.6611111111111111,0.008837721210841306,0.5178310232324502,0.5079508374280481,0.009479332027356822,1,1,1,1
02_asymmetric_left_mu_0p15_p2l_v2:0029,02_asymmetric_left_mu_0p15_p2l_v2,23.03399999999998,23.43399999999998,0.02189251102518339,0.0274789238262117,0.07445327705242913,0.031393756536828146,0.0,0.2919492305457648,0.369063999551961,0.9885821019305207,0.41950436715324674,0.0,0.00039688383492090965,0.00039688383492090965,0.0006914338875980901,0.00013985168031677912,0.0,0.005329846696108834,0.006415357270316009,0.011984870644897574,0.004623685696861244,0.0,0.0048649208825208975,0.006104687728204725,0.01175797949547072,0.004664415457044451,0.0,0.2999999999913072,1.9129996732002704e-11,0.00045735413152109603,0.2781074889661238,0.006415357283980292,0.06478266287016847,0.011191865965066295,0.008764136256241603,6.590869853922483e-08,1.0,0.003607287803989719,0.004000509380445183,0.00019824239888452115,0.6825396825396827,0.6722222222222223,0.006918887211969298,0.5265134212198391,0.5104983165055499,0.012509858545486656,1,1,1,1
02_asymmetric_left_mu_0p15_p2l_v2:0030,02_asymmetric_left_mu_0p15_p2l_v2,23.23399999999998,23.63399999999998,0.019945669835915576,0.04118215543003534,0.07445327705242913,0.043058035184567266,0.0,0.2582275083877072,0.5579451540850177,0.9885821019305207,0.5871047531441201,0.0,0.00046624338735098806,0.00046624338735098806,0.0007300220110813116,0.0001558396860325772,0.0,0.0035273181336314633,0.005851540964323192,0.011984870644897574,0.005941848468459227,0.0,0.002942043125808988,0.005486682242904187,0.01175797949547072,0.0059946746342075564,0.0,0.29999999999130555,1.9132843457706872e-11,0.0004921982369314406,0.28005433015539166,0.005851540977076523,0.061193785451065255,0.009973359172840177,0.007039971755961043,7.63189048957668e-08,1.0,0.003479539461820754,0.0037816857537270186,0.0002826299677809874,0.6749999999999999,0.6388888888888888,0.018073353051799208,0.5295498499295336,0.5209006170628382,0.00829270702709809,1,1,1,1
02_asymmetric_left_mu_0p15_p2l_v2:0031,02_asymmetric_left_mu_0p15_p2l_v2,23.43399999999998,23.83399999999998,-0.004846427543399932,0.024533075948797528,0.05780245564216052,0.02990337717242804,0.0,-0.0711024082508128,0.3351324211643684,0.8174501670761264,0.4131268091219666,0.0,0.0004636075264592682,0.0004636075264592682,0.0007626557306298949,0.00017923003170894494,0.0,7.00413433579714e-05,0.0029844632968400882,0.006972668492075188,0.003648574379278157,0.0,-0.0004990012715678885,0.00287898726800186,0.007633917351285597,0.0037280397908339203,0.0,0.29999999999130555,1.9132843457706872e-11,0.00046698406570785847,0.30484642753470714,0.002984463303216753,0.06170540303757846,0.009970090867709063,0.004723969008434574,1.051706397964028e-07,1.0,0.003621464976928631,0.004202705366949438,0.0003941399692998166,0.6712962962962964,0.6388888888888888,0.015521346865037254,0.5129479130429725,0.4942462497592374,0.011609086026684595,1,1,1,1
02_asymmetric_left_mu_0p15_p2l_v2:0032,02_asymmetric_left_mu_0p15_p2l_v2,23.63399999999998,24.033999999999978,0.003026072126611129,0.01407815528037712,0.023798278485478663,0.016544566592604223,0.0,0.04182326114773697,0.1878956984251683,0.3244250689600857,0.2219349569213658,0.0,0.0004930206852220953,0.0004930206852220953,0.0008356687174160971,0.00019532799534832204,0.0,-0.0001626150017745158,0.004078340517835565,0.010952269190459083,0.005308496984837837,0.0,-0.0006863973656311416,0.0038957895137626624,0.011246512370757763,0.005256619191650658,0.0,0.2999999999913072,1.9129996732002704e-11,0.00046390977145186293,0.2969739278646961,0.0040783405242122315,0.0619833087153852,0.010297415858750348,0.004993078671104285,9.69617457875493e-08,1.0,0.0037816216309999157,0.004202705366949438,0.00021031445476962738,0.6712962962962963,0.6611111111111111,0.0059288187383637735,0.49683238515964373,0.48798474003681497,0.007454345341995441,1,1,1,1
02_asymmetric_left_mu_0p15_p2l_v2:0033,02_asymmetric_left_mu_0p15_p2l_v2,23.83399999999998,24.233999999999977,0.009133959916661735,0.01844796308108319,0.02512181486639825,0.01776518742714665,0.0,0.12210535831869745,0.25139195520110696,0.3508967999843517,0.24432538185495506,0.0,0.0005024188976016388,0.0005024188976016388,0.0008356687174160971,0.00018591590695206863,0.0,0.0004470799250142093,0.004103920105778983,0.010952269190459083,0.00533691631236923,0.0,-4.239238588792235e-05,0.003945412230956032,0.011246512370757763,0.0052869086724601395,0.0,0.2999999999913072,1.91299967320027e-11,0.00047250882232047106,0.2908660400746455,0.00410392011215565,0.06337633689565304,0.010428394026937808,0.007132344460511284,6.750887992688995e-08,1.0,0.003600465308380586,0.003803658095898985,0.0001562675122337351,0.6648148148148149,0.65,0.008881169487616157,0.48508211236052273,0.4676678093079222,0.010307975855436552,1,1,1,1
02_asymmetric_left_mu_0p15_p2l_v2:0034,02_asymmetric_left_mu_0p15_p2l_v2,24.033999999999978,24.433999999999976,0.005075258515039353,0.01344919680383877,0.02512181486639825,0.015035727714805535,0.0,0.06432796805179901,0.1812935680465829,0.3508967999843517,0.20688696784367422,0.0,0.0004604715895338172,0.0004604715895338172,0.000746336220002102,0.0001300033224889267,0.0,0.0042980590104690014,0.004304142794414083,0.011919575868411594,0.0037206232989239764,0.0,0.0038039074341760532,0.004042874594100754,0.011467923436826288,0.003760322251927658,0.0,0.2999999999913072,1.91299967320027e-11,0.00047563967219915564,0.29492474147626785,0.004304142807167413,0.06332540055882095,0.009445308289413442,0.007382408370630297,8.821644610005856e-08,1.0,0.0037910243630453707,0.004111058632890646,0.0002777346447239081,0.6657407407407409,0.65,0.009305440389926766,0.46528770583564044,0.4425446102228228,0.016279820251853785,1,1,1,1
02_asymmetric_left_mu_0p15_p2l_v2:0035,02_asymmetric_left_mu_0p15_p2l_v2,24.233999999999977,24.633999999999975,-0.0035031124236465463,0.009721382536445175,0.023506173783937767,0.012175329935626719,0.0,-0.04792874850909779,0.12718732062125981,0.3266525863681551,0.16174973706320975,0.0,0.00040571773292263105,0.0004166254944578735,0.0007929274001156923,0.00017542596168064633,0.0,0.004202481516241026,0.004202481516241026,0.011919575868411594,0.003727773066332697,0.0,0.0037473839993044564,0.0037473839993044564,0.011467923436826288,0.003705173381656857,0.0,0.2999999999913072,1.91299967320027e-11,0.0004345611031169834,0.30350311241495376,0.004202481535371022,0.06109346188436986,0.007912775096273753,0.005810906835175482,8.925244072361821e-08,1.0,0.003963149923535869,0.004250428035462249,0.0002619267169789925,0.662037037037037,0.65,0.008124967025363094,0.443088176396244,0.4277914235797362,0.011756836476228463,1,1,1,1
02_asymmetric_left_mu_0p15_p2l_v2:0036,02_asymmetric_left_mu_0p15_p2l_v2,24.433999999999976,24.833999999999975,-0.006316517453444488,0.01601194731911167,0.029086289597001547,0.01758834207286034,0.0,-0.08308390792899535,0.21457759866221635,0.39448107219966294,0.23745878864492972,0.0,0.00038599673344773884,0.00039690449498298137,0.0010249083817187921,0.00024297839352647291,0.0,0.0021186732145495662,0.0029778008985521624,0.006898690488915303,0.0029337905755976424,0.0,0.001756283154156709,0.0027271546282424185,0.006541000688153026,0.0029294505049383534,0.0,0.299999999991305,1.914138363481937e-11,0.00038484804726175335,0.30631651744475175,0.0029778009113054934,0.06316519938302742,0.009870006401148396,0.004892232402717793,7.455085635739204e-08,1.0,0.0036722764127575143,0.004250428035462249,0.0003923582190763142,0.6509259259259259,0.6444444444444445,0.0059288187383637276,0.42050356015614354,0.39051027381099696,0.018222686101974604,1,1,1,1
02_asymmetric_left_mu_0p15_p2l_v2:0037,02_asymmetric_left_mu_0p15_p2l_v2,24.633999999999975,25.033999999999974,-0.0032556454686824,0.02202908289335211,0.04586184962896378,0.026132367755794233,0.0,-0.04351495831829572,0.29546152731052916,0.6139738786232063,0.3500559286778617,0.0,0.00043544916846845574,0.00043544916846845574,0.0010249083817187921,0.000212244246078841,0.0,0.0026827338790997163,0.0036566800499419224,0.006926790521209198,0.003481448614257412,0.0,0.002317764055497325,0.003504579137766238,0.006541000688153026,0.00341972532665208,0.0,0.299999999991305,1.9141383634819375e-11,0.0004009777572270983,0.3032556454599896,0.003656680056318588,0.0655803337494254,0.012014756265995633,0.00820505480821735,8.735587943052323e-08,1.0,0.00358552245348207,0.003768070452222923,0.00025104824290624473,0.6453703703703704,0.6277777777777778,0.011748682907823625,0.40039900627802577,0.38920153391650464,0.012009428223328247,1,1,1,1
02_asymmetric_left_mu_0p15_p2l_v2:0038,02_asymmetric_left_mu_0p15_p2l_v2,24.833999999999975,25.233999999999973,-0.017872583513358364,0.03289398165348761,0.08481918542389671,0.038311174264558115,0.16666666666666666,-0.22160311310344538,0.4237938898685867,1.0461639979485065,0.48762783968497386,0.0,0.04034098593238591,0.04034098593238591,0.4245525870346176,0.11982633159490369,0.1,0.06520072504685108,0.06531554353369069,0.3719805748881842,0.13721524115956768,0.16666666666666666,5.788418491404872e-05,0.00591212760619739,0.01691489943930041,0.007912363303288468,0.0,0.287999999993217,0.035000000017844826,0.005153532026860817,0.29787258350731954,0.006982210211588895,0.5601267233713878,0.5258339821732079,0.009547451602626017,1.1490420441048296e-07,1.0,0.0038096213891141944,0.004212319747863219,0.00023754455938755683,0.6444444444444444,0.6277777777777778,0.015044515564140663,0.3887813110001735,0.36852947333322134,0.01203899087999203,1,0,1,1
02_asymmetric_left_mu_0p15_p2l_v2:0039,02_asymmetric_left_mu_0p15_p2l_v2,25.033999999999974,25.433999999999973,-0.03198339813166148,0.03902940917984102,0.08481918542389671,0.03782081587303,0.16666666666666666,-0.3965415784074507,0.4916166611352375,1.0461639979485065,0.47499428006392597,0.0,0.13426582569695242,0.13426582569695242,0.4245525870346176,0.14302883344423636,0.5,0.17311146712417633,0.17311146712417633,0.3719805748881842,0.1440014843141536,0.6666666666666666,0.026843521024549188,0.032481820837649326,0.06449251340482103,0.030935446366117194,0.0,0.22799999999663423,0.20999999997997407,0.09006522428733746,0.25198339812904874,0.0708267687486731,0.6145184023417041,0.5101914061273866,0.040238746222621885,9.028493691497948e-07,1.0,0.004025047317482449,0.00434537120579809,0.0002691448062858093,0.6212962962962963,0.5333333333333333,0.04248173980353505,0.38132302803120405,0.36852947333322134,0.011583563251430708,1,0,1,1
02_asymmetric_left_mu_0p15_p2l_v2:0040,02_asymmetric_left_mu_0p15_p2l_v2,25.233999999999973,25.633999999999972,-0.025497037960562328,0.042171899598909955,0.09372581059573704,0.04658961244017145,0.16666666666666666,-0.31011689481692634,0.5002168931156544,1.0534245095818613,0.5450950579797662,0.0,0.09430478344484282,0.09431478829953482,0.3406935600718345,0.1166430357218995,0.4,0.11885455645108282,0.12299920769884187,0.3192098707553408,0.11801245245461404,0.5,0.037399130749049006,0.041647020714257514,0.06449251340482103,0.025291585865621597,0.0,0.17999999999609884,0.349999999957884,0.25996735044686126,0.2054970379564421,0.23114544350833843,0.27178361980352767,0.12002202815341198,0.12083846602012296,3.3375740791382973e-06,1.0,0.004471263680106612,0.00485721684809331,0.0003414866778976976,0.612962962962963,0.5333333333333333,0.039501350014262124,0.3819154399430474,0.3685276048581352,0.011313058360824045,1,0,1,1
02_asymmetric_left_mu_0p15_p2l_v2:0041,02_asymmetric_left_mu_0p15_p2l_v2,25.433999999999973,25.83399999999997,-0.0013687588682684225,0.03889255622738414,0.09372581059573704,0.04763479353334933,0.16666666666666666,-0.00549470330633688,0.44346183807422784,1.0534245095818613,0.5419744871960877,0.0,0.0002753970287353802,0.0002917273541386156,0.0006110806149813297,0.00016484858642434245,0.0,0.00903659977614186,0.01609998410852138,0.03449661709286905,0.01876407750889549,0.0,0.008838320616010134,0.01617301373369522,0.034156933074116325,0.018790108998477804,0.0,0.17999999999389504,0.3499999999729545,0.34969060638882554,0.18136875886195494,0.3409634001982446,0.12312597011180779,0.011853271159345978,0.008317372128374252,5.060216037391539e-06,1.0,0.004747476008466551,0.005113363791405178,0.00021977161278238384,0.6212962962962963,0.5777777777777777,0.02344257203920773,0.38992213274209514,0.3685276048581352,0.011582650827530684,1,1,1,1
02_asymmetric_left_mu_0p15_p2l_v2:0042,02_asymmetric_left_mu_0p15_p2l_v2,25.633999999999972,26.03399999999997,0.012800435939317742,0.038541870791236596,0.06611102783231483,0.04070562047321291,0.0,0.15741991496429233,0.4465131700936535,0.7594295973708742,0.4685088284753399,0.0,0.00025990419221012806,0.00028493670512506344,0.0005669384161101632,0.0001867162320755493,0.0,0.0021299194384199658,0.00516879470216645,0.014880537375153546,0.00685516594763699,0.0,0.0018928957008965224,0.00528877418026107,0.014795538846365197,0.006969685373850844,0.0,0.17999999999385508,0.34999999997287484,0.34969341517355124,0.1671995640545605,0.3478700805343761,0.12214507627754537,0.00987978598551942,0.0071042116202566785,5.023352534858608e-06,1.0,0.004639228338509157,0.005113363791405178,0.0002600044988213095,0.6074074074074075,0.5777777777777777,0.023055369625905056,0.4034618025116892,0.3896756815166001,0.013321197493781339,1,1,1,1
02_asymmetric_left_mu_0p15_p2l_v2:0043,02_asymmetric_left_mu_0p15_p2l_v2,25.83399999999997,26.23399999999997,0.006495375827692951,0.03828667303326979,0.06611102783231483,0.04140988170135851,0.0,0.08090779115723391,0.43586908564124766,0.7594295973708742,0.47165171033984377,0.0,0.0003647779662930034,0.00038348500849670066,0.0006678706969522885,0.0002000077738268331,0.0,0.0017710682488033629,0.005024775033194068,0.014880537375153546,0.006764224938376022,0.0,0.0014273110521603554,0.005025202901568456,0.014795538846365197,0.006798563278325956,0.0,0.1799999999940871,0.3499999999716507,0.34964731014974154,0.17350462416639492,0.3482289317228437,0.12401521582049974,0.00920431618446729,0.0064545067695586655,4.876962256330607e-06,1.0,0.004801812615264864,0.005346482990616184,0.00031085155184737255,0.5935185185185187,0.5722222222222222,0.015521346865037235,0.43154475553030186,0.3997512616521507,0.02396598273900279,1,1,1,1
02_asymmetric_left_mu_0p15_p2l_v2:0044,02_asymmetric_left_mu_0p15_p2l_v2,26.03399999999997,26.43399999999997,0.005707596605983477,0.02077683719004834,0.04617389495468799,0.023812686612242506,0.0,0.06793885806861712,0.23162193560988079,0.5221443372940702,0.26566041476389113,0.0,0.0003807489149538185,0.0003807489149538185,0.0006678706969522885,0.00016075764524335986,0.0,0.004382715219327528,0.011297684643053335,0.02826289994312775,0.013344528026190704,0.0,0.004018924918749306,0.011174579669833401,0.027775082951028374,0.013256495863544208,0.0,0.1799999999943147,0.3499999999704837,0.3496430985202103,0.17429240338833216,0.34561728475115133,0.12275755957046126,0.008493986481400019,0.005373088712317696,4.775545274231776e-06,1.0,0.004948051583554954,0.005346482990616184,0.000229579925990388,0.5814814814814815,0.5611111111111111,0.012283795519834814,0.4596490965509703,0.4357955388828184,0.013363315649276604,1,1,1,1
02_asymmetric_left_mu_0p15_p2l_v2:0045,02_asymmetric_left_mu_0p15_p2l_v2,26.23399999999997,26.63399999999997,0.006125708056480887,0.008741741973930947,0.015174650521549177,0.007895660448086768,0.0,0.06993764555680172,0.1005208342126896,0.16955113323677462,0.09127632475953945,0.0,0.00033776359352559183,0.00034640331305217377,0.0006858973295685855,0.000187828464116129,0.0,0.019408685916832157,0.023190090735293295,0.03445103795857851,0.015209031939481976,0.0,0.018982478736986025,0.022849316965549992,0.03400528463287361,0.015121544463629576,0.0,0.17999999999454563,0.34999999996929937,0.34966893173185437,0.17387429193807158,0.3305913140524322,0.12364769277235509,0.00900473680511527,0.006289089901341208,4.66840080721225e-06,1.0,0.004793606249591505,0.005182303778995592,0.000288302150582864,0.5777777777777778,0.5611111111111111,0.007856742013183872,0.495730718205363,0.45980175363491294,0.028966440803981454,1,1,1,1
02_asymmetric_left_mu_0p15_p2l_v2:0046,02_asymmetric_left_mu_0p15_p2l_v2,26.43399999999997,26.833999999999968,0.002583915501945311,0.014986168494478702,0.032320374468330054,0.01878810039471424,0.0,0.028266260995821035,0.16831842891448645,0.35434232018897577,0.20923617041478706,0.0,0.0003034273675390026,0.0003120670870655845,0.0006858973295685855,0.0001856431461286401,0.0,0.014577104356251832,0.021946196608235085,0.03445103795857851,0.018808701546947408,0.0,0.014218718566281726,0.021720300305013446,0.03400528463287361,0.01876931277007447,0.0,0.17999999999478655,0.3499999999682689,0.3496673501085851,0.17741608449285198,0.33542289561202665,0.12438635267745102,0.009547167020170045,0.00704508932539219,4.636592764984308e-06,1.0,0.004838030951579302,0.005182303778995592,0.00027124074489959753,0.5787037037037037,0.5444444444444444,0.017098319733906856,0.5500565851104674,0.5161079644917544,0.030408852959528453,1,1,1,1
02_asymmetric_left_mu_0p15_p2l_v2:0047,02_asymmetric_left_mu_0p15_p2l_v2,26.63399999999997,27.033999999999967,0.005973475858262189,0.01894253469653251,0.032320374468330054,0.02085875083516378,0.0,0.06680348545930104,0.21564988361025358,0.35434232018897577,0.23624712366508926,0.0,-0.04815256967389988,0.0487356997252131,0.5922918721896917,0.14937524348018544,0.1,-0.08392137826173218,0.09702081399969142,0.520719300028321,0.19574501742845576,0.16666666666666666,-0.005673248749706215,0.01844693127479527,0.04985579485730929,0.023443609301543978,0.0,0.17999999999753213,0.3499999999488714,0.3249434794641778,0.17402652414029784,0.3464213782675403,0.669604946350663,0.6112810100920185,0.006992758390409096,4.345962062749866e-06,1.0,0.004716492575885539,0.005034931392351036,0.00029372496161476913,0.5740740740740741,0.5444444444444444,0.022604732621729098,0.6015460673594855,0.5493983387994378,0.031342055400818775,1,0,1,1
02_asymmetric_left_mu_0p15_p2l_v2:0048,02_asymmetric_left_mu_0p15_p2l_v2,26.833999999999968,27.233999999999966,0.02807297645084295,0.031255816214029945,0.06873081798439672,0.027099127870637132,0.0,0.34444291216622913,0.3838203310544041,0.8437329186041315,0.3358176707276009,0.0,-0.18381961519260495,0.18415510750078443,0.5922918721896917,0.17062889983533405,0.6,-0.24249835061090397,0.2477241760722234,0.520719300028321,0.19761418831489885,0.6666666666666666,-0.027049484985027395,0.03204310742438166,0.06768632264500697,0.028103646886443127,0.0,0.17999999999515848,0.3499999999480856,0.1923356957117194,0.15192702354533563,0.2067992210015547,0.6979318270005996,0.5953190916192873,0.024400966348320646,2.2097805478121105e-06,1.0,0.004318393105248925,0.004746897169788544,0.00022715029414934954,0.5888888888888889,0.5444444444444444,0.024427603626431364,0.6372316121294376,0.6034177439058261,0.024648518181853072,1,0,1,1
02_asymmetric_left_mu_0p15_p2l_v2:0049,02_asymmetric_left_mu_0p15_p2l_v2,27.033999999999967,27.433999999999966,0.03773405108586932,0.03773405108586932,0.06873081798439672,0.018985356358172587,0.0,0.4671061667889087,0.4671061667889087,0.8437329186041315,0.2306375277668521,0.0,-0.17530732764093243,0.17530732764093243,0.3576863807377635,0.11025036508568939,0.7,-0.2172779323954912,0.2172779323954912,0.4053508911442735,0.1165572057759654,0.8333333333333334,-0.038368691530704616,0.038368691530704616,0.06768632264500697,0.014280625418025484,0.0,0.1799999999901991,0.34999999996728964,0.1795986868597465,0.14226594890423727,0.15117236463040587,0.2908669746552344,0.055105222394136,0.006384874337311358,1.941979925452232e-06,1.0,0.0041220777597368915,0.004571829248952426,0.000376484808980874,0.5703703703703704,0.5222222222222223,0.038579012325925297,0.635988815263517,0.6152278572053264,0.023275516286250453,1,0,1,1
02_asymmetric_left_mu_0p15_p2l_v2:0050,02_asymmetric_left_mu_0p15_p2l_v2,27.233999999999966,27.633999999999965,0.011117521104209813,0.017898705482879227,0.033895434217197457,0.018497871294440495,0.0,0.14182127804291775,0.21613562390324895,0.4114763347904607,0.217722808463106,0.0,-0.03987766430294125,0.03989643739892236,0.16525691356179975,0.0550031096185698,0.2,-0.06729671733129951,0.06729671733129951,0.17765341265226303,0.061559405025124386,0.3333333333333333,-0.025337762824330427,0.025337762824330427,0.037155530754763966,0.010430979707671158,0.0,0.17999999999142702,0.34999999997603476,0.31224194585431875,0.16888247888713634,0.28270328264404343,0.20072507727693872,0.11550426120777076,0.027300769262029803,4.3494884690835454e-06,1.0,0.004429325982568837,0.005046773904864933,0.0005510600869200102,0.575925925925926,0.5222222222222223,0.043587415910888216,0.6010211298204465,0.5644193333462297,0.02537151996140005,1,0,1,1
02_asymmetric_left_mu_0p15_p2l_v2:0051,02_asymmetric_left_mu_0p15_p2l_v2,27.433999999999966,27.833999999999964,-0.013170039444013482,0.014926715413256736,0.031619153864074684,0.01286256763108733,0.0,-0.14323761039288244,0.16443094430026767,0.32907483142897354,0.1408871966230738,0.0,-0.0008334820944228521,0.0008726411874660029,0.009588924611853011,0.0020766483918322988,0.0,-0.010961306786112021,0.010961306786112021,0.026225283185690285,0.008037468115816633,0.0,-0.010492082873502276,0.010492082873502276,0.02592852198482698,0.008074364288275532,0.0,0.17999999999291583,0.3499999999836582,0.34853866198598904,0.19317003943676078,0.33903869319582397,1.0295301930498268,0.9742101952044527,0.007537377769029956,0.0012189562272319093,1.0,0.004899945549574334,0.005415349854823983,0.00033968687528497104,0.6074074074074074,0.5555555555555556,0.023497365815647257,0.5673797763602512,0.550373925859616,0.013774086700931918,1,1,1,1
02_asymmetric_left_mu_0p15_p2l_v2:0052,02_asymmetric_left_mu_0p15_p2l_v2,27.633999999999965,28.033999999999963,-0.02482970287853295,0.042175138960063314,0.07982083312435412,0.04143867691053957,0.0,-0.30475157517577517,0.4782561452700181,0.9676070514957864,0.4671241464164273,0.0,-0.0021888794197593487,0.002508148300938912,0.01492222852297509,0.0042464691883890016,0.0,-0.009103873416168038,0.01201317824698179,0.04537278127183081,0.01714419860766721,0.0,-0.008877637262562252,0.011594719012874038,0.04567635257491243,0.017199709550538376,0.0,0.17999999999362304,0.34999999996867887,0.3476549987494133,0.20482970287201926,0.340896126551466,1.037682111724778,0.9698637836028001,0.013130921718163324,0.001867143328245801,1.0,0.004928047791794984,0.005713562163649364,0.0005099665800572002,0.601851851851852,0.5555555555555556,0.02119541322640666,0.5334634946367417,0.5004052575036044,0.024465338580592095,1,1,1,1
02_asymmetric_left_mu_0p15_p2l_v2:0053,02_asymmetric_left_mu_0p15_p2l_v2,27.833999999999964,28.233999999999963,-0.0030599824383260935,0.05339808033984128,0.07982083312435412,0.055657527559894795,0.0,-0.07141521155062004,0.6000419622794937,0.9676070514957864,0.6294883203991234,0.0,-0.006559338333461467,0.007092125866205545,0.03094094603566877,0.010433092228536455,0.0,-0.01792551335847876,0.020834818189292514,0.04537278127183081,0.020714578719866813,0.0,-0.016099618566566432,0.02279794014210243,0.04567635257491243,0.02302582071830837,0.0,0.17999999999199767,0.349999999934575,0.34407686416046906,0.1830599824316368,0.3320744865849306,0.24003299455773083,0.1607688145782368,0.012089210084788311,0.0019431712158311423,1.0,0.004931974252232412,0.005713562163649364,0.00046983538263843997,0.612037037037037,0.5888888888888889,0.016794775136312102,0.5088707237296278,0.49311056652592733,0.009794926702855514,1,1,1,1
02_asymmetric_left_mu_0p15_p2l_v2:0054,02_asymmetric_left_mu_0p15_p2l_v2,28.033999999999963,28.433999999999962,0.016784879420555475,0.03211145566600126,0.0626107489837137,0.03366162670397687,0.0,0.17386589163001961,0.340705938941592,0.6662224905246922,0.358639299594739,0.0,-0.008116972678480012,0.008560389980244377,0.03094094603566877,0.011075711368869885,0.0,-0.022409816789459757,0.02244910562008463,0.0392843473807048,0.01605462100256747,0.0,-0.01651095896811386,0.02049219879333807,0.039828123267225735,0.017672858927232415,0.0,0.17999999999175453,0.3499999999279877,0.34235320785410756,0.16321512057253743,0.3275901831463289,0.20799268219945558,0.13621310290610222,0.026168151872027888,0.0012948393278510606,1.0,0.005193330428288772,0.005807212954712819,0.00048729603401263767,0.6203703703703703,0.5888888888888889,0.01776233897523229,0.49559307325683255,0.46873861621761054,0.01783308925720976,1,1,1,1
02_asymmetric_left_mu_0p15_p2l_v2:0055,02_asymmetric_left_mu_0p15_p2l_v2,28.233999999999963,28.63399999999996,0.010896703069062494,0.025149476935937543,0.05738752219132087,0.030655929060364566,0.0,0.11537052750058495,0.26409874390165083,0.6275525099364013,0.32357380151195714,0.0,-0.0028180930140827313,0.0034446095980591425,0.023665570937479175,0.006834225780766332,0.0,-0.013360948158134009,0.016731583439863307,0.03637316258287926,0.0172562165871165,0.0,-0.009613358413542605,0.012634705560895873,0.026471272362899423,0.01320132654823212,0.0,0.17999999999340321,0.34999999994095166,0.3474846951507339,0.16910329692440362,0.336639051782533,0.08673086357343412,0.01802645441041149,0.009440983391536727,5.331707875054695e-06,1.0,0.005258754840847508,0.005807212954712819,0.00045522842348555377,0.6324074074074074,0.6111111111111112,0.016170601107937936,0.4745353256469513,0.46105065429852843,0.01401844259963614,1,1,1,1
02_asymmetric_left_mu_0p15_p2l_v2:0056,02_asymmetric_left_mu_0p15_p2l_v2,28.433999999999962,28.83399999999996,0.010452196100614148,0.028044749284967155,0.05738752219132087,0.030617053208212137,0.0,0.11666462712176905,0.31337852594461874,0.6275525099364013,0.3398992143882836,0.0,0.02559699792332667,0.02559699792332667,0.31054033431076,0.07766523575385545,0.1,-0.008679969552557962,0.01201131600366239,0.024337518299984096,0.012500488756304839,0.0,-0.00904289095297862,0.012064238100331887,0.02472641304699824,0.012516141877977857,0.0,0.16290000000019567,0.31674999995668657,0.33795543652310583,0.16954780389274912,0.34132003038818876,1.3218817601494663,1.2343750438960774,0.0072024118935232195,5.379853812980251e-06,1.0,0.00491076731013551,0.005216093202452835,0.0002649582151059038,0.6453703703703703,0.6166666666666667,0.01449303318749863,0.44210527460108384,0.3956975287437608,0.027356806034741086,1,1,1,1
02_asymmetric_left_mu_0p15_p2l_v2:0057,02_asymmetric_left_mu_0p15_p2l_v2,28.63399999999996,29.03399999999996,-0.011058939739560944,0.03258535510547674,0.1046837439394229,0.04555835673337157,0.16666666666666666,-0.13514094047074468,0.38714490560197157,1.252706404891719,0.5416014749372248,0.0,0.025405885796095727,0.025448683540130516,0.31054033431076,0.07772736376868092,0.1,0.034414178060564314,0.04699295751678997,0.23728381174102967,0.09124282213316358,0.16666666666666666,0.0343770702862567,0.04724206165723446,0.23734003854275287,0.09131352122032108,0.16666666666666666,0.07290000000528596,0.14174999999007093,0.16282527782522876,0.10423091645626104,0.20941417804203896,1.3215049421345408,1.2366098847142553,0.007808146158023541,2.5484260384512964e-06,1.0,0.004272813851585897,0.00475035311752826,0.00048030608020012205,0.6398148148148147,0.5222222222222223,0.05503615222856881,0.4096874274639357,0.3956975287437608,0.0163506172074065,1,0,1,1
03_rough_h0p008_spacing0p45_p2l_v2:0000,03_rough_h0p008_spacing0p45_p2l_v2,20.813,21.212999999999997,0.005659559508683941,0.0205787185891486,0.060226331216861384,0.028157799717646922,0.0,0.07178542857552282,0.25756977534065534,0.7564263464074409,0.35166046521199623,0.0,4.559575864701293e-05,0.00017397728427398832,0.0005396057834087614,0.00021638412220909345,0.0,0.0019428503870779308,0.005770924645715885,0.009744335956872484,0.0058183706665382645,0.0,0.0018968169447281652,0.005680864683692323,0.009338829699580886,0.005680075732665895,0.0,0.249999999992312,0.0,0.00015974157202023145,0.2443404404836282,0.005770924645715885,0.015009170371699193,0.007336144113021086,0.005018333994436495,6.115879812493132e-08,1.0,0.004021498356733572,0.004465334164007105,0.0002900122143802594,0.7000000000000001,0.6833333333333333,0.011111111111111118,0.5408884289449379,0.5294041685547104,0.0066721364629814895,1,1,1,1
03_rough_h0p008_spacing0p45_p2l_v2:0001,03_rough_h0p008_spacing0p45_p2l_v2,21.012999999999998,21.412999999999997,0.0010268285958505985,0.02073211399020694,0.03221331609101705,0.023521493409813098,0.0,0.01750877906622526,0.2668962284354372,0.4433119242408852,0.3032360648297677,0.0,2.1789916689081323e-05,0.00015883043176171278,0.0004509045864983974,0.0001941127475041903,0.0,0.0014411576302948024,0.005757468034805521,0.008276379827618943,0.0060553888147646204,0.0,0.0014330849129192541,0.00575166515221127,0.008276198565660175,0.006042205642290163,0.0,0.24999999999231193,0.0,0.0001409714037211041,0.24897317139646133,0.005757468034805521,0.013778746292934949,0.0048439359519032,0.0036314293709063103,6.175512733222219e-08,1.0,0.0038881568428705948,0.004340378077113436,0.00032180541977700687,0.6925925925925926,0.6833333333333333,0.005237828008789222,0.5290724368338144,0.5188983550272458,0.01045631781396927,1,1,1,1
03_rough_h0p008_spacing0p45_p2l_v2:0002,03_rough_h0p008_spacing0p45_p2l_v2,21.212999999999997,21.612999999999996,0.004523101289048047,0.04170278550573461,0.08667352122735983,0.04789872019543729,0.16666666666666666,0.045487067019617106,0.5596650958906921,1.2144480306428656,0.6530479592682963,0.0,9.988486923937165e-06,0.0001451725740969883,0.0003201472646657292,0.00017232755314142647,0.0,0.0030008719524165527,0.009696330637298986,0.01862166761702901,0.01058901359075249,0.0,0.0030211470014365285,0.009791404734405202,0.018707175697922452,0.01066433679172873,0.0,0.24999999999231193,0.0,0.00012763095813206807,0.24547689870326386,0.009696330637298986,0.014849847850842222,0.005351693397819554,0.0034400496129194068,7.926712116521253e-08,1.0,0.003746754224615599,0.004340378077113436,0.0003124486398396165,0.6796296296296296,0.6333333333333333,0.021436735005167087,0.5079268697359992,0.48645026450420364,0.013260763005576994,1,1,1,1
03_rough_h0p008_spacing0p45_p2l_v2:0003,03_rough_h0p008_spacing0p45_p2l_v2,21.412999999999997,21.812999999999995,-0.003384654801610774,0.03537566292738232,0.08667352122735983,0.04522746586999494,0.16666666666666666,-0.05752204193116092,0.4748165335064245,1.2144480306428656,0.615792524528293,0.0,2.1710017570100472e-05,0.00015482968970796825,0.0003201472646657292,0.0001758065379853463,0.0,0.00012094610344005301,0.007239079906165967,0.01862166761702901,0.009969402491888591,0.0,5.057678602133708e-05,0.007361460518455897,0.018707175697922452,0.010040665805252225,0.0,0.24999999999231193,0.0,0.00014322456234950546,0.2533846547939227,0.007239079906165967,0.015131164289397038,0.0070061363650253,0.003975931517073182,9.828726901342833e-08,1.0,0.0037907651958494003,0.004045012991586585,0.00021830799943729055,0.6851851851851852,0.6333333333333333,0.025391313334818685,0.5027179645379606,0.48645026450420364,0.009764809163588458,1,1,1,1
03_rough_h0p008_spacing0p45_p2l_v2:0004,03_rough_h0p008_spacing0p45_p2l_v2,21.612999999999996,22.012999999999995,-0.0017839488728066584,0.02036156134502498,0.03682909869387546,0.022540344187585593,0.0,-0.028730977185857477,0.2645845724966147,0.4973789533775258,0.2941888877662029,0.0,2.141811914498307e-05,0.00012415840547393527,0.0002504350448331278,0.0001475186948544897,0.0,-0.0015833306899026313,0.003983359083716268,0.013967335529707968,0.0060183379750624435,0.0,-0.0016652637137382718,0.004114662125888191,0.014114302019498159,0.00609285036714894,0.0,0.2499999999923122,0.0,0.0001457258555451517,0.25178394886511857,0.003983359083716268,0.015073925411611198,0.007052586583724568,0.003987120690169186,1.0012150595098587e-07,1.0,0.0038942741991919287,0.004092908444008869,0.00015864042752850434,0.6972222222222223,0.6833333333333333,0.00892930626017866,0.5010833830118843,0.4808101137055109,0.011500616812824705,1,1,1,1
03_rough_h0p008_spacing0p45_p2l_v2:0005,03_rough_h0p008_spacing0p45_p2l_v2,21.812999999999995,22.212999999999994,0.005199202479421641,0.028662835652096205,0.045131856290629935,0.030564511419776588,0.0,0.059617841788073146,0.3733534126095754,0.5730841784389844,0.3987357474877103,0.0,3.0300700883637086e-05,0.00014195314399555146,0.0003026926815061292,0.00017256346853569706,0.0,0.0003654406594354861,0.006084589483417967,0.013967335529707968,0.007316927819000761,0.0,0.000324566762903423,0.006132953955272492,0.014114302019498159,0.007360820023226683,0.0,0.2499999999923122,0.0,0.0001549110367152058,0.2448007975128903,0.006084589483417967,0.015055453552496378,0.006342152841616524,0.00391183079724462,8.576372100659774e-08,1.0,0.0038285038048271078,0.004092908444008869,0.00017398090811432428,0.6935185185185185,0.6833333333333333,0.00674084249007453,0.4949409072926822,0.4808101137055109,0.008499210616626063,1,1,1,1
03_rough_h0p008_spacing0p45_p2l_v2:0006,03_rough_h0p008_spacing0p45_p2l_v2,22.012999999999995,22.412999999999993,-0.011595246412400456,0.03549269653093278,0.07729242289399291,0.04001703235674,0.0,-0.15466684491050398,0.4609209172300166,1.011266927258201,0.5192487693148669,0.0,5.972201217412169e-05,0.00017057406429569322,0.00031573486491486973,0.00018721060201267476,0.0,-0.0005966350307460809,0.008109445665499917,0.01647415409848156,0.009195785571994543,0.0,-0.0006641905454702262,0.00816761742636246,0.016546706356865976,0.009237820751063545,0.0,0.24999999999231165,0.0,0.0001557578330273671,0.2615952464047124,0.008109445665499917,0.015007596043350226,0.006406251044914216,0.005062856794620795,6.455856311826104e-08,1.0,0.0038667462487501376,0.004015877913112371,0.00012682128079920385,0.6870370370370371,0.6444444444444445,0.019422386077225,0.49744313041376303,0.4905609398401732,0.006438864180149995,1,1,1,1
03_rough_h0p008_spacing0p45_p2l_v2:0007,03_rough_h0p008_spacing0p45_p2l_v2,22.212999999999994,22.612999999999992,-0.006567959698252144,0.038228919998067296,0.0781869338071893,0.04770592272236357,0.0,-0.08665093922999685,0.491673297799434,1.011266927258201,0.616106971333408,0.0,-2.1305387104517962e-05,0.00016293583889750798,0.00031573486491486973,0.00018607482016036686,0.0,-0.0011366484351168383,0.008477951206357677,0.01647415409848156,0.009749883174087294,0.0,-0.0011414439295958595,0.008522137037197902,0.016546706356865976,0.009807670425755845,0.0,0.24999999999231165,0.0,0.00015624884614483955,0.25656795969056406,0.008477951206357677,0.014360309121957352,0.0062577191334459315,0.004797668705219943,9.909763159497314e-08,1.0,0.004006376601176498,0.004185245821029651,0.0001298129291868623,0.6824074074074075,0.6444444444444445,0.0173965687296814,0.4994092068872987,0.49103511637810077,0.0054462950462168275,1,1,1,1
03_rough_h0p008_spacing0p45_p2l_v2:0008,03_rough_h0p008_spacing0p45_p2l_v2,22.412999999999993,22.81299999999999,0.017097972244594247,0.026939916129524986,0.0781869338071893,0.03391068483807503,0.0,0.22339445710880557,0.34699795917328063,1.0028889192940043,0.4346357810685092,0.0,-2.3898142133571972e-05,0.0001663168166074383,0.00032554070846770933,0.00019220975785004164,0.0,0.003667766483981946,0.005965539724586414,0.013477689588239363,0.006791478325676715,0.0,0.0037197407496881688,0.00593744618189352,0.013316170252277723,0.006724884992861698,0.0,0.24999999999231245,0.0,0.00017455812054902796,0.2329020277477177,0.005965539724586414,0.014007872535529322,0.006123918303054039,0.005043257083942255,1.0169422544967786e-07,1.0,0.0038824631536674204,0.004185245821029651,0.000237670450566562,0.6805555555555557,0.6666666666666666,0.007691318391590815,0.49736077145775015,0.48634649680123276,0.007748273343699158,1,1,1,1
03_rough_h0p008_spacing0p45_p2l_v2:0009,03_rough_h0p008_spacing0p45_p2l_v2,22.612999999999992,23.01299999999999,0.01475042941542822,0.02259625437198361,0.05470848648639548,0.02575352565145034,0.0,0.1820049563743341,0.28593837260885596,0.6582880424367883,0.3241827748838384,0.0,1.4998777127667216e-05,0.00014032549903310066,0.00032554070846770933,0.00017067850893063625,0.0,0.002071860017643424,0.006808028786508487,0.013477689588239363,0.007661665680859706,0.0,0.002105549083037385,0.006786307476530591,0.013316170252277723,0.007605524133280907,0.0,0.24999999999231245,0.0,0.00015968539768323363,0.2352495705768837,0.006808028786508487,0.014698620737274548,0.006389866796280118,0.005043257083942255,8.020049995288734e-08,1.0,0.003957388213678057,0.004593401626997782,0.00038829845761262035,0.6722222222222222,0.6666666666666666,0.005555555555555591,0.49699962244634494,0.48634649680123276,0.007056278857868368,1,1,1,1
03_rough_h0p008_spacing0p45_p2l_v2:0010,03_rough_h0p008_spacing0p45_p2l_v2,22.81299999999999,23.21299999999999,0.00996183461853565,0.0180294332082994,0.05470848648639548,0.02331649377612052,0.0,0.11667686249243053,0.22325871041462633,0.6582880424367883,0.2866668824436816,0.0,2.8430883698899298e-05,0.00012527961378146178,0.0003351289092342816,0.00016204630404753742,0.0,0.0008396505097255681,0.005249935297294505,0.009630815114340607,0.005875592579039977,0.0,0.000840892029086881,0.005239337837872161,0.009605374989886596,0.0058452184534666714,0.0,0.24999999999231193,0.0,0.00014199322516643924,0.24003816537377629,0.005249935297294505,0.014754923506371325,0.006601264831437911,0.003942771095381436,8.468093367652659e-08,1.0,0.0040365844038671985,0.004593401626997782,0.000368341914235506,0.6685185185185185,0.6611111111111111,0.005237828008789268,0.4998634810519631,0.48796435592663534,0.0062425992208589845,1,1,1,1
03_rough_h0p008_spacing0p45_p2l_v2:0011,03_rough_h0p008_spacing0p45_p2l_v2,23.01299999999999,23.41299999999999,0.016783015870609472,0.017950529694379627,0.04516425248629835,0.01656911776867491,0.0,0.21199180333603143,0.22756467583694306,0.5495006068995603,0.20488098854550604,0.0,3.9227889201648656e-05,0.00010931101960484686,0.0003351289092342816,0.00014656257751140885,0.0,0.004874281736020291,0.005377412945152795,0.015784226904247366,0.005438296974005158,0.0,0.004822809619280664,0.005330027043432388,0.01572068778866429,0.005398264379573148,0.0,0.24999999999231193,0.0,0.00013385134874293453,0.23321698412170244,0.005377412945152795,0.014341436868610738,0.006276115040022648,0.004467083454629329,7.67952609140964e-08,1.0,0.0038369316639561817,0.004305423737383801,0.00029881228539093346,0.6675925925925926,0.6611111111111111,0.0038176903940904576,0.5102668577520931,0.48796435592663534,0.01689602077664276,1,1,1,1
03_rough_h0p008_spacing0p45_p2l_v2:0012,03_rough_h0p008_spacing0p45_p2l_v2,23.21299999999999,23.61299999999999,0.0072259705933354484,0.023265347524413713,0.04516425248629835,0.028047069863484396,0.0,0.09325412079880556,0.298092838787064,0.5670820178757452,0.353884691506385,0.0,6.74873419108873e-05,0.00010660255804872646,0.0002675169152445425,0.00011669257087361241,0.0,0.0023829069831830065,0.006387645469938408,0.015784226904247366,0.007924477054325472,0.0,0.002297397459992661,0.006324019916093721,0.01572068778866429,0.007903198308659884,0.0,0.24999999999231193,0.0,0.00013107718589279682,0.2427740293989765,0.006387645469938408,0.014331256612308305,0.006651117636909539,0.005085911967871996,7.851412640536751e-08,1.0,0.0037049374755769794,0.004305423737383801,0.00045579636245446505,0.6675925925925926,0.6611111111111111,0.0038176903940904576,0.5210668644244176,0.49875618037921987,0.011426320974412338,1,1,1,1
03_rough_h0p008_spacing0p45_p2l_v2:0013,03_rough_h0p008_spacing0p45_p2l_v2,23.41299999999999,23.812999999999988,-0.0052949894594899,0.022153155059243552,0.044472537031750914,0.026405209566272243,0.0,-0.060752542723789715,0.28573567349514256,0.5670820178757452,0.34193955532187165,0.0,4.7267600648380066e-05,0.0001165429706523459,0.0002675169152445425,0.00012826137191365461,0.0,-0.001359740459552429,0.005666147814020257,0.01050482183286869,0.006490070852960923,0.0,-0.0013415169907546511,0.005635304747252784,0.010558215095848004,0.006490786907381554,0.0,0.24999999999231193,0.0,0.00011959495721502464,0.25529498945180185,0.005666147814020257,0.014244589459122948,0.005905509424413184,0.0038905220214264943,7.239444268624579e-08,1.0,0.003799877829054587,0.004185628892035941,0.0004482866150797408,0.6666666666666666,0.6611111111111111,0.004536092116265174,0.5119701562027478,0.4950542756399422,0.010162081272015554,1,1,1,1
03_rough_h0p008_spacing0p45_p2l_v2:0014,03_rough_h0p008_spacing0p45_p2l_v2,23.61299999999999,24.012999999999987,0.00875348629475336,0.02016225388240855,0.040910904781881724,0.020916766408335754,0.0,0.12154819232401722,0.263197690554691,0.5382855633918775,0.27049945196402525,0.0,-2.5184382463799687e-05,0.00012100322305292461,0.0003137654023539879,0.0001393234966860331,0.0,4.9803174025784266e-05,0.004639236489544133,0.008724706440838899,0.005474786977272679,0.0,0.00015752558621492564,0.004656822693323922,0.00884030651838388,0.0054987728626554305,0.0,0.24999999999231193,0.0,0.00010224336391379488,0.24124651369755856,0.004639236489544133,0.014200771793087555,0.005188743951393892,0.003457111267135068,7.25085295912549e-08,1.0,0.0037735195760141686,0.004185628892035941,0.000407279855634917,0.662037037037037,0.6555555555555556,0.005928818738363759,0.5000552201889632,0.48454627046078425,0.009364301083536478,1,1,1,1
03_rough_h0p008_spacing0p45_p2l_v2:0015,03_rough_h0p008_spacing0p45_p2l_v2,23.812999999999988,24.212999999999987,0.023679027736175823,0.02376133960599482,0.05867203698709958,0.01968820501275023,0.0,0.30664441723133473,0.3076390793847321,0.73283217441196,0.24612323346368564,0.0,-2.119548146659555e-05,0.0001749248643680222,0.0003380730425744716,0.000198519330193603,0.0,0.004406058005536505,0.006138992334256996,0.01714110097478613,0.007076556050547717,0.0,0.0044031921424852035,0.006163870073193401,0.017117005906300112,0.0070675673932988434,0.0,0.24999999999231193,0.0,0.0001369941157960906,0.2263209722561361,0.006138992334256996,0.013341052388388421,0.006118640005846788,0.004393980488802509,1.0514756218666587e-07,1.0,0.00380605489030315,0.004352077044030283,0.0004365661625612814,0.6592592592592592,0.65,0.006928995160692494,0.4968213454920341,0.48454627046078425,0.007663425792525123,1,1,1,1
03_rough_h0p008_spacing0p45_p2l_v2:0016,03_rough_h0p008_spacing0p45_p2l_v2,24.012999999999987,24.412999999999986,0.02281702256129042,0.03042856497776245,0.05867203698709958,0.027742637022177878,0.0,0.2930339076275454,0.3902855010779558,0.73283217441196,0.35412011974601426,0.0,-1.550819497066677e-05,0.00017675143673269447,0.0003380730425744716,0.00020200677425776575,0.0,0.006594689952245043,0.00819676029622092,0.01714110097478613,0.006978736711415143,0.0,0.0065243366112609875,0.008182419386713541,0.017117005906300112,0.00699436545623291,0.0,0.24999999999231193,0.0,0.0001480867715189166,0.22718297743102153,0.00819676029622092,0.012750260668701881,0.006658423106261409,0.004652164066527992,1.0071060156851129e-07,1.0,0.00401083259525659,0.004352077044030283,0.00018872824037347943,0.6564814814814814,0.6444444444444445,0.009305440389926749,0.5077388654970472,0.49426114408289235,0.013902546240465935,1,1,1,1
03_rough_h0p008_spacing0p45_p2l_v2:0017,03_rough_h0p008_spacing0p45_p2l_v2,24.212999999999987,24.612999999999985,0.006021892831044841,0.02744871517935527,0.045018889007511304,0.0306976306656073,0.0,0.07701772561164183,0.3622735598092543,0.5909232428886615,0.4074943135381918,0.0,-3.86411906630175e-05,0.00013904380226369609,0.00033273600596759494,0.00015806314193440418,0.0,0.0030114785460721837,0.0072787577568696185,0.009998972627920459,0.0072974237849893556,0.0,0.003060160372667937,0.007291866380779181,0.009877262286947968,0.007285220524476401,0.0,0.24999999999231193,0.0,0.0001339346641538034,0.2439781071612671,0.0072787577568696185,0.013234116202254762,0.007045428227346783,0.0049361530349687315,8.44628017205031e-08,1.0,0.003776848455287967,0.003997913011397555,0.00016262623369290904,0.6518518518518518,0.6444444444444445,0.005237828008789222,0.5213064139979845,0.5032957379845374,0.008710927098905513,1,1,1,1
03_rough_h0p008_spacing0p45_p2l_v2:0018,03_rough_h0p008_spacing0p45_p2l_v2,24.412999999999986,24.812999999999985,-0.009528386558016208,0.021915002454999426,0.04169277540497218,0.024456794585197502,0.0,-0.13405207800842536,0.29899008959180473,0.5669967087017983,0.3313440094524266,0.0,-4.9155079818775625e-05,0.00014296350101171252,0.00029701144117038513,0.0001562674880194231,0.0,-0.0002708168584088097,0.005443896359863059,0.009998972627920459,0.006543307665111737,0.0,-0.00020286044169280388,0.005441756000352725,0.009877262286947968,0.006548598621184396,0.0,0.24999999999231193,0.0,0.00014145860946281316,0.2595283865503281,0.005443896359863059,0.0130134175520338,0.006815256389670487,0.004504650652378282,8.73928633358086e-08,1.0,0.0035672822788679515,0.003768212914617148,0.0001554304697397973,0.6564814814814814,0.65,0.007465053470646779,0.5271978016364901,0.5149228695901042,0.008752314775199522,1,1,1,1
03_rough_h0p008_spacing0p45_p2l_v2:0019,03_rough_h0p008_spacing0p45_p2l_v2,24.612999999999985,25.012999999999984,0.004307051332873656,0.021852848544231893,0.0298168521969171,0.022753541326819546,0.0,0.050507876618935056,0.2945511413185657,0.3980333654511575,0.3078412924623029,0.0,-1.0882733793679904e-05,0.00017185392049277008,0.0004624669791142065,0.00020348188798381477,0.0,0.0014909071909134195,0.003872629533211802,0.008882024614721222,0.004683016444705837,0.0,0.0015229470635927656,0.0038751427433223046,0.009064207866866876,0.004712266275684227,0.0,0.24999999999231193,0.0,0.00015325486612286383,0.24569294865943828,0.003872629533211802,0.012969295042584572,0.007500329272625896,0.0034534911950167254,8.878507272628945e-08,1.0,0.003629657960566714,0.0039549749508684074,0.000210804067178592,0.6657407407407407,0.65,0.008735167714867235,0.5369369992347751,0.5149228695901042,0.010254073589821082,1,1,1,1
03_rough_h0p008_spacing0p45_p2l_v2:0020,03_rough_h0p008_spacing0p45_p2l_v2,24.812999999999985,25.212999999999983,0.0069492695254655444,0.03208203784395853,0.07539830495547895,0.03717056754738586,0.0,0.09295091414473312,0.41801768592287813,0.9752003153344352,0.4821229568673432,0.0,3.394698352601236e-05,0.00015815572764708998,0.0004624669791142065,0.00019034777202223276,0.0,0.0008628792339883057,0.005586989713221428,0.008882024614721222,0.0061029474375618765,0.0,0.0008744331691823322,0.005607790438099784,0.009064207866866876,0.006146364752369738,0.0,0.24999999999231193,0.0,0.0001443457094865811,0.24305073046684636,0.005586989713221428,0.01302181824853633,0.0075820520427049036,0.003957615233539111,8.207671849489209e-08,1.0,0.0038171115797118924,0.004037776073643097,0.00015168048287217008,0.6675925925925926,0.6611111111111111,0.006740842490074584,0.5499452728859958,0.541068006864103,0.009857020742609792,1,1,1,1
03_rough_h0p008_spacing0p45_p2l_v2:0021,03_rough_h0p008_spacing0p45_p2l_v2,25.012999999999984,25.412999999999982,-0.0033671037165379663,0.04365619455395229,0.07539830495547895,0.04762742418350841,0.0,-0.05567364860959843,0.5630352262056029,0.9752003153344352,0.6137020735576498,0.0,2.73045486573729e-05,0.00014812633081551365,0.00034832987810848033,0.00017826995056654908,0.0,0.00036702917157734917,0.009082995348748898,0.016265796725549612,0.009654953030130005,0.0,0.0004575202558273937,0.009158217905538875,0.016584251573937617,0.00976602320593407,0.0,0.24999999999231193,0.0,0.00016032620138630178,0.2533671037088499,0.009082995348748898,0.014363487874126408,0.007092341426859493,0.004345936908986741,9.474546061210624e-08,1.0,0.003904682688120841,0.004176277911948964,0.00020303054912807153,0.6611111111111112,0.65,0.009848947338087992,0.5496051993215626,0.529538696796896,0.011512654484020356,1,1,1,1
03_rough_h0p008_spacing0p45_p2l_v2:0022,03_rough_h0p008_spacing0p45_p2l_v2,25.212999999999983,25.612999999999982,0.017080402983876173,0.042561328409943866,0.06508047018012625,0.042371088774305184,0.0,0.2074861560977503,0.5475663693888272,0.831011513125101,0.5498783991352102,0.0,-2.87765575733546e-05,0.00016886457945978288,0.0003839351318225482,0.0001991725657321948,0.0,0.0017426483803212722,0.007386395691198519,0.016265796725549612,0.00866277928534276,0.0,0.0018130298064709626,0.007512874533786832,0.016584251573937617,0.008793100585750014,0.0,0.2534999999895615,0.0,0.00017453505498653217,0.24484816843155113,0.007386395691198519,1.1899402936707228,1.1568811742945841,0.005843769591288217,9.462574573302724e-08,1.0,0.0039308496264353005,0.004176277911948964,0.00018686516254936487,0.6563492063492063,0.65,0.009118353407203225,0.5441288684776403,0.529538696796896,0.00740931579576206,1,1,1,1
03_rough_h0p008_spacing0p45_p2l_v2:0023,03_rough_h0p008_spacing0p45_p2l_v2,25.412999999999982,25.81299999999998,0.031610230083010435,0.03205662654446971,0.06508047018012625,0.02153988563238449,0.0,0.3944342626939796,0.39967844196858193,0.831011513125101,0.26859338583320597,0.0,-3.720484606147836e-05,0.00017474662997743603,0.00046511402229207826,0.00021559136353882245,0.0,0.002557861819563431,0.004466749087189408,0.01620812575040199,0.006559745087602587,0.0,0.002565379753098841,0.004630202434138812,0.016666337451732634,0.0067669201393992144,0.0,0.3034999999877752,0.0,0.00017625283812007565,0.2823064365685981,0.004466749087189408,1.189929135965332,1.1570447781447943,0.004856885098498899,6.548312233463873e-08,1.0,0.004183707588701933,0.004546725299748763,0.0002738246528356882,0.6509259259259259,0.6388888888888888,0.007465053470646809,0.5478403320211892,0.5408818708231081,0.006567580200925454,1,1,1,1
03_rough_h0p008_spacing0p45_p2l_v2:0024,03_rough_h0p008_spacing0p45_p2l_v2,25.612999999999982,26.01299999999998,0.00955693059032578,0.023435725247014417,0.04730633816185226,0.028248647985632543,0.0,0.10934543252831035,0.29299766691991197,0.55738020524541,0.3543148989617099,0.0,-4.218878607098311e-05,0.00017104592437032135,0.00046511402229207826,0.00021600939891480123,0.0,0.002909108453369202,0.007323148591887714,0.01620812575040199,0.008947068044715682,0.0,0.0029448842810056533,0.007435779740481467,0.016666337451732634,0.009064520776740524,0.0,0.3499999999895209,0.0,0.000199193125428399,0.3404430693999767,0.007323148591887714,0.015038636875396702,0.006486207012283883,0.004330231516476294,6.341755701047217e-08,1.0,0.0042027974796256095,0.004546725299748763,0.0003614278860936209,0.6305555555555554,0.5666666666666667,0.029874566305373478,0.5581254487534103,0.5452552197628592,0.010277363658701232,1,1,1,1
03_rough_h0p008_spacing0p45_p2l_v2:0025,03_rough_h0p008_spacing0p45_p2l_v2,25.81299999999998,26.21299999999998,-0.008156851273596935,0.025126172088319604,0.048908599324876734,0.029285696073162816,0.0,-0.11592197425398017,0.3271313881738409,0.65215507798108,0.3795481468600769,0.0,-3.620669828087583e-05,0.00015372789330790176,0.0004018002869980674,0.0001836571945372398,0.0,0.0014040197444994487,0.006511172806821641,0.011727377985424711,0.00770456048324059,0.0,0.0013734182303317066,0.0064860241327071855,0.01161705752895158,0.007663874069348644,0.0,0.3499999999903025,0.0,0.00016890249556099948,0.35815685126389946,0.006511172806821641,0.016010624208997598,0.006850404458861696,0.004330231516476294,7.832640886656651e-08,1.0,0.003938177409077115,0.004494370161648161,0.0003353625928348041,0.6101851851851852,0.5666666666666667,0.03049938720740854,0.5602745094975089,0.5485302522829196,0.009340766020255666,1,1,1,1
03_rough_h0p008_spacing0p45_p2l_v2:0026,03_rough_h0p008_spacing0p45_p2l_v2,26.01299999999998,26.41299999999998,0.011273721583424675,0.03213518218531488,0.08138365991294888,0.040545913911264775,0.16666666666666666,0.13811204109391614,0.41644287972723104,1.0584953189994812,0.5285723252332493,0.0,-3.053118115266749e-05,0.00015136538392673221,0.000551705436466156,0.0001958950944952885,0.0,0.00035226680342196156,0.005895445533453731,0.010276557139237287,0.0070943269615949605,0.0,0.0003113441765163185,0.005854554177232841,0.010281954367391112,0.007041387585354367,0.0,0.34999999998867326,5.978123978750843e-14,0.00015065309480113807,0.33872627840715247,0.005895445533434753,0.3514653608550104,0.3090816543714462,0.006296643898890594,0.013569757595097954,1.0,0.003823578969669447,0.0043176321169944715,0.00023655555838109977,0.6361111111111111,0.5777777777777777,0.039512200543244225,0.5534081559661977,0.5405193935159448,0.007900879537811866,1,1,1,1
03_rough_h0p008_spacing0p45_p2l_v2:0027,03_rough_h0p008_spacing0p45_p2l_v2,26.21299999999998,26.61299999999998,0.018670614631996818,0.031158728518495382,0.08138365991294888,0.03805009595573906,0.16666666666666666,0.2405169000383731,0.39003349264226633,1.0584953189994812,0.47813491487771753,0.0,-3.395552749662573e-05,0.00014149055135731717,0.000551705436466156,0.00018446424968617168,0.0,0.0019958435245493902,0.006076877198374606,0.010276557139237287,0.006675951614923528,0.0,0.0019722746272854068,0.006061313696851531,0.010281954367391112,0.0066474941632380284,0.0,0.3499999999890474,2.3627823344586667e-13,0.00015484179754468764,0.33132938536096357,0.006076877198359423,1.0265397476724207,0.7400218204726784,0.10221241123208347,0.033680863582036105,1.0,0.0040017572840582135,0.004644433717014592,0.00037713524510907406,0.6574074074074074,0.6222222222222222,0.028448687955068927,0.5465630307359516,0.5150542044026092,0.015276372033957705,1,1,1,1
03_rough_h0p008_spacing0p45_p2l_v2:0028,03_rough_h0p008_spacing0p45_p2l_v2,26.41299999999998,26.812999999999978,-0.014011559906831145,0.04156024226990474,0.09762561533171099,0.04876466532665089,0.16666666666666666,-0.17017735868616257,0.5159460833217696,1.2305371665043132,0.6084379202239376,0.0,-3.166754784005069e-05,0.00018821573317205108,0.0004818871589942174,0.00022995375473644185,0.0,-5.4255363128448475e-05,0.007945270736680827,0.015394802103259962,0.008970299399958656,0.0,-2.822116947808912e-06,0.007906859664872238,0.01535907432845773,0.008922075665666869,0.0,0.3499999999928638,1.821904450666924e-13,0.0001700971952423648,0.3640115598995169,0.007945270736684622,0.9682355636425889,0.782303973966549,0.5039261981411775,0.020111214127167716,1.0,0.0041187938173557976,0.004644433717014592,0.000376652317028196,0.6324074074074074,0.5611111111111111,0.0448381481955676,0.535515405022495,0.5150542044026092,0.016331090759280034,1,1,1,1
03_rough_h0p008_spacing0p45_p2l_v2:0029,03_rough_h0p008_spacing0p45_p2l_v2,26.61299999999998,27.012999999999977,-0.018589473901503246,0.03128105563855258,0.09762561533171099,0.040124486636844016,0.16666666666666666,-0.22976794427287697,0.40079390613637683,1.2305371665043132,0.5097814095032367,0.0,-5.2538578135446896e-05,0.00021152576637484304,0.0004818871589942174,0.0002479107479422443,0.0,-0.0017622338810780343,0.006348734934943975,0.015394802103259962,0.008016715033166082,0.0,-0.0017158348306555791,0.0062741169802043055,0.01535907432845773,0.007977038771885424,0.0,0.34999999999248965,5.693451408334137e-15,0.0001857242872482699,0.3685894738918058,0.006348734934943975,0.08495621080415992,0.08089640012908349,0.0039788401958579,9.801992653809132e-08,1.0,0.003719276720497875,0.004327086705333919,0.00040195851621723525,0.6361111111111111,0.5611111111111111,0.04240093756242708,0.5313962980759673,0.521735879075785,0.006356549617468071,1,1,1,1
03_rough_h0p008_spacing0p45_p2l_v2:0030,03_rough_h0p008_spacing0p45_p2l_v2,26.812999999999978,27.212999999999976,0.0021901733299321915,0.02441248014460327,0.0493389030001668,0.029370544850201248,0.0,0.02353806313900293,0.3198847569073989,0.6482316722570225,0.38505295053003025,0.0,-5.8377351936727604e-05,0.00014722227790956775,0.0003906496679593581,0.00017758474611815066,0.0,0.0006885994150093635,0.0034841897944045117,0.007699953160561519,0.004232690049688763,0.0,0.0007092416318649038,0.003433802712526634,0.007760656840750437,0.00419710463948648,0.0,0.3499999999903025,0.0,0.00016516339540213775,0.34780982666037036,0.0034841897944045117,0.01598004082656117,0.00741187368948922,0.004299889819827501,8.292567177866511e-08,1.0,0.0036959976107512255,0.004313508463477193,0.00036652252176700713,0.6546296296296297,0.5888888888888889,0.032460274338811296,0.5427568125711836,0.5308015568484433,0.009843200490324205,1,1,1,1
03_rough_h0p008_spacing0p45_p2l_v2:0031,03_rough_h0p008_spacing0p45_p2l_v2,27.012999999999977,27.412999999999975,0.008625957026059774,0.03096094003276172,0.0493389030001668,0.03264119979617834,0.0,0.10292306269832735,0.39555588509671713,0.6482316722570225,0.4207880175094515,0.0,1.4946123048277073e-05,0.00015786662462735163,0.0003464043434826466,0.0001838212742467825,0.0,0.0014537380263463125,0.005446116096912816,0.00822397849089821,0.005630739835254022,0.0,0.0015015608504156859,0.005473073519732458,0.008278530161228908,0.005642711940934061,0.0,0.34999999998902076,1.9927079929169478e-14,0.00017059836919011286,0.34137404296614404,0.005446116096916612,1.0784012085530974,0.837348451883951,0.023731687126944234,0.027905998089650885,1.0,0.0039801538427907575,0.004454725241095218,0.00029214933122360975,0.6555555555555554,0.5888888888888889,0.035282516450477135,0.531982123582952,0.504216475505536,0.02035993429144386,1,1,1,1
03_rough_h0p008_spacing0p45_p2l_v2:0032,03_rough_h0p008_spacing0p45_p2l_v2,27.212999999999976,27.612999999999975,0.03155969196521555,0.0374483739718619,0.08702796519908607,0.031697322249363113,0.16666666666666666,0.4051563859843174,0.481711984297033,1.1445893099033762,0.4127115318338418,0.0,3.421856025214945e-05,0.00019889765496689557,0.0005924834334620848,0.00023533305677937876,0.0,0.0025548424769614962,0.005817112441299357,0.00822397849089821,0.005393096595543359,0.0,0.0025968749393756266,0.00587701827836429,0.008278530161228908,0.0054353636818938005,0.0,0.34999999998852277,3.416070845000482e-14,0.00019344491294454453,0.3184403080203951,0.005817112441293188,1.6599033794154552,1.3081344006786333,0.6604572086104088,0.0392971685126731,1.0,0.0038331937471636304,0.004454725241095218,0.0005357962556008146,0.6722222222222222,0.6388888888888888,0.02103299387333435,0.5143504978160517,0.504216475505536,0.0050714386912700145,1,1,1,1
03_rough_h0p008_spacing0p45_p2l_v2:0033,03_rough_h0p008_spacing0p45_p2l_v2,27.412999999999975,27.812999999999974,0.0324218509747682,0.055110158189228375,0.08854133952473556,0.05251980400537547,0.3333333333333333,0.37764164633266223,0.6871698574125747,1.1445893099033762,0.6647230622939808,0.0,0.0024261846301068075,0.019984599703401818,0.2045819632792458,0.04833476375158753,0.05,0.015578820840859464,0.029378128669827988,0.12275459298649566,0.049383396667895936,0.16666666666666666,0.023224136130442597,0.025546535568477538,0.11461167016287199,0.04161001872748498,0.16666666666666666,0.2849999999903302,0.10999999997735185,0.11068067851248473,0.2525781490050562,0.09845993098840461,1.6339081780034386,1.411537370957843,0.3978310185811068,0.02116945745639016,1.0,0.004009861932157489,0.005289605455787703,0.0007726306813480056,0.6518518518518518,0.6111111111111112,0.03434673516850259,0.5186667197848176,0.5105040697595077,0.007276743020098393,1,1,1,1
03_rough_h0p008_spacing0p45_p2l_v2:0034,03_rough_h0p008_spacing0p45_p2l_v2,27.612999999999975,28.012999999999973,0.002371002225398553,0.03830942718890192,0.08854133952473556,0.04860685086804153,0.16666666666666666,-0.007169175154080568,0.4537164001001575,0.9373098206390578,0.5737257324360296,0.0,-0.00364784012795069,0.02751218820088276,0.2045819632792458,0.04981901458254253,0.05,0.008408142551735812,0.032510055110429405,0.12275459298649566,0.05178002861954204,0.16666666666666666,0.021225995359107002,0.02571503995192727,0.11461167016287199,0.0428052965466289,0.16666666666666666,0.21999999999344766,0.2199999999712204,0.22627778500194795,0.21762899776416333,0.21159185742327455,1.6840799168114016,1.32708094137271,0.04227360451720055,0.021793866988751555,1.0,0.004517804650158869,0.005289605455787703,0.0005324209543078729,0.6231481481481481,0.6,0.01552134686503723,0.5325666128985815,0.5105040697595077,0.016318742758325278,1,1,1,1
03_rough_h0p008_spacing0p45_p2l_v2:0035,03_rough_h0p008_spacing0p45_p2l_v2,27.812999999999974,28.212999999999973,-0.023764930838083564,0.029179801222046404,0.07468259515645875,0.030294094379766462,0.0,-0.293758749567149,0.3579573397482241,0.8983103769558266,0.3710365473514602,0.0,-0.003158273023945761,0.011351834687848826,0.02740217187743671,0.013430387108916912,0.0,-0.006120973769887614,0.014706704579713759,0.0257131021887676,0.01614889802336565,0.0,-0.002636918501630734,0.00913996099056146,0.021417897161334104,0.011281881339330209,0.0,0.2199999999976332,0.21999999995754477,0.2228420679761031,0.24376493083632444,0.22612097372735265,1.476357686330817,1.2310777082986162,0.08680319534970848,0.018827206038964144,1.0,0.004262073112165829,0.004742831961505477,0.00047912093103341424,0.6101851851851852,0.5777777777777777,0.02554280411876616,0.5380994348218108,0.5276844964548465,0.011699242661467362,1,1,1,1
03_rough_h0p008_spacing0p45_p2l_v2:0036,03_rough_h0p008_spacing0p45_p2l_v2,28.012999999999973,28.412999999999972,-0.027739938678441725,0.0306801875184381,0.07468259515645875,0.027376390964001303,0.0,-0.33926505804681617,0.37507927296885063,0.8983103769558266,0.33672454340992924,0.0,0.012076105808380259,0.012872290024764912,0.0188687475142138,0.0076742332927375164,0.0,0.006268646680135349,0.016016637139582433,0.0257131021887676,0.017880793673588278,0.0,-0.004614632920552975,0.011058208658483393,0.021717879122740952,0.013014107081719965,0.0,0.21999999999713027,0.21999999992918565,0.208014085019189,0.24773993867508126,0.2137313532523677,0.6495608902937483,0.5882004460996423,0.09168154365093316,0.006811664858903291,1.0,0.004229439873803218,0.005003845295883638,0.0004925949172797749,0.5805555555555556,0.5444444444444444,0.022395160411940437,0.5370579653760651,0.5285022748875207,0.006957943239208089,1,1,1,1
03_rough_h0p008_spacing0p45_p2l_v2:0037,03_rough_h0p008_spacing0p45_p2l_v2,28.212999999999973,28.61299999999997,-0.018456095264507377,0.02458356417037456,0.047015134281693516,0.02077035832528415,0.0,-0.22046570111211525,0.2962541733250886,0.5742304401738367,0.25219947243508173,0.0,0.018312857367087862,0.018312857367087862,0.0188687475142138,0.0001942936059046665,0.0,0.013878616002761412,0.015055572399285963,0.02491400510376668,0.01004117095825127,0.0,-0.004479396221259799,0.008552241965748686,0.021717879122740952,0.010023355225573408,0.0,0.21999999999400943,0.21999999993457736,0.20172531125400867,0.23845609525795355,0.2061213839355357,0.04758971190869084,0.010679633902153944,0.006541483009429066,1.3831567654106482e-07,1.0,0.004344912359226892,0.005003845295883638,0.000341047535207899,0.561111111111111,0.5388888888888889,0.018975834751777037,0.5393521065755734,0.5308443134745887,0.006383264778108163,1,1,1,1
03_rough_h0p008_spacing0p45_p2l_v2:0038,03_rough_h0p008_spacing0p45_p2l_v2,28.412999999999972,28.81299999999997,0.00014855745073870386,0.02839934129166038,0.0611500998979026,0.034340725293880194,0.0,-0.0004336372240305401,0.35098795741120137,0.7579268144625866,0.4245893563074828,0.0,0.007072244168807064,0.016770066476505148,0.07176585327033849,0.020951031775736116,0.0,-0.018829345074438692,0.04122589195764326,0.18016571109624585,0.07238195305710014,0.16666666666666666,-0.02931187148115659,0.035374926307356155,0.1695960804730124,0.06332039929192934,0.16666666666666666,0.2199999999933855,0.21999999992465943,0.20093322938737074,0.21985144254252872,0.18293803838266273,0.6483478633314035,0.6201550335095007,0.008960090046973995,8.289778665872013e-08,1.0,0.0042135313332856495,0.004610638083336947,0.00020939861109726151,0.562962962962963,0.5388888888888889,0.026189140043946214,0.5353421227669602,0.5210185487346701,0.008924892909316681,1,0,1,1
03_rough_h0p008_spacing0p45_p2l_v2:0039,03_rough_h0p008_spacing0p45_p2l_v2,28.61299999999997,29.01299999999997,0.02126709050032102,0.02520372679215381,0.0611500998979026,0.022795357272316692,0.0,0.25334711343896515,0.3020344395116124,0.7579268144625866,0.27976050601054264,0.0,-0.0020428823392540014,0.0076962845935765216,0.07176585327033849,0.017802526352628502,0.0,-0.03374177516617051,0.040903686657219336,0.18016571109624585,0.06666615253604165,0.16666666666666666,-0.035078196606606146,0.03926544701060591,0.1695960804730124,0.061150814286487096,0.16666666666666666,0.2199999999928437,0.21999999992834876,0.21012360237744251,0.1987329094923854,0.18326024368687474,0.6484969979039166,0.6196233680541442,0.008866826072015378,6.439896008067409e-08,1.0,0.004448686020576949,0.005148027554101068,0.00036321648895608355,0.5518518518518518,0.5222222222222223,0.03104269373007447,0.5086205775001508,0.45916479549620254,0.029030063970377988,1,0,1,1
03_rough_h0p008_spacing0p45_p2l_v2:0040,03_rough_h0p008_spacing0p45_p2l_v2,28.81299999999997,29.21299999999997,0.00603286145052898,0.022441293011702088,0.04922529468351933,0.026501799790548,0.0,0.06131947822802725,0.27619241808869804,0.6446188195820123,0.3328529621366823,0.0,0.0021737057555429847,0.0022296568708389418,0.01917446731742395,0.0048507073562980675,0.0,-0.0024477685802251257,0.015069180843222943,0.027242562952221966,0.016816656489650837,0.0,-0.004201269829915029,0.013381330358796207,0.02284115498564873,0.014052446988946931,0.0,0.21999999998736808,0.2199999999542198,0.22221191478031824,0.21396713853874613,0.21755223137295276,0.8381740394734107,0.7330697854209152,0.01966197099928057,0.013576278714451944,1.0,0.004236867705652089,0.005148027554101068,0.0005000573757925644,0.5407407407407407,0.5222222222222223,0.017173367584251285,0.4640487457377289,0.4301825751092965,0.02423226817468056,1,1,1,1
03_rough_h0p008_spacing0p45_p2l_v2:0041,03_rough_h0p008_spacing0p45_p2l_v2,29.01299999999997,29.41299999999997,0.012034867982321604,0.028443299543494713,0.05188609128502225,0.03206770593797576,0.0,0.15087172072922636,0.3657446605898971,0.6457945002547617,0.41523007054248334,0.0,0.0003823541071836009,0.004933872331897892,0.01917446731742395,0.007674993278951263,0.0,0.0017429546372764587,0.010878457625721358,0.027242562952221966,0.013575246636521675,0.0,0.0009569998208071214,0.00832893336930444,0.01731858242046172,0.009990157910917554,0.0,0.21999999999167463,0.21999999995261996,0.22032519185423652,0.20796513201098488,0.2217429545874112,1.2655771547740975,1.0155989955080875,0.07274840093589577,0.02377856386520657,1.0,0.0040033542889426526,0.00453013087912729,0.000347169493884394,0.5435185185185185,0.5055555555555555,0.021852636520751752,0.42676506681106813,0.39382752458981685,0.020929298892670856,1,1,1,1
03_rough_h0p008_spacing0p45_p2l_v2:0042,03_rough_h0p008_spacing0p45_p2l_v2,29.21299999999997,29.612999999999968,0.015249807910710142,0.020884286329761748,0.05188609128502225,0.023411170376135076,0.0,0.19471754204444405,0.2675963195115913,0.6457945002547617,0.30080249568796924,0.0,-0.0018283047954673697,0.002915518814359669,0.017671931043926448,0.005247686195601665,0.0,-0.0025198924002275045,0.009779468780659653,0.019500108985621156,0.012062936582831972,0.0,-0.0009606797046853669,0.009534169155931102,0.02329472653435463,0.01286327479047686,0.0,0.2199999999965574,0.21999999994175684,0.21780646893921246,0.20475019208259782,0.21748010753953753,6.15029962592789,5.997281312971275,0.2652929877567753,0.012096566039243141,1.0,0.0040773783712502185,0.00453013087912729,0.0002934645005382654,0.5472222222222222,0.5055555555555555,0.023295825232239137,0.3997478311362994,0.38200498079255363,0.014447612734853564,1,1,1,1
03_rough_h0p008_spacing0p45_p2l_v2:0043,03_rough_h0p008_spacing0p45_p2l_v2,29.41299999999997,29.812999999999967,-0.021328759143784792,0.028848733139300902,0.1217066631550185,0.04610658956693067,0.16666666666666666,-0.3000972886099412,0.39491137810110444,1.7211921366500103,0.6493308178336845,0.0,0.009264374224248088,0.009747357281114616,0.18938148675386177,0.04132300981139819,0.05,0.023255821432454152,0.032917759031614494,0.14515543192493646,0.05576993156164352,0.16666666666666666,0.024047613576791985,0.033619609243247466,0.14583874346558032,0.055960810098540766,0.16666666666666666,0.17599999999907134,0.17599999996621457,0.18233364749291708,0.20466209246658174,0.2065891547357457,6.337201718516248,6.1641003434452335,0.008147234160856665,0.002970324173590384,1.0,0.003972169241384556,0.004309468148305318,0.0003490523020910855,0.562962962962963,0.5388888888888889,0.022604732621729098,0.396646112168295,0.38200498079255363,0.01223907127277051,1,1,1,1
03_rough_h0p008_spacing0p45_p2l_v2:0044,03_rough_h0p008_spacing0p45_p2l_v2,29.612999999999968,30.012999999999966,-0.015012436728455267,0.030893996574156368,0.1217066631550185,0.04950078706447002,0.16666666666666666,-0.22002155124517317,0.41938687625093546,1.7211921366500103,0.6915482259759538,0.0,0.009020440190655617,0.009951448651997033,0.18938148675386177,0.04137914238370246,0.05,0.021807836299803842,0.028106616410888515,0.14515543192493646,0.05539162797475865,0.16666666666666666,0.022240503326911996,0.02836245707171127,0.14583874346558032,0.05551323816218816,0.16666666666666666,0.06600000001128037,0.06600000001245354,0.07302785800878993,0.09972729847204499,0.097868594963965,1.798645117453652,1.7277994714713494,0.009880648256108505,0.0010796568055141324,1.0,0.0040630477393191556,0.004665237668146657,0.00041749686371760384,0.612037037037037,0.5388888888888889,0.046967358714712595,0.3994370624142876,0.39116996350547323,0.00821544451772672,1,1,1,1
03_rough_h0p008_spacing0p45_p2l_v2:0045,03_rough_h0p008_spacing0p45_p2l_v2,29.812999999999967,30.212999999999965,-0.0017010803618525614,0.014727810763808144,0.03659489976052842,0.019737740764476215,0.0,-0.01895248097270691,0.18318417588873417,0.4435946422524378,0.24449989254473425,0.0,-0.000525512524848961,0.000525512524848961,0.0012430145454526038,0.0003173049488993741,0.0,-0.0009772564876626153,0.003954665738369545,0.00815280739144864,0.004760905527359668,0.0,-0.00048184546007058043,0.004126052631704018,0.0077475555791689955,0.0048982142668304324,0.0,1.6546763959013333e-11,3.2817053917637964e-11,0.0005253206453687401,0.014727810763788715,0.0039546657279059295,0.044387232185845095,0.012748251822449127,0.009600065734111773,4.9428511909683474e-06,1.0,0.004139252160966881,0.004665237668146657,0.00027569437822477116,0.6555555555555556,0.6555555555555556,0.0,0.3957153084341358,0.39116996350547323,0.0026736212268914377,1,1,1,1
03_rough_h0p008_spacing0p45_p2l_v2:0046,03_rough_h0p008_spacing0p45_p2l_v2,30.012999999999966,30.412999999999965,-0.0025043935144044775,0.02036705879972662,0.048652389883474915,0.02651698255079122,0.0,-0.032157896303226914,0.25482915871098594,0.604196068516867,0.32924824048104445,0.0,-0.00024885646936372355,0.00029207864179750466,0.0009320737699380449,0.000312798083899261,0.0,0.0010790206601472077,0.004317602153342326,0.008747040180581119,0.004961270926558851,0.0,0.0012483055103317598,0.00443356692783627,0.008954712878779249,0.005111970128790321,0.0,1.6546763959013333e-11,3.008419724163757e-11,0.00026725368282022247,0.020367058794200484,0.004317602153202836,0.04829110020514132,0.009996305254633082,0.005712758875542297,1.4538674963880324e-06,1.0,0.004062408392946267,0.004330743388809918,0.000217844645244613,0.6546296296296296,0.65,0.002070433312499798,0.3952455840353801,0.3910931025160553,0.002828775186775988,1,1,1,1
03_rough_h0p008_spacing0p45_p2l_v2:0047,03_rough_h0p008_spacing0p45_p2l_v2,30.212999999999965,30.612999999999964,0.036943034488497534,0.04474901511554547,0.145761727904597,0.05348523872009409,0.16666666666666666,0.4769268860143956,0.5790558224193775,1.9280346659501388,0.7069860214999175,0.0,0.0003834246474542687,0.0005527464791842636,0.005506988784363058,0.001323792078948939,0.0,0.0017041966001144111,0.003535318708646651,0.008747040180581119,0.003957870495211018,0.0,0.001639578381002333,0.003621587588500981,0.008954712878779249,0.004110254684723386,0.0,0.037500000003310996,2.4738046369211824e-11,0.0007013638580508979,0.020999015128818105,0.003535318720331511,1.4667714452716607,1.33519759871961,0.00790390842902318,0.0026517575355370446,1.0,0.004030635762491808,0.004310292934181138,0.00021212230405942613,0.6518518518518518,0.6444444444444445,0.004140866624999596,0.39581390714508397,0.3910931025160553,0.0034670970543654103,1,1,1,1
03_rough_h0p008_spacing0p45_p2l_v2:0048,03_rough_h0p008_spacing0p45_p2l_v2,30.412999999999965,30.812999999999963,0.08681322710724397,0.08681322710724397,0.2201437882382553,0.07334349935353746,0.3333333333333333,1.1433184097057476,1.1433184097057476,2.9208918230003347,0.9782860784186033,0.0,0.0013096966026871705,0.001719986574490119,0.008547076853113116,0.002435880120532818,0.0,0.005793263248493167,0.00659030075335568,0.011956979500544094,0.005155977027044369,0.0,0.0039923572605040395,0.00481448461588311,0.009883824298177142,0.004020605660004896,0.0,0.18749999998437739,2.2864900855869893e-11,0.0019475294188342825,0.10491135920312089,0.006590300771252096,1.9994045494308623,1.5504706464410718,0.6106537874778972,0.010512833371649804,1.0,0.0038714226526759005,0.004171301617192092,0.0001697157477001975,0.6425925925925926,0.6166666666666667,0.012283795519834809,0.3993671080797672,0.3877486915070985,0.008142120438862976,1,1,1,1
03_rough_h0p008_spacing0p45_p2l_v2:0049,03_rough_h0p008_spacing0p45_p2l_v2,30.612999999999964,31.012999999999963,0.042985964117330216,0.0680735281129257,0.2201437882382553,0.09093278712945443,0.16666666666666666,0.5822563348251865,0.8868574927709262,2.9208918230003347,1.1886935166660042,0.0,0.0027884701650711585,0.004527839153003378,0.046941546648965916,0.010585637412221155,0.0,0.005007896662583993,0.00781161441184934,0.011956979500544094,0.006719549618669251,0.0,0.004715179018678632,0.005372593934512347,0.009883824298177142,0.003847841288434441,0.0,0.29999999998884697,2.435658512485344e-11,0.003508371082688258,0.2570140358681961,0.007811614416901328,1.8904241189262316,1.5188936179302719,0.14712461377454417,0.02257899866863091,1.0,0.003922646834126847,0.004319598349789094,0.00020229408776198168,0.6287037037037037,0.6055555555555555,0.01413364585414238,0.3945769763598028,0.3783668448879405,0.011979141713062769,1,1,1,1
03_rough_h0p008_spacing0p45_p2l_v2:0050,03_rough_h0p008_spacing0p45_p2l_v2,30.812999999999963,31.212999999999962,-0.021197093857831046,0.02410471818315041,0.07526269198678648,0.027229716155587044,0.0,-0.2687505560654352,0.3058115831782035,0.913803473837219,0.33357915776789565,0.0,0.0020988509307844185,0.0034633941214124485,0.046941546648965916,0.010475628271882918,0.0,-0.0004276782871502553,0.004409520561652143,0.006767400574521261,0.004737860103510178,0.0,0.0009122583343486808,0.003726881203889563,0.006471623861121504,0.004114309348550743,0.0,0.2999999999951741,2.2585921736861525e-11,0.0023450522445999785,0.32119709385422346,0.004409520559277974,1.3139517949263195,1.2331030845254911,0.007701361849309543,0.014717862662155587,1.0,0.003913247308004047,0.004319598349789094,0.00024071616367249773,0.6194444444444445,0.6055555555555555,0.00948791737588851,0.39421109560935164,0.3783668448879405,0.00947225082540351,1,1,1,1
03_rough_h0p008_spacing0p45_p2l_v2:0051,03_rough_h0p008_spacing0p45_p2l_v2,31.012999999999963,31.41299999999996,-0.0029148661572430032,0.020309870505540218,0.02972598907894719,0.02163085372499281,0.0,-0.04259432761758363,0.267332705275667,0.40276503376945744,0.2845310091923261,0.0,0.0003570683576251797,0.00037575353941444187,0.0008179303036655331,0.00021913387618702237,0.0,0.0029866210787148884,0.005020102178251942,0.008639874650300569,0.004573928484052276,0.0,0.0026480866875436527,0.0048052946412508206,0.008288128775901113,0.0045765105247111085,0.0,0.2999999999913072,2.095190118266963e-11,0.0003271941779138993,0.3029148661485502,0.0050201021922198765,0.01488066428516953,0.0068739710408617745,0.004367570878047643,6.081369022288798e-08,1.0,0.0037888382744361905,0.003988914626684551,0.0001529073344767379,0.6296296296296297,0.6111111111111112,0.0134816849801491,0.3946489009783618,0.38176701054950135,0.007879690891208501,1,1,1,1
03_rough_h0p008_spacing0p45_p2l_v2:0052,03_rough_h0p008_spacing0p45_p2l_v2,31.212999999999962,31.61299999999996,-0.002992359477391663,0.022763075799848136,0.0615718460102494,0.029677608015899463,0.0,-0.04119268615592068,0.295952942674013,0.8080080727687805,0.3873922119562436,0.0,0.0002580946297157384,0.0002991792837697199,0.0008179303036655331,0.0002607898533771368,0.0,0.0043905911514870955,0.005514684181655657,0.008639874650300569,0.003869761957907505,0.0,0.004066645379974289,0.005216365666273978,0.008288128775901113,0.003789958286114744,0.0,0.2999999999913072,2.095190118266963e-11,0.00028963912841081503,0.3029923594686989,0.005514684195623592,0.012243132472146407,0.00536126364160573,0.0033321075786491303,8.548783770293906e-08,1.0,0.003908187143187281,0.004101984548027992,0.000144290137875287,0.6416666666666667,0.6,0.021456722641215703,0.3956885946620871,0.38176701054950135,0.009642442683483406,1,1,1,1
03_rough_h0p008_spacing0p45_p2l_v2:0053,03_rough_h0p008_spacing0p45_p2l_v2,31.41299999999996,31.81299999999996,-0.020877049235667782,0.03187065347379098,0.0615718460102494,0.031689132063393494,0.0,-0.2749207005055981,0.4230268330796614,0.8080080727687805,0.42374319962794066,0.0,0.0006407450699841399,0.0006838651821877272,0.009751676911637766,0.002099963038022456,0.0,0.0032737262431399472,0.004397819273308509,0.010269743084641129,0.004504705657576644,0.0,0.0022603359588569544,0.0034100562451566444,0.007095833228973143,0.003393278327796879,0.0,0.29999999998849947,1.9682261518611112e-11,0.0007453785204920267,0.3208770492200716,0.0043978192842456295,1.1273007961184949,0.9102526017665371,0.3529727572687769,0.021161841859322857,1.0,0.0038150910837606877,0.004101984548027992,0.00028043627399153395,0.6361111111111112,0.6,0.023733343736993165,0.3982799791266702,0.38451929597214096,0.008546200294943284,1,1,1,1
03_rough_h0p008_spacing0p45_p2l_v2:0054,03_rough_h0p008_spacing0p45_p2l_v2,31.61299999999996,32.01299999999996,0.014325056317414831,0.04218608816319528,0.1084264919047879,0.04952131572708513,0.14285714285714285,0.2128923126776397,0.5830464018420101,1.5333821537228765,0.6879395652455937,0.0,0.0010842673718772695,0.001138938014499636,0.009751676911637766,0.0028772262288969445,0.0,0.0011765743682962512,0.004007081118757373,0.010269743084641129,0.004992644552495813,0.0,-0.000913000640207931,0.0045233630310697725,0.012146035737622114,0.005819871410153948,0.0,0.29999999999022586,1.947160381650274e-11,0.000973356224975543,0.2856749436679465,0.0040070811261092455,1.689742850768241,1.3345150835877464,0.19422638825815663,0.03561062700032076,1.0,0.003558813394326059,0.004163789464005344,0.000358847086960096,0.6396825396825397,0.6222222222222222,0.013421852797847432,0.39702239802411216,0.38451929597214096,0.008711585509940256,1,1,1,1
03_rough_h0p008_spacing0p45_p2l_v2:0055,03_rough_h0p008_spacing0p45_p2l_v2,31.81299999999996,32.21299999999996,0.04088419910792761,0.04302858291117988,0.1084264919047879,0.03717379220685856,0.14285714285714285,0.5725933145786671,0.5992320125853139,1.5333821537228765,0.5198996007840581,0.0,0.000678279411478804,0.0009707460171663768,0.009643042718234792,0.0021804044254833334,0.0,0.0002673023072901461,0.0033741482240942844,0.006493366047397573,0.004059084918401812,0.0,-0.0008931765086105495,0.004914271736776519,0.012146035737622114,0.006308777214283264,0.0,0.2999999999890046,2.8467257041670683e-11,0.0016216823097904751,0.2591158008794616,0.0033741482321049702,1.3053724243674683,1.172289564302202,0.20243728987108034,0.027290379418452998,1.0,0.0035005990899718473,0.004163789464005344,0.0002957582379897558,0.6468253968253969,0.6333333333333333,0.009784784131696788,0.38991211019406385,0.37210497828379907,0.013659483345303832,1,1,1,1
03_rough_h0p008_spacing0p45_p2l_v2:0056,03_rough_h0p008_spacing0p45_p2l_v2,32.01299999999996,32.41299999999996,0.005736535652764709,0.0406579496879334,0.0776312998880005,0.0489793831569636,0.0,0.08273177313649882,0.5515907220663524,1.0477393485955269,0.6657941059420548,0.0,-0.0024506203457187537,0.0029939286666181898,0.008162243977775051,0.0031666098000094805,0.0,-0.0007400171174718678,0.002987729359802208,0.006825708961985051,0.0038646518373945528,0.0,-0.005072679170324042,0.008869562315872189,0.04012027314793981,0.01599160914833734,0.0,0.29999999998951643,3.02379204296626e-11,0.005194295808664156,0.2942634643383134,0.002987729361440024,1.4432104829250927,1.1504768587679457,0.073851859431728,0.029898801788902474,1.0,0.0035928618906431627,0.0037436572092930153,9.275308999804688e-05,0.6416666666666666,0.6166666666666667,0.01312726562847946,0.3682387704028722,0.35778144576481774,0.008687488264136815,1,1,1,1
03_rough_h0p008_spacing0p45_p2l_v2:0057,03_rough_h0p008_spacing0p45_p2l_v2,32.21299999999996,32.61299999999996,-0.020409426652911206,0.02954938163922539,0.0776312998880005,0.03168240771724777,0.0,-0.2751717014276351,0.39999629526099795,1.0477393485955269,0.42890495944240564,0.0,-0.002517694118298522,0.002695153091269155,0.008162243977775051,0.0030322411139293353,0.0,0.00018315515966126745,0.0035885059428684904,0.006825708961985051,0.004270845185951286,0.0,-0.004520095288835378,0.008989214194233259,0.04012027314793981,0.016048217784621205,0.0,0.29999999999438365,2.4202861936828406e-11,0.004043365444972054,0.32040942664852684,0.003588505946768505,1.4019850641411997,1.2221906697307885,0.35296595807129494,0.017058409585146254,1.0,0.003533479737772027,0.0037436572092930153,0.00022271774718359285,0.6472222222222223,0.6166666666666667,0.016589326728860113,0.36002883959226734,0.3486870347174718,0.006024086562585149,1,1,1,1
03_rough_h0p008_spacing0p45_p2l_v2:0058,03_rough_h0p008_spacing0p45_p2l_v2,32.412999999999954,32.81299999999995,0.006582340686053252,0.024035910527366366,0.05096253781027754,0.028283831693901203,0.0,0.08358273270990513,0.32100854130747264,0.6999338927857472,0.38136933620463476,0.0,0.000196138841988612,0.00022002437734963714,0.0005621637160170624,0.00021156784686634936,0.0,0.002992452439859943,0.006036345036643974,0.00913167779035209,0.005912635386278897,0.0,0.002707945642450979,0.005790984522936895,0.009249116641457751,0.005843232847138085,0.0,0.29999999999214544,2.2642856250944855e-11,0.00023486073547727268,0.29341765930525393,0.006036345050611908,0.04784746739950911,0.04406785507027036,0.004101266158649504,1.1912657391324993e-06,1.0,0.003660624220211734,0.004368194146623787,0.0004044409284710972,0.6620370370370371,0.65,0.012178654109227695,0.3554331199299081,0.3486870347174718,0.007235226145792486,1,1,1,1
03_rough_h0p008_spacing0p45_p2l_v2:0059,03_rough_h0p008_spacing0p45_p2l_v2,32.61299999999996,33.012999999999955,0.013008144663183988,0.0188758578161826,0.05096253781027754,0.0215703220444695,0.0,0.16945747498834998,0.24767646816331046,0.6999338927857472,0.28898798259228176,0.0,0.00019589640921204412,0.000209858120158795,0.0005621637160170624,0.0001851574277762559,0.0,0.0017082153136208842,0.0057570370534812815,0.00913167779035209,0.0063173178639489335,0.0,0.001450667386614067,0.005743634737717478,0.009249116641457751,0.006276684320558896,0.0,0.29999999999129834,2.0906353571402942e-11,0.00023503125507408663,0.2869918553280936,0.005757037053633105,0.012058812773374996,0.00543214548611675,0.0035829851204341717,9.065451594474106e-08,1.0,0.003841809763630967,0.004368194146623787,0.00029176465000482836,0.6731481481481482,0.65,0.015186314321163632,0.36072970599831183,0.34919660132436964,0.011272570727340172,1,1,1,1
03_rough_h0p008_spacing0p45_p2l_v2:0060,03_rough_h0p008_spacing0p45_p2l_v2,32.81299999999996,33.21299999999996,-0.005984965652353014,0.021189076843934267,0.054145003517177936,0.026525549819095648,0.0,-0.08186220112127295,0.2759710681607203,0.6994059535685592,0.34201564930458134,0.0,0.0007336654398395524,0.0007395667316768672,0.01091431970364305,0.002339447502252389,0.0,0.0008025501586926689,0.004256058879543901,0.008551479135325689,0.005132986379454235,0.0,-0.0011727238981840925,0.006075125541134735,0.016765868777037632,0.00808084106870864,0.0,0.29999999998692406,1.8959193189752674e-11,0.0007584082546905539,0.3059849656355553,0.004256058874313518,0.8348498602465672,0.7590653647330963,0.005751272898889041,0.01767739541293342,1.0,0.0037864100746162386,0.004027435235636954,0.00019489261677763608,0.687962962962963,0.6666666666666666,0.011748682907823622,0.3759322883952912,0.3629836069859396,0.010870997971582558,1,1,1,1
03_rough_h0p008_spacing0p45_p2l_v2:0061,03_rough_h0p008_spacing0p45_p2l_v2,33.012999999999955,33.412999999999954,-0.0003696677507849753,0.036140015485466616,0.061677507468054255,0.04020706670163375,0.0,-0.005810743459091143,0.4674439324290837,0.8083660987453848,0.5207389910943113,0.0,0.0007654705704146548,0.0007809070524193165,0.01091431970364305,0.0023346652487904263,0.0,-0.0008733197927050505,0.006504474372122229,0.00948151529800451,0.007021734000854674,0.0,-0.003321784405827329,0.008839915993431207,0.016765868777037632,0.00933869281200502,0.0,0.2999999999905978,1.909014257214436e-11,0.001021536655879185,0.3003696677345812,0.006504474364885853,1.788504665477899,1.400812814558808,0.16742485983119187,0.03556121860064967,1.0,0.003894092178900558,0.004101423977843912,0.00019188654533874416,0.6962962962962963,0.6833333333333333,0.007635380788180848,0.3876648641670615,0.3698398278944599,0.014586578355246543,1,1,1,1
03_rough_h0p008_spacing0p45_p2l_v2:0062,03_rough_h0p008_spacing0p45_p2l_v2,33.21299999999995,33.61299999999995,0.0011327140891887698,0.030772796402081734,0.061677507468054255,0.034524347211319285,0.0,0.017793885244694958,0.403037035397295,0.8083660987453848,0.4513488801550604,0.0,-0.0015052292929739288,0.001975303407284644,0.034601073717660066,0.0075955826525471734,0.0,-0.002220334876962045,0.005983214750262888,0.00948151529800451,0.0061503887902540156,0.0,-0.00015137436619402458,0.007000265421725764,0.0098116581981783,0.007622736533487752,0.0,0.2999999999955283,2.3787239984020026e-11,0.0014242483485519511,0.29886728590420664,0.005983214733563047,1.5853058982709183,1.3699493614522877,0.21494037323516124,0.021198671556590325,1.0,0.003804536480768487,0.004101423977843912,0.00021861999831884524,0.7055555555555556,0.6888888888888889,0.011111111111111118,0.40455310999982447,0.37731882661342225,0.015252439508879882,1,1,1,1
03_rough_h0p008_spacing0p45_p2l_v2:0063,03_rough_h0p008_spacing0p45_p2l_v2,33.412999999999954,33.81299999999995,0.03230986049339509,0.04916276449767034,0.14807826970680013,0.058177507984050365,0.16666666666666666,0.3887491771049482,0.6114686883151942,1.7831473555619528,0.709374958353287,0.0,-0.002476963123716855,0.002974656968729149,0.034601073717660066,0.007573662307750029,0.0,-0.001067706044954981,0.005845011637443495,0.011385261760488864,0.006477617729913786,0.0,0.002780302246462434,0.005831368909022556,0.013584019299248962,0.0067417987882354685,0.0,0.29999999998667426,3.016959901276259e-11,0.002247545646280525,0.26769013949527776,0.005845011620861319,0.858520880573878,0.7295478245014148,0.16640816388259438,0.013291908347541237,1.0,0.003948998903978272,0.004427547965862959,0.00035967838265653465,0.7074074074074074,0.7,0.008881169487616162,0.4110937637770997,0.396071697908012,0.007171024987702044,1,1,1,1
03_rough_h0p008_spacing0p45_p2l_v2:0064,03_rough_h0p008_spacing0p45_p2l_v2,33.61299999999996,34.012999999999955,0.022342906722450175,0.059371056172607135,0.14807826970680013,0.06980107101849628,0.16666666666666666,0.23625840655973396,0.753898157155426,1.7831473555619528,0.885275556704493,0.0,0.0005627946903220335,0.006142807731471011,0.06291250693866299,0.01464060196836495,0.0,0.0017120149290256782,0.007743302846787329,0.011568851229740511,0.00802881595726319,0.0,-0.0013362518689749349,0.007655158258718921,0.019885347482948453,0.01019224307376747,0.0,0.29999999998965077,2.765878694168723e-11,0.004530458182502345,0.27765709326868643,0.007743302838188319,1.3919624104305297,1.1454363231601723,0.079033520473132,0.027300062815188608,1.0,0.003992622845854427,0.004427547965862959,0.0004603382909313682,0.7101851851851851,0.7,0.014133645854142386,0.4176816353485806,0.396071697908012,0.01573822857227866,1,1,1,1
03_rough_h0p008_spacing0p45_p2l_v2:0065,03_rough_h0p008_spacing0p45_p2l_v2,33.81299999999995,34.21299999999995,-0.0020339191045081564,0.0349942303456488,0.07479150859791162,0.04072939697657835,0.0,-0.04787103041055988,0.4697687201851321,1.0461967943784265,0.5545833682250783,0.0,0.0015320206682106058,0.005138589206051549,0.06291250693866299,0.014448860579168879,0.0,0.0042345620199990145,0.006627467295534709,0.011568851229740511,0.00630030082295936,0.0,-4.154563966468685e-05,0.006926658182831637,0.019885347482948453,0.009636731443806038,0.0,0.29999999999475113,2.0735550029152925e-11,0.0034553958106496806,0.3020339190997141,0.00662746730218466,1.1008792371249343,1.036235290076664,0.007463767849745368,0.017323138887245876,1.0,0.003789165939506744,0.004417521243494618,0.00043174556920434445,0.724074074074074,0.7,0.01493010694129363,0.4274202864321312,0.40828656053282836,0.012393125605632205,1,1,1,1
03_rough_h0p008_spacing0p45_p2l_v2:0066,03_rough_h0p008_spacing0p45_p2l_v2,34.01299999999995,34.41299999999995,0.013543828799457702,0.015529644222922542,0.03787267588633281,0.016558668257551392,0.0,0.17522826696799745,0.20020075827865672,0.47350694108633495,0.21526440661367502,0.0,0.0002445195756587028,0.0002575989465427617,0.0005676851879646201,0.00014624256896754304,0.0,0.00235085427581257,0.0030469669262354303,0.010948655167411772,0.00413366541711068,0.0,0.0021639638925224666,0.003041132601990635,0.011078653166022603,0.004272184069438555,0.0,0.2999999999911296,2.0040948957336158e-11,0.00027223197113917494,0.28645617119167194,0.0030469669329157467,0.012861387221516474,0.00703914355696731,0.002930652366047756,2.2072295736262398e-07,1.0,0.003992820412765239,0.004407365003212177,0.00032240957878819566,0.7416666666666667,0.7166666666666667,0.015298807075794722,0.4259967012760397,0.4176366450073541,0.007745359347882011,1,1,1,1
03_rough_h0p008_spacing0p45_p2l_v2:0067,03_rough_h0p008_spacing0p45_p2l_v2,34.21299999999995,34.61299999999995,-0.012126102860902932,0.03073679615635196,0.12263125078137016,0.050610925156861566,0.16666666666666666,-0.16247957999144133,0.3827162205236241,1.5606699276132183,0.6386641760939827,0.0,0.02491108909841075,0.02491108909841075,0.19862182047712534,0.04658314241189654,0.1,0.05956352884837977,0.060259641498802634,0.2586149307339014,0.09378160347756694,0.16666666666666666,0.019434940127823427,0.022810621354738093,0.07136251016276611,0.03140537764870298,0.0,0.2501999999963156,0.14524999997040533,0.12455937628664163,0.2570261028584929,0.1013408268417349,1.4384033858908458,1.3738841503582708,0.014424080595983269,8.24282558145377e-06,1.0,0.004238855796302791,0.004555247895388857,0.0002527483244217063,0.7527777777777778,0.7333333333333333,0.01051649693666717,0.44442958932040905,0.4208121476830579,0.025450965355178583,1,1,1,1
03_rough_h0p008_spacing0p45_p2l_v2:0068,03_rough_h0p008_spacing0p45_p2l_v2,34.412999999999954,34.81299999999995,-0.022330886252592594,0.04432054707522237,0.12263125078137016,0.054005294793762655,0.16666666666666666,-0.28930548487052454,0.5403018634532218,1.5606699276132183,0.67453853121934,0.0,0.03260499908131701,0.03510084654527702,0.19862182047712534,0.04423425599173064,0.1,0.07455059619005994,0.07594267623575666,0.2586149307339014,0.08665465528073014,0.16666666666666666,0.029568343110844147,0.03206685562829065,0.07136251016276611,0.02637670651127985,0.0,0.19019999999341564,0.32024999992834424,0.2921700736162981,0.20723088624903532,0.26115773706563755,1.6050938936077597,1.4663818267345343,0.013354405237402372,0.008964007331421069,1.0,0.004659204059790628,0.00539368634628121,0.0005411325983214433,0.7527777777777778,0.7222222222222222,0.018907942459872356,0.4832747015221379,0.4334814172010853,0.027439140952991523,1,1,1,1
03_rough_h0p008_spacing0p45_p2l_v2:0069,03_rough_h0p008_spacing0p45_p2l_v2,34.61299999999995,35.01299999999995,-0.01387443245859545,0.02034948331540387,0.060921948740075116,0.024295771795800926,0.0,-0.16910910178976804,0.23698206942159206,0.7569593278710102,0.2942394398964056,0.0,0.010563677767197657,0.013131198366004307,0.026277731506480773,0.013275429835223597,0.0,0.025079764189256965,0.02647184423495369,0.050990969670693276,0.01837053669567481,0.0,0.016579805392684378,0.016579805392684378,0.027251433140300985,0.006815912015516311,0.0,0.1799999999880586,0.3499999999364994,0.3397264315262863,0.19387443244853975,0.3249202357513807,1.0130731143442755,0.8480852143853324,0.13755613398800393,0.012551855102160595,1.0,0.005014317199909278,0.0057950921337990525,0.0005784368104562919,0.7592592592592592,0.7222222222222222,0.017470335429734463,0.4928640934431517,0.46621288969327085,0.01586581013536359,1,1,1,1
03_rough_h0p008_spacing0p45_p2l_v2:0070,03_rough_h0p008_spacing0p45_p2l_v2,34.812999999999946,35.212999999999944,0.020222586994518756,0.02867215303449316,0.08123442918235003,0.037693800053318134,0.16666666666666666,0.22310021553718226,0.31980734762920193,0.9027361827419884,0.42097872190935526,0.0,0.0031980412937716862,0.005633624530166542,0.026277731506480773,0.008914785399973587,0.0,0.017697559989349004,0.017697559989349004,0.03657881462233531,0.012509628095815635,0.0,0.013255464937511443,0.013255464937511443,0.03181190155421604,0.010546944194564591,0.0,0.17999999999623872,0.34999999994414005,0.3464604761883009,0.15977741300241663,0.3323024399549514,0.755970446950433,0.5903090068605602,0.06931179835380905,0.015207594775448554,1.0,0.005112420056640066,0.0057950921337990525,0.00047600239899990755,0.7657407407407407,0.7555555555555555,0.006740842490074571,0.4854152269542293,0.46621288969327085,0.009130415778678427,1,1,1,1
03_rough_h0p008_spacing0p45_p2l_v2:0071,03_rough_h0p008_spacing0p45_p2l_v2,35.01299999999995,35.41299999999995,0.008043644084959028,0.04085109594405289,0.08123442918235003,0.049339272500457235,0.16666666666666666,0.08929127568817463,0.45361628747820965,0.9027361827419884,0.5483007405199655,0.0,0.013302896581330912,0.015666806682879127,0.030954691668567624,0.014344330346269574,0.0,0.015613432842623934,0.018434121118212337,0.048923312321576484,0.020220010182361234,0.0,0.001503615667689547,0.017352770364843877,0.03181190155421604,0.02034738834413228,0.0,0.17999999999779304,0.349999999943696,0.3363904535874547,0.17195635591340355,0.33438656710017817,0.2379835505704949,0.13769655876644302,0.04034626864756079,0.011611626940616581,1.0,0.005044165957500312,0.005637075675619647,0.0002693596450180351,0.774074074074074,0.7555555555555555,0.01747033542973446,0.5004966759486611,0.483421083010828,0.012824320672174325,1,1,1,1
03_rough_h0p008_spacing0p45_p2l_v2:0072,03_rough_h0p008_spacing0p45_p2l_v2,35.21299999999995,35.61299999999995,-0.019741520795481058,0.0278783735447881,0.05527849312669314,0.024641990761845436,0.0,-0.2210142437279313,0.3169265749934393,0.6155157391020123,0.2792719994081763,0.0,0.028254960711169376,0.028254960711169376,0.031076976594681227,0.005341738350304608,0.0,0.02222300786846255,0.025043696144050952,0.048923312321576484,0.01818354612154292,0.0,-0.006355766117960811,0.013029403453314456,0.025704112994296813,0.014728436805789237,0.0,0.17999999999423366,0.3499999999344611,0.3214930346940476,0.19974152078973842,0.3277769920658772,0.07709029563990002,0.021650121264763726,0.012187265694207798,1.3531956450327283e-07,1.0,0.004731109794208367,0.004998146970823753,0.0001962081455482109,0.7675925925925927,0.7388888888888889,0.021615958388756948,0.5234635430279204,0.5072274673163558,0.013874685341640765,1,1,1,1
03_rough_h0p008_spacing0p45_p2l_v2:0073,03_rough_h0p008_spacing0p45_p2l_v2,35.41299999999995,35.812999999999946,0.0032002787955485953,0.0180127212767239,0.030866029773311127,0.020737476899710477,0.0,0.036514653874500064,0.2101304608058356,0.3609795909876001,0.24282282061371854,0.0,0.030782653258634874,0.030782653258634874,0.03118620735173655,0.00023408720475941226,0.0,0.030633629145863938,0.030633629145863938,0.040657979418699086,0.0057489111228031225,0.0,-0.00013444920035887709,0.004666877777719051,0.009959298766334446,0.005741060697335935,0.0,0.17999999999458893,0.3499999999326393,0.31920938114627695,0.1767997211990581,0.31936637078668434,0.06253222697545849,0.008912695701269164,0.007283778433414753,9.742605340524929e-08,1.0,0.004749350109864899,0.005228115675259297,0.00028549004209480166,0.75,0.7388888888888889,0.010143010324169737,0.5503112151427036,0.5181045567777417,0.01897616714005556,1,1,1,1
03_rough_h0p008_spacing0p45_p2l_v2:0074,03_rough_h0p008_spacing0p45_p2l_v2,35.61299999999994,36.01299999999994,0.0033918344146325885,0.015207912919033858,0.030866029773311127,0.01784961553019989,0.0,0.038444426478989095,0.17943223147146103,0.3609795909876001,0.21179621738431836,0.0,0.030550013052552883,0.030550013052552883,0.031198818002444895,0.0008717564888643164,0.0,0.032459059685243645,0.032459059685243645,0.04657672593798817,0.010387117934429264,0.0,0.0016824946405707049,0.008626852746856595,0.017037138006986696,0.010435606319035904,0.0,0.17999999999483984,0.3499999999330492,0.31952284040485807,0.17660816558024484,0.3175409402472979,0.06030808814869776,0.010907153851172883,0.0071052255462057436,9.919740931327262e-08,1.0,0.004695345182204194,0.005228115675259297,0.0003457057128230702,0.7527777777777778,0.7388888888888889,0.010994761191701783,0.5738456050967898,0.5567628022333336,0.011239195726945117,1,1,1,1
03_rough_h0p008_spacing0p45_p2l_v2:0075,03_rough_h0p008_spacing0p45_p2l_v2,35.812999999999946,36.212999999999944,-0.0029109670345564644,0.01618650997659682,0.023345637089474236,0.017863942012362313,0.0,-0.03358923327147987,0.1897412198560248,0.2832484831865321,0.20955046033548,0.0,0.019197715584320214,0.01948739991791931,0.031198818002444895,0.012750130107677716,0.0,0.024121181277655324,0.024121181277655324,0.04657672593798817,0.014950714189614285,0.0,0.004194556807147022,0.00987360280947592,0.017037138006986696,0.01066010578342037,0.0,0.1799999999945201,0.34999999994234093,0.3311760024251222,0.18291096702907858,0.32587881866460305,0.053802492664748104,0.014722480441879668,0.01319105002002267,9.125894566578424e-08,1.0,0.004603074168853657,0.00481371136206646,0.00020757566086112474,0.762037037037037,0.7444444444444445,0.008735167714867237,0.5757614239589018,0.5618437493687087,0.010283589702463266,1,1,1,1
03_rough_h0p008_spacing0p45_p2l_v2:0076,03_rough_h0p008_spacing0p45_p2l_v2,36.01299999999995,36.41299999999995,0.013819394196402995,0.02110079270315501,0.04606612890410089,0.021649083064715215,0.0,0.16391414134119786,0.24625678947623061,0.5105493679612138,0.24828312422071833,0.0,-0.022057441012867066,0.030451147254083398,0.3015521258977589,0.07645924922451489,0.1,-0.048242287228781176,0.0652071950149673,0.33364065489569644,0.12825154707096867,0.16666666666666666,-0.04578681407940723,0.05912541425430703,0.31473668500114277,0.12038205936218004,0.16666666666666666,0.1799999999935642,0.3359999999259625,0.3286286668145899,0.1661806057966971,0.2835287355526801,0.9259898885915834,0.8577995570204011,0.018881792359867422,7.75224258088329e-08,1.0,0.0046022611616908455,0.004957118982201148,0.0003679443433243021,0.7638888888888888,0.7611111111111111,0.004243125643477663,0.5823855099309925,0.5618437493687087,0.017655415808511103,1,0,0,1
03_rough_h0p008_spacing0p45_p2l_v2:0077,03_rough_h0p008_spacing0p45_p2l_v2,36.212999999999944,36.61299999999994,0.009591485983734669,0.024202648298138996,0.04606612890410089,0.026951288917826964,0.0,0.11273120860357166,0.27730457665994196,0.5105493679612138,0.305980362366448,0.0,-0.025747990630212946,0.026470913303138423,0.3015521258977589,0.07483587188048475,0.1,-0.05829687676416067,0.060756199448854936,0.33364065489569644,0.12328586727136039,0.16666666666666666,-0.05156269901814777,0.059231831877757914,0.31473668500114277,0.1180224001043845,0.16666666666666666,0.17999999999281813,0.3359999999276022,0.332654257517025,0.17040851400865495,0.2901368614014367,0.9265603452102021,0.8543745311177299,0.012007751827608628,9.349041807881422e-08,1.0,0.004654169428226533,0.0054245851846523325,0.0005122926470169088,0.7518518518518519,0.7277777777777777,0.01309457002197311,0.5796339908243093,0.5588638580609966,0.01897766654355275,1,0,0,1
03_rough_h0p008_spacing0p45_p2l_v2:0078,03_rough_h0p008_spacing0p45_p2l_v2,36.41299999999994,36.81299999999994,0.014481699802486819,0.030978825909056786,0.07308587928864788,0.036405373603245625,0.0,0.1573338083650592,0.3418877356287185,0.7941425358831173,0.40196961644662027,0.0,0.0006297139486758973,0.0006297139486758973,0.0009134391971863387,0.00019789546522067976,0.0,-0.0011640855110948607,0.007155824156195802,0.013015293850513976,0.007676638237397102,0.0,-0.0016745049347953271,0.00707719717899775,0.01338346253629985,0.0075968556499478234,0.0,0.17999999999254612,0.34999999995295344,0.3505658680149576,0.16551830019005637,0.3488359144418434,0.0665450957239762,0.010153835864771634,0.007651590564793628,8.844081001815171e-08,1.0,0.004956327107763712,0.0054245851846523325,0.0003756751052466174,0.7481481481481481,0.7277777777777777,0.01309457002197312,0.5642935344378402,0.5508710243586394,0.007393497001357631,1,1,1,1
03_rough_h0p008_spacing0p45_p2l_v2:0079,03_rough_h0p008_spacing0p45_p2l_v2,36.61299999999994,37.01299999999994,0.015391415322610935,0.032663448678947916,0.07308587928864788,0.03746062041698309,0.0,0.16074444083801334,0.37688160578244156,0.7941425358831173,0.43418406009420446,0.0,0.0006045284414611691,0.0006045284414611691,0.0009134391971863387,0.00016354943282799093,0.0,-0.0016460648501910868,0.007266529583782581,0.010293527738814923,0.007339935750038078,0.0,-0.002214097367998676,0.007198191430115537,0.010544472083138523,0.007268220971621066,0.0,0.17999999999263383,0.3499999999506704,0.3505261547405036,0.16460858466999145,0.34835393510062157,0.06446615005912316,0.009664308986428225,0.006744531509029893,7.803154839167078e-08,1.0,0.0046577345651991784,0.0052839011566822094,0.0005250990694671637,0.7611111111111111,0.7444444444444445,0.010638078975070433,0.5515130253614595,0.5341648909102539,0.014277657851549453,1,1,1,1
03_rough_h0p008_spacing0p45_p2l_v2:0080,03_rough_h0p008_spacing0p45_p2l_v2,36.812999999999946,37.212999999999944,-0.002196181090459756,0.01949149228299382,0.046158208692514024,0.024054504526910672,0.0,-0.035168554171043885,0.2362590921095958,0.5884698172114179,0.2955264958706802,0.0,0.0005220453060445496,0.0005220453060445496,0.0008034500316580484,0.000173326855289774,0.0,-0.006198865608042892,0.010093893224824771,0.019489804696768476,0.00921447086499385,0.0,-0.006804054770917399,0.010243263423673571,0.020039145991629814,0.009156118530533665,0.0,0.1799999999927293,0.3499999999491559,0.3504646499756158,0.18219618108317168,0.3438011343415097,0.06307613999538876,0.009893249539147417,0.006926664389095859,7.271581135099974e-08,1.0,0.004354828229979255,0.004924376149703189,0.0003527163573114364,0.7694444444444444,0.7611111111111111,0.0053190394875352225,0.5304541856756225,0.5021172094810736,0.013738778275691083,1,1,1,1
03_rough_h0p008_spacing0p45_p2l_v2:0081,03_rough_h0p008_spacing0p45_p2l_v2,37.01299999999994,37.41299999999994,0.007917401472144156,0.02348132361190215,0.05077945453417648,0.026649088430944327,0.0,0.09054239423180306,0.27752682607568263,0.6163079522361529,0.3193926415919989,0.0,0.0004808568239584643,0.0004808568239584643,0.0007230688932563512,0.0001464621149830189,0.0,-0.002962560940159009,0.008257308489386883,0.019489804696768476,0.009515034641229872,0.0,-0.003519561030334304,0.008287865855273293,0.020039145991629814,0.009540117835133533,0.0,0.17999999999281924,0.3499999999468842,0.35042611626822817,0.1720825985206862,0.3470374390069644,0.0636156224362862,0.010177561977459232,0.007410176294628541,5.3253670491913467e-08,1.0,0.004525745945762996,0.005171880301779859,0.00031436117038013744,0.7648148148148147,0.7388888888888889,0.015603981061437695,0.5090699270372822,0.48218784308798635,0.01783038756899318,1,1,1,1
03_rough_h0p008_spacing0p45_p2l_v2:0082,03_rough_h0p008_spacing0p45_p2l_v2,37.21299999999994,37.612999999999936,0.013503107960829578,0.028820730830503665,0.05077945453417648,0.02785352742327067,0.0,0.15605125459202054,0.33932488431550795,0.6163079522361529,0.3337646578372965,0.0,0.00044348076752016017,0.00044348076752016017,0.000755349557784335,0.0001723615057917342,0.0,0.0053445888815666365,0.008845779373896542,0.021651641908703445,0.009458301878613556,0.0,0.004798169928399866,0.008639781529318593,0.021041600798408555,0.009409692918408801,0.0,0.17999999999295024,0.3499999999446866,0.3504265063864448,0.16649689203211104,0.35534458882630265,0.06507825838055786,0.010555967368182593,0.007049439442543881,6.125997826009783e-08,1.0,0.0046179483824006955,0.005171880301779859,0.0003157480954776175,0.7583333333333333,0.7388888888888889,0.016896562584161712,0.46503883031923615,0.41579993660145365,0.03364435262160259,1,1,1,1
03_rough_h0p008_spacing0p45_p2l_v2:0083,03_rough_h0p008_spacing0p45_p2l_v2,37.41299999999994,37.81299999999994,-0.006662814809512673,0.025663011105663405,0.04127764594639516,0.02682384162472445,0.0,-0.06920382330139406,0.2903238107183039,0.43156559879542106,0.30387181614433467,0.0,0.0004530439913223161,0.0004577296859509583,0.0007915115112909765,0.0002336742872003129,0.0,0.0033976237901173953,0.008799491314765836,0.021651641908703445,0.010379010974724275,0.0,0.002914164671010522,0.008691411647658945,0.021041600798408555,0.010265371720752129,0.0,0.1799999999931745,0.34999999994353653,0.3504766730605883,0.18666281480265498,0.353397623733819,0.06695453808573058,0.009926659033573938,0.007710319939881728,7.128296022347472e-08,1.0,0.004834771439351487,0.005381413396816695,0.00039581895092467926,0.7685185185185185,0.7388888888888889,0.013857990321384957,0.4220787592274085,0.4027636036910354,0.016131877144333277,1,1,1,1
03_rough_h0p008_spacing0p45_p2l_v2:0084,03_rough_h0p008_spacing0p45_p2l_v2,37.61299999999994,38.01299999999994,-0.005704187652557045,0.021757092697227476,0.04815871513401129,0.027942848401868302,0.0,-0.051522768656404615,0.25072617724235996,0.5976102257578659,0.3279452747328083,0.0,0.0005040160984787351,0.0005087017931073773,0.0009245649375932419,0.0002334305144947875,0.0,-0.00168213077441981,0.0076289322323751145,0.01426343491850729,0.008841284475458368,0.0,-0.0020529146223247827,0.00772953919431324,0.014257074560086291,0.008845574545965754,0.0,0.17999999999327665,0.3499999999416463,0.3504735377237216,0.18570418764582594,0.3483178691674182,0.06583345730591228,0.009861304482200177,0.007045613179340902,7.940171882529273e-08,1.0,0.004684949306249643,0.005381413396816695,0.0004765567702948931,0.775,0.7611111111111111,0.006990587440065521,0.39468831236564483,0.3775207990140479,0.01674103247525578,1,1,1,1
03_rough_h0p008_spacing0p45_p2l_v2:0085,03_rough_h0p008_spacing0p45_p2l_v2,37.81299999999994,38.21299999999994,-0.004381519228428406,0.025906406431765932,0.05690631429263049,0.03327260097685727,0.0,-0.045422928487251886,0.3066579920232347,0.6942143835558993,0.40088259213884914,0.0,0.01783961797940035,0.01786317822147642,0.2890436451363876,0.06288983080063643,0.05,0.024360748420282883,0.03505122916752325,0.1639724978449111,0.06305198714529082,0.16666666666666666,-0.004239458819818455,0.008885278606547245,0.014257074560086291,0.008843388433290366,0.0,0.15210000000015933,0.29574999996458595,0.3096802226929776,0.1692315192293878,0.34490241503990465,1.6535189367559369,1.5370461881327384,0.007713678224326878,2.5162133066207013e-05,1.0,0.004563296578377191,0.005346562528935359,0.00040034270355228775,0.7824074074074073,0.7611111111111111,0.01217865410922768,0.37759759132982634,0.3706928357490107,0.0034318369811411446,1,1,1,1
03_rough_h0p008_spacing0p45_p2l_v2:0086,03_rough_h0p008_spacing0p45_p2l_v2,38.012999999999934,38.41299999999993,-0.019756993860316246,0.025661146180197932,0.05690631429263049,0.023518017331608933,0.0,-0.24119655934018622,0.30897031691847704,0.6942143835558993,0.2810763937604868,0.0,0.017657641951800213,0.017718770766322646,0.2890436451363876,0.06294024083725186,0.05,0.040091701784162805,0.04790412975170025,0.1639724978449111,0.06688584587902455,0.16666666666666666,0.011766569986144781,0.021668841383253135,0.09679484271297395,0.0382988493880604,0.0,0.062100000003522116,0.12074999999444032,0.13456092558704355,0.09503916402583824,0.18904231229570823,1.6529514259952247,1.5461690222913202,0.012984636351577738,2.5143042396241133e-05,1.0,0.004288170695011367,0.005346562528935359,0.000671104523200473,0.7898148148148149,0.7777777777777778,0.005928818738363728,0.37798149363508826,0.3706928357490107,0.0034318309969800244,1,1,1,1
04_external_impact_y12N_t0p25_p2l_v2:0000,04_external_impact_y12N_t0p25_p2l_v2,21.483,21.883,-0.01156357643341867,0.01867878070360614,0.048206328206258656,0.021059460278477448,0.0,-0.1562238220203114,0.2518335718176062,0.6668105184847697,0.28722402214228593,0.0,3.894969081842724e-06,0.00013661107709535378,0.00034336609201191274,0.0001687121407467955,0.0,-0.0038677907934310564,0.0060528185979956154,0.01067457840474406,0.005780130244981265,0.0,-0.003909863714581411,0.006112901102975642,0.010767511353259367,0.00584435659178732,0.0,8.103336268566891e-19,1.6760108035245738e-18,0.00014357579303822396,0.01867878070360614,0.006052818597995614,0.013444946295552901,0.006043233280865886,0.00406995813503669,8.637078331049587e-08,1.0,0.0036145144219487647,0.003986711591010573,0.00022207331065850777,0.6907407407407408,0.6833333333333333,0.0041408666249995955,0.5736022170579967,0.5719934928552014,0.0013532561844248037,1,1,1,1
04_external_impact_y12N_t0p25_p2l_v2:0001,04_external_impact_y12N_t0p25_p2l_v2,21.683,22.083,-0.017360781455545978,0.019603650925137092,0.048206328206258656,0.01787175788819989,0.0,-0.23003971675541804,0.26013262689306166,0.6668105184847697,0.2442558481453141,0.0,1.4163577441987194e-05,0.00014388865493025096,0.00034336609201191274,0.00017480750799214528,0.0,-0.004643549115982869,0.0059803156154337985,0.01067457840474406,0.005285239502489352,0.0,-0.004651534546470811,0.005953612307995979,0.010767511353259367,0.005287928556430569,0.0,8.388299554219075e-19,1.4583804741241553e-18,0.0001419255111188812,0.019603650925137092,0.005980315615433798,0.01273751888164845,0.006022746674676721,0.004275202393983743,7.851518827070254e-08,1.0,0.0037459450787388944,0.003986711591010573,0.00021819646719580457,0.6898148148148149,0.6833333333333333,0.003817690394090413,0.5733253853597425,0.5719934928552014,0.0014564413941009955,1,1,1,1
04_external_impact_y12N_t0p25_p2l_v2:0002,04_external_impact_y12N_t0p25_p2l_v2,21.883,22.282999999999998,-0.004642054224574731,0.01294847028346647,0.025872270005876594,0.014461254088485006,0.0,-0.0566419830477757,0.17248639141211997,0.3326697747185949,0.19335906724935456,0.0,-2.177846572107396e-05,0.00015920465298905896,0.0003635346074721387,0.0001888907410687749,0.0,-0.0008900186892188863,0.0030446339915561455,0.008658756119409399,0.004025953056508921,0.0,-0.0009050612811596358,0.003031300259054294,0.008614344252521423,0.00398816310555314,0.0,8.987867701201502e-19,1.0012186318227088e-18,0.00014145485457442135,0.01294847028346647,0.0030446339915561446,0.012675267285893178,0.00514257743456892,0.0036395691413230544,7.784180790273375e-08,1.0,0.0037109136016428832,0.0039477330916790915,0.0002509180652362234,0.6907407407407408,0.6833333333333333,0.004140866624999596,0.5745340014682511,0.5720058315703394,0.001478860533143456,1,1,1,1
04_external_impact_y12N_t0p25_p2l_v2:0003,04_external_impact_y12N_t0p25_p2l_v2,22.083,22.482999999999997,0.0034309398764839124,0.017227913162653513,0.03147161650749319,0.019880588180493455,0.0,0.05129060450029227,0.23429644004399672,0.4380471141175071,0.26987819650905276,0.0,3.6995845226676525e-05,0.0001546863697351834,0.0003635346074721387,0.00018861508610737323,0.0,0.00140980244123094,0.0036150544354599883,0.00851529432128561,0.004348344529838262,0.0,0.001437039152126217,0.003632810656585548,0.00850527016958263,0.004325001763947319,0.0,8.257549379391596e-19,7.66077998941227e-19,0.00016544484660379596,0.017227913162653513,0.0036150544354599874,0.014478459825235497,0.006410172622584733,0.004339266406810025,1.0035574306057454e-07,1.0,0.003623776026736147,0.003935577342191257,0.00023550039371993773,0.6925925925925926,0.6833333333333333,0.005237828008789223,0.5758647684465383,0.5731639548952896,0.002305439119047124,1,1,1,1
04_external_impact_y12N_t0p25_p2l_v2:0004,04_external_impact_y12N_t0p25_p2l_v2,22.282999999999998,22.682999999999996,0.004126956935351955,0.015666534491949168,0.03147161650749319,0.018480133447216128,0.0,0.05944855397817931,0.212736013998564,0.4380471141175071,0.24984464589812375,0.0,9.995752650141588e-05,0.00017557544946475477,0.0004616913506373536,0.00019936395652216503,0.0,0.0004433221177752905,0.004555585188245875,0.00851529432128561,0.005282861377812571,0.0,0.0005415490069982358,0.0044957968559218514,0.00850527016958263,0.0052397822587100275,0.0,7.237765999990951e-19,6.055863664521316e-19,0.00018886049364632732,0.015666534491949168,0.004555585188245875,0.014044571996440127,0.0069189902580890856,0.0036416893289203268,1.0891997318385022e-07,1.0,0.003515312377277915,0.0038011127996047463,0.00023495957633192866,0.6935185185185185,0.6888888888888889,0.003817690394090413,0.5765831185342091,0.5731639548952896,0.0019031795950166237,1,1,1,1
04_external_impact_y12N_t0p25_p2l_v2:0005,04_external_impact_y12N_t0p25_p2l_v2,22.482999999999997,22.882999999999996,-0.0008446528163936756,0.010121716604886736,0.020106316766849267,0.011323386991724383,0.0,-0.01089924439259938,0.13743761464947596,0.27044798809502646,0.1532819248359618,0.0,9.505948640463213e-05,0.00016140269084104393,0.0004616913506373536,0.00018479827308258873,0.0,-0.0015138292386916517,0.0029058733827048537,0.006705313856523968,0.0032886690807498466,0.0,-0.0014258091034025928,0.0028540818500684493,0.00663199691301211,0.0032821025143331332,0.0,7.360844636305965e-19,7.164145113565414e-19,0.00015437493975697963,0.010121716604886736,0.002905873382704854,0.01329043912566381,0.005285688834495614,0.0044193101999760636,8.961948232382771e-08,1.0,0.0035266942562193313,0.0037279294375880115,0.00020596516680741522,0.6907407407407408,0.6888888888888889,0.0026189140043946114,0.5751027761789406,0.5707876357554852,0.002292745478546521,1,1,1,1
04_external_impact_y12N_t0p25_p2l_v2:0006,04_external_impact_y12N_t0p25_p2l_v2,22.682999999999996,23.082999999999995,0.03084618887814237,0.04418362572641007,0.1830755511843248,0.07007374002604276,0.16666666666666666,0.4208830086741226,0.5986328956721297,2.4917469518464297,0.9527230889420517,0.0,7.643192717755629e-05,0.00015877450533148717,0.00042138134847162387,0.00018285302096369052,0.0,0.00017364705600324685,0.002305956934586529,0.005314427514047993,0.0030588421274506824,0.0,0.00014749930470140844,0.0022653325238737856,0.004831117880463798,0.00290705464543774,0.0,0.05999999998792469,1.450583656384788e-17,0.00015893664868375454,0.02482510865249911,0.00230595693458652,1.8809837894946135,1.7552323731250625,0.004750695320848959,8.459364499259101e-08,1.0,0.003661134309116068,0.0037707092513401407,8.16618173684189e-05,0.6916666666666668,0.6888888888888889,0.002777777777777768,0.5740021008520899,0.5707876357554852,0.0021997951178281657,1,1,1,1
04_external_impact_y12N_t0p25_p2l_v2:0007,04_external_impact_y12N_t0p25_p2l_v2,22.882999999999996,23.282999999999994,0.037502024427528834,0.05782858581450182,0.1830755511843248,0.07206369307534481,0.16666666666666666,0.5048679027637616,0.7835845439977674,2.4917469518464297,0.9824271301753368,0.0,2.8349963083861307e-05,0.00017237916201935424,0.00042138134847162387,0.0002090583901807411,0.0,0.001550914624739521,0.005903074054967982,0.012927601708091452,0.007675275365192529,0.0,0.0015189780755212176,0.005865220417731007,0.012821111787118112,0.007642999479677768,0.0,0.18499999998408476,5.859932293113048e-17,0.00016451108365963073,0.13909039428824357,0.005903074054968112,1.880989690103383,1.7552822112453221,0.006301314058898054,8.772943296133661e-08,1.0,0.0036270463631762743,0.0038569636693153828,0.0001422874834905839,0.6935185185185185,0.6833333333333333,0.005928818738363728,0.5702118321979893,0.5584119373775136,0.005883250172360408,1,1,1,1
04_external_impact_y12N_t0p25_p2l_v2:0008,04_external_impact_y12N_t0p25_p2l_v2,23.082999999999995,23.482999999999993,0.009466468701059452,0.025549426796349913,0.04824887428587138,0.029506039519950525,0.0,0.11990709750305051,0.3427290546223041,0.6684658713577606,0.3992995055006267,0.0,1.05925324868861e-05,0.00017466722358239371,0.00048731236718465047,0.0002115224509483407,0.0,0.0029454288200279357,0.0072546293893917535,0.012927601708091452,0.007788585743401589,0.0,0.0029350797793228933,0.007208783708362264,0.012821111787118112,0.007796791790293069,0.0,0.24999999999231898,4.4480089127610447e-17,0.00013635940136596806,0.24053353129125987,0.007254629389391893,0.01432556099511201,0.007515003497464752,0.004849159083391594,8.507176217054281e-08,1.0,0.003615272328433646,0.0038813077754531614,0.00022115210975541056,0.6990740740740741,0.6833333333333333,0.008124967025363075,0.5561873229699806,0.5399688287236629,0.011571721606207978,1,1,1,1
04_external_impact_y12N_t0p25_p2l_v2:0009,04_external_impact_y12N_t0p25_p2l_v2,23.282999999999994,23.682999999999993,-0.011957368850809483,0.022593589899711886,0.04544395987429828,0.026193608591239197,0.0,-0.16664962687660187,0.30615988798895827,0.6426746438217136,0.3563954955415964,0.0,6.884713951324437e-05,0.00017703157095176,0.00048731236718465047,0.0001955998564300046,0.0,-0.001894038177791823,0.00651956678629715,0.01414454491790268,0.007342902493257147,0.0,-0.0020012227312575484,0.006537104078177632,0.01403825625034624,0.007332411619672926,0.0,0.24999999999231495,0.0,0.00015192133444039303,0.2619573688431249,0.00651956678629715,0.013425912223959528,0.006157451032714389,0.004703954863503497,8.498797326549883e-08,1.0,0.00361322613941675,0.003942920643746542,0.00026200902861181545,0.7046296296296296,0.7,0.00498626371030976,0.5438866744759588,0.5374914446302375,0.005248904296406211,1,1,1,1
04_external_impact_y12N_t0p25_p2l_v2:0010,04_external_impact_y12N_t0p25_p2l_v2,23.482999999999993,23.882999999999992,-0.01099550272631411,0.025024884041494926,0.04544395987429828,0.027157330282603954,0.0,-0.1477142098524201,0.3445602561451533,0.6426746438217136,0.3769839888482854,0.0,5.35777917201552e-05,0.00013579857786971428,0.0002869063515516833,0.00014874646995002462,0.0,-0.0018245217975269977,0.006589083166561976,0.01414454491790268,0.007295409045806887,0.0,-0.0018347576863977759,0.006703569123037405,0.01403825625034624,0.007350255299297506,0.0,0.249999999992312,0.0,0.0001478336858338275,0.2609955027186258,0.006589083166561976,0.014427489365273658,0.006159682609850608,0.004729153020267921,7.394860544872999e-08,1.0,0.00351539685809431,0.003942920643746542,0.0002812795254884509,0.6981481481481482,0.6888888888888889,0.008281733249999236,0.5380071032879766,0.5219669466170747,0.007937855024616245,1,1,1,1
04_external_impact_y12N_t0p25_p2l_v2:0011,04_external_impact_y12N_t0p25_p2l_v2,23.682999999999993,24.08299999999999,0.008383554188599531,0.022886727204568125,0.03910123499604279,0.02401589027476946,0.0,0.12888018724104677,0.3009701336742515,0.45787498590357445,0.30359888133897217,0.0,3.583945070014018e-05,0.00013828560500514953,0.0005998509365155653,0.00019919430029224154,0.0,0.0033988325740942,0.005991754762440807,0.010853249007168645,0.0056112441333242506,0.0,0.0033854071270470946,0.006065465278170457,0.010792790855672543,0.005694326224488705,0.0,0.24999999999231193,0.0,0.00013729749030275823,0.24161644580371244,0.005991754762440807,0.014019260805436083,0.0060330172279964515,0.004892975569650576,6.013813515291406e-08,1.0,0.003671433643551092,0.0045691258258749815,0.00045054083544032763,0.6925925925925926,0.6888888888888889,0.004140866624999596,0.5211917748068741,0.4981940556608855,0.015627609724900994,1,1,1,1
04_external_impact_y12N_t0p25_p2l_v2:0012,04_external_impact_y12N_t0p25_p2l_v2,23.882999999999992,24.28299999999999,0.012400415935764261,0.02543416093444519,0.04278612643586319,0.02647957373110474,0.0,0.1761270666058854,0.3287520619070769,0.5600303491421421,0.33186854392796306,0.0,1.5654248437652025e-05,0.00014041684801272922,0.0005998509365155653,0.00020703566652641902,0.0,0.004628432752561341,0.00739026766282815,0.014425853829515247,0.007386650674431418,0.0,0.004588834798970257,0.007428401187085929,0.014464638225449801,0.0074659347098290614,0.0,0.24999999999231193,0.0,0.0001419521021227308,0.23759958405654769,0.00739026766282815,0.014557188026412461,0.0063392850631215315,0.004378651436923078,6.666490060883303e-08,1.0,0.0038260324656839858,0.0045691258258749815,0.00034116489856506846,0.6916666666666668,0.6777777777777778,0.007691318391590783,0.49896123514437263,0.4806557446772463,0.012283906947384052,1,1,1,1
04_external_impact_y12N_t0p25_p2l_v2:0013,04_external_impact_y12N_t0p25_p2l_v2,24.08299999999999,24.48299999999999,0.01760078430508973,0.019375548870702624,0.04278612643586319,0.015988652218831365,0.0,0.23253258595584272,0.2569193051980764,0.5600303491421421,0.21109395812432602,0.0,-1.66464577147911e-05,0.00013668125268798096,0.0003399972766983819,0.00016838171093052156,0.0,0.004172477210115656,0.004493434999764631,0.014425853829515247,0.00534870056328078,0.0,0.0041436560340949785,0.004544412086815663,0.014464638225449801,0.005409816183260101,0.0,0.24999999999231193,0.0,0.00017050350023151327,0.23239921568722222,0.004493434999764631,0.015850336173038236,0.007627586084875961,0.00473324310422814,7.918346286668537e-08,1.0,0.003684774056294468,0.003890099312198717,0.0001394473572921455,0.6944444444444445,0.6777777777777778,0.008486251286955229,0.4967377107195696,0.4806557446772463,0.011333193451591912,1,1,1,1
04_external_impact_y12N_t0p25_p2l_v2:0014,04_external_impact_y12N_t0p25_p2l_v2,24.28299999999999,24.68299999999999,0.0017296643047977067,0.01465299207877204,0.025950883401052754,0.016351743913648145,0.0,0.025381292320474647,0.19219574494304736,0.3526077896174742,0.21537597683258686,0.0,-3.407674488679209e-05,0.0001413308848762429,0.0003399972766983819,0.0001708063603761252,0.0,-0.0011226073533018152,0.002602035792356766,0.007499960459052741,0.003343546447535033,0.0,-0.0011501335060566293,0.0026116424273997314,0.007305467899499406,0.00326875934168128,0.0,0.2499999999923122,0.0,0.00017678826224883505,0.2482703356875143,0.002602035792356766,0.01677541726273561,0.007403479335638561,0.005360606321021949,8.400039587485274e-08,1.0,0.0038123263824184294,0.003989939941608638,0.00020516189918029523,0.6935185185185185,0.6833333333333333,0.00674084249007453,0.4986225369639296,0.48895521663451996,0.009173598293912625,1,1,1,1
04_external_impact_y12N_t0p25_p2l_v2:0015,04_external_impact_y12N_t0p25_p2l_v2,24.48299999999999,24.88299999999999,-0.0030241865946429025,0.010628575419917454,0.022474693661725165,0.012173178593629895,0.0,-0.03696525704405545,0.13979321562271765,0.3042067461928792,0.16196517718578002,0.0,9.44645074577238e-06,0.00014561393840659964,0.0004932412069980099,0.00018609452631437222,0.0,-0.0008128758630128807,0.0032146723355381142,0.007499960459052741,0.0038179364665828397,0.0,-0.0007335492958591292,0.0032168213855249977,0.007305467899499406,0.0037963422211363873,0.0,0.2499999999923122,0.0,0.000144889950664814,0.25302418658695486,0.0032146723355381142,0.01588669391182649,0.00623568775228277,0.004585352843457107,8.176879987495356e-08,1.0,0.0038454643994862148,0.004048350068644928,0.00021374073363964195,0.6898148148148149,0.6833333333333333,0.004986263710309709,0.49418442149273517,0.48895521663451996,0.003936737964549734,1,1,1,1
04_external_impact_y12N_t0p25_p2l_v2:0016,04_external_impact_y12N_t0p25_p2l_v2,24.68299999999999,25.082999999999988,0.009194286008208393,0.016199323891891704,0.04506090243291963,0.019418760015046926,0.0,0.11250868794150527,0.20180528147519378,0.5482919356711113,0.24060911119079373,0.0,-2.6371764197948807e-05,0.0001548232502135564,0.0004932412069980099,0.0001903235031657303,0.0,0.0045013732842228505,0.0048913305304695825,0.008960112041279675,0.0032785298848345113,0.0,0.004609582995535056,0.004978019478668891,0.009080764099983313,0.003245745911498551,0.0,0.24999999999231165,0.0,0.0001514844708250769,0.24080571398410336,0.0048913305304695825,0.012917225050383962,0.005626218576975748,0.0034480591525399285,7.241271996884129e-08,1.0,0.004072697729426106,0.004717239243128656,0.00038714268968337377,0.6920634920634922,0.6833333333333333,0.0058321184351980224,0.4977140705748149,0.49218043477450585,0.005328581442639178,1,1,1,1
04_external_impact_y12N_t0p25_p2l_v2:0017,04_external_impact_y12N_t0p25_p2l_v2,24.88299999999999,25.282999999999987,0.002698380369778553,0.017425292677089695,0.04506090243291963,0.021701703822552786,0.0,0.028730537192346767,0.21450130946200746,0.5482919356711113,0.2650175852474116,0.0,-4.057315835371757e-05,0.000161798823522067,0.00040180876237484633,0.00018611124533890783,0.0,0.0025696443198920385,0.006019122712653529,0.00914396559501738,0.006010069904676231,0.0,0.002636174464446107,0.006104219759125001,0.009080764099983313,0.006011490462345916,0.0,0.24999999999231165,0.0,0.00016512938158324812,0.24730161962253314,0.006019122712653529,0.012459047837312161,0.005200722811350928,0.0029827091413464862,6.6120052568496e-08,1.0,0.004063884286411724,0.004717239243128656,0.0004883843438146261,0.684920634920635,0.6722222222222223,0.00925547919816711,0.49446139709578824,0.4808414600610156,0.008759948478125761,1,1,1,1
04_external_impact_y12N_t0p25_p2l_v2:0018,04_external_impact_y12N_t0p25_p2l_v2,25.082999999999988,25.482999999999986,0.011529757462275378,0.027425681717912043,0.07687435398858597,0.034717910221443674,0.0,0.1452332723650118,0.3484636518503313,0.9381793609131952,0.4325167471504931,0.0,1.1912646842438635e-05,0.00015033215412482674,0.00040180876237484633,0.0001777881602716359,0.0,-0.0017584853011411328,0.0071605693350204795,0.012433213452768748,0.007656420619250556,0.0,-0.0017078704667775023,0.007100589568242277,0.012319417366343828,0.00755870686943235,0.0,0.24999999999231245,0.0,0.00014490256874952055,0.23847024253003735,0.0071605693350204795,0.014558436280205398,0.006189403948914081,0.0039002988825726807,7.986485713160514e-08,1.0,0.003812387303123093,0.004371030878963996,0.0004246382313270631,0.6731481481481482,0.6666666666666666,0.003817690394090445,0.4957506674943665,0.4808414600610156,0.010319386502120097,1,1,1,1
04_external_impact_y12N_t0p25_p2l_v2:0019,04_external_impact_y12N_t0p25_p2l_v2,25.282999999999987,25.682999999999986,0.019687964100886825,0.03118045733705294,0.07687435398858597,0.03381891805442233,0.0,0.2476527731131234,0.4003499090437224,0.9381793609131952,0.4260599478313289,0.0,-2.778055742357796e-05,0.00016547780610156275,0.0004404045773944474,0.00020026654173572358,0.0,0.0008260237612047024,0.008345333677522599,0.012721699448182047,0.009029234048164551,0.0,0.0008942548326881425,0.008268977443430251,0.012669604679924527,0.008937084417405499,0.0,0.24999999999231245,0.0,0.00015099957647449967,0.23031203589142593,0.008345333677522599,0.015619236038173438,0.006774246503116594,0.004427977633391519,9.782191905767868e-08,1.0,0.00379819844347829,0.004284489330491201,0.0002893747583289216,0.6675925925925926,0.6611111111111111,0.00498626371030976,0.5018701901059791,0.4933949113253876,0.006171931474430427,1,1,1,1
04_external_impact_y12N_t0p25_p2l_v2:0020,04_external_impact_y12N_t0p25_p2l_v2,25.482999999999986,25.882999999999985,0.00972493492133084,0.019750226587124917,0.04010733426276922,0.02205785622440149,0.0,0.12953560681045306,0.2668628878447404,0.5393996978765134,0.2990163154837711,0.0,-4.3869868433985697e-05,0.00017802037688723204,0.0004404045773944474,0.00020793165145148202,0.0,0.004011530641461714,0.00663617737983974,0.012721699448182047,0.006610919774719987,0.0,0.0041073088102008826,0.006719624229715254,0.012669604679924527,0.006611737709647798,0.0,0.24999999999231193,0.0,0.00017325266817013038,0.2402750650709811,0.00663617737983974,0.0153319026309248,0.006787092175076856,0.0039012372749920744,1.1406191689630109e-07,1.0,0.003604072569076021,0.003939344283235993,0.0002595534560089021,0.6685185185185186,0.6611111111111111,0.006141897759917436,0.5057950842243354,0.4933949113253876,0.011615830156854112,1,1,1,1
04_external_impact_y12N_t0p25_p2l_v2:0021,04_external_impact_y12N_t0p25_p2l_v2,25.682999999999986,26.082999999999984,0.010055625630471405,0.012971296015304645,0.03841545852736669,0.014232906129420504,0.0,0.137757154773594,0.1787337315508669,0.5393996978765134,0.200486640451905,0.0,-2.107943366328406e-05,0.0001662814480010469,0.0004647922822917133,0.00019579709948891545,0.0,0.0034374116560141276,0.005452878050061159,0.010374555476246878,0.005212643847046559,0.0,0.003491791772766005,0.0055577620026865115,0.010606863004855645,0.005295942269773967,0.0,0.24999999999231193,0.0,0.00015596143071994138,0.2399443743618405,0.005452878050061159,0.014368590295636514,0.0062907587188766835,0.003383158055209383,1.0264047134899336e-07,1.0,0.003569637290237182,0.003939344283235993,0.00030213910519216936,0.6666666666666666,0.65,0.009072184232530303,0.5179617270858458,0.49961404195962156,0.012510595725497101,1,1,1,1
04_external_impact_y12N_t0p25_p2l_v2:0022,04_external_impact_y12N_t0p25_p2l_v2,25.882999999999985,26.282999999999983,0.015451237847101775,0.015451237847101775,0.02828058277699602,0.009061726465393546,0.0,0.20121696270958037,0.20121696270958037,0.3524372324309209,0.11420158179566343,0.0,1.2414255374145845e-05,0.00015751257060271471,0.0004647922822917133,0.00018946264384688466,0.0,0.0027769799320683263,0.004792446326115358,0.008057697312598228,0.004556565042603896,0.0,0.00278349083733543,0.004849461067255937,0.008026215000586959,0.004590567503401061,0.0,0.24999999999231193,0.0,0.00015946751342304355,0.23454876214521014,0.004792446326115358,0.014659637766543545,0.006280229518529188,0.004462085915941779,9.473034843135315e-08,1.0,0.0037621686213318065,0.004142214745004246,0.00034668817338240105,0.6657407407407407,0.65,0.008735167714867235,0.5215339983542021,0.5110992581834809,0.007788334792343254,1,1,1,1
04_external_impact_y12N_t0p25_p2l_v2:0023,04_external_impact_y12N_t0p25_p2l_v2,26.082999999999984,26.482999999999983,0.014383851490341396,0.02941057838610975,0.04579848394466984,0.028365793899946673,0.0,0.19147058107852652,0.38555859256221275,0.6385955532440118,0.3749466878083491,0.0,-3.240882330101754e-05,0.00017893851511062233,0.000478485349069492,0.00022379836006967884,0.0,0.0032401502356135137,0.004304969940917824,0.006654633209327774,0.003239457495707436,0.0,0.003334091091750388,0.0044141055996844,0.006691581702473887,0.0032813736167944625,0.0,0.24999999999231193,0.0,0.00019977435278584316,0.23561614850197055,0.004304969940917824,0.014471568064049693,0.006644289716902018,0.004565437664747428,9.730697801893938e-08,1.0,0.003882733996500862,0.004218597070746038,0.00031838495990374016,0.6638888888888889,0.65,0.010516496936667175,0.5095301371350133,0.49775074359660765,0.010184615749198727,1,1,1,1
04_external_impact_y12N_t0p25_p2l_v2:0024,04_external_impact_y12N_t0p25_p2l_v2,26.282999999999983,26.682999999999982,0.017463719808537153,0.03249044670430551,0.04579848394466984,0.030412253795607403,0.0,0.22050490613340878,0.41459291761709505,0.6385955532440118,0.39163736731179344,0.0,-4.606639979562723e-05,0.00018041606875018922,0.000478485349069492,0.00023115786902122042,0.0,0.0038474599659279432,0.004912279671232253,0.01221149215739821,0.004646542276994536,0.0,0.0038868411916842143,0.004966855699618226,0.012172615485965654,0.004672896789562859,0.0,0.24999999999231193,0.0,0.00019327844564049387,0.23253628018377479,0.004912279671232253,0.013176648717919038,0.005682724086943833,0.004051972035101196,6.821262706919272e-08,1.0,0.004021537879129983,0.004845741677481267,0.0004455366758834654,0.6601851851851851,0.65,0.008735167714867221,0.49402240583167417,0.48252892213424536,0.006570282299932294,1,1,1,1
04_external_impact_y12N_t0p25_p2l_v2:0025,04_external_impact_y12N_t0p25_p2l_v2,26.482999999999983,26.88299999999998,0.03306272046345159,0.03306272046345159,0.06359605723335793,0.01655402194088616,0.0,0.4130864118009647,0.4130864118009647,0.8240023855740859,0.2101997154341634,0.0,2.1230710444318336e-05,0.0001596402416132944,0.0004767778271983094,0.00020187868423692567,0.0,0.0035241393543173367,0.004623990522189011,0.01221149215739821,0.005052622877025566,0.0,0.0035270480945922555,0.004579418255112904,0.012172615485965654,0.005028256738234902,0.0,0.2799999999883518,0.0,0.00016278488497356686,0.2502706128598452,0.004623990522189011,1.1882797990164307,1.15546800960267,0.005205805047205244,6.294241754442769e-08,1.0,0.004126057503324652,0.004845741677481267,0.0003493914828304437,0.662037037037037,0.6555555555555556,0.004986263710309709,0.4977377614986987,0.48252892213424536,0.017374113013947385,1,1,1,1
04_external_impact_y12N_t0p25_p2l_v2:0026,04_external_impact_y12N_t0p25_p2l_v2,26.682999999999982,27.08299999999998,0.011253231905549535,0.03872449241911682,0.07446161090921805,0.04425283166285096,0.0,0.1421465085377077,0.4914351848451622,0.9454707613802171,0.5636877352843421,0.0,-3.092996699534133e-05,0.00015073316752923404,0.0004423792328834257,0.0001893311302194567,0.0,0.0010388059698512575,0.006925433802574234,0.0159918629264604,0.008594639358849668,0.0,0.0011337067873827362,0.006910560400210672,0.016190617158421315,0.00862528379485633,0.0,0.3299999999873471,0.0,0.00014389785161325386,0.32208010141674254,0.006925433802574234,1.1882682454300908,1.15573534783593,0.00494446862529791,1.075231137879507e-07,1.0,0.004041816691009763,0.004205618719298377,0.00011911841050342356,0.6398148148148148,0.5666666666666667,0.03505091339027352,0.5152522606280165,0.48939266059034997,0.016415060132435447,1,1,1,1
04_external_impact_y12N_t0p25_p2l_v2:0027,04_external_impact_y12N_t0p25_p2l_v2,26.88299999999998,27.28299999999998,-0.018998627463646316,0.03299225163376118,0.07446161090921805,0.03882982080223466,0.0,-0.24186696194841686,0.41548144229158573,0.9454707613802171,0.48760637664685713,0.0,-6.363084042069683e-05,0.0001481274995208303,0.00041301048552132676,0.00016780016563617937,0.0,-0.002146172777914249,0.00928541531618409,0.019328914611598236,0.011228414568849935,0.0,-0.0020194825916155235,0.009289778864196482,0.01945390042729386,0.011332662103750743,0.0,0.3499999999903025,0.0,0.0001444105038539012,0.3689986274539488,0.00928541531618409,0.013881049981060866,0.006451501433681489,0.004334338727417083,1.0879855195682311e-07,1.0,0.004067449655510878,0.004300109832760595,0.00014690100987888656,0.625,0.5666666666666667,0.039642175238162304,0.5334990054100881,0.5214968826723111,0.010226538234649748,1,1,1,1
04_external_impact_y12N_t0p25_p2l_v2:0028,04_external_impact_y12N_t0p25_p2l_v2,27.08299999999998,27.48299999999998,-0.01292554058371928,0.02513315586015281,0.06099554345517688,0.028903633149165164,0.0,-0.17145368175938216,0.3225382959580142,0.7625472136992856,0.3625985695907562,0.0,-2.8968412388792786e-05,0.00015015691629612652,0.0003121153774165783,0.00017240542175938942,0.0,-0.002603075234190689,0.007824912335946906,0.019328914611598236,0.009603727906516863,0.0,-0.0024955483152792556,0.007827780646814348,0.01945390042729386,0.009677156588566521,0.0,0.3499999999903025,0.0,0.00015978829832480026,0.3629255405740219,0.007824912335946906,0.014153447600375818,0.006883203190630757,0.004510444116019001,7.08013570311239e-08,1.0,0.0038925901761356317,0.004300109832760595,0.0003877029085185345,0.6370370370370371,0.5888888888888889,0.03817690394090426,0.5478553516822386,0.5430917968093335,0.00525915540899962,1,1,1,1
04_external_impact_y12N_t0p25_p2l_v2:0029,04_external_impact_y12N_t0p25_p2l_v2,27.28299999999998,27.68299999999998,0.019381150809921265,0.03292022866995314,0.06442936732562005,0.03063621366444456,0.0,0.2590355659562874,0.4449678157411358,0.8896115761395904,0.41801321001005576,0.0,7.939021616187501e-06,0.00016623426126692543,0.0003163549542854027,0.00018768189550095272,0.0,0.00497076212255585,0.008753938263446408,0.01310526134313384,0.007940495138556273,0.0,0.0049663378568669805,0.008704888815455865,0.013091376350234421,0.007865534605659466,0.0,0.3499999999903025,0.0,0.0001868853210743408,0.33061884918038126,0.008753938263446408,0.012419415824647638,0.006793746290058063,0.005580175679093975,8.010563440386977e-08,1.0,0.0035790085709790274,0.004189111532422287,0.0003246110104151404,0.6574074074074074,0.6,0.02986021388258724,0.5490815194100012,0.5369700833367661,0.007805598309229125,1,1,1,1
04_external_impact_y12N_t0p25_p2l_v2:0030,04_external_impact_y12N_t0p25_p2l_v2,27.48299999999998,27.882999999999978,0.0319509438134734,0.03553981257206661,0.06442936732562005,0.024440335117498026,0.0,0.41615583089655117,0.4662588454387931,0.8896115761395904,0.3229326549610302,0.0,1.586506973582616e-05,0.0001945113562769598,0.0003435235372458263,0.0002100459716032709,0.0,0.008437372907643728,0.008556591290891443,0.01927560730431673,0.006844277434563257,0.0,0.008465534605141626,0.008500110179277652,0.019229588350260018,0.006719689552888414,0.0,0.3499999999903025,0.0,0.00020114636977293992,0.3180490561768291,0.008556591290891443,0.014650609127060496,0.007217549952824083,0.006323298182446832,7.284135851554088e-08,1.0,0.003743058991512933,0.00447638997595103,0.0004258030149505112,0.6611111111111111,0.6333333333333333,0.014344382763731196,0.5470422539755101,0.5369700833367661,0.00733740671139191,1,1,1,1
04_external_impact_y12N_t0p25_p2l_v2:0031,04_external_impact_y12N_t0p25_p2l_v2,27.68299999999998,28.082999999999977,0.025961784866411552,0.029550653625004763,0.05695742239963003,0.021523812501558236,0.0,0.31240031283049946,0.36250332737274144,0.6759551362815372,0.260588549683077,0.0,-1.811687797524214e-05,0.0001623011079950711,0.0003435235372458263,0.00018079193990905626,0.0,0.007637010321225425,0.00775622870447314,0.01927560730431673,0.006907866815838327,0.0,0.007615216245044901,0.007649791819180927,0.019229588350260018,0.006781704416326534,0.0,0.3499999999903025,0.0,0.00018614689891924746,0.3240382151238909,0.00775622870447314,0.014900226951806046,0.006198809218342099,0.004855761690716221,6.736758020945302e-08,1.0,0.004048728662367316,0.004852227887941005,0.0005104259108736082,0.648148148148148,0.6333333333333333,0.009972527420619461,0.550831757861605,0.5308263590382976,0.01232632323461908,1,1,1,1
04_external_impact_y12N_t0p25_p2l_v2:0032,04_external_impact_y12N_t0p25_p2l_v2,27.882999999999978,28.282999999999976,0.010335729195203924,0.025522082473130814,0.0394359672348385,0.02650684326906649,0.0,0.11861947802726262,0.32408403758796117,0.5069384182400891,0.3380234381650029,0.0,1.9945422740846116e-05,0.00013303639608301256,0.0003205082705209606,0.00015641840439037017,0.0,0.003777004585029542,0.0064930987391297575,0.01310011862511996,0.0064644860516605215,0.0,0.0037382716851987307,0.006338344446700904,0.012884628944320508,0.0063139346562182605,0.0,0.3499999999903025,0.0,0.00016569171998106357,0.3396642707950986,0.0064930987391297575,0.013149709916316747,0.005873936641909701,0.0042116624971776425,1.006556292807521e-07,1.0,0.003858998439726287,0.004852227887941005,0.0005227963597221018,0.6351851851851852,0.5944444444444444,0.020201318730806887,0.5625323566818461,0.5308263590382976,0.015561402907410211,1,1,1,1
04_external_impact_y12N_t0p25_p2l_v2:0033,04_external_impact_y12N_t0p25_p2l_v2,28.082999999999977,28.482999999999976,0.00620717891380738,0.02237249164462235,0.03972328629597266,0.02550953915010975,0.0,0.08079790630121907,0.29951496456336774,0.5460791275561391,0.34316434732199796,0.0,6.45722449028004e-07,0.00015924294803754574,0.0003769269270466462,0.00019513758979706886,0.0,0.002589181264366079,0.0053052754184662945,0.009600178690833046,0.005310241651048264,0.0,0.0026986659706977442,0.005298738732199917,0.009798530259367473,0.005291949609779679,0.0,0.3499999999903025,0.0,0.0001637883254053575,0.34379282107649517,0.0053052754184662945,0.013449726568506959,0.0069471354672072634,0.0037091247422920367,8.595291360039257e-08,1.0,0.003615308231441601,0.004085750699135746,0.0002737198142011445,0.6361111111111111,0.5944444444444444,0.021456722641215682,0.5656076314837458,0.5468989756413927,0.010385762482071185,1,1,1,1
04_external_impact_y12N_t0p25_p2l_v2:0034,04_external_impact_y12N_t0p25_p2l_v2,28.282999999999976,28.682999999999975,0.014393599115209516,0.017246829684854553,0.03972328629597266,0.01685339566240787,0.0,0.18972668433648354,0.22772806176119387,0.5460791275561391,0.22636866571438705,0.0,1.2960233101940055e-05,0.0001743371705577298,0.0003769269270466462,0.00020398911844586153,0.0,0.005117477063397425,0.005515665718700705,0.009600178690833046,0.0034603236438366094,0.0,0.005231171420419467,0.005560211378406863,0.009798530259367473,0.003449813302856805,0.0,0.3499999999903025,0.0,0.00017232562275291047,0.335606400875093,0.005515665718700705,0.014133336083779735,0.007548658297295359,0.004530541723581647,5.825069130175101e-08,1.0,0.0038362443753931917,0.00435740173199888,0.0003052556697975982,0.6546296296296296,0.6333333333333333,0.015186314321163654,0.5533682043694638,0.5373319773352954,0.010404962578961126,1,1,1,1
04_external_impact_y12N_t0p25_p2l_v2:0035,04_external_impact_y12N_t0p25_p2l_v2,28.482999999999976,28.882999999999974,0.002093656024555366,0.0229879900993581,0.05706018887413733,0.029117684181420432,0.0,0.018058310856033377,0.30535262382744177,0.7876363027444446,0.39289804801328615,0.0,0.013025275718278485,0.013097509572648913,0.1191508295300727,0.031189749160772353,0.05,0.027521840730321084,0.027920029385624365,0.1447441105481107,0.052520552964182385,0.16666666666666666,0.02459384100725517,0.02492288096524256,0.12678214133626237,0.045809797853294365,0.16666666666666666,0.3213999999948003,0.048399999979067757,0.03298628067545747,0.326239677299541,0.016338659192865347,1.59387410808253,1.5295848066244515,0.006860410847037285,2.6470360970660588e-05,1.0,0.0038462334749287414,0.00435740173199888,0.00031238775635884395,0.6499999999999999,0.5611111111111111,0.0421880953699797,0.5456787904188399,0.5373319773352954,0.006282910774530934,1,1,1,1
04_external_impact_y12N_t0p25_p2l_v2:0036,04_external_impact_y12N_t0p25_p2l_v2,28.682999999999975,29.082999999999974,-0.0015157186903395486,0.022585193598033095,0.05706018887413733,0.028321515784559857,0.0,-0.02373958334240961,0.30401603960986456,0.7876363027444446,0.38533513583244156,0.0,0.021507762089606704,0.021533252254191358,0.1191508295300727,0.028723782826696603,0.05,0.03770064558954896,0.03770064558954896,0.1447441105481107,0.04887468952916186,0.16666666666666666,0.026293924029852617,0.026479253983942425,0.12678214133626237,0.045179678858881085,0.16666666666666666,0.2563999999961064,0.15839999994957896,0.1344093032446425,0.26484905201574205,0.11186182455491606,1.5942278463809858,1.5244383500797762,0.01554882578684836,2.6462594339149817e-05,1.0,0.00372592470719982,0.003950686265364282,0.00018946024598680603,0.6148148148148148,0.5611111111111111,0.04655483366657978,0.548738746553085,0.5388207175267373,0.007220678502434042,1,1,1,1
04_external_impact_y12N_t0p25_p2l_v2:0037,04_external_impact_y12N_t0p25_p2l_v2,28.882999999999974,29.282999999999973,0.003006659364778503,0.00926367235828598,0.020372857153295953,0.010454102431040785,0.0,0.03793728274778471,0.11921949482058165,0.2739095431968197,0.136570107761875,0.0,0.017699858524712647,0.017699858524712647,0.018698159482528037,0.0007559194495277733,0.0,0.024403664650354265,0.024403664650354265,0.030681933705241915,0.006883389227333629,0.0,0.006918723662215025,0.008770082794826564,0.01338086475900599,0.007075813857583159,0.0,0.21999999999301245,0.21999999994052138,0.2023714501176456,0.21699334062822506,0.1955963352902126,0.049159993134513726,0.009903974835359697,0.007588767135801453,6.304128506181399e-08,1.0,0.003945414967029865,0.004663877750972615,0.00036269883296348264,0.5907407407407407,0.5777777777777777,0.011415581486979588,0.5692314318027271,0.5451261505244598,0.01758465237029694,1,1,1,1
04_external_impact_y12N_t0p25_p2l_v2:0038,04_external_impact_y12N_t0p25_p2l_v2,29.082999999999974,29.482999999999972,-0.005085739502036386,0.011264378689237292,0.0331733478015937,0.014477872281327603,0.0,-0.06064015145939147,0.13493687232843538,0.3832337088408066,0.16937782166064785,0.0,0.01828355216874991,0.01828355216874991,0.018698159482528037,0.00019720289989693006,0.0,0.020534078321608248,0.020534078321608248,0.030681933705241915,0.007504852087045106,0.0,0.002378047474490432,0.006474449199588718,0.0125424873558595,0.007549546946784013,0.0,0.2199999999931901,0.21999999993961042,0.2017477013449276,0.22508573949521757,0.19946592161804774,0.04954650998536502,0.011363678219787333,0.006938207989439862,6.634814079272597e-08,1.0,0.004210665588927915,0.004663877750972615,0.0004029217895666478,0.5796296296296296,0.55,0.016871173294711647,0.6020363232216683,0.5757086307874619,0.018297913313798334,1,1,1,1
04_external_impact_y12N_t0p25_p2l_v2:0039,04_external_impact_y12N_t0p25_p2l_v2,29.282999999999973,29.68299999999997,-0.0038924639326463526,0.0132108097264562,0.0331733478015937,0.015994831105620357,0.0,-0.04401519949307644,0.16111975395053243,0.3832337088408066,0.19110780255626164,0.0,0.018259836955126535,0.018259836955126535,0.018694202171723295,0.00018971723276422939,0.0,0.019310155090318717,0.019310155090318717,0.03037252977624716,0.006313707986754984,0.0,0.0011119570147082685,0.005094055103808698,0.011895723091619625,0.006221245633495792,0.0,0.2199999999933322,0.2199999999388816,0.20175935503967643,0.2238924639259756,0.2006898448485781,0.048385733453282447,0.010061618892563993,0.005494573791504455,6.707720132503272e-08,1.0,0.0041568110879319905,0.0046636002543419585,0.00029457292922066986,0.5731481481481482,0.55,0.016794775136312067,0.628505773359922,0.6110397426106864,0.017697829994074543,1,1,1,1
04_external_impact_y12N_t0p25_p2l_v2:0040,04_external_impact_y12N_t0p25_p2l_v2,29.482999999999972,29.88299999999997,0.017182241333939738,0.01911156046494922,0.0650621790378049,0.022461144069324188,0.0,0.21914403742602606,0.24477399045047907,0.8394484812483142,0.2905624086870029,0.0,0.005923615734772526,0.025097696002700287,0.16634264590777342,0.04059869939941244,0.05,-0.022573650304479262,0.0628525624624456,0.2562786383007746,0.10479773107327844,0.16666666666666666,-0.013205621548745347,0.024795291410230253,0.10898573253188332,0.0435046007646993,0.16666666666666666,0.21999999999346986,0.21999999992364594,0.19691020169228168,0.20281775865970922,0.19490698362219694,0.6535780305686645,0.6239422532426454,0.005834051299948854,8.688209008756573e-08,1.0,0.00396155753108442,0.0041346327875745985,0.00014349499445834744,0.5796296296296296,0.5555555555555556,0.019422386077225007,0.6491750291999648,0.6237206650639918,0.021220304669047493,1,0,0,1
04_external_impact_y12N_t0p25_p2l_v2:0041,04_external_impact_y12N_t0p25_p2l_v2,29.68299999999997,30.08299999999997,0.019070277207098377,0.022951342499671387,0.0650621790378049,0.02354252239584561,0.0,0.23673750654366446,0.2866629281585406,0.8394484812483142,0.30308809118624946,0.0,-0.0035528560231745344,0.016292765915436436,0.16634264590777342,0.038787428263593125,0.05,-0.03811089419048601,0.06082421937465362,0.2562786383007746,0.1003285444413185,0.16666666666666666,-0.018629221222499256,0.029424075921160833,0.10898573253188332,0.043739013928620556,0.16666666666666666,0.21999999999303296,0.21999999992661506,0.20560625115067718,0.2009297227861361,0.20147177176466746,0.6537989979207663,0.6233831467340663,0.008989843502283563,8.544341479420209e-08,1.0,0.004164634739047497,0.004570649689576061,0.0002938553223969617,0.5861111111111111,0.5555555555555556,0.015957118462605616,0.65297136953822,0.6315596071016673,0.01811309697469464,1,0,0,1
04_external_impact_y12N_t0p25_p2l_v2:0042,04_external_impact_y12N_t0p25_p2l_v2,29.88299999999997,30.28299999999997,0.025165542406020976,0.029046607698593987,0.0655681533764082,0.02286934618244608,0.0,0.29657827175737617,0.3465036933722523,0.7502609871193716,0.27087554297874455,0.0,-0.00032878340984671963,0.0004214956574834422,0.005485075590236976,0.001198780003036773,0.0,-0.005438548203563852,0.015536632015264918,0.040526702394644315,0.01881398555310395,0.0,-0.004432438942214914,0.014645486398328167,0.03481232918162508,0.01713428651756561,0.0,0.21999999999254002,0.2199999999445495,0.21955785671390915,0.19483445758653853,0.21456145174079866,0.05217468175649387,0.011026023722272833,0.006893999648461286,6.707069346341664e-08,1.0,0.004398319748900319,0.004847008873781517,0.0004084362770670253,0.5907407407407407,0.5611111111111111,0.015930231976004867,0.6185847856127286,0.5814376784077123,0.03066866371915939,1,1,1,1
04_external_impact_y12N_t0p25_p2l_v2:0043,04_external_impact_y12N_t0p25_p2l_v2,30.08299999999997,30.48299999999997,0.029625209183179096,0.02986511576144556,0.0655681533764082,0.021348269353946268,0.0,0.3486065740986463,0.35160758233906203,0.7502609871193716,0.24735226487623957,0.0,-0.011023735194841493,0.011080337033090101,0.07727050523716292,0.018314093984595336,0.0,-0.003568179241480174,0.010140305960418539,0.017022655855746388,0.011262230516192151,0.0,0.0024616757763546346,0.010458054070469144,0.02052543419491587,0.012435995367724122,0.0,0.21999999999505918,0.2199999999372732,0.21024187422880183,0.1903747908108169,0.2164318207020677,0.6067289537080761,0.5574358472183535,0.013139634128218447,6.99910541913896e-08,1.0,0.004465261882803574,0.004847008873781517,0.0003954740072022975,0.587962962962963,0.5611111111111111,0.015521346865037235,0.5820912571364422,0.5615201523910938,0.01393435470270148,1,1,1,1
04_external_impact_y12N_t0p25_p2l_v2:0044,04_external_impact_y12N_t0p25_p2l_v2,30.28299999999997,30.682999999999968,0.019947346103668894,0.02122321124346054,0.05136140521974311,0.02072341109372341,0.0,0.24862798157926827,0.2634983408233005,0.6813997217916348,0.2604201369218507,0.0,-0.056201581771245526,0.0625056955534792,0.38729587101554097,0.10473577298712325,0.2,-0.05917716389475596,0.060187651853938956,0.28461952270705526,0.10207362846719661,0.16666666666666666,0.0010062434795449007,0.02569510321690936,0.05882750018318361,0.03521745231291901,0.0,0.21999999999529232,0.21999999995436498,0.18966186223444614,0.20005265388414692,0.18236267696218111,2.7051791402188226,2.165052687232163,0.16516926680028968,6.387228599919074e-08,1.0,0.0042520332696060065,0.004749281500369335,0.00046457221073502216,0.5953703703703703,0.5611111111111111,0.02633604195060722,0.5506260971106577,0.5243762847011403,0.02366001409000574,1,0,0,1
04_external_impact_y12N_t0p25_p2l_v2:0045,04_external_impact_y12N_t0p25_p2l_v2,30.48299999999997,30.882999999999967,0.017784666153415396,0.018820624714940577,0.05136140521974311,0.01801014070190705,0.0,0.2239747272659526,0.23584407826956907,0.6813997217916348,0.23520524230334414,0.0,-0.034778076230315216,0.0619916885939531,0.38729587101554097,0.12096376560682247,0.25,-0.05755036763856971,0.0606380233752488,0.28461952270705526,0.10292435563828099,0.16666666666666666,-0.003476185181845159,0.02591532940266515,0.05882750018318361,0.03455260391037241,0.0,0.2089999999967329,0.2089999999631696,0.1991177885155459,0.2022153338330571,0.18398947321809644,3.0447318625189386,2.480088920981097,0.02519867201545217,4.3355922668420976e-05,1.0,0.004353103846474145,0.004846291182677038,0.0004941226146032348,0.5879629629629629,0.55,0.03198132599846398,0.5049550305307404,0.4707101151501753,0.02467844273463694,1,0,0,1
04_external_impact_y12N_t0p25_p2l_v2:0046,04_external_impact_y12N_t0p25_p2l_v2,30.682999999999968,31.082999999999966,-0.025510160634100734,0.048776655200187924,0.222860447502866,0.0886990381326418,0.16666666666666666,-0.3000638498960739,0.5812974002159595,2.6440837503361,1.0535157350861957,0.0,0.016266828385747896,0.01640511740235259,0.20834770284891607,0.05086144810035847,0.1,0.03767496195785333,0.04284916123377556,0.20212665185316622,0.0746757075521434,0.16666666666666666,0.004658352574285272,0.009945174974441931,0.030031430918361402,0.012951814566831083,0.0,0.09900000000266695,0.0989999999791763,0.11760072172696993,0.14371684299223556,0.1477833801664072,1.8546145486254135,1.757040005875392,0.019770420820655256,4.338519116891834e-05,1.0,0.004329479000717884,0.004846291182677038,0.0004491681739704589,0.6074074074074075,0.55,0.05108560823753232,0.472899576057467,0.45838025526018866,0.01193845071563177,1,1,1,1
04_external_impact_y12N_t0p25_p2l_v2:0047,04_external_impact_y12N_t0p25_p2l_v2,30.882999999999967,31.282999999999966,-0.03063752681712381,0.04373559033072238,0.222860447502866,0.08620329277063196,0.16666666666666666,-0.35778491230017456,0.5247452033909804,2.6440837503361,1.025874304030332,0.0,0.005815453773559944,0.006000075292503874,0.11670615181777738,0.02544088275985964,0.05,0.03903882888620288,0.03954297738788435,0.20212665185316622,0.07375030875842935,0.16666666666666666,0.006097509354526469,0.006605897281786149,0.030031430918361402,0.010900948081669892,0.0,2.446931546273845e-12,5.397391935100761e-12,0.007965747709812305,0.04373559034075546,0.03954297739598044,1.0585540717191182,1.0306329557973533,0.004548305391344477,8.978688856445157e-08,1.0,0.004025682790507664,0.004498133487585047,0.0003741564351254597,0.6601851851851852,0.5777777777777777,0.03690950264443476,0.46561511278136836,0.45838025526018866,0.0032445231613560457,1,1,1,1
04_external_impact_y12N_t0p25_p2l_v2:0048,04_external_impact_y12N_t0p25_p2l_v2,31.082999999999966,31.482999999999965,0.003540772999011423,0.009389978024531037,0.01728871113588627,0.010543976714042285,0.0,0.040638942603726434,0.1189974233166255,0.23156884540133268,0.13630585700098227,0.0,-3.202907805443437e-05,0.00015389132066392762,0.00041140800470751085,0.00018111400685767232,0.0,-0.0002850868560557563,0.0032130114323592005,0.00680369130476259,0.003941441353626314,0.0,-0.0002479210007463764,0.003249038094114188,0.006755469546201056,0.003966759844010687,0.0,0.0,0.0,0.00015379379289855643,0.009389978024531037,0.0032130114323592005,0.01424733837951385,0.006926422618858094,0.004180834979351276,7.354984242980276e-08,1.0,0.004010932163160577,0.004498133487585047,0.0003098576959701012,0.6731481481481482,0.6666666666666666,0.004986263710309756,0.46506433861814944,0.45912319226325077,0.0028329174891747553,1,1,1,1
04_external_impact_y12N_t0p25_p2l_v2:0049,04_external_impact_y12N_t0p25_p2l_v2,31.282999999999966,31.682999999999964,0.00356508159919386,0.02087661532099446,0.04252851761052618,0.023297170351794034,0.0,0.03751689556371279,0.2674840369300126,0.5279113536368045,0.29857689906034013,0.0,3.584461230051878e-05,0.000133652939228871,0.0003416874993989899,0.00015163463099693994,0.0,-0.00023995525665992647,0.004246657939623636,0.007196326751387575,0.004713986271881478,0.0,-0.0002965224914014009,0.004287772690188855,0.007029238764009784,0.00473173531358391,0.0,0.0,0.0,0.00014316347096652785,0.02087661532099446,0.004246657939623636,0.014145666904880078,0.0056398517126890505,0.0033579608638573425,6.449943589915148e-08,1.0,0.003950586585207172,0.004168936995416797,0.00019702441994881153,0.6714285714285715,0.6611111111111111,0.006249212598422101,0.4648042484564869,0.45912319226325077,0.0028107457869730357,1,1,1,1
04_external_impact_y12N_t0p25_p2l_v2:0050,04_external_impact_y12N_t0p25_p2l_v2,31.482999999999965,31.882999999999964,0.04061015813271629,0.06162500931344807,0.256239208397432,0.09251731446750502,0.14285714285714285,0.5615725229405236,0.8375588968782424,3.6126697132184296,1.298279876554773,0.14285714285714285,0.0005123457176186659,0.0005753632995344079,0.004499388561154751,0.001085811219580074,0.0,0.001174480546722034,0.003924154584179874,0.009169520839281698,0.004762227459460194,0.0,0.0007651036458414256,0.003754918537636772,0.007324262288840183,0.00442198358222443,0.0,0.11999999998647759,5.237975295667406e-12,0.0004956226163506921,0.10551207889274594,0.003924154578193616,2.062087305969191,1.8963710274250032,0.004247339645406786,6.638792953589888e-08,1.0,0.0038440970037999754,0.004168936995416797,0.00026145293900020915,0.6674603174603176,0.65,0.010881991429208019,0.4622888933584005,0.449829033707703,0.00672245325693778,0,1,1,1
04_external_impact_y12N_t0p25_p2l_v2:0051,04_external_impact_y12N_t0p25_p2l_v2,31.682999999999964,32.08299999999996,0.04479164830621659,0.06731001320705815,0.256239208397432,0.0992546378222351,0.16666666666666666,0.6319296222164127,0.9106144707168428,3.6126697132184296,1.3854982152472253,0.16666666666666666,0.0006230195465054502,0.0006713877466121141,0.004499388561154751,0.001052835355976761,0.0,0.003334614165679603,0.005978495140979066,0.01249436620021742,0.00638366406020509,0.0,0.0028149145897242342,0.00576097693423757,0.012381970905526108,0.006255011080959689,0.0,0.2699999999821312,1.571392588700222e-11,0.0005752684436325066,0.25520835167392925,0.005978495137487084,2.062089600398708,1.8963271458215984,0.004799225040930959,7.228118265424439e-08,1.0,0.003918552966425736,0.004465547851134879,0.00035126217577305033,0.6527777777777778,0.6333333333333333,0.013513443999376332,0.434849494104302,0.40092743146737286,0.024439949727256008,0,1,1,1
04_external_impact_y12N_t0p25_p2l_v2:0052,04_external_impact_y12N_t0p25_p2l_v2,31.882999999999964,32.282999999999966,0.00788705428780151,0.0283632172304088,0.0425522265240153,0.030743680356886235,0.0,0.09877530862727579,0.3546140095286003,0.5317244305357587,0.38259688122507074,0.0,0.00027439046858414626,0.0003061934795259094,0.0005912295139540057,0.00021683291813751992,0.0,9.120702744224976e-05,0.006165395332789188,0.01249436620021742,0.007158213830241772,0.0,-0.00019544683226172918,0.006329917593276804,0.012381970905526108,0.007233129037857354,0.0,0.2999999999913072,2.095190118266963e-11,0.000296049329877118,0.2921129457035057,0.006165395325805219,0.013971309533057363,0.006055568714847973,0.0038919444010599644,7.68543183270665e-08,1.0,0.004037790158801525,0.004465547851134879,0.00026658619435934115,0.648148148148148,0.6333333333333333,0.008881169487616147,0.40460374416774464,0.39512698660791357,0.011652213473785611,1,1,1,1
04_external_impact_y12N_t0p25_p2l_v2:0053,04_external_impact_y12N_t0p25_p2l_v2,32.08299999999996,32.48299999999996,0.012818045694309091,0.03156804164654967,0.05518940945294315,0.03229865943242847,0.0,0.1609262576658727,0.4015374245153231,0.7127393309824912,0.41263209995753286,0.0,0.0002513938377517027,0.00025330050157156795,0.0005912295139540057,0.00016132427146681898,0.0,-0.002056314170381644,0.002688701438689918,0.008885789368023573,0.0033755289248493686,0.0,-0.0022638801092744708,0.0028743157310973347,0.009121774060725061,0.00341636732672685,0.0,0.2999999999913072,2.095190118266963e-11,0.000267202833170349,0.28718195429699817,0.0026887014247219836,0.012716561640123764,0.005740147417262124,0.0043563059891687465,7.265958595710061e-08,1.0,0.004043940865629265,0.004381032023710173,0.00023256819550133357,0.649074074074074,0.6444444444444445,0.005928818738363728,0.3985691226255503,0.3937661025721686,0.004821084497801541,1,1,1,1
04_external_impact_y12N_t0p25_p2l_v2:0054,04_external_impact_y12N_t0p25_p2l_v2,32.28299999999996,32.68299999999996,0.008614824550058242,0.021642892997170888,0.05518940945294315,0.026338567506489555,0.0,0.11692835315347323,0.2784420957415314,0.7127393309824912,0.33666809272280346,0.0,0.0002391738413711474,0.00024067087381764754,0.0004538601639079347,0.00013383439201897966,0.0,0.0010437333828170793,0.0018692207735979936,0.005060575762892366,0.002206267607961794,0.0,0.0009133400610444239,0.0018949709820229232,0.0050579989458265666,0.0022466037793617195,0.0,0.2999999999913072,2.095190118266963e-11,0.0002385345524885698,0.291385175441249,0.0018692207735979934,0.012160581944011125,0.005276851647718944,0.0033981269597600588,6.314502351723264e-08,1.0,0.00395400769788798,0.004381032023710173,0.0003289014863447397,0.6462962962962963,0.6388888888888888,0.004140866624999629,0.39621691327989667,0.3881966765161723,0.006630629473157323,1,1,1,1
04_external_impact_y12N_t0p25_p2l_v2:0055,04_external_impact_y12N_t0p25_p2l_v2,32.48299999999996,32.88299999999996,0.012226570111389242,0.022298902606160076,0.042808740963284686,0.022731251253938104,0.0,0.166685311799342,0.3031943268584157,0.5913463755686852,0.31031975783824756,0.0,0.00022924073781523092,0.00024036546344356622,0.000511573224221768,0.0001526577300791543,0.0,0.00219419194494641,0.004950915422450353,0.00953530381547723,0.005194259847490819,0.0,0.0019290425605503023,0.0048764628770879325,0.009084639845121477,0.00521269731166745,0.0,0.2999999999913072,2.0951901182669618e-11,0.0002571490688366566,0.287773429879918,0.004950915429434319,0.011719668017647159,0.004643621353034262,0.0031566364921049345,5.365459367659022e-08,1.0,0.0036440334871507365,0.004134837773518009,0.0002619186507161384,0.6462962962962963,0.6388888888888888,0.004140866624999628,0.4001372007214401,0.3881966765161723,0.008722757080462516,1,1,1,1
04_external_impact_y12N_t0p25_p2l_v2:0056,04_external_impact_y12N_t0p25_p2l_v2,32.682999999999964,33.08299999999996,0.013166689681821525,0.02610721502204909,0.042808740963284686,0.025784416091007744,0.0,0.1735933550069707,0.34602420327075617,0.5913463755686852,0.34536035892984623,0.0,0.0001964999300581073,0.00022526354712769673,0.0005320624654056018,0.00019012021116094775,0.0,0.0014254856393963778,0.005559158119716193,0.00953530381547723,0.005916523371105967,0.0,0.0011646950432306106,0.005563475711273691,0.009084639845121477,0.005965440785441667,0.0,0.2999999999913072,2.0951901182669614e-11,0.00024979891206907925,0.2868333103094857,0.00555915812670016,0.011709220968540103,0.004739151648740048,0.003471477803237686,7.176381939152475e-08,1.0,0.003841846988610044,0.004288999708021296,0.0003288081277135812,0.6481481481481481,0.6388888888888888,0.006141897759917413,0.41412383742775966,0.40530366270718465,0.00877445660891817,1,1,1,1
04_external_impact_y12N_t0p25_p2l_v2:0057,04_external_impact_y12N_t0p25_p2l_v2,32.88299999999996,33.28299999999996,0.016634497814206627,0.029024851106595334,0.05716213606992454,0.0291046295633184,0.0,0.2216181752336351,0.3836132376757096,0.781776875319268,0.38919417248520294,0.0,0.00021938304164666766,0.0002370219330879217,0.0005730722956975971,0.00020685962805007193,0.0,0.0028043773736568596,0.005576719644291503,0.01404749909294118,0.006348097740324293,0.0,0.002589737999792211,0.005570112589800363,0.013902529170217715,0.006402913621283392,0.0,0.2999999999913072,2.0951901182669614e-11,0.0002539552038539898,0.2833655021771006,0.005576719651275469,0.013178404477480397,0.006341178202711222,0.003729325507227095,8.407791316896344e-08,1.0,0.003878325515934994,0.004288999708021296,0.000283453037577972,0.6407407407407407,0.6166666666666667,0.014581496062984834,0.408039901760696,0.3804271064697306,0.018118629810200043,1,1,1,1
04_external_impact_y12N_t0p25_p2l_v2:0058,04_external_impact_y12N_t0p25_p2l_v2,33.082999999999956,33.482999999999954,0.007575204788119211,0.030742025454109822,0.05716213606992454,0.034940566061079675,0.0,0.10588306464421225,0.4099077051039019,0.781776875319268,0.46680816851943735,0.0,0.00027037178772056433,0.00028907485752462705,0.0006500070872029231,0.00022653098155708685,0.0,0.004620908750637048,0.007802293314847611,0.01404749909294118,0.007347664307276751,0.0,0.0042795839994102846,0.007641856076163216,0.013902529170217715,0.007331253211886481,0.0,0.2999999999913072,2.0951901182669614e-11,0.00029299337182582785,0.29242479520318804,0.007802293321831577,0.015254832253404725,0.006769837636595468,0.003530896710199667,8.071823334033573e-08,1.0,0.0037889483958731328,0.004232501935708433,0.0002286136431849516,0.6314814814814814,0.6111111111111112,0.014930106941293604,0.39932200908612675,0.3804271064697306,0.01252575780997026,1,1,1,1
04_external_impact_y12N_t0p25_p2l_v2:0059,04_external_impact_y12N_t0p25_p2l_v2,33.28299999999996,33.68299999999996,-0.0071617943589640425,0.02156907382596283,0.04526961827361803,0.02450021684597374,0.0,-0.09379454236461437,0.2855455037152425,0.5884119779754338,0.32415698325760917,0.0,0.00029846371611372377,0.0003171667859177865,0.0006500070872029231,0.00021420484087714207,0.0,0.000909214021660419,0.005252994305698485,0.010801803507598724,0.006294050953650815,0.0,0.0006221747704042472,0.005259955453687228,0.010276555900595404,0.00620208219645525,0.0,0.2999999999913072,2.0951901182669614e-11,0.0002964422536216433,0.3071617943502713,0.00525299429871452,0.01368986620785555,0.006127894932278385,0.004245907849452959,9.180359730292066e-08,1.0,0.0038126964546675367,0.004232501935708433,0.00022295560446152046,0.6314814814814814,0.6111111111111112,0.015270761576361688,0.40047767773855164,0.3892566818551365,0.005155547767357453,1,1,1,1
04_external_impact_y12N_t0p25_p2l_v2:0060,04_external_impact_y12N_t0p25_p2l_v2,33.48299999999996,33.88299999999996,0.00800847118339336,0.021568854214455483,0.05860471899457173,0.027661195443241648,0.0,0.09782028339571024,0.28071472473234815,0.7299878070438036,0.35550006917415766,0.0,0.0002996286651420488,0.0002996286651420488,0.0006277890126794884,0.00018789720415618352,0.0,9.799461109304018e-05,0.0022939303149496133,0.006705623144814766,0.0032101708210151925,0.0,-0.00017570985527228582,0.0024407231980559,0.006457863929373911,0.0032302397706902635,0.0,0.2999999999913072,2.0951901182669614e-11,0.00027182807751512756,0.29199152880791385,0.002293930307965647,0.012763066269862863,0.005621758623744799,0.0030926390241740927,9.727328756408291e-08,1.0,0.0037582621345648103,0.0041454956019847606,0.00019956004626376934,0.6416666666666666,0.6111111111111112,0.01595711846260562,0.39566775419525163,0.3863464255348367,0.006702838501237975,1,1,1,1
04_external_impact_y12N_t0p25_p2l_v2:0061,04_external_impact_y12N_t0p25_p2l_v2,33.68299999999996,34.082999999999956,0.034677696761127995,0.035471183110341475,0.07824597037472222,0.03191967985693608,0.0,0.45739466844619964,0.46783562286524255,1.0521610043022598,0.4255658047513156,0.0,0.00029370059946207567,0.000308149686610091,0.0006511420538045609,0.00022845047831838438,0.0,0.0049014879360169,0.005126352761601428,0.013923911132866961,0.004971993402021295,0.0,0.004498453999473571,0.004923050404472073,0.013720818040057836,0.005066564720004655,0.0,0.2999999999913072,2.0951901182669614e-11,0.0002829758718794018,0.2653223032301792,0.005126352775569362,0.014180623179034409,0.005786373597030003,0.003474040086969986,9.431476869420469e-08,1.0,0.003836726044219386,0.004282728916724842,0.00027941929639690506,0.649074074074074,0.6333333333333333,0.012593954174755048,0.3932523042623491,0.3863464255348367,0.005296056464736017,1,1,1,1
04_external_impact_y12N_t0p25_p2l_v2:0062,04_external_impact_y12N_t0p25_p2l_v2,33.88299999999995,34.28299999999995,0.03176768664868211,0.03176768664868211,0.07824597037472222,0.028911198912302663,0.0,0.4163292615010075,0.4163292615010075,1.0521610043022598,0.3938495933621811,0.0,0.0002374380889015258,0.0002982695855808102,0.0006511420538045609,0.00027444454660145853,0.0,0.007357753876167558,0.007357753876167558,0.013923911132866961,0.003918768061859348,0.0,0.006937418234980755,0.006937418234980755,0.013720818040057836,0.004060108250967945,0.0,0.2999999999913072,2.0951901182669614e-11,0.00027306404670918437,0.26823231334262515,0.007357753897119459,0.014543335278760165,0.005880475831411039,0.003957770108807154,8.423955071383013e-08,1.0,0.004061685264339652,0.004548294899392155,0.00036337564213714444,0.649074074074074,0.6333333333333333,0.014133645854142363,0.3907449432113949,0.3845497185491776,0.004894360777150525,1,1,1,1
04_external_impact_y12N_t0p25_p2l_v2:0063,04_external_impact_y12N_t0p25_p2l_v2,34.082999999999956,34.482999999999954,0.01454100625387878,0.0179441385764216,0.05306915134515114,0.021851969148894416,0.0,0.1825058847861172,0.2292649262726444,0.7076857761883958,0.28545065663864383,0.0,0.00018001787960235846,0.00023102734296036212,0.0005974033986645542,0.00022659390159333024,0.0,0.003072095526998549,0.005749523183769714,0.010043656548241029,0.005707250434767392,0.0,0.0028303473512395964,0.00555939816785455,0.009815192260474417,0.00563676806035194,0.0,0.2999999999913072,2.0951901182669614e-11,0.00024385976169023952,0.28545899373742845,0.005749523197737649,0.013917549783569022,0.005913101628595169,0.003667943728803992,7.091952281634068e-08,1.0,0.003955507014446426,0.004548294899392155,0.00037876164658944917,0.6472222222222223,0.6333333333333333,0.011453071182271284,0.3918384401024985,0.38381591614915506,0.007415560771260041,1,1,1,1
04_external_impact_y12N_t0p25_p2l_v2:0064,04_external_impact_y12N_t0p25_p2l_v2,34.28299999999996,34.68299999999996,0.013310779513378099,0.020584584064368364,0.05306915134515114,0.026801022215926673,0.0,0.1703600526807104,0.26916656006019574,0.7076857761883958,0.3501958805810579,0.0,0.00021026540134705968,0.00022926773224876332,0.0005415534950359883,0.0001842569401659982,0.0,0.0005109590086295563,0.004187154079637788,0.008032282970313496,0.004712294200477568,0.0,0.0004606808581811246,0.0042041816500705325,0.00818715244984486,0.004752070163588476,0.0,0.2999999999913072,2.0951901182669614e-11,0.0002500617673313175,0.2866892204779291,0.004187154086621755,0.013508356493337943,0.006323622925766465,0.0035374673423392974,6.158175019706372e-08,1.0,0.00372155733169117,0.004086818269920445,0.00019779034521163834,0.6444444444444445,0.6333333333333333,0.005555555555555573,0.38546540808458407,0.3703758627266542,0.01227870674919625,1,1,1,1
04_external_impact_y12N_t0p25_p2l_v2:0065,04_external_impact_y12N_t0p25_p2l_v2,34.482999999999954,34.88299999999995,-0.0028939520510172976,0.01908568248290717,0.04857519129566962,0.025055785644297553,0.0,-0.04690989528674841,0.2503539261694718,0.6103320926481701,0.32117081418098165,0.0,0.00025279028307373706,0.0002671655601487061,0.0005415534950359883,0.00017380143609203324,0.0,-5.448957582828337e-07,0.0029566312540168075,0.00594516663272276,0.003296970597037788,0.0,-0.00011803205906186533,0.003111494457018855,0.00593126051629613,0.0034050316859813475,0.0,0.2999999999913072,2.0951901182669614e-11,0.00025111651849108135,0.3028939520423245,0.0029566312470328403,0.013923391494659534,0.00666167533069274,0.004040652558627144,7.501661817864182e-08,1.0,0.0036370601365933453,0.004086818269920445,0.0003015837365041701,0.6537037037037037,0.6444444444444445,0.012283795519834807,0.3732937849750968,0.3589202443140357,0.007283258573578704,1,1,1,1
04_external_impact_y12N_t0p25_p2l_v2:0066,04_external_impact_y12N_t0p25_p2l_v2,34.68299999999995,35.08299999999995,0.004105108481894858,0.028852584288043562,0.06761226589688282,0.03466245991412916,0.0,0.040451280092156615,0.371077423230584,0.7924914611165195,0.43242963911498467,0.0,0.0002499041496866512,0.00025483521994165015,0.0005071348880439356,0.00014502944019460087,0.0,0.0005095064477129557,0.002467915183250981,0.004524980389806486,0.002651488586570557,0.0,0.00027748228754950597,0.0024925588283557717,0.004304516929868171,0.002694189378216872,0.0,0.2999999999913072,2.0951901182669614e-11,0.00025394582159810844,0.29589489150941234,0.002467915183250981,0.012980050251164577,0.006364486447044879,0.004413165956458864,1.054328817114899e-07,1.0,0.0036516675514214705,0.004562521199225846,0.0004996286190744935,0.6564814814814814,0.6444444444444445,0.010837685102518169,0.3706217167350754,0.3589202443140357,0.008436255923795988,1,1,1,1
04_external_impact_y12N_t0p25_p2l_v2:0067,04_external_impact_y12N_t0p25_p2l_v2,34.88299999999995,35.28299999999995,0.010527256890654707,0.025215145024827638,0.06761226589688282,0.031104989090917627,0.0,0.13149400007607037,0.31869458169769377,0.7924914611165195,0.380777461070833,0.0,0.0002725378440796513,0.0002802021515769485,0.0005696554223100953,0.0001707435875996218,0.0,0.00201522091476935,0.0032658514442055493,0.006910952184032884,0.0032114237197487434,0.0,0.0017502951869484823,0.0032559469754271796,0.006708603139411152,0.0032901585774167096,0.0,0.2999999999913072,2.0951901182669614e-11,0.00031002025064318805,0.2894727431006525,0.003265851451189515,0.013696034272188613,0.006336226329177382,0.005285742120829434,9.702253049310708e-08,1.0,0.0037671419467302006,0.004562521199225846,0.0004905688275569977,0.6657407407407409,0.65,0.014133645854142363,0.3685587952224452,0.35916501789457295,0.0068885282206997325,1,1,1,1
04_external_impact_y12N_t0p25_p2l_v2:0068,04_external_impact_y12N_t0p25_p2l_v2,35.082999999999956,35.482999999999954,-0.011523439074579886,0.015215334464273497,0.05503782860152534,0.02146962383980399,0.0,-0.14515646572682583,0.1955240457354537,0.7034553390194478,0.27519213129731185,0.0,0.000284468030970491,0.00028720126821278933,0.0005696554223100953,0.00015785345204743568,0.0,-0.0005719286564971547,0.002875579384508116,0.006910952184032884,0.003412517530757378,0.0,-0.0008686065045503758,0.00310480755102076,0.006708603139411152,0.0034685806115327977,0.0,0.2999999999912528,2.0672922063661246e-11,0.0003058876221319473,0.31152343906583174,0.0028755793708239055,0.015091125420005366,0.006679957432085054,0.004430997212101027,7.958104770429719e-08,1.0,0.003803182221808691,0.0041374935909159255,0.0002755290499327194,0.6814814814814816,0.6722222222222223,0.008881169487616115,0.37206657640058993,0.34935911447359647,0.016115962500619224,1,1,1,1
04_external_impact_y12N_t0p25_p2l_v2:0069,04_external_impact_y12N_t0p25_p2l_v2,35.28299999999995,35.68299999999995,-0.02348896867346569,0.024396154917615376,0.057097030944029015,0.02407237657066363,0.0,-0.29896812022995317,0.3106758217875576,0.7529519114876385,0.3144703460770977,0.0,0.02249778318363696,0.02249778318363696,0.20793615775476812,0.04628095453541663,0.05,0.05175824545970556,0.05395512297127464,0.2898505234674671,0.10692692625196536,0.16666666666666666,0.036020904216303294,0.03919294056783971,0.223849555950708,0.08401661607379153,0.16666666666666666,0.2567999999959658,0.12599999997386924,0.09935705063680696,0.28348896866902135,0.06557625436030548,1.436142159765073,1.372457270284985,0.01334342856583617,1.2159659133825922e-07,1.0,0.004080079665254588,0.0048720445258753405,0.00036300338806186973,0.6851851851851852,0.6722222222222223,0.009972527420619416,0.38304903688475994,0.34935911447359647,0.020348117689459943,1,1,1,1
04_external_impact_y12N_t0p25_p2l_v2:0070,04_external_impact_y12N_t0p25_p2l_v2,35.48299999999995,35.882999999999946,-0.0031602889754147137,0.02603543571031422,0.057097030944029015,0.0296796567986549,0.0,-0.06033409719555279,0.31042012740613645,0.7529519114876385,0.3665221448833369,0.0,0.03497286309718799,0.03497286309718799,0.20793615775476812,0.041747229182224156,0.05,0.07011505009595091,0.07011505009595091,0.2898505234674671,0.099115526707952,0.16666666666666666,0.04187107844379027,0.043567912171266855,0.223849555950708,0.08172817153640329,0.16666666666666666,0.19679999999713704,0.3009999999326792,0.26162882922742614,0.20316028897214256,0.22221944970325924,1.436812746212797,1.3653789891687984,0.010114306267015608,1.1109101964282962e-07,1.0,0.004674287212181956,0.0054954981950642075,0.000652328958746106,0.7074074074074074,0.6777777777777778,0.02260473262172908,0.398014468485703,0.3663676188584649,0.022437478689626186,1,1,1,1
04_external_impact_y12N_t0p25_p2l_v2:0071,04_external_impact_y12N_t0p25_p2l_v2,35.68299999999995,36.08299999999995,0.010496553045628979,0.02162322927273908,0.027733906750405657,0.019459852959258978,0.0,0.1181241237303723,0.2484423754708375,0.3494414069718782,0.2276121125767669,0.0,0.027715202620172668,0.027715202620172668,0.030938807176869365,0.0026736341260026122,0.0,0.03083736547296943,0.03083736547296943,0.04124822767450248,0.0070536025681217935,0.0,0.0032673961345640046,0.007396859317818694,0.01580177051765297,0.008777357920331033,0.0,0.1799999999936619,0.3499999999373933,0.32233769855681926,0.16950344694802533,0.31916263446446275,0.06481558179340498,0.012269614848563773,0.00984854670082759,7.791285766956148e-08,1.0,0.004765962023563601,0.0054954981950642075,0.0005151617901242881,0.7212962962962964,0.7,0.016170601107937957,0.42552352884155836,0.37370369469809905,0.027117362111505727,1,1,1,1
04_external_impact_y12N_t0p25_p2l_v2:0072,04_external_impact_y12N_t0p25_p2l_v2,35.88299999999995,36.28299999999995,-0.0032756588369625326,0.01726584541759991,0.027733906750405657,0.017840291661009144,0.0,-0.03110365378271675,0.1996454212471349,0.3494414069718782,0.21100802818463466,0.0,0.03045624475328067,0.03045624475328067,0.030939338346634537,0.0007881306120622508,0.0,0.03525222050640184,0.03525222050640184,0.04926829839112179,0.010006253066818514,0.0,0.0049708763913514364,0.008107779931573513,0.018452414264840955,0.009795807242112325,0.0,0.17999999999392946,0.3499999999360212,0.3195692872883883,0.18327565883085536,0.31474777942980725,0.06419064411259856,0.010486669621943707,0.008560181726477722,7.663446256903523e-08,1.0,0.004758965383033941,0.0054333393731762275,0.00042735589801365777,0.7101851851851851,0.6944444444444444,0.015521346865037254,0.46849830905703954,0.42391508409538564,0.028912960017131818,1,1,1,1
04_external_impact_y12N_t0p25_p2l_v2:0073,04_external_impact_y12N_t0p25_p2l_v2,36.08299999999995,36.48299999999995,-0.000867708573485069,0.014230007666870345,0.02560475059444911,0.016218506438611807,0.0,-0.00641585907607832,0.15950556107477246,0.3004598989153604,0.1832635804358437,0.0,0.030761363595439427,0.030761363595439427,0.031313524143982696,0.00024735125479140204,0.0,0.04267389723002443,0.04267389723002443,0.06359556973762104,0.013340185091431889,0.0,0.01195617035616233,0.014695321097480804,0.03270875613346308,0.013191976365713141,0.0,0.17999999999416372,0.34999999993481995,0.31920082476166617,0.18086770856761972,0.3073261027049445,0.06097776273143829,0.00932313133351097,0.008001019863008683,7.046705528135788e-08,1.0,0.004966960628581452,0.0054333393731762275,0.00030041302426676186,0.7037037037037037,0.6944444444444444,0.008881169487616157,0.5099576780258829,0.47225552485202926,0.022327797816133685,1,1,1,1
04_external_impact_y12N_t0p25_p2l_v2:0074,04_external_impact_y12N_t0p25_p2l_v2,36.282999999999944,36.68299999999994,0.004417634862252551,0.01683127814989216,0.026778527922781986,0.01860848291497624,0.0,0.04910219613821395,0.1962025026158715,0.301267191483862,0.21695996404808357,0.0,0.030838599398273304,0.030838599398273304,0.031313524143982696,0.00027296434059013156,0.0,0.034186966585451,0.034186966585451,0.06359556973762104,0.015672877866462043,0.0,0.003419846613611823,0.011820141590447059,0.03270875613346308,0.015555831944394142,0.0,0.17999999999437244,0.3499999999337495,0.319169370411312,0.17558236513210898,0.3158130333483545,0.060360266526325396,0.009616535941487123,0.006202316157767965,8.651514211491679e-08,1.0,0.004687746820286294,0.005215326997771428,0.00028514710522972237,0.6990740740740741,0.6777777777777778,0.009842727604383936,0.5304221211022547,0.5126269105395919,0.013663036792550477,1,1,1,1
04_external_impact_y12N_t0p25_p2l_v2:0075,04_external_impact_y12N_t0p25_p2l_v2,36.48299999999995,36.882999999999946,0.0011865524901146878,0.019911327500636178,0.026778527922781986,0.020627573645405687,0.0,0.012340511306443517,0.22744440517810935,0.301267191483862,0.235198662739121,0.0,0.030821709039194733,0.030821709039194733,0.031197462884283322,0.0002263266793155882,0.0,0.028778795754806324,0.028778795754806324,0.037640623466995815,0.00795774041136508,0.0,-0.0020212087585002314,0.006076027795343432,0.016983432706550283,0.007898702230627103,0.0,0.17999999999455008,0.34999999993283853,0.3192046500317501,0.17881344750442443,0.32122120417808825,0.06242399617020913,0.00807299740276656,0.004592859256061444,7.897328615114514e-08,1.0,0.0047261481944596345,0.0049339645571308665,0.00022958531593662653,0.7111111111111111,0.6777777777777778,0.01756820922315764,0.5471023399847028,0.5177460203368593,0.017377283922772307,1,1,1,1
04_external_impact_y12N_t0p25_p2l_v2:0076,04_external_impact_y12N_t0p25_p2l_v2,36.68299999999995,37.08299999999995,-0.005276199728089195,0.021512375472287484,0.0325334102267556,0.021940237223814135,0.0,-0.060820632692209754,0.2509911476858346,0.40287023630180113,0.2591703723708348,0.0,0.030762073384227907,0.030762073384227907,0.031109966945575218,0.00019155408358480463,0.0,0.030826944139838924,0.030826944139838924,0.037640623466995815,0.007215185483069735,0.0,8.112356025750481e-06,0.006440350795384409,0.011988438363095266,0.007117053448455141,0.0,0.1799999999948021,0.3499999999322748,0.31921950276806255,0.18527619972287349,0.3191730557924056,0.060167267168561904,0.009045123436475363,0.00648204304845177,7.57468838299173e-08,1.0,0.0046799433926925085,0.0049339645571308665,0.00031379759106990915,0.737037037037037,0.7222222222222222,0.014581496062984863,0.5637070181810017,0.5346777203989818,0.01693339693231438,1,1,1,1
04_external_impact_y12N_t0p25_p2l_v2:0077,04_external_impact_y12N_t0p25_p2l_v2,36.882999999999946,37.282999999999944,0.008132949175891233,0.02747890104233079,0.04973708328057497,0.02928931598541436,0.0,0.09039317668988513,0.31802896705851885,0.5426554318177285,0.33828985530047606,0.0,0.02294441325445889,0.02302140712739582,0.031109966945575218,0.010681822919104047,0.0,0.02858320272564721,0.02858320272564721,0.03646620757480523,0.007959566401883356,0.0,0.0031090920087452623,0.007105238129777018,0.011988438363095266,0.006946499504239211,0.0,0.17999999999477767,0.34999999993792275,0.3266362562147864,0.17186705081901152,0.32141679721024113,0.050684919784873425,0.013990448514125042,0.010800387750752198,8.608729527743331e-08,1.0,0.004684160296045436,0.005119478435146333,0.00036951264216931464,0.7453703703703703,0.7388888888888889,0.010352166562499028,0.5725162276859144,0.5346777203989818,0.018286264330433837,1,1,1,1
04_external_impact_y12N_t0p25_p2l_v2:0078,04_external_impact_y12N_t0p25_p2l_v2,37.08299999999994,37.48299999999994,0.02087478959059434,0.02769165170585719,0.04973708328057497,0.02325997793165412,0.0,0.2362994498732323,0.3122182181941919,0.5426554318177285,0.2585262166836898,0.0,-0.022801670749835884,0.03804684395884878,0.48227229372618524,0.10837135586703531,0.05,-0.09423712597698397,0.12706084122610897,0.6632002738399183,0.2546821140120698,0.16666666666666666,-0.03355726317914502,0.04662586700804768,0.24054939056157812,0.0927511982239164,0.16666666666666666,0.1799999999939328,0.34999999992077985,0.32520000140307675,0.15912521040370908,0.3275704593294188,0.9131878329885357,0.8468029217642704,0.01688652219172513,6.563420204886079e-08,1.0,0.004792466253833076,0.005119478435146333,0.0002928385716258614,0.7509259259259259,0.7388888888888889,0.01449303318749862,0.6036566698105106,0.5694055242541424,0.03174685360141362,1,0,0,1
04_external_impact_y12N_t0p25_p2l_v2:0079,04_external_impact_y12N_t0p25_p2l_v2,37.282999999999944,37.68299999999994,0.009271194541237057,0.026902233154619287,0.04609671929990164,0.028469673150489185,0.0,0.11155869465046638,0.31244805397178,0.5228663557392477,0.3273998299661746,0.0,-0.030123264820584618,0.030648256015163113,0.48227229372618524,0.10577502395795609,0.05,-0.12577252106466066,0.13189870817119606,0.6632002738399183,0.24262999205639516,0.16666666666666666,-0.05524938276447904,0.06172534402129851,0.24054939056157812,0.08934365463172982,0.16666666666666666,0.17999999999290917,0.3499999999259723,0.33347326439956193,0.1707288054520466,0.3227325923904418,0.9137822886062186,0.8431086744517646,0.006963267764293273,6.156940813542187e-08,1.0,0.00459547204269527,0.005059224094738053,0.000305812788467594,0.7324074074074073,0.6222222222222222,0.05085854127725725,0.6217365447948501,0.5938004924314116,0.02334563114147801,1,0,0,1
04_external_impact_y12N_t0p25_p2l_v2:0080,04_external_impact_y12N_t0p25_p2l_v2,37.48299999999995,37.882999999999946,0.0019197118691328073,0.027373777251756794,0.04609671929990164,0.03139524992115911,0.0,0.030582012627593025,0.32899566066834934,0.5228663557392477,0.3757902979536372,0.0,0.0005376329659606549,0.0005376329659606549,0.0008208008625602004,0.00016321188035893608,0.0,-0.02409338868319248,0.02409338868319248,0.08789095285318621,0.02940095778499187,0.0,-0.024586855852652478,0.024586855852652478,0.08787024776689872,0.029172154094413025,0.0,0.17999999999254612,0.3499999999527713,0.3505861256124681,0.17808028812358426,0.3259066112686413,0.06208286217558345,0.011560273442976828,0.006996035755304088,7.667033683517636e-08,1.0,0.004339498883024905,0.004792373840228328,0.00028541354684290796,0.7268518518518517,0.6222222222222222,0.04740342865248223,0.6017595208307427,0.58318962412566,0.01865935341094904,1,1,1,1
04_external_impact_y12N_t0p25_p2l_v2:0081,04_external_impact_y12N_t0p25_p2l_v2,37.68299999999994,38.08299999999994,0.0005972521031066316,0.01532726844878527,0.041535339517915326,0.02153610919727235,0.0,0.01095656102176181,0.18362770200354464,0.5109850281929148,0.2628108065854218,0.0,0.0005625906319777912,0.0005625906319777912,0.0008208008625602004,0.00018522755548764153,0.0,-0.00013717705209970177,0.011676338281521445,0.024577033653150393,0.014609642253124498,0.0,-0.0007487653161423006,0.011633349790577804,0.025088875569937275,0.014565985922653903,0.0,0.17999999999263494,0.3499999999504939,0.35056510099860905,0.1794027478895052,0.34986282289878606,0.06175577169163608,0.0106629106677273,0.005460575830589544,8.182440474997713e-08,1.0,0.004602467254414428,0.005474562866243435,0.0005041727207328223,0.7564814814814814,0.7333333333333333,0.01130236631086457,0.5746151637003959,0.5449635541874586,0.02069957265348054,1,1,1,1
04_external_impact_y12N_t0p25_p2l_v2:0082,04_external_impact_y12N_t0p25_p2l_v2,37.88299999999994,38.28299999999994,-0.004985938492586737,0.025309764741457918,0.04818119101121526,0.030324688110573476,0.0,-0.05984790919967365,0.2932743196887477,0.5547227476092036,0.35406150464316577,0.0,0.0005442267102409859,0.0005442267102409859,0.0007881925825882208,0.00018348933517529353,0.0,0.0029006259378383764,0.0139761752496561,0.021838929706556376,0.015475086845720786,0.0,0.002301953392265886,0.013745043950312326,0.02249808644985596,0.015525688089759024,0.0,0.17999999999274596,0.34999999994892245,0.3505221409277883,0.18498593848531558,0.35290062588678367,0.06409889050804372,0.011300706891413602,0.005811777984854407,7.429078321622933e-08,1.0,0.004791100746083644,0.005474562866243435,0.00040375008931744957,0.7674603174603174,0.75,0.01308922420831003,0.5453090660028026,0.5284984013078909,0.01856622069243617,1,1,1,1
04_external_impact_y12N_t0p25_p2l_v2:0083,04_external_impact_y12N_t0p25_p2l_v2,38.08299999999994,38.48299999999994,-0.0018539983574409732,0.026236634529923857,0.04818119101121526,0.03086004559245476,0.0,-0.023981928946522464,0.3069022843525982,0.5547227476092036,0.3614124472451418,0.0,0.00046018317086107265,0.00046018317086107265,0.0007222426590894893,0.0001792626732652418,0.0,-0.0062982650986717304,0.013628939356197316,0.021838929706556376,0.014304984481720755,0.0,-0.006773177442388677,0.013717610414580092,0.02249808644985596,0.014348683928034706,0.0,0.17999999999281702,0.3499999999467362,0.3504614858593071,0.18185399835027133,0.34370173484819144,0.06394291239184598,0.009635273178568356,0.006458704793993058,7.496919194465024e-08,1.0,0.004611151821694607,0.005060638285404892,0.00033421821508835387,0.7658730158730158,0.7444444444444445,0.015552315827194775,0.528177940854006,0.5164185046722066,0.008994199906299781,1,1,1,1
04_external_impact_y12N_t0p25_p2l_v2:0084,04_external_impact_y12N_t0p25_p2l_v2,38.282999999999944,38.68299999999994,0.015734704588573938,0.02254184192009868,0.06429147572991871,0.025832083586712642,0.0,0.17931927979100423,0.2525641264024416,0.6927458031885881,0.2806121801832645,0.0,0.00042591923324434287,0.00042591923324434287,0.0007663856671104585,0.00017245418640497617,0.0,-0.0025023011090553235,0.01056398442193344,0.0219627007617762,0.013259734959525241,0.0,-0.002866218146822891,0.01050535404325915,0.0215714267926988,0.013222600118347146,0.0,0.1799999999929658,0.3499999999446069,0.35045473718835984,0.1642652954044174,0.34749769883542064,0.06294104579192669,0.008509365055794955,0.006676344519186868,9.453418802555374e-08,1.0,0.00478386613113613,0.005219275347386778,0.0003754941905013268,0.7592592592592592,0.7444444444444445,0.009442628728875534,0.5138199998173109,0.4969036867662299,0.008925294576057079,1,1,1,1
04_external_impact_y12N_t0p25_p2l_v2:0085,04_external_impact_y12N_t0p25_p2l_v2,38.48299999999994,38.88299999999994,0.021324719852397783,0.0300984716262111,0.06429147572991871,0.029158292438854726,0.0,0.2478741549384774,0.3458416832015904,0.6927458031885881,0.33253983053826214,0.0,0.0004717735995647704,0.0004717735995647704,0.0007663856671104585,0.00019092225138800205,0.0,0.0026874338688901065,0.016505870971165976,0.03416761952231967,0.021524886641460014,0.0,0.002220547919442909,0.016341766647326488,0.03391588015963276,0.021531285110745008,0.0,0.17999999999320337,0.3499999999433886,0.3504849397557075,0.1586752801408404,0.3526874338121002,0.06268340201555628,0.010307492070684902,0.008026662642510195,1.106089309558838e-07,1.0,0.004789428686589512,0.005252813935743566,0.0004493256100560783,0.7546296296296297,0.7444444444444445,0.005928818738363728,0.5069875137821168,0.4969036867662299,0.006343889114907424,1,1,1,1
04_external_impact_y12N_t0p25_p2l_v2:0086,04_external_impact_y12N_t0p25_p2l_v2,38.682999999999936,39.082999999999934,0.013251027555706901,0.018467091145251604,0.04795555900455034,0.01912892298034487,0.0,0.16091580244227563,0.22196428814447092,0.6045831757228545,0.23730231314677308,0.0,0.00047262271138252544,0.00047262271138252544,0.0007009703012869628,0.00017519252132388368,0.0,-0.003563968141093693,0.016270563584000187,0.03416761952231967,0.021126260081177222,0.0,-0.004056099913110299,0.016280464970317127,0.03391588015963276,0.02109009259281905,0.0,0.17999999999327554,0.3499999999415039,0.350458489947711,0.16674897243754794,0.3464360318002091,0.06368310779904825,0.010092173480515422,0.007945555794308709,1.03606978191401e-07,1.0,0.004571066808736353,0.005252813935743566,0.00036899271318323296,0.7537037037037037,0.7444444444444445,0.005237828008789222,0.4810791268393284,0.43291718283027864,0.028301547773658255,1,1,1,1
04_external_impact_y12N_t0p25_p2l_v2:0087,04_external_impact_y12N_t0p25_p2l_v2,38.88299999999994,39.28299999999994,-0.0020199459897948294,0.019783937339413634,0.061870128521543194,0.027879307107136014,0.0,-0.04269057206652079,0.2565440739965392,0.856532306037396,0.3753323271385389,0.0,0.012586450119807826,0.012586450119807826,0.24239440157153902,0.05272185920577253,0.05,0.02074340940209016,0.02949885855567039,0.13452098476993637,0.05178193527169214,0.16666666666666666,-0.002112467241228692,0.007053298438867446,0.02118217311339865,0.00953872808351566,0.0,0.17369999999727548,0.33774999994306537,0.35037062922821216,0.17046994599029885,0.34828507601486347,0.9075579605505777,0.88412774166465,0.007193878873442552,9.211487069711543e-08,1.0,0.004221273894563278,0.00465285353072,0.0004014275437586506,0.7611111111111111,0.75,0.011564811108145185,0.43016703712841603,0.3944377671442659,0.028962727227142108,1,1,1,1
04_external_impact_y12N_t0p25_p2l_v2:0088,04_external_impact_y12N_t0p25_p2l_v2,39.08299999999994,39.48299999999994,-0.016870975568629973,0.030621407729314484,0.061870128521543194,0.03297475603920266,0.0,-0.23871496544897072,0.4134516303117275,0.856532306037396,0.44600470891058064,0.0,0.02343694627304959,0.02350518529521551,0.24239440157153902,0.06959721943081794,0.1,0.050458875241164165,0.0516554136655245,0.1529648525947128,0.06628318575344046,0.3333333333333333,0.027834923987495996,0.029202819653080886,0.15296500857161247,0.056101237275214114,0.16666666666666666,0.08370000000340827,0.16274999998703382,0.19114878507904726,0.10306420449157172,0.20419708031143727,1.4572151432738207,1.3748912539023217,0.03199404278974399,9.427007802061038e-08,1.0,0.0037893376946030698,0.004211398674116649,0.00030727289975931434,0.7546296296296297,0.6888888888888889,0.03133134132534932,0.3982806880035054,0.3870812865867723,0.00966538642880419,1,1,1,1
05_wheel_block_left_f3N_tau0p08_t0p60_p2l_v2:0000,05_wheel_block_left_f3N_tau0p08_t0p60_p2l_v2,19.316,19.715999999999998,0.004035860575256664,0.01726343496448513,0.05229051964667089,0.026199404013066686,0.0,0.05772859878991918,0.22499487068431565,0.6946944572691576,0.34132811177189415,0.0,-6.431054269061399e-05,0.0001519232775746288,0.0003726985790350909,0.00016753109671866618,0.0,0.0004148943718235776,0.0072075699042877,0.01595931226868014,0.008613371960082593,0.0,0.0004871748636491426,0.007127015689619834,0.01612589339427955,0.008596638639487772,0.0,0.2499999999923122,0.0,0.0001708647824823145,0.2459641394170561,0.0072075699042877,0.015129721475592946,0.007318981696003489,0.005116347204523445,1.0830498118231271e-07,1.0,0.0037721067777923365,0.004083806620057688,0.00017961845909878884,0.6935185185185185,0.6888888888888889,0.004986263710309709,0.5002049439388176,0.4915496233256012,0.006480916822859201,1,1,1,1
05_wheel_block_left_f3N_tau0p08_t0p60_p2l_v2:0001,05_wheel_block_left_f3N_tau0p08_t0p60_p2l_v2,19.516,19.915999999999997,0.009938626321072253,0.01688873615576518,0.05229051964667089,0.022073124274931143,0.0,0.13380372512650243,0.2270583253792122,0.6946944572691576,0.29467383978467776,0.0,-1.2170845684141732e-05,0.00014147167072496063,0.00041165172110698946,0.00017772153602679038,0.0,0.0009734142206517122,0.005992830980012481,0.01595931226868014,0.007897787401200423,0.0,0.001044971909498609,0.0060576090133906135,0.01612589339427955,0.007965613176182659,0.0,0.24999999999231165,0.0,0.0001643479841390195,0.240061373671239,0.005992830980012481,0.012510471100045986,0.006411282707127675,0.003432599917849866,1.1149559183013928e-07,1.0,0.0036401289417605323,0.0038851162628638315,0.00017532630398529482,0.687962962962963,0.6722222222222223,0.0098427276043839,0.502646064689419,0.4967970637756524,0.005766677185778337,1,1,1,1
05_wheel_block_left_f3N_tau0p08_t0p60_p2l_v2:0002,05_wheel_block_left_f3N_tau0p08_t0p60_p2l_v2,19.715999999999998,20.115999999999996,0.005616960102065513,0.01785788924972156,0.032583032653953015,0.01858581844131934,0.0,0.07884644059405797,0.23885069736502118,0.4412502001305855,0.24877917996780385,0.0,-4.657182412560806e-06,0.0001487647016763941,0.0004874080821029228,0.0001931130242690206,0.0,5.894232499933566e-05,0.005145972171542394,0.00873897516984116,0.005605731552516621,0.0,0.0001326630005398107,0.00521880217541718,0.008721478348008738,0.005653074542678806,0.0,0.24999999999231165,0.0,0.00015784192996385677,0.2443830398902457,0.005145972171542394,0.013865017858317069,0.006912619979472734,0.003976020041111192,9.856340513914145e-08,1.0,0.003710015850457635,0.003992254172188175,0.0002174551565394484,0.6759259259259259,0.6666666666666666,0.006141897759917413,0.4949885739836548,0.4749225755097042,0.010606093134618303,1,1,1,1
05_wheel_block_left_f3N_tau0p08_t0p60_p2l_v2:0003,05_wheel_block_left_f3N_tau0p08_t0p60_p2l_v2,19.915999999999997,20.315999999999995,0.01038890806742653,0.03201154677589893,0.062104591511258356,0.03512157002036903,0.0,0.13968745119929823,0.4094375620534065,0.7859939843476471,0.44463910893611325,0.0,-1.7655520160233428e-05,0.00016989492528319633,0.0004874080821029228,0.00020858725655571373,0.0,0.001242462785788959,0.008115299428739309,0.011879534759009889,0.008366269356987213,0.0,0.0013043083982543998,0.008114127534615921,0.011707979061075824,0.008339124829396596,0.0,0.24999999999231245,0.0,0.00017171077469312345,0.23961109192488642,0.008115299428739309,0.0163344320011593,0.0073607887265734915,0.004995643027024594,1.0620366135758165e-07,1.0,0.003937509547175463,0.004190598249411888,0.000184196379683045,0.6712962962962963,0.6666666666666666,0.00498626371030976,0.4930672769468148,0.4749225755097042,0.009297021436043898,1,1,1,1
05_wheel_block_left_f3N_tau0p08_t0p60_p2l_v2:0004,05_wheel_block_left_f3N_tau0p08_t0p60_p2l_v2,20.115999999999996,20.515999999999995,0.01225687622895128,0.03060996086254407,0.062104591511258356,0.03399291356289399,0.0,0.16748761008300794,0.3957980590075431,0.7859939843476471,0.4320519264391666,0.0,1.5863555734555312e-05,0.00014947544773398402,0.00040515922472357665,0.0001918732166308041,0.0,0.0012518066973497934,0.006435899697403838,0.011879534759009889,0.007363991624156896,0.0,0.0012708398847950185,0.006349564104355459,0.011707979061075824,0.007290164509915116,0.0,0.24999999999231245,0.0,0.00014880029662421218,0.23774312376336168,0.006435899697403838,0.0148472353243715,0.006834642364411918,0.004606781148323791,1.0678604146702448e-07,1.0,0.0038342220010035184,0.004190598249411888,0.00030888960044415345,0.6675925925925926,0.6611111111111111,0.004986263710309746,0.49715151032843025,0.4882377059019688,0.004764368697374747,1,1,1,1
05_wheel_block_left_f3N_tau0p08_t0p60_p2l_v2:0005,05_wheel_block_left_f3N_tau0p08_t0p60_p2l_v2,20.315999999999995,20.715999999999994,0.012070960908236261,0.023177676327187955,0.043531273713796725,0.023293655119241984,0.0,0.15262446406223806,0.3008128272299644,0.5195476019003327,0.3017995231429743,0.0,7.2245086770277345e-06,0.00017103866102334886,0.00040515922472357665,0.00021805550956741922,0.0,0.003925690160040768,0.006244887900719987,0.014583158098683198,0.006774742015644212,0.0,0.003936021965198257,0.006190146367128707,0.014583721749049544,0.006746469225447408,0.0,0.24999999999231193,0.0,0.00014349288248076295,0.23792903908407567,0.006244887900719987,0.01342008658488379,0.006029596093203257,0.0034304386577991503,9.031507837751025e-08,1.0,0.003839892908772653,0.004437360987065588,0.00038546911402947916,0.6675925925925926,0.6611111111111111,0.004986263710309746,0.5060040155777287,0.4882377059019688,0.012391131687982237,1,1,1,1
05_wheel_block_left_f3N_tau0p08_t0p60_p2l_v2:0006,05_wheel_block_left_f3N_tau0p08_t0p60_p2l_v2,20.515999999999995,20.915999999999993,0.004059289729704864,0.018772367319639615,0.043531273713796725,0.022609283211748325,0.0,0.04162186094601906,0.23633299242961062,0.5195476019003327,0.28229020766483826,0.0,-2.613483822771197e-05,0.00016089033801898911,0.0003912154659187068,0.000202911259350545,0.0,0.004212975349896011,0.00768645668905519,0.014583158098683198,0.007836063325583453,0.0,0.004240087011340605,0.007618073615694693,0.014583721749049544,0.007777433900991231,0.0,0.24999999999231193,0.0,0.0001437313461987863,0.24594071026260708,0.00768645668905519,0.013823924956056775,0.006662940126217806,0.005602819515620823,8.41122044681168e-08,1.0,0.004021400491802917,0.004437360987065588,0.00025117657410066494,0.6685185185185185,0.6611111111111111,0.005237828008789269,0.5167868213026839,0.505935065763673,0.009049832135669653,1,1,1,1
05_wheel_block_left_f3N_tau0p08_t0p60_p2l_v2:0007,05_wheel_block_left_f3N_tau0p08_t0p60_p2l_v2,20.715999999999994,21.115999999999993,0.004993818325871984,0.011299728608344906,0.029380326022896114,0.013544108942191603,0.0,0.06749261065352014,0.14863601890001002,0.38530194983366783,0.1768553319290409,0.0,-1.0081637833814357e-05,0.00015408686473354722,0.00036034598410421336,0.00018370569258584747,0.0,0.0031481371184522073,0.006667831524633333,0.010858401812453003,0.0067842421506042055,0.0,0.00314999848096984,0.006622715260416123,0.01096222415852478,0.006748443569178766,0.0,0.24999999999231193,0.0,0.00014888738210425237,0.24500618166643995,0.006667831524633333,0.01655755769839005,0.0074244339558992125,0.004665580732642548,7.682032528306111e-08,1.0,0.0037726250697032887,0.004100176032169675,0.0002687007514751762,0.6629629629629629,0.65,0.006928995160692485,0.5146885906090646,0.507673782189087,0.0068220099120664,1,1,1,1
05_wheel_block_left_f3N_tau0p08_t0p60_p2l_v2:0008,05_wheel_block_left_f3N_tau0p08_t0p60_p2l_v2,20.915999999999993,21.315999999999992,0.025823314183579627,0.028966566543412276,0.07262865552796405,0.0282162490353364,0.0,0.32947413042840806,0.37176052265402776,0.9208968296554905,0.3566761152506762,0.0,2.6974290021978387e-06,0.00020619660010971012,0.0003891158330389583,0.00022689715754824945,0.0,0.007893133338632029,0.009663074256201954,0.020907874185048952,0.008462586818500466,0.0,0.007950760222605146,0.00964570754633892,0.02084733886699276,0.008427915326004407,0.0,0.24999999999231193,0.0,0.0001644822508331273,0.2241766858087323,0.009663074256201954,0.01637583851480728,0.00726479979309646,0.006141793938081888,7.602321514643379e-08,1.0,0.0037375481387123166,0.004117968585527598,0.0002768509901120302,0.6629629629629629,0.65,0.006928995160692485,0.5049676525756751,0.4919060362055887,0.007620008237117619,1,1,1,1
05_wheel_block_left_f3N_tau0p08_t0p60_p2l_v2:0009,05_wheel_block_left_f3N_tau0p08_t0p60_p2l_v2,21.115999999999993,21.51599999999999,0.021307046977719516,0.031468141529556466,0.07262865552796405,0.03326562661607837,0.0,0.2679589281449943,0.3982305868703941,0.9208968296554905,0.42078987904325,0.0,2.3982091574847814e-05,0.00018373005983316786,0.0003891158330389583,0.00020446938227699886,0.0,0.0042151354475676635,0.007656845517393697,0.020907874185048952,0.009833710229082769,0.0,0.004190137441947093,0.00760676722414105,0.02084733886699276,0.00987400913897409,0.0,0.24999999999231193,0.0,0.00014305334615662574,0.2286929530145924,0.007656845517393697,0.013307983569518667,0.006651680644601582,0.004039414022731699,7.322517362368594e-08,1.0,0.003944288055598007,0.004117968585527598,0.00019137181026400703,0.6611111111111111,0.6555555555555556,0.006415002990995851,0.49519220909579226,0.48561466997056285,0.0067705902854015105,1,1,1,1
05_wheel_block_left_f3N_tau0p08_t0p60_p2l_v2:0010,05_wheel_block_left_f3N_tau0p08_t0p60_p2l_v2,21.315999999999992,21.71599999999999,-0.002074395605946938,0.016800455409518914,0.03280147120181992,0.019786991686056164,0.0,-0.025245241226265445,0.21411004769870431,0.41373214804289205,0.25146705823350646,0.0,-5.505834572428668e-05,0.00016150952875519957,0.00038698758174737465,0.00018067764439739075,0.0,-0.0013919941635024424,0.0028429730351464616,0.00843879563871958,0.003619832968484774,0.0,-0.0013900653682215535,0.0028927308133741077,0.008683417508842991,0.0037343643765774277,0.0,0.24999999999231193,0.0,0.00015060782444594357,0.25207439559825884,0.0028429730351464616,0.0139862861067677,0.0064296892247158255,0.004293135149023691,4.791095897325442e-08,1.0,0.0039828923809677496,0.004264471111872287,0.00017709569809902035,0.6531746031746032,0.6444444444444445,0.0050194883494736,0.5065429962957112,0.48561466997056285,0.01714184661110856,1,1,1,1
05_wheel_block_left_f3N_tau0p08_t0p60_p2l_v2:0011,05_wheel_block_left_f3N_tau0p08_t0p60_p2l_v2,21.51599999999999,21.91599999999999,-0.007080640784290766,0.01929943155905473,0.03150766011573908,0.02026313835857046,0.0,-0.08694414927765773,0.24525419196549025,0.3823223888212143,0.2569829622388709,0.0,-0.00013973800029293683,0.0001653885957238462,0.00038698758174737465,0.00013883926940680232,0.0,-0.0009607407417830914,0.003669664059002352,0.009822827246197466,0.0045297176078468145,0.0,-0.000899236039261133,0.0037240981486448914,0.00987530053092926,0.004586063495470643,0.0,0.24999999999231193,0.0,0.0001624534703925218,0.2570806407766027,0.003669664059002352,0.01447442866724527,0.007040555736087837,0.006466414099189743,7.246242651698575e-08,1.0,0.004012282763743714,0.004323685944831403,0.00019686957726191938,0.6492063492063492,0.6444444444444445,0.00549857399228213,0.519311287486496,0.49830814361293607,0.01073524567119016,1,1,1,1
05_wheel_block_left_f3N_tau0p08_t0p60_p2l_v2:0012,05_wheel_block_left_f3N_tau0p08_t0p60_p2l_v2,21.71599999999999,22.11599999999999,-0.01085338973869778,0.025034862304865846,0.055631854124627234,0.027775544088445354,0.0,-0.13828785094507412,0.3195997427829712,0.7231610254058162,0.35606555700787096,0.0,-0.0001139826948708902,0.00020114105230939852,0.0005719294653722357,0.00021929292948078414,0.0,-0.0025752875605682237,0.005545297214979996,0.009822827246197466,0.005844789774291899,0.0,-0.0026056884250278815,0.005518190722670278,0.00987530053092926,0.005770707592465445,0.0,0.24999999999231193,0.0,0.0001751144564527315,0.26085338973100974,0.005545297214979996,0.013079208170177038,0.006203137328943269,0.004942156392600596,8.928444807331742e-08,1.0,0.003964043034796896,0.004323685944831403,0.00017440708831210927,0.6518518518518519,0.6444444444444445,0.009972527420619454,0.5291915193628073,0.5140148947765607,0.014489099044348358,1,1,1,1
05_wheel_block_left_f3N_tau0p08_t0p60_p2l_v2:0013,05_wheel_block_left_f3N_tau0p08_t0p60_p2l_v2,21.91599999999999,22.31599999999999,-0.00125521528250092,0.021983112619415515,0.055631854124627234,0.030615033587089672,0.0,-0.018280014260476856,0.28444277638637777,0.7231610254058162,0.3962175847186308,0.0,-5.5356522112319596e-05,0.0002164321363957542,0.0005719294653722357,0.00025433761372744754,0.0,0.0016283577787156768,0.006474666805531407,0.010338559135821985,0.007178653061777779,0.0,0.001574861378970739,0.006406973683025812,0.010228427824991023,0.0070812147396712675,0.0,0.24999999999231193,0.0,0.0001666764162635064,0.25125521527481287,0.006474666805531407,0.013977843546953925,0.00628704817776098,0.005010768900511567,6.871124829323156e-08,1.0,0.003847790223037545,0.004007844521209781,9.710762014653206e-05,0.6657407407407409,0.6444444444444445,0.011748682907823639,0.5415671786517399,0.5140148947765607,0.014784064262268972,1,1,1,1
05_wheel_block_left_f3N_tau0p08_t0p60_p2l_v2:0014,05_wheel_block_left_f3N_tau0p08_t0p60_p2l_v2,22.11599999999999,22.515999999999988,0.012097022477318156,0.020154800367764694,0.04842081309062904,0.025719567066818955,0.0,0.1433097079394452,0.24682585867534748,0.6036599681478234,0.31410987735480644,0.0,-1.325562236431152e-05,0.00015865356748898858,0.00035042184824677155,0.00019315077960738484,0.0,0.005141369133590133,0.0064727405697626444,0.012697154643788261,0.006016227106961875,0.0,0.005058146579201418,0.006380625663932121,0.012600262539392894,0.005982595522645932,0.0,0.24999999999231193,0.0,0.00014414911029330454,0.23790297751499379,0.0064727405697626444,0.015501390344367108,0.006606345280514825,0.0046913799271343995,7.066367884091123e-08,1.0,0.004062378264800752,0.004804307521833826,0.00036154608599307624,0.6712962962962963,0.65,0.011748682907823629,0.5470124634625636,0.5323464047431179,0.009386957926763976,1,1,1,1
05_wheel_block_left_f3N_tau0p08_t0p60_p2l_v2:0015,05_wheel_block_left_f3N_tau0p08_t0p60_p2l_v2,22.31599999999999,22.715999999999987,0.010193799116887128,0.019265369347054414,0.04842081309062904,0.02303407562349851,0.0,0.12079044798949519,0.23718063143361734,0.5483015553421299,0.2772472318680518,0.0,-3.7692116975228926e-05,0.00014750383725884694,0.0003704800655124869,0.00017661387837699134,0.0,0.0024367580124567286,0.005127423313908849,0.012697154643788261,0.0061793500506149,0.0,0.0024573962530090275,0.0050534079829046286,0.012600262539392894,0.006104162003901774,0.0,0.24999999999231193,0.0,0.00015587832248744785,0.23980620087542479,0.005127423313908849,0.014128814563753358,0.006365152080298852,0.004773296766687799,7.804189435450816e-08,1.0,0.00401936276064841,0.004804307521833826,0.00040449886771747035,0.6657407407407406,0.65,0.012178654109227681,0.5493593164644172,0.537314318615321,0.007977660534753623,1,1,1,1
05_wheel_block_left_f3N_tau0p08_t0p60_p2l_v2:0016,05_wheel_block_left_f3N_tau0p08_t0p60_p2l_v2,22.515999999999988,22.915999999999986,0.010638268067551776,0.023622315920839344,0.06430136714922119,0.029218055970927057,0.0,0.13934727063144745,0.31337223339422443,0.8509920055042328,0.38685525325681763,0.0,-1.4286468001439699e-05,0.00016097812613159902,0.0003704800655124869,0.00018369513052408126,0.0,0.00213062513111314,0.006389179209383199,0.016363836395352764,0.007878927614544657,0.0,0.0021883468332799952,0.006350864857762022,0.016320827767772227,0.007814695361463113,0.0,0.24999999999231193,0.0,0.0001735727971931995,0.23936173192476018,0.006389179209383199,0.01270027159501366,0.00620653150223254,0.004316536616057154,6.866250577655817e-08,1.0,0.0036548171817489335,0.0038308788978122913,0.00015895726812727731,0.6583333333333333,0.6388888888888888,0.009487917375888522,0.5465055635239172,0.5325402732492172,0.008704654132958333,1,1,1,1
05_wheel_block_left_f3N_tau0p08_t0p60_p2l_v2:0017,05_wheel_block_left_f3N_tau0p08_t0p60_p2l_v2,22.715999999999987,23.115999999999985,0.003905700242793029,0.024591393266146466,0.06430136714922119,0.031738196966711416,0.0,0.05511022339749049,0.3218875185464955,0.8509920055042328,0.41502610525419237,0.0,5.389001154141528e-05,0.00015459572333221042,0.00046129373728985747,0.00018157999559054424,0.0,0.0018149243234293656,0.00644997797019472,0.016363836395352764,0.007975316689079782,0.0,0.001727510268483136,0.00647372276233536,0.016320827767772227,0.007954824501087865,0.0,0.2804999999882396,0.0,0.00018121944740918778,0.2801776330811699,0.00644997797019472,0.9293949397725629,0.9049613102988795,0.004956569345288911,7.51079938958689e-08,1.0,0.003810959528641343,0.004260899095464768,0.00030607669989692055,0.6416666666666666,0.5777777777777777,0.02952818281315182,0.545763121745012,0.5325402732492172,0.008211213052528967,1,1,1,1
05_wheel_block_left_f3N_tau0p08_t0p60_p2l_v2:0018,05_wheel_block_left_f3N_tau0p08_t0p60_p2l_v2,22.915999999999986,23.315999999999985,-0.002185413708574243,0.017168476030498463,0.035518341328009906,0.020812250779829854,0.0,-0.022513462767424514,0.22618648183269296,0.4402911686527356,0.2727739097401088,0.0,2.2967648259289828e-05,0.00017475836321542747,0.00046129373728985747,0.0002251632721191574,0.0,0.0003436689399206479,0.003376693416977496,0.008430870485519491,0.0041460036199854585,0.0,0.00020021679572090485,0.003358080273973128,0.00828287132468326,0.004095091832303817,0.0,0.3304999999872349,0.0,0.00018166243584143198,0.3362687470315324,0.003376693416977496,0.9293838671690374,0.9051001956325005,0.0036830430430744095,9.161528051484846e-08,1.0,0.003843424049509423,0.004260899095464768,0.00032611672097265267,0.6296296296296297,0.5777777777777777,0.030541523152723432,0.5544455425071528,0.5426903405792093,0.007014805609690794,1,1,1,1
05_wheel_block_left_f3N_tau0p08_t0p60_p2l_v2:0019,05_wheel_block_left_f3N_tau0p08_t0p60_p2l_v2,23.115999999999985,23.515999999999984,-0.0016099407616792332,0.014948552346962352,0.027132151436716545,0.017891621990421002,0.0,-0.025635000433426994,0.20167504921870502,0.37612148380877924,0.24432220037614685,0.0,-3.0167444660759246e-06,0.00016226293940879217,0.00040786851399736857,0.00021154315867454314,0.0,8.473117480327783e-06,0.0018083764084301116,0.0027302165851749395,0.0019385572858513693,0.0,-4.134295225000937e-05,0.001713827824214504,0.002392019884398838,0.0018602660694514077,0.0,0.3499999999903025,0.0,0.00015299055847434474,0.35160994075198176,0.0018083764084301116,0.013157084486636828,0.006903787947843163,0.004143670978853739,7.94516322289847e-08,1.0,0.0038096384765220425,0.004564478431955542,0.000407060189754725,0.6277777777777778,0.5944444444444444,0.02268046058132573,0.5624663373150434,0.5523543188084586,0.008686200899702417,1,1,1,1
05_wheel_block_left_f3N_tau0p08_t0p60_p2l_v2:0020,05_wheel_block_left_f3N_tau0p08_t0p60_p2l_v2,23.315999999999985,23.715999999999983,0.011059102194618337,0.02010315267352385,0.038539659002087,0.020191334182745303,0.0,0.12588235266305356,0.25125618059931326,0.4391012970978351,0.2562384297077082,0.0,-2.6381407385524122e-05,0.00012425612517579404,0.00039975396355638017,0.0001612229301933035,0.0,0.0016909487072973267,0.002979487543511857,0.006572273804909057,0.003193353354576034,0.0,0.0017312253305086735,0.002907455696278737,0.006569820365270328,0.0031460464351990916,0.0,0.3499999999903025,0.0,0.00013080787928263432,0.3389408977956842,0.002979487543511857,0.013578854466362353,0.007212333049534871,0.00443523796470251,8.252515756203587e-08,1.0,0.004101418645323244,0.004760914573664985,0.00044460088721528173,0.6416666666666666,0.5944444444444444,0.022849930887505674,0.558105258599664,0.5403467609535556,0.013151237937294525,1,1,1,1
05_wheel_block_left_f3N_tau0p08_t0p60_p2l_v2:0021,05_wheel_block_left_f3N_tau0p08_t0p60_p2l_v2,23.515999999999984,23.915999999999983,0.01723524200125734,0.021070031338065592,0.038539659002087,0.01828802667156876,0.0,0.2099510651155193,0.26040738145958725,0.47676204942597317,0.22415973318530524,0.0,-4.984998573498434e-05,0.00010881528126994266,0.0003944095801635975,0.0001398832845728987,0.0,0.0031747161215908916,0.005381263783320256,0.013080813263324107,0.005795098137518164,0.0,0.0031742740550364857,0.005363440239563143,0.013068292484118962,0.0057938832845837425,0.0,0.3499999999903025,0.0,0.00012135611342645389,0.3327647579890452,0.005381263783320256,0.012221984263479535,0.0056649545949084695,0.004556373321247713,7.113501703559078e-08,1.0,0.003987654732467317,0.004760914573664985,0.0004808273478976259,0.6601851851851852,0.6444444444444445,0.010837685102518174,0.5439607030882869,0.5344507274174226,0.010165272029501085,1,1,1,1
05_wheel_block_left_f3N_tau0p08_t0p60_p2l_v2:0022,05_wheel_block_left_f3N_tau0p08_t0p60_p2l_v2,23.715999999999983,24.115999999999982,0.00036302009247493605,0.02095046018851494,0.03768561658121622,0.024451467514241144,0.0,-0.0030043092340810615,0.27891186124592343,0.47676204942597317,0.3256711761252832,0.0,-1.0645021760194016e-05,0.00011391552755431631,0.00036589945302703325,0.0001532017639706997,0.0,0.0009126313272961225,0.0044323242551353595,0.013080813263324107,0.0058953963566435764,0.0,0.0009563464996723295,0.004444572796512949,0.013068292484118962,0.0058902088321645925,0.0,0.3499999999903025,0.0,0.0001242220176664424,0.3496369798978276,0.0044323242551353595,0.012236231109351996,0.005200874629928953,0.003174294911474475,7.280410692936292e-08,1.0,0.0036221323865120573,0.0040434506875131355,0.0003925555123371876,0.6425925925925926,0.6,0.029687443596076692,0.5377644663480386,0.52654830569663,0.006479200749688948,1,1,1,1
05_wheel_block_left_f3N_tau0p08_t0p60_p2l_v2:0023,05_wheel_block_left_f3N_tau0p08_t0p60_p2l_v2,23.915999999999983,24.31599999999998,0.004130265148790668,0.022121427137856142,0.033578863042702634,0.02376090577605466,0.0,0.04885460677093176,0.2952220829887496,0.4748768352405876,0.3206793113490044,0.0,1.3104938565783761e-05,0.00013054775413168032,0.00036589945302703325,0.0001722396521525313,0.0,0.0011618532441450636,0.00326086509880163,0.0047540854951372,0.0032166480286539706,0.0,0.0012133445278424378,0.003234100593179079,0.0047664807918821285,0.0031457188326650307,0.0,0.3499999999903025,0.0,0.00012585858865830495,0.34586973484151184,0.00326086509880163,0.013528420843043619,0.005365061005918095,0.0033947362248828317,8.413280226370464e-08,1.0,0.0037760585050160486,0.004379004363782215,0.00037931689820746054,0.6462962962962963,0.6,0.031207962122875414,0.5326426382845211,0.5197632506905439,0.009396418389603832,1,1,1,1
05_wheel_block_left_f3N_tau0p08_t0p60_p2l_v2:0024,05_wheel_block_left_f3N_tau0p08_t0p60_p2l_v2,24.115999999999982,24.51599999999998,0.017221411882384085,0.024102356295446815,0.0441158822488959,0.020802156238001822,0.0,0.22850107782240014,0.31667177922550566,0.6056892665958027,0.27624067449560136,0.0,-9.208266212484944e-06,0.00013732823887331586,0.0003592871008562563,0.00018461532920384515,0.0,0.0034137575837473277,0.0034137575837473277,0.00582032310651714,0.0017927825175495778,0.0,0.0034341698139733682,0.0034341698139733682,0.005629764177016966,0.0016885353119010871,0.0,0.3499999999903025,0.0,0.00013294028208136015,0.33277858810791844,0.0034137575837473277,0.013647990913381288,0.0054037435694376116,0.003207515546463437,8.421785479475956e-08,1.0,0.003911914715019084,0.004379004363782215,0.00025980047138051,0.6648148148148149,0.6111111111111112,0.02579331162441502,0.5323464317566717,0.5197632506905439,0.008859098199786641,1,1,1,1
05_wheel_block_left_f3N_tau0p08_t0p60_p2l_v2:0025,05_wheel_block_left_f3N_tau0p08_t0p60_p2l_v2,24.31599999999998,24.71599999999998,0.007503306474912495,0.023764826500344238,0.0441158822488959,0.024740516967715086,0.0,0.09711445741864196,0.31984205596319276,0.6056892665958027,0.334912855937256,0.0,-3.606517764815888e-05,0.00015955457337287951,0.00040706731214298073,0.00019800230053911822,0.0,0.0015047568469555676,0.0021018867082334466,0.00582032310651714,0.002400501386724861,0.0,0.0015689609763731248,0.0021807230764169833,0.005629764177016966,0.00239169326846685,0.0,0.3499999999903025,0.0,0.00016679166729418829,0.34249669351538997,0.0021018867082334466,0.013394896257216777,0.005999172920421291,0.004003701843886414,8.390864402606898e-08,1.0,0.0035616971521778523,0.003992425836907941,0.0003478279137702246,0.6583333333333333,0.6111111111111112,0.030890420958541238,0.5335361950880401,0.5179943786180199,0.010201355411416233,1,1,1,1
05_wheel_block_left_f3N_tau0p08_t0p60_p2l_v2:0026,05_wheel_block_left_f3N_tau0p08_t0p60_p2l_v2,24.51599999999998,24.91599999999998,0.012092644862823567,0.0227117317050263,0.05445760835379232,0.024787124340164182,0.0,0.14677516100978483,0.2962396802331115,0.6659776500007047,0.31850821980755456,0.0,-1.58283164243666e-05,0.00016424306835207655,0.00040706731214298073,0.0002024281120569758,0.0,0.0020165601228766075,0.0026136899841544864,0.006362802968388072,0.0026213253730751843,0.0,0.0020740328430974065,0.002685794943141265,0.006582923976215276,0.002690928775729787,0.0,0.3499999999903025,0.0,0.00016497275747729776,0.33790735512747894,0.0026136899841544864,0.013201776750288307,0.0060329546256441885,0.004731747090786807,8.585216271232996e-08,1.0,0.003667821473160103,0.0042704010284361745,0.0004341769953944089,0.6703703703703705,0.6222222222222222,0.022604732621729084,0.513520891211145,0.48370257990145205,0.018627560792640906,1,1,1,1
05_wheel_block_left_f3N_tau0p08_t0p60_p2l_v2:0027,05_wheel_block_left_f3N_tau0p08_t0p60_p2l_v2,24.71599999999998,25.11599999999998,0.0010395628318809053,0.030588138697810626,0.08864572759778916,0.043815481176406094,0.16666666666666666,0.006794221047975867,0.3885529692526319,1.145276244613968,0.5590470361231982,0.0,0.012122797021572124,0.01221869893745264,0.1726371408234461,0.03746184566818665,0.05,0.03822161837037242,0.03836416881349974,0.16464959798902357,0.05948371296119594,0.16666666666666666,0.01174536274803184,0.012030817051039353,0.03587687712816179,0.013315341345568681,0.0,0.31749999999424405,0.05499999997916359,0.04569515666518036,0.3110437704991384,0.029926086247296518,1.1012312448477983,1.0599411403019081,0.0058718655693772905,9.831472449379772e-08,1.0,0.00404280130701408,0.004464058572969467,0.00026171988422184504,0.6694444444444443,0.6277777777777778,0.02145672264121569,0.5003216614350959,0.48370257990145205,0.00758551166906319,1,1,1,1
05_wheel_block_left_f3N_tau0p08_t0p60_p2l_v2:0028,05_wheel_block_left_f3N_tau0p08_t0p60_p2l_v2,24.91599999999998,25.315999999999978,-0.015560224412025597,0.03509312614468337,0.08864572759778916,0.0433500998403813,0.16666666666666666,-0.20328541789428198,0.4319822762825267,1.145276244613968,0.5368189665347601,0.0,0.0184047714965343,0.01844701447344003,0.1726371408234461,0.036250651302834724,0.05,0.047295896960177185,0.047438447403304496,0.16464959798902357,0.05532243917912203,0.16666666666666666,0.015201474538620946,0.018596162225419658,0.03587687712816179,0.015499653098877238,0.0,0.25249999999484185,0.16499999994960649,0.14953805977938475,0.2626435577434025,0.12687076965502747,1.1025870697618965,1.0541175561153497,0.012395587157542132,9.455239175274071e-08,1.0,0.0041823970923315565,0.004655342369463662,0.0004174892801666364,0.6185185185185186,0.5722222222222222,0.040656478518703985,0.511516891419486,0.5014111876102854,0.009507738809898154,1,1,1,1
05_wheel_block_left_f3N_tau0p08_t0p60_p2l_v2:0029,05_wheel_block_left_f3N_tau0p08_t0p60_p2l_v2,25.11599999999998,25.515999999999977,0.02481350052805115,0.045976542452553136,0.0980305783067405,0.05058229513299721,0.16666666666666666,0.3002059269424415,0.5544246682305638,1.159340014794936,0.6069580766939109,0.0,0.006229882435088331,0.0064437633972734675,0.01715857927435313,0.007984176900977916,0.0,0.01187710245529531,0.014166252875205962,0.03487873510713113,0.013673407645205533,0.0,0.006321854790532447,0.011655526010968831,0.024214204157347374,0.012066080834138964,0.0,0.2199999999815605,0.21999999995307537,0.21398590760018754,0.19518649945325972,0.2081228974987546,0.06597836665234268,0.03630301227627663,0.00708162959903421,7.783071327552766e-08,1.0,0.004271430540728489,0.004655342369463662,0.0003888314105637568,0.5768518518518518,0.55,0.012995989673720554,0.5250177325775566,0.508703537028737,0.012105321639988446,1,1,1,1
05_wheel_block_left_f3N_tau0p08_t0p60_p2l_v2:0030,05_wheel_block_left_f3N_tau0p08_t0p60_p2l_v2,25.315999999999978,25.715999999999976,0.03695308849615126,0.03842359668168162,0.0980305783067405,0.03675110781940765,0.16666666666666666,0.44408468450749505,0.4618637534106365,1.159340014794936,0.44418620185952273,0.0,-0.00026588108994475974,0.00035441472103090317,0.0007615283948036455,0.0003133616510114132,0.0,0.001613477784068303,0.005608339197839328,0.007171258237418959,0.005467035722282577,0.0,0.0018930181992055466,0.00563025387170495,0.006906350665868116,0.005377640204504149,0.0,0.21999999995979125,0.21999999997928804,0.22029341840925207,0.183046911463803,0.21838652219499677,0.0498692972299511,0.009057501207278293,0.006688845280180242,7.22192435604352e-08,1.0,0.004407665007327403,0.004746655728391334,0.00023203968649875492,0.575,0.55,0.016276292436339754,0.5266976118483645,0.4922128558683128,0.019687894709636583,1,1,1,1
05_wheel_block_left_f3N_tau0p08_t0p60_p2l_v2:0031,05_wheel_block_left_f3N_tau0p08_t0p60_p2l_v2,25.515999999999977,25.915999999999976,0.0009753001141302592,0.02676154287457312,0.06090331423016648,0.03266265085693886,0.0,0.005220263199363677,0.3249502026620941,0.7574866005064242,0.39816650032405726,0.0,0.00017261545637742016,0.001180523948119233,0.007823982978139715,0.002110735645700375,0.0,0.005412098776005926,0.009746862742839188,0.033020143243583905,0.013283341557754895,0.0,0.0053562561443277435,0.00919182159339603,0.02967960570857131,0.011879263839889109,0.0,0.21999999994767205,0.2199999999939885,0.21971274038803495,0.21902469983538678,0.21458790121568724,0.05688647447552221,0.013401185383706203,0.006135258929707271,9.427793803869803e-08,1.0,0.004326097996627646,0.004746655728391334,0.00026497166415582053,0.5703703703703703,0.5277777777777778,0.02657907424890243,0.5234750825229036,0.4922128558683128,0.017896924134916264,1,1,1,1
05_wheel_block_left_f3N_tau0p08_t0p60_p2l_v2:0032,05_wheel_block_left_f3N_tau0p08_t0p60_p2l_v2,25.715999999999976,26.115999999999975,0.0008155060771059217,0.03390280036035274,0.06090331423016648,0.03867320429885505,0.0,-0.002891207859146594,0.41040270759673164,0.7574866005064242,0.4650416578275983,0.0,-0.0030219862578929487,0.017931876593785492,0.1878362306936169,0.04346493390500379,0.05,-0.032205929464618484,0.04882045893609747,0.23519200628322917,0.0916244395721499,0.16666666666666666,-0.010810480697035768,0.021733430842132282,0.07225906619514469,0.03075503727234045,0.0,0.2199999999704394,0.21999999995164635,0.20565604312787206,0.21918449389513225,0.2118725961347989,0.7145818703962518,0.6710433269479599,0.015438908331194622,8.549274012160318e-08,1.0,0.004284470075934721,0.004831904834578186,0.00031225424857164497,0.5537037037037037,0.5277777777777778,0.024776089185666008,0.5307094892633392,0.5103272731494737,0.016418862095426888,1,1,1,1
05_wheel_block_left_f3N_tau0p08_t0p60_p2l_v2:0033,05_wheel_block_left_f3N_tau0p08_t0p60_p2l_v2,25.915999999999976,26.315999999999974,0.019525381279447033,0.03005864326015262,0.05808544845942745,0.02916143157650434,0.0,0.21726211358421077,0.35038485388931395,0.6551813109578547,0.3379152559966527,0.0,-0.004120505822291874,0.01776631202617987,0.1878362306936169,0.04339711549777068,0.05,-0.045998092146815515,0.05569275329851061,0.23519200628322917,0.08801838044244834,0.16666666666666666,-0.023436763689271247,0.028359543269116248,0.07225906619514469,0.02970856622572851,0.0,0.21999999999303466,0.2199999999266066,0.20560863223355072,0.20047461871373565,0.2073022851704972,0.714008780569715,0.6729859778104685,0.009225540583802375,8.367736460182084e-08,1.0,0.004433171670210601,0.004986291762991365,0.00038292044928284105,0.5574074074074074,0.5388888888888889,0.019685455208767876,0.5273919467683152,0.5106654746901224,0.01703433218133391,1,0,1,1
05_wheel_block_left_f3N_tau0p08_t0p60_p2l_v2:0034,05_wheel_block_left_f3N_tau0p08_t0p60_p2l_v2,26.115999999999975,26.515999999999973,0.02248953375004432,0.028880807442794875,0.08456935912933422,0.034489616405881614,0.16666666666666666,0.26831743096663446,0.3440666032595296,1.0356887543766298,0.4135436608626167,0.0,-0.0006721156415018317,0.0009017284639126252,0.010237681829048217,0.00242889617186773,0.0,-0.012241105519039877,0.01717214191321777,0.05821332321700454,0.022439495962268886,0.0,-0.011463989353582005,0.01638676893342701,0.052869247264154734,0.02061445747648701,0.0,0.21999999999253173,0.2199999999448085,0.21945783151833495,0.1975104662425152,0.2077588944256263,0.05068899933952087,0.011057867773401673,0.008698318354832264,8.829433737359873e-08,1.0,0.004307088529642316,0.004986291762991365,0.0003939474635940018,0.5546296296296296,0.5111111111111111,0.026723832758632996,0.4829233380851108,0.42838244523533564,0.03566467895247265,1,1,1,1
05_wheel_block_left_f3N_tau0p08_t0p60_p2l_v2:0035,05_wheel_block_left_f3N_tau0p08_t0p60_p2l_v2,26.315999999999974,26.715999999999973,0.028364669560705963,0.032935973747362506,0.08456935912933422,0.03500884663418545,0.16666666666666666,0.3440124457961054,0.39727212736421696,1.0356887543766298,0.42019515340118513,0.0,6.460238026489984e-05,0.00017153518472865225,0.00047001816301209254,0.00020308609417992032,0.0,-0.003408937037290153,0.004544397727802046,0.011406365464920493,0.004750527996287182,0.0,-0.0035086604297317283,0.004655401721242282,0.011568092019410586,0.004833043963153938,0.0,0.21999999999252395,0.2199999999443929,0.22004427868958354,0.1916353304318239,0.2165910629072242,0.04850132724959444,0.010084985890067684,0.006769886447633249,7.184497298944998e-08,1.0,0.004240955423348501,0.004604355928706325,0.00029675183421860033,0.5370370370370371,0.5055555555555555,0.02283116297395918,0.433280125741224,0.4101793408545611,0.01983109369037094,1,1,1,1
05_wheel_block_left_f3N_tau0p08_t0p60_p2l_v2:0036,05_wheel_block_left_f3N_tau0p08_t0p60_p2l_v2,26.515999999999973,26.915999999999972,0.019028637723474656,0.028774524646297983,0.06530543029577116,0.027795254554895246,0.0,0.22640324175884322,0.3486090745610517,0.7631816867476142,0.3317144605539092,0.0,1.945562485310137e-06,0.00017672160509232677,0.0005053149139553903,0.00021364626793011235,0.0,0.002817010771226716,0.00465060812164433,0.009315683847523376,0.004949748207432351,0.0,0.00284471441930848,0.004733181315706987,0.009426218019368549,0.005091323898326104,0.0,0.219999999992595,0.21999999994311756,0.21999880390663568,0.20097136226911447,0.2228170107145265,0.04609577597301344,0.007560789932753333,0.005545876635940125,7.13111057435256e-08,1.0,0.0042171730563723975,0.004583185098036813,0.00026245062848226125,0.5453703703703703,0.5055555555555555,0.023660985813297498,0.40815419812055415,0.3872283940164656,0.013014483325615406,1,1,1,1
05_wheel_block_left_f3N_tau0p08_t0p60_p2l_v2:0037,05_wheel_block_left_f3N_tau0p08_t0p60_p2l_v2,26.715999999999973,27.11599999999997,0.030653400219921353,0.040399287142744676,0.10827073166632514,0.041649322152122165,0.16666666666666666,0.36768658378985597,0.4898924165920644,1.3496545524126558,0.5183203901304756,0.0,-2.4880717364304805e-05,0.000166798787673135,0.0005053149139553903,0.00020670817515035445,0.0,-0.0011862843741795536,0.007518442576538706,0.012338576562105658,0.008284457225481053,0.0,-0.0011222618685486907,0.007553416312053603,0.012201663121473971,0.00835005595768539,0.0,0.21999999999270603,0.21999999994209268,0.2199638269887068,0.1893465997727721,0.2188137155679777,0.04905918784959807,0.009186808162900576,0.007703177479289235,6.491243836055286e-08,1.0,0.0044497621170969635,0.005326702008573192,0.0004846503581741945,0.5398148148148147,0.49444444444444446,0.02594245504837389,0.4036797506727647,0.3872283940164656,0.009136837864218629,1,1,1,1
05_wheel_block_left_f3N_tau0p08_t0p60_p2l_v2:0038,05_wheel_block_left_f3N_tau0p08_t0p60_p2l_v2,26.915999999999972,27.31599999999997,0.012101267152231069,0.04382935107551278,0.10827073166632514,0.05422993478520517,0.16666666666666666,0.14056255176543714,0.5324017299762434,1.3496545524126558,0.6698924135538853,0.0,0.01932428298018799,0.01945132461176972,0.19397963159269177,0.058006939411426824,0.1,0.02871011809219907,0.037781663160879914,0.1102467677299708,0.05070490624304904,0.16666666666666666,0.017230478785882537,0.026149432025237156,0.1103070227247145,0.04287881697781448,0.16666666666666666,0.12210000000489662,0.1220999999743364,0.13825427908343207,0.1230153995163095,0.1641936028488338,1.6542553657759071,1.5621532553395314,0.016441848743864212,9.330304301736895e-08,1.0,0.00454978720767328,0.005326702008573192,0.0004262317601020788,0.5685185185185184,0.49444444444444446,0.053543823314077636,0.40484792688800164,0.38872625253574467,0.01200665631284262,1,1,1,1
05_wheel_block_left_f3N_tau0p08_t0p60_p2l_v2:0039,05_wheel_block_left_f3N_tau0p08_t0p60_p2l_v2,27.11599999999997,27.51599999999997,-0.011588642701642594,0.025285271702523066,0.05312724204271948,0.029596836538030063,0.0,-0.14925662934961503,0.31359358807129933,0.6711673416236861,0.36315221152827776,0.0,0.019325968347890823,0.019465830726641587,0.19397963159269177,0.05800640093236587,0.1,0.03288148251429516,0.03458271113404567,0.1102467677299708,0.04770054503478626,0.16666666666666666,0.02139536637975802,0.022969548585655808,0.1103070227247145,0.04048962540923023,0.16666666666666666,0.012100000008505862,0.01210000000348361,0.02833971927227542,0.050401938374679545,0.0596993778018309,1.6539033674015757,1.567914501901503,0.005884540010336861,1.0476791953118218e-07,1.0,0.004145668148111502,0.004653180891933992,0.00040619628673589723,0.6324074074074074,0.5666666666666667,0.03230141396761558,0.3961123811644705,0.3868859546745793,0.012706573044718736,1,1,1,1
05_wheel_block_left_f3N_tau0p08_t0p60_p2l_v2:0040,05_wheel_block_left_f3N_tau0p08_t0p60_p2l_v2,27.31599999999997,27.71599999999997,0.007979441799862865,0.02122699992836145,0.03685866462232282,0.023223492902496916,0.0,0.0983068283400934,0.26676790856020527,0.4697927695487728,0.29037499738541717,0.0,1.3775052140620381e-05,0.00013259355883127037,0.00025061371614285645,0.0001454730175226767,0.0,0.00016782702369605454,0.0030695787590245324,0.006794980162376211,0.0036291982070431757,0.0,0.0002328028483578608,0.0029591041799205565,0.0066207086219528385,0.0035074100271020375,0.0,0.0,0.0,0.00014773519316879934,0.02122699992836145,0.0030695787590245324,0.01496729249388469,0.006660779101893048,0.0047777743968783395,6.9738343895073e-08,1.0,0.004003938050193998,0.004468837199740239,0.0003420566534356384,0.65,0.6444444444444445,0.00320750149549791,0.39005780695422493,0.3864637249979204,0.0027164731633340378,1,1,1,1
05_wheel_block_left_f3N_tau0p08_t0p60_p2l_v2:0041,05_wheel_block_left_f3N_tau0p08_t0p60_p2l_v2,27.51599999999997,27.91599999999997,0.004353481370390475,0.015124145166068984,0.036109872163497085,0.018554552695626655,0.0,0.06026824393010644,0.1936773431467692,0.4697927695487728,0.2358308420662776,0.0,-8.398398616702612e-06,0.00012762211377021504,0.0003004476788887433,0.0001472952274281007,0.0,-0.0014359599074423171,0.0037009532949010544,0.006794980162376211,0.0037903059118777884,0.0,-0.001329618792918274,0.0035365216669025535,0.0066207086219528385,0.003689676599924819,0.0,0.0,0.0,0.00017282416141707263,0.015124145166068984,0.0037009532949010544,0.014039138944607881,0.005772902983609519,0.004023666799941777,6.905364499451103e-08,1.0,0.003867584333518022,0.0043838117235065225,0.0002748578813373177,0.65,0.6444444444444445,0.00320750149549791,0.39008298418706056,0.3864637249979204,0.0017683151531941131,1,1,1,1
05_wheel_block_left_f3N_tau0p08_t0p60_p2l_v2:0042,05_wheel_block_left_f3N_tau0p08_t0p60_p2l_v2,27.71599999999997,28.115999999999968,0.0428631523523163,0.04553208850038017,0.2144018442664063,0.07763514430867045,0.16666666666666666,0.5490864453676852,0.5850455035743444,2.7204686136805685,0.9839935212057823,0.0,0.001024912632107161,0.0011118675283249984,0.01141057697638181,0.002724456186611837,0.0,0.00026990370685150294,0.004942078482810238,0.015543971256317662,0.006992933272662947,0.0,-0.0017973790847733422,0.002799959759611533,0.004748445731751559,0.0025788819573084867,0.0,0.13049999998588024,7.447034442101052e-12,0.0013216906701554124,0.06359387981449582,0.004942078488143104,2.0601377627522113,1.8949527176088827,0.005136739696458038,7.376902277686423e-08,1.0,0.003678652874452499,0.004020649004319986,0.00019559358088697777,0.649074074074074,0.6388888888888888,0.004986263710309746,0.39008688141394005,0.38445811461287815,0.003003115932769473,0,1,1,1
05_wheel_block_left_f3N_tau0p08_t0p60_p2l_v2:0043,05_wheel_block_left_f3N_tau0p08_t0p60_p2l_v2,27.91599999999997,28.315999999999967,0.03844050171700759,0.05378954939500905,0.2144018442664063,0.0767525262188406,0.14285714285714285,0.4870361258245195,0.6943282917391999,2.7204686136805685,0.9797693004410131,0.0,0.0011661955598988136,0.0011783781144280294,0.01141057697638181,0.002675013584176879,0.0,0.00017348774096361352,0.005767003443882674,0.015543971256317662,0.007527259922293558,0.0,-0.0018679569214844905,0.004125017332640516,0.010261256729843845,0.0046625573239541425,0.0,0.28049999998153385,1.7922985033435867e-11,0.001363955518625529,0.22083597115605072,0.005767003442467445,2.0601338366489825,1.8951749656326586,0.004419690211643323,7.236649710242532e-08,1.0,0.00378253743621896,0.004257940523042748,0.00026704860634063865,0.6325396825396824,0.6055555555555555,0.0152661778267233,0.3921259315568558,0.38445811461287815,0.003820047035915223,0,1,1,1
05_wheel_block_left_f3N_tau0p08_t0p60_p2l_v2:0044,05_wheel_block_left_f3N_tau0p08_t0p60_p2l_v2,28.115999999999968,28.515999999999966,0.01554439247873045,0.037723752307638324,0.09653411445189,0.04339852283062161,0.14285714285714285,0.19756609720576315,0.5014534639109794,1.3052857457674127,0.5855883523724876,0.0,0.00022471392817824585,0.0002700977434035021,0.0006781228858666629,0.00025601718158514,0.0,0.0006061526331238414,0.005328998250347341,0.009809957073803338,0.006163516898707557,0.0,0.00026056976922916874,0.005410455280198406,0.010261256729843845,0.006217632845242271,0.0,0.2999999999913072,2.095190118266963e-11,0.0002730130596418607,0.28445560751257676,0.005328998247354212,0.014030978668580418,0.006299553128982007,0.004754812723390595,7.579396482158642e-08,1.0,0.0037885357101118387,0.004269619643246757,0.0003377715292540594,0.6238095238095239,0.6055555555555555,0.012846360362094167,0.39574090256360905,0.3912815214453381,0.004909957723938174,1,1,1,1
05_wheel_block_left_f3N_tau0p08_t0p60_p2l_v2:0045,05_wheel_block_left_f3N_tau0p08_t0p60_p2l_v2,28.315999999999967,28.715999999999966,0.02726750418359158,0.04022974903917457,0.09653411445189,0.040603843156100806,0.16666666666666666,0.3574749490808697,0.5341836167975801,1.3052857457674127,0.5504864735841914,0.0,0.00027251136614190414,0.00030571262683794464,0.0008720059438758136,0.00025971047992323415,0.0,0.003194224928931303,0.004901777838896921,0.008860833531211736,0.005103251753117973,0.0,0.0028774643733251704,0.004811317224888489,0.00849483737639251,0.005076497445724631,0.0,0.2999999999913072,2.095190118266963e-11,0.00025665532542273265,0.27273249580771564,0.004901777845880888,0.01562225435177175,0.007447307669282087,0.00543893131429103,6.588552954459193e-08,1.0,0.003812208761424145,0.004269619643246757,0.00035245551182810323,0.6407407407407407,0.6111111111111112,0.017762338975232283,0.39906369594642194,0.3912815214453381,0.005242242301287172,1,1,1,1
05_wheel_block_left_f3N_tau0p08_t0p60_p2l_v2:0046,05_wheel_block_left_f3N_tau0p08_t0p60_p2l_v2,28.515999999999966,28.915999999999965,0.027336892814218385,0.032330440160410555,0.08491783950698781,0.03374099423798526,0.16666666666666666,0.35468700289548877,0.4187012696899073,1.0985168751853016,0.4405453025275146,0.0,0.00030906409833267345,0.00031676646605856697,0.0008720059438758136,0.0002323247270494784,0.0,0.0015973804757160332,0.003298950725490895,0.00833625974060707,0.004361950400701411,0.0,0.0012317657674904222,0.003432234072419713,0.008109726536175981,0.004407623780145198,0.0,0.2999999999913072,2.095190118266963e-11,0.00025494319369907825,0.2726631071770888,0.003298950732474862,0.015597999275422625,0.007103794396017186,0.005464001250785586,6.216574176149475e-08,1.0,0.004030267283302388,0.004521428330523106,0.00028772931474904293,0.6518518518518518,0.6388888888888888,0.007635380788180857,0.39362513692897205,0.37296472535929476,0.010338207787995872,1,1,1,1
05_wheel_block_left_f3N_tau0p08_t0p60_p2l_v2:0047,05_wheel_block_left_f3N_tau0p08_t0p60_p2l_v2,28.715999999999966,29.115999999999964,0.018404605696987777,0.030177718013443797,0.08491783950698781,0.03685029145210827,0.16666666666666666,0.24384354301993239,0.38927610855010264,1.0985168751853016,0.47243027959391554,0.0,0.00024596242451188556,0.00026167834050353867,0.0007808593385533123,0.00021637759805719442,0.0,0.0028392349896558615,0.00481793890768406,0.010192874800853962,0.005320881088719055,0.0,0.002448219288005504,0.004928560477274395,0.009893678618777229,0.005421492650655673,0.0,0.2999999999913072,2.095190118266963e-11,0.0002485267159591875,0.2815953942943194,0.004817938914668026,0.015214860569560456,0.0067722289244103815,0.004137916620174062,6.674317399399382e-08,1.0,0.003953116446378105,0.004521428330523106,0.0003926018722703502,0.648148148148148,0.6388888888888888,0.009442628728875531,0.3914016692484276,0.37296472535929476,0.010271974124640112,1,1,1,1
05_wheel_block_left_f3N_tau0p08_t0p60_p2l_v2:0048,05_wheel_block_left_f3N_tau0p08_t0p60_p2l_v2,28.915999999999965,29.315999999999963,0.009233002655923203,0.027359755731171175,0.03833973169196886,0.027133192678944592,0.0,0.12986263527630074,0.36031126904451644,0.5018776815658962,0.35176390736468566,0.0,0.00019633173526948503,0.0002300115189817726,0.0005248741872791912,0.00019745566190234294,0.0,0.0035313127747585824,0.005474016380230653,0.010192874800853962,0.005406082602064033,0.0,0.0032521260669309913,0.0054063199388463745,0.009893678618777229,0.005438599808438847,0.0,0.2999999999913072,2.095190118266963e-11,0.00022111558146373456,0.29076699733538397,0.0054740163872146206,0.014827501657318961,0.0068384251912412585,0.005213512897255912,7.012278049625659e-08,1.0,0.0037023115890090475,0.004201918825087235,0.000341461207681766,0.6499999999999999,0.6388888888888888,0.009622504486493771,0.3934170688987559,0.382024220651621,0.0074706094241311395,1,1,1,1
05_wheel_block_left_f3N_tau0p08_t0p60_p2l_v2:0049,05_wheel_block_left_f3N_tau0p08_t0p60_p2l_v2,29.115999999999964,29.515999999999963,0.013477912161444353,0.024956278381417632,0.057845419352034105,0.02706383986755392,0.0,0.173484093257402,0.32108680155539987,0.7127953834983339,0.34356863105451224,0.0,0.00018886707600516568,0.0002272363533231797,0.0006431620108686851,0.00023140699330345953,0.0,0.00210237834299447,0.004744067869040534,0.009091250838280142,0.005581270118981398,0.0,0.001970029312638144,0.004740399684635005,0.009042466131744238,0.005618168694672674,0.0,0.2999999999913072,2.095190118266963e-11,0.00021685762450947068,0.28652208782986294,0.0047440678760245015,0.01427003823695178,0.00607217788955491,0.004774619789754816,6.844151817579745e-08,1.0,0.003967496250777726,0.004475857756512349,0.0003809260780745638,0.6555555555555554,0.6388888888888888,0.00907218423253029,0.37948364117395267,0.362871647853455,0.012528329744619964,1,1,1,1
05_wheel_block_left_f3N_tau0p08_t0p60_p2l_v2:0050,05_wheel_block_left_f3N_tau0p08_t0p60_p2l_v2,29.315999999999963,29.715999999999962,0.010831802568475088,0.017539939525053214,0.057845419352034105,0.024238142521464612,0.0,0.13935323120163054,0.22328825299825517,0.7127953834983339,0.30379235917183145,0.0,0.0002159687569820242,0.00022988742706848902,0.0006431620108686851,0.0002249862661193994,0.0,0.000706476558669907,0.00529954580785924,0.009091250838280142,0.006060820049184771,0.0,0.0005310509011817498,0.005327837828976688,0.009042466131744238,0.0060752843158708,0.0,0.2999999999913072,2.095190118266963e-11,0.0002414156517651797,0.2891681974228321,0.0052995458078592406,0.013191883115952067,0.005733098521970818,0.004747853453941806,7.404146582920648e-08,1.0,0.003923943615727148,0.004475857756512349,0.0003739271629273699,0.6583333333333333,0.65,0.005319039487535193,0.36434455144593175,0.35874285578741705,0.004918328433221225,1,1,1,1
05_wheel_block_left_f3N_tau0p08_t0p60_p2l_v2:0051,05_wheel_block_left_f3N_tau0p08_t0p60_p2l_v2,29.515999999999963,29.91599999999996,0.011204429718803541,0.015752738899449514,0.034402868085844696,0.016523585523504476,0.0,0.15379539267195977,0.21707375958391173,0.46596591810479987,0.2267400509611679,0.0,0.0002561557505530055,0.0002719968537798056,0.0006887846311731719,0.00022541528877490766,0.0,0.0017626307251129257,0.004291441815726651,0.008745462723868946,0.004865605021691461,0.0,0.0014904442914035613,0.004234510734857145,0.00832978998214172,0.004778854413257339,0.0,0.2999999999913072,2.095190118266963e-11,0.00026912749228545006,0.28879557027250363,0.00429144181572665,0.01183476189867236,0.005082744995690811,0.004237528008822832,8.190258423637427e-08,1.0,0.0034438366091911793,0.003619653052046682,0.00018886136484230366,0.662037037037037,0.6555555555555556,0.005928818738363759,0.35198021614152114,0.33952712042498495,0.008747389901494514,1,1,1,1
05_wheel_block_left_f3N_tau0p08_t0p60_p2l_v2:0052,05_wheel_block_left_f3N_tau0p08_t0p60_p2l_v2,29.715999999999962,30.11599999999996,0.007515948737362249,0.029019089972873845,0.05561473065078726,0.0316831197031446,0.0,0.09571612245746895,0.39981646214631544,0.7865110635407001,0.4403810649560857,0.0,0.00023608077957645228,0.00028656360649551574,0.0006887846311731719,0.0002570374948901876,0.0,0.0022526394528733606,0.0033693615247069584,0.008745462723868946,0.003729094536025284,0.0,0.002024486547466114,0.0033174709893440363,0.00832978998214172,0.0037628163818869955,0.0,0.2999999999913072,2.095190118266963e-11,0.00025335981463678315,0.292484051253945,0.0033693615316909265,0.014602814397707777,0.006518289219999897,0.00391370018824506,7.497727701310508e-08,1.0,0.0033997103503904482,0.0036900534889393747,0.0002510011094808981,0.662037037037037,0.6388888888888888,0.01083768510251819,0.3515592456435814,0.33952712042498495,0.012159768141397994,1,1,1,1
05_wheel_block_left_f3N_tau0p08_t0p60_p2l_v2:0053,05_wheel_block_left_f3N_tau0p08_t0p60_p2l_v2,29.91599999999996,30.31599999999996,0.017058763933188836,0.03559700748345126,0.05561473065078726,0.03360683099601284,0.0,0.21047393459002198,0.4726442891035887,0.7865110635407001,0.45758363311653566,0.0,0.0002365042891612888,0.00028923054330832196,0.0005810076398149951,0.00022433805521830677,0.0,0.0017969585509725796,0.005167339318470133,0.009756029145036153,0.005786954698882025,0.0,0.0017031834695717507,0.005165948455766261,0.009876738535917088,0.005870874192063385,0.0,0.2999999999913072,2.095190118266963e-11,0.00021832451052067504,0.28294123605811833,0.0051673393254541,0.01602051678415527,0.00679246023006819,0.004491547035135806,7.361504604384775e-08,1.0,0.003712099048535454,0.004108068242042338,0.0003207077211128422,0.661111111111111,0.6388888888888888,0.013981174880131026,0.3637769461091503,0.34261714196303267,0.011159396595792037,1,1,1,1
05_wheel_block_left_f3N_tau0p08_t0p60_p2l_v2:0054,05_wheel_block_left_f3N_tau0p08_t0p60_p2l_v2,30.11599999999996,30.51599999999996,0.031875864554276455,0.031875864554276455,0.05224584570492674,0.01434747234288497,0.0,0.41062012411673826,0.41062012411673826,0.6701663671010629,0.17735389867322793,0.0,0.00018929318381209634,0.0002323606924099088,0.0005208167384215242,0.00019600011312593009,0.0,0.0032621816559237483,0.006048433651293955,0.009756029145036153,0.006070100360777364,0.0,0.0031218249806209846,0.005999926480819511,0.009876738535917088,0.006090541376575256,0.0,0.2999999999912184,2.049642507000289e-11,0.00022190906089524274,0.2681241354369419,0.006048433664806414,0.015354141085564417,0.006223139363722599,0.004678500144858407,6.349642680983958e-08,1.0,0.0038361475602070668,0.004108068242042338,0.00021959298409551957,0.6842592592592593,0.65,0.0220867785960677,0.3766039093674554,0.36019816664630433,0.01427089101788894,1,1,1,1
05_wheel_block_left_f3N_tau0p08_t0p60_p2l_v2:0055,05_wheel_block_left_f3N_tau0p08_t0p60_p2l_v2,30.31599999999996,30.71599999999996,0.018619857522063937,0.03920688972558651,0.06191675953302944,0.040007425585348345,0.0,0.24216950560827774,0.5238749398489774,0.8610963392956967,0.5429649908984588,0.0,0.00018399745493099832,0.00021019606128901965,0.0006085196387823899,0.00018338095666577047,0.0,0.001990069314740347,0.005599907172611798,0.010829513573614351,0.006420975383610427,0.0,0.0018297081212440534,0.005620894269051262,0.011151173724806304,0.0064808931818130236,0.0,0.2999999999911296,2.0040948957336158e-11,0.00025750845850846073,0.2813801424690657,0.0055999071859724305,0.016161633127858906,0.007705721170792216,0.004173886805470085,7.55262325224447e-08,1.0,0.0037243369958273264,0.0042409777184294764,0.00030678899821978445,0.7037037037037037,0.6777777777777778,0.014930106941293599,0.38975625916990797,0.36957624817321066,0.01365521876570097,1,1,1,1
05_wheel_block_left_f3N_tau0p08_t0p60_p2l_v2:0056,05_wheel_block_left_f3N_tau0p08_t0p60_p2l_v2,30.51599999999996,30.915999999999958,0.0008492368501880065,0.033124276812585264,0.06191675953302944,0.03997163738868165,0.0,0.007093625354009468,0.44913498151595693,0.8610963392956967,0.5476364407473054,0.0,0.00019506038950967646,0.00024163381638386697,0.0006085196387823899,0.0002114440345460223,0.0,-0.0009145386009854281,0.004875266239640968,0.010829513573614351,0.005975912311360543,0.0,-0.00095878182838979,0.004965894695351559,0.011151173724806304,0.006080955597131179,0.0,0.2999999999911296,2.0040948957336158e-11,0.00026559855198407013,0.29915076314094163,0.004875266239640967,0.01529558142472762,0.007791967793338017,0.00403363732697512,8.127722494075312e-08,1.0,0.003698222121282053,0.0042409777184294764,0.0002757912027051481,0.7101851851851851,0.6777777777777778,0.017978229480507018,0.4003141978287978,0.37823086886566076,0.011822124471703515,1,1,1,1
05_wheel_block_left_f3N_tau0p08_t0p60_p2l_v2:0057,05_wheel_block_left_f3N_tau0p08_t0p60_p2l_v2,30.71599999999996,31.115999999999957,-0.000620559798830402,0.02117884891608136,0.03691392930048443,0.025088020074505852,0.0,-0.016803346627917642,0.2864009409564074,0.48206223750715904,0.3396520662559938,0.0,0.00015532392357383998,0.00023215035099055295,0.0006132074730461305,0.00023986122025956695,0.0,-0.0006024793858364282,0.003990065415002963,0.0077663319593033785,0.004664178950268187,0.0,-0.0006642711368807473,0.0040227626256417555,0.007624425992625193,0.004676030984867645,0.0,0.2999999999911296,2.0040948957336158e-11,0.00025076718087378437,0.30062055978996,0.003990065408322647,0.013909713027950684,0.005838056528137402,0.0038534461134411167,7.205618438363078e-08,1.0,0.0036528444348261323,0.0038278491655679564,0.0001866225386349239,0.7212962962962962,0.6944444444444444,0.019088451970452138,0.405543530857331,0.3900257463038032,0.010403705501995058,1,1,1,1
05_wheel_block_left_f3N_tau0p08_t0p60_p2l_v2:0058,05_wheel_block_left_f3N_tau0p08_t0p60_p2l_v2,30.915999999999958,31.315999999999956,-0.0071161168687696634,0.021763876144151678,0.03691392930048443,0.023392525232840543,0.0,-0.09620625125532249,0.2877912042495477,0.48206223750715904,0.3108308448171163,0.0,0.0002208818519956384,0.0002630323501588279,0.0006132074730461305,0.00021076959077956156,0.0,-0.0013729531070807042,0.004129373420623659,0.0077663319593033785,0.004778044290850631,0.0,-0.0016023071251124142,0.00421799781355943,0.007934491931013704,0.004829414263411094,0.0,0.2999999999911296,2.0040948957336158e-11,0.0002683953405436173,0.30711611685989926,0.004129373413943341,0.014381843832891532,0.006011092146629417,0.004432582968292888,7.363763257831772e-08,1.0,0.003828237595096451,0.004388820853360668,0.000314041333685144,0.737037037037037,0.6944444444444444,0.02214492730203965,0.4162086508521224,0.3900257463038032,0.014347157716438986,1,1,1,1
05_wheel_block_left_f3N_tau0p08_t0p60_p2l_v2:0059,05_wheel_block_left_f3N_tau0p08_t0p60_p2l_v2,31.115999999999957,31.515999999999956,0.0011313454746702627,0.01989993753155453,0.04379315546583701,0.02408955751490324,0.0,0.015240416858468109,0.25636950670026104,0.5468745226109755,0.30805000187854964,0.0,0.0002552244900649415,0.0003008887371941472,0.0006243403356552264,0.00022477966623353298,0.0,0.0007234817544417857,0.003813230464061703,0.007504536871731664,0.004360484847267861,0.0,0.00043286137575222197,0.0037737511673741446,0.007934491931013704,0.00443816472118272,0.0,0.2999999999911296,2.0040948957336158e-11,0.0002802992247400559,0.29886865451645933,0.0038132304707420195,0.015222577523587816,0.006521626560320902,0.003942570232008136,8.308028538405222e-08,1.0,0.0038490141415534833,0.004388820853360668,0.00034039265663069623,0.762962962962963,0.7333333333333333,0.019685455208767876,0.42634249058516177,0.411545175708045,0.008731222845621311,1,1,1,1
05_wheel_block_left_f3N_tau0p08_t0p60_p2l_v2:0060,05_wheel_block_left_f3N_tau0p08_t0p60_p2l_v2,31.315999999999956,31.715999999999955,0.013758592791700988,0.018176308197402836,0.04379315546583701,0.01782691587212502,0.0,0.17785588513491427,0.2342537553822274,0.5468745226109755,0.22436073546838342,0.0,0.00020827828037630936,0.0002807455425116026,0.0006243403356552264,0.0002568093135966335,0.0,0.0025918764599545878,0.003662650598155721,0.00460430811536418,0.0027460229080769893,0.0,0.002452809397009577,0.003499373632819903,0.004629281071373276,0.0026461274230808766,0.0,0.2999999999911296,2.0040948957336158e-11,0.00028602683736917957,0.2862414071994286,0.0036626506115163535,0.013359027843676732,0.005957094214439836,0.003749419474590874,8.47145382670347e-08,1.0,0.0037759737441661703,0.004128374376860823,0.00028466798781423655,0.7657407407407407,0.7388888888888889,0.016485642421078556,0.4319905571788369,0.411545175708045,0.0185303922410673,1,1,1,1
05_wheel_block_left_f3N_tau0p08_t0p60_p2l_v2:0061,05_wheel_block_left_f3N_tau0p08_t0p60_p2l_v2,31.515999999999956,31.915999999999954,-0.01821409518995087,0.029117713172829903,0.12192449906913741,0.04781260635657996,0.16666666666666666,-0.24159168162773745,0.38209139858615,1.616870761979308,0.6325940743657928,0.0,0.028152546733148858,0.028191247245775614,0.3134157009592659,0.0719522439096451,0.1,0.0633102540384981,0.06737587888119526,0.3236185620906977,0.11883485882647764,0.16666666666666666,0.025820105614984695,0.030008275682408336,0.12694534875984287,0.04736504774748329,0.16666666666666666,0.2645999999972093,0.10324999998700105,0.0807260083924065,0.2789140951895708,0.05320020375603768,0.855525684640602,0.8088099122900192,0.007380153708947906,5.9068845933224556e-08,1.0,0.004060675831792197,0.00502901779521743,0.00045995682443717914,0.7546296296296297,0.7388888888888889,0.012178654109227674,0.4514431391965799,0.41846115083252555,0.01999156658392708,1,0,1,1
05_wheel_block_left_f3N_tau0p08_t0p60_p2l_v2:0062,05_wheel_block_left_f3N_tau0p08_t0p60_p2l_v2,31.715999999999955,32.11599999999996,-0.02313260632071333,0.028441798579825813,0.12192449906913741,0.04554328696473411,0.16666666666666666,-0.3032134944648766,0.36322998936892353,1.616870761979308,0.6010051254422738,0.0,0.039707979498953924,0.039707979498953924,0.3134157009592659,0.06829497180382633,0.1,0.07746941891037999,0.08046426961487603,0.3236185620906977,0.11210054620636672,0.16666666666666666,0.02837206885961013,0.03185359418650648,0.12694534875984287,0.046183353820611193,0.16666666666666666,0.20459999999841494,0.2782499999459874,0.24397632189935595,0.2238326063215389,0.21215558101644058,0.8566630217099578,0.800574408535446,0.016443862880054564,7.328862660489443e-08,1.0,0.0045445994046078774,0.005049726171242471,0.000512331812179512,0.7611111111111111,0.7388888888888889,0.01571348402636772,0.473726832886938,0.4557777919437506,0.013050946394371137,1,0,1,1
05_wheel_block_left_f3N_tau0p08_t0p60_p2l_v2:0063,05_wheel_block_left_f3N_tau0p08_t0p60_p2l_v2,31.915999999999954,32.31599999999995,-0.009275073050605043,0.016864145824661614,0.04506178339744632,0.019885425647070454,0.0,-0.097303979822717,0.18247563434686723,0.46088412922646804,0.21098658575826693,0.0,0.025178061418897633,0.025178061418897633,0.030784791074687623,0.0028037850013887568,0.0,0.03216460959821044,0.03216460959821044,0.050217727076624974,0.009342389674927115,0.0,0.006943344160579845,0.009309203121966517,0.026210781794756555,0.010348380274227988,0.0,0.1799999999935764,0.34999999993783165,0.3247337955283028,0.18927507304419033,0.31783539033957564,0.0653838651986483,0.011340534351918832,0.008393618410843726,8.053698877463284e-08,1.0,0.0050160167412376605,0.0055453581212693715,0.00027096877067716554,0.7666666666666666,0.7444444444444445,0.013981174880131021,0.47879910079570775,0.46125517005714717,0.010788251397663389,1,1,1,1
05_wheel_block_left_f3N_tau0p08_t0p60_p2l_v2:0064,05_wheel_block_left_f3N_tau0p08_t0p60_p2l_v2,32.11599999999996,32.515999999999956,-0.009496297827542355,0.022054137121156652,0.04506178339744632,0.026201829724446114,0.0,-0.09538160000664513,0.2410951711497361,0.4675662925620685,0.2864572095642741,0.0,0.028930939380748734,0.028930939380748734,0.031207041396412616,0.0026831562475385555,0.0,0.03618543404906016,0.03618543404906016,0.05238337468384119,0.011061987548885594,0.0,0.0071818464678138445,0.010809372884066479,0.026210781794756555,0.012435613941681755,0.0,0.17999999999379068,0.3499999999367329,0.3209359867206124,0.18949629782134506,0.31381456588761103,0.06379869801331686,0.010188911036867065,0.007564192494793093,6.867556663132954e-08,1.0,0.0049789297883886495,0.0055453581212693715,0.0003041110772593419,0.7666666666666666,0.75,0.01200137166371827,0.480099624110847,0.46125517005714717,0.011635796222872181,1,1,1,1
05_wheel_block_left_f3N_tau0p08_t0p60_p2l_v2:0065,05_wheel_block_left_f3N_tau0p08_t0p60_p2l_v2,32.31599999999995,32.71599999999995,-0.002401797508679341,0.02113294911555204,0.04221458405067771,0.024775557139046903,0.0,-0.016923587397270238,0.23841861640385684,0.4675662925620685,0.2806332594989287,0.0,0.030806482626679354,0.030806482626679354,0.031226037265056072,0.0001986150481576433,0.0,0.036146147154701984,0.036146147154701984,0.060528204148493914,0.014975578565326952,0.0,0.00527847336486061,0.012526364255886158,0.029547293875242464,0.014988289010701311,0.0,0.17999999999411043,0.34999999993509323,0.31918857929914257,0.18240179750279292,0.3138538527803751,0.06128860350944572,0.009742619396551752,0.005318303880745601,6.833475968902965e-08,1.0,0.004903127370295521,0.005344727503957051,0.0003529849073334793,0.762962962962963,0.7388888888888889,0.01385799032138497,0.5031264316429388,0.4732582942850393,0.02326157695048355,1,1,1,1
05_wheel_block_left_f3N_tau0p08_t0p60_p2l_v2:0066,05_wheel_block_left_f3N_tau0p08_t0p60_p2l_v2,32.51599999999995,32.91599999999995,-0.004087353193642095,0.02199309243583594,0.03189554110747356,0.02321166391176404,0.0,-0.03448645441553829,0.2455825058447109,0.33332190650372606,0.2609621992840573,0.0,0.030846864352224966,0.030846864352224966,0.031226037265056072,0.0001893475492553259,0.0,0.041424205677383884,0.041424205677383884,0.060528204148493914,0.014740808151619319,0.0,0.010581166459469826,0.01622747040034637,0.029547293875242464,0.014778079285310627,0.0,0.17999999999432137,0.34999999993401143,0.31919719294442916,0.18408735318795275,0.30857579425668263,0.061136144900360935,0.01081007599416064,0.007408233373597958,6.473676267296716e-08,1.0,0.00495353271085878,0.005384790167088721,0.0004029315151537052,0.7527777777777778,0.7166666666666667,0.019444444444444455,0.5214182689108648,0.49709934342416656,0.01503302038024873,1,1,1,1
05_wheel_block_left_f3N_tau0p08_t0p60_p2l_v2:0067,05_wheel_block_left_f3N_tau0p08_t0p60_p2l_v2,32.71599999999995,33.11599999999995,-0.007967459750766756,0.017826168181854517,0.03189554110747356,0.019004911238949932,0.0,-0.08373224880765333,0.19851300006510894,0.33332190650372606,0.21296243475557922,0.0,0.030823895884633697,0.030823895884633697,0.031078197207887293,0.0001911142008237806,0.0,0.04040024872793324,0.04040024872793324,0.05536516834821925,0.01209780359001281,0.0,0.0096049165350681,0.013655873153733325,0.02481186269418789,0.012151258738265695,0.0,0.179999999994499,0.34999999993310044,0.3192167191023193,0.187967459745255,0.3095997512052224,0.06063791676659385,0.010796922805737626,0.006912766439624327,8.206636423923898e-08,1.0,0.00490809224977157,0.005384790167088721,0.0003099699844226791,0.7546296296296297,0.7166666666666667,0.01854165221713037,0.5391291569551695,0.5133977600976782,0.020113581064351443,1,1,1,1
05_wheel_block_left_f3N_tau0p08_t0p60_p2l_v2:0068,05_wheel_block_left_f3N_tau0p08_t0p60_p2l_v2,32.915999999999954,33.31599999999995,-0.006365645408115965,0.009861901881774904,0.017205893170360753,0.009127889048728213,0.0,-0.07033367502956932,0.11228947361123338,0.1956389996363269,0.1060124417745092,0.0,0.030777990780414932,0.030777990780414932,0.031026845613796372,0.00015409295338587097,0.0,0.026633278321288246,0.026633278321288246,0.04882938397708847,0.011781515929387977,0.0,-0.004226117755584152,0.010527368542983537,0.018048613462197827,0.011789051260647382,0.0,0.17999999999469551,0.34999999993227493,0.3191991713245928,0.18636564540278186,0.32336672161095636,0.05943182835054789,0.00867028152759616,0.005701032513709837,7.869123258225118e-08,1.0,0.0048040324761444205,0.005285147930532258,0.0003182359836929308,0.7555555555555555,0.7388888888888889,0.01200137166371826,0.5557298498495461,0.5382064917816198,0.013774259065480025,1,1,1,1
05_wheel_block_left_f3N_tau0p08_t0p60_p2l_v2:0069,05_wheel_block_left_f3N_tau0p08_t0p60_p2l_v2,33.11599999999995,33.51599999999995,0.007540323285585973,0.0225632818501981,0.04950904293749986,0.025868674759719944,0.0,0.09218564130557694,0.2633461423664431,0.6174988665365728,0.3065563942729418,0.0,0.027248115109738746,0.027248115109738746,0.030998290173005205,0.006347741481391837,0.0,0.02397896121380645,0.02397896121380645,0.03408000159136987,0.007251072091334424,0.0,-0.0042236368066395176,0.006478892873262948,0.017751073479070345,0.0079568537263205,0.0,0.17999999999483762,0.3499999999355543,0.3230158900611837,0.1724596767092161,0.3260210387218086,0.05286268053874279,0.011442648848944977,0.006361467407366119,7.535053841479644e-08,1.0,0.004692895966868729,0.005217601176843869,0.0003908548857912813,0.7537037037037037,0.7388888888888889,0.008881169487616117,0.5627258507511371,0.5382064917816198,0.013630310991964793,1,1,1,1
05_wheel_block_left_f3N_tau0p08_t0p60_p2l_v2:0070,05_wheel_block_left_f3N_tau0p08_t0p60_p2l_v2,33.315999999999946,33.715999999999944,0.00959228161484998,0.023733708755376073,0.04950904293749986,0.025939291672048934,0.0,0.123101955647486,0.2789756182948122,0.6174988665365728,0.30553746456271674,0.0,-0.015382453593339077,0.039999352167404134,0.35236168984578686,0.08760906617505551,0.1,-0.046244550704062436,0.08201607961716678,0.38478189096368764,0.15162031886336594,0.16666666666666666,-0.05572013935411078,0.06477808049116456,0.361494659535826,0.1367995568900252,0.16666666666666666,0.17999999999444571,0.33949999991596436,0.32005879646762647,0.17040771837929913,0.2795778840030945,0.9208197668655791,0.8548100463305233,0.014846313535463125,8.201635736612152e-08,1.0,0.00466724614770668,0.005332079806358096,0.0007495319681373494,0.7657407407407407,0.7555555555555555,0.007465053470646827,0.5671242996114154,0.5503598426986551,0.010846220441191821,1,0,0,1
05_wheel_block_left_f3N_tau0p08_t0p60_p2l_v2:0071,05_wheel_block_left_f3N_tau0p08_t0p60_p2l_v2,33.51599999999995,33.91599999999995,0.009927356090668832,0.016096971045991615,0.027130863927793042,0.014310777244367901,0.0,0.11921522528309725,0.18488847395074273,0.2980727458507428,0.15931453744668608,0.0,-0.02696651138688564,0.02841529437385757,0.35236168984578686,0.08291876814787422,0.1,-0.05947193601391032,0.07055805231038476,0.38478189096368764,0.14560064356935862,0.16666666666666666,-0.05651431461145268,0.06599507978560391,0.361494659535826,0.13650425743012257,0.16666666666666666,0.17999999999330218,0.33949999992301283,0.3319127327644865,0.17007264390234225,0.29411158255537423,0.9212474802058168,0.8521364989715738,0.007734658551593165,7.277430625480155e-08,1.0,0.004746373044521842,0.005332079806358096,0.0007206184717372851,0.7601851851851853,0.7444444444444445,0.012995989673720561,0.5648308175269671,0.5503598426986551,0.008737928853227245,1,0,0,1
05_wheel_block_left_f3N_tau0p08_t0p60_p2l_v2:0072,05_wheel_block_left_f3N_tau0p08_t0p60_p2l_v2,33.71599999999995,34.11599999999995,0.008792884308387238,0.01595074832775362,0.027130863927793042,0.014601672284225842,0.0,0.09668456752308513,0.1786540202739194,0.2980727458507428,0.1635250489340873,0.0,0.000561865799941727,0.000561865799941727,0.0007863599487875073,0.00018481926453811228,0.0,-0.0031700606549625496,0.011774143434873069,0.031236465721086404,0.014894882304037496,0.0,-0.0037424646433298625,0.011842021886553413,0.03186880800725539,0.014972485543090745,0.0,0.17999999999255056,0.3499999999519286,0.3505502204424375,0.17120711568415184,0.3468299392972982,0.06360012695754802,0.0084224360300369,0.005829523795845615,6.634119968557491e-08,1.0,0.004832660079288746,0.005143024437346819,0.00026630305585936115,0.7555555555555555,0.7444444444444445,0.009072184232530303,0.5499135510584617,0.5152668267690991,0.021500028968465673,1,1,1,1
05_wheel_block_left_f3N_tau0p08_t0p60_p2l_v2:0073,05_wheel_block_left_f3N_tau0p08_t0p60_p2l_v2,33.91599999999995,34.315999999999946,0.0033866820647131444,0.010544546084079528,0.01509535557145475,0.010761587590473302,0.0,0.0417078351438522,0.12367728789468646,0.16919780849243543,0.12470929486815033,0.0,0.000549937369733744,0.000549937369733744,0.0008950986998270682,0.00020114114445576588,0.0,-0.006118447554935069,0.011646859096580494,0.031236465721086404,0.014127167190652006,0.0,-0.006652990604660218,0.012074467744162876,0.03186880800725539,0.014222229760522738,0.0,0.1799999999926638,0.34999999994979925,0.35051426595879764,0.17661331792793955,0.3438815523949211,0.06581729467477847,0.010198774386010996,0.006554201577571528,6.743951843126048e-08,1.0,0.004511097481586845,0.005041523768628185,0.00046148094781205053,0.7638888888888888,0.7555555555555555,0.00769131839159083,0.5266892828236029,0.5135391794438575,0.01745012353024069,1,1,1,1
05_wheel_block_left_f3N_tau0p08_t0p60_p2l_v2:0074,05_wheel_block_left_f3N_tau0p08_t0p60_p2l_v2,34.11599999999994,34.51599999999994,0.013532491917594017,0.013532491917594017,0.036037236893228936,0.010323268227338905,0.0,0.1621537046063041,0.1621537046063041,0.42993581651389307,0.12348666660502196,0.0,0.0005474602326791533,0.0005474602326791533,0.0008950986998270682,0.0002142460892058731,0.0,0.001497129057924688,0.006087589622670493,0.012671838056439011,0.007256983627910713,0.0,0.0009397956827548551,0.0060939420534759465,0.011983085001939509,0.007261159236872634,0.0,0.17999999999281258,0.349999999947761,0.35052592238352787,0.16646750807519783,0.3514971290058528,0.06861211215224285,0.010171660414584295,0.00638338244743028,8.453969734744639e-08,1.0,0.004423219795577099,0.004921818392078075,0.00041241101204272994,0.7685185185185185,0.7555555555555555,0.01141558148697959,0.5058205795438316,0.4794318651515902,0.015315056438778223,1,1,1,1
05_wheel_block_left_f3N_tau0p08_t0p60_p2l_v2:0075,05_wheel_block_left_f3N_tau0p08_t0p60_p2l_v2,34.315999999999946,34.715999999999944,0.020201368523273765,0.020201368523273765,0.058169103183068796,0.020172074805707287,0.0,0.23553118460013303,0.23553118460013303,0.6659695882748647,0.23226624118221106,0.0,0.0004937179556648297,0.0004937179556648297,0.0008391876250669617,0.00020815039334496423,0.0,0.005580536170471394,0.0092187118490784,0.021643588016863835,0.010199281339459463,0.0,0.005088625327518294,0.009045462893676942,0.021301051454893305,0.010226010078530518,0.0,0.1799999999928481,0.349999999945757,0.3504902226268879,0.1597986314695181,0.3555805361165776,0.06754909505913768,0.009131903969884564,0.005861687584147859,8.065813367981438e-08,1.0,0.004514803840473486,0.004921818392078075,0.00027898783223322923,0.762962962962963,0.75,0.01269565666740934,0.47432607131267374,0.44780869446981586,0.020686873192421334,1,1,1,1
05_wheel_block_left_f3N_tau0p08_t0p60_p2l_v2:0076,05_wheel_block_left_f3N_tau0p08_t0p60_p2l_v2,34.51599999999995,34.91599999999995,0.00627180456131282,0.02286410198586173,0.058169103183068796,0.02975621292802348,0.0,0.07548742410935706,0.266149882403693,0.6659695882748647,0.34382051455449164,0.0,0.00043906389773360757,0.00043906389773360757,0.0008391876250669617,0.00017594259814282843,0.0,0.0029219737936002155,0.01343583582263944,0.025571818711219996,0.015674212489731113,0.0,0.0024879483350056042,0.013516860731217955,0.025042767016388245,0.015684265174218115,0.0,0.1799999999930435,0.3499999999442084,0.35042442263125984,0.17372819543172052,0.3529219737378607,0.06482886032490663,0.009611007739047288,0.006672785243481472,8.219456686107403e-08,1.0,0.004488441236101072,0.004726791845418773,0.00023524612117875544,0.7642857142857142,0.75,0.012192294837886681,0.44180471515403424,0.4136008144199711,0.015761890408960484,1,1,1,1
05_wheel_block_left_f3N_tau0p08_t0p60_p2l_v2:0077,05_wheel_block_left_f3N_tau0p08_t0p60_p2l_v2,34.715999999999944,35.11599999999994,-0.0010704315927839239,0.024650339357980357,0.03833966840624001,0.027271405556277047,0.0,-0.010861117707899517,0.2902828450759461,0.4396468400196146,0.3220512714927543,0.0,0.00046189668410802354,0.00046189668410802354,0.0007971344673152192,0.00016321248799900244,0.0,-0.0006497260313502649,0.013114173544507843,0.025571818711219996,0.01474148011623323,0.0,-0.0010888269520734153,0.013149499114944166,0.025042767016388245,0.014701597583033611,0.0,0.17999999999327443,0.34999999994247755,0.35044947310789787,0.18107043158605327,0.34935027391099716,0.06600954595342612,0.010493166074814313,0.006679892837322211,9.358443160572528e-08,1.0,0.004540805764566854,0.005025183020270558,0.0002535459931234724,0.7666666666666666,0.7555555555555555,0.010706934573993687,0.41040895954067663,0.36905337113803166,0.02704881723075052,1,1,1,1
05_wheel_block_left_f3N_tau0p08_t0p60_p2l_v2:0078,05_wheel_block_left_f3N_tau0p08_t0p60_p2l_v2,34.91599999999994,35.31599999999994,0.009893703616243957,0.027549021831772342,0.03518796910813049,0.026288453507561847,0.0,0.12019838789130345,0.3271879699657801,0.4163663354070362,0.31330147923243307,0.0,0.0004590343682819298,0.0004590343682819298,0.0006932673276744961,0.00015733742404329065,0.0,-0.002150055279593712,0.007478352751306751,0.013980971868992165,0.00814527692346148,0.0,-0.002649267837780217,0.007698661797333001,0.014265361227220774,0.008126289006737552,0.0,0.17999999999334548,0.34999999994029124,0.3504661775443876,0.1701062963771578,0.34784994466013575,0.06612918095616271,0.011075020673347338,0.007996514228547795,7.449160789770506e-08,1.0,0.004529492816506321,0.005025183020270558,0.0003308556855088031,0.7768518518518518,0.7555555555555555,0.019088451970452135,0.37509832226270473,0.36282750387789164,0.010974725633101813,1,1,1,1
05_wheel_block_left_f3N_tau0p08_t0p60_p2l_v2:0079,05_wheel_block_left_f3N_tau0p08_t0p60_p2l_v2,35.11599999999994,35.51599999999994,-0.029123806591192628,0.050811334448516154,0.17283886622487185,0.06901538145214758,0.16666666666666666,-0.31799413946602034,0.5809404167359695,1.928617598340432,0.7791348076017737,0.0,0.02495775427195171,0.024959284187456177,0.341312786599446,0.07966144250195965,0.1,0.06706508272485968,0.07628932053313683,0.35378655622575744,0.13126685436421315,0.16666666666666666,0.01304405276245092,0.02293630617084357,0.06861323907237533,0.02961775546492723,0.0,0.1440000000000241,0.2799999999610237,0.29988396074872,0.14912380659761945,0.3003984160217956,1.78402539996463,1.6645211541148317,0.01119193932504435,5.727124469533729e-06,1.0,0.004593970424200788,0.004915519727068897,0.00028667351743900845,0.7916666666666666,0.7777777777777778,0.009487917375888527,0.3723795080624968,0.36282750387789164,0.006751648885020623,1,1,1,1
05_wheel_block_left_f3N_tau0p08_t0p60_p2l_v2:0080,05_wheel_block_left_f3N_tau0p08_t0p60_p2l_v2,35.315999999999946,35.715999999999944,-0.04239147261347314,0.04715320930956252,0.17283886622487185,0.060263803588671165,0.16666666666666666,-0.4955917327565074,0.5548212320743663,1.928617598340432,0.6688980036812383,0.0,0.024731043695151993,0.024784178244381744,0.341312786599446,0.07973146914243816,0.1,0.06734839018497267,0.07612673181820052,0.35378655622575744,0.13111599756835185,0.16666666666666666,0.013632698727348153,0.022551048712025647,0.06861323907237533,0.029310501777941526,0.0,0.05400000000336025,0.10499999999147018,0.1246998120161962,0.07715320931927812,0.1274343492185535,1.7834483604984284,1.674012928167281,0.01307349936011337,5.7283625034129846e-06,1.0,0.004186580202248282,0.004908637578049338,0.0005636009581388654,0.7953703703703704,0.7777777777777778,0.009305440389926764,0.3791142343740956,0.37106966153209087,0.003970080842540293,1,1,1,1
