window_id,run_id,split,window_start_sec,window_end_sec,wheel_translation_reliable_true,wheel_translation_reliable_predicted,wheel_translation_reliable_probability_unreliable,wheel_translation_reliable_probability_reliable,wheel_rotation_reliable_true,wheel_rotation_reliable_predicted,wheel_rotation_reliable_probability_unreliable,wheel_rotation_reliable_probability_reliable,imu_yaw_rate_reliable_true,imu_yaw_rate_reliable_predicted,imu_yaw_rate_reliable_probability_unreliable,imu_yaw_rate_reliable_probability_reliable
00_normal_p2l_v2:0000,00_normal_p2l_v2,validation,19.99,20.389999999999997,1,1,0.0,1.0,1,1,0.0,1.0,1,1,0.0,1.0
00_normal_p2l_v2:0001,00_normal_p2l_v2,validation,20.189999999999998,20.589999999999996,1,1,0.0,1.0,1,1,0.0,1.0,1,1,0.0,1.0
00_normal_p2l_v2:0002,00_normal_p2l_v2,validation,20.389999999999997,20.789999999999996,1,1,0.0018989898989898992,0.9981010101010102,1,1,0.0,1.0,1,1,0.0,1.0
00_normal_p2l_v2:0003,00_normal_p2l_v2,validation,20.589999999999996,20.989999999999995,1,1,0.0,1.0,1,1,0.0,1.0,1,1,0.0,1.0
00_normal_p2l_v2:0004,00_normal_p2l_v2,validation,20.789999999999996,21.189999999999994,1,1,0.0,1.0,1,1,0.0,1.0,1,1,0.0,1.0
00_normal_p2l_v2:0005,00_normal_p2l_v2,validation,20.989999999999995,21.389999999999993,1,1,0.00175,0.99825,1,1,0.0,1.0,1,1,0.0,1.0
00_normal_p2l_v2:0006,00_normal_p2l_v2,validation,21.189999999999994,21.589999999999993,1,1,0.00175,0.99825,1,1,0.0,1.0,1,1,0.0,1.0
00_normal_p2l_v2:0007,00_normal_p2l_v2,validation,21.389999999999993,21.789999999999992,1,1,0.0,1.0,1,1,0.0,1.0,1,1,0.0,1.0
00_normal_p2l_v2:0008,00_normal_p2l_v2,validation,21.589999999999993,21.98999999999999,1,1,0.0,1.0,1,1,0.0,1.0,1,1,0.0,1.0
00_normal_p2l_v2:0009,00_normal_p2l_v2,validation,21.789999999999992,22.18999999999999,1,1,0.00526620243032183,0.9947337975696783,1,1,0.0,1.0,1,1,0.0,1.0
00_normal_p2l_v2:0010,00_normal_p2l_v2,validation,21.98999999999999,22.38999999999999,1,1,0.0,1.0,1,1,0.0,1.0,1,1,0.0,1.0
00_normal_p2l_v2:0011,00_normal_p2l_v2,validation,22.18999999999999,22.58999999999999,1,1,0.0,1.0,1,1,0.0017620192307692308,0.9982379807692308,1,1,0.0,1.0
00_normal_p2l_v2:0012,00_normal_p2l_v2,validation,22.38999999999999,22.78999999999999,1,1,0.0,1.0,1,1,0.0,1.0,1,1,0.0,1.0
00_normal_p2l_v2:0013,00_normal_p2l_v2,validation,22.58999999999999,22.989999999999988,1,1,0.0,1.0,1,1,0.0,1.0,1,1,0.0,1.0
00_normal_p2l_v2:0014,00_normal_p2l_v2,validation,22.78999999999999,23.189999999999987,1,1,0.0,1.0,1,1,0.0,1.0,1,1,0.0,1.0
00_normal_p2l_v2:0015,00_normal_p2l_v2,validation,22.989999999999988,23.389999999999986,1,1,0.010801288461538461,0.9891987115384616,1,1,0.0017283653846153846,0.9982716346153846,1,1,0.0,1.0
00_normal_p2l_v2:0016,00_normal_p2l_v2,validation,23.189999999999987,23.589999999999986,1,1,0.003528433000942878,0.9964715669990571,1,1,0.0017283653846153846,0.9982716346153846,1,1,0.0,1.0
00_normal_p2l_v2:0017,00_normal_p2l_v2,validation,23.389999999999986,23.789999999999985,1,1,0.0,1.0,1,1,0.0,1.0,1,1,0.0,1.0
00_normal_p2l_v2:0018,00_normal_p2l_v2,validation,23.589999999999986,23.989999999999984,1,1,0.0,1.0,1,1,0.0,1.0,1,1,0.0,1.0
00_normal_p2l_v2:0019,00_normal_p2l_v2,validation,23.789999999999985,24.189999999999984,1,1,0.018763872937808814,0.9812361270621911,1,1,0.0,1.0,1,1,0.0,1.0
00_normal_p2l_v2:0020,00_normal_p2l_v2,validation,23.989999999999984,24.389999999999983,1,1,0.0017980769230769229,0.9982019230769231,1,1,0.0017427884615384616,0.9982572115384616,1,1,0.0,1.0
00_normal_p2l_v2:0021,00_normal_p2l_v2,validation,24.189999999999984,24.589999999999982,1,1,0.0,1.0,1,1,0.0,1.0,1,1,0.0,1.0
00_normal_p2l_v2:0022,00_normal_p2l_v2,validation,24.389999999999983,24.78999999999998,1,1,0.0035082186430590687,0.9964917813569409,1,1,0.0,1.0,1,1,0.0,1.0
00_normal_p2l_v2:0023,00_normal_p2l_v2,validation,24.589999999999982,24.98999999999998,1,1,0.008881950827963574,0.9911180491720364,1,1,0.001477533960292581,0.9985224660397074,1,1,0.0,1.0
00_normal_p2l_v2:0024,00_normal_p2l_v2,validation,24.78999999999998,25.18999999999998,1,1,0.001884297520661157,0.9981157024793388,1,1,0.0,1.0,1,1,0.0,1.0
00_normal_p2l_v2:0025,00_normal_p2l_v2,validation,24.98999999999998,25.38999999999998,1,1,0.056049482779503806,0.9439505172204964,1,1,0.07024345037301351,0.9297565496269865,1,1,0.0,1.0
00_normal_p2l_v2:0026,00_normal_p2l_v2,validation,25.18999999999998,25.58999999999998,1,1,0.0,1.0,1,1,0.14905634147706204,0.8509436585229379,1,1,0.0,1.0
00_normal_p2l_v2:0027,00_normal_p2l_v2,validation,25.38999999999998,25.789999999999978,1,1,0.0035763380937993976,0.9964236619062006,1,0,0.3074509263903866,0.6925490736096136,1,1,0.0,1.0
00_normal_p2l_v2:0028,00_normal_p2l_v2,validation,25.58999999999998,25.989999999999977,1,1,0.0,1.0,1,1,0.003480769230769231,0.9965192307692308,1,1,0.0,1.0
00_normal_p2l_v2:0029,00_normal_p2l_v2,validation,25.789999999999978,26.189999999999976,1,1,0.005648433604871098,0.9943515663951289,1,1,0.0,1.0,1,1,0.001943127962085308,0.9980568720379147
00_normal_p2l_v2:0030,00_normal_p2l_v2,validation,25.989999999999977,26.389999999999976,1,1,0.0019232096635030196,0.998076790336497,1,1,0.0,1.0,1,1,0.0,1.0
00_normal_p2l_v2:0031,00_normal_p2l_v2,validation,26.189999999999976,26.589999999999975,1,1,0.005688386509959091,0.9943116134900409,0,0,0.4349639707270831,0.565036029272917,1,0,0.4893346702933124,0.5106653297066877
00_normal_p2l_v2:0032,00_normal_p2l_v2,validation,26.389999999999976,26.789999999999974,1,1,0.0017764423076923074,0.9982235576923078,0,0,0.40520393076536176,0.5947960692346381,1,0,0.4355816429111323,0.5644183570888677
00_normal_p2l_v2:0033,00_normal_p2l_v2,validation,26.589999999999975,26.989999999999974,1,1,0.0,1.0,1,1,0.001754807692307692,0.9982451923076923,1,1,0.0,1.0
00_normal_p2l_v2:0034,00_normal_p2l_v2,validation,26.789999999999974,27.189999999999973,1,1,0.0,1.0,1,1,0.0,1.0,1,1,0.0,1.0
00_normal_p2l_v2:0035,00_normal_p2l_v2,validation,26.989999999999974,27.389999999999972,1,1,0.003131181735271401,0.9968688182647285,1,1,0.0,1.0,1,1,0.0,1.0
00_normal_p2l_v2:0036,00_normal_p2l_v2,validation,27.189999999999973,27.58999999999997,1,1,0.07738442177539828,0.9226155782246016,1,1,0.20924713662494857,0.7907528633750516,1,1,0.0,1.0
00_normal_p2l_v2:0037,00_normal_p2l_v2,validation,27.389999999999972,27.78999999999997,1,1,0.0740970199975021,0.9259029800024978,1,1,0.2012449610112795,0.7987550389887205,1,1,0.0,1.0
00_normal_p2l_v2:0038,00_normal_p2l_v2,validation,27.58999999999997,27.98999999999997,1,1,0.0,1.0,1,1,0.0,1.0,1,1,0.0,1.0
00_normal_p2l_v2:0039,00_normal_p2l_v2,validation,27.78999999999997,28.18999999999997,1,1,0.0,1.0,1,1,0.0,1.0,1,1,0.0,1.0
00_normal_p2l_v2:0040,00_normal_p2l_v2,validation,27.98999999999997,28.38999999999997,0,0,0.8403254542260434,0.15967454577395657,1,1,0.0,1.0,1,1,0.0,1.0
00_normal_p2l_v2:0041,00_normal_p2l_v2,validation,28.18999999999997,28.589999999999968,0,0,0.8714200899516743,0.12857991004832575,1,1,0.008549094195522602,0.9914509058044774,1,1,0.0,1.0
00_normal_p2l_v2:0042,00_normal_p2l_v2,validation,28.38999999999997,28.789999999999967,1,1,0.0,1.0,1,1,0.0,1.0,1,1,0.0,1.0
00_normal_p2l_v2:0043,00_normal_p2l_v2,validation,28.589999999999968,28.989999999999966,1,1,0.0,1.0,1,1,0.0,1.0,1,1,0.0,1.0
00_normal_p2l_v2:0044,00_normal_p2l_v2,validation,28.789999999999967,29.189999999999966,1,1,0.0,1.0,1,1,0.0,1.0,1,1,0.0,1.0
00_normal_p2l_v2:0045,00_normal_p2l_v2,validation,28.989999999999966,29.389999999999965,1,1,0.0,1.0,1,1,0.0,1.0,1,1,0.0,1.0
00_normal_p2l_v2:0046,00_normal_p2l_v2,validation,29.189999999999966,29.589999999999964,1,1,0.0,1.0,1,1,0.0,1.0,1,1,0.0,1.0
00_normal_p2l_v2:0047,00_normal_p2l_v2,validation,29.389999999999965,29.789999999999964,1,1,0.01076987399866035,0.9892301260013396,1,1,0.0,1.0,1,1,0.0,1.0
00_normal_p2l_v2:0048,00_normal_p2l_v2,validation,29.589999999999964,29.989999999999963,1,1,0.0,1.0,1,1,0.0,1.0,1,1,0.0,1.0
00_normal_p2l_v2:0049,00_normal_p2l_v2,validation,29.789999999999964,30.189999999999962,1,1,0.0,1.0,1,1,0.0,1.0,1,1,0.0,1.0
00_normal_p2l_v2:0050,00_normal_p2l_v2,validation,29.989999999999963,30.38999999999996,1,1,0.0,1.0,1,1,0.0,1.0,1,1,0.0,1.0
00_normal_p2l_v2:0051,00_normal_p2l_v2,validation,30.189999999999962,30.58999999999996,1,1,0.0,1.0,1,1,0.0,1.0,1,1,0.0,1.0
00_normal_p2l_v2:0052,00_normal_p2l_v2,validation,30.38999999999996,30.78999999999996,1,1,0.0,1.0,1,1,0.0,1.0,1,1,0.0,1.0
00_normal_p2l_v2:0053,00_normal_p2l_v2,validation,30.58999999999996,30.98999999999996,1,1,0.0,1.0,1,1,0.0,1.0,1,1,0.0,1.0
00_normal_p2l_v2:0054,00_normal_p2l_v2,validation,30.78999999999996,31.18999999999996,1,1,0.0,1.0,1,1,0.0,1.0,1,1,0.0,1.0
00_normal_p2l_v2:0055,00_normal_p2l_v2,validation,30.98999999999996,31.389999999999958,1,1,0.0,1.0,1,1,0.0,1.0,1,1,0.0,1.0
00_normal_p2l_v2:0056,00_normal_p2l_v2,validation,31.18999999999996,31.589999999999957,1,1,0.014911116198616198,0.9850888838013837,1,1,0.0017403846153846154,0.9982596153846154,1,1,0.0,1.0
00_normal_p2l_v2:0057,00_normal_p2l_v2,validation,31.389999999999958,31.789999999999957,1,1,0.0969956219197897,0.9030043780802103,1,1,0.0,1.0,1,1,0.0,1.0
00_normal_p2l_v2:0058,00_normal_p2l_v2,validation,31.589999999999957,31.989999999999956,1,1,0.001893048128342246,0.9981069518716578,1,1,0.0,1.0,1,1,0.0,1.0
00_normal_p2l_v2:0059,00_normal_p2l_v2,validation,31.789999999999957,32.189999999999955,1,1,0.006886199174489806,0.9931138008255103,1,1,0.0,1.0,1,1,0.0,1.0
00_normal_p2l_v2:0060,00_normal_p2l_v2,validation,31.989999999999956,32.38999999999996,1,1,0.0,1.0,1,0,0.36507779842381016,0.6349222015761894,1,1,0.0,1.0
00_normal_p2l_v2:0061,00_normal_p2l_v2,validation,32.189999999999955,32.589999999999954,1,1,0.002,0.998,1,0,0.5408737235715343,0.459126276428466,1,1,0.004,0.996
00_normal_p2l_v2:0062,00_normal_p2l_v2,validation,32.38999999999996,32.78999999999996,1,1,0.0,1.0,1,1,0.0,1.0,1,1,0.0,1.0
00_normal_p2l_v2:0063,00_normal_p2l_v2,validation,32.589999999999954,32.98999999999995,1,1,0.0,1.0,1,1,0.0,1.0,1,1,0.0,1.0
00_normal_p2l_v2:0064,00_normal_p2l_v2,validation,32.78999999999995,33.18999999999995,1,1,0.0,1.0,1,1,0.0,1.0,1,1,0.0,1.0
00_normal_p2l_v2:0065,00_normal_p2l_v2,validation,32.98999999999995,33.38999999999995,1,1,0.0,1.0,1,1,0.0,1.0,1,1,0.0,1.0
00_normal_p2l_v2:0066,00_normal_p2l_v2,validation,33.189999999999955,33.589999999999954,1,1,0.0,1.0,1,1,0.0,1.0,1,1,0.0,1.0
00_normal_p2l_v2:0067,00_normal_p2l_v2,validation,33.38999999999995,33.78999999999995,1,1,0.0,1.0,1,1,0.0,1.0,1,1,0.0,1.0
00_normal_p2l_v2:0068,00_normal_p2l_v2,validation,33.58999999999995,33.989999999999945,1,1,0.0,1.0,1,1,0.0,1.0,1,1,0.0,1.0
00_normal_p2l_v2:0069,00_normal_p2l_v2,validation,33.78999999999995,34.18999999999995,1,1,0.0019460863916856122,0.9980539136083144,0,0,0.9711282739190811,0.028871726080919004,0,0,0.09179777064072049,0.9082022293592795
00_normal_p2l_v2:0070,00_normal_p2l_v2,validation,33.98999999999995,34.38999999999995,1,1,0.003741759468608689,0.9962582405313912,0,0,0.9617753606523507,0.03822463934764955,0,0,0.06574887299205996,0.93425112700794
00_normal_p2l_v2:0071,00_normal_p2l_v2,validation,34.18999999999995,34.58999999999995,1,1,0.0,1.0,1,1,0.0,1.0,1,1,0.0,1.0
00_normal_p2l_v2:0072,00_normal_p2l_v2,validation,34.389999999999944,34.78999999999994,1,1,0.0,1.0,1,1,0.0,1.0,1,1,0.0,1.0
00_normal_p2l_v2:0073,00_normal_p2l_v2,validation,34.58999999999995,34.989999999999945,1,1,0.0,1.0,1,1,0.0,1.0,1,1,0.0,1.0
00_normal_p2l_v2:0074,00_normal_p2l_v2,validation,34.78999999999995,35.18999999999995,1,1,0.0018989898989898992,0.9981010101010102,1,1,0.002,0.998,1,1,0.0,1.0
00_normal_p2l_v2:0075,00_normal_p2l_v2,validation,34.989999999999945,35.389999999999944,1,1,0.003418353576248313,0.9965816464237518,1,1,0.0,1.0,1,1,0.0,1.0
00_normal_p2l_v2:0076,00_normal_p2l_v2,validation,35.18999999999994,35.58999999999994,1,1,0.0,1.0,1,1,0.0,1.0,1,1,0.0,1.0
00_normal_p2l_v2:0077,00_normal_p2l_v2,validation,35.389999999999944,35.78999999999994,1,1,0.0016598639455782313,0.9983401360544218,1,1,0.0,1.0,1,1,0.0,1.0
00_normal_p2l_v2:0078,00_normal_p2l_v2,validation,35.58999999999995,35.989999999999945,1,1,0.005516406892133636,0.9944835931078665,1,1,0.15826350131571443,0.8417364986842852,1,1,0.039801154781199354,0.9601988452188006
00_normal_p2l_v2:0079,00_normal_p2l_v2,validation,35.78999999999994,36.18999999999994,1,1,0.0018100961538461539,0.9981899038461538,1,1,0.16004465597428366,0.839955344025716,1,1,0.037797714288616266,0.9622022857113837
01_low_friction_mu_0p12_p2l_v2:0000,01_low_friction_mu_0p12_p2l_v2,train,11.78,12.18,1,1,0.0,1.0,1,1,0.0,1.0,1,1,0.0,1.0
01_low_friction_mu_0p12_p2l_v2:0001,01_low_friction_mu_0p12_p2l_v2,train,11.979999999999999,12.379999999999999,1,1,0.003672192331927682,0.9963278076680724,1,1,0.0,1.0,1,1,0.0,1.0
01_low_friction_mu_0p12_p2l_v2:0002,01_low_friction_mu_0p12_p2l_v2,train,12.179999999999998,12.579999999999998,1,0,0.23766590432314122,0.7623340956768588,1,1,0.0,1.0,1,1,0.0,1.0
01_low_friction_mu_0p12_p2l_v2:0003,01_low_friction_mu_0p12_p2l_v2,train,12.379999999999997,12.779999999999998,1,1,0.13674266791646597,0.8632573320835338,1,1,0.0018923369221025964,0.9981076630778974,1,1,0.0,1.0
01_low_friction_mu_0p12_p2l_v2:0004,01_low_friction_mu_0p12_p2l_v2,train,12.579999999999997,12.979999999999997,1,1,0.0,1.0,1,1,0.0,1.0,1,1,0.0,1.0
01_low_friction_mu_0p12_p2l_v2:0005,01_low_friction_mu_0p12_p2l_v2,train,12.779999999999996,13.179999999999996,1,1,0.005551713737534295,0.9944482862624657,1,1,0.0,1.0,1,1,0.0,1.0
01_low_friction_mu_0p12_p2l_v2:0006,01_low_friction_mu_0p12_p2l_v2,train,12.979999999999995,13.379999999999995,1,1,0.008938926021951761,0.9910610739780482,1,1,0.0,1.0,1,1,0.0,1.0
01_low_friction_mu_0p12_p2l_v2:0007,01_low_friction_mu_0p12_p2l_v2,train,13.179999999999994,13.579999999999995,1,1,0.0,1.0,1,1,0.0,1.0,1,1,0.0,1.0
01_low_friction_mu_0p12_p2l_v2:0008,01_low_friction_mu_0p12_p2l_v2,train,13.379999999999994,13.779999999999994,1,1,0.0,1.0,1,1,0.00154419595314164,0.9984558040468584,1,1,0.0,1.0
01_low_friction_mu_0p12_p2l_v2:0009,01_low_friction_mu_0p12_p2l_v2,train,13.579999999999993,13.979999999999993,1,1,0.0,1.0,1,1,0.0,1.0,1,1,0.0,1.0
01_low_friction_mu_0p12_p2l_v2:0010,01_low_friction_mu_0p12_p2l_v2,train,13.779999999999992,14.179999999999993,1,1,0.0,1.0,1,1,0.0,1.0,1,1,0.0,1.0
01_low_friction_mu_0p12_p2l_v2:0011,01_low_friction_mu_0p12_p2l_v2,train,13.979999999999992,14.379999999999992,1,1,0.0,1.0,1,1,0.0,1.0,1,1,0.0,1.0
01_low_friction_mu_0p12_p2l_v2:0012,01_low_friction_mu_0p12_p2l_v2,train,14.17999999999999,14.579999999999991,1,1,0.0018923369221025964,0.9981076630778974,1,1,0.0,1.0,1,1,0.0,1.0
01_low_friction_mu_0p12_p2l_v2:0013,01_low_friction_mu_0p12_p2l_v2,train,14.37999999999999,14.77999999999999,1,1,0.0,1.0,1,1,0.0,1.0,1,1,0.0,1.0
01_low_friction_mu_0p12_p2l_v2:0014,01_low_friction_mu_0p12_p2l_v2,train,14.57999999999999,14.97999999999999,1,1,0.0,1.0,1,1,0.0,1.0,1,1,0.0,1.0
01_low_friction_mu_0p12_p2l_v2:0015,01_low_friction_mu_0p12_p2l_v2,train,14.779999999999989,15.179999999999989,1,1,0.0,1.0,1,1,0.0,1.0,1,1,0.0,1.0
01_low_friction_mu_0p12_p2l_v2:0016,01_low_friction_mu_0p12_p2l_v2,train,14.979999999999988,15.379999999999988,1,1,0.0,1.0,1,1,0.0,1.0,1,1,0.0,1.0
01_low_friction_mu_0p12_p2l_v2:0017,01_low_friction_mu_0p12_p2l_v2,train,15.179999999999987,15.579999999999988,1,1,0.0,1.0,1,1,0.0,1.0,1,1,0.0,1.0
01_low_friction_mu_0p12_p2l_v2:0018,01_low_friction_mu_0p12_p2l_v2,train,15.379999999999987,15.779999999999987,1,1,0.0,1.0,1,1,0.0,1.0,1,1,0.0,1.0
01_low_friction_mu_0p12_p2l_v2:0019,01_low_friction_mu_0p12_p2l_v2,train,15.579999999999986,15.979999999999986,1,1,0.0,1.0,1,1,0.0,1.0,1,1,0.0,1.0
01_low_friction_mu_0p12_p2l_v2:0020,01_low_friction_mu_0p12_p2l_v2,train,15.779999999999985,16.179999999999986,1,1,0.0,1.0,1,1,0.0,1.0,1,1,0.0,1.0
01_low_friction_mu_0p12_p2l_v2:0021,01_low_friction_mu_0p12_p2l_v2,train,15.979999999999984,16.379999999999985,1,1,0.007237420886075949,0.9927625791139241,1,1,0.001477533960292581,0.9985224660397074,1,1,0.0,1.0
01_low_friction_mu_0p12_p2l_v2:0022,01_low_friction_mu_0p12_p2l_v2,train,16.179999999999986,16.579999999999984,1,1,0.00907087913791165,0.9909291208620883,1,1,0.0,1.0,1,1,0.0,1.0
01_low_friction_mu_0p12_p2l_v2:0023,01_low_friction_mu_0p12_p2l_v2,train,16.37999999999998,16.77999999999998,1,1,0.0,1.0,1,1,0.0,1.0,1,1,0.0,1.0
01_low_friction_mu_0p12_p2l_v2:0024,01_low_friction_mu_0p12_p2l_v2,train,16.579999999999984,16.979999999999983,1,1,0.0,1.0,1,1,0.0,1.0,1,1,0.0,1.0
01_low_friction_mu_0p12_p2l_v2:0025,01_low_friction_mu_0p12_p2l_v2,train,16.77999999999998,17.17999999999998,1,1,0.00184375,0.99815625,1,1,0.0017283653846153846,0.9982716346153846,1,1,0.0,1.0
01_low_friction_mu_0p12_p2l_v2:0026,01_low_friction_mu_0p12_p2l_v2,train,16.979999999999983,17.37999999999998,1,1,0.0030065101878582485,0.9969934898121418,1,1,0.0,1.0,1,1,0.0,1.0
01_low_friction_mu_0p12_p2l_v2:0027,01_low_friction_mu_0p12_p2l_v2,train,17.17999999999998,17.579999999999977,1,1,0.0018149038461538463,0.9981850961538462,1,1,0.0,1.0,1,1,0.0,1.0
01_low_friction_mu_0p12_p2l_v2:0028,01_low_friction_mu_0p12_p2l_v2,train,17.37999999999998,17.77999999999998,1,1,0.02851046778229087,0.9714895322177092,1,1,0.0,1.0,1,1,0.0,1.0
01_low_friction_mu_0p12_p2l_v2:0029,01_low_friction_mu_0p12_p2l_v2,train,17.579999999999977,17.979999999999976,1,1,0.011028216117304472,0.9889717838826956,1,1,0.001477533960292581,0.9985224660397074,1,1,0.0,1.0
01_low_friction_mu_0p12_p2l_v2:0030,01_low_friction_mu_0p12_p2l_v2,train,17.77999999999998,18.17999999999998,1,1,0.010863785426172605,0.9891362145738275,1,1,0.0,1.0,1,1,0.0,1.0
01_low_friction_mu_0p12_p2l_v2:0031,01_low_friction_mu_0p12_p2l_v2,train,17.979999999999976,18.379999999999974,1,1,0.006608698545417947,0.9933913014545822,1,1,0.0,1.0,1,1,0.0,1.0
01_low_friction_mu_0p12_p2l_v2:0032,01_low_friction_mu_0p12_p2l_v2,train,18.17999999999998,18.579999999999977,1,1,0.008938636031058352,0.9910613639689417,1,1,0.0,1.0,1,1,0.0,1.0
01_low_friction_mu_0p12_p2l_v2:0033,01_low_friction_mu_0p12_p2l_v2,train,18.379999999999974,18.779999999999973,1,1,0.005371100960827172,0.9946288990391727,1,1,0.0,1.0,1,1,0.0,1.0
01_low_friction_mu_0p12_p2l_v2:0034,01_low_friction_mu_0p12_p2l_v2,train,18.579999999999977,18.979999999999976,1,1,0.01138472811466005,0.98861527188534,1,1,0.0,1.0,1,1,0.0,1.0
01_low_friction_mu_0p12_p2l_v2:0035,01_low_friction_mu_0p12_p2l_v2,train,18.779999999999973,19.17999999999997,1,1,0.08867835005125835,0.9113216499487421,0,0,0.9472845822839866,0.052715417716013596,1,1,0.0,1.0
01_low_friction_mu_0p12_p2l_v2:0036,01_low_friction_mu_0p12_p2l_v2,train,18.979999999999976,19.379999999999974,1,1,0.02934878980478117,0.9706512101952187,0,0,0.9876877391338436,0.012312260866156381,1,1,0.0,1.0
01_low_friction_mu_0p12_p2l_v2:0037,01_low_friction_mu_0p12_p2l_v2,train,19.17999999999997,19.57999999999997,1,1,0.0,1.0,0,0,0.9808221178570001,0.019177882143000057,1,1,0.0038423423423423423,0.9961576576576576
01_low_friction_mu_0p12_p2l_v2:0038,01_low_friction_mu_0p12_p2l_v2,train,19.379999999999974,19.779999999999973,1,1,0.0,1.0,1,1,0.0,1.0,1,1,0.0,1.0
01_low_friction_mu_0p12_p2l_v2:0039,01_low_friction_mu_0p12_p2l_v2,train,19.57999999999997,19.97999999999997,1,1,0.0,1.0,1,1,0.0,1.0,1,1,0.0,1.0
01_low_friction_mu_0p12_p2l_v2:0040,01_low_friction_mu_0p12_p2l_v2,train,19.779999999999973,20.17999999999997,1,1,0.005526315789473684,0.9944736842105264,0,0,0.9773571615926072,0.022642838407392722,1,1,0.007653321769891537,0.9923466782301085
01_low_friction_mu_0p12_p2l_v2:0041,01_low_friction_mu_0p12_p2l_v2,train,19.97999999999997,20.379999999999967,1,1,0.008864961708480166,0.9911350382915199,0,0,0.9995758215840763,0.00042417841592369896,1,1,0.0037990731115731115,0.9962009268884269
01_low_friction_mu_0p12_p2l_v2:0042,01_low_friction_mu_0p12_p2l_v2,train,20.17999999999997,20.57999999999997,1,1,0.00846018584867565,0.9915398141513243,0,0,0.9649681634956785,0.03503183650432165,1,1,0.0,1.0
01_low_friction_mu_0p12_p2l_v2:0043,01_low_friction_mu_0p12_p2l_v2,train,20.379999999999967,20.779999999999966,1,1,0.006962261130198164,0.9930377388698018,0,0,0.8528867032017798,0.14711329679822022,1,1,0.0,1.0
01_low_friction_mu_0p12_p2l_v2:0044,01_low_friction_mu_0p12_p2l_v2,train,20.57999999999997,20.97999999999997,1,1,0.009102465670511196,0.9908975343294887,1,1,0.15559118879905984,0.8444088112009401,1,1,0.0,1.0
01_low_friction_mu_0p12_p2l_v2:0045,01_low_friction_mu_0p12_p2l_v2,train,20.779999999999966,21.179999999999964,1,1,0.0,1.0,1,1,0.006411127679772861,0.9935888723202271,1,1,0.0,1.0
01_low_friction_mu_0p12_p2l_v2:0046,01_low_friction_mu_0p12_p2l_v2,train,20.97999999999997,21.379999999999967,0,0,0.9724512644795213,0.027548735520478575,0,0,0.9763576861877866,0.023642313812213666,1,1,0.0,1.0
01_low_friction_mu_0p12_p2l_v2:0047,01_low_friction_mu_0p12_p2l_v2,train,21.179999999999964,21.579999999999963,0,0,0.9959121350924103,0.004087864907589625,0,0,0.9654183902512486,0.034581609748751276,1,1,0.0,1.0
01_low_friction_mu_0p12_p2l_v2:0048,01_low_friction_mu_0p12_p2l_v2,train,21.379999999999967,21.779999999999966,1,1,0.0035968877999054305,0.9964031122000946,1,1,0.0,1.0,1,1,0.0,1.0
01_low_friction_mu_0p12_p2l_v2:0049,01_low_friction_mu_0p12_p2l_v2,train,21.579999999999963,21.97999999999996,1,1,0.0,1.0,1,1,0.0,1.0,1,1,0.0,1.0
01_low_friction_mu_0p12_p2l_v2:0050,01_low_friction_mu_0p12_p2l_v2,train,21.779999999999966,22.179999999999964,0,0,0.9774887161588628,0.022511283841137382,1,1,0.015806909795076013,0.9841930902049241,1,1,0.0,1.0
01_low_friction_mu_0p12_p2l_v2:0051,01_low_friction_mu_0p12_p2l_v2,train,21.97999999999996,22.37999999999996,0,0,0.9655980890095986,0.034401910990401255,1,1,0.014744804691407423,0.9852551953085926,1,1,0.0,1.0
01_low_friction_mu_0p12_p2l_v2:0052,01_low_friction_mu_0p12_p2l_v2,train,22.179999999999964,22.579999999999963,0,0,0.9759368970884562,0.02406310291154366,1,1,0.009280862383715114,0.9907191376162849,1,1,0.0,1.0
01_low_friction_mu_0p12_p2l_v2:0053,01_low_friction_mu_0p12_p2l_v2,train,22.37999999999996,22.77999999999996,0,0,0.9288844979926909,0.0711155020073092,1,1,0.0034423076923076924,0.9965576923076923,1,1,0.0,1.0
01_low_friction_mu_0p12_p2l_v2:0054,01_low_friction_mu_0p12_p2l_v2,train,22.579999999999963,22.97999999999996,1,1,0.002,0.998,1,1,0.0,1.0,1,1,0.0,1.0
01_low_friction_mu_0p12_p2l_v2:0055,01_low_friction_mu_0p12_p2l_v2,train,22.77999999999996,23.179999999999957,1,1,0.0,1.0,1,1,0.0,1.0,1,1,0.0,1.0
01_low_friction_mu_0p12_p2l_v2:0056,01_low_friction_mu_0p12_p2l_v2,train,22.97999999999996,23.37999999999996,1,1,0.0,1.0,1,1,0.0,1.0,1,1,0.0,1.0
01_low_friction_mu_0p12_p2l_v2:0057,01_low_friction_mu_0p12_p2l_v2,train,23.179999999999957,23.579999999999956,1,1,0.0035528846153846153,0.9964471153846154,1,1,0.0,1.0,1,1,0.0,1.0
01_low_friction_mu_0p12_p2l_v2:0058,01_low_friction_mu_0p12_p2l_v2,train,23.37999999999996,23.77999999999996,1,1,0.003460036338417273,0.9965399636615827,1,1,0.0,1.0,1,1,0.0,1.0
01_low_friction_mu_0p12_p2l_v2:0059,01_low_friction_mu_0p12_p2l_v2,train,23.579999999999956,23.979999999999954,1,1,0.0015669882100750269,0.9984330117899249,1,1,0.0,1.0,1,1,0.0,1.0
01_low_friction_mu_0p12_p2l_v2:0060,01_low_friction_mu_0p12_p2l_v2,train,23.77999999999996,24.179999999999957,1,1,0.004863456184899166,0.9951365438151009,1,1,0.0,1.0,1,1,0.0,1.0
01_low_friction_mu_0p12_p2l_v2:0061,01_low_friction_mu_0p12_p2l_v2,train,23.979999999999954,24.379999999999953,1,1,0.0,1.0,1,1,0.0,1.0,1,1,0.0,1.0
01_low_friction_mu_0p12_p2l_v2:0062,01_low_friction_mu_0p12_p2l_v2,train,24.179999999999957,24.579999999999956,1,1,0.039565442576463265,0.9604345574235368,1,1,0.0,1.0,1,1,0.0,1.0
01_low_friction_mu_0p12_p2l_v2:0063,01_low_friction_mu_0p12_p2l_v2,train,24.379999999999953,24.77999999999995,1,1,0.07183029024274311,0.9281697097572569,1,1,0.0,1.0,1,1,0.0,1.0
01_low_friction_mu_0p12_p2l_v2:0064,01_low_friction_mu_0p12_p2l_v2,train,24.579999999999956,24.979999999999954,1,1,0.0019212991880074954,0.9980787008119926,1,1,0.0,1.0,1,1,0.0,1.0
01_low_friction_mu_0p12_p2l_v2:0065,01_low_friction_mu_0p12_p2l_v2,train,24.77999999999995,25.17999999999995,1,1,0.016341552233987287,0.9836584477660126,1,1,0.0,1.0,1,1,0.0,1.0
01_low_friction_mu_0p12_p2l_v2:0066,01_low_friction_mu_0p12_p2l_v2,train,24.979999999999954,25.379999999999953,1,1,0.013407136227262322,0.9865928637727377,1,1,0.0,1.0,1,1,0.0,1.0
01_low_friction_mu_0p12_p2l_v2:0067,01_low_friction_mu_0p12_p2l_v2,train,25.17999999999995,25.57999999999995,1,1,0.018871889869641494,0.9811281101303586,1,1,0.0,1.0,1,1,0.0,1.0
01_low_friction_mu_0p12_p2l_v2:0068,01_low_friction_mu_0p12_p2l_v2,train,25.379999999999953,25.77999999999995,1,1,0.008357290967022325,0.9916427090329777,1,1,0.001754807692307692,0.9982451923076923,1,1,0.0,1.0
01_low_friction_mu_0p12_p2l_v2:0069,01_low_friction_mu_0p12_p2l_v2,train,25.57999999999995,25.979999999999947,1,0,0.3016383003462234,0.6983616996537767,0,0,0.9803297027813305,0.01967029721866955,1,1,0.0,1.0
01_low_friction_mu_0p12_p2l_v2:0070,01_low_friction_mu_0p12_p2l_v2,train,25.77999999999995,26.17999999999995,1,0,0.5041514410189679,0.495848558981032,0,0,0.9921856446759081,0.007814355324091839,1,1,0.0,1.0
01_low_friction_mu_0p12_p2l_v2:0071,01_low_friction_mu_0p12_p2l_v2,train,25.979999999999947,26.379999999999946,1,1,0.015189979642094911,0.9848100203579052,0,0,0.9364685800275866,0.06353141997241335,1,1,0.0,1.0
01_low_friction_mu_0p12_p2l_v2:0072,01_low_friction_mu_0p12_p2l_v2,train,26.17999999999995,26.57999999999995,1,1,0.0017740384615384614,0.9982259615384615,1,1,0.00336345706462438,0.9966365429353756,1,1,0.0,1.0
01_low_friction_mu_0p12_p2l_v2:0073,01_low_friction_mu_0p12_p2l_v2,train,26.379999999999946,26.779999999999944,1,1,0.013029040881818993,0.986970959118181,1,1,0.008315532286385622,0.9916844677136144,1,1,0.0,1.0
01_low_friction_mu_0p12_p2l_v2:0074,01_low_friction_mu_0p12_p2l_v2,train,26.57999999999995,26.979999999999947,1,1,0.005576338093799397,0.9944236619062006,1,1,0.014660994818699756,0.9853390051813002,1,1,0.0,1.0
01_low_friction_mu_0p12_p2l_v2:0075,01_low_friction_mu_0p12_p2l_v2,train,26.779999999999944,27.179999999999943,1,1,0.0,1.0,1,1,0.0,1.0,1,1,0.0,1.0
01_low_friction_mu_0p12_p2l_v2:0076,01_low_friction_mu_0p12_p2l_v2,train,26.979999999999947,27.379999999999946,1,1,0.001795673076923077,0.9982043269230769,1,1,0.0,1.0,1,1,0.0,1.0
01_low_friction_mu_0p12_p2l_v2:0077,01_low_friction_mu_0p12_p2l_v2,train,27.179999999999943,27.57999999999994,1,1,0.0,1.0,1,1,0.0,1.0,1,1,0.0,1.0
01_low_friction_mu_0p12_p2l_v2:0078,01_low_friction_mu_0p12_p2l_v2,train,27.379999999999946,27.779999999999944,1,1,0.0,1.0,0,0,0.9669683001058581,0.033031699894142064,0,0,0.9957522276777596,0.004247772322240407
01_low_friction_mu_0p12_p2l_v2:0079,01_low_friction_mu_0p12_p2l_v2,train,27.57999999999994,27.97999999999994,1,1,0.0,1.0,0,0,0.9475624419480946,0.05243755805190569,0,0,0.9978676836934252,0.0021323163065747816
01_low_friction_mu_0p12_p2l_v2:0080,01_low_friction_mu_0p12_p2l_v2,train,27.779999999999944,28.179999999999943,1,1,0.0,1.0,1,1,0.0,1.0,1,1,0.0,1.0
01_low_friction_mu_0p12_p2l_v2:0081,01_low_friction_mu_0p12_p2l_v2,train,27.97999999999994,28.37999999999994,1,1,0.0,1.0,1,1,0.0,1.0,1,1,0.0,1.0
01_low_friction_mu_0p12_p2l_v2:0082,01_low_friction_mu_0p12_p2l_v2,train,28.179999999999943,28.57999999999994,1,1,0.0,1.0,1,1,0.0,1.0,1,1,0.0,1.0
01_low_friction_mu_0p12_p2l_v2:0083,01_low_friction_mu_0p12_p2l_v2,train,28.37999999999994,28.779999999999937,1,1,0.0,1.0,1,1,0.0,1.0,1,1,0.0,1.0
01_low_friction_mu_0p12_p2l_v2:0084,01_low_friction_mu_0p12_p2l_v2,train,28.57999999999994,28.97999999999994,1,1,0.0,1.0,1,1,0.0,1.0,1,1,0.0,1.0
01_low_friction_mu_0p12_p2l_v2:0085,01_low_friction_mu_0p12_p2l_v2,train,28.779999999999937,29.179999999999936,1,1,0.0,1.0,1,1,0.0,1.0,1,1,0.0,1.0
01_low_friction_mu_0p12_p2l_v2:0086,01_low_friction_mu_0p12_p2l_v2,train,28.97999999999994,29.37999999999994,1,1,0.0,1.0,1,1,0.0,1.0,1,1,0.0,1.0
01_low_friction_mu_0p12_p2l_v2:0087,01_low_friction_mu_0p12_p2l_v2,train,29.179999999999936,29.579999999999934,1,1,0.0011883116883116885,0.9988116883116884,1,1,0.057792370600727415,0.9422076293992725,1,1,0.0,1.0
01_low_friction_mu_0p12_p2l_v2:0088,01_low_friction_mu_0p12_p2l_v2,train,29.37999999999994,29.779999999999937,1,1,0.001795673076923077,0.9982043269230769,1,1,0.13796013918796887,0.8620398608120309,1,1,0.0,1.0
02_asymmetric_left_mu_0p15_p2l_v2:0000,02_asymmetric_left_mu_0p15_p2l_v2,train,17.234,17.634,1,1,0.0036692392502756343,0.9963307607497244,1,1,0.0,1.0,1,1,0.0,1.0
02_asymmetric_left_mu_0p15_p2l_v2:0001,02_asymmetric_left_mu_0p15_p2l_v2,train,17.434,17.834,1,1,0.0,1.0,1,1,0.0,1.0,1,1,0.0,1.0
02_asymmetric_left_mu_0p15_p2l_v2:0002,02_asymmetric_left_mu_0p15_p2l_v2,train,17.634,18.034,1,1,0.0,1.0,1,1,0.0,1.0,1,1,0.0,1.0
02_asymmetric_left_mu_0p15_p2l_v2:0003,02_asymmetric_left_mu_0p15_p2l_v2,train,17.834,18.233999999999998,1,1,0.007048972112225125,0.9929510278877749,1,1,0.0,1.0,1,1,0.0,1.0
02_asymmetric_left_mu_0p15_p2l_v2:0004,02_asymmetric_left_mu_0p15_p2l_v2,train,18.034,18.433999999999997,1,1,0.004794530345339095,0.9952054696546608,1,1,0.1181991505777643,0.8818008494222356,1,1,0.0,1.0
02_asymmetric_left_mu_0p15_p2l_v2:0005,02_asymmetric_left_mu_0p15_p2l_v2,train,18.233999999999998,18.633999999999997,1,1,0.0,1.0,1,1,0.1582151198856833,0.841784880114317,1,1,0.0,1.0
02_asymmetric_left_mu_0p15_p2l_v2:0006,02_asymmetric_left_mu_0p15_p2l_v2,train,18.433999999999997,18.833999999999996,1,1,0.0,1.0,1,1,0.0,1.0,1,1,0.0,1.0
02_asymmetric_left_mu_0p15_p2l_v2:0007,02_asymmetric_left_mu_0p15_p2l_v2,train,18.633999999999997,19.033999999999995,1,1,0.0,1.0,1,1,0.0,1.0,1,1,0.0,1.0
02_asymmetric_left_mu_0p15_p2l_v2:0008,02_asymmetric_left_mu_0p15_p2l_v2,train,18.833999999999996,19.233999999999995,1,1,0.0,1.0,1,1,0.0,1.0,1,1,0.0,1.0
02_asymmetric_left_mu_0p15_p2l_v2:0009,02_asymmetric_left_mu_0p15_p2l_v2,train,19.033999999999995,19.433999999999994,1,1,0.0017908653846153849,0.9982091346153846,1,1,0.2241675611817032,0.7758324388182968,0,0,0.9453187141481608,0.05468128585183931
02_asymmetric_left_mu_0p15_p2l_v2:0010,02_asymmetric_left_mu_0p15_p2l_v2,train,19.233999999999995,19.633999999999993,1,1,0.0017692307692307693,0.9982307692307693,1,1,0.1384915229400348,0.8615084770599651,0,0,0.9296631238467107,0.07033687615328929
02_asymmetric_left_mu_0p15_p2l_v2:0011,02_asymmetric_left_mu_0p15_p2l_v2,train,19.433999999999994,19.833999999999993,1,1,0.005272851019462465,0.9947271489805376,1,1,0.0,1.0,1,1,0.0,1.0
02_asymmetric_left_mu_0p15_p2l_v2:0012,02_asymmetric_left_mu_0p15_p2l_v2,train,19.633999999999993,20.033999999999992,1,1,0.004761310642508741,0.9952386893574913,1,1,0.0,1.0,1,1,0.0,1.0
02_asymmetric_left_mu_0p15_p2l_v2:0013,02_asymmetric_left_mu_0p15_p2l_v2,train,19.833999999999993,20.23399999999999,1,1,0.0,1.0,1,1,0.0,1.0,1,1,0.0,1.0
02_asymmetric_left_mu_0p15_p2l_v2:0014,02_asymmetric_left_mu_0p15_p2l_v2,train,20.033999999999992,20.43399999999999,1,1,0.0,1.0,1,1,0.001754807692307692,0.9982451923076923,1,1,0.0,1.0
02_asymmetric_left_mu_0p15_p2l_v2:0015,02_asymmetric_left_mu_0p15_p2l_v2,train,20.23399999999999,20.63399999999999,1,1,0.18426161053824355,0.8157383894617564,1,1,0.04706715038880445,0.9529328496111956,1,1,0.0,1.0
02_asymmetric_left_mu_0p15_p2l_v2:0016,02_asymmetric_left_mu_0p15_p2l_v2,train,20.43399999999999,20.83399999999999,1,0,0.31025775123167354,0.6897422487683265,1,1,0.07566795053749024,0.9243320494625099,1,1,0.0,1.0
02_asymmetric_left_mu_0p15_p2l_v2:0017,02_asymmetric_left_mu_0p15_p2l_v2,train,20.63399999999999,21.03399999999999,1,1,0.0,1.0,1,1,0.0,1.0,1,1,0.0,1.0
02_asymmetric_left_mu_0p15_p2l_v2:0018,02_asymmetric_left_mu_0p15_p2l_v2,train,20.83399999999999,21.233999999999988,1,1,0.0,1.0,1,1,0.0,1.0,1,1,0.0,1.0
02_asymmetric_left_mu_0p15_p2l_v2:0019,02_asymmetric_left_mu_0p15_p2l_v2,train,21.03399999999999,21.433999999999987,1,1,0.17855799700114167,0.8214420029988585,1,1,0.0,1.0,1,1,0.0,1.0
02_asymmetric_left_mu_0p15_p2l_v2:0020,02_asymmetric_left_mu_0p15_p2l_v2,train,21.233999999999988,21.633999999999986,1,1,0.12962850266139703,0.8703714973386032,1,1,0.0,1.0,1,1,0.0,1.0
02_asymmetric_left_mu_0p15_p2l_v2:0021,02_asymmetric_left_mu_0p15_p2l_v2,train,21.433999999999987,21.833999999999985,1,1,0.0,1.0,1,1,0.0,1.0,1,1,0.0,1.0
02_asymmetric_left_mu_0p15_p2l_v2:0022,02_asymmetric_left_mu_0p15_p2l_v2,train,21.633999999999986,22.033999999999985,1,1,0.0,1.0,1,1,0.0,1.0,1,1,0.0,1.0
02_asymmetric_left_mu_0p15_p2l_v2:0023,02_asymmetric_left_mu_0p15_p2l_v2,train,21.833999999999985,22.233999999999984,1,1,0.0,1.0,1,1,0.0,1.0,1,1,0.0,1.0
02_asymmetric_left_mu_0p15_p2l_v2:0024,02_asymmetric_left_mu_0p15_p2l_v2,train,22.033999999999985,22.433999999999983,1,1,0.015621816166293791,0.9843781838337062,1,1,0.0,1.0,1,1,0.0,1.0
02_asymmetric_left_mu_0p15_p2l_v2:0025,02_asymmetric_left_mu_0p15_p2l_v2,train,22.233999999999984,22.633999999999983,1,1,0.008547972908633565,0.9914520270913665,1,1,0.0,1.0,1,1,0.0,1.0
02_asymmetric_left_mu_0p15_p2l_v2:0026,02_asymmetric_left_mu_0p15_p2l_v2,train,22.433999999999983,22.833999999999982,1,1,0.0,1.0,1,1,0.0,1.0,1,1,0.0,1.0
02_asymmetric_left_mu_0p15_p2l_v2:0027,02_asymmetric_left_mu_0p15_p2l_v2,train,22.633999999999983,23.03399999999998,1,1,0.0,1.0,1,1,0.0,1.0,1,1,0.0,1.0
02_asymmetric_left_mu_0p15_p2l_v2:0028,02_asymmetric_left_mu_0p15_p2l_v2,train,22.833999999999982,23.23399999999998,1,1,0.0,1.0,1,1,0.0,1.0,1,1,0.0,1.0
02_asymmetric_left_mu_0p15_p2l_v2:0029,02_asymmetric_left_mu_0p15_p2l_v2,train,23.03399999999998,23.43399999999998,1,1,0.005850374064837905,0.994149625935162,1,1,0.0,1.0,1,1,0.0,1.0
02_asymmetric_left_mu_0p15_p2l_v2:0030,02_asymmetric_left_mu_0p15_p2l_v2,train,23.23399999999998,23.63399999999998,1,1,0.003533653846153846,0.9964663461538462,1,1,0.0017427884615384616,0.9982572115384616,1,1,0.0,1.0
02_asymmetric_left_mu_0p15_p2l_v2:0031,02_asymmetric_left_mu_0p15_p2l_v2,train,23.43399999999998,23.83399999999998,1,1,0.0,1.0,1,1,0.0,1.0,1,1,0.0,1.0
02_asymmetric_left_mu_0p15_p2l_v2:0032,02_asymmetric_left_mu_0p15_p2l_v2,train,23.63399999999998,24.033999999999978,1,1,0.0,1.0,1,1,0.0,1.0,1,1,0.0,1.0
02_asymmetric_left_mu_0p15_p2l_v2:0033,02_asymmetric_left_mu_0p15_p2l_v2,train,23.83399999999998,24.233999999999977,1,1,0.0,1.0,1,1,0.0,1.0,1,1,0.0,1.0
02_asymmetric_left_mu_0p15_p2l_v2:0034,02_asymmetric_left_mu_0p15_p2l_v2,train,24.033999999999978,24.433999999999976,1,1,0.0,1.0,1,1,0.0,1.0,1,1,0.0,1.0
02_asymmetric_left_mu_0p15_p2l_v2:0035,02_asymmetric_left_mu_0p15_p2l_v2,train,24.233999999999977,24.633999999999975,1,1,0.0,1.0,1,1,0.0,1.0,1,1,0.0,1.0
02_asymmetric_left_mu_0p15_p2l_v2:0036,02_asymmetric_left_mu_0p15_p2l_v2,train,24.433999999999976,24.833999999999975,1,1,0.0,1.0,1,1,0.0,1.0,1,1,0.0,1.0
02_asymmetric_left_mu_0p15_p2l_v2:0037,02_asymmetric_left_mu_0p15_p2l_v2,train,24.633999999999975,25.033999999999974,1,1,0.0017884615384615382,0.9982115384615384,1,1,0.0017427884615384616,0.9982572115384616,1,1,0.0,1.0
02_asymmetric_left_mu_0p15_p2l_v2:0038,02_asymmetric_left_mu_0p15_p2l_v2,train,24.833999999999975,25.233999999999973,1,1,0.03726566973942909,0.962734330260571,0,0,0.9296127210303655,0.07038727896963427,1,1,0.0,1.0
02_asymmetric_left_mu_0p15_p2l_v2:0039,02_asymmetric_left_mu_0p15_p2l_v2,train,25.033999999999974,25.433999999999973,1,1,0.023821601194181117,0.9761783988058187,0,0,0.97069616859655,0.029303831403450067,1,1,0.0,1.0
02_asymmetric_left_mu_0p15_p2l_v2:0040,02_asymmetric_left_mu_0p15_p2l_v2,train,25.233999999999973,25.633999999999972,1,1,0.017235838504633456,0.9827641614953666,0,0,0.9388176637963681,0.061182336203631685,1,1,0.0,1.0
02_asymmetric_left_mu_0p15_p2l_v2:0041,02_asymmetric_left_mu_0p15_p2l_v2,train,25.433999999999973,25.83399999999997,1,1,0.005111657899202443,0.9948883421007976,1,1,0.0,1.0,1,1,0.0,1.0
02_asymmetric_left_mu_0p15_p2l_v2:0042,02_asymmetric_left_mu_0p15_p2l_v2,train,25.633999999999972,26.03399999999997,1,1,0.0,1.0,1,1,0.0,1.0,1,1,0.0,1.0
02_asymmetric_left_mu_0p15_p2l_v2:0043,02_asymmetric_left_mu_0p15_p2l_v2,train,25.83399999999997,26.23399999999997,1,1,0.0,1.0,1,1,0.0,1.0,1,1,0.0,1.0
02_asymmetric_left_mu_0p15_p2l_v2:0044,02_asymmetric_left_mu_0p15_p2l_v2,train,26.03399999999997,26.43399999999997,1,1,0.0,1.0,1,1,0.0,1.0,1,1,0.0,1.0
02_asymmetric_left_mu_0p15_p2l_v2:0045,02_asymmetric_left_mu_0p15_p2l_v2,train,26.23399999999997,26.63399999999997,1,1,0.0,1.0,1,1,0.0017379807692307694,0.9982620192307693,1,1,0.0,1.0
02_asymmetric_left_mu_0p15_p2l_v2:0046,02_asymmetric_left_mu_0p15_p2l_v2,train,26.43399999999997,26.833999999999968,1,1,0.0,1.0,1,1,0.0,1.0,1,1,0.0,1.0
02_asymmetric_left_mu_0p15_p2l_v2:0047,02_asymmetric_left_mu_0p15_p2l_v2,train,26.63399999999997,27.033999999999967,1,1,0.005336025330504736,0.9946639746694953,0,0,0.9532943708963105,0.046705629103689444,1,1,0.03146704893740563,0.9685329510625943
02_asymmetric_left_mu_0p15_p2l_v2:0048,02_asymmetric_left_mu_0p15_p2l_v2,train,26.833999999999968,27.233999999999966,1,1,0.01229855063414846,0.9877014493658516,0,0,0.9977620192307692,0.002237980769230769,1,1,0.002,0.998
02_asymmetric_left_mu_0p15_p2l_v2:0049,02_asymmetric_left_mu_0p15_p2l_v2,train,27.033999999999967,27.433999999999966,1,1,0.01386049874635062,0.9861395012536496,0,0,0.9859263073475235,0.014073692652476252,1,1,0.018,0.982
02_asymmetric_left_mu_0p15_p2l_v2:0050,02_asymmetric_left_mu_0p15_p2l_v2,train,27.233999999999966,27.633999999999965,1,1,0.0,1.0,0,0,0.9085952904636713,0.09140470953632869,1,1,0.017725227892772463,0.9822747721072276
02_asymmetric_left_mu_0p15_p2l_v2:0051,02_asymmetric_left_mu_0p15_p2l_v2,train,27.433999999999966,27.833999999999964,1,1,0.0017280550774526678,0.9982719449225473,1,1,0.0,1.0,1,1,0.0019639423076923076,0.9980360576923076
02_asymmetric_left_mu_0p15_p2l_v2:0052,02_asymmetric_left_mu_0p15_p2l_v2,train,27.633999999999965,28.033999999999963,1,1,0.012730523023735965,0.987269476976264,1,1,0.0,1.0,1,1,0.0,1.0
02_asymmetric_left_mu_0p15_p2l_v2:0053,02_asymmetric_left_mu_0p15_p2l_v2,train,27.833999999999964,28.233999999999963,1,1,0.06846925217783403,0.9315307478221658,1,1,0.004915033960292581,0.9950849660397073,1,1,0.0,1.0
02_asymmetric_left_mu_0p15_p2l_v2:0054,02_asymmetric_left_mu_0p15_p2l_v2,train,28.033999999999963,28.433999999999962,1,1,0.0015469387755102039,0.9984530612244898,1,1,0.01987945359334769,0.9801205464066524,1,1,0.0,1.0
02_asymmetric_left_mu_0p15_p2l_v2:0055,02_asymmetric_left_mu_0p15_p2l_v2,train,28.233999999999963,28.63399999999996,1,1,0.0,1.0,1,1,0.0,1.0,1,1,0.0,1.0
02_asymmetric_left_mu_0p15_p2l_v2:0056,02_asymmetric_left_mu_0p15_p2l_v2,train,28.433999999999962,28.83399999999996,1,1,0.005613907654581606,0.9943860923454184,1,1,0.1228871645062827,0.8771128354937172,1,1,0.002,0.998
02_asymmetric_left_mu_0p15_p2l_v2:0057,02_asymmetric_left_mu_0p15_p2l_v2,train,28.63399999999996,29.03399999999996,1,1,0.0018125,0.9981875,0,0,0.7956018191157966,0.20439818088420317,1,1,0.033919905771495874,0.966080094228504
03_rough_h0p008_spacing0p45_p2l_v2:0000,03_rough_h0p008_spacing0p45_p2l_v2,train,20.813,21.212999999999997,1,1,0.0,1.0,1,1,0.0,1.0,1,1,0.0,1.0
03_rough_h0p008_spacing0p45_p2l_v2:0001,03_rough_h0p008_spacing0p45_p2l_v2,train,21.012999999999998,21.412999999999997,1,1,0.0016571428571428572,0.9983428571428572,1,1,0.0,1.0,1,1,0.0,1.0
03_rough_h0p008_spacing0p45_p2l_v2:0002,03_rough_h0p008_spacing0p45_p2l_v2,train,21.212999999999997,21.612999999999996,1,1,0.01656894084533225,0.9834310591546679,1,1,0.0,1.0,1,1,0.0,1.0
03_rough_h0p008_spacing0p45_p2l_v2:0003,03_rough_h0p008_spacing0p45_p2l_v2,train,21.412999999999997,21.812999999999995,1,1,0.0,1.0,1,1,0.001477533960292581,0.9985224660397074,1,1,0.0,1.0
03_rough_h0p008_spacing0p45_p2l_v2:0004,03_rough_h0p008_spacing0p45_p2l_v2,train,21.612999999999996,22.012999999999995,1,1,0.0,1.0,1,1,0.0,1.0,1,1,0.0,1.0
03_rough_h0p008_spacing0p45_p2l_v2:0005,03_rough_h0p008_spacing0p45_p2l_v2,train,21.812999999999995,22.212999999999994,1,1,0.0,1.0,1,1,0.0,1.0,1,1,0.0,1.0
03_rough_h0p008_spacing0p45_p2l_v2:0006,03_rough_h0p008_spacing0p45_p2l_v2,train,22.012999999999995,22.412999999999993,1,1,0.0017980769230769229,0.9982019230769231,1,1,0.0,1.0,1,1,0.0,1.0
03_rough_h0p008_spacing0p45_p2l_v2:0007,03_rough_h0p008_spacing0p45_p2l_v2,train,22.212999999999994,22.612999999999992,1,1,0.009353365384615385,0.9906466346153846,1,1,0.001477533960292581,0.9985224660397074,1,1,0.001943127962085308,0.9980568720379147
03_rough_h0p008_spacing0p45_p2l_v2:0008,03_rough_h0p008_spacing0p45_p2l_v2,train,22.412999999999993,22.81299999999999,1,1,0.003560096153846154,0.9964399038461538,1,1,0.0,1.0,1,1,0.0,1.0
03_rough_h0p008_spacing0p45_p2l_v2:0009,03_rough_h0p008_spacing0p45_p2l_v2,train,22.612999999999992,23.01299999999999,1,1,0.0,1.0,1,1,0.0,1.0,1,1,0.0,1.0
03_rough_h0p008_spacing0p45_p2l_v2:0010,03_rough_h0p008_spacing0p45_p2l_v2,train,22.81299999999999,23.21299999999999,1,1,0.0,1.0,1,1,0.0,1.0,1,1,0.0,1.0
03_rough_h0p008_spacing0p45_p2l_v2:0011,03_rough_h0p008_spacing0p45_p2l_v2,train,23.01299999999999,23.41299999999999,1,1,0.0,1.0,1,1,0.0,1.0,1,1,0.0,1.0
03_rough_h0p008_spacing0p45_p2l_v2:0012,03_rough_h0p008_spacing0p45_p2l_v2,train,23.21299999999999,23.61299999999999,1,1,0.0,1.0,1,1,0.0,1.0,1,1,0.0,1.0
03_rough_h0p008_spacing0p45_p2l_v2:0013,03_rough_h0p008_spacing0p45_p2l_v2,train,23.41299999999999,23.812999999999988,1,1,0.0,1.0,1,1,0.0,1.0,1,1,0.0,1.0
03_rough_h0p008_spacing0p45_p2l_v2:0014,03_rough_h0p008_spacing0p45_p2l_v2,train,23.61299999999999,24.012999999999987,1,1,0.0,1.0,1,1,0.0,1.0,1,1,0.0,1.0
03_rough_h0p008_spacing0p45_p2l_v2:0015,03_rough_h0p008_spacing0p45_p2l_v2,train,23.812999999999988,24.212999999999987,1,1,0.0,1.0,1,1,0.0,1.0,1,1,0.0,1.0
03_rough_h0p008_spacing0p45_p2l_v2:0016,03_rough_h0p008_spacing0p45_p2l_v2,train,24.012999999999987,24.412999999999986,1,1,0.0,1.0,1,1,0.0,1.0,1,1,0.0,1.0
03_rough_h0p008_spacing0p45_p2l_v2:0017,03_rough_h0p008_spacing0p45_p2l_v2,train,24.212999999999987,24.612999999999985,1,1,0.001910860012554928,0.9980891399874451,1,1,0.0,1.0,1,1,0.0,1.0
03_rough_h0p008_spacing0p45_p2l_v2:0018,03_rough_h0p008_spacing0p45_p2l_v2,train,24.412999999999986,24.812999999999985,1,1,0.0,1.0,1,1,0.0,1.0,1,1,0.0,1.0
03_rough_h0p008_spacing0p45_p2l_v2:0019,03_rough_h0p008_spacing0p45_p2l_v2,train,24.612999999999985,25.012999999999984,1,1,0.0,1.0,1,1,0.0,1.0,1,1,0.0,1.0
03_rough_h0p008_spacing0p45_p2l_v2:0020,03_rough_h0p008_spacing0p45_p2l_v2,train,24.812999999999985,25.212999999999983,1,1,0.0,1.0,1,1,0.0,1.0,1,1,0.0,1.0
03_rough_h0p008_spacing0p45_p2l_v2:0021,03_rough_h0p008_spacing0p45_p2l_v2,train,25.012999999999984,25.412999999999982,1,1,0.0036422740078392944,0.9963577259921607,1,1,0.0,1.0,1,1,0.0,1.0
03_rough_h0p008_spacing0p45_p2l_v2:0022,03_rough_h0p008_spacing0p45_p2l_v2,train,25.212999999999983,25.612999999999982,1,1,0.0036172330622183555,0.9963827669377816,1,1,0.0,1.0,1,1,0.0,1.0
03_rough_h0p008_spacing0p45_p2l_v2:0023,03_rough_h0p008_spacing0p45_p2l_v2,train,25.412999999999982,25.81299999999998,1,1,0.01035085752401818,0.9896491424759818,1,1,0.0,1.0,1,1,0.0,1.0
03_rough_h0p008_spacing0p45_p2l_v2:0024,03_rough_h0p008_spacing0p45_p2l_v2,train,25.612999999999982,26.01299999999998,1,1,0.0,1.0,1,1,0.0,1.0,1,1,0.0,1.0
03_rough_h0p008_spacing0p45_p2l_v2:0025,03_rough_h0p008_spacing0p45_p2l_v2,train,25.81299999999998,26.21299999999998,1,1,0.0,1.0,1,1,0.0,1.0,1,1,0.0,1.0
03_rough_h0p008_spacing0p45_p2l_v2:0026,03_rough_h0p008_spacing0p45_p2l_v2,train,26.01299999999998,26.41299999999998,1,1,0.007619234160632022,0.992380765839368,1,1,0.0,1.0,1,1,0.0,1.0
03_rough_h0p008_spacing0p45_p2l_v2:0027,03_rough_h0p008_spacing0p45_p2l_v2,train,26.21299999999998,26.61299999999998,1,1,0.01765540453292017,0.9823445954670799,1,1,0.0,1.0,1,1,0.0,1.0
03_rough_h0p008_spacing0p45_p2l_v2:0028,03_rough_h0p008_spacing0p45_p2l_v2,train,26.41299999999998,26.812999999999978,1,1,0.008332339438549745,0.9916676605614503,1,1,0.001477533960292581,0.9985224660397074,1,1,0.0,1.0
03_rough_h0p008_spacing0p45_p2l_v2:0029,03_rough_h0p008_spacing0p45_p2l_v2,train,26.61299999999998,27.012999999999977,1,1,0.009057441233838516,0.9909425587661613,1,1,0.0,1.0,1,1,0.0,1.0
03_rough_h0p008_spacing0p45_p2l_v2:0030,03_rough_h0p008_spacing0p45_p2l_v2,train,26.812999999999978,27.212999999999976,1,1,0.0,1.0,1,1,0.0,1.0,1,1,0.0,1.0
03_rough_h0p008_spacing0p45_p2l_v2:0031,03_rough_h0p008_spacing0p45_p2l_v2,train,27.012999999999977,27.412999999999975,1,1,0.001911944202266783,0.9980880557977332,1,1,0.0,1.0,1,1,0.0,1.0
03_rough_h0p008_spacing0p45_p2l_v2:0032,03_rough_h0p008_spacing0p45_p2l_v2,train,27.212999999999976,27.612999999999975,1,1,0.027367419330610276,0.9726325806693898,1,1,0.0,1.0,1,1,0.0,1.0
03_rough_h0p008_spacing0p45_p2l_v2:0033,03_rough_h0p008_spacing0p45_p2l_v2,train,27.412999999999975,27.812999999999974,1,1,0.1100537050979717,0.8899462949020283,1,1,0.050693846242609204,0.9493061537573907,1,1,0.0,1.0
03_rough_h0p008_spacing0p45_p2l_v2:0034,03_rough_h0p008_spacing0p45_p2l_v2,train,27.612999999999975,28.012999999999973,1,1,0.0038254977173707762,0.9961745022826293,1,1,0.1290692368248819,0.8709307631751184,1,1,0.0,1.0
03_rough_h0p008_spacing0p45_p2l_v2:0035,03_rough_h0p008_spacing0p45_p2l_v2,train,27.812999999999974,28.212999999999973,1,1,0.014696139838443844,0.9853038601615562,1,1,0.003854287556415216,0.9961457124435847,1,1,0.0,1.0
03_rough_h0p008_spacing0p45_p2l_v2:0036,03_rough_h0p008_spacing0p45_p2l_v2,train,28.012999999999973,28.412999999999972,1,1,0.011126794445053701,0.9888732055549464,1,1,0.0,1.0,1,1,0.0,1.0
03_rough_h0p008_spacing0p45_p2l_v2:0037,03_rough_h0p008_spacing0p45_p2l_v2,train,28.212999999999973,28.61299999999997,1,1,0.0,1.0,1,1,0.0,1.0,1,1,0.0,1.0
03_rough_h0p008_spacing0p45_p2l_v2:0038,03_rough_h0p008_spacing0p45_p2l_v2,train,28.412999999999972,28.81299999999997,1,1,0.0019232096635030196,0.998076790336497,0,0,0.7205282925074062,0.27947170749259387,1,1,0.0,1.0
03_rough_h0p008_spacing0p45_p2l_v2:0039,03_rough_h0p008_spacing0p45_p2l_v2,train,28.61299999999997,29.01299999999997,1,1,0.005213496563744752,0.9947865034362552,0,0,0.7927877461682965,0.2072122538317036,1,1,0.0079375,0.9920625
03_rough_h0p008_spacing0p45_p2l_v2:0040,03_rough_h0p008_spacing0p45_p2l_v2,train,28.81299999999997,29.21299999999997,1,1,0.0018856416772554002,0.9981143583227445,1,1,0.0014994742376445846,0.9985005257623555,1,1,0.0019291617473435655,0.9980708382526565
03_rough_h0p008_spacing0p45_p2l_v2:0041,03_rough_h0p008_spacing0p45_p2l_v2,train,29.01299999999997,29.41299999999997,1,1,0.003633237831101554,0.9963667621688984,1,1,0.0014994742376445846,0.9985005257623555,1,1,0.0,1.0
03_rough_h0p008_spacing0p45_p2l_v2:0042,03_rough_h0p008_spacing0p45_p2l_v2,train,29.21299999999997,29.612999999999968,1,1,0.005407276292640015,0.99459272370736,1,1,0.0032663011607215074,0.9967336988392785,1,1,0.0,1.0
03_rough_h0p008_spacing0p45_p2l_v2:0043,03_rough_h0p008_spacing0p45_p2l_v2,train,29.41299999999997,29.812999999999967,1,1,0.048508066084898514,0.9514919339151017,1,1,0.026728501322861503,0.9732714986771385,1,1,0.0,1.0
03_rough_h0p008_spacing0p45_p2l_v2:0044,03_rough_h0p008_spacing0p45_p2l_v2,train,29.612999999999968,30.012999999999966,1,1,0.0395763839297181,0.9604236160702819,1,1,0.021256001542057788,0.9787439984579421,1,1,0.0,1.0
03_rough_h0p008_spacing0p45_p2l_v2:0045,03_rough_h0p008_spacing0p45_p2l_v2,train,29.812999999999967,30.212999999999965,1,1,0.0,1.0,1,1,0.0,1.0,1,1,0.0,1.0
03_rough_h0p008_spacing0p45_p2l_v2:0046,03_rough_h0p008_spacing0p45_p2l_v2,train,30.012999999999966,30.412999999999965,1,1,0.0,1.0,1,1,0.0,1.0,1,1,0.0,1.0
03_rough_h0p008_spacing0p45_p2l_v2:0047,03_rough_h0p008_spacing0p45_p2l_v2,train,30.212999999999965,30.612999999999964,1,1,0.1622921346583632,0.8377078653416368,1,1,0.002,0.998,1,1,0.0,1.0
03_rough_h0p008_spacing0p45_p2l_v2:0048,03_rough_h0p008_spacing0p45_p2l_v2,train,30.412999999999965,30.812999999999963,1,0,0.4737873781759556,0.5262126218240444,1,1,0.0,1.0,1,1,0.0,1.0
03_rough_h0p008_spacing0p45_p2l_v2:0049,03_rough_h0p008_spacing0p45_p2l_v2,train,30.612999999999964,31.012999999999963,1,0,0.31914730254509344,0.6808526974549068,1,1,0.0017211538461538462,0.9982788461538462,1,1,0.0,1.0
03_rough_h0p008_spacing0p45_p2l_v2:0050,03_rough_h0p008_spacing0p45_p2l_v2,train,30.812999999999963,31.212999999999962,1,1,0.017022705113760823,0.9829772948862392,1,1,0.0,1.0,1,1,0.0,1.0
03_rough_h0p008_spacing0p45_p2l_v2:0051,03_rough_h0p008_spacing0p45_p2l_v2,train,31.012999999999963,31.41299999999996,1,1,0.0,1.0,1,1,0.0,1.0,1,1,0.0,1.0
03_rough_h0p008_spacing0p45_p2l_v2:0052,03_rough_h0p008_spacing0p45_p2l_v2,train,31.212999999999962,31.61299999999996,1,1,0.0,1.0,1,1,0.0,1.0,1,1,0.0,1.0
03_rough_h0p008_spacing0p45_p2l_v2:0053,03_rough_h0p008_spacing0p45_p2l_v2,train,31.41299999999996,31.81299999999996,1,1,0.01052172486064877,0.9894782751393513,1,1,0.0,1.0,1,1,0.0,1.0
03_rough_h0p008_spacing0p45_p2l_v2:0054,03_rough_h0p008_spacing0p45_p2l_v2,train,31.61299999999996,32.01299999999996,1,1,0.02440962942598435,0.9755903705740158,1,1,0.0,1.0,1,1,0.0,1.0
03_rough_h0p008_spacing0p45_p2l_v2:0055,03_rough_h0p008_spacing0p45_p2l_v2,train,31.81299999999996,32.21299999999996,1,1,0.047726839905777224,0.9522731600942229,1,1,0.0,1.0,1,1,0.0,1.0
03_rough_h0p008_spacing0p45_p2l_v2:0056,03_rough_h0p008_spacing0p45_p2l_v2,train,32.01299999999996,32.41299999999996,1,1,0.019373287726454372,0.9806267122735457,1,1,0.00541956550275663,0.9945804344972433,1,1,0.0,1.0
03_rough_h0p008_spacing0p45_p2l_v2:0057,03_rough_h0p008_spacing0p45_p2l_v2,train,32.21299999999996,32.61299999999996,1,1,0.018064066825363906,0.981935933174636,1,1,0.0016791808873720135,0.9983208191126279,1,1,0.0,1.0
03_rough_h0p008_spacing0p45_p2l_v2:0058,03_rough_h0p008_spacing0p45_p2l_v2,train,32.412999999999954,32.81299999999995,1,1,0.0,1.0,1,1,0.0,1.0,1,1,0.0,1.0
03_rough_h0p008_spacing0p45_p2l_v2:0059,03_rough_h0p008_spacing0p45_p2l_v2,train,32.61299999999996,33.012999999999955,1,1,0.0,1.0,1,1,0.0,1.0,1,1,0.0,1.0
03_rough_h0p008_spacing0p45_p2l_v2:0060,03_rough_h0p008_spacing0p45_p2l_v2,train,32.81299999999996,33.21299999999996,1,1,0.002,0.998,1,1,0.0,1.0,1,1,0.0,1.0
03_rough_h0p008_spacing0p45_p2l_v2:0061,03_rough_h0p008_spacing0p45_p2l_v2,train,33.012999999999955,33.412999999999954,1,1,0.0034756512312988214,0.9965243487687012,1,1,0.0,1.0,1,1,0.0,1.0
03_rough_h0p008_spacing0p45_p2l_v2:0062,03_rough_h0p008_spacing0p45_p2l_v2,train,33.21299999999995,33.61299999999995,1,1,0.0017475961538461538,0.9982524038461538,1,1,0.0,1.0,1,1,0.0,1.0
03_rough_h0p008_spacing0p45_p2l_v2:0063,03_rough_h0p008_spacing0p45_p2l_v2,train,33.412999999999954,33.81299999999995,1,1,0.11765093572804028,0.8823490642719598,1,1,0.0,1.0,1,1,0.0,1.0
03_rough_h0p008_spacing0p45_p2l_v2:0064,03_rough_h0p008_spacing0p45_p2l_v2,train,33.61299999999996,34.012999999999955,1,1,0.16040005570942265,0.8395999442905775,1,1,0.0,1.0,1,1,0.0,1.0
03_rough_h0p008_spacing0p45_p2l_v2:0065,03_rough_h0p008_spacing0p45_p2l_v2,train,33.81299999999995,34.21299999999995,1,1,0.009295348522531475,0.9907046514774686,1,1,0.0,1.0,1,1,0.0,1.0
03_rough_h0p008_spacing0p45_p2l_v2:0066,03_rough_h0p008_spacing0p45_p2l_v2,train,34.01299999999995,34.41299999999995,1,1,0.0,1.0,1,1,0.0,1.0,1,1,0.0,1.0
03_rough_h0p008_spacing0p45_p2l_v2:0067,03_rough_h0p008_spacing0p45_p2l_v2,train,34.21299999999995,34.61299999999995,1,1,0.0223599663597783,0.9776400336402217,1,1,0.19693975397889035,0.8030602460211096,1,1,0.0,1.0
03_rough_h0p008_spacing0p45_p2l_v2:0068,03_rough_h0p008_spacing0p45_p2l_v2,train,34.412999999999954,34.81299999999995,1,1,0.02359267474716319,0.976407325252837,1,0,0.30478550537273646,0.6952144946272636,1,1,0.0,1.0
03_rough_h0p008_spacing0p45_p2l_v2:0069,03_rough_h0p008_spacing0p45_p2l_v2,train,34.61299999999995,35.01299999999995,1,1,0.01255600405519946,0.9874439959448006,1,1,0.0017307692307692308,0.9982692307692307,1,1,0.0,1.0
03_rough_h0p008_spacing0p45_p2l_v2:0070,03_rough_h0p008_spacing0p45_p2l_v2,train,34.812999999999946,35.212999999999944,1,1,0.005372756241524874,0.9946272437584751,1,1,0.003766826923076923,0.996233173076923,1,1,0.0,1.0
03_rough_h0p008_spacing0p45_p2l_v2:0071,03_rough_h0p008_spacing0p45_p2l_v2,train,35.01299999999995,35.41299999999995,1,1,0.0015469387755102039,0.9984530612244898,1,1,0.0035384615384615385,0.9964615384615384,1,1,0.0,1.0
03_rough_h0p008_spacing0p45_p2l_v2:0072,03_rough_h0p008_spacing0p45_p2l_v2,train,35.21299999999995,35.61299999999995,1,1,0.0,1.0,1,1,0.0,1.0,1,1,0.0,1.0
03_rough_h0p008_spacing0p45_p2l_v2:0073,03_rough_h0p008_spacing0p45_p2l_v2,train,35.41299999999995,35.812999999999946,1,1,0.0,1.0,1,1,0.0,1.0,1,1,0.0,1.0
03_rough_h0p008_spacing0p45_p2l_v2:0074,03_rough_h0p008_spacing0p45_p2l_v2,train,35.61299999999994,36.01299999999994,1,1,0.0,1.0,1,1,0.0,1.0,1,1,0.0,1.0
03_rough_h0p008_spacing0p45_p2l_v2:0075,03_rough_h0p008_spacing0p45_p2l_v2,train,35.812999999999946,36.212999999999944,1,1,0.0,1.0,1,1,0.0,1.0,1,1,0.0,1.0
03_rough_h0p008_spacing0p45_p2l_v2:0076,03_rough_h0p008_spacing0p45_p2l_v2,train,36.01299999999995,36.41299999999995,1,1,0.0017280550774526678,0.9982719449225473,0,0,0.9267819236277639,0.0732180763722361,0,0,0.9999525970888916,4.7402911108340606e-05
03_rough_h0p008_spacing0p45_p2l_v2:0077,03_rough_h0p008_spacing0p45_p2l_v2,train,36.212999999999944,36.61299999999994,1,1,0.001884297520661157,0.9981157024793388,0,0,0.9520108264734477,0.04798917352655226,0,0,0.9919711538461539,0.008028846153846154
03_rough_h0p008_spacing0p45_p2l_v2:0078,03_rough_h0p008_spacing0p45_p2l_v2,train,36.41299999999994,36.81299999999994,1,1,0.0,1.0,1,1,0.0,1.0,1,1,0.0,1.0
03_rough_h0p008_spacing0p45_p2l_v2:0079,03_rough_h0p008_spacing0p45_p2l_v2,train,36.61299999999994,37.01299999999994,1,1,0.0,1.0,1,1,0.0,1.0,1,1,0.0,1.0
03_rough_h0p008_spacing0p45_p2l_v2:0080,03_rough_h0p008_spacing0p45_p2l_v2,train,36.812999999999946,37.212999999999944,1,1,0.0,1.0,1,1,0.0,1.0,1,1,0.0,1.0
03_rough_h0p008_spacing0p45_p2l_v2:0081,03_rough_h0p008_spacing0p45_p2l_v2,train,37.01299999999994,37.41299999999994,1,1,0.0,1.0,1,1,0.0,1.0,1,1,0.0,1.0
03_rough_h0p008_spacing0p45_p2l_v2:0082,03_rough_h0p008_spacing0p45_p2l_v2,train,37.21299999999994,37.612999999999936,1,1,0.0,1.0,1,1,0.0,1.0,1,1,0.0,1.0
03_rough_h0p008_spacing0p45_p2l_v2:0083,03_rough_h0p008_spacing0p45_p2l_v2,train,37.41299999999994,37.81299999999994,1,1,0.0,1.0,1,1,0.0,1.0,1,1,0.0,1.0
03_rough_h0p008_spacing0p45_p2l_v2:0084,03_rough_h0p008_spacing0p45_p2l_v2,train,37.61299999999994,38.01299999999994,1,1,0.0,1.0,1,1,0.0,1.0,1,1,0.0,1.0
03_rough_h0p008_spacing0p45_p2l_v2:0085,03_rough_h0p008_spacing0p45_p2l_v2,train,37.81299999999994,38.21299999999994,1,1,0.005268454943171293,0.9947315450568287,1,1,0.06306955038489852,0.9369304496151014,1,1,0.0,1.0
03_rough_h0p008_spacing0p45_p2l_v2:0086,03_rough_h0p008_spacing0p45_p2l_v2,train,38.012999999999934,38.41299999999993,1,1,0.0,1.0,1,1,0.058005339840654216,0.9419946601593457,1,1,0.0,1.0
04_external_impact_y12N_t0p25_p2l_v2:0000,04_external_impact_y12N_t0p25_p2l_v2,validation,21.483,21.883,1,1,0.0,1.0,1,1,0.0,1.0,1,1,0.0,1.0
04_external_impact_y12N_t0p25_p2l_v2:0001,04_external_impact_y12N_t0p25_p2l_v2,validation,21.683,22.083,1,1,0.0,1.0,1,1,0.0,1.0,1,1,0.0,1.0
04_external_impact_y12N_t0p25_p2l_v2:0002,04_external_impact_y12N_t0p25_p2l_v2,validation,21.883,22.282999999999998,1,1,0.003672192331927682,0.9963278076680724,1,1,0.0,1.0,1,1,0.0,1.0
04_external_impact_y12N_t0p25_p2l_v2:0003,04_external_impact_y12N_t0p25_p2l_v2,validation,22.083,22.482999999999997,1,1,0.0,1.0,1,1,0.0,1.0,1,1,0.0,1.0
04_external_impact_y12N_t0p25_p2l_v2:0004,04_external_impact_y12N_t0p25_p2l_v2,validation,22.282999999999998,22.682999999999996,1,1,0.0016134636264929427,0.998386536373507,1,1,0.0,1.0,1,1,0.0,1.0
04_external_impact_y12N_t0p25_p2l_v2:0005,04_external_impact_y12N_t0p25_p2l_v2,validation,22.482999999999997,22.882999999999996,1,1,0.0016134636264929427,0.998386536373507,1,1,0.0017427884615384616,0.9982572115384616,1,1,0.0,1.0
04_external_impact_y12N_t0p25_p2l_v2:0006,04_external_impact_y12N_t0p25_p2l_v2,validation,22.682999999999996,23.082999999999995,1,0,0.2993645950826336,0.7006354049173666,1,1,0.0017283653846153846,0.9982716346153846,1,1,0.0,1.0
04_external_impact_y12N_t0p25_p2l_v2:0007,04_external_impact_y12N_t0p25_p2l_v2,validation,22.882999999999996,23.282999999999994,1,0,0.6049702004083685,0.39502979959163154,1,1,0.0,1.0,1,1,0.0,1.0
04_external_impact_y12N_t0p25_p2l_v2:0008,04_external_impact_y12N_t0p25_p2l_v2,validation,23.082999999999995,23.482999999999993,1,1,0.0,1.0,1,1,0.0,1.0,1,1,0.0,1.0
04_external_impact_y12N_t0p25_p2l_v2:0009,04_external_impact_y12N_t0p25_p2l_v2,validation,23.282999999999994,23.682999999999993,1,1,0.0,1.0,1,1,0.0,1.0,1,1,0.0,1.0
04_external_impact_y12N_t0p25_p2l_v2:0010,04_external_impact_y12N_t0p25_p2l_v2,validation,23.482999999999993,23.882999999999992,1,1,0.0,1.0,1,1,0.0,1.0,1,1,0.0,1.0
04_external_impact_y12N_t0p25_p2l_v2:0011,04_external_impact_y12N_t0p25_p2l_v2,validation,23.682999999999993,24.08299999999999,1,1,0.0,1.0,1,1,0.0,1.0,1,1,0.0,1.0
04_external_impact_y12N_t0p25_p2l_v2:0012,04_external_impact_y12N_t0p25_p2l_v2,validation,23.882999999999992,24.28299999999999,1,1,0.0,1.0,1,1,0.0,1.0,1,1,0.0,1.0
04_external_impact_y12N_t0p25_p2l_v2:0013,04_external_impact_y12N_t0p25_p2l_v2,validation,24.08299999999999,24.48299999999999,1,1,0.0,1.0,1,1,0.0,1.0,1,1,0.0,1.0
04_external_impact_y12N_t0p25_p2l_v2:0014,04_external_impact_y12N_t0p25_p2l_v2,validation,24.28299999999999,24.68299999999999,1,1,0.0,1.0,1,1,0.0,1.0,1,1,0.0,1.0
04_external_impact_y12N_t0p25_p2l_v2:0015,04_external_impact_y12N_t0p25_p2l_v2,validation,24.48299999999999,24.88299999999999,1,1,0.0,1.0,1,1,0.0,1.0,1,1,0.0,1.0
04_external_impact_y12N_t0p25_p2l_v2:0016,04_external_impact_y12N_t0p25_p2l_v2,validation,24.68299999999999,25.082999999999988,1,1,0.0,1.0,1,1,0.0,1.0,1,1,0.0,1.0
04_external_impact_y12N_t0p25_p2l_v2:0017,04_external_impact_y12N_t0p25_p2l_v2,validation,24.88299999999999,25.282999999999987,1,1,0.0,1.0,1,1,0.0,1.0,1,1,0.0,1.0
04_external_impact_y12N_t0p25_p2l_v2:0018,04_external_impact_y12N_t0p25_p2l_v2,validation,25.082999999999988,25.482999999999986,1,1,0.0,1.0,1,1,0.0,1.0,1,1,0.0,1.0
04_external_impact_y12N_t0p25_p2l_v2:0019,04_external_impact_y12N_t0p25_p2l_v2,validation,25.282999999999987,25.682999999999986,1,1,0.0018102913825170492,0.998189708617483,1,1,0.0,1.0,1,1,0.0,1.0
04_external_impact_y12N_t0p25_p2l_v2:0020,04_external_impact_y12N_t0p25_p2l_v2,validation,25.482999999999986,25.882999999999985,1,1,0.0,1.0,1,1,0.0,1.0,1,1,0.0,1.0
04_external_impact_y12N_t0p25_p2l_v2:0021,04_external_impact_y12N_t0p25_p2l_v2,validation,25.682999999999986,26.082999999999984,1,1,0.0,1.0,1,1,0.0,1.0,1,1,0.0,1.0
04_external_impact_y12N_t0p25_p2l_v2:0022,04_external_impact_y12N_t0p25_p2l_v2,validation,25.882999999999985,26.282999999999983,1,1,0.0,1.0,1,1,0.0,1.0,1,1,0.0,1.0
04_external_impact_y12N_t0p25_p2l_v2:0023,04_external_impact_y12N_t0p25_p2l_v2,validation,26.082999999999984,26.482999999999983,1,1,0.0,1.0,1,1,0.0,1.0,1,1,0.0,1.0
04_external_impact_y12N_t0p25_p2l_v2:0024,04_external_impact_y12N_t0p25_p2l_v2,validation,26.282999999999983,26.682999999999982,1,1,0.0,1.0,1,1,0.0,1.0,1,1,0.0,1.0
04_external_impact_y12N_t0p25_p2l_v2:0025,04_external_impact_y12N_t0p25_p2l_v2,validation,26.482999999999983,26.88299999999998,1,1,0.006785953677864334,0.9932140463221357,1,1,0.0017283653846153846,0.9982716346153846,1,1,0.0,1.0
04_external_impact_y12N_t0p25_p2l_v2:0026,04_external_impact_y12N_t0p25_p2l_v2,validation,26.682999999999982,27.08299999999998,1,1,0.013151222245724757,0.9868487777542753,1,1,0.0,1.0,1,1,0.001943127962085308,0.9980568720379147
04_external_impact_y12N_t0p25_p2l_v2:0027,04_external_impact_y12N_t0p25_p2l_v2,validation,26.88299999999998,27.28299999999998,1,1,0.01659503805660688,0.9834049619433932,1,1,0.0,1.0,1,1,0.001943127962085308,0.9980568720379147
04_external_impact_y12N_t0p25_p2l_v2:0028,04_external_impact_y12N_t0p25_p2l_v2,validation,27.08299999999998,27.48299999999998,1,1,0.0038149038461538463,0.9961850961538462,1,1,0.0,1.0,1,1,0.0,1.0
04_external_impact_y12N_t0p25_p2l_v2:0029,04_external_impact_y12N_t0p25_p2l_v2,validation,27.28299999999998,27.68299999999998,1,1,0.018755230629912568,0.9812447693700875,1,1,0.0,1.0,1,1,0.0,1.0
04_external_impact_y12N_t0p25_p2l_v2:0030,04_external_impact_y12N_t0p25_p2l_v2,validation,27.48299999999998,27.882999999999978,1,1,0.04748691864490464,0.9525130813550953,1,1,0.0,1.0,1,1,0.0,1.0
04_external_impact_y12N_t0p25_p2l_v2:0031,04_external_impact_y12N_t0p25_p2l_v2,validation,27.68299999999998,28.082999999999977,1,1,0.02694929070927621,0.9730507092907238,1,1,0.0,1.0,1,1,0.0,1.0
04_external_impact_y12N_t0p25_p2l_v2:0032,04_external_impact_y12N_t0p25_p2l_v2,validation,27.882999999999978,28.282999999999976,1,1,0.0,1.0,1,1,0.0,1.0,1,1,0.0,1.0
04_external_impact_y12N_t0p25_p2l_v2:0033,04_external_impact_y12N_t0p25_p2l_v2,validation,28.082999999999977,28.482999999999976,1,1,0.0,1.0,1,1,0.0,1.0,1,1,0.0,1.0
04_external_impact_y12N_t0p25_p2l_v2:0034,04_external_impact_y12N_t0p25_p2l_v2,validation,28.282999999999976,28.682999999999975,1,1,0.0017596153846153844,0.9982403846153847,1,1,0.0,1.0,1,1,0.0,1.0
04_external_impact_y12N_t0p25_p2l_v2:0035,04_external_impact_y12N_t0p25_p2l_v2,validation,28.482999999999976,28.882999999999974,1,1,0.03968965441507372,0.9603103455849263,1,1,0.04040272899211964,0.9595972710078801,1,1,0.004,0.996
04_external_impact_y12N_t0p25_p2l_v2:0036,04_external_impact_y12N_t0p25_p2l_v2,validation,28.682999999999975,29.082999999999974,1,1,0.004916925998722675,0.9950830740012773,1,1,0.056359822794480784,0.9436401772055191,1,1,0.004,0.996
04_external_impact_y12N_t0p25_p2l_v2:0037,04_external_impact_y12N_t0p25_p2l_v2,validation,28.882999999999974,29.282999999999973,1,1,0.0,1.0,1,1,0.0,1.0,1,1,0.0,1.0
04_external_impact_y12N_t0p25_p2l_v2:0038,04_external_impact_y12N_t0p25_p2l_v2,validation,29.082999999999974,29.482999999999972,1,1,0.0,1.0,1,1,0.0,1.0,1,1,0.0,1.0
04_external_impact_y12N_t0p25_p2l_v2:0039,04_external_impact_y12N_t0p25_p2l_v2,validation,29.282999999999973,29.68299999999997,1,1,0.0017908653846153849,0.9982091346153846,1,1,0.0017572115384615387,0.9982427884615385,1,1,0.0,1.0
04_external_impact_y12N_t0p25_p2l_v2:0040,04_external_impact_y12N_t0p25_p2l_v2,validation,29.482999999999972,29.88299999999997,1,1,0.010766293401723335,0.9892337065982767,0,0,0.5091139079584166,0.4908860920415834,0,0,0.06360691566124588,0.9363930843387541
04_external_impact_y12N_t0p25_p2l_v2:0041,04_external_impact_y12N_t0p25_p2l_v2,validation,29.68299999999997,30.08299999999997,1,1,0.003536057692307692,0.9964639423076924,0,0,0.588709606301058,0.41129039369894216,0,0,0.07569639740403203,0.924303602595968
04_external_impact_y12N_t0p25_p2l_v2:0042,04_external_impact_y12N_t0p25_p2l_v2,validation,29.88299999999997,30.28299999999997,1,1,0.0051366876657824925,0.9948633123342175,1,1,0.0,1.0,1,1,0.0,1.0
04_external_impact_y12N_t0p25_p2l_v2:0043,04_external_impact_y12N_t0p25_p2l_v2,validation,30.08299999999997,30.48299999999997,1,1,0.02348729600033273,0.9765127039996674,1,1,0.07198356560769562,0.9280164343923046,1,1,0.0,1.0
04_external_impact_y12N_t0p25_p2l_v2:0044,04_external_impact_y12N_t0p25_p2l_v2,validation,30.28299999999997,30.682999999999968,1,1,0.02199685257377094,0.9780031474262291,0,0,0.9158313724383316,0.08416862756166837,0,1,0.021801364042933813,0.9781986359570661
04_external_impact_y12N_t0p25_p2l_v2:0045,04_external_impact_y12N_t0p25_p2l_v2,validation,30.48299999999997,30.882999999999967,1,1,0.015016827859344647,0.9849831721406552,0,0,0.9030535419161461,0.09694645808385402,0,1,0.023847037119856886,0.9761529628801431
04_external_impact_y12N_t0p25_p2l_v2:0046,04_external_impact_y12N_t0p25_p2l_v2,validation,30.682999999999968,31.082999999999966,1,0,0.4357610111088196,0.5642389888911805,1,0,0.3022579894691094,0.6977420105308905,1,1,0.0,1.0
04_external_impact_y12N_t0p25_p2l_v2:0047,04_external_impact_y12N_t0p25_p2l_v2,validation,30.882999999999967,31.282999999999966,1,0,0.41804190704530536,0.5819580929546946,1,1,0.2008531722321348,0.7991468277678653,1,1,0.0,1.0
04_external_impact_y12N_t0p25_p2l_v2:0048,04_external_impact_y12N_t0p25_p2l_v2,validation,31.082999999999966,31.482999999999965,1,1,0.0,1.0,1,1,0.0,1.0,1,1,0.0,1.0
04_external_impact_y12N_t0p25_p2l_v2:0049,04_external_impact_y12N_t0p25_p2l_v2,validation,31.282999999999966,31.682999999999964,1,1,0.0,1.0,1,1,0.0,1.0,1,1,0.0,1.0
04_external_impact_y12N_t0p25_p2l_v2:0050,04_external_impact_y12N_t0p25_p2l_v2,validation,31.482999999999965,31.882999999999964,0,0,0.8010311436865012,0.198968856313499,1,1,0.0,1.0,1,1,0.0,1.0
04_external_impact_y12N_t0p25_p2l_v2:0051,04_external_impact_y12N_t0p25_p2l_v2,validation,31.682999999999964,32.08299999999996,0,0,0.7459843625203056,0.25401563747969436,1,1,0.0,1.0,1,1,0.0,1.0
04_external_impact_y12N_t0p25_p2l_v2:0052,04_external_impact_y12N_t0p25_p2l_v2,validation,31.882999999999964,32.282999999999966,1,1,0.0,1.0,1,1,0.0,1.0,1,1,0.0,1.0
04_external_impact_y12N_t0p25_p2l_v2:0053,04_external_impact_y12N_t0p25_p2l_v2,validation,32.08299999999996,32.48299999999996,1,1,0.0,1.0,1,1,0.0,1.0,1,1,0.0,1.0
04_external_impact_y12N_t0p25_p2l_v2:0054,04_external_impact_y12N_t0p25_p2l_v2,validation,32.28299999999996,32.68299999999996,1,1,0.0,1.0,1,1,0.0,1.0,1,1,0.0,1.0
04_external_impact_y12N_t0p25_p2l_v2:0055,04_external_impact_y12N_t0p25_p2l_v2,validation,32.48299999999996,32.88299999999996,1,1,0.005304735137043345,0.9946952648629567,1,1,0.0,1.0,1,1,0.0,1.0
04_external_impact_y12N_t0p25_p2l_v2:0056,04_external_impact_y12N_t0p25_p2l_v2,validation,32.682999999999964,33.08299999999996,1,1,0.006963213648861676,0.9930367863511385,1,1,0.0,1.0,1,1,0.0,1.0
04_external_impact_y12N_t0p25_p2l_v2:0057,04_external_impact_y12N_t0p25_p2l_v2,validation,32.88299999999996,33.28299999999996,1,1,0.0018100961538461539,0.9981899038461538,1,1,0.0,1.0,1,1,0.0,1.0
04_external_impact_y12N_t0p25_p2l_v2:0058,04_external_impact_y12N_t0p25_p2l_v2,validation,33.082999999999956,33.482999999999954,1,1,0.0018989898989898992,0.9981010101010102,1,1,0.0,1.0,1,1,0.0,1.0
04_external_impact_y12N_t0p25_p2l_v2:0059,04_external_impact_y12N_t0p25_p2l_v2,validation,33.28299999999996,33.68299999999996,1,1,0.0,1.0,1,1,0.0,1.0,1,1,0.0,1.0
04_external_impact_y12N_t0p25_p2l_v2:0060,04_external_impact_y12N_t0p25_p2l_v2,validation,33.48299999999996,33.88299999999996,1,1,0.0,1.0,1,1,0.0,1.0,1,1,0.0,1.0
04_external_impact_y12N_t0p25_p2l_v2:0061,04_external_impact_y12N_t0p25_p2l_v2,validation,33.68299999999996,34.082999999999956,1,1,0.014873190069642139,0.9851268099303578,1,1,0.00154419595314164,0.9984558040468584,1,1,0.0,1.0
04_external_impact_y12N_t0p25_p2l_v2:0062,04_external_impact_y12N_t0p25_p2l_v2,validation,33.88299999999995,34.28299999999995,1,1,0.018636550658971313,0.9813634493410287,1,1,0.0,1.0,1,1,0.0,1.0
04_external_impact_y12N_t0p25_p2l_v2:0063,04_external_impact_y12N_t0p25_p2l_v2,validation,34.082999999999956,34.482999999999954,1,1,0.0,1.0,1,1,0.0,1.0,1,1,0.0,1.0
04_external_impact_y12N_t0p25_p2l_v2:0064,04_external_impact_y12N_t0p25_p2l_v2,validation,34.28299999999996,34.68299999999996,1,1,0.0018125,0.9981875,1,1,0.0,1.0,1,1,0.0,1.0
04_external_impact_y12N_t0p25_p2l_v2:0065,04_external_impact_y12N_t0p25_p2l_v2,validation,34.482999999999954,34.88299999999995,1,1,0.0,1.0,1,1,0.0,1.0,1,1,0.0,1.0
04_external_impact_y12N_t0p25_p2l_v2:0066,04_external_impact_y12N_t0p25_p2l_v2,validation,34.68299999999995,35.08299999999995,1,1,0.005405042707770849,0.9945949572922291,1,1,0.0,1.0,1,1,0.0,1.0
04_external_impact_y12N_t0p25_p2l_v2:0067,04_external_impact_y12N_t0p25_p2l_v2,validation,34.88299999999995,35.28299999999995,1,1,0.0,1.0,1,1,0.0,1.0,1,1,0.0,1.0
04_external_impact_y12N_t0p25_p2l_v2:0068,04_external_impact_y12N_t0p25_p2l_v2,validation,35.082999999999956,35.482999999999954,1,1,0.0,1.0,1,1,0.0,1.0,1,1,0.0,1.0
04_external_impact_y12N_t0p25_p2l_v2:0069,04_external_impact_y12N_t0p25_p2l_v2,validation,35.28299999999995,35.68299999999995,1,1,0.0035865384615384618,0.9964134615384616,1,1,0.21231573715436416,0.7876842628456359,1,1,0.027740485552700946,0.972259514447299
04_external_impact_y12N_t0p25_p2l_v2:0070,04_external_impact_y12N_t0p25_p2l_v2,validation,35.48299999999995,35.882999999999946,1,1,0.0018100961538461539,0.9981899038461538,1,0,0.44989796084778033,0.5501020391522196,1,1,0.018,0.982
04_external_impact_y12N_t0p25_p2l_v2:0071,04_external_impact_y12N_t0p25_p2l_v2,validation,35.68299999999995,36.08299999999995,1,1,0.0018100961538461539,0.9981899038461538,1,1,0.0,1.0,1,1,0.0,1.0
04_external_impact_y12N_t0p25_p2l_v2:0072,04_external_impact_y12N_t0p25_p2l_v2,validation,35.88299999999995,36.28299999999995,1,1,0.0,1.0,1,1,0.0,1.0,1,1,0.0,1.0
04_external_impact_y12N_t0p25_p2l_v2:0073,04_external_impact_y12N_t0p25_p2l_v2,validation,36.08299999999995,36.48299999999995,1,1,0.0,1.0,1,1,0.03586362226169611,0.9641363777383041,1,1,0.0,1.0
04_external_impact_y12N_t0p25_p2l_v2:0074,04_external_impact_y12N_t0p25_p2l_v2,validation,36.282999999999944,36.68299999999994,1,1,0.0,1.0,1,1,0.00178125,0.99821875,1,1,0.0,1.0
04_external_impact_y12N_t0p25_p2l_v2:0075,04_external_impact_y12N_t0p25_p2l_v2,validation,36.48299999999995,36.882999999999946,1,1,0.0,1.0,1,1,0.0017572115384615387,0.9982427884615385,1,1,0.0,1.0
04_external_impact_y12N_t0p25_p2l_v2:0076,04_external_impact_y12N_t0p25_p2l_v2,validation,36.68299999999995,37.08299999999995,1,1,0.0,1.0,1,1,0.0,1.0,1,1,0.0,1.0
04_external_impact_y12N_t0p25_p2l_v2:0077,04_external_impact_y12N_t0p25_p2l_v2,validation,36.882999999999946,37.282999999999944,1,1,0.0,1.0,1,1,0.0017764423076923074,0.9982235576923078,1,1,0.0,1.0
04_external_impact_y12N_t0p25_p2l_v2:0078,04_external_impact_y12N_t0p25_p2l_v2,validation,37.08299999999994,37.48299999999994,1,1,0.0,1.0,0,0,0.9612930144499704,0.03870698555002947,0,0,0.3317780237570391,0.6682219762429609
04_external_impact_y12N_t0p25_p2l_v2:0079,04_external_impact_y12N_t0p25_p2l_v2,validation,37.282999999999944,37.68299999999994,1,1,0.0,1.0,0,0,0.9279624955256228,0.07203750447437733,0,0,0.6656098388863032,0.33439016111369674
04_external_impact_y12N_t0p25_p2l_v2:0080,04_external_impact_y12N_t0p25_p2l_v2,validation,37.48299999999995,37.882999999999946,1,1,0.0,1.0,1,1,0.05574983057638892,0.9442501694236112,1,1,0.0,1.0
04_external_impact_y12N_t0p25_p2l_v2:0081,04_external_impact_y12N_t0p25_p2l_v2,validation,37.68299999999994,38.08299999999994,1,1,0.0018775510204081633,0.9981224489795918,1,1,0.0,1.0,1,1,0.0,1.0
04_external_impact_y12N_t0p25_p2l_v2:0082,04_external_impact_y12N_t0p25_p2l_v2,validation,37.88299999999994,38.28299999999994,1,1,0.0,1.0,1,1,0.0,1.0,1,1,0.0,1.0
04_external_impact_y12N_t0p25_p2l_v2:0083,04_external_impact_y12N_t0p25_p2l_v2,validation,38.08299999999994,38.48299999999994,1,1,0.0,1.0,1,1,0.0,1.0,1,1,0.0,1.0
04_external_impact_y12N_t0p25_p2l_v2:0084,04_external_impact_y12N_t0p25_p2l_v2,validation,38.282999999999944,38.68299999999994,1,1,0.0,1.0,1,1,0.0,1.0,1,1,0.0,1.0
04_external_impact_y12N_t0p25_p2l_v2:0085,04_external_impact_y12N_t0p25_p2l_v2,validation,38.48299999999994,38.88299999999994,1,1,0.0,1.0,1,1,0.0,1.0,1,1,0.0,1.0
04_external_impact_y12N_t0p25_p2l_v2:0086,04_external_impact_y12N_t0p25_p2l_v2,validation,38.682999999999936,39.082999999999934,1,1,0.0,1.0,1,1,0.0,1.0,1,1,0.0,1.0
04_external_impact_y12N_t0p25_p2l_v2:0087,04_external_impact_y12N_t0p25_p2l_v2,validation,38.88299999999994,39.28299999999994,1,1,0.007351606919569945,0.9926483930804301,1,1,0.14009345074172586,0.859906549258274,1,1,0.001986690865093769,0.9980133091349062
04_external_impact_y12N_t0p25_p2l_v2:0088,04_external_impact_y12N_t0p25_p2l_v2,validation,39.08299999999994,39.48299999999994,1,1,0.0017764423076923074,0.9982235576923078,1,1,0.2169493026990947,0.783050697300905,1,1,0.0,1.0
05_wheel_block_left_f3N_tau0p08_t0p60_p2l_v2:0000,05_wheel_block_left_f3N_tau0p08_t0p60_p2l_v2,train,19.316,19.715999999999998,1,1,0.0,1.0,1,1,0.0,1.0,1,1,0.0,1.0
05_wheel_block_left_f3N_tau0p08_t0p60_p2l_v2:0001,05_wheel_block_left_f3N_tau0p08_t0p60_p2l_v2,train,19.516,19.915999999999997,1,1,0.0,1.0,1,1,0.0,1.0,1,1,0.0,1.0
05_wheel_block_left_f3N_tau0p08_t0p60_p2l_v2:0002,05_wheel_block_left_f3N_tau0p08_t0p60_p2l_v2,train,19.715999999999998,20.115999999999996,1,1,0.0,1.0,1,1,0.0,1.0,1,1,0.0,1.0
05_wheel_block_left_f3N_tau0p08_t0p60_p2l_v2:0003,05_wheel_block_left_f3N_tau0p08_t0p60_p2l_v2,train,19.915999999999997,20.315999999999995,1,1,0.0,1.0,1,1,0.0,1.0,1,1,0.0,1.0
05_wheel_block_left_f3N_tau0p08_t0p60_p2l_v2:0004,05_wheel_block_left_f3N_tau0p08_t0p60_p2l_v2,train,20.115999999999996,20.515999999999995,1,1,0.0,1.0,1,1,0.0,1.0,1,1,0.0,1.0
05_wheel_block_left_f3N_tau0p08_t0p60_p2l_v2:0005,05_wheel_block_left_f3N_tau0p08_t0p60_p2l_v2,train,20.315999999999995,20.715999999999994,1,1,0.0,1.0,1,1,0.0,1.0,1,1,0.0,1.0
05_wheel_block_left_f3N_tau0p08_t0p60_p2l_v2:0006,05_wheel_block_left_f3N_tau0p08_t0p60_p2l_v2,train,20.515999999999995,20.915999999999993,1,1,0.0,1.0,1,1,0.0,1.0,1,1,0.0,1.0
05_wheel_block_left_f3N_tau0p08_t0p60_p2l_v2:0007,05_wheel_block_left_f3N_tau0p08_t0p60_p2l_v2,train,20.715999999999994,21.115999999999993,1,1,0.0,1.0,1,1,0.0,1.0,1,1,0.0,1.0
05_wheel_block_left_f3N_tau0p08_t0p60_p2l_v2:0008,05_wheel_block_left_f3N_tau0p08_t0p60_p2l_v2,train,20.915999999999993,21.315999999999992,1,1,0.01100318522875904,0.9889968147712409,1,1,0.0,1.0,1,1,0.0,1.0
05_wheel_block_left_f3N_tau0p08_t0p60_p2l_v2:0009,05_wheel_block_left_f3N_tau0p08_t0p60_p2l_v2,train,21.115999999999993,21.51599999999999,1,1,0.005664738534336326,0.9943352614656636,1,1,0.0,1.0,1,1,0.0,1.0
05_wheel_block_left_f3N_tau0p08_t0p60_p2l_v2:0010,05_wheel_block_left_f3N_tau0p08_t0p60_p2l_v2,train,21.315999999999992,21.71599999999999,1,1,0.0,1.0,1,1,0.0,1.0,1,1,0.0,1.0
05_wheel_block_left_f3N_tau0p08_t0p60_p2l_v2:0011,05_wheel_block_left_f3N_tau0p08_t0p60_p2l_v2,train,21.51599999999999,21.91599999999999,1,1,0.0,1.0,1,1,0.0,1.0,1,1,0.0,1.0
05_wheel_block_left_f3N_tau0p08_t0p60_p2l_v2:0012,05_wheel_block_left_f3N_tau0p08_t0p60_p2l_v2,train,21.71599999999999,22.11599999999999,1,1,0.0,1.0,1,1,0.0017475961538461538,0.9982524038461538,1,1,0.0,1.0
05_wheel_block_left_f3N_tau0p08_t0p60_p2l_v2:0013,05_wheel_block_left_f3N_tau0p08_t0p60_p2l_v2,train,21.91599999999999,22.31599999999999,1,1,0.0,1.0,1,1,0.0,1.0,1,1,0.0,1.0
05_wheel_block_left_f3N_tau0p08_t0p60_p2l_v2:0014,05_wheel_block_left_f3N_tau0p08_t0p60_p2l_v2,train,22.11599999999999,22.515999999999988,1,1,0.0,1.0,1,1,0.0,1.0,1,1,0.0,1.0
05_wheel_block_left_f3N_tau0p08_t0p60_p2l_v2:0015,05_wheel_block_left_f3N_tau0p08_t0p60_p2l_v2,train,22.31599999999999,22.715999999999987,1,1,0.0,1.0,1,1,0.0,1.0,1,1,0.0,1.0
05_wheel_block_left_f3N_tau0p08_t0p60_p2l_v2:0016,05_wheel_block_left_f3N_tau0p08_t0p60_p2l_v2,train,22.515999999999988,22.915999999999986,1,1,0.0,1.0,1,1,0.0,1.0,1,1,0.0,1.0
05_wheel_block_left_f3N_tau0p08_t0p60_p2l_v2:0017,05_wheel_block_left_f3N_tau0p08_t0p60_p2l_v2,train,22.715999999999987,23.115999999999985,1,1,0.0037069716111409203,0.996293028388859,1,1,0.0,1.0,1,1,0.0,1.0
05_wheel_block_left_f3N_tau0p08_t0p60_p2l_v2:0018,05_wheel_block_left_f3N_tau0p08_t0p60_p2l_v2,train,22.915999999999986,23.315999999999985,1,1,0.0032188809488177196,0.9967811190511824,1,1,0.0,1.0,1,1,0.0,1.0
05_wheel_block_left_f3N_tau0p08_t0p60_p2l_v2:0019,05_wheel_block_left_f3N_tau0p08_t0p60_p2l_v2,train,23.115999999999985,23.515999999999984,1,1,0.0017716346153846155,0.9982283653846153,1,1,0.0,1.0,1,1,0.0,1.0
05_wheel_block_left_f3N_tau0p08_t0p60_p2l_v2:0020,05_wheel_block_left_f3N_tau0p08_t0p60_p2l_v2,train,23.315999999999985,23.715999999999983,1,1,0.0,1.0,1,1,0.0,1.0,1,1,0.0,1.0
05_wheel_block_left_f3N_tau0p08_t0p60_p2l_v2:0021,05_wheel_block_left_f3N_tau0p08_t0p60_p2l_v2,train,23.515999999999984,23.915999999999983,1,1,0.00137442502299908,0.998625574977001,1,1,0.0,1.0,1,1,0.0,1.0
05_wheel_block_left_f3N_tau0p08_t0p60_p2l_v2:0022,05_wheel_block_left_f3N_tau0p08_t0p60_p2l_v2,train,23.715999999999983,24.115999999999982,1,1,0.005389423076923076,0.9946105769230769,1,1,0.0,1.0,1,1,0.0,1.0
05_wheel_block_left_f3N_tau0p08_t0p60_p2l_v2:0023,05_wheel_block_left_f3N_tau0p08_t0p60_p2l_v2,train,23.915999999999983,24.31599999999998,1,1,0.001795673076923077,0.9982043269230769,1,1,0.0,1.0,1,1,0.0,1.0
05_wheel_block_left_f3N_tau0p08_t0p60_p2l_v2:0024,05_wheel_block_left_f3N_tau0p08_t0p60_p2l_v2,train,24.115999999999982,24.51599999999998,1,1,0.003741759468608689,0.9962582405313912,1,1,0.00154419595314164,0.9984558040468584,1,1,0.0,1.0
05_wheel_block_left_f3N_tau0p08_t0p60_p2l_v2:0025,05_wheel_block_left_f3N_tau0p08_t0p60_p2l_v2,train,24.31599999999998,24.71599999999998,1,1,0.0,1.0,1,1,0.00154419595314164,0.9984558040468584,1,1,0.0,1.0
05_wheel_block_left_f3N_tau0p08_t0p60_p2l_v2:0026,05_wheel_block_left_f3N_tau0p08_t0p60_p2l_v2,train,24.51599999999998,24.91599999999998,1,1,0.0,1.0,1,1,0.0,1.0,1,1,0.0,1.0
05_wheel_block_left_f3N_tau0p08_t0p60_p2l_v2:0027,05_wheel_block_left_f3N_tau0p08_t0p60_p2l_v2,train,24.71599999999998,25.11599999999998,1,1,0.0,1.0,1,1,0.03808513656632736,0.9619148634336726,1,1,0.0,1.0
05_wheel_block_left_f3N_tau0p08_t0p60_p2l_v2:0028,05_wheel_block_left_f3N_tau0p08_t0p60_p2l_v2,train,24.91599999999998,25.315999999999978,1,1,0.0,1.0,1,1,0.07126294478669916,0.9287370552133009,1,1,0.0,1.0
05_wheel_block_left_f3N_tau0p08_t0p60_p2l_v2:0029,05_wheel_block_left_f3N_tau0p08_t0p60_p2l_v2,train,25.11599999999998,25.515999999999977,1,1,0.018250638744594067,0.9817493612554059,1,1,0.003253976267984888,0.9967460237320152,1,1,0.0,1.0
05_wheel_block_left_f3N_tau0p08_t0p60_p2l_v2:0030,05_wheel_block_left_f3N_tau0p08_t0p60_p2l_v2,train,25.315999999999978,25.715999999999976,1,1,0.0070682056922334365,0.9929317943077666,1,1,0.0,1.0,1,1,0.0,1.0
05_wheel_block_left_f3N_tau0p08_t0p60_p2l_v2:0031,05_wheel_block_left_f3N_tau0p08_t0p60_p2l_v2,train,25.515999999999977,25.915999999999976,1,1,0.0018004807692307693,0.9981995192307693,1,1,0.0,1.0,1,1,0.0,1.0
05_wheel_block_left_f3N_tau0p08_t0p60_p2l_v2:0032,05_wheel_block_left_f3N_tau0p08_t0p60_p2l_v2,train,25.715999999999976,26.115999999999975,1,1,0.0,1.0,1,0,0.39890842399424953,0.6010915760057507,1,1,0.0,1.0
05_wheel_block_left_f3N_tau0p08_t0p60_p2l_v2:0033,05_wheel_block_left_f3N_tau0p08_t0p60_p2l_v2,train,25.915999999999976,26.315999999999974,1,1,0.0017764423076923074,0.9982235576923078,0,0,0.7955479870251613,0.20445201297483923,1,1,0.004,0.996
05_wheel_block_left_f3N_tau0p08_t0p60_p2l_v2:0034,05_wheel_block_left_f3N_tau0p08_t0p60_p2l_v2,train,26.115999999999975,26.515999999999973,1,1,0.005230207899777653,0.9947697921002224,1,1,0.004,0.996,1,1,0.0,1.0
05_wheel_block_left_f3N_tau0p08_t0p60_p2l_v2:0035,05_wheel_block_left_f3N_tau0p08_t0p60_p2l_v2,train,26.315999999999974,26.715999999999973,1,1,0.0,1.0,1,1,0.0,1.0,1,1,0.0,1.0
05_wheel_block_left_f3N_tau0p08_t0p60_p2l_v2:0036,05_wheel_block_left_f3N_tau0p08_t0p60_p2l_v2,train,26.515999999999973,26.915999999999972,1,1,0.0,1.0,1,1,0.0,1.0,1,1,0.0,1.0
05_wheel_block_left_f3N_tau0p08_t0p60_p2l_v2:0037,05_wheel_block_left_f3N_tau0p08_t0p60_p2l_v2,train,26.715999999999973,27.11599999999997,1,1,0.0,1.0,1,1,0.0015142555438225978,0.9984857444561773,1,1,0.0,1.0
05_wheel_block_left_f3N_tau0p08_t0p60_p2l_v2:0038,05_wheel_block_left_f3N_tau0p08_t0p60_p2l_v2,train,26.915999999999972,27.31599999999997,1,1,0.007349029090915139,0.9926509709090848,1,1,0.041668759021703076,0.9583312409782968,1,1,0.0,1.0
05_wheel_block_left_f3N_tau0p08_t0p60_p2l_v2:0039,05_wheel_block_left_f3N_tau0p08_t0p60_p2l_v2,train,27.11599999999997,27.51599999999997,1,1,0.003371876299376299,0.9966281237006236,1,1,0.0340855097409323,0.9659144902590677,1,1,0.004,0.996
05_wheel_block_left_f3N_tau0p08_t0p60_p2l_v2:0040,05_wheel_block_left_f3N_tau0p08_t0p60_p2l_v2,train,27.31599999999997,27.71599999999997,1,1,0.0,1.0,1,1,0.0,1.0,1,1,0.0,1.0
05_wheel_block_left_f3N_tau0p08_t0p60_p2l_v2:0041,05_wheel_block_left_f3N_tau0p08_t0p60_p2l_v2,train,27.51599999999997,27.91599999999997,1,1,0.0,1.0,1,1,0.0,1.0,1,1,0.0,1.0
05_wheel_block_left_f3N_tau0p08_t0p60_p2l_v2:0042,05_wheel_block_left_f3N_tau0p08_t0p60_p2l_v2,train,27.71599999999997,28.115999999999968,0,0,0.7619211774292189,0.23807882257078108,1,1,0.003436532875244237,0.9965634671247557,1,1,0.0,1.0
05_wheel_block_left_f3N_tau0p08_t0p60_p2l_v2:0043,05_wheel_block_left_f3N_tau0p08_t0p60_p2l_v2,train,27.91599999999997,28.315999999999967,0,0,0.8524316086941228,0.14756839130587673,1,1,0.0017211538461538462,0.9982788461538462,1,1,0.0,1.0
05_wheel_block_left_f3N_tau0p08_t0p60_p2l_v2:0044,05_wheel_block_left_f3N_tau0p08_t0p60_p2l_v2,train,28.115999999999968,28.515999999999966,1,1,0.0019577685088633993,0.9980422314911366,1,1,0.0,1.0,1,1,0.0,1.0
05_wheel_block_left_f3N_tau0p08_t0p60_p2l_v2:0045,05_wheel_block_left_f3N_tau0p08_t0p60_p2l_v2,train,28.315999999999967,28.715999999999966,1,1,0.003691125051419169,0.9963088749485809,1,1,0.0,1.0,1,1,0.0,1.0
05_wheel_block_left_f3N_tau0p08_t0p60_p2l_v2:0046,05_wheel_block_left_f3N_tau0p08_t0p60_p2l_v2,train,28.515999999999966,28.915999999999965,1,1,0.0,1.0,1,1,0.0,1.0,1,1,0.0,1.0
05_wheel_block_left_f3N_tau0p08_t0p60_p2l_v2:0047,05_wheel_block_left_f3N_tau0p08_t0p60_p2l_v2,train,28.715999999999966,29.115999999999964,1,1,0.0019577685088633993,0.9980422314911366,1,1,0.0,1.0,1,1,0.0,1.0
05_wheel_block_left_f3N_tau0p08_t0p60_p2l_v2:0048,05_wheel_block_left_f3N_tau0p08_t0p60_p2l_v2,train,28.915999999999965,29.315999999999963,1,1,0.0,1.0,1,1,0.0,1.0,1,1,0.0,1.0
05_wheel_block_left_f3N_tau0p08_t0p60_p2l_v2:0049,05_wheel_block_left_f3N_tau0p08_t0p60_p2l_v2,train,29.115999999999964,29.515999999999963,1,1,0.0,1.0,1,1,0.0,1.0,1,1,0.0,1.0
05_wheel_block_left_f3N_tau0p08_t0p60_p2l_v2:0050,05_wheel_block_left_f3N_tau0p08_t0p60_p2l_v2,train,29.315999999999963,29.715999999999962,1,1,0.0,1.0,1,1,0.0,1.0,1,1,0.0,1.0
05_wheel_block_left_f3N_tau0p08_t0p60_p2l_v2:0051,05_wheel_block_left_f3N_tau0p08_t0p60_p2l_v2,train,29.515999999999963,29.91599999999996,1,1,0.00717672382626628,0.9928232761737338,1,1,0.0017427884615384616,0.9982572115384616,1,1,0.0,1.0
05_wheel_block_left_f3N_tau0p08_t0p60_p2l_v2:0052,05_wheel_block_left_f3N_tau0p08_t0p60_p2l_v2,train,29.715999999999962,30.11599999999996,1,1,0.0,1.0,1,1,0.0017427884615384616,0.9982572115384616,1,1,0.0,1.0
05_wheel_block_left_f3N_tau0p08_t0p60_p2l_v2:0053,05_wheel_block_left_f3N_tau0p08_t0p60_p2l_v2,train,29.91599999999996,30.31599999999996,1,1,0.0,1.0,1,1,0.0,1.0,1,1,0.0,1.0
05_wheel_block_left_f3N_tau0p08_t0p60_p2l_v2:0054,05_wheel_block_left_f3N_tau0p08_t0p60_p2l_v2,train,30.11599999999996,30.51599999999996,1,1,0.0,1.0,1,1,0.0,1.0,1,1,0.0,1.0
05_wheel_block_left_f3N_tau0p08_t0p60_p2l_v2:0055,05_wheel_block_left_f3N_tau0p08_t0p60_p2l_v2,train,30.31599999999996,30.71599999999996,1,1,0.0,1.0,1,1,0.0,1.0,1,1,0.0,1.0
05_wheel_block_left_f3N_tau0p08_t0p60_p2l_v2:0056,05_wheel_block_left_f3N_tau0p08_t0p60_p2l_v2,train,30.51599999999996,30.915999999999958,1,1,0.0,1.0,1,1,0.0,1.0,1,1,0.0,1.0
05_wheel_block_left_f3N_tau0p08_t0p60_p2l_v2:0057,05_wheel_block_left_f3N_tau0p08_t0p60_p2l_v2,train,30.71599999999996,31.115999999999957,1,1,0.0,1.0,1,1,0.0,1.0,1,1,0.0,1.0
05_wheel_block_left_f3N_tau0p08_t0p60_p2l_v2:0058,05_wheel_block_left_f3N_tau0p08_t0p60_p2l_v2,train,30.915999999999958,31.315999999999956,1,1,0.0,1.0,1,1,0.0,1.0,1,1,0.0,1.0
05_wheel_block_left_f3N_tau0p08_t0p60_p2l_v2:0059,05_wheel_block_left_f3N_tau0p08_t0p60_p2l_v2,train,31.115999999999957,31.515999999999956,1,1,0.0,1.0,1,1,0.0,1.0,1,1,0.0,1.0
05_wheel_block_left_f3N_tau0p08_t0p60_p2l_v2:0060,05_wheel_block_left_f3N_tau0p08_t0p60_p2l_v2,train,31.315999999999956,31.715999999999955,1,1,0.0,1.0,1,1,0.0,1.0,1,1,0.0,1.0
05_wheel_block_left_f3N_tau0p08_t0p60_p2l_v2:0061,05_wheel_block_left_f3N_tau0p08_t0p60_p2l_v2,train,31.515999999999956,31.915999999999954,1,1,0.036375294326985184,0.9636247056730148,0,0,0.8777359442604085,0.1222640557395917,1,1,0.002,0.998
05_wheel_block_left_f3N_tau0p08_t0p60_p2l_v2:0062,05_wheel_block_left_f3N_tau0p08_t0p60_p2l_v2,train,31.715999999999955,32.11599999999996,1,1,0.050918871237418575,0.9490811287625815,0,0,0.9097147014434745,0.09028529855652541,1,1,0.002,0.998
05_wheel_block_left_f3N_tau0p08_t0p60_p2l_v2:0063,05_wheel_block_left_f3N_tau0p08_t0p60_p2l_v2,train,31.915999999999954,32.31599999999995,1,1,0.0,1.0,1,1,0.0,1.0,1,1,0.0,1.0
05_wheel_block_left_f3N_tau0p08_t0p60_p2l_v2:0064,05_wheel_block_left_f3N_tau0p08_t0p60_p2l_v2,train,32.11599999999996,32.515999999999956,1,1,0.0,1.0,1,1,0.0017235576923076922,0.9982764423076924,1,1,0.0,1.0
05_wheel_block_left_f3N_tau0p08_t0p60_p2l_v2:0065,05_wheel_block_left_f3N_tau0p08_t0p60_p2l_v2,train,32.31599999999995,32.71599999999995,1,1,0.0,1.0,1,1,0.0,1.0,1,1,0.0,1.0
05_wheel_block_left_f3N_tau0p08_t0p60_p2l_v2:0066,05_wheel_block_left_f3N_tau0p08_t0p60_p2l_v2,train,32.51599999999995,32.91599999999995,1,1,0.0,1.0,1,1,0.02085606197722517,0.9791439380227749,1,1,0.0,1.0
05_wheel_block_left_f3N_tau0p08_t0p60_p2l_v2:0067,05_wheel_block_left_f3N_tau0p08_t0p60_p2l_v2,train,32.71599999999995,33.11599999999995,1,1,0.0,1.0,1,1,0.01206459596317002,0.98793540403683,1,1,0.0,1.0
05_wheel_block_left_f3N_tau0p08_t0p60_p2l_v2:0068,05_wheel_block_left_f3N_tau0p08_t0p60_p2l_v2,train,32.915999999999954,33.31599999999995,1,1,0.0,1.0,1,1,0.0,1.0,1,1,0.0,1.0
05_wheel_block_left_f3N_tau0p08_t0p60_p2l_v2:0069,05_wheel_block_left_f3N_tau0p08_t0p60_p2l_v2,train,33.11599999999995,33.51599999999995,1,1,0.0,1.0,1,1,0.0017764423076923074,0.9982235576923078,1,1,0.0,1.0
05_wheel_block_left_f3N_tau0p08_t0p60_p2l_v2:0070,05_wheel_block_left_f3N_tau0p08_t0p60_p2l_v2,train,33.315999999999946,33.715999999999944,1,1,0.0,1.0,0,0,0.9401203530879684,0.0598796469120314,0,0,0.9855525907966067,0.014447409203393246
05_wheel_block_left_f3N_tau0p08_t0p60_p2l_v2:0071,05_wheel_block_left_f3N_tau0p08_t0p60_p2l_v2,train,33.51599999999995,33.91599999999995,1,1,0.0017860576923076925,0.9982139423076922,0,0,0.9615043596870725,0.03849564031292764,0,0,0.9918798076923077,0.008120192307692307
05_wheel_block_left_f3N_tau0p08_t0p60_p2l_v2:0072,05_wheel_block_left_f3N_tau0p08_t0p60_p2l_v2,train,33.71599999999995,34.11599999999995,1,1,0.0,1.0,1,1,0.0,1.0,1,1,0.0,1.0
05_wheel_block_left_f3N_tau0p08_t0p60_p2l_v2:0073,05_wheel_block_left_f3N_tau0p08_t0p60_p2l_v2,train,33.91599999999995,34.315999999999946,1,1,0.0,1.0,1,1,0.0,1.0,1,1,0.0,1.0
05_wheel_block_left_f3N_tau0p08_t0p60_p2l_v2:0074,05_wheel_block_left_f3N_tau0p08_t0p60_p2l_v2,train,34.11599999999994,34.51599999999994,1,1,0.0,1.0,1,1,0.0,1.0,1,1,0.0,1.0
05_wheel_block_left_f3N_tau0p08_t0p60_p2l_v2:0075,05_wheel_block_left_f3N_tau0p08_t0p60_p2l_v2,train,34.315999999999946,34.715999999999944,1,1,0.0,1.0,1,1,0.0,1.0,1,1,0.0,1.0
05_wheel_block_left_f3N_tau0p08_t0p60_p2l_v2:0076,05_wheel_block_left_f3N_tau0p08_t0p60_p2l_v2,train,34.51599999999995,34.91599999999995,1,1,0.0,1.0,1,1,0.0,1.0,1,1,0.0,1.0
05_wheel_block_left_f3N_tau0p08_t0p60_p2l_v2:0077,05_wheel_block_left_f3N_tau0p08_t0p60_p2l_v2,train,34.715999999999944,35.11599999999994,1,1,0.0,1.0,1,1,0.0,1.0,1,1,0.0,1.0
05_wheel_block_left_f3N_tau0p08_t0p60_p2l_v2:0078,05_wheel_block_left_f3N_tau0p08_t0p60_p2l_v2,train,34.91599999999994,35.31599999999994,1,1,0.0,1.0,1,1,0.0,1.0,1,1,0.0,1.0
05_wheel_block_left_f3N_tau0p08_t0p60_p2l_v2:0079,05_wheel_block_left_f3N_tau0p08_t0p60_p2l_v2,train,35.11599999999994,35.51599999999994,1,1,0.14607542432299805,0.8539245756770022,1,1,0.21728189765762007,0.7827181023423798,1,1,0.0019735576923076924,0.9980264423076922
05_wheel_block_left_f3N_tau0p08_t0p60_p2l_v2:0080,05_wheel_block_left_f3N_tau0p08_t0p60_p2l_v2,train,35.315999999999946,35.715999999999944,1,1,0.10615229589563185,0.8938477041043682,1,1,0.2558197770330807,0.7441802229669192,1,1,0.0,1.0
06_healthy_low_turns_p2l_v2:0000,06_healthy_low_turns_p2l_v2,test,15.953,16.352999999999998,1,1,0.0,1.0,1,1,0.0017283653846153846,0.9982716346153846,1,1,0.0,1.0
06_healthy_low_turns_p2l_v2:0001,06_healthy_low_turns_p2l_v2,test,16.153,16.552999999999997,1,1,0.0,1.0,1,1,0.0,1.0,1,1,0.0,1.0
06_healthy_low_turns_p2l_v2:0002,06_healthy_low_turns_p2l_v2,test,16.352999999999998,16.752999999999997,1,1,0.007481402804806188,0.992518597195194,1,1,0.0,1.0,1,1,0.0,1.0
06_healthy_low_turns_p2l_v2:0003,06_healthy_low_turns_p2l_v2,test,16.552999999999997,16.952999999999996,1,1,0.0029987458193979936,0.997001254180602,1,1,0.0,1.0,1,1,0.0,1.0
06_healthy_low_turns_p2l_v2:0004,06_healthy_low_turns_p2l_v2,test,16.752999999999997,17.152999999999995,1,1,0.0031706372840976773,0.9968293627159024,1,1,0.0,1.0,1,1,0.0,1.0
06_healthy_low_turns_p2l_v2:0005,06_healthy_low_turns_p2l_v2,test,16.952999999999996,17.352999999999994,1,1,0.005362980769230769,0.9946370192307693,1,1,0.0,1.0,1,1,0.0,1.0
06_healthy_low_turns_p2l_v2:0006,06_healthy_low_turns_p2l_v2,test,17.152999999999995,17.552999999999994,1,1,0.0,1.0,1,1,0.0,1.0,1,1,0.0,1.0
06_healthy_low_turns_p2l_v2:0007,06_healthy_low_turns_p2l_v2,test,17.352999999999994,17.752999999999993,1,1,0.0,1.0,1,1,0.0,1.0,1,1,0.0,1.0
06_healthy_low_turns_p2l_v2:0008,06_healthy_low_turns_p2l_v2,test,17.552999999999994,17.952999999999992,1,1,0.1070507159637578,0.8929492840362422,1,1,0.0,1.0,1,1,0.0,1.0
06_healthy_low_turns_p2l_v2:0009,06_healthy_low_turns_p2l_v2,test,17.752999999999993,18.15299999999999,1,1,0.12064025237692365,0.8793597476230762,1,1,0.0,1.0,1,1,0.0,1.0
06_healthy_low_turns_p2l_v2:0010,06_healthy_low_turns_p2l_v2,test,17.952999999999992,18.35299999999999,1,1,0.0,1.0,1,1,0.0,1.0,1,1,0.0,1.0
06_healthy_low_turns_p2l_v2:0011,06_healthy_low_turns_p2l_v2,test,18.15299999999999,18.55299999999999,1,1,0.0,1.0,1,1,0.0,1.0,1,1,0.0,1.0
06_healthy_low_turns_p2l_v2:0012,06_healthy_low_turns_p2l_v2,test,18.35299999999999,18.75299999999999,1,1,0.0,1.0,1,1,0.0,1.0,1,1,0.0,1.0
06_healthy_low_turns_p2l_v2:0013,06_healthy_low_turns_p2l_v2,test,18.55299999999999,18.95299999999999,1,1,0.0,1.0,1,1,0.0,1.0,1,1,0.0,1.0
06_healthy_low_turns_p2l_v2:0014,06_healthy_low_turns_p2l_v2,test,18.75299999999999,19.152999999999988,1,1,0.0,1.0,1,1,0.0,1.0,1,1,0.0,1.0
06_healthy_low_turns_p2l_v2:0015,06_healthy_low_turns_p2l_v2,test,18.95299999999999,19.352999999999987,1,1,0.0019368421052631578,0.9980631578947369,1,1,0.0,1.0,1,1,0.0,1.0
06_healthy_low_turns_p2l_v2:0016,06_healthy_low_turns_p2l_v2,test,19.152999999999988,19.552999999999987,1,1,0.0,1.0,1,1,0.0,1.0,1,1,0.0,1.0
06_healthy_low_turns_p2l_v2:0017,06_healthy_low_turns_p2l_v2,test,19.352999999999987,19.752999999999986,1,1,0.0,1.0,1,1,0.0,1.0,1,1,0.0,1.0
06_healthy_low_turns_p2l_v2:0018,06_healthy_low_turns_p2l_v2,test,19.552999999999987,19.952999999999985,1,1,0.0,1.0,1,1,0.0,1.0,1,1,0.0,1.0
06_healthy_low_turns_p2l_v2:0019,06_healthy_low_turns_p2l_v2,test,19.752999999999986,20.152999999999984,1,1,0.0017788461538461536,0.9982211538461538,1,1,0.0,1.0,1,1,0.0,1.0
06_healthy_low_turns_p2l_v2:0020,06_healthy_low_turns_p2l_v2,test,19.952999999999985,20.352999999999984,1,1,0.005621651537379066,0.9943783484626211,1,1,0.0,1.0,1,1,0.0,1.0
06_healthy_low_turns_p2l_v2:0021,06_healthy_low_turns_p2l_v2,test,20.152999999999984,20.552999999999983,1,1,0.0035625,0.9964375,1,1,0.0,1.0,1,1,0.0,1.0
06_healthy_low_turns_p2l_v2:0022,06_healthy_low_turns_p2l_v2,test,20.352999999999984,20.752999999999982,1,1,0.0036791808873720138,0.996320819112628,1,1,0.16168501245199024,0.8383149875480095,1,1,0.0378361758270778,0.9621638241729221
06_healthy_low_turns_p2l_v2:0023,06_healthy_low_turns_p2l_v2,test,20.552999999999983,20.95299999999998,1,1,0.009420940355980704,0.9905790596440193,1,0,0.28406966157135144,0.7159303384286485,1,1,0.04380011813477012,0.9561998818652299
06_healthy_low_turns_p2l_v2:0024,06_healthy_low_turns_p2l_v2,test,20.752999999999982,21.15299999999998,1,1,0.0,1.0,1,1,0.0017572115384615387,0.9982427884615385,1,1,0.0,1.0
06_healthy_low_turns_p2l_v2:0025,06_healthy_low_turns_p2l_v2,test,20.95299999999998,21.35299999999998,1,1,0.005409136703416019,0.994590863296584,1,1,0.0017572115384615387,0.9982427884615385,1,1,0.0,1.0
06_healthy_low_turns_p2l_v2:0026,06_healthy_low_turns_p2l_v2,test,21.15299999999998,21.55299999999998,1,1,0.003683997950019524,0.9963160020499805,1,1,0.0037572115384615383,0.9962427884615385,1,1,0.0,1.0
06_healthy_low_turns_p2l_v2:0027,06_healthy_low_turns_p2l_v2,test,21.35299999999998,21.75299999999998,1,1,0.0017908653846153849,0.9982091346153846,1,1,0.005463942307692308,0.9945360576923076,1,1,0.0,1.0
06_healthy_low_turns_p2l_v2:0028,06_healthy_low_turns_p2l_v2,test,21.55299999999998,21.952999999999978,1,1,0.007549845394818705,0.9924501546051813,1,1,0.0017067307692307692,0.9982932692307693,1,1,0.0,1.0
06_healthy_low_turns_p2l_v2:0029,06_healthy_low_turns_p2l_v2,test,21.75299999999998,22.152999999999977,1,1,0.022386735594655243,0.9776132644053448,1,1,0.0,1.0,1,1,0.0,1.0
06_healthy_low_turns_p2l_v2:0030,06_healthy_low_turns_p2l_v2,test,21.952999999999978,22.352999999999977,1,1,0.1139798655872988,0.8860201344127012,1,1,0.0035179704016913317,0.9964820295983087,1,1,0.0,1.0
06_healthy_low_turns_p2l_v2:0031,06_healthy_low_turns_p2l_v2,test,22.152999999999977,22.552999999999976,1,1,0.12607859001356223,0.8739214099864379,1,1,0.0035179704016913317,0.9964820295983087,1,1,0.0,1.0
06_healthy_low_turns_p2l_v2:0032,06_healthy_low_turns_p2l_v2,test,22.352999999999977,22.752999999999975,1,1,0.14218006477354606,0.8578199352264538,1,0,0.594593514217972,0.40540648578202837,1,1,0.007854326923076924,0.9921456730769231
06_healthy_low_turns_p2l_v2:0033,06_healthy_low_turns_p2l_v2,test,22.552999999999976,22.952999999999975,1,1,0.18124243263806789,0.8187575673619322,1,0,0.4010342118618913,0.5989657881381084,1,1,0.011889423076923079,0.988110576923077
06_healthy_low_turns_p2l_v2:0034,06_healthy_low_turns_p2l_v2,test,22.752999999999975,23.152999999999974,1,1,0.0397842495501181,0.9602157504498819,1,1,0.0,1.0,1,1,0.0,1.0
06_healthy_low_turns_p2l_v2:0035,06_healthy_low_turns_p2l_v2,test,22.952999999999975,23.352999999999973,1,1,0.04290674758779471,0.9570932524122053,1,1,0.0,1.0,1,1,0.0,1.0
06_healthy_low_turns_p2l_v2:0036,06_healthy_low_turns_p2l_v2,test,23.152999999999974,23.552999999999972,1,1,0.02839791473306962,0.9716020852669305,1,1,0.0,1.0,1,1,0.0,1.0
06_healthy_low_turns_p2l_v2:0037,06_healthy_low_turns_p2l_v2,test,23.352999999999973,23.75299999999997,1,1,0.045492443037697866,0.9545075569623023,1,1,0.001896551724137931,0.9981034482758621,1,1,0.0,1.0
06_healthy_low_turns_p2l_v2:0038,06_healthy_low_turns_p2l_v2,test,23.552999999999972,23.95299999999997,1,1,0.03837221562622045,0.9616277843737796,1,1,0.0,1.0,1,1,0.0,1.0
06_healthy_low_turns_p2l_v2:0039,06_healthy_low_turns_p2l_v2,test,23.75299999999997,24.15299999999997,1,1,0.01595202154969668,0.9840479784503033,1,1,0.0036286858974358977,0.9963713141025641,1,1,0.0,1.0
06_healthy_low_turns_p2l_v2:0040,06_healthy_low_turns_p2l_v2,test,23.95299999999997,24.35299999999997,1,1,0.021585635621317132,0.978414364378683,1,1,0.0036286858974358977,0.9963713141025641,1,1,0.0,1.0
06_healthy_low_turns_p2l_v2:0041,06_healthy_low_turns_p2l_v2,test,24.15299999999997,24.55299999999997,1,1,0.023201396115294422,0.9767986038847056,1,1,0.0,1.0,1,1,0.0,1.0
06_healthy_low_turns_p2l_v2:0042,06_healthy_low_turns_p2l_v2,test,24.35299999999997,24.752999999999968,1,1,0.032513521422439344,0.9674864785775608,1,1,0.0,1.0,1,1,0.0,1.0
06_healthy_low_turns_p2l_v2:0043,06_healthy_low_turns_p2l_v2,test,24.55299999999997,24.952999999999967,1,1,0.07428284218720614,0.925717157812794,1,1,0.0015179704016913319,0.9984820295983087,1,1,0.0,1.0
06_healthy_low_turns_p2l_v2:0044,06_healthy_low_turns_p2l_v2,test,24.752999999999968,25.152999999999967,1,1,0.11058079384312408,0.889419206156876,1,1,0.0015179704016913319,0.9984820295983087,1,1,0.0,1.0
06_healthy_low_turns_p2l_v2:0045,06_healthy_low_turns_p2l_v2,test,24.952999999999967,25.352999999999966,1,1,0.18109313491653015,0.8189068650834701,1,0,0.4649224283311598,0.53507757166884,1,1,0.007932692307692307,0.9920673076923078
06_healthy_low_turns_p2l_v2:0046,06_healthy_low_turns_p2l_v2,test,25.152999999999967,25.552999999999965,1,1,0.17283641915055362,0.8271635808494465,1,0,0.5315979120177262,0.46840208798227395,1,1,0.009932692307692309,0.9900673076923078
06_healthy_low_turns_p2l_v2:0047,06_healthy_low_turns_p2l_v2,test,25.352999999999966,25.752999999999965,1,1,0.08437673026925104,0.9156232697307489,1,1,0.006670985131214681,0.9933290148687853,1,1,0.0019384615384615386,0.9980615384615384
06_healthy_low_turns_p2l_v2:0048,06_healthy_low_turns_p2l_v2,test,25.552999999999965,25.952999999999964,1,1,0.09459510427891926,0.9054048957210807,1,1,0.0035179704016913317,0.9964820295983087,1,1,0.0019384615384615386,0.9980615384615384
06_healthy_low_turns_p2l_v2:0049,06_healthy_low_turns_p2l_v2,test,25.752999999999965,26.152999999999963,1,1,0.009357306427444544,0.9906426935725554,1,1,0.0,1.0,1,1,0.0,1.0
06_healthy_low_turns_p2l_v2:0050,06_healthy_low_turns_p2l_v2,test,25.952999999999964,26.352999999999962,1,1,0.0,1.0,1,1,0.0,1.0,1,1,0.0,1.0
06_healthy_low_turns_p2l_v2:0051,06_healthy_low_turns_p2l_v2,test,26.152999999999963,26.55299999999996,1,1,0.0,1.0,1,1,0.0,1.0,1,1,0.0,1.0
06_healthy_low_turns_p2l_v2:0052,06_healthy_low_turns_p2l_v2,test,26.352999999999962,26.75299999999996,1,1,0.0,1.0,1,1,0.001754807692307692,0.9982451923076923,1,1,0.0,1.0
06_healthy_low_turns_p2l_v2:0053,06_healthy_low_turns_p2l_v2,test,26.55299999999996,26.95299999999996,1,1,0.0,1.0,1,1,0.001754807692307692,0.9982451923076923,1,1,0.0,1.0
06_healthy_low_turns_p2l_v2:0054,06_healthy_low_turns_p2l_v2,test,26.75299999999996,27.15299999999996,1,1,0.0,1.0,1,1,0.0,1.0,1,1,0.0,1.0
06_healthy_low_turns_p2l_v2:0055,06_healthy_low_turns_p2l_v2,test,26.95299999999996,27.35299999999996,1,1,0.0,1.0,1,1,0.0,1.0,1,1,0.0,1.0
06_healthy_low_turns_p2l_v2:0056,06_healthy_low_turns_p2l_v2,test,27.15299999999996,27.552999999999958,1,1,0.0,1.0,1,1,0.0,1.0,1,1,0.0,1.0
06_healthy_low_turns_p2l_v2:0057,06_healthy_low_turns_p2l_v2,test,27.35299999999996,27.752999999999957,1,1,0.0038028846153846155,0.9961971153846153,1,1,0.0036293455334987586,0.9963706544665013,1,1,0.0,1.0
06_healthy_low_turns_p2l_v2:0058,06_healthy_low_turns_p2l_v2,test,27.552999999999958,27.952999999999957,1,1,0.0037764423076923075,0.9962235576923077,1,1,0.002,0.998,1,1,0.0,1.0
06_healthy_low_turns_p2l_v2:0059,06_healthy_low_turns_p2l_v2,test,27.752999999999957,28.152999999999956,1,1,0.0,1.0,1,1,0.01815523142112125,0.9818447685788786,1,1,0.002,0.998
06_healthy_low_turns_p2l_v2:0060,06_healthy_low_turns_p2l_v2,test,27.952999999999957,28.352999999999955,1,1,0.0017740384615384614,0.9982259615384615,1,1,0.011444711538461539,0.9885552884615385,1,1,0.0,1.0
06_healthy_low_turns_p2l_v2:0061,06_healthy_low_turns_p2l_v2,test,28.152999999999956,28.552999999999955,1,1,0.002,0.998,1,1,0.1261452957809627,0.8738547042190374,1,1,0.003963942307692307,0.9960360576923076
06_healthy_low_turns_p2l_v2:0062,06_healthy_low_turns_p2l_v2,test,28.352999999999955,28.752999999999954,1,1,0.008274763027022052,0.9917252369729779,1,1,0.08663995641453552,0.9133600435854645,1,1,0.0,1.0
06_healthy_low_turns_p2l_v2:0063,06_healthy_low_turns_p2l_v2,test,28.552999999999955,28.952999999999953,1,1,0.02694225622143833,0.9730577437785618,1,1,0.10962828289926325,0.8903717171007368,1,1,0.0,1.0
06_healthy_low_turns_p2l_v2:0064,06_healthy_low_turns_p2l_v2,test,28.752999999999954,29.152999999999953,1,1,0.0,1.0,1,1,0.0,1.0,1,1,0.0,1.0
06_healthy_low_turns_p2l_v2:0065,06_healthy_low_turns_p2l_v2,test,28.952999999999953,29.352999999999952,1,1,0.0,1.0,1,1,0.0,1.0,1,1,0.0,1.0
06_healthy_low_turns_p2l_v2:0066,06_healthy_low_turns_p2l_v2,test,29.152999999999953,29.55299999999995,1,1,0.0,1.0,1,1,0.0,1.0,1,1,0.0,1.0
06_healthy_low_turns_p2l_v2:0067,06_healthy_low_turns_p2l_v2,test,29.352999999999952,29.75299999999995,1,1,0.0,1.0,1,1,0.0,1.0,1,1,0.0,1.0
06_healthy_low_turns_p2l_v2:0068,06_healthy_low_turns_p2l_v2,test,29.55299999999995,29.95299999999995,1,1,0.0,1.0,1,1,0.0,1.0,1,1,0.0,1.0
06_healthy_low_turns_p2l_v2:0069,06_healthy_low_turns_p2l_v2,test,29.75299999999995,30.15299999999995,1,1,0.0,1.0,1,1,0.0,1.0,1,1,0.0,1.0
06_healthy_low_turns_p2l_v2:0070,06_healthy_low_turns_p2l_v2,test,29.95299999999995,30.35299999999995,1,1,0.0038028846153846155,0.9961971153846153,1,1,0.14224284645963686,0.8577571535403633,1,1,0.0,1.0
06_healthy_low_turns_p2l_v2:0071,06_healthy_low_turns_p2l_v2,test,30.15299999999995,30.552999999999948,1,1,0.0036773480662983422,0.9963226519337016,1,1,0.17790932076016555,0.8220906792398345,1,1,0.0,1.0
06_healthy_low_turns_p2l_v2:0072,06_healthy_low_turns_p2l_v2,test,30.35299999999995,30.752999999999947,1,1,0.0016888888888888889,0.9983111111111111,1,1,0.0,1.0,1,1,0.0,1.0
06_healthy_low_turns_p2l_v2:0073,06_healthy_low_turns_p2l_v2,test,30.552999999999948,30.952999999999946,1,1,0.0,1.0,1,1,0.0,1.0,1,1,0.0,1.0
06_healthy_low_turns_p2l_v2:0074,06_healthy_low_turns_p2l_v2,test,30.752999999999947,31.152999999999945,1,1,0.017284094674491685,0.9827159053255083,1,1,0.0,1.0,1,1,0.0,1.0
06_healthy_low_turns_p2l_v2:0075,06_healthy_low_turns_p2l_v2,test,30.952999999999946,31.352999999999945,1,1,0.009707503162555343,0.9902924968374447,1,1,0.0,1.0,1,1,0.0,1.0
06_healthy_low_turns_p2l_v2:0076,06_healthy_low_turns_p2l_v2,test,31.152999999999945,31.552999999999944,1,1,0.0,1.0,1,1,0.0,1.0,1,1,0.0,1.0
06_healthy_low_turns_p2l_v2:0077,06_healthy_low_turns_p2l_v2,test,31.352999999999945,31.752999999999943,1,1,0.0,1.0,1,1,0.0,1.0,1,1,0.0,1.0
06_healthy_low_turns_p2l_v2:0078,06_healthy_low_turns_p2l_v2,test,31.552999999999944,31.952999999999943,1,1,0.002,0.998,1,1,0.0,1.0,1,1,0.0,1.0
06_healthy_low_turns_p2l_v2:0079,06_healthy_low_turns_p2l_v2,test,31.752999999999943,32.15299999999994,1,1,0.0,1.0,1,1,0.0,1.0,1,1,0.0,1.0
06_healthy_low_turns_p2l_v2:0080,06_healthy_low_turns_p2l_v2,test,31.952999999999943,32.352999999999945,1,1,0.003603365384615385,0.9963966346153846,1,1,0.002,0.998,1,1,0.0,1.0
06_healthy_low_turns_p2l_v2:0081,06_healthy_low_turns_p2l_v2,test,32.15299999999994,32.55299999999994,1,1,0.007549845394818705,0.9924501546051813,1,1,0.0017572115384615387,0.9982427884615385,1,1,0.0,1.0
06_healthy_low_turns_p2l_v2:0082,06_healthy_low_turns_p2l_v2,test,32.35299999999994,32.752999999999936,1,1,0.08683910600356819,0.9131608939964319,1,1,0.0037572115384615383,0.9962427884615385,1,1,0.0,1.0
06_healthy_low_turns_p2l_v2:0083,06_healthy_low_turns_p2l_v2,test,32.55299999999994,32.95299999999994,1,1,0.07555997515918647,0.9244400248408137,1,1,0.002,0.998,1,1,0.0,1.0
06_healthy_low_turns_p2l_v2:0084,06_healthy_low_turns_p2l_v2,test,32.75299999999994,33.15299999999994,1,1,0.04932826761825349,0.9506717323817465,1,1,0.0,1.0,1,1,0.0,1.0
06_healthy_low_turns_p2l_v2:0085,06_healthy_low_turns_p2l_v2,test,32.95299999999994,33.35299999999994,1,1,0.055029005236799336,0.9449709947632007,1,1,0.0017572115384615387,0.9982427884615385,1,1,0.0,1.0
06_healthy_low_turns_p2l_v2:0086,06_healthy_low_turns_p2l_v2,test,33.152999999999935,33.55299999999993,1,1,0.1782792475290324,0.8217207524709677,1,0,0.4907910948648052,0.5092089051351947,1,1,0.023813314824846516,0.9761866851751535
06_healthy_low_turns_p2l_v2:0087,06_healthy_low_turns_p2l_v2,test,33.35299999999994,33.752999999999936,1,1,0.18543615364339014,0.8145638463566098,1,0,0.3526019721631836,0.6473980278368164,1,1,0.01396875,0.98603125
06_healthy_low_turns_p2l_v2:0088,06_healthy_low_turns_p2l_v2,test,33.55299999999994,33.95299999999994,1,1,0.02115467276629954,0.9788453272337003,1,1,0.0,1.0,1,1,0.0,1.0
06_healthy_low_turns_p2l_v2:0089,06_healthy_low_turns_p2l_v2,test,33.752999999999936,34.152999999999935,1,1,0.024702959092621362,0.9752970409073786,1,1,0.0,1.0,1,1,0.0,1.0
06_healthy_low_turns_p2l_v2:0090,06_healthy_low_turns_p2l_v2,test,33.95299999999993,34.35299999999993,1,1,0.021304054066580057,0.9786959459334199,1,1,0.0,1.0,1,1,0.0,1.0
06_healthy_low_turns_p2l_v2:0091,06_healthy_low_turns_p2l_v2,test,34.152999999999935,34.55299999999993,1,1,0.012165572581147949,0.9878344274188521,1,1,0.0,1.0,1,1,0.0,1.0
06_healthy_low_turns_p2l_v2:0092,06_healthy_low_turns_p2l_v2,test,34.35299999999994,34.752999999999936,1,1,0.022894793163365998,0.977105206836634,1,1,0.0,1.0,1,1,0.0,1.0
06_healthy_low_turns_p2l_v2:0093,06_healthy_low_turns_p2l_v2,test,34.55299999999993,34.95299999999993,1,1,0.06625049892090053,0.9337495010790995,1,1,0.0,1.0,1,1,0.0019384615384615386,0.9980615384615384
06_healthy_low_turns_p2l_v2:0094,06_healthy_low_turns_p2l_v2,test,34.75299999999993,35.15299999999993,1,1,0.09382836405428714,0.9061716359457126,1,1,0.0,1.0,1,1,0.0019384615384615386,0.9980615384615384
06_healthy_low_turns_p2l_v2:0095,06_healthy_low_turns_p2l_v2,test,34.95299999999993,35.35299999999993,1,0,0.21089262771527312,0.789107372284727,1,0,0.6335999448104516,0.36640005518954827,1,1,0.02196875,0.97803125
06_healthy_low_turns_p2l_v2:0096,06_healthy_low_turns_p2l_v2,test,35.152999999999935,35.55299999999993,1,1,0.17738603925362262,0.8226139607463776,1,0,0.6540273446148904,0.3459726553851093,1,1,0.025932692307692306,0.9740673076923078
06_healthy_low_turns_p2l_v2:0097,06_healthy_low_turns_p2l_v2,test,35.35299999999993,35.75299999999993,1,1,0.06616732854261896,0.9338326714573809,1,1,0.0015179704016913319,0.9984820295983087,1,1,0.0,1.0
06_healthy_low_turns_p2l_v2:0098,06_healthy_low_turns_p2l_v2,test,35.552999999999926,35.952999999999925,1,1,0.0635086287748486,0.9364913712251512,1,1,0.003272778093999024,0.9967272219060009,1,1,0.0,1.0
06_healthy_low_turns_p2l_v2:0099,06_healthy_low_turns_p2l_v2,test,35.75299999999993,36.15299999999993,1,1,0.016248897914754947,0.9837511020852451,1,1,0.003622841004287192,0.9963771589957128,1,1,0.0019384615384615386,0.9980615384615384
06_healthy_low_turns_p2l_v2:0100,06_healthy_low_turns_p2l_v2,test,35.95299999999993,36.35299999999993,1,1,0.016556115095196437,0.9834438849048035,1,1,0.0038680333119795007,0.9961319666880205,1,1,0.0019384615384615386,0.9980615384615384
06_healthy_low_turns_p2l_v2:0101,06_healthy_low_turns_p2l_v2,test,36.15299999999993,36.552999999999926,1,1,0.0,1.0,1,1,0.0,1.0,1,1,0.0,1.0
06_healthy_low_turns_p2l_v2:0102,06_healthy_low_turns_p2l_v2,test,36.35299999999992,36.75299999999992,1,1,0.0,1.0,1,1,0.001754807692307692,0.9982451923076923,1,1,0.0,1.0
06_healthy_low_turns_p2l_v2:0103,06_healthy_low_turns_p2l_v2,test,36.552999999999926,36.952999999999925,1,1,0.0,1.0,1,1,0.0,1.0,1,1,0.0,1.0
06_healthy_low_turns_p2l_v2:0104,06_healthy_low_turns_p2l_v2,test,36.75299999999993,37.15299999999993,1,1,0.0,1.0,1,1,0.0018680333119795002,0.9981319666880205,1,1,0.0,1.0
06_healthy_low_turns_p2l_v2:0105,06_healthy_low_turns_p2l_v2,test,36.952999999999925,37.35299999999992,1,1,0.0037764423076923075,0.9962235576923077,1,0,0.3272470401596571,0.6727529598403432,1,1,0.0,1.0
06_healthy_low_turns_p2l_v2:0106,06_healthy_low_turns_p2l_v2,test,37.15299999999992,37.55299999999992,1,1,0.043877058654471314,0.9561229413455287,1,1,0.2641746479249917,0.7358253520750084,1,1,0.0,1.0
06_healthy_low_turns_p2l_v2:0107,06_healthy_low_turns_p2l_v2,test,37.35299999999992,37.75299999999992,1,1,0.005353365384615385,0.9946466346153845,1,1,0.0,1.0,1,1,0.0,1.0
06_healthy_low_turns_p2l_v2:0108,06_healthy_low_turns_p2l_v2,test,37.552999999999926,37.952999999999925,1,1,0.0,1.0,1,1,0.0,1.0,1,1,0.0,1.0
06_healthy_low_turns_p2l_v2:0109,06_healthy_low_turns_p2l_v2,test,37.75299999999992,38.15299999999992,1,1,0.0,1.0,1,1,0.0,1.0,1,1,0.0,1.0
06_healthy_low_turns_p2l_v2:0110,06_healthy_low_turns_p2l_v2,test,37.95299999999992,38.352999999999916,1,1,0.0,1.0,1,1,0.0,1.0,1,1,0.0,1.0
06_healthy_low_turns_p2l_v2:0111,06_healthy_low_turns_p2l_v2,test,38.15299999999992,38.55299999999992,1,1,0.0016134636264929427,0.998386536373507,1,1,0.0,1.0,1,1,0.0,1.0
06_healthy_low_turns_p2l_v2:0112,06_healthy_low_turns_p2l_v2,test,38.35299999999992,38.75299999999992,1,1,0.0,1.0,1,1,0.0,1.0,1,1,0.0,1.0
06_healthy_low_turns_p2l_v2:0113,06_healthy_low_turns_p2l_v2,test,38.55299999999992,38.95299999999992,1,1,0.0,1.0,1,1,0.0,1.0,1,1,0.0,1.0
06_healthy_low_turns_p2l_v2:0114,06_healthy_low_turns_p2l_v2,test,38.752999999999915,39.15299999999991,1,1,0.0,1.0,1,1,0.0,1.0,1,1,0.0,1.0
06_healthy_low_turns_p2l_v2:0115,06_healthy_low_turns_p2l_v2,test,38.95299999999992,39.352999999999916,1,1,0.0,1.0,1,1,0.0,1.0,1,1,0.0,1.0
06_healthy_low_turns_p2l_v2:0116,06_healthy_low_turns_p2l_v2,test,39.15299999999992,39.55299999999992,1,1,0.0,1.0,1,1,0.0,1.0,1,1,0.0,1.0
06_healthy_low_turns_p2l_v2:0117,06_healthy_low_turns_p2l_v2,test,39.352999999999916,39.752999999999915,1,1,0.0,1.0,1,1,0.0,1.0,1,1,0.0,1.0
06_healthy_low_turns_p2l_v2:0118,06_healthy_low_turns_p2l_v2,test,39.55299999999991,39.95299999999991,1,1,0.0,1.0,1,1,0.0,1.0,1,1,0.0,1.0
06_healthy_low_turns_p2l_v2:0119,06_healthy_low_turns_p2l_v2,test,39.752999999999915,40.15299999999991,1,1,0.001795673076923077,0.9982043269230769,1,1,0.0,1.0,1,1,0.0,1.0
06_healthy_low_turns_p2l_v2:0120,06_healthy_low_turns_p2l_v2,test,39.95299999999992,40.352999999999916,1,1,0.010564002114295357,0.9894359978857047,1,1,0.0017764423076923074,0.9982235576923078,1,1,0.0,1.0
06_healthy_low_turns_p2l_v2:0121,06_healthy_low_turns_p2l_v2,test,40.15299999999991,40.55299999999991,1,1,0.021327945061570878,0.9786720549384292,1,1,0.0017764423076923074,0.9982235576923078,1,1,0.0,1.0
06_healthy_low_turns_p2l_v2:0122,06_healthy_low_turns_p2l_v2,test,40.35299999999991,40.75299999999991,1,1,0.00347651458734887,0.9965234854126512,1,1,0.0,1.0,1,1,0.0,1.0
06_healthy_low_turns_p2l_v2:0123,06_healthy_low_turns_p2l_v2,test,40.55299999999991,40.95299999999991,1,1,0.0016134636264929427,0.998386536373507,1,1,0.0,1.0,1,1,0.0,1.0
06_healthy_low_turns_p2l_v2:0124,06_healthy_low_turns_p2l_v2,test,40.752999999999915,41.15299999999991,1,1,0.0,1.0,1,1,0.0,1.0,1,1,0.0,1.0
06_healthy_low_turns_p2l_v2:0125,06_healthy_low_turns_p2l_v2,test,40.95299999999991,41.35299999999991,1,1,0.0033923097803390963,0.9966076902196609,1,1,0.0,1.0,1,1,0.0,1.0
06_healthy_low_turns_p2l_v2:0126,06_healthy_low_turns_p2l_v2,test,41.152999999999906,41.552999999999905,1,1,0.0,1.0,1,1,0.0,1.0,1,1,0.0,1.0
06_healthy_low_turns_p2l_v2:0127,06_healthy_low_turns_p2l_v2,test,41.35299999999991,41.75299999999991,1,1,0.0,1.0,1,1,0.0017283653846153846,0.9982716346153846,1,1,0.0,1.0
06_healthy_low_turns_p2l_v2:0128,06_healthy_low_turns_p2l_v2,test,41.55299999999991,41.95299999999991,1,1,0.0,1.0,1,1,0.00154419595314164,0.9984558040468584,1,1,0.0,1.0
06_healthy_low_turns_p2l_v2:0129,06_healthy_low_turns_p2l_v2,test,41.75299999999991,42.152999999999906,1,1,0.0,1.0,1,1,0.0,1.0,1,1,0.0,1.0
06_healthy_low_turns_p2l_v2:0130,06_healthy_low_turns_p2l_v2,test,41.9529999999999,42.3529999999999,1,1,0.0,1.0,1,1,0.0,1.0,1,1,0.0,1.0
06_healthy_low_turns_p2l_v2:0131,06_healthy_low_turns_p2l_v2,test,42.152999999999906,42.552999999999905,1,1,0.0,1.0,1,1,0.0,1.0,1,1,0.0,1.0
06_healthy_low_turns_p2l_v2:0132,06_healthy_low_turns_p2l_v2,test,42.35299999999991,42.75299999999991,1,1,0.01209721980770238,0.9879027801922976,1,1,0.0,1.0,1,1,0.0,1.0
06_healthy_low_turns_p2l_v2:0133,06_healthy_low_turns_p2l_v2,test,42.552999999999905,42.9529999999999,1,1,0.01232798903847161,0.9876720109615283,1,1,0.0,1.0,1,1,0.0,1.0
07b_healthy_high_safe_zigzag_p2l_v2:0000,07b_healthy_high_safe_zigzag_p2l_v2,train,28.335,28.735,1,1,0.0,1.0,1,1,0.0017475961538461538,0.9982524038461538,1,1,0.0,1.0
07b_healthy_high_safe_zigzag_p2l_v2:0001,07b_healthy_high_safe_zigzag_p2l_v2,train,28.535,28.935,1,1,0.0016134636264929427,0.998386536373507,1,1,0.0,1.0,1,1,0.0,1.0
07b_healthy_high_safe_zigzag_p2l_v2:0002,07b_healthy_high_safe_zigzag_p2l_v2,train,28.735,29.134999999999998,1,0,0.28554386221958805,0.7144561377804121,1,1,0.0017283653846153846,0.9982716346153846,1,1,0.0,1.0
07b_healthy_high_safe_zigzag_p2l_v2:0003,07b_healthy_high_safe_zigzag_p2l_v2,train,28.935,29.334999999999997,1,0,0.32834987095393825,0.6716501290460618,1,1,0.0,1.0,1,1,0.0,1.0
07b_healthy_high_safe_zigzag_p2l_v2:0004,07b_healthy_high_safe_zigzag_p2l_v2,train,29.134999999999998,29.534999999999997,1,1,0.0,1.0,1,1,0.0,1.0,1,1,0.0,1.0
07b_healthy_high_safe_zigzag_p2l_v2:0005,07b_healthy_high_safe_zigzag_p2l_v2,train,29.334999999999997,29.734999999999996,1,1,0.0,1.0,1,1,0.0,1.0,1,1,0.0,1.0
07b_healthy_high_safe_zigzag_p2l_v2:0006,07b_healthy_high_safe_zigzag_p2l_v2,train,29.534999999999997,29.934999999999995,1,1,0.05408349405870995,0.9459165059412901,1,1,0.0,1.0,1,1,0.0,1.0
07b_healthy_high_safe_zigzag_p2l_v2:0007,07b_healthy_high_safe_zigzag_p2l_v2,train,29.734999999999996,30.134999999999994,1,1,0.11013721601062047,0.8898627839893796,1,1,0.0,1.0,1,1,0.0,1.0
07b_healthy_high_safe_zigzag_p2l_v2:0008,07b_healthy_high_safe_zigzag_p2l_v2,train,29.934999999999995,30.334999999999994,1,1,0.0,1.0,1,1,0.0,1.0,1,1,0.0,1.0
07b_healthy_high_safe_zigzag_p2l_v2:0009,07b_healthy_high_safe_zigzag_p2l_v2,train,30.134999999999994,30.534999999999993,1,1,0.0,1.0,1,1,0.0,1.0,1,1,0.0,1.0
07b_healthy_high_safe_zigzag_p2l_v2:0010,07b_healthy_high_safe_zigzag_p2l_v2,train,30.334999999999994,30.734999999999992,1,1,0.0,1.0,1,1,0.0,1.0,1,1,0.0,1.0
07b_healthy_high_safe_zigzag_p2l_v2:0011,07b_healthy_high_safe_zigzag_p2l_v2,train,30.534999999999993,30.93499999999999,0,0,0.7601421247212505,0.23985787527874938,0,0,0.8553238705096293,0.14467612949037084,1,1,0.0,1.0
07b_healthy_high_safe_zigzag_p2l_v2:0012,07b_healthy_high_safe_zigzag_p2l_v2,train,30.734999999999992,31.13499999999999,0,0,0.9517279053320928,0.04827209466790719,0,0,0.9902671981460763,0.009732801853923811,1,1,0.0,1.0
07b_healthy_high_safe_zigzag_p2l_v2:0013,07b_healthy_high_safe_zigzag_p2l_v2,train,30.93499999999999,31.33499999999999,1,0,0.2735032122274986,0.726496787772502,0,0,0.9457580978861612,0.05424190211383868,1,1,0.0,1.0
07b_healthy_high_safe_zigzag_p2l_v2:0014,07b_healthy_high_safe_zigzag_p2l_v2,train,31.13499999999999,31.53499999999999,1,1,0.0,1.0,1,1,0.0,1.0,1,1,0.0,1.0
07b_healthy_high_safe_zigzag_p2l_v2:0015,07b_healthy_high_safe_zigzag_p2l_v2,train,31.33499999999999,31.73499999999999,1,1,0.0036828893442622953,0.9963171106557377,1,1,0.0017259615384615384,0.9982740384615385,1,1,0.0,1.0
07b_healthy_high_safe_zigzag_p2l_v2:0016,07b_healthy_high_safe_zigzag_p2l_v2,train,31.53499999999999,31.934999999999988,1,1,0.007559460779434089,0.9924405392205659,1,1,0.0,1.0,1,1,0.0,1.0
07b_healthy_high_safe_zigzag_p2l_v2:0017,07b_healthy_high_safe_zigzag_p2l_v2,train,31.73499999999999,32.13499999999999,1,1,0.06320526063133432,0.9367947393686656,1,1,0.0077616522324750045,0.9922383477675251,1,1,0.0019384615384615386,0.9980615384615384
07b_healthy_high_safe_zigzag_p2l_v2:0018,07b_healthy_high_safe_zigzag_p2l_v2,train,31.934999999999988,32.33499999999999,1,1,0.027252715002069487,0.9727472849979303,1,1,0.002,0.998,1,1,0.0,1.0
07b_healthy_high_safe_zigzag_p2l_v2:0019,07b_healthy_high_safe_zigzag_p2l_v2,train,32.13499999999999,32.53499999999999,1,1,0.021723765590216326,0.9782762344097836,1,1,0.00671328396157882,0.9932867160384212,1,1,0.0,1.0
07b_healthy_high_safe_zigzag_p2l_v2:0020,07b_healthy_high_safe_zigzag_p2l_v2,train,32.33499999999999,32.734999999999985,1,1,0.040594815556204776,0.959405184443795,1,1,0.0037548076923076923,0.9962451923076923,1,1,0.0,1.0
07b_healthy_high_safe_zigzag_p2l_v2:0021,07b_healthy_high_safe_zigzag_p2l_v2,train,32.53499999999998,32.93499999999998,0,0,0.7742351596340422,0.2257648403659574,0,0,0.9379688471243188,0.062031152875681124,1,1,0.009782217125264774,0.9902177828747353
07b_healthy_high_safe_zigzag_p2l_v2:0022,07b_healthy_high_safe_zigzag_p2l_v2,train,32.734999999999985,33.134999999999984,0,0,0.7105187208718007,0.2894812791281989,0,0,0.9659796540166263,0.034020345983373494,1,1,0.002,0.998
07b_healthy_high_safe_zigzag_p2l_v2:0023,07b_healthy_high_safe_zigzag_p2l_v2,train,32.93499999999999,33.33499999999999,1,1,0.029981551153578485,0.9700184488464214,1,1,0.0,1.0,1,1,0.0,1.0
07b_healthy_high_safe_zigzag_p2l_v2:0024,07b_healthy_high_safe_zigzag_p2l_v2,train,33.134999999999984,33.53499999999998,1,1,0.017677245583286746,0.9823227544167134,1,1,0.0,1.0,1,1,0.0,1.0
07b_healthy_high_safe_zigzag_p2l_v2:0025,07b_healthy_high_safe_zigzag_p2l_v2,train,33.33499999999998,33.73499999999998,1,1,0.030911143973987962,0.9690888560260122,1,1,0.0,1.0,1,1,0.0,1.0
07b_healthy_high_safe_zigzag_p2l_v2:0026,07b_healthy_high_safe_zigzag_p2l_v2,train,33.53499999999998,33.93499999999998,1,1,0.00891670728652298,0.991083292713477,1,1,0.0036286858974358977,0.9963713141025641,1,1,0.0,1.0
07b_healthy_high_safe_zigzag_p2l_v2:0027,07b_healthy_high_safe_zigzag_p2l_v2,train,33.734999999999985,34.134999999999984,1,1,0.017385250137032633,0.9826147498629673,1,1,0.0,1.0,1,1,0.0,1.0
07b_healthy_high_safe_zigzag_p2l_v2:0028,07b_healthy_high_safe_zigzag_p2l_v2,train,33.93499999999998,34.33499999999998,1,1,0.019208952478406743,0.9807910475215934,1,1,0.0,1.0,1,1,0.0,1.0
07b_healthy_high_safe_zigzag_p2l_v2:0029,07b_healthy_high_safe_zigzag_p2l_v2,train,34.13499999999998,34.534999999999975,0,0,0.9856455382764834,0.014354461723516584,0,0,0.9988764254872972,0.0011235745127027089,1,1,0.0,1.0
07b_healthy_high_safe_zigzag_p2l_v2:0030,07b_healthy_high_safe_zigzag_p2l_v2,train,34.33499999999998,34.73499999999998,0,0,0.9091507565015559,0.09084924349844378,0,0,0.9917008826967986,0.008299117303201476,1,1,0.0,1.0
07b_healthy_high_safe_zigzag_p2l_v2:0031,07b_healthy_high_safe_zigzag_p2l_v2,train,34.53499999999998,34.93499999999998,1,1,0.032676227172633895,0.9673237728273659,1,1,0.0,1.0,1,1,0.0,1.0
07b_healthy_high_safe_zigzag_p2l_v2:0032,07b_healthy_high_safe_zigzag_p2l_v2,train,34.73499999999998,35.13499999999998,1,1,0.028855738473962264,0.9711442615260377,1,1,0.012567282917189535,0.9874327170828106,1,1,0.0,1.0
07b_healthy_high_safe_zigzag_p2l_v2:0033,07b_healthy_high_safe_zigzag_p2l_v2,train,34.934999999999974,35.33499999999997,1,1,0.01933403438768249,0.9806659656123174,1,1,0.0034302884615384616,0.9965697115384615,1,1,0.0,1.0
07b_healthy_high_safe_zigzag_p2l_v2:0034,07b_healthy_high_safe_zigzag_p2l_v2,train,35.13499999999998,35.534999999999975,1,1,0.03818009737831556,0.9618199026216845,1,1,0.0,1.0,1,1,0.0,1.0
07b_healthy_high_safe_zigzag_p2l_v2:0035,07b_healthy_high_safe_zigzag_p2l_v2,train,35.33499999999998,35.73499999999998,1,1,0.005398903033586132,0.9946010969664139,1,1,0.0,1.0,1,1,0.0,1.0
07b_healthy_high_safe_zigzag_p2l_v2:0036,07b_healthy_high_safe_zigzag_p2l_v2,train,35.534999999999975,35.934999999999974,1,1,0.002,0.998,1,1,0.0,1.0,1,1,0.0,1.0
07b_healthy_high_safe_zigzag_p2l_v2:0037,07b_healthy_high_safe_zigzag_p2l_v2,train,35.73499999999997,36.13499999999997,1,1,0.0,1.0,1,1,0.0,1.0,1,1,0.0,1.0
07b_healthy_high_safe_zigzag_p2l_v2:0038,07b_healthy_high_safe_zigzag_p2l_v2,train,35.934999999999974,36.33499999999997,1,1,0.0,1.0,1,1,0.0,1.0,1,1,0.0,1.0
07b_healthy_high_safe_zigzag_p2l_v2:0039,07b_healthy_high_safe_zigzag_p2l_v2,train,36.13499999999998,36.534999999999975,1,1,0.0,1.0,1,1,0.0,1.0,1,1,0.0,1.0
07b_healthy_high_safe_zigzag_p2l_v2:0040,07b_healthy_high_safe_zigzag_p2l_v2,train,36.33499999999997,36.73499999999997,1,1,0.0,1.0,1,1,0.0,1.0,1,1,0.0,1.0
07b_healthy_high_safe_zigzag_p2l_v2:0041,07b_healthy_high_safe_zigzag_p2l_v2,train,36.53499999999997,36.93499999999997,1,1,0.0015978378378378375,0.9984021621621622,1,1,0.002,0.998,1,1,0.0,1.0
07b_healthy_high_safe_zigzag_p2l_v2:0042,07b_healthy_high_safe_zigzag_p2l_v2,train,36.73499999999997,37.13499999999997,1,1,0.010292286260037732,0.9897077137399621,1,1,0.004,0.996,1,1,0.0,1.0
07b_healthy_high_safe_zigzag_p2l_v2:0043,07b_healthy_high_safe_zigzag_p2l_v2,train,36.934999999999974,37.33499999999997,1,1,0.00877498513760071,0.9912250148623992,1,1,0.0,1.0,1,1,0.0,1.0
07b_healthy_high_safe_zigzag_p2l_v2:0044,07b_healthy_high_safe_zigzag_p2l_v2,train,37.13499999999997,37.53499999999997,1,1,0.012157788473912672,0.9878422115260873,1,1,0.003783653846153846,0.9962163461538462,1,1,0.0,1.0
07b_healthy_high_safe_zigzag_p2l_v2:0045,07b_healthy_high_safe_zigzag_p2l_v2,train,37.334999999999965,37.734999999999964,1,1,0.01918228876183445,0.9808177112381655,1,1,0.03392204328800443,0.9660779567119956,1,1,0.0,1.0
07b_healthy_high_safe_zigzag_p2l_v2:0046,07b_healthy_high_safe_zigzag_p2l_v2,train,37.53499999999997,37.93499999999997,1,1,0.0174093398943893,0.9825906601056107,1,1,0.017044675129887117,0.982955324870113,1,1,0.0,1.0
07b_healthy_high_safe_zigzag_p2l_v2:0047,07b_healthy_high_safe_zigzag_p2l_v2,train,37.73499999999997,38.13499999999997,1,1,0.01756988461825684,0.9824301153817431,1,1,0.0033836537512489744,0.9966163462487511,1,1,0.0,1.0
07b_healthy_high_safe_zigzag_p2l_v2:0048,07b_healthy_high_safe_zigzag_p2l_v2,train,37.93499999999997,38.334999999999965,0,0,0.8468536141994274,0.15314638580057185,0,0,0.9801102191730037,0.019889780826996162,1,1,0.0,1.0
07b_healthy_high_safe_zigzag_p2l_v2:0049,07b_healthy_high_safe_zigzag_p2l_v2,train,38.13499999999996,38.53499999999996,0,0,0.9188824496854731,0.08111755031452682,0,0,0.9917259947479963,0.008274005252003815,1,1,0.00983990943295708,0.9901600905670429
07b_healthy_high_safe_zigzag_p2l_v2:0050,07b_healthy_high_safe_zigzag_p2l_v2,train,38.334999999999965,38.734999999999964,1,1,0.0017860576923076925,0.9982139423076922,1,1,0.0017115384615384616,0.9982884615384615,1,1,0.0,1.0
07b_healthy_high_safe_zigzag_p2l_v2:0051,07b_healthy_high_safe_zigzag_p2l_v2,train,38.53499999999997,38.93499999999997,1,1,0.0,1.0,1,1,0.0018666666666666666,0.9981333333333333,1,1,0.0,1.0
07b_healthy_high_safe_zigzag_p2l_v2:0052,07b_healthy_high_safe_zigzag_p2l_v2,train,38.734999999999964,39.13499999999996,1,1,0.0,1.0,1,1,0.0,1.0,1,1,0.0,1.0
07b_healthy_high_safe_zigzag_p2l_v2:0053,07b_healthy_high_safe_zigzag_p2l_v2,train,38.93499999999996,39.33499999999996,1,1,0.0,1.0,1,1,0.0,1.0,1,1,0.0,1.0
07b_healthy_high_safe_zigzag_p2l_v2:0054,07b_healthy_high_safe_zigzag_p2l_v2,train,39.13499999999996,39.53499999999996,1,1,0.024777872545912464,0.9752221274540878,1,1,0.15933887147267953,0.8406611285273203,1,1,0.007932692307692309,0.9920673076923078
07b_healthy_high_safe_zigzag_p2l_v2:0055,07b_healthy_high_safe_zigzag_p2l_v2,train,39.334999999999965,39.734999999999964,0,0,0.9250926186351648,0.07490738136483509,0,0,0.9966988405863914,0.003301159413608704,1,1,0.002,0.998
07b_healthy_high_safe_zigzag_p2l_v2:0056,07b_healthy_high_safe_zigzag_p2l_v2,train,39.53499999999996,39.93499999999996,1,0,0.4124271828937258,0.5875728171062742,0,0,0.954992901866957,0.045007098133043065,1,1,0.0,1.0
07b_healthy_high_safe_zigzag_p2l_v2:0057,07b_healthy_high_safe_zigzag_p2l_v2,train,39.73499999999996,40.134999999999955,1,1,0.0018829516539440206,0.998117048346056,1,1,0.002,0.998,1,1,0.0,1.0
07b_healthy_high_safe_zigzag_p2l_v2:0058,07b_healthy_high_safe_zigzag_p2l_v2,train,39.93499999999996,40.33499999999996,1,1,0.003571840542832909,0.9964281594571671,1,1,0.0,1.0,1,1,0.0,1.0
07b_healthy_high_safe_zigzag_p2l_v2:0059,07b_healthy_high_safe_zigzag_p2l_v2,train,40.13499999999996,40.53499999999996,1,1,0.00345090811965812,0.9965490918803418,1,1,0.0017043269230769232,0.9982956730769231,1,1,0.0,1.0
07b_healthy_high_safe_zigzag_p2l_v2:0060,07b_healthy_high_safe_zigzag_p2l_v2,train,40.33499999999996,40.73499999999996,1,1,0.00860394067981519,0.9913960593201849,1,1,0.003405142425833552,0.9965948575741664,1,1,0.0,1.0
07b_healthy_high_safe_zigzag_p2l_v2:0061,07b_healthy_high_safe_zigzag_p2l_v2,train,40.534999999999954,40.93499999999995,1,1,0.0,1.0,1,1,0.0016791808873720135,0.9983208191126279,1,1,0.0,1.0
07b_healthy_high_safe_zigzag_p2l_v2:0062,07b_healthy_high_safe_zigzag_p2l_v2,train,40.73499999999996,41.134999999999955,1,1,0.0,1.0,1,1,0.0016791808873720135,0.9983208191126279,1,1,0.0,1.0
07b_healthy_high_safe_zigzag_p2l_v2:0063,07b_healthy_high_safe_zigzag_p2l_v2,train,40.93499999999996,41.33499999999996,1,1,0.0,1.0,1,1,0.005133507810448936,0.994866492189551,1,1,0.0,1.0
07b_healthy_high_safe_zigzag_p2l_v2:0064,07b_healthy_high_safe_zigzag_p2l_v2,train,41.134999999999955,41.534999999999954,0,0,0.9442417672674892,0.05575823273251064,0,0,0.914276925334047,0.08572307466595304,1,1,0.052,0.948
07b_healthy_high_safe_zigzag_p2l_v2:0065,07b_healthy_high_safe_zigzag_p2l_v2,train,41.33499999999995,41.73499999999995,0,0,0.9390936829272445,0.06090631707275524,0,0,0.9751483702365104,0.024851629763489497,1,1,0.006,0.994
07b_healthy_high_safe_zigzag_p2l_v2:0066,07b_healthy_high_safe_zigzag_p2l_v2,train,41.534999999999954,41.93499999999995,1,1,0.0,1.0,1,1,0.0,1.0,1,1,0.0,1.0
07b_healthy_high_safe_zigzag_p2l_v2:0067,07b_healthy_high_safe_zigzag_p2l_v2,train,41.73499999999996,42.134999999999955,1,1,0.0,1.0,1,1,0.0,1.0,1,1,0.0,1.0
07b_healthy_high_safe_zigzag_p2l_v2:0068,07b_healthy_high_safe_zigzag_p2l_v2,train,41.93499999999995,42.33499999999995,1,1,0.0,1.0,1,1,0.0,1.0,1,1,0.0,1.0
07b_healthy_high_safe_zigzag_p2l_v2:0069,07b_healthy_high_safe_zigzag_p2l_v2,train,42.13499999999995,42.53499999999995,1,1,0.0,1.0,1,1,0.0,1.0,1,1,0.0,1.0
07b_healthy_high_safe_zigzag_p2l_v2:0070,07b_healthy_high_safe_zigzag_p2l_v2,train,42.33499999999995,42.73499999999995,1,1,0.0036382157846939272,0.996361784215306,1,1,0.0,1.0,1,1,0.0,1.0
07b_healthy_high_safe_zigzag_p2l_v2:0071,07b_healthy_high_safe_zigzag_p2l_v2,train,42.534999999999954,42.93499999999995,1,1,0.0,1.0,1,1,0.0,1.0,1,1,0.0,1.0
07b_healthy_high_safe_zigzag_p2l_v2:0072,07b_healthy_high_safe_zigzag_p2l_v2,train,42.73499999999995,43.13499999999995,1,1,0.0,1.0,1,1,0.0,1.0,1,1,0.0,1.0
07b_healthy_high_safe_zigzag_p2l_v2:0073,07b_healthy_high_safe_zigzag_p2l_v2,train,42.934999999999945,43.334999999999944,1,1,0.0035817307692307698,0.9964182692307693,1,1,0.0,1.0,1,1,0.0,1.0
07b_healthy_high_safe_zigzag_p2l_v2:0074,07b_healthy_high_safe_zigzag_p2l_v2,train,43.13499999999995,43.53499999999995,1,1,0.0,1.0,1,1,0.0,1.0,1,1,0.0,1.0
08_low_friction_mild_mu_0p20_p2l_v2:0000,08_low_friction_mild_mu_0p20_p2l_v2,train,11.95,12.35,1,1,0.0017740384615384614,0.9982259615384615,1,1,0.0,1.0,1,1,0.0,1.0
08_low_friction_mild_mu_0p20_p2l_v2:0001,08_low_friction_mild_mu_0p20_p2l_v2,train,12.149999999999999,12.549999999999999,1,1,0.0035258178149372146,0.9964741821850629,1,1,0.0,1.0,1,1,0.0,1.0
08_low_friction_mild_mu_0p20_p2l_v2:0002,08_low_friction_mild_mu_0p20_p2l_v2,train,12.349999999999998,12.749999999999998,1,1,0.0,1.0,1,1,0.0,1.0,1,1,0.0,1.0
08_low_friction_mild_mu_0p20_p2l_v2:0003,08_low_friction_mild_mu_0p20_p2l_v2,train,12.549999999999997,12.949999999999998,1,1,0.0,1.0,1,1,0.0,1.0,1,1,0.0,1.0
08_low_friction_mild_mu_0p20_p2l_v2:0004,08_low_friction_mild_mu_0p20_p2l_v2,train,12.749999999999996,13.149999999999997,1,1,0.0,1.0,1,1,0.0,1.0,1,1,0.0,1.0
08_low_friction_mild_mu_0p20_p2l_v2:0005,08_low_friction_mild_mu_0p20_p2l_v2,train,12.949999999999996,13.349999999999996,1,1,0.0,1.0,1,1,0.0,1.0,1,1,0.0,1.0
08_low_friction_mild_mu_0p20_p2l_v2:0006,08_low_friction_mild_mu_0p20_p2l_v2,train,13.149999999999995,13.549999999999995,1,1,0.0,1.0,1,1,0.0,1.0,1,1,0.0,1.0
08_low_friction_mild_mu_0p20_p2l_v2:0007,08_low_friction_mild_mu_0p20_p2l_v2,train,13.349999999999994,13.749999999999995,1,1,0.0,1.0,1,1,0.0,1.0,1,1,0.0,1.0
08_low_friction_mild_mu_0p20_p2l_v2:0008,08_low_friction_mild_mu_0p20_p2l_v2,train,13.549999999999994,13.949999999999994,1,1,0.0,1.0,1,1,0.0,1.0,1,1,0.0,1.0
08_low_friction_mild_mu_0p20_p2l_v2:0009,08_low_friction_mild_mu_0p20_p2l_v2,train,13.749999999999993,14.149999999999993,1,1,0.0019003154574132493,0.9980996845425867,1,1,0.0,1.0,1,1,0.0,1.0
08_low_friction_mild_mu_0p20_p2l_v2:0010,08_low_friction_mild_mu_0p20_p2l_v2,train,13.949999999999992,14.349999999999993,1,1,0.00755425946860869,0.9924457405313912,1,1,0.0,1.0,1,1,0.0,1.0
08_low_friction_mild_mu_0p20_p2l_v2:0011,08_low_friction_mild_mu_0p20_p2l_v2,train,14.149999999999991,14.549999999999992,1,1,0.0,1.0,1,1,0.0,1.0,1,1,0.0,1.0
08_low_friction_mild_mu_0p20_p2l_v2:0012,08_low_friction_mild_mu_0p20_p2l_v2,train,14.34999999999999,14.749999999999991,1,1,0.003648989898989899,0.9963510101010101,1,1,0.0,1.0,1,1,0.0,1.0
08_low_friction_mild_mu_0p20_p2l_v2:0013,08_low_friction_mild_mu_0p20_p2l_v2,train,14.54999999999999,14.94999999999999,1,1,0.003648989898989899,0.9963510101010101,1,1,0.0,1.0,1,1,0.0,1.0
08_low_friction_mild_mu_0p20_p2l_v2:0014,08_low_friction_mild_mu_0p20_p2l_v2,train,14.74999999999999,15.14999999999999,1,1,0.003554673697072438,0.9964453263029276,1,1,0.0,1.0,1,1,0.0,1.0
08_low_friction_mild_mu_0p20_p2l_v2:0015,08_low_friction_mild_mu_0p20_p2l_v2,train,14.949999999999989,15.349999999999989,1,1,0.0,1.0,1,1,0.0,1.0,1,1,0.0,1.0
08_low_friction_mild_mu_0p20_p2l_v2:0016,08_low_friction_mild_mu_0p20_p2l_v2,train,15.149999999999988,15.549999999999988,1,1,0.004483286874415906,0.9955167131255841,1,1,0.0,1.0,1,1,0.0,1.0
08_low_friction_mild_mu_0p20_p2l_v2:0017,08_low_friction_mild_mu_0p20_p2l_v2,train,15.349999999999987,15.749999999999988,1,1,0.0015161290322580644,0.9984838709677419,1,1,0.0,1.0,1,1,0.0,1.0
08_low_friction_mild_mu_0p20_p2l_v2:0018,08_low_friction_mild_mu_0p20_p2l_v2,train,15.549999999999986,15.949999999999987,1,1,0.007630045209189376,0.9923699547908107,1,1,0.0,1.0,1,1,0.0,1.0
08_low_friction_mild_mu_0p20_p2l_v2:0019,08_low_friction_mild_mu_0p20_p2l_v2,train,15.749999999999986,16.149999999999984,1,1,0.019735929788744413,0.9802640702112556,1,1,0.0,1.0,1,1,0.0,1.0
08_low_friction_mild_mu_0p20_p2l_v2:0020,08_low_friction_mild_mu_0p20_p2l_v2,train,15.949999999999985,16.349999999999984,1,1,0.005496987470786263,0.9945030125292137,1,1,0.0,1.0,1,1,0.0,1.0
08_low_friction_mild_mu_0p20_p2l_v2:0021,08_low_friction_mild_mu_0p20_p2l_v2,train,16.149999999999984,16.549999999999983,1,1,0.001884297520661157,0.9981157024793388,1,1,0.0,1.0,1,1,0.0,1.0
08_low_friction_mild_mu_0p20_p2l_v2:0022,08_low_friction_mild_mu_0p20_p2l_v2,train,16.349999999999984,16.749999999999982,1,1,0.0017313432835820897,0.998268656716418,1,1,0.0,1.0,1,1,0.0,1.0
08_low_friction_mild_mu_0p20_p2l_v2:0023,08_low_friction_mild_mu_0p20_p2l_v2,train,16.549999999999983,16.94999999999998,1,1,0.007021160427483728,0.9929788395725161,1,1,0.0,1.0,1,1,0.0,1.0
08_low_friction_mild_mu_0p20_p2l_v2:0024,08_low_friction_mild_mu_0p20_p2l_v2,train,16.749999999999982,17.14999999999998,1,1,0.007021160427483728,0.9929788395725161,1,1,0.0,1.0,1,1,0.0,1.0
08_low_friction_mild_mu_0p20_p2l_v2:0025,08_low_friction_mild_mu_0p20_p2l_v2,train,16.94999999999998,17.34999999999998,1,1,0.001795673076923077,0.9982043269230769,1,1,0.0,1.0,1,1,0.0,1.0
08_low_friction_mild_mu_0p20_p2l_v2:0026,08_low_friction_mild_mu_0p20_p2l_v2,train,17.14999999999998,17.54999999999998,1,1,0.05027656623096178,0.9497234337690384,0,0,0.9284192616070307,0.07158073839296933,1,1,0.0,1.0
08_low_friction_mild_mu_0p20_p2l_v2:0027,08_low_friction_mild_mu_0p20_p2l_v2,train,17.34999999999998,17.74999999999998,1,1,0.03873522471139907,0.961264775288601,0,0,0.97713795795152,0.02286204204847985,1,1,0.0,1.0
08_low_friction_mild_mu_0p20_p2l_v2:0028,08_low_friction_mild_mu_0p20_p2l_v2,train,17.54999999999998,17.949999999999978,1,1,0.002,0.998,1,0,0.3620939983415531,0.6379060016584472,1,1,0.0,1.0
08_low_friction_mild_mu_0p20_p2l_v2:0029,08_low_friction_mild_mu_0p20_p2l_v2,train,17.74999999999998,18.149999999999977,1,1,0.0,1.0,1,1,0.0017572115384615387,0.9982427884615385,1,1,0.0,1.0
08_low_friction_mild_mu_0p20_p2l_v2:0030,08_low_friction_mild_mu_0p20_p2l_v2,train,17.949999999999978,18.349999999999977,1,1,0.0,1.0,1,1,0.0017572115384615387,0.9982427884615385,1,1,0.0,1.0
08_low_friction_mild_mu_0p20_p2l_v2:0031,08_low_friction_mild_mu_0p20_p2l_v2,train,18.149999999999977,18.549999999999976,1,1,0.0017116704805491992,0.9982883295194508,1,0,0.5294911905278389,0.47050880947216084,1,1,0.02963877428509114,0.9703612257149089
08_low_friction_mild_mu_0p20_p2l_v2:0032,08_low_friction_mild_mu_0p20_p2l_v2,train,18.349999999999977,18.749999999999975,1,1,0.001637492941840768,0.9983625070581593,0,0,0.9879401720352861,0.01205982796471378,1,0,0.06142381497073367,0.9385761850292662
08_low_friction_mild_mu_0p20_p2l_v2:0033,08_low_friction_mild_mu_0p20_p2l_v2,train,18.549999999999976,18.949999999999974,1,1,0.001637492941840768,0.9983625070581593,0,0,0.9721832785731387,0.02781672142686121,1,1,0.01990625,0.98009375
08_low_friction_mild_mu_0p20_p2l_v2:0034,08_low_friction_mild_mu_0p20_p2l_v2,train,18.749999999999975,19.149999999999974,1,1,0.0,1.0,1,1,0.0,1.0,1,1,0.0,1.0
08_low_friction_mild_mu_0p20_p2l_v2:0035,08_low_friction_mild_mu_0p20_p2l_v2,train,18.949999999999974,19.349999999999973,1,1,0.0,1.0,1,1,0.0,1.0,1,1,0.0,1.0
08_low_friction_mild_mu_0p20_p2l_v2:0036,08_low_friction_mild_mu_0p20_p2l_v2,train,19.149999999999974,19.549999999999972,1,1,0.0,1.0,1,1,0.0,1.0,1,1,0.0,1.0
08_low_friction_mild_mu_0p20_p2l_v2:0037,08_low_friction_mild_mu_0p20_p2l_v2,train,19.349999999999973,19.74999999999997,0,0,0.9789886477733966,0.02101135222660323,0,0,0.972481671051687,0.02751832894831305,1,1,0.0,1.0
08_low_friction_mild_mu_0p20_p2l_v2:0038,08_low_friction_mild_mu_0p20_p2l_v2,train,19.549999999999972,19.94999999999997,0,0,0.9890883774607039,0.010911622539296036,0,0,0.9718899767195709,0.02811002328042917,1,1,0.0,1.0
08_low_friction_mild_mu_0p20_p2l_v2:0039,08_low_friction_mild_mu_0p20_p2l_v2,train,19.74999999999997,20.14999999999997,1,1,0.0,1.0,1,1,0.0,1.0,1,1,0.0,1.0
08_low_friction_mild_mu_0p20_p2l_v2:0040,08_low_friction_mild_mu_0p20_p2l_v2,train,19.94999999999997,20.34999999999997,1,1,0.0,1.0,1,1,0.0,1.0,1,1,0.0,1.0
08_low_friction_mild_mu_0p20_p2l_v2:0041,08_low_friction_mild_mu_0p20_p2l_v2,train,20.14999999999997,20.54999999999997,0,0,0.9471049918125038,0.05289500818749619,1,1,0.002,0.998,1,1,0.0,1.0
08_low_friction_mild_mu_0p20_p2l_v2:0042,08_low_friction_mild_mu_0p20_p2l_v2,train,20.34999999999997,20.749999999999968,0,0,0.9912672691402126,0.008732730859787376,1,1,0.0,1.0,1,1,0.0,1.0
08_low_friction_mild_mu_0p20_p2l_v2:0043,08_low_friction_mild_mu_0p20_p2l_v2,train,20.54999999999997,20.949999999999967,0,0,0.9881225046512147,0.011877495348785141,1,1,0.004950445953141641,0.9950495540468584,1,1,0.0,1.0
08_low_friction_mild_mu_0p20_p2l_v2:0044,08_low_friction_mild_mu_0p20_p2l_v2,train,20.749999999999968,21.149999999999967,1,1,0.0252043456556253,0.9747956543443748,1,1,0.0,1.0,1,1,0.0,1.0
08_low_friction_mild_mu_0p20_p2l_v2:0045,08_low_friction_mild_mu_0p20_p2l_v2,train,20.949999999999967,21.349999999999966,1,1,0.0,1.0,1,1,0.0,1.0,1,1,0.0,1.0
08_low_friction_mild_mu_0p20_p2l_v2:0046,08_low_friction_mild_mu_0p20_p2l_v2,train,21.149999999999967,21.549999999999965,1,1,0.0,1.0,1,1,0.0,1.0,1,1,0.0,1.0
08_low_friction_mild_mu_0p20_p2l_v2:0047,08_low_friction_mild_mu_0p20_p2l_v2,train,21.349999999999966,21.749999999999964,1,1,0.0,1.0,1,1,0.0,1.0,1,1,0.0,1.0
08_low_friction_mild_mu_0p20_p2l_v2:0048,08_low_friction_mild_mu_0p20_p2l_v2,train,21.549999999999965,21.949999999999964,1,1,0.0,1.0,1,1,0.0,1.0,1,1,0.0,1.0
08_low_friction_mild_mu_0p20_p2l_v2:0049,08_low_friction_mild_mu_0p20_p2l_v2,train,21.749999999999964,22.149999999999963,1,1,0.010744380155985472,0.9892556198440146,1,1,0.0,1.0,1,1,0.0,1.0
08_low_friction_mild_mu_0p20_p2l_v2:0050,08_low_friction_mild_mu_0p20_p2l_v2,train,21.949999999999964,22.349999999999962,1,1,0.008910722006843489,0.9910892779931565,1,1,0.0,1.0,1,1,0.0,1.0
08_low_friction_mild_mu_0p20_p2l_v2:0051,08_low_friction_mild_mu_0p20_p2l_v2,train,22.149999999999963,22.54999999999996,1,1,0.0,1.0,1,1,0.0,1.0,1,1,0.0,1.0
08_low_friction_mild_mu_0p20_p2l_v2:0052,08_low_friction_mild_mu_0p20_p2l_v2,train,22.349999999999962,22.74999999999996,1,1,0.0,1.0,1,1,0.0,1.0,1,1,0.0,1.0
08_low_friction_mild_mu_0p20_p2l_v2:0053,08_low_friction_mild_mu_0p20_p2l_v2,train,22.54999999999996,22.94999999999996,1,1,0.0,1.0,1,1,0.0,1.0,1,1,0.0,1.0
08_low_friction_mild_mu_0p20_p2l_v2:0054,08_low_friction_mild_mu_0p20_p2l_v2,train,22.74999999999996,23.14999999999996,1,1,0.014505388547818404,0.9854946114521818,1,1,0.0017259615384615384,0.9982740384615385,1,1,0.0,1.0
08_low_friction_mild_mu_0p20_p2l_v2:0055,08_low_friction_mild_mu_0p20_p2l_v2,train,22.94999999999996,23.34999999999996,1,1,0.005636686729484233,0.9943633132705159,1,1,0.0,1.0,1,1,0.0,1.0
08_low_friction_mild_mu_0p20_p2l_v2:0056,08_low_friction_mild_mu_0p20_p2l_v2,train,23.14999999999996,23.549999999999958,1,1,0.0,1.0,1,1,0.0,1.0,1,1,0.0,1.0
08_low_friction_mild_mu_0p20_p2l_v2:0057,08_low_friction_mild_mu_0p20_p2l_v2,train,23.34999999999996,23.749999999999957,1,1,0.005418510072679382,0.9945814899273206,1,1,0.0,1.0,1,1,0.0,1.0
08_low_friction_mild_mu_0p20_p2l_v2:0058,08_low_friction_mild_mu_0p20_p2l_v2,train,23.549999999999958,23.949999999999957,1,1,0.0037476535836177475,0.9962523464163823,1,1,0.0,1.0,1,1,0.0,1.0
08_low_friction_mild_mu_0p20_p2l_v2:0059,08_low_friction_mild_mu_0p20_p2l_v2,train,23.749999999999957,24.149999999999956,1,1,0.0017475961538461538,0.9982524038461538,1,1,0.0,1.0,1,1,0.0,1.0
08_low_friction_mild_mu_0p20_p2l_v2:0060,08_low_friction_mild_mu_0p20_p2l_v2,train,23.949999999999957,24.349999999999955,1,1,0.01645888857735274,0.9835411114226474,1,1,0.03096802387224983,0.9690319761277503,1,1,0.0,1.0
08_low_friction_mild_mu_0p20_p2l_v2:0061,08_low_friction_mild_mu_0p20_p2l_v2,train,24.149999999999956,24.549999999999955,1,1,0.0,1.0,1,0,0.3013728731545805,0.6986271268454195,1,1,0.0018631698973774228,0.9981368301026226
08_low_friction_mild_mu_0p20_p2l_v2:0062,08_low_friction_mild_mu_0p20_p2l_v2,train,24.349999999999955,24.749999999999954,1,1,0.0,1.0,1,1,0.25571949268340616,0.744280507316594,1,1,0.0019245283018867927,0.9980754716981133
08_low_friction_mild_mu_0p20_p2l_v2:0063,08_low_friction_mild_mu_0p20_p2l_v2,train,24.549999999999955,24.949999999999953,1,1,0.0,1.0,1,1,0.0017451923076923078,0.9982548076923077,1,1,0.0,1.0
08_low_friction_mild_mu_0p20_p2l_v2:0064,08_low_friction_mild_mu_0p20_p2l_v2,train,24.749999999999954,25.149999999999952,1,1,0.0,1.0,1,1,0.002,0.998,1,1,0.0,1.0
08_low_friction_mild_mu_0p20_p2l_v2:0065,08_low_friction_mild_mu_0p20_p2l_v2,train,24.949999999999953,25.34999999999995,1,1,0.0017788461538461536,0.9982211538461538,1,1,0.005762019230769231,0.9942379807692308,1,1,0.0,1.0
08_low_friction_mild_mu_0p20_p2l_v2:0066,08_low_friction_mild_mu_0p20_p2l_v2,train,25.149999999999952,25.54999999999995,1,1,0.00734375,0.99265625,1,1,0.004838263255106475,0.9951617367448936,1,1,0.0,1.0
08_low_friction_mild_mu_0p20_p2l_v2:0067,08_low_friction_mild_mu_0p20_p2l_v2,train,25.34999999999995,25.74999999999995,1,1,0.0,1.0,1,1,0.0,1.0,1,1,0.0,1.0
08_low_friction_mild_mu_0p20_p2l_v2:0068,08_low_friction_mild_mu_0p20_p2l_v2,train,25.54999999999995,25.94999999999995,1,1,0.0,1.0,1,1,0.0,1.0,1,1,0.0,1.0
08_low_friction_mild_mu_0p20_p2l_v2:0069,08_low_friction_mild_mu_0p20_p2l_v2,train,25.74999999999995,26.14999999999995,1,1,0.0,1.0,1,1,0.0,1.0,1,1,0.0,1.0
08_low_friction_mild_mu_0p20_p2l_v2:0070,08_low_friction_mild_mu_0p20_p2l_v2,train,25.94999999999995,26.349999999999948,1,1,0.0,1.0,0,0,0.9773571245340764,0.02264287546592324,0,0,0.997962035037735,0.0020379649622650213
08_low_friction_mild_mu_0p20_p2l_v2:0071,08_low_friction_mild_mu_0p20_p2l_v2,train,26.14999999999995,26.549999999999947,1,1,0.0,1.0,0,0,0.9256601836717258,0.07433981632827423,0,0,0.9918108019917772,0.00818919800822287
08_low_friction_mild_mu_0p20_p2l_v2:0072,08_low_friction_mild_mu_0p20_p2l_v2,train,26.349999999999948,26.749999999999947,1,1,0.0015060240963855422,0.9984939759036144,1,1,0.0,1.0,1,1,0.0,1.0
08_low_friction_mild_mu_0p20_p2l_v2:0073,08_low_friction_mild_mu_0p20_p2l_v2,train,26.549999999999947,26.949999999999946,1,1,0.010841430499325237,0.9891585695006748,1,1,0.0,1.0,1,1,0.0,1.0
08_low_friction_mild_mu_0p20_p2l_v2:0074,08_low_friction_mild_mu_0p20_p2l_v2,train,26.749999999999947,27.149999999999945,1,1,0.0,1.0,1,1,0.0,1.0,1,1,0.0,1.0
08_low_friction_mild_mu_0p20_p2l_v2:0075,08_low_friction_mild_mu_0p20_p2l_v2,train,26.949999999999946,27.349999999999945,1,1,0.0,1.0,1,1,0.0,1.0,1,1,0.0,1.0
08_low_friction_mild_mu_0p20_p2l_v2:0076,08_low_friction_mild_mu_0p20_p2l_v2,train,27.149999999999945,27.549999999999944,1,1,0.0,1.0,1,1,0.0,1.0,1,1,0.0,1.0
08_low_friction_mild_mu_0p20_p2l_v2:0077,08_low_friction_mild_mu_0p20_p2l_v2,train,27.349999999999945,27.749999999999943,1,1,0.0,1.0,1,1,0.0,1.0,1,1,0.0,1.0
08_low_friction_mild_mu_0p20_p2l_v2:0078,08_low_friction_mild_mu_0p20_p2l_v2,train,27.549999999999944,27.949999999999942,1,1,0.0,1.0,1,1,0.0,1.0,1,1,0.0,1.0
08_low_friction_mild_mu_0p20_p2l_v2:0079,08_low_friction_mild_mu_0p20_p2l_v2,train,27.749999999999943,28.14999999999994,1,1,0.0,1.0,1,1,0.08747105937501938,0.9125289406249805,1,1,0.002,0.998
08_low_friction_mild_mu_0p20_p2l_v2:0080,08_low_friction_mild_mu_0p20_p2l_v2,train,27.949999999999942,28.34999999999994,1,1,0.0,1.0,1,1,0.10639529588507156,0.8936047041149284,1,1,0.001954326923076923,0.998045673076923
09_low_friction_severe_mu_0p06_p2l_v2:0000,09_low_friction_severe_mu_0p06_p2l_v2,test,11.042,11.442,1,0,0.23128205291371107,0.7687179470862889,1,1,0.0,1.0,1,1,0.0,1.0
09_low_friction_severe_mu_0p06_p2l_v2:0001,09_low_friction_severe_mu_0p06_p2l_v2,test,11.241999999999999,11.642,1,1,0.0,1.0,1,1,0.0,1.0,1,1,0.0,1.0
09_low_friction_severe_mu_0p06_p2l_v2:0002,09_low_friction_severe_mu_0p06_p2l_v2,test,11.441999999999998,11.841999999999999,1,1,0.0,1.0,1,1,0.0,1.0,1,1,0.0,1.0
09_low_friction_severe_mu_0p06_p2l_v2:0003,09_low_friction_severe_mu_0p06_p2l_v2,test,11.641999999999998,12.041999999999998,1,1,0.0,1.0,1,1,0.0,1.0,1,1,0.0,1.0
09_low_friction_severe_mu_0p06_p2l_v2:0004,09_low_friction_severe_mu_0p06_p2l_v2,test,11.841999999999997,12.241999999999997,1,1,0.0,1.0,1,1,0.0,1.0,1,1,0.0,1.0
09_low_friction_severe_mu_0p06_p2l_v2:0005,09_low_friction_severe_mu_0p06_p2l_v2,test,12.041999999999996,12.441999999999997,1,1,0.0,1.0,1,1,0.0,1.0,1,1,0.0,1.0
09_low_friction_severe_mu_0p06_p2l_v2:0006,09_low_friction_severe_mu_0p06_p2l_v2,test,12.241999999999996,12.641999999999996,1,1,0.0018989898989898992,0.9981010101010102,1,1,0.0,1.0,1,1,0.0,1.0
09_low_friction_severe_mu_0p06_p2l_v2:0007,09_low_friction_severe_mu_0p06_p2l_v2,test,12.441999999999995,12.841999999999995,1,1,0.0015216931216931217,0.9984783068783069,1,1,0.0,1.0,1,1,0.0,1.0
09_low_friction_severe_mu_0p06_p2l_v2:0008,09_low_friction_severe_mu_0p06_p2l_v2,test,12.641999999999994,13.041999999999994,1,1,0.0,1.0,1,1,0.0,1.0,1,1,0.0,1.0
09_low_friction_severe_mu_0p06_p2l_v2:0009,09_low_friction_severe_mu_0p06_p2l_v2,test,12.841999999999993,13.241999999999994,1,1,0.0,1.0,1,1,0.0,1.0,1,1,0.0,1.0
09_low_friction_severe_mu_0p06_p2l_v2:0010,09_low_friction_severe_mu_0p06_p2l_v2,test,13.041999999999993,13.441999999999993,1,1,0.0,1.0,1,1,0.0,1.0,1,1,0.0,1.0
09_low_friction_severe_mu_0p06_p2l_v2:0011,09_low_friction_severe_mu_0p06_p2l_v2,test,13.241999999999992,13.641999999999992,1,1,0.0,1.0,1,1,0.0,1.0,1,1,0.0,1.0
09_low_friction_severe_mu_0p06_p2l_v2:0012,09_low_friction_severe_mu_0p06_p2l_v2,test,13.441999999999991,13.841999999999992,1,1,0.0017860576923076925,0.9982139423076923,1,1,0.0,1.0,1,1,0.0,1.0
09_low_friction_severe_mu_0p06_p2l_v2:0013,09_low_friction_severe_mu_0p06_p2l_v2,test,13.64199999999999,14.041999999999991,1,1,0.0,1.0,1,1,0.0,1.0,1,1,0.0,1.0
09_low_friction_severe_mu_0p06_p2l_v2:0014,09_low_friction_severe_mu_0p06_p2l_v2,test,13.84199999999999,14.24199999999999,1,1,0.0,1.0,1,1,0.0,1.0,1,1,0.0,1.0
09_low_friction_severe_mu_0p06_p2l_v2:0015,09_low_friction_severe_mu_0p06_p2l_v2,test,14.04199999999999,14.44199999999999,1,1,0.0,1.0,1,1,0.0,1.0,1,1,0.0,1.0
09_low_friction_severe_mu_0p06_p2l_v2:0016,09_low_friction_severe_mu_0p06_p2l_v2,test,14.241999999999988,14.641999999999989,1,1,0.0,1.0,1,1,0.0,1.0,1,1,0.0,1.0
09_low_friction_severe_mu_0p06_p2l_v2:0017,09_low_friction_severe_mu_0p06_p2l_v2,test,14.441999999999988,14.841999999999988,1,1,0.0,1.0,1,1,0.0,1.0,1,1,0.0,1.0
09_low_friction_severe_mu_0p06_p2l_v2:0018,09_low_friction_severe_mu_0p06_p2l_v2,test,14.641999999999987,15.041999999999987,1,1,0.0,1.0,1,1,0.0,1.0,1,1,0.0,1.0
09_low_friction_severe_mu_0p06_p2l_v2:0019,09_low_friction_severe_mu_0p06_p2l_v2,test,14.841999999999986,15.241999999999987,1,1,0.0,1.0,1,1,0.0,1.0,1,1,0.0,1.0
09_low_friction_severe_mu_0p06_p2l_v2:0020,09_low_friction_severe_mu_0p06_p2l_v2,test,15.041999999999986,15.441999999999986,1,1,0.03913293136444872,0.9608670686355513,1,1,0.0,1.0,1,1,0.0,1.0
09_low_friction_severe_mu_0p06_p2l_v2:0021,09_low_friction_severe_mu_0p06_p2l_v2,test,15.241999999999985,15.641999999999985,1,1,0.0012391304347826087,0.9987608695652174,1,1,0.0,1.0,1,1,0.0,1.0
09_low_friction_severe_mu_0p06_p2l_v2:0022,09_low_friction_severe_mu_0p06_p2l_v2,test,15.441999999999984,15.841999999999985,1,1,0.002,0.998,1,1,0.0,1.0,1,1,0.0,1.0
09_low_friction_severe_mu_0p06_p2l_v2:0023,09_low_friction_severe_mu_0p06_p2l_v2,test,15.641999999999983,16.041999999999984,1,1,0.003707768508863399,0.9962922314911365,1,1,0.0,1.0,1,1,0.0,1.0
09_low_friction_severe_mu_0p06_p2l_v2:0024,09_low_friction_severe_mu_0p06_p2l_v2,test,15.841999999999983,16.241999999999983,1,1,0.0,1.0,1,1,0.0,1.0,1,1,0.0,1.0
09_low_friction_severe_mu_0p06_p2l_v2:0025,09_low_friction_severe_mu_0p06_p2l_v2,test,16.04199999999998,16.44199999999998,1,1,0.0017908653846153849,0.9982091346153846,1,1,0.0017283653846153846,0.9982716346153846,1,1,0.0,1.0
09_low_friction_severe_mu_0p06_p2l_v2:0026,09_low_friction_severe_mu_0p06_p2l_v2,test,16.241999999999983,16.64199999999998,1,1,0.017843857064474705,0.9821561429355254,1,1,0.0017283653846153846,0.9982716346153846,1,1,0.0,1.0
09_low_friction_severe_mu_0p06_p2l_v2:0027,09_low_friction_severe_mu_0p06_p2l_v2,test,16.44199999999998,16.841999999999977,1,1,0.03313083291152905,0.9668691670884709,1,1,0.0,1.0,1,1,0.0,1.0
09_low_friction_severe_mu_0p06_p2l_v2:0028,09_low_friction_severe_mu_0p06_p2l_v2,test,16.64199999999998,17.04199999999998,1,0,0.25479491065868254,0.7452050893413177,1,1,0.007192678124940888,0.992807321875059,1,1,0.0,1.0
09_low_friction_severe_mu_0p06_p2l_v2:0029,09_low_friction_severe_mu_0p06_p2l_v2,test,16.841999999999977,17.241999999999976,1,0,0.25661594965703327,0.7433840503429672,1,1,0.012487557101598032,0.9875124428984019,1,1,0.0,1.0
09_low_friction_severe_mu_0p06_p2l_v2:0030,09_low_friction_severe_mu_0p06_p2l_v2,test,17.04199999999998,17.44199999999998,1,1,0.005733412976343224,0.9942665870236568,1,1,0.0,1.0,1,1,0.0,1.0
09_low_friction_severe_mu_0p06_p2l_v2:0031,09_low_friction_severe_mu_0p06_p2l_v2,test,17.241999999999976,17.641999999999975,1,1,0.003511126292317327,0.9964888737076826,1,1,0.0,1.0,1,1,0.0,1.0
09_low_friction_severe_mu_0p06_p2l_v2:0032,09_low_friction_severe_mu_0p06_p2l_v2,test,17.44199999999998,17.841999999999977,1,1,0.008531975686940488,0.9914680243130595,1,1,0.0,1.0,1,1,0.0,1.0
09_low_friction_severe_mu_0p06_p2l_v2:0033,09_low_friction_severe_mu_0p06_p2l_v2,test,17.641999999999975,18.041999999999973,1,1,0.009191197366061374,0.9908088026339386,1,1,0.0,1.0,1,1,0.0,1.0
09_low_friction_severe_mu_0p06_p2l_v2:0034,09_low_friction_severe_mu_0p06_p2l_v2,test,17.841999999999977,18.241999999999976,1,1,0.0,1.0,1,1,0.0,1.0,1,1,0.0,1.0
09_low_friction_severe_mu_0p06_p2l_v2:0035,09_low_friction_severe_mu_0p06_p2l_v2,test,18.041999999999973,18.44199999999997,0,0,0.5010494275971015,0.49895057240289853,0,0,0.97521410788702,0.02478589211298006,1,1,0.0,1.0
09_low_friction_severe_mu_0p06_p2l_v2:0036,09_low_friction_severe_mu_0p06_p2l_v2,test,18.241999999999976,18.641999999999975,0,0,0.6631146734472284,0.33688532655277126,0,0,0.9888383028588263,0.011161697141173722,1,1,0.0,1.0
09_low_friction_severe_mu_0p06_p2l_v2:0037,09_low_friction_severe_mu_0p06_p2l_v2,test,18.44199999999997,18.84199999999997,1,1,0.05444614267844547,0.9455538573215546,0,0,0.8395107561580171,0.16048924384198288,1,1,0.0,1.0
09_low_friction_severe_mu_0p06_p2l_v2:0038,09_low_friction_severe_mu_0p06_p2l_v2,test,18.641999999999975,19.041999999999973,1,1,0.05944918757395326,0.9405508124260468,0,0,0.9071187028330236,0.09288129716697636,1,1,0.0,1.0
09_low_friction_severe_mu_0p06_p2l_v2:0039,09_low_friction_severe_mu_0p06_p2l_v2,test,18.84199999999997,19.24199999999997,1,0,0.2639408843474596,0.7360591156525405,0,0,0.889476877203026,0.11052312279697396,1,1,0.0,1.0
09_low_friction_severe_mu_0p06_p2l_v2:0040,09_low_friction_severe_mu_0p06_p2l_v2,test,19.041999999999973,19.44199999999997,1,0,0.2411998234692983,0.7588001765307018,0,0,0.9223426404647446,0.07765735953525527,1,1,0.0,1.0
09_low_friction_severe_mu_0p06_p2l_v2:0041,09_low_friction_severe_mu_0p06_p2l_v2,test,19.24199999999997,19.641999999999967,1,0,0.2424292110158735,0.7575707889841266,0,0,0.8978909838613564,0.10210901613864354,1,1,0.0019023255813953488,0.9980976744186045
09_low_friction_severe_mu_0p06_p2l_v2:0042,09_low_friction_severe_mu_0p06_p2l_v2,test,19.44199999999997,19.84199999999997,1,0,0.6778102514462475,0.3221897485537522,0,0,0.8821388157118953,0.11786118428810471,1,1,0.0,1.0
09_low_friction_severe_mu_0p06_p2l_v2:0043,09_low_friction_severe_mu_0p06_p2l_v2,test,19.641999999999967,20.041999999999966,1,0,0.6423293587117306,0.3576706412882692,0,0,0.8788195935734378,0.12118040642656232,1,1,0.0,1.0
09_low_friction_severe_mu_0p06_p2l_v2:0044,09_low_friction_severe_mu_0p06_p2l_v2,test,19.84199999999997,20.24199999999997,1,1,0.18173386418086815,0.8182661358191318,0,0,0.8452366924941737,0.1547633075058263,1,1,0.0,1.0
09_low_friction_severe_mu_0p06_p2l_v2:0045,09_low_friction_severe_mu_0p06_p2l_v2,test,20.041999999999966,20.441999999999965,0,0,0.9548864780631968,0.04511352193680298,0,0,0.9589081355322914,0.041091864467708725,1,1,0.0,1.0
09_low_friction_severe_mu_0p06_p2l_v2:0046,09_low_friction_severe_mu_0p06_p2l_v2,test,20.24199999999997,20.641999999999967,0,0,0.9758597522759295,0.024140247724070595,0,0,0.9453393785383643,0.05466062146163584,1,1,0.0,1.0
09_low_friction_severe_mu_0p06_p2l_v2:0047,09_low_friction_severe_mu_0p06_p2l_v2,test,20.441999999999965,20.841999999999963,0,0,0.7921091444275727,0.20789085557242715,1,1,0.004899816585148956,0.9951001834148512,1,1,0.0,1.0
09_low_friction_severe_mu_0p06_p2l_v2:0048,09_low_friction_severe_mu_0p06_p2l_v2,test,20.641999999999967,21.041999999999966,1,1,0.011302947364822128,0.9886970526351779,1,1,0.005548579094798391,0.9944514209052017,1,1,0.0,1.0
09_low_friction_severe_mu_0p06_p2l_v2:0049,09_low_friction_severe_mu_0p06_p2l_v2,test,20.841999999999963,21.241999999999962,1,1,0.003299112829226428,0.9967008871707737,1,1,0.0,1.0,1,1,0.0,1.0
09_low_friction_severe_mu_0p06_p2l_v2:0050,09_low_friction_severe_mu_0p06_p2l_v2,test,21.041999999999966,21.441999999999965,0,0,0.7789580038583221,0.22104199614167783,1,1,0.03207864786452558,0.9679213521354746,1,1,0.0,1.0
09_low_friction_severe_mu_0p06_p2l_v2:0051,09_low_friction_severe_mu_0p06_p2l_v2,test,21.241999999999962,21.64199999999996,0,0,0.8190911441921109,0.18090885580788912,1,1,0.04108980381067534,0.9589101961893247,1,1,0.0,1.0
09_low_friction_severe_mu_0p06_p2l_v2:0052,09_low_friction_severe_mu_0p06_p2l_v2,test,21.441999999999965,21.841999999999963,0,0,0.8008119261971228,0.199188073802877,1,1,0.039290347724364336,0.9607096522756357,1,1,0.0,1.0
09_low_friction_severe_mu_0p06_p2l_v2:0053,09_low_friction_severe_mu_0p06_p2l_v2,test,21.64199999999996,22.04199999999996,0,0,0.7429964686628228,0.2570035313371772,1,1,0.032078286557869276,0.9679217134421305,1,1,0.0,1.0
09_low_friction_severe_mu_0p06_p2l_v2:0054,09_low_friction_severe_mu_0p06_p2l_v2,test,21.841999999999963,22.241999999999962,0,0,0.7727344981932723,0.22726550180672736,1,1,0.029801844250176974,0.9701981557498228,1,1,0.0,1.0
09_low_friction_severe_mu_0p06_p2l_v2:0055,09_low_friction_severe_mu_0p06_p2l_v2,test,22.04199999999996,22.441999999999958,0,0,0.713971907398849,0.28602809260115064,1,1,0.029075442859014946,0.9709245571409848,1,1,0.0,1.0
09_low_friction_severe_mu_0p06_p2l_v2:0056,09_low_friction_severe_mu_0p06_p2l_v2,test,22.241999999999962,22.64199999999996,0,0,0.6736196405652565,0.3263803594347435,1,1,0.027623519782091866,0.9723764802179079,1,1,0.0,1.0
09_low_friction_severe_mu_0p06_p2l_v2:0057,09_low_friction_severe_mu_0p06_p2l_v2,test,22.441999999999958,22.841999999999956,0,0,0.7194707613098218,0.280529238690178,1,1,0.029099481320553407,0.9709005186794464,1,1,0.0,1.0
09_low_friction_severe_mu_0p06_p2l_v2:0058,09_low_friction_severe_mu_0p06_p2l_v2,test,22.64199999999996,23.04199999999996,0,0,0.7813435323555211,0.21865646764447866,1,1,0.026721609511035912,0.9732783904889639,1,1,0.0,1.0
09_low_friction_severe_mu_0p06_p2l_v2:0059,09_low_friction_severe_mu_0p06_p2l_v2,test,22.841999999999956,23.241999999999955,0,0,0.771190067047203,0.22880993295279697,1,1,0.019728215617469326,0.9802717843825307,1,1,0.0,1.0
09_low_friction_severe_mu_0p06_p2l_v2:0060,09_low_friction_severe_mu_0p06_p2l_v2,test,23.04199999999996,23.441999999999958,0,0,0.7683685765129893,0.2316314234870105,1,1,0.008913831971094733,0.9910861680289053,1,1,0.0,1.0
09_low_friction_severe_mu_0p06_p2l_v2:0061,09_low_friction_severe_mu_0p06_p2l_v2,test,23.241999999999955,23.641999999999953,1,0,0.2163774583638609,0.7836225416361393,1,1,0.0,1.0,1,1,0.0,1.0
09_low_friction_severe_mu_0p06_p2l_v2:0062,09_low_friction_severe_mu_0p06_p2l_v2,test,23.441999999999958,23.841999999999956,1,1,0.005416012558869702,0.9945839874411303,1,1,0.0,1.0,1,1,0.0,1.0
09_low_friction_severe_mu_0p06_p2l_v2:0063,09_low_friction_severe_mu_0p06_p2l_v2,test,23.641999999999953,24.041999999999952,1,1,0.005350961538461538,0.9946490384615384,1,1,0.0,1.0,1,1,0.0,1.0
09_low_friction_severe_mu_0p06_p2l_v2:0064,09_low_friction_severe_mu_0p06_p2l_v2,test,23.841999999999956,24.241999999999955,1,1,0.0015669882100750269,0.9984330117899249,1,1,0.0,1.0,1,1,0.0,1.0
09_low_friction_severe_mu_0p06_p2l_v2:0065,09_low_friction_severe_mu_0p06_p2l_v2,test,24.041999999999952,24.44199999999995,1,1,0.0,1.0,1,1,0.0,1.0,1,1,0.0,1.0
09_low_friction_severe_mu_0p06_p2l_v2:0066,09_low_friction_severe_mu_0p06_p2l_v2,test,24.241999999999955,24.641999999999953,1,1,0.0018100961538461539,0.9981899038461538,1,1,0.0,1.0,1,1,0.0,1.0
09_low_friction_severe_mu_0p06_p2l_v2:0067,09_low_friction_severe_mu_0p06_p2l_v2,test,24.44199999999995,24.84199999999995,1,0,0.29527056267002433,0.7047294373299754,1,1,0.002,0.998,1,1,0.0,1.0
09_low_friction_severe_mu_0p06_p2l_v2:0068,09_low_friction_severe_mu_0p06_p2l_v2,test,24.641999999999953,25.041999999999952,1,1,0.05877424364763096,0.9412257563523693,1,1,0.0,1.0,1,1,0.0,1.0
09_low_friction_severe_mu_0p06_p2l_v2:0069,09_low_friction_severe_mu_0p06_p2l_v2,test,24.84199999999995,25.241999999999948,0,1,0.12783175554309245,0.8721682444569077,0,0,0.9830547340564738,0.016945265943526123,1,1,0.0,1.0
09_low_friction_severe_mu_0p06_p2l_v2:0070,09_low_friction_severe_mu_0p06_p2l_v2,test,25.041999999999952,25.44199999999995,0,0,0.2691658436871082,0.7308341563128915,0,0,0.9888147687547283,0.011185231245271637,1,1,0.0,1.0
09_low_friction_severe_mu_0p06_p2l_v2:0071,09_low_friction_severe_mu_0p06_p2l_v2,test,25.241999999999948,25.641999999999946,1,1,0.06760393960490173,0.9323960603950981,0,0,0.8803330394726415,0.11966696052735824,1,1,0.0,1.0
09_low_friction_severe_mu_0p06_p2l_v2:0072,09_low_friction_severe_mu_0p06_p2l_v2,test,25.44199999999995,25.84199999999995,1,0,0.19888877224204896,0.801111227757951,0,0,0.9189191176812243,0.08108088231877551,1,1,0.0,1.0
09_low_friction_severe_mu_0p06_p2l_v2:0073,09_low_friction_severe_mu_0p06_p2l_v2,test,25.641999999999946,26.041999999999945,0,0,0.6705198812596018,0.32948011874039795,0,0,0.9484966335256428,0.051503366474357076,1,1,0.0,1.0
09_low_friction_severe_mu_0p06_p2l_v2:0074,09_low_friction_severe_mu_0p06_p2l_v2,test,25.84199999999995,26.241999999999948,0,0,0.5984214248785732,0.4015785751214268,0,0,0.9051180987417062,0.0948819012582937,1,1,0.0,1.0
09_low_friction_severe_mu_0p06_p2l_v2:0075,09_low_friction_severe_mu_0p06_p2l_v2,test,26.041999999999945,26.441999999999943,0,0,0.5633205852921561,0.43667941470784405,0,0,0.9048102142523423,0.09518978574765755,1,1,0.0,1.0
09_low_friction_severe_mu_0p06_p2l_v2:0076,09_low_friction_severe_mu_0p06_p2l_v2,test,26.241999999999948,26.641999999999946,0,0,0.5497776023169074,0.45022239768309263,0,0,0.8892423277070696,0.11075767229293045,1,1,0.0,1.0
09_low_friction_severe_mu_0p06_p2l_v2:0077,09_low_friction_severe_mu_0p06_p2l_v2,test,26.441999999999943,26.841999999999942,0,0,0.2708494045702605,0.7291505954297393,0,0,0.8818351221966412,0.11816487780335887,1,1,0.0,1.0
09_low_friction_severe_mu_0p06_p2l_v2:0078,09_low_friction_severe_mu_0p06_p2l_v2,test,26.641999999999946,27.041999999999945,0,0,0.32312530883164575,0.6768746911683544,0,0,0.9036839599849903,0.09631604001500968,1,1,0.0019023255813953488,0.9980976744186045
09_low_friction_severe_mu_0p06_p2l_v2:0079,09_low_friction_severe_mu_0p06_p2l_v2,test,26.841999999999942,27.24199999999994,0,0,0.3393493833217886,0.6606506166782113,0,0,0.9137312044273485,0.08626879557265167,1,1,0.0058566525044722725,0.9941433474955277
09_low_friction_severe_mu_0p06_p2l_v2:0080,09_low_friction_severe_mu_0p06_p2l_v2,test,27.041999999999945,27.441999999999943,0,0,0.276719701397028,0.723280298602972,0,0,0.91112831542438,0.08887168457562007,1,1,0.004,0.996
09_low_friction_severe_mu_0p06_p2l_v2:0081,09_low_friction_severe_mu_0p06_p2l_v2,test,27.24199999999994,27.64199999999994,1,1,0.021289369777352803,0.9787106302226473,0,0,0.9668525482453645,0.0331474517546356,1,1,0.045942235024648864,0.9540577649753511
09_low_friction_severe_mu_0p06_p2l_v2:0082,09_low_friction_severe_mu_0p06_p2l_v2,test,27.441999999999943,27.841999999999942,1,1,0.0017692307692307693,0.9982307692307693,1,1,0.01693269230769231,0.9830673076923077,1,1,0.006,0.994
09_low_friction_severe_mu_0p06_p2l_v2:0083,09_low_friction_severe_mu_0p06_p2l_v2,test,27.64199999999994,28.041999999999938,1,1,0.0036786247308670974,0.9963213752691329,1,1,0.014932692307692307,0.9850673076923077,1,1,0.0,1.0
09_low_friction_severe_mu_0p06_p2l_v2:0084,09_low_friction_severe_mu_0p06_p2l_v2,test,27.841999999999942,28.24199999999994,1,1,0.0075300203936512185,0.9924699796063489,1,1,0.010763569955922082,0.9892364300440779,1,1,0.0,1.0
09_low_friction_severe_mu_0p06_p2l_v2:0085,09_low_friction_severe_mu_0p06_p2l_v2,test,28.041999999999938,28.441999999999936,1,1,0.0,1.0,1,1,0.012763569955922082,0.9872364300440779,1,1,0.004,0.996
09_low_friction_severe_mu_0p06_p2l_v2:0086,09_low_friction_severe_mu_0p06_p2l_v2,test,28.24199999999994,28.64199999999994,1,1,0.0,1.0,1,1,0.018671161909369457,0.9813288380906307,1,1,0.004,0.996
09_low_friction_severe_mu_0p06_p2l_v2:0087,09_low_friction_severe_mu_0p06_p2l_v2,test,28.441999999999936,28.841999999999935,1,0,0.4641699496707083,0.5358300503292918,0,0,0.7867639715403144,0.2132360284596856,1,1,0.001956730769230769,0.9980432692307692
09_low_friction_severe_mu_0p06_p2l_v2:0088,09_low_friction_severe_mu_0p06_p2l_v2,test,28.64199999999994,29.041999999999938,1,0,0.3390663575938061,0.6609336424061942,0,0,0.7011997005143994,0.2988002994856005,1,1,0.0,1.0
10_external_impact_neg_x12N_p2l_v2:0000,10_external_impact_neg_x12N_p2l_v2,train,12.047,12.447000000000001,1,1,0.0,1.0,1,1,0.0,1.0,1,1,0.0,1.0
10_external_impact_neg_x12N_p2l_v2:0001,10_external_impact_neg_x12N_p2l_v2,train,12.247,12.647,1,1,0.0,1.0,1,1,0.0,1.0,1,1,0.0,1.0
10_external_impact_neg_x12N_p2l_v2:0002,10_external_impact_neg_x12N_p2l_v2,train,12.447,12.847,1,1,0.0,1.0,1,1,0.0,1.0,1,1,0.0,1.0
10_external_impact_neg_x12N_p2l_v2:0003,10_external_impact_neg_x12N_p2l_v2,train,12.646999999999998,13.046999999999999,1,0,0.3263147717959812,0.6736852282040191,1,1,0.0,1.0,1,1,0.0,1.0
10_external_impact_neg_x12N_p2l_v2:0004,10_external_impact_neg_x12N_p2l_v2,train,12.846999999999998,13.246999999999998,1,0,0.1951022286082719,0.8048977713917285,1,1,0.0,1.0,1,1,0.0,1.0
10_external_impact_neg_x12N_p2l_v2:0005,10_external_impact_neg_x12N_p2l_v2,train,13.046999999999997,13.446999999999997,1,1,0.0,1.0,1,1,0.0,1.0,1,1,0.0,1.0
10_external_impact_neg_x12N_p2l_v2:0006,10_external_impact_neg_x12N_p2l_v2,train,13.246999999999996,13.646999999999997,1,1,0.0,1.0,1,1,0.0,1.0,1,1,0.0,1.0
10_external_impact_neg_x12N_p2l_v2:0007,10_external_impact_neg_x12N_p2l_v2,train,13.446999999999996,13.846999999999996,1,1,0.0,1.0,1,1,0.0,1.0,1,1,0.0,1.0
10_external_impact_neg_x12N_p2l_v2:0008,10_external_impact_neg_x12N_p2l_v2,train,13.646999999999995,14.046999999999995,1,1,0.005372596153846154,0.9946274038461538,1,1,0.0,1.0,1,1,0.0,1.0
10_external_impact_neg_x12N_p2l_v2:0009,10_external_impact_neg_x12N_p2l_v2,train,13.846999999999994,14.246999999999995,1,1,0.0,1.0,1,1,0.0,1.0,1,1,0.0,1.0
10_external_impact_neg_x12N_p2l_v2:0010,10_external_impact_neg_x12N_p2l_v2,train,14.046999999999993,14.446999999999994,1,1,0.0,1.0,1,1,0.0,1.0,1,1,0.0,1.0
10_external_impact_neg_x12N_p2l_v2:0011,10_external_impact_neg_x12N_p2l_v2,train,14.246999999999993,14.646999999999993,1,1,0.0036704753971703126,0.9963295246028296,1,1,0.0,1.0,1,1,0.0,1.0
10_external_impact_neg_x12N_p2l_v2:0012,10_external_impact_neg_x12N_p2l_v2,train,14.446999999999992,14.846999999999992,1,1,0.0,1.0,1,1,0.0,1.0,1,1,0.0,1.0
10_external_impact_neg_x12N_p2l_v2:0013,10_external_impact_neg_x12N_p2l_v2,train,14.646999999999991,15.046999999999992,1,1,0.03453040734645545,0.9654695926535446,1,1,0.021164008702348348,0.9788359912976516,1,1,0.0,1.0
10_external_impact_neg_x12N_p2l_v2:0014,10_external_impact_neg_x12N_p2l_v2,train,14.84699999999999,15.246999999999991,1,1,0.0,1.0,1,1,0.08089468320722071,0.9191053167927791,1,1,0.0,1.0
10_external_impact_neg_x12N_p2l_v2:0015,10_external_impact_neg_x12N_p2l_v2,train,15.04699999999999,15.44699999999999,1,1,0.0,1.0,1,1,0.0,1.0,1,1,0.0,1.0
10_external_impact_neg_x12N_p2l_v2:0016,10_external_impact_neg_x12N_p2l_v2,train,15.24699999999999,15.64699999999999,1,1,0.0,1.0,1,1,0.0,1.0,1,1,0.0,1.0
10_external_impact_neg_x12N_p2l_v2:0017,10_external_impact_neg_x12N_p2l_v2,train,15.446999999999989,15.846999999999989,1,1,0.005607568220255713,0.9943924317797442,1,1,0.0,1.0,1,1,0.0,1.0
10_external_impact_neg_x12N_p2l_v2:0018,10_external_impact_neg_x12N_p2l_v2,train,15.646999999999988,16.046999999999986,1,1,0.0017692307692307693,0.9982307692307693,1,1,0.20959582571703553,0.7904041742829645,0,0,0.961559570199028,0.03844042980097205
10_external_impact_neg_x12N_p2l_v2:0019,10_external_impact_neg_x12N_p2l_v2,train,15.846999999999987,16.246999999999986,1,1,0.0036607398283534645,0.9963392601716465,1,1,0.16464071745631353,0.8353592825436863,0,0,0.9456376792190143,0.054362320780985754
10_external_impact_neg_x12N_p2l_v2:0020,10_external_impact_neg_x12N_p2l_v2,train,16.046999999999986,16.446999999999985,1,1,0.0032817288538155073,0.9967182711461844,1,1,0.0,1.0,1,1,0.0,1.0
10_external_impact_neg_x12N_p2l_v2:0021,10_external_impact_neg_x12N_p2l_v2,train,16.246999999999986,16.646999999999984,1,1,0.0,1.0,1,1,0.0,1.0,1,1,0.0,1.0
10_external_impact_neg_x12N_p2l_v2:0022,10_external_impact_neg_x12N_p2l_v2,train,16.446999999999985,16.846999999999984,1,1,0.0,1.0,1,1,0.0,1.0,1,1,0.0,1.0
10_external_impact_neg_x12N_p2l_v2:0023,10_external_impact_neg_x12N_p2l_v2,train,16.646999999999984,17.046999999999983,1,1,0.07243460030424187,0.927565399695758,1,1,0.0630203072183973,0.9369796927816026,1,1,0.0,1.0
10_external_impact_neg_x12N_p2l_v2:0024,10_external_impact_neg_x12N_p2l_v2,train,16.846999999999984,17.246999999999982,1,1,0.07315956992162785,0.9268404300783719,1,1,0.05735508935133956,0.9426449106486604,1,1,0.0,1.0
10_external_impact_neg_x12N_p2l_v2:0025,10_external_impact_neg_x12N_p2l_v2,train,17.046999999999983,17.44699999999998,1,1,0.003496,0.9965040000000001,1,1,0.010130844773234705,0.9898691552267653,1,1,0.0,1.0
10_external_impact_neg_x12N_p2l_v2:0026,10_external_impact_neg_x12N_p2l_v2,train,17.246999999999982,17.64699999999998,1,1,0.0,1.0,1,1,0.0017620192307692308,0.9982379807692308,1,1,0.0,1.0
10_external_impact_neg_x12N_p2l_v2:0027,10_external_impact_neg_x12N_p2l_v2,train,17.44699999999998,17.84699999999998,1,1,0.0017355769230769228,0.9982644230769231,1,1,0.0,1.0,1,1,0.0,1.0
10_external_impact_neg_x12N_p2l_v2:0028,10_external_impact_neg_x12N_p2l_v2,train,17.64699999999998,18.04699999999998,1,1,0.1802644285515595,0.8197355714484407,1,1,0.0,1.0,1,1,0.0,1.0
10_external_impact_neg_x12N_p2l_v2:0029,10_external_impact_neg_x12N_p2l_v2,train,17.84699999999998,18.24699999999998,1,1,0.1845327476362305,0.8154672523637699,1,1,0.0,1.0,1,1,0.0,1.0
10_external_impact_neg_x12N_p2l_v2:0030,10_external_impact_neg_x12N_p2l_v2,train,18.04699999999998,18.446999999999978,1,1,0.003790865384615385,0.9962091346153846,1,1,0.0,1.0,1,1,0.0,1.0
10_external_impact_neg_x12N_p2l_v2:0031,10_external_impact_neg_x12N_p2l_v2,train,18.24699999999998,18.646999999999977,1,1,0.002,0.998,1,1,0.0,1.0,1,1,0.0,1.0
10_external_impact_neg_x12N_p2l_v2:0032,10_external_impact_neg_x12N_p2l_v2,train,18.446999999999978,18.846999999999976,1,1,0.0,1.0,1,1,0.0,1.0,1,1,0.0,1.0
10_external_impact_neg_x12N_p2l_v2:0033,10_external_impact_neg_x12N_p2l_v2,train,18.646999999999977,19.046999999999976,1,1,0.0,1.0,1,1,0.0,1.0,1,1,0.0,1.0
10_external_impact_neg_x12N_p2l_v2:0034,10_external_impact_neg_x12N_p2l_v2,train,18.846999999999976,19.246999999999975,1,1,0.0,1.0,1,1,0.0,1.0,1,1,0.0,1.0
10_external_impact_neg_x12N_p2l_v2:0035,10_external_impact_neg_x12N_p2l_v2,train,19.046999999999976,19.446999999999974,1,1,0.010862060822022585,0.9891379391779775,1,1,0.0,1.0,1,1,0.0,1.0
10_external_impact_neg_x12N_p2l_v2:0036,10_external_impact_neg_x12N_p2l_v2,train,19.246999999999975,19.646999999999974,1,1,0.009264167163649917,0.99073583283635,1,1,0.0,1.0,1,1,0.0,1.0
10_external_impact_neg_x12N_p2l_v2:0037,10_external_impact_neg_x12N_p2l_v2,train,19.446999999999974,19.846999999999973,1,1,0.0,1.0,1,1,0.0,1.0,1,1,0.0,1.0
10_external_impact_neg_x12N_p2l_v2:0038,10_external_impact_neg_x12N_p2l_v2,train,19.646999999999974,20.046999999999972,1,1,0.0,1.0,1,1,0.0,1.0,1,1,0.0,1.0
10_external_impact_neg_x12N_p2l_v2:0039,10_external_impact_neg_x12N_p2l_v2,train,19.846999999999973,20.24699999999997,1,1,0.0,1.0,1,1,0.0017427884615384616,0.9982572115384616,1,1,0.0,1.0
10_external_impact_neg_x12N_p2l_v2:0040,10_external_impact_neg_x12N_p2l_v2,train,20.046999999999972,20.44699999999997,1,1,0.0,1.0,1,1,0.0,1.0,1,1,0.0,1.0
10_external_impact_neg_x12N_p2l_v2:0041,10_external_impact_neg_x12N_p2l_v2,train,20.24699999999997,20.64699999999997,1,1,0.0,1.0,1,1,0.0,1.0,1,1,0.0,1.0
10_external_impact_neg_x12N_p2l_v2:0042,10_external_impact_neg_x12N_p2l_v2,train,20.44699999999997,20.84699999999997,1,1,0.0,1.0,1,1,0.0,1.0,1,1,0.0,1.0
10_external_impact_neg_x12N_p2l_v2:0043,10_external_impact_neg_x12N_p2l_v2,train,20.64699999999997,21.04699999999997,1,1,0.002,0.998,1,1,0.0,1.0,1,1,0.0,1.0
10_external_impact_neg_x12N_p2l_v2:0044,10_external_impact_neg_x12N_p2l_v2,train,20.84699999999997,21.246999999999968,1,1,0.0,1.0,1,1,0.0,1.0,1,1,0.0,1.0
10_external_impact_neg_x12N_p2l_v2:0045,10_external_impact_neg_x12N_p2l_v2,train,21.04699999999997,21.446999999999967,1,1,0.0,1.0,1,1,0.0,1.0,1,1,0.0,1.0
10_external_impact_neg_x12N_p2l_v2:0046,10_external_impact_neg_x12N_p2l_v2,train,21.246999999999968,21.646999999999966,1,1,0.0,1.0,1,1,0.0,1.0,1,1,0.0,1.0
10_external_impact_neg_x12N_p2l_v2:0047,10_external_impact_neg_x12N_p2l_v2,train,21.446999999999967,21.846999999999966,1,1,0.005598557692307693,0.9944014423076922,0,0,0.8527794026615702,0.14722059733842952,1,1,0.0,1.0
10_external_impact_neg_x12N_p2l_v2:0048,10_external_impact_neg_x12N_p2l_v2,train,21.646999999999966,22.046999999999965,1,1,0.0034874442201444965,0.9965125557798555,0,0,0.8832301009717527,0.1167698990282475,1,1,0.0,1.0
10_external_impact_neg_x12N_p2l_v2:0049,10_external_impact_neg_x12N_p2l_v2,train,21.846999999999966,22.246999999999964,1,1,0.0018100961538461539,0.9981899038461538,1,1,0.0,1.0,1,1,0.0,1.0
10_external_impact_neg_x12N_p2l_v2:0050,10_external_impact_neg_x12N_p2l_v2,train,22.046999999999965,22.446999999999964,1,1,0.0,1.0,1,1,0.0,1.0,1,1,0.0,1.0
10_external_impact_neg_x12N_p2l_v2:0051,10_external_impact_neg_x12N_p2l_v2,train,22.246999999999964,22.646999999999963,1,1,0.0,1.0,1,1,0.0055048076923076925,0.9944951923076923,1,1,0.0,1.0
10_external_impact_neg_x12N_p2l_v2:0052,10_external_impact_neg_x12N_p2l_v2,train,22.446999999999964,22.846999999999962,1,1,0.0,1.0,1,1,0.02263521601405515,0.977364783985945,1,1,0.0,1.0
10_external_impact_neg_x12N_p2l_v2:0053,10_external_impact_neg_x12N_p2l_v2,train,22.646999999999963,23.04699999999996,1,1,0.001795673076923077,0.9982043269230769,1,1,0.0,1.0,1,1,0.0,1.0
10_external_impact_neg_x12N_p2l_v2:0054,10_external_impact_neg_x12N_p2l_v2,train,22.846999999999962,23.24699999999996,1,1,0.0,1.0,1,1,0.0,1.0,1,1,0.0,1.0
10_external_impact_neg_x12N_p2l_v2:0055,10_external_impact_neg_x12N_p2l_v2,train,23.04699999999996,23.44699999999996,1,1,0.0,1.0,1,1,0.0,1.0,1,1,0.0,1.0
10_external_impact_neg_x12N_p2l_v2:0056,10_external_impact_neg_x12N_p2l_v2,train,23.24699999999996,23.64699999999996,1,1,0.0,1.0,0,0,0.9595713836134763,0.04042861638652399,0,0,0.9016903737504066,0.09830962624959351
10_external_impact_neg_x12N_p2l_v2:0057,10_external_impact_neg_x12N_p2l_v2,train,23.44699999999996,23.84699999999996,1,1,0.0,1.0,0,0,0.9271982242570334,0.07280177574296655,0,0,0.8917891324644573,0.10821086753554261
10_external_impact_neg_x12N_p2l_v2:0058,10_external_impact_neg_x12N_p2l_v2,train,23.64699999999996,24.046999999999958,1,1,0.0,1.0,1,1,0.0,1.0,1,1,0.0,1.0
10_external_impact_neg_x12N_p2l_v2:0059,10_external_impact_neg_x12N_p2l_v2,train,23.84699999999996,24.246999999999957,1,1,0.0,1.0,1,1,0.0,1.0,1,1,0.0,1.0
10_external_impact_neg_x12N_p2l_v2:0060,10_external_impact_neg_x12N_p2l_v2,train,24.046999999999958,24.446999999999957,1,1,0.0,1.0,1,1,0.0,1.0,1,1,0.0,1.0
10_external_impact_neg_x12N_p2l_v2:0061,10_external_impact_neg_x12N_p2l_v2,train,24.246999999999957,24.646999999999956,1,1,0.0,1.0,1,1,0.0017067307692307692,0.9982932692307693,1,1,0.0,1.0
10_external_impact_neg_x12N_p2l_v2:0062,10_external_impact_neg_x12N_p2l_v2,train,24.446999999999957,24.846999999999955,1,1,0.0,1.0,1,1,0.0,1.0,1,1,0.0,1.0
10_external_impact_neg_x12N_p2l_v2:0063,10_external_impact_neg_x12N_p2l_v2,train,24.646999999999956,25.046999999999954,1,1,0.0,1.0,1,1,0.0,1.0,1,1,0.0,1.0
10_external_impact_neg_x12N_p2l_v2:0064,10_external_impact_neg_x12N_p2l_v2,train,24.846999999999955,25.246999999999954,1,1,0.001795673076923077,0.9982043269230769,1,1,0.0,1.0,1,1,0.0,1.0
10_external_impact_neg_x12N_p2l_v2:0065,10_external_impact_neg_x12N_p2l_v2,train,25.046999999999954,25.446999999999953,1,1,0.003548076923076923,0.9964519230769231,1,1,0.1997612900645394,0.8002387099354606,1,1,0.0019199057714958773,0.9980800942285041
10_external_impact_neg_x12N_p2l_v2:0066,10_external_impact_neg_x12N_p2l_v2,train,25.246999999999954,25.646999999999952,1,1,0.010616748511213246,0.9893832514887868,1,1,0.127233517553485,0.872766482446515,1,1,0.0,1.0
11_external_impact_y20N_p2l_v2:0000,11_external_impact_y20N_p2l_v2,test,8.878,9.278,1,0,0.531460722061336,0.46853927793866407,1,1,0.0,1.0,1,1,0.0,1.0
11_external_impact_y20N_p2l_v2:0001,11_external_impact_y20N_p2l_v2,test,9.078,9.478,1,1,0.0,1.0,1,1,0.0,1.0,1,1,0.0,1.0
11_external_impact_y20N_p2l_v2:0002,11_external_impact_y20N_p2l_v2,test,9.277999999999999,9.677999999999999,1,1,0.0,1.0,1,1,0.0,1.0,1,1,0.0,1.0
11_external_impact_y20N_p2l_v2:0003,11_external_impact_y20N_p2l_v2,test,9.477999999999998,9.877999999999998,1,1,0.0,1.0,1,1,0.0,1.0,1,1,0.0,1.0
11_external_impact_y20N_p2l_v2:0004,11_external_impact_y20N_p2l_v2,test,9.677999999999997,10.077999999999998,1,1,0.0,1.0,1,1,0.0,1.0,1,1,0.0,1.0
11_external_impact_y20N_p2l_v2:0005,11_external_impact_y20N_p2l_v2,test,9.877999999999997,10.277999999999997,1,1,0.0,1.0,1,1,0.0,1.0,1,1,0.0,1.0
11_external_impact_y20N_p2l_v2:0006,11_external_impact_y20N_p2l_v2,test,10.077999999999996,10.477999999999996,1,1,0.0,1.0,1,1,0.0,1.0,1,1,0.0,1.0
11_external_impact_y20N_p2l_v2:0007,11_external_impact_y20N_p2l_v2,test,10.277999999999995,10.677999999999995,1,1,0.0018989898989898992,0.9981010101010102,1,1,0.0,1.0,1,1,0.0,1.0
11_external_impact_y20N_p2l_v2:0008,11_external_impact_y20N_p2l_v2,test,10.477999999999994,10.877999999999995,1,1,0.0,1.0,1,1,0.0,1.0,1,1,0.0,1.0
11_external_impact_y20N_p2l_v2:0009,11_external_impact_y20N_p2l_v2,test,10.677999999999994,11.077999999999994,1,1,0.0,1.0,1,1,0.0,1.0,1,1,0.0,1.0
11_external_impact_y20N_p2l_v2:0010,11_external_impact_y20N_p2l_v2,test,10.877999999999993,11.277999999999993,1,1,0.0018989898989898992,0.9981010101010102,1,1,0.0,1.0,1,1,0.0,1.0
11_external_impact_y20N_p2l_v2:0011,11_external_impact_y20N_p2l_v2,test,11.077999999999992,11.477999999999993,1,1,0.0,1.0,1,1,0.0,1.0,1,1,0.0,1.0
11_external_impact_y20N_p2l_v2:0012,11_external_impact_y20N_p2l_v2,test,11.277999999999992,11.677999999999992,1,1,0.0,1.0,1,1,0.0,1.0,1,1,0.0,1.0
11_external_impact_y20N_p2l_v2:0013,11_external_impact_y20N_p2l_v2,test,11.47799999999999,11.877999999999991,1,1,0.0,1.0,1,1,0.0,1.0,1,1,0.0,1.0
11_external_impact_y20N_p2l_v2:0014,11_external_impact_y20N_p2l_v2,test,11.67799999999999,12.07799999999999,1,1,0.003856758407853299,0.9961432415921467,1,1,0.0,1.0,1,1,0.0,1.0
11_external_impact_y20N_p2l_v2:0015,11_external_impact_y20N_p2l_v2,test,11.87799999999999,12.27799999999999,1,1,0.0038339650627880963,0.9961660349372119,1,1,0.0,1.0,1,1,0.0,1.0
11_external_impact_y20N_p2l_v2:0016,11_external_impact_y20N_p2l_v2,test,12.077999999999989,12.477999999999989,1,1,0.0,1.0,1,1,0.0,1.0,1,1,0.0,1.0
11_external_impact_y20N_p2l_v2:0017,11_external_impact_y20N_p2l_v2,test,12.277999999999988,12.677999999999988,1,1,0.0,1.0,1,1,0.0,1.0,1,1,0.0,1.0
11_external_impact_y20N_p2l_v2:0018,11_external_impact_y20N_p2l_v2,test,12.477999999999987,12.877999999999988,1,1,0.005654293238608526,0.9943457067613916,1,1,0.0,1.0,1,1,0.0,1.0
11_external_impact_y20N_p2l_v2:0019,11_external_impact_y20N_p2l_v2,test,12.677999999999987,13.077999999999987,1,1,0.0,1.0,1,1,0.0,1.0,1,1,0.0,1.0
11_external_impact_y20N_p2l_v2:0020,11_external_impact_y20N_p2l_v2,test,12.877999999999986,13.277999999999986,1,1,0.0,1.0,1,1,0.0,1.0,1,1,0.0,1.0
11_external_impact_y20N_p2l_v2:0021,11_external_impact_y20N_p2l_v2,test,13.077999999999985,13.477999999999986,1,1,0.0,1.0,1,1,0.0,1.0,1,1,0.0,1.0
11_external_impact_y20N_p2l_v2:0022,11_external_impact_y20N_p2l_v2,test,13.277999999999984,13.677999999999985,1,1,0.0,1.0,1,1,0.0,1.0,1,1,0.0,1.0
11_external_impact_y20N_p2l_v2:0023,11_external_impact_y20N_p2l_v2,test,13.477999999999984,13.877999999999984,1,1,0.0,1.0,1,1,0.0,1.0,1,1,0.0,1.0
11_external_impact_y20N_p2l_v2:0024,11_external_impact_y20N_p2l_v2,test,13.677999999999983,14.077999999999983,1,1,0.0,1.0,1,1,0.0,1.0,1,1,0.0,1.0
11_external_impact_y20N_p2l_v2:0025,11_external_impact_y20N_p2l_v2,test,13.877999999999982,14.277999999999983,1,1,0.026359224664882153,0.9736407753351178,1,1,0.0,1.0,1,1,0.0,1.0
11_external_impact_y20N_p2l_v2:0026,11_external_impact_y20N_p2l_v2,test,14.077999999999982,14.477999999999982,1,1,0.03376887226628418,0.966231127733716,1,1,0.003502403846153846,0.996497596153846,1,1,0.0,1.0
11_external_impact_y20N_p2l_v2:0027,11_external_impact_y20N_p2l_v2,test,14.277999999999981,14.677999999999981,1,1,0.0,1.0,1,1,0.0,1.0,1,1,0.0,1.0
11_external_impact_y20N_p2l_v2:0028,11_external_impact_y20N_p2l_v2,test,14.47799999999998,14.87799999999998,1,1,0.033497224889460664,0.9665027751105397,1,1,0.0,1.0,1,1,0.0,1.0
11_external_impact_y20N_p2l_v2:0029,11_external_impact_y20N_p2l_v2,test,14.67799999999998,15.07799999999998,1,1,0.034923272692767404,0.9650767273072327,1,1,0.0,1.0,1,1,0.0,1.0
11_external_impact_y20N_p2l_v2:0030,11_external_impact_y20N_p2l_v2,test,14.877999999999979,15.27799999999998,1,1,0.0019460863916856122,0.9980539136083144,1,1,0.0,1.0,1,1,0.0,1.0
11_external_impact_y20N_p2l_v2:0031,11_external_impact_y20N_p2l_v2,test,15.077999999999978,15.477999999999978,1,1,0.007467000387157194,0.9925329996128428,1,1,0.0,1.0,1,1,0.0,1.0
11_external_impact_y20N_p2l_v2:0032,11_external_impact_y20N_p2l_v2,test,15.277999999999977,15.677999999999978,1,1,0.005576004191844571,0.9944239958081554,1,1,0.0,1.0,1,1,0.0,1.0
11_external_impact_y20N_p2l_v2:0033,11_external_impact_y20N_p2l_v2,test,15.477999999999977,15.877999999999977,1,1,0.001795673076923077,0.9982043269230769,1,1,0.0,1.0,1,1,0.0,1.0
11_external_impact_y20N_p2l_v2:0034,11_external_impact_y20N_p2l_v2,test,15.677999999999976,16.077999999999975,1,1,0.005258465221240148,0.9947415347787598,1,1,0.0018693982074263766,0.9981306017925736,1,1,0.0,1.0
11_external_impact_y20N_p2l_v2:0035,11_external_impact_y20N_p2l_v2,test,15.877999999999975,16.277999999999974,0,1,0.027270695932668405,0.9727293040673318,0,0,0.8518234065844216,0.1481765934155782,0,0,0.5835417082003854,0.4164582917996146
11_external_impact_y20N_p2l_v2:0036,11_external_impact_y20N_p2l_v2,test,16.077999999999975,16.477999999999973,0,1,0.04503339152486071,0.9549666084751395,0,0,0.9288276050514114,0.07117239494858871,0,0,0.54,0.46
11_external_impact_y20N_p2l_v2:0037,11_external_impact_y20N_p2l_v2,test,16.277999999999974,16.677999999999972,1,0,0.23480650505417103,0.7651934949458291,0,0,0.734307863459698,0.265692136540302,1,0,0.7038574057714958,0.2961425942285041
11_external_impact_y20N_p2l_v2:0038,11_external_impact_y20N_p2l_v2,test,16.477999999999973,16.87799999999997,1,1,0.03323174778646565,0.9667682522135344,1,1,0.004749001042576717,0.9952509989574232,1,1,0.0,1.0
11_external_impact_y20N_p2l_v2:0039,11_external_impact_y20N_p2l_v2,test,16.677999999999972,17.07799999999997,1,1,0.0,1.0,1,1,0.0,1.0,1,1,0.0,1.0
11_external_impact_y20N_p2l_v2:0040,11_external_impact_y20N_p2l_v2,test,16.87799999999997,17.27799999999997,1,1,0.002,0.998,1,1,0.0,1.0,1,1,0.0,1.0
11_external_impact_y20N_p2l_v2:0041,11_external_impact_y20N_p2l_v2,test,17.07799999999997,17.47799999999997,1,1,0.0017764423076923074,0.9982235576923078,0,0,0.5008856686769035,0.4991143313230964,0,0,0.7199567307692307,0.2800432692307692
11_external_impact_y20N_p2l_v2:0042,11_external_impact_y20N_p2l_v2,test,17.27799999999997,17.67799999999997,1,1,0.027328024107932256,0.9726719758920678,1,0,0.4964504059852799,0.5035495940147201,1,0,0.6979567307692307,0.30204326923076924
11_external_impact_y20N_p2l_v2:0043,11_external_impact_y20N_p2l_v2,test,17.47799999999997,17.877999999999968,1,1,0.0,1.0,1,1,0.0,1.0,1,1,0.0,1.0
11_external_impact_y20N_p2l_v2:0044,11_external_impact_y20N_p2l_v2,test,17.67799999999997,18.077999999999967,1,1,0.0014860557768924304,0.9985139442231075,1,1,0.0,1.0,1,1,0.0,1.0
11_external_impact_y20N_p2l_v2:0045,11_external_impact_y20N_p2l_v2,test,17.877999999999968,18.277999999999967,1,1,0.0014860557768924304,0.9985139442231075,1,1,0.0,1.0,1,1,0.0,1.0
11_external_impact_y20N_p2l_v2:0046,11_external_impact_y20N_p2l_v2,test,18.077999999999967,18.477999999999966,1,1,0.0,1.0,1,1,0.17402933199501863,0.8259706680049813,1,1,0.0,1.0
11_external_impact_y20N_p2l_v2:0047,11_external_impact_y20N_p2l_v2,test,18.277999999999967,18.677999999999965,1,1,0.0037764423076923075,0.9962235576923076,1,1,0.09746321000317477,0.9025367899968252,1,1,0.021835501815109216,0.9781644981848907
11_external_impact_y20N_p2l_v2:0048,11_external_impact_y20N_p2l_v2,test,18.477999999999966,18.877999999999965,1,1,0.003128794353615836,0.9968712056463842,1,1,0.0,1.0,1,1,0.0,1.0
11_external_impact_y20N_p2l_v2:0049,11_external_impact_y20N_p2l_v2,test,18.677999999999965,19.077999999999964,1,1,0.0012391304347826087,0.9987608695652174,1,1,0.0,1.0,1,1,0.0,1.0
11_external_impact_y20N_p2l_v2:0050,11_external_impact_y20N_p2l_v2,test,18.877999999999965,19.277999999999963,0,0,0.8804815499095321,0.11951845009046796,1,1,0.003428015564202335,0.9965719844357978,1,1,0.0,1.0
11_external_impact_y20N_p2l_v2:0051,11_external_impact_y20N_p2l_v2,test,19.077999999999964,19.477999999999962,0,0,0.8023341598985264,0.19766584010147345,1,1,0.00319965017958695,0.9968003498204131,1,1,0.0,1.0
11_external_impact_y20N_p2l_v2:0052,11_external_impact_y20N_p2l_v2,test,19.277999999999963,19.67799999999996,1,1,0.0,1.0,1,1,0.0,1.0,1,1,0.0,1.0
11_external_impact_y20N_p2l_v2:0053,11_external_impact_y20N_p2l_v2,test,19.477999999999962,19.87799999999996,1,1,0.0,1.0,1,1,0.0,1.0,1,1,0.0,1.0
11_external_impact_y20N_p2l_v2:0054,11_external_impact_y20N_p2l_v2,test,19.67799999999996,20.07799999999996,1,1,0.0,1.0,1,1,0.0,1.0,1,1,0.0,1.0
11_external_impact_y20N_p2l_v2:0055,11_external_impact_y20N_p2l_v2,test,19.87799999999996,20.27799999999996,1,1,0.004818457357859532,0.9951815426421404,1,1,0.0,1.0,1,1,0.0,1.0
11_external_impact_y20N_p2l_v2:0056,11_external_impact_y20N_p2l_v2,test,20.07799999999996,20.47799999999996,1,1,0.008599081366820797,0.9914009186331793,1,1,0.0,1.0,1,1,0.0,1.0
11_external_impact_y20N_p2l_v2:0057,11_external_impact_y20N_p2l_v2,test,20.27799999999996,20.677999999999958,1,1,0.0,1.0,1,1,0.0,1.0,1,1,0.0,1.0
11_external_impact_y20N_p2l_v2:0058,11_external_impact_y20N_p2l_v2,test,20.47799999999996,20.877999999999957,1,1,0.0015669882100750269,0.9984330117899249,1,1,0.00154419595314164,0.9984558040468584,1,1,0.0,1.0
11_external_impact_y20N_p2l_v2:0059,11_external_impact_y20N_p2l_v2,test,20.677999999999958,21.077999999999957,1,1,0.0015669882100750269,0.9984330117899249,1,1,0.0,1.0,1,1,0.0,1.0
11_external_impact_y20N_p2l_v2:0060,11_external_impact_y20N_p2l_v2,test,20.877999999999957,21.277999999999956,1,1,0.0,1.0,1,1,0.0,1.0,1,1,0.0,1.0
11_external_impact_y20N_p2l_v2:0061,11_external_impact_y20N_p2l_v2,test,21.077999999999957,21.477999999999955,1,1,0.0,1.0,1,1,0.0,1.0,1,1,0.0,1.0
11_external_impact_y20N_p2l_v2:0062,11_external_impact_y20N_p2l_v2,test,21.277999999999956,21.677999999999955,1,1,0.0015669882100750269,0.9984330117899249,1,1,0.0,1.0,1,1,0.0,1.0
11_external_impact_y20N_p2l_v2:0063,11_external_impact_y20N_p2l_v2,test,21.477999999999955,21.877999999999954,1,1,0.0,1.0,1,1,0.0,1.0,1,1,0.0,1.0
11_external_impact_y20N_p2l_v2:0064,11_external_impact_y20N_p2l_v2,test,21.677999999999955,22.077999999999953,1,1,0.0031648260479128646,0.9968351739520872,1,1,0.0,1.0,1,1,0.0,1.0
11_external_impact_y20N_p2l_v2:0065,11_external_impact_y20N_p2l_v2,test,21.877999999999954,22.277999999999953,1,1,0.0,1.0,1,1,0.0,1.0,1,1,0.0,1.0
11_external_impact_y20N_p2l_v2:0066,11_external_impact_y20N_p2l_v2,test,22.077999999999953,22.477999999999952,1,1,0.0,1.0,1,1,0.0,1.0,1,1,0.0,1.0
11_external_impact_y20N_p2l_v2:0067,11_external_impact_y20N_p2l_v2,test,22.277999999999953,22.67799999999995,1,1,0.0,1.0,1,1,0.0,1.0,1,1,0.0,1.0
11_external_impact_y20N_p2l_v2:0068,11_external_impact_y20N_p2l_v2,test,22.477999999999952,22.87799999999995,1,1,0.0015669882100750269,0.9984330117899249,1,1,0.0,1.0,1,1,0.0,1.0
11_external_impact_y20N_p2l_v2:0069,11_external_impact_y20N_p2l_v2,test,22.67799999999995,23.07799999999995,1,1,0.0488034802993515,0.9511965197006487,1,1,0.07169383988240022,0.9283061601175998,1,1,0.0,1.0
11_external_impact_y20N_p2l_v2:0070,11_external_impact_y20N_p2l_v2,test,22.87799999999995,23.27799999999995,1,1,0.003292571339950372,0.9967074286600497,1,0,0.33251731308443366,0.6674826869155664,1,1,0.0,1.0
11_external_impact_y20N_p2l_v2:0071,11_external_impact_y20N_p2l_v2,test,23.07799999999995,23.47799999999995,1,1,0.0,1.0,1,1,0.20389580966157517,0.796104190338425,1,1,0.002,0.998
11_external_impact_y20N_p2l_v2:0072,11_external_impact_y20N_p2l_v2,test,23.27799999999995,23.677999999999948,1,1,0.005675692026016593,0.9943243079739834,1,1,0.0017764423076923074,0.9982235576923078,1,1,0.0019639423076923076,0.9980360576923076
11_external_impact_y20N_p2l_v2:0073,11_external_impact_y20N_p2l_v2,test,23.47799999999995,23.877999999999947,1,1,0.005135098241877557,0.9948649017581224,1,1,0.0,1.0,1,1,0.0019639423076923076,0.9980360576923076
11_external_impact_y20N_p2l_v2:0074,11_external_impact_y20N_p2l_v2,test,23.677999999999948,24.077999999999946,1,1,0.003552884615384615,0.9964471153846154,1,1,0.0034591346153846152,0.9965408653846155,1,1,0.0019639423076923076,0.9980360576923076
11_external_impact_y20N_p2l_v2:0075,11_external_impact_y20N_p2l_v2,test,23.877999999999947,24.277999999999945,1,1,0.0,1.0,1,1,0.02235804754965833,0.9776419524503418,1,1,0.0019639423076923076,0.9980360576923076
11_external_impact_y20N_p2l_v2:0076,11_external_impact_y20N_p2l_v2,test,24.077999999999946,24.477999999999945,1,1,0.0,1.0,1,1,0.018391681666305497,0.9816083183336946,1,1,0.0019639423076923076,0.9980360576923076
11_external_impact_y20N_p2l_v2:0077,11_external_impact_y20N_p2l_v2,test,24.277999999999945,24.677999999999944,1,1,0.0,1.0,1,1,0.006992788461538461,0.9930072115384615,1,1,0.0,1.0
11_external_impact_y20N_p2l_v2:0078,11_external_impact_y20N_p2l_v2,test,24.477999999999945,24.877999999999943,1,1,0.0035673076923076925,0.9964326923076923,0,1,0.012966346153846153,0.9870336538461538,1,1,0.0,1.0
11_external_impact_y20N_p2l_v2:0079,11_external_impact_y20N_p2l_v2,test,24.677999999999944,25.077999999999943,1,1,0.0035552884615384617,0.9964447115384616,0,0,0.9134590399351576,0.0865409600648424,0,0,0.8998026652341108,0.10019733476588924
11_external_impact_y20N_p2l_v2:0080,11_external_impact_y20N_p2l_v2,test,24.877999999999943,25.277999999999942,1,1,0.0035552884615384617,0.9964447115384616,0,0,0.7788897531841286,0.22111024681587158,1,0,0.9857300453813778,0.014269954618622217
11_external_impact_y20N_p2l_v2:0081,11_external_impact_y20N_p2l_v2,test,25.077999999999943,25.47799999999994,1,1,0.00393827971109652,0.9960617202889035,1,1,0.1051365263702141,0.8948634736297859,1,1,0.0059663461538461545,0.9940336538461538
11_external_impact_y20N_p2l_v2:0082,11_external_impact_y20N_p2l_v2,test,25.277999999999942,25.67799999999994,1,1,0.0,1.0,1,1,0.16953170261312503,0.8304682973868751,1,1,0.0,1.0
11_external_impact_y20N_p2l_v2:0083,11_external_impact_y20N_p2l_v2,test,25.47799999999994,25.87799999999994,1,1,0.0018125,0.9981875,1,1,0.0017764423076923074,0.9982235576923078,1,1,0.0,1.0
11_external_impact_y20N_p2l_v2:0084,11_external_impact_y20N_p2l_v2,test,25.67799999999994,26.07799999999994,1,1,0.00178125,0.99821875,1,1,0.03480032586584748,0.9651996741341524,1,0,0.4196700948996426,0.5803299051003574
11_external_impact_y20N_p2l_v2:0085,11_external_impact_y20N_p2l_v2,test,25.87799999999994,26.27799999999994,0,0,0.2197660216428444,0.7802339783571559,0,0,0.8899285689686766,0.11007143103132337,1,0,0.518,0.482
11_external_impact_y20N_p2l_v2:0086,11_external_impact_y20N_p2l_v2,test,26.07799999999994,26.477999999999938,0,0,0.350388955519592,0.649611044480408,0,0,0.9191715958511776,0.08082840414882246,1,1,0.0,1.0
11_external_impact_y20N_p2l_v2:0087,11_external_impact_y20N_p2l_v2,test,26.27799999999994,26.677999999999937,0,0,0.29924336388974815,0.7007566361102517,0,0,0.8908039225878407,0.10919607741215935,1,1,0.0,1.0
11_external_impact_y20N_p2l_v2:0088,11_external_impact_y20N_p2l_v2,test,26.477999999999938,26.877999999999936,0,1,0.06331965575712861,0.9366803442428714,0,0,0.856937891999124,0.1430621080008759,1,1,0.0,1.0
12_low_friction_mu_0p16_low_weave_p2l_v2:0000,12_low_friction_mu_0p16_low_weave_p2l_v2,validation,10.838000000000001,11.238000000000001,1,1,0.0016134636264929427,0.998386536373507,1,1,0.0,1.0,1,1,0.0,1.0
12_low_friction_mu_0p16_low_weave_p2l_v2:0001,12_low_friction_mu_0p16_low_weave_p2l_v2,validation,11.038,11.438,1,1,0.0,1.0,1,1,0.0,1.0,1,1,0.0,1.0
12_low_friction_mu_0p16_low_weave_p2l_v2:0002,12_low_friction_mu_0p16_low_weave_p2l_v2,validation,11.238,11.638,1,1,0.0,1.0,1,1,0.0,1.0,1,1,0.0,1.0
12_low_friction_mu_0p16_low_weave_p2l_v2:0003,12_low_friction_mu_0p16_low_weave_p2l_v2,validation,11.437999999999999,11.838,1,1,0.0,1.0,1,1,0.0,1.0,1,1,0.0,1.0
12_low_friction_mu_0p16_low_weave_p2l_v2:0004,12_low_friction_mu_0p16_low_weave_p2l_v2,validation,11.637999999999998,12.037999999999998,1,1,0.0,1.0,1,1,0.0017427884615384616,0.9982572115384616,1,1,0.0,1.0
12_low_friction_mu_0p16_low_weave_p2l_v2:0005,12_low_friction_mu_0p16_low_weave_p2l_v2,validation,11.837999999999997,12.237999999999998,1,1,0.0,1.0,1,1,0.0,1.0,1,1,0.0,1.0
12_low_friction_mu_0p16_low_weave_p2l_v2:0006,12_low_friction_mu_0p16_low_weave_p2l_v2,validation,12.037999999999997,12.437999999999997,1,1,0.0016134636264929427,0.998386536373507,1,1,0.0017283653846153846,0.9982716346153846,1,1,0.0,1.0
12_low_friction_mu_0p16_low_weave_p2l_v2:0007,12_low_friction_mu_0p16_low_weave_p2l_v2,validation,12.237999999999996,12.637999999999996,1,1,0.006817929788745991,0.9931820702112539,1,1,0.0034711538461538465,0.9965288461538462,1,1,0.0,1.0
12_low_friction_mu_0p16_low_weave_p2l_v2:0008,12_low_friction_mu_0p16_low_weave_p2l_v2,validation,12.437999999999995,12.837999999999996,1,1,0.0033490405495698655,0.9966509594504301,1,1,0.0,1.0,1,1,0.0,1.0
12_low_friction_mu_0p16_low_weave_p2l_v2:0009,12_low_friction_mu_0p16_low_weave_p2l_v2,validation,12.637999999999995,13.037999999999995,1,1,0.18971119230298636,0.8102888076970141,1,1,0.0017283653846153846,0.9982716346153846,1,1,0.0,1.0
12_low_friction_mu_0p16_low_weave_p2l_v2:0010,12_low_friction_mu_0p16_low_weave_p2l_v2,validation,12.837999999999994,13.237999999999994,1,1,0.15655262112515864,0.8434473788748416,1,1,0.0,1.0,1,1,0.0,1.0
12_low_friction_mu_0p16_low_weave_p2l_v2:0011,12_low_friction_mu_0p16_low_weave_p2l_v2,validation,13.037999999999993,13.437999999999994,1,1,0.0,1.0,1,1,0.0,1.0,1,1,0.0,1.0
12_low_friction_mu_0p16_low_weave_p2l_v2:0012,12_low_friction_mu_0p16_low_weave_p2l_v2,validation,13.237999999999992,13.637999999999993,1,1,0.0,1.0,1,1,0.0,1.0,1,1,0.0,1.0
12_low_friction_mu_0p16_low_weave_p2l_v2:0013,12_low_friction_mu_0p16_low_weave_p2l_v2,validation,13.437999999999992,13.837999999999992,1,1,0.0018896639188332276,0.9981103360811668,1,1,0.0,1.0,1,1,0.0,1.0
12_low_friction_mu_0p16_low_weave_p2l_v2:0014,12_low_friction_mu_0p16_low_weave_p2l_v2,validation,13.637999999999991,14.037999999999991,1,1,0.0018896639188332276,0.9981103360811668,1,1,0.0,1.0,1,1,0.0,1.0
12_low_friction_mu_0p16_low_weave_p2l_v2:0015,12_low_friction_mu_0p16_low_weave_p2l_v2,validation,13.83799999999999,14.23799999999999,1,1,0.0,1.0,1,1,0.0,1.0,1,1,0.0,1.0
12_low_friction_mu_0p16_low_weave_p2l_v2:0016,12_low_friction_mu_0p16_low_weave_p2l_v2,validation,14.03799999999999,14.43799999999999,1,1,0.0,1.0,1,1,0.0,1.0,1,1,0.0,1.0
12_low_friction_mu_0p16_low_weave_p2l_v2:0017,12_low_friction_mu_0p16_low_weave_p2l_v2,validation,14.237999999999989,14.63799999999999,1,1,0.0,1.0,1,1,0.0,1.0,1,1,0.0,1.0
12_low_friction_mu_0p16_low_weave_p2l_v2:0018,12_low_friction_mu_0p16_low_weave_p2l_v2,validation,14.437999999999988,14.837999999999989,1,1,0.0,1.0,1,1,0.0,1.0,1,1,0.0,1.0
12_low_friction_mu_0p16_low_weave_p2l_v2:0019,12_low_friction_mu_0p16_low_weave_p2l_v2,validation,14.637999999999987,15.037999999999988,1,1,0.0,1.0,1,1,0.0,1.0,1,1,0.0,1.0
12_low_friction_mu_0p16_low_weave_p2l_v2:0020,12_low_friction_mu_0p16_low_weave_p2l_v2,validation,14.837999999999987,15.237999999999987,1,1,0.0,1.0,1,1,0.0,1.0,1,1,0.0,1.0
12_low_friction_mu_0p16_low_weave_p2l_v2:0021,12_low_friction_mu_0p16_low_weave_p2l_v2,validation,15.037999999999986,15.437999999999986,1,1,0.0,1.0,1,1,0.0,1.0,1,1,0.0,1.0
12_low_friction_mu_0p16_low_weave_p2l_v2:0022,12_low_friction_mu_0p16_low_weave_p2l_v2,validation,15.237999999999985,15.637999999999986,1,1,0.0,1.0,1,1,0.0,1.0,1,1,0.0,1.0
12_low_friction_mu_0p16_low_weave_p2l_v2:0023,12_low_friction_mu_0p16_low_weave_p2l_v2,validation,15.437999999999985,15.837999999999985,1,1,0.0,1.0,1,1,0.0,1.0,1,1,0.0,1.0
12_low_friction_mu_0p16_low_weave_p2l_v2:0024,12_low_friction_mu_0p16_low_weave_p2l_v2,validation,15.637999999999984,16.037999999999982,1,1,0.0,1.0,1,1,0.0,1.0,1,1,0.0,1.0
12_low_friction_mu_0p16_low_weave_p2l_v2:0025,12_low_friction_mu_0p16_low_weave_p2l_v2,validation,15.837999999999983,16.237999999999982,1,1,0.0,1.0,1,1,0.0,1.0,1,1,0.0,1.0
12_low_friction_mu_0p16_low_weave_p2l_v2:0026,12_low_friction_mu_0p16_low_weave_p2l_v2,validation,16.037999999999982,16.43799999999998,1,1,0.0,1.0,1,1,0.0,1.0,1,1,0.0,1.0
12_low_friction_mu_0p16_low_weave_p2l_v2:0027,12_low_friction_mu_0p16_low_weave_p2l_v2,validation,16.237999999999982,16.63799999999998,1,1,0.0,1.0,1,1,0.0,1.0,1,1,0.0,1.0
12_low_friction_mu_0p16_low_weave_p2l_v2:0028,12_low_friction_mu_0p16_low_weave_p2l_v2,validation,16.43799999999998,16.83799999999998,1,1,0.1338117056418534,0.8661882943581468,1,1,0.001477533960292581,0.9985224660397074,1,1,0.0,1.0
12_low_friction_mu_0p16_low_weave_p2l_v2:0029,12_low_friction_mu_0p16_low_weave_p2l_v2,validation,16.63799999999998,17.03799999999998,1,1,0.18973809180394097,0.8102619081960593,1,1,0.0,1.0,1,1,0.0,1.0
12_low_friction_mu_0p16_low_weave_p2l_v2:0030,12_low_friction_mu_0p16_low_weave_p2l_v2,validation,16.83799999999998,17.23799999999998,1,1,0.0,1.0,1,1,0.0,1.0,1,1,0.0,1.0
12_low_friction_mu_0p16_low_weave_p2l_v2:0031,12_low_friction_mu_0p16_low_weave_p2l_v2,validation,17.03799999999998,17.437999999999978,1,1,0.0,1.0,1,1,0.0,1.0,1,1,0.0,1.0
12_low_friction_mu_0p16_low_weave_p2l_v2:0032,12_low_friction_mu_0p16_low_weave_p2l_v2,validation,17.23799999999998,17.637999999999977,1,1,0.0,1.0,1,1,0.0,1.0,1,1,0.0,1.0
12_low_friction_mu_0p16_low_weave_p2l_v2:0033,12_low_friction_mu_0p16_low_weave_p2l_v2,validation,17.437999999999978,17.837999999999976,1,1,0.0,1.0,1,1,0.0,1.0,1,1,0.0,1.0
12_low_friction_mu_0p16_low_weave_p2l_v2:0034,12_low_friction_mu_0p16_low_weave_p2l_v2,validation,17.637999999999977,18.037999999999975,1,0,0.3979246976005998,0.6020753023994002,1,0,0.29849448734030554,0.7015055126596945,1,1,0.0,1.0
12_low_friction_mu_0p16_low_weave_p2l_v2:0035,12_low_friction_mu_0p16_low_weave_p2l_v2,validation,17.837999999999976,18.237999999999975,1,0,0.34703520053434234,0.6529647994656579,1,0,0.48979561335894994,0.5102043866410502,1,1,0.0,1.0
12_low_friction_mu_0p16_low_weave_p2l_v2:0036,12_low_friction_mu_0p16_low_weave_p2l_v2,validation,18.037999999999975,18.437999999999974,1,1,0.0,1.0,1,1,0.002,0.998,1,1,0.0,1.0
12_low_friction_mu_0p16_low_weave_p2l_v2:0037,12_low_friction_mu_0p16_low_weave_p2l_v2,validation,18.237999999999975,18.637999999999973,1,1,0.0,1.0,1,1,0.0,1.0,1,1,0.0,1.0
12_low_friction_mu_0p16_low_weave_p2l_v2:0038,12_low_friction_mu_0p16_low_weave_p2l_v2,validation,18.437999999999974,18.837999999999973,1,1,0.003867183604871098,0.9961328163951289,1,1,0.0,1.0,1,1,0.0,1.0
12_low_friction_mu_0p16_low_weave_p2l_v2:0039,12_low_friction_mu_0p16_low_weave_p2l_v2,validation,18.637999999999973,19.037999999999972,1,1,0.02012073561000263,0.9798792643899974,1,1,0.0029917895041151788,0.9970082104958847,1,1,0.0,1.0
12_low_friction_mu_0p16_low_weave_p2l_v2:0040,12_low_friction_mu_0p16_low_weave_p2l_v2,validation,18.837999999999973,19.23799999999997,1,0,0.8007542860321185,0.19924571396788146,1,1,0.2468644860471858,0.7531355139528142,1,1,0.002,0.998
12_low_friction_mu_0p16_low_weave_p2l_v2:0041,12_low_friction_mu_0p16_low_weave_p2l_v2,validation,19.037999999999972,19.43799999999997,1,0,0.49162727262761896,0.5083727273723812,1,1,0.13161793497621085,0.868382065023789,1,1,0.006,0.994
12_low_friction_mu_0p16_low_weave_p2l_v2:0042,12_low_friction_mu_0p16_low_weave_p2l_v2,validation,19.23799999999997,19.63799999999997,1,1,0.0,1.0,1,1,0.0,1.0,1,1,0.0,1.0
12_low_friction_mu_0p16_low_weave_p2l_v2:0043,12_low_friction_mu_0p16_low_weave_p2l_v2,validation,19.43799999999997,19.83799999999997,1,1,0.0,1.0,1,1,0.0,1.0,1,1,0.0,1.0
12_low_friction_mu_0p16_low_weave_p2l_v2:0044,12_low_friction_mu_0p16_low_weave_p2l_v2,validation,19.63799999999997,20.03799999999997,1,1,0.0,1.0,1,1,0.0,1.0,1,1,0.0,1.0
12_low_friction_mu_0p16_low_weave_p2l_v2:0045,12_low_friction_mu_0p16_low_weave_p2l_v2,validation,19.83799999999997,20.237999999999968,1,1,0.0,1.0,1,1,0.0,1.0,1,1,0.0,1.0
12_low_friction_mu_0p16_low_weave_p2l_v2:0046,12_low_friction_mu_0p16_low_weave_p2l_v2,validation,20.03799999999997,20.437999999999967,1,1,0.011010617804895918,0.9889893821951041,1,1,0.0053192869670470825,0.994680713032953,1,1,0.0,1.0
12_low_friction_mu_0p16_low_weave_p2l_v2:0047,12_low_friction_mu_0p16_low_weave_p2l_v2,validation,20.237999999999968,20.637999999999966,1,1,0.1449817051617179,0.8550182948382823,1,0,0.3212730093571786,0.6787269906428215,1,1,0.018,0.982
12_low_friction_mu_0p16_low_weave_p2l_v2:0048,12_low_friction_mu_0p16_low_weave_p2l_v2,validation,20.437999999999967,20.837999999999965,1,1,0.11877644463480747,0.8812235553651927,1,0,0.38251382228230146,0.6174861777176984,1,1,0.02,0.98
12_low_friction_mu_0p16_low_weave_p2l_v2:0049,12_low_friction_mu_0p16_low_weave_p2l_v2,validation,20.637999999999966,21.037999999999965,1,1,0.0018775510204081633,0.9981224489795918,1,1,0.0,1.0,1,1,0.0,1.0
12_low_friction_mu_0p16_low_weave_p2l_v2:0050,12_low_friction_mu_0p16_low_weave_p2l_v2,validation,20.837999999999965,21.237999999999964,1,1,0.0018775510204081633,0.9981224489795918,1,1,0.0,1.0,1,1,0.0,1.0
12_low_friction_mu_0p16_low_weave_p2l_v2:0051,12_low_friction_mu_0p16_low_weave_p2l_v2,validation,21.037999999999965,21.437999999999963,1,1,0.0,1.0,1,1,0.0,1.0,1,1,0.0,1.0
12_low_friction_mu_0p16_low_weave_p2l_v2:0052,12_low_friction_mu_0p16_low_weave_p2l_v2,validation,21.237999999999964,21.637999999999963,1,1,0.0037716346153846155,0.9962283653846153,1,1,0.12582796496812904,0.8741720350318711,1,1,0.0,1.0
12_low_friction_mu_0p16_low_weave_p2l_v2:0053,12_low_friction_mu_0p16_low_weave_p2l_v2,validation,21.437999999999963,21.837999999999962,1,1,0.009208535539409255,0.9907914644605907,1,1,0.09212383688268447,0.9078761631173158,1,1,0.0,1.0
12_low_friction_mu_0p16_low_weave_p2l_v2:0054,12_low_friction_mu_0p16_low_weave_p2l_v2,validation,21.637999999999963,22.03799999999996,1,1,0.0,1.0,1,1,0.0,1.0,1,1,0.0,1.0
12_low_friction_mu_0p16_low_weave_p2l_v2:0055,12_low_friction_mu_0p16_low_weave_p2l_v2,validation,21.837999999999962,22.23799999999996,1,1,0.0,1.0,1,1,0.0,1.0,1,1,0.0,1.0
12_low_friction_mu_0p16_low_weave_p2l_v2:0056,12_low_friction_mu_0p16_low_weave_p2l_v2,validation,22.03799999999996,22.43799999999996,1,1,0.0,1.0,1,1,0.0,1.0,1,1,0.0,1.0
12_low_friction_mu_0p16_low_weave_p2l_v2:0057,12_low_friction_mu_0p16_low_weave_p2l_v2,validation,22.23799999999996,22.63799999999996,1,1,0.02344727035879037,0.9765527296412094,1,1,0.0,1.0,1,1,0.0,1.0
12_low_friction_mu_0p16_low_weave_p2l_v2:0058,12_low_friction_mu_0p16_low_weave_p2l_v2,validation,22.43799999999996,22.83799999999996,1,1,0.0,1.0,1,1,0.0,1.0,1,1,0.0,1.0
12_low_friction_mu_0p16_low_weave_p2l_v2:0059,12_low_friction_mu_0p16_low_weave_p2l_v2,validation,22.63799999999996,23.037999999999958,1,1,0.08419818398596753,0.9158018160140325,1,1,0.0,1.0,1,1,0.0,1.0
12_low_friction_mu_0p16_low_weave_p2l_v2:0060,12_low_friction_mu_0p16_low_weave_p2l_v2,validation,22.83799999999996,23.237999999999957,1,0,0.2008175426786626,0.7991824573213373,1,1,0.0017716346153846155,0.9982283653846153,1,1,0.0,1.0
12_low_friction_mu_0p16_low_weave_p2l_v2:0061,12_low_friction_mu_0p16_low_weave_p2l_v2,validation,23.037999999999958,23.437999999999956,1,1,0.0,1.0,1,1,0.0,1.0,1,1,0.0,1.0
12_low_friction_mu_0p16_low_weave_p2l_v2:0062,12_low_friction_mu_0p16_low_weave_p2l_v2,validation,23.237999999999957,23.637999999999955,1,1,0.0,1.0,1,1,0.0,1.0,1,1,0.0,1.0
12_low_friction_mu_0p16_low_weave_p2l_v2:0063,12_low_friction_mu_0p16_low_weave_p2l_v2,validation,23.437999999999956,23.837999999999955,1,1,0.0,1.0,1,1,0.0,1.0,1,1,0.0,1.0
12_low_friction_mu_0p16_low_weave_p2l_v2:0064,12_low_friction_mu_0p16_low_weave_p2l_v2,validation,23.637999999999955,24.037999999999954,1,1,0.0,1.0,1,1,0.0,1.0,1,1,0.0,1.0
12_low_friction_mu_0p16_low_weave_p2l_v2:0065,12_low_friction_mu_0p16_low_weave_p2l_v2,validation,23.837999999999955,24.237999999999953,1,1,0.005436317359111477,0.9945636826408885,1,1,0.0,1.0,1,1,0.0,1.0
12_low_friction_mu_0p16_low_weave_p2l_v2:0066,12_low_friction_mu_0p16_low_weave_p2l_v2,validation,24.037999999999954,24.437999999999953,1,1,0.009363226818142594,0.9906367731818574,1,1,0.0,1.0,1,1,0.0,1.0
12_low_friction_mu_0p16_low_weave_p2l_v2:0067,12_low_friction_mu_0p16_low_weave_p2l_v2,validation,24.237999999999953,24.637999999999952,1,1,0.0017280550774526678,0.9982719449225473,1,1,0.0,1.0,1,1,0.0,1.0
12_low_friction_mu_0p16_low_weave_p2l_v2:0068,12_low_friction_mu_0p16_low_weave_p2l_v2,validation,24.437999999999953,24.83799999999995,1,1,0.0038125,0.9961875,1,1,0.0018693982074263766,0.9981306017925736,1,1,0.0,1.0
12_low_friction_mu_0p16_low_weave_p2l_v2:0069,12_low_friction_mu_0p16_low_weave_p2l_v2,validation,24.637999999999952,25.03799999999995,1,1,0.0,1.0,1,1,0.0,1.0,1,1,0.0,1.0
12_low_friction_mu_0p16_low_weave_p2l_v2:0070,12_low_friction_mu_0p16_low_weave_p2l_v2,validation,24.83799999999995,25.23799999999995,0,0,0.9675933079145398,0.03240669208546011,1,1,0.018103560090381575,0.9818964399096186,1,1,0.0,1.0
12_low_friction_mu_0p16_low_weave_p2l_v2:0071,12_low_friction_mu_0p16_low_weave_p2l_v2,validation,25.03799999999995,25.43799999999995,0,0,0.9816490761634447,0.018350923836555257,1,1,0.004880585815918185,0.995119414184082,1,1,0.0,1.0
12_low_friction_mu_0p16_low_weave_p2l_v2:0072,12_low_friction_mu_0p16_low_weave_p2l_v2,validation,25.23799999999995,25.63799999999995,1,1,0.023761947656301612,0.9762380523436983,1,1,0.00154419595314164,0.9984558040468584,1,1,0.0,1.0
12_low_friction_mu_0p16_low_weave_p2l_v2:0073,12_low_friction_mu_0p16_low_weave_p2l_v2,validation,25.43799999999995,25.837999999999948,1,1,0.007144230769230769,0.9928557692307692,1,1,0.0,1.0,1,1,0.0,1.0
12_low_friction_mu_0p16_low_weave_p2l_v2:0074,12_low_friction_mu_0p16_low_weave_p2l_v2,validation,25.63799999999995,26.037999999999947,0,0,0.9170324401020746,0.08296755989792526,0,0,0.9299869825752931,0.070013017424707,1,1,0.0,1.0
12_low_friction_mu_0p16_low_weave_p2l_v2:0075,12_low_friction_mu_0p16_low_weave_p2l_v2,validation,25.837999999999948,26.237999999999946,0,0,0.9744414593992132,0.025558540600786706,0,0,0.9602701171682085,0.03972988283179137,1,1,0.0,1.0
12_low_friction_mu_0p16_low_weave_p2l_v2:0076,12_low_friction_mu_0p16_low_weave_p2l_v2,validation,26.037999999999947,26.437999999999946,0,0,0.934066594082272,0.06593340591772785,0,0,0.9335364716997209,0.06646352830027928,1,1,0.0,1.0
12_low_friction_mu_0p16_low_weave_p2l_v2:0077,12_low_friction_mu_0p16_low_weave_p2l_v2,validation,26.237999999999946,26.637999999999945,1,1,0.014606854789482425,0.9853931452105176,0,0,0.8737375103859932,0.126262489614007,1,1,0.007799073111573112,0.9922009268884269
12_low_friction_mu_0p16_low_weave_p2l_v2:0078,12_low_friction_mu_0p16_low_weave_p2l_v2,validation,26.437999999999946,26.837999999999944,1,1,0.016502928585702993,0.983497071414297,1,1,0.14045739011650948,0.8595426098834906,1,1,0.002,0.998
12_low_friction_mu_0p16_low_weave_p2l_v2:0079,12_low_friction_mu_0p16_low_weave_p2l_v2,validation,26.637999999999945,27.037999999999943,0,0,0.1943720547264316,0.8056279452735684,1,0,0.7441394013341328,0.25586059866586724,1,1,0.0,1.0
12_low_friction_mu_0p16_low_weave_p2l_v2:0080,12_low_friction_mu_0p16_low_weave_p2l_v2,validation,26.837999999999944,27.237999999999943,0,0,0.836821682635034,0.1631783173649657,1,0,0.8364564952542567,0.16354350474574367,1,1,0.0,1.0
12_low_friction_mu_0p16_low_weave_p2l_v2:0081,12_low_friction_mu_0p16_low_weave_p2l_v2,validation,27.037999999999943,27.437999999999942,1,0,0.8070015389659,0.1929984610340999,1,1,0.1473816394029749,0.8526183605970251,1,1,0.0,1.0
12_low_friction_mu_0p16_low_weave_p2l_v2:0082,12_low_friction_mu_0p16_low_weave_p2l_v2,validation,27.237999999999943,27.63799999999994,1,1,0.0,1.0,1,1,0.0,1.0,1,1,0.0,1.0
12_low_friction_mu_0p16_low_weave_p2l_v2:0083,12_low_friction_mu_0p16_low_weave_p2l_v2,validation,27.437999999999942,27.83799999999994,1,1,0.0,1.0,1,1,0.0,1.0,1,1,0.0,1.0
12_low_friction_mu_0p16_low_weave_p2l_v2:0084,12_low_friction_mu_0p16_low_weave_p2l_v2,validation,27.63799999999994,28.03799999999994,1,1,0.001496,0.9985040000000001,1,1,0.0017283653846153846,0.9982716346153846,1,1,0.0,1.0
12_low_friction_mu_0p16_low_weave_p2l_v2:0085,12_low_friction_mu_0p16_low_weave_p2l_v2,validation,27.83799999999994,28.23799999999994,0,0,0.9784413818486184,0.021558618151381506,0,0,0.9929781640109563,0.007021835989043642,1,1,0.0,1.0
12_low_friction_mu_0p16_low_weave_p2l_v2:0086,12_low_friction_mu_0p16_low_weave_p2l_v2,validation,28.03799999999994,28.43799999999994,0,0,0.9359124710525453,0.0640875289474547,0,0,0.9586192687468541,0.04138073125314585,1,1,0.0,1.0
12_low_friction_mu_0p16_low_weave_p2l_v2:0087,12_low_friction_mu_0p16_low_weave_p2l_v2,validation,28.23799999999994,28.637999999999938,1,1,0.0883006244038186,0.9116993755961815,0,0,0.9592243035703895,0.040775696429610514,1,1,0.0,1.0
12_low_friction_mu_0p16_low_weave_p2l_v2:0088,12_low_friction_mu_0p16_low_weave_p2l_v2,validation,28.43799999999994,28.837999999999937,1,1,0.010983797552775485,0.9890162024472244,0,0,0.7975766550232294,0.2024233449767705,1,1,0.0038423423423423423,0.9961576576576576
12_low_friction_mu_0p16_low_weave_p2l_v2:0089,12_low_friction_mu_0p16_low_weave_p2l_v2,validation,28.637999999999938,29.037999999999936,1,1,0.0,1.0,1,1,0.0,1.0,1,1,0.0,1.0
12_low_friction_mu_0p16_low_weave_p2l_v2:0090,12_low_friction_mu_0p16_low_weave_p2l_v2,validation,28.837999999999937,29.237999999999936,0,0,0.5327496861191409,0.4672503138808592,0,0,0.6740285849398396,0.3259714150601603,1,1,0.0,1.0
12_low_friction_mu_0p16_low_weave_p2l_v2:0091,12_low_friction_mu_0p16_low_weave_p2l_v2,validation,29.037999999999936,29.437999999999935,0,0,0.37946172041755005,0.6205382795824499,0,0,0.4965692747826002,0.5034307252173998,1,1,0.0,1.0
12_low_friction_mu_0p16_low_weave_p2l_v2:0092,12_low_friction_mu_0p16_low_weave_p2l_v2,validation,29.237999999999936,29.637999999999934,1,1,0.00178125,0.99821875,1,1,0.0,1.0,1,1,0.0,1.0
12_low_friction_mu_0p16_low_weave_p2l_v2:0093,12_low_friction_mu_0p16_low_weave_p2l_v2,validation,29.437999999999935,29.837999999999933,1,1,0.0,1.0,1,1,0.0,1.0,1,1,0.0,1.0
12_low_friction_mu_0p16_low_weave_p2l_v2:0094,12_low_friction_mu_0p16_low_weave_p2l_v2,validation,29.637999999999934,30.037999999999933,1,1,0.007208085062850739,0.9927919149371494,1,1,0.0,1.0,1,1,0.0,1.0
12_low_friction_mu_0p16_low_weave_p2l_v2:0095,12_low_friction_mu_0p16_low_weave_p2l_v2,validation,29.837999999999933,30.237999999999932,1,1,0.0,1.0,1,1,0.0,1.0,1,1,0.0,1.0
12_low_friction_mu_0p16_low_weave_p2l_v2:0096,12_low_friction_mu_0p16_low_weave_p2l_v2,validation,30.037999999999933,30.43799999999993,1,1,0.0,1.0,1,1,0.0,1.0,1,1,0.0,1.0
12_low_friction_mu_0p16_low_weave_p2l_v2:0097,12_low_friction_mu_0p16_low_weave_p2l_v2,validation,30.237999999999932,30.63799999999993,0,0,0.9488845978302263,0.051115402169773755,1,1,0.0054423076923076925,0.9945576923076923,1,1,0.0,1.0
12_low_friction_mu_0p16_low_weave_p2l_v2:0098,12_low_friction_mu_0p16_low_weave_p2l_v2,validation,30.43799999999993,30.83799999999993,0,0,0.9562212163041038,0.04377878369589632,1,1,0.0,1.0,1,1,0.0,1.0
12_low_friction_mu_0p16_low_weave_p2l_v2:0099,12_low_friction_mu_0p16_low_weave_p2l_v2,validation,30.63799999999993,31.03799999999993,1,0,0.41131542105798474,0.5886845789420155,1,1,0.004,0.996,1,1,0.0,1.0
12_low_friction_mu_0p16_low_weave_p2l_v2:0100,12_low_friction_mu_0p16_low_weave_p2l_v2,validation,30.83799999999993,31.23799999999993,1,1,0.020027237205481174,0.979972762794519,1,1,0.0,1.0,1,1,0.0,1.0
12_low_friction_mu_0p16_low_weave_p2l_v2:0101,12_low_friction_mu_0p16_low_weave_p2l_v2,validation,31.03799999999993,31.437999999999928,1,0,0.21789715619658054,0.7821028438034197,1,1,0.0,1.0,1,1,0.0,1.0
12_low_friction_mu_0p16_low_weave_p2l_v2:0102,12_low_friction_mu_0p16_low_weave_p2l_v2,validation,31.23799999999993,31.637999999999927,1,1,0.013074678100335893,0.986925321899664,1,1,0.0,1.0,1,1,0.0,1.0
12_low_friction_mu_0p16_low_weave_p2l_v2:0103,12_low_friction_mu_0p16_low_weave_p2l_v2,validation,31.437999999999928,31.837999999999926,1,1,0.0018896639188332276,0.9981103360811668,1,1,0.0,1.0,1,1,0.0,1.0
12_low_friction_mu_0p16_low_weave_p2l_v2:0104,12_low_friction_mu_0p16_low_weave_p2l_v2,validation,31.637999999999927,32.037999999999926,1,1,0.003534789877212198,0.9964652101227878,1,1,0.0,1.0,1,1,0.0,1.0
12_low_friction_mu_0p16_low_weave_p2l_v2:0105,12_low_friction_mu_0p16_low_weave_p2l_v2,validation,31.837999999999926,32.23799999999993,1,1,0.0,1.0,1,1,0.0,1.0,1,1,0.0,1.0
12_low_friction_mu_0p16_low_weave_p2l_v2:0106,12_low_friction_mu_0p16_low_weave_p2l_v2,validation,32.037999999999926,32.437999999999924,1,1,0.005622099398662844,0.9943779006013371,1,1,0.0,1.0,1,1,0.0,1.0
12_low_friction_mu_0p16_low_weave_p2l_v2:0107,12_low_friction_mu_0p16_low_weave_p2l_v2,validation,32.23799999999993,32.63799999999993,1,1,0.0,1.0,1,1,0.0,1.0,1,1,0.0,1.0
12_low_friction_mu_0p16_low_weave_p2l_v2:0108,12_low_friction_mu_0p16_low_weave_p2l_v2,validation,32.437999999999924,32.83799999999992,1,1,0.0033991228070175436,0.9966008771929825,1,1,0.0,1.0,1,1,0.001943127962085308,0.9980568720379147
12_low_friction_mu_0p16_low_weave_p2l_v2:0109,12_low_friction_mu_0p16_low_weave_p2l_v2,validation,32.63799999999992,33.03799999999992,1,1,0.021558504613604243,0.9784414953863958,1,1,0.0,1.0,1,1,0.0,1.0
12_low_friction_mu_0p16_low_weave_p2l_v2:0110,12_low_friction_mu_0p16_low_weave_p2l_v2,validation,32.83799999999992,33.23799999999992,0,0,0.6384599712814358,0.36154002871856367,1,1,0.0017211538461538462,0.9982788461538462,1,1,0.0,1.0
12_low_friction_mu_0p16_low_weave_p2l_v2:0111,12_low_friction_mu_0p16_low_weave_p2l_v2,validation,33.037999999999926,33.437999999999924,0,0,0.6653530816052563,0.33464691839474314,1,1,0.0,1.0,1,1,0.0,1.0
13_low_friction_mu_0p10_variable_s_p2l_v2:0000,13_low_friction_mu_0p10_variable_s_p2l_v2,train,13.26,13.66,1,1,0.0,1.0,1,1,0.0,1.0,1,1,0.0,1.0
13_low_friction_mu_0p10_variable_s_p2l_v2:0001,13_low_friction_mu_0p10_variable_s_p2l_v2,train,13.459999999999999,13.86,1,1,0.0,1.0,1,1,0.0,1.0,1,1,0.0,1.0
13_low_friction_mu_0p10_variable_s_p2l_v2:0002,13_low_friction_mu_0p10_variable_s_p2l_v2,train,13.659999999999998,14.059999999999999,1,1,0.0,1.0,1,1,0.0,1.0,1,1,0.0,1.0
13_low_friction_mu_0p10_variable_s_p2l_v2:0003,13_low_friction_mu_0p10_variable_s_p2l_v2,train,13.859999999999998,14.259999999999998,1,1,0.0,1.0,1,1,0.0,1.0,1,1,0.0,1.0
13_low_friction_mu_0p10_variable_s_p2l_v2:0004,13_low_friction_mu_0p10_variable_s_p2l_v2,train,14.059999999999997,14.459999999999997,1,1,0.0,1.0,1,1,0.00154419595314164,0.9984558040468584,1,1,0.0,1.0
13_low_friction_mu_0p10_variable_s_p2l_v2:0005,13_low_friction_mu_0p10_variable_s_p2l_v2,train,14.259999999999996,14.659999999999997,1,1,0.0017355769230769228,0.9982644230769231,1,1,0.0,1.0,1,1,0.0,1.0
13_low_friction_mu_0p10_variable_s_p2l_v2:0006,13_low_friction_mu_0p10_variable_s_p2l_v2,train,14.459999999999996,14.859999999999996,1,1,0.0,1.0,1,1,0.0,1.0,1,1,0.0,1.0
13_low_friction_mu_0p10_variable_s_p2l_v2:0007,13_low_friction_mu_0p10_variable_s_p2l_v2,train,14.659999999999995,15.059999999999995,1,1,0.0,1.0,1,1,0.0,1.0,1,1,0.0,1.0
13_low_friction_mu_0p10_variable_s_p2l_v2:0008,13_low_friction_mu_0p10_variable_s_p2l_v2,train,14.859999999999994,15.259999999999994,1,1,0.0,1.0,1,1,0.0,1.0,1,1,0.0,1.0
13_low_friction_mu_0p10_variable_s_p2l_v2:0009,13_low_friction_mu_0p10_variable_s_p2l_v2,train,15.059999999999993,15.459999999999994,1,1,0.0,1.0,1,1,0.0,1.0,1,1,0.0,1.0
13_low_friction_mu_0p10_variable_s_p2l_v2:0010,13_low_friction_mu_0p10_variable_s_p2l_v2,train,15.259999999999993,15.659999999999993,1,1,0.0,1.0,1,1,0.0,1.0,1,1,0.0,1.0
13_low_friction_mu_0p10_variable_s_p2l_v2:0011,13_low_friction_mu_0p10_variable_s_p2l_v2,train,15.459999999999992,15.859999999999992,1,1,0.003690144688063997,0.996309855311936,1,1,0.0,1.0,1,1,0.0,1.0
13_low_friction_mu_0p10_variable_s_p2l_v2:0012,13_low_friction_mu_0p10_variable_s_p2l_v2,train,15.659999999999991,16.05999999999999,1,1,0.0,1.0,1,1,0.0,1.0,1,1,0.0,1.0
13_low_friction_mu_0p10_variable_s_p2l_v2:0013,13_low_friction_mu_0p10_variable_s_p2l_v2,train,15.85999999999999,16.25999999999999,1,1,0.0,1.0,1,1,0.0,1.0,1,1,0.0,1.0
13_low_friction_mu_0p10_variable_s_p2l_v2:0014,13_low_friction_mu_0p10_variable_s_p2l_v2,train,16.059999999999988,16.459999999999987,1,1,0.0017620192307692308,0.9982379807692308,1,1,0.0,1.0,1,1,0.0,1.0
13_low_friction_mu_0p10_variable_s_p2l_v2:0015,13_low_friction_mu_0p10_variable_s_p2l_v2,train,16.25999999999999,16.65999999999999,1,1,0.0017620192307692308,0.9982379807692308,1,1,0.0,1.0,1,1,0.0,1.0
13_low_friction_mu_0p10_variable_s_p2l_v2:0016,13_low_friction_mu_0p10_variable_s_p2l_v2,train,16.459999999999987,16.859999999999985,1,1,0.007091413355339211,0.9929085866446609,1,1,0.0,1.0,1,1,0.0,1.0
13_low_friction_mu_0p10_variable_s_p2l_v2:0017,13_low_friction_mu_0p10_variable_s_p2l_v2,train,16.65999999999999,17.059999999999988,1,1,0.0019157254561251085,0.9980842745438749,1,1,0.0,1.0,1,1,0.0,1.0
13_low_friction_mu_0p10_variable_s_p2l_v2:0018,13_low_friction_mu_0p10_variable_s_p2l_v2,train,16.859999999999985,17.259999999999984,1,1,0.0,1.0,1,1,0.0,1.0,1,1,0.0,1.0
13_low_friction_mu_0p10_variable_s_p2l_v2:0019,13_low_friction_mu_0p10_variable_s_p2l_v2,train,17.059999999999988,17.459999999999987,1,1,0.0,1.0,1,1,0.0,1.0,1,1,0.0,1.0
13_low_friction_mu_0p10_variable_s_p2l_v2:0020,13_low_friction_mu_0p10_variable_s_p2l_v2,train,17.259999999999984,17.659999999999982,1,1,0.0,1.0,1,1,0.0,1.0,1,1,0.0,1.0
13_low_friction_mu_0p10_variable_s_p2l_v2:0021,13_low_friction_mu_0p10_variable_s_p2l_v2,train,17.459999999999987,17.859999999999985,1,1,0.1342048408871867,0.8657951591128134,1,1,0.0,1.0,1,1,0.0,1.0
13_low_friction_mu_0p10_variable_s_p2l_v2:0022,13_low_friction_mu_0p10_variable_s_p2l_v2,train,17.659999999999982,18.05999999999998,1,1,0.18839865561229985,0.8116013443877006,1,1,0.0,1.0,1,1,0.0,1.0
13_low_friction_mu_0p10_variable_s_p2l_v2:0023,13_low_friction_mu_0p10_variable_s_p2l_v2,train,17.859999999999985,18.259999999999984,1,1,0.002,0.998,1,1,0.0,1.0,1,1,0.0,1.0
13_low_friction_mu_0p10_variable_s_p2l_v2:0024,13_low_friction_mu_0p10_variable_s_p2l_v2,train,18.05999999999998,18.45999999999998,1,1,0.0,1.0,1,1,0.0,1.0,1,1,0.0,1.0
13_low_friction_mu_0p10_variable_s_p2l_v2:0025,13_low_friction_mu_0p10_variable_s_p2l_v2,train,18.259999999999984,18.659999999999982,1,1,0.0,1.0,1,1,0.0,1.0,1,1,0.0,1.0
13_low_friction_mu_0p10_variable_s_p2l_v2:0026,13_low_friction_mu_0p10_variable_s_p2l_v2,train,18.45999999999998,18.859999999999978,1,1,0.0,1.0,1,1,0.0,1.0,1,1,0.0,1.0
13_low_friction_mu_0p10_variable_s_p2l_v2:0027,13_low_friction_mu_0p10_variable_s_p2l_v2,train,18.659999999999982,19.05999999999998,1,1,0.0,1.0,1,1,0.0,1.0,1,1,0.0,1.0
13_low_friction_mu_0p10_variable_s_p2l_v2:0028,13_low_friction_mu_0p10_variable_s_p2l_v2,train,18.859999999999978,19.259999999999977,1,1,0.0,1.0,1,1,0.0,1.0,1,1,0.0,1.0
13_low_friction_mu_0p10_variable_s_p2l_v2:0029,13_low_friction_mu_0p10_variable_s_p2l_v2,train,19.05999999999998,19.45999999999998,1,1,0.0,1.0,1,1,0.0,1.0,1,1,0.0,1.0
13_low_friction_mu_0p10_variable_s_p2l_v2:0030,13_low_friction_mu_0p10_variable_s_p2l_v2,train,19.259999999999977,19.659999999999975,1,1,0.0,1.0,1,1,0.0,1.0,1,1,0.0,1.0
13_low_friction_mu_0p10_variable_s_p2l_v2:0031,13_low_friction_mu_0p10_variable_s_p2l_v2,train,19.45999999999998,19.859999999999978,1,1,0.0,1.0,1,1,0.0,1.0,1,1,0.0,1.0
13_low_friction_mu_0p10_variable_s_p2l_v2:0032,13_low_friction_mu_0p10_variable_s_p2l_v2,train,19.659999999999975,20.059999999999974,1,1,0.0,1.0,1,1,0.0,1.0,1,1,0.0,1.0
13_low_friction_mu_0p10_variable_s_p2l_v2:0033,13_low_friction_mu_0p10_variable_s_p2l_v2,train,19.859999999999978,20.259999999999977,1,1,0.0035625,0.9964375,1,1,0.0,1.0,1,1,0.0,1.0
13_low_friction_mu_0p10_variable_s_p2l_v2:0034,13_low_friction_mu_0p10_variable_s_p2l_v2,train,20.059999999999974,20.459999999999972,1,1,0.0034960000000000004,0.9965040000000001,1,1,0.0,1.0,1,1,0.0,1.0
13_low_friction_mu_0p10_variable_s_p2l_v2:0035,13_low_friction_mu_0p10_variable_s_p2l_v2,train,20.259999999999977,20.659999999999975,0,0,0.9412340529525152,0.058765947047484814,1,1,0.0,1.0,1,1,0.0,1.0
13_low_friction_mu_0p10_variable_s_p2l_v2:0036,13_low_friction_mu_0p10_variable_s_p2l_v2,train,20.459999999999972,20.85999999999997,0,0,0.8652521952445382,0.1347478047554615,1,1,0.004717751042576717,0.9952822489574232,1,1,0.0,1.0
13_low_friction_mu_0p10_variable_s_p2l_v2:0037,13_low_friction_mu_0p10_variable_s_p2l_v2,train,20.659999999999975,21.059999999999974,1,1,0.00511735952720136,0.9948826404727987,1,1,0.0,1.0,1,1,0.0,1.0
13_low_friction_mu_0p10_variable_s_p2l_v2:0038,13_low_friction_mu_0p10_variable_s_p2l_v2,train,20.85999999999997,21.25999999999997,1,1,0.00337442502299908,0.996625574977001,1,1,0.0,1.0,1,1,0.0,1.0
13_low_friction_mu_0p10_variable_s_p2l_v2:0039,13_low_friction_mu_0p10_variable_s_p2l_v2,train,21.059999999999974,21.459999999999972,1,1,0.0014280155642023347,0.9985719844357978,1,1,0.0,1.0,1,1,0.0,1.0
13_low_friction_mu_0p10_variable_s_p2l_v2:0040,13_low_friction_mu_0p10_variable_s_p2l_v2,train,21.25999999999997,21.659999999999968,1,1,0.0014280155642023347,0.9985719844357978,1,1,0.0,1.0,1,1,0.0,1.0
13_low_friction_mu_0p10_variable_s_p2l_v2:0041,13_low_friction_mu_0p10_variable_s_p2l_v2,train,21.459999999999972,21.85999999999997,1,1,0.0038125,0.9961875,1,1,0.0,1.0,1,1,0.0,1.0
13_low_friction_mu_0p10_variable_s_p2l_v2:0042,13_low_friction_mu_0p10_variable_s_p2l_v2,train,21.659999999999968,22.059999999999967,0,0,0.8903339563046668,0.10966604369533335,1,1,0.01896393791868651,0.9810360620813137,1,1,0.0,1.0
13_low_friction_mu_0p10_variable_s_p2l_v2:0043,13_low_friction_mu_0p10_variable_s_p2l_v2,train,21.85999999999997,22.25999999999997,0,0,0.981608789901163,0.018391210098837093,1,1,0.014339720431302801,0.9856602795686972,1,1,0.0,1.0
13_low_friction_mu_0p10_variable_s_p2l_v2:0044,13_low_friction_mu_0p10_variable_s_p2l_v2,train,22.059999999999967,22.459999999999965,0,0,0.8530161434231436,0.14698385657685648,1,1,0.0,1.0,1,1,0.0,1.0
13_low_friction_mu_0p10_variable_s_p2l_v2:0045,13_low_friction_mu_0p10_variable_s_p2l_v2,train,22.25999999999997,22.659999999999968,1,1,0.0,1.0,1,1,0.0017283653846153846,0.9982716346153846,1,1,0.0,1.0
13_low_friction_mu_0p10_variable_s_p2l_v2:0046,13_low_friction_mu_0p10_variable_s_p2l_v2,train,22.459999999999965,22.859999999999964,1,1,0.0,1.0,1,1,0.0,1.0,1,1,0.0,1.0
13_low_friction_mu_0p10_variable_s_p2l_v2:0047,13_low_friction_mu_0p10_variable_s_p2l_v2,train,22.659999999999968,23.059999999999967,0,0,0.99702756646294,0.0029724335370600726,0,0,0.9973391871581333,0.002660812841866654,1,1,0.001943127962085308,0.9980568720379147
13_low_friction_mu_0p10_variable_s_p2l_v2:0048,13_low_friction_mu_0p10_variable_s_p2l_v2,train,22.859999999999964,23.259999999999962,0,0,0.9925456730769231,0.007454326923076923,0,0,0.9972653344030067,0.0027346655969932294,1,1,0.0,1.0
13_low_friction_mu_0p10_variable_s_p2l_v2:0049,13_low_friction_mu_0p10_variable_s_p2l_v2,train,23.059999999999967,23.459999999999965,0,0,0.9582715629023922,0.041728437097607755,0,0,0.9906933700825891,0.00930662991741105,1,1,0.0,1.0
13_low_friction_mu_0p10_variable_s_p2l_v2:0050,13_low_friction_mu_0p10_variable_s_p2l_v2,train,23.259999999999962,23.65999999999996,0,0,0.9826563917621474,0.017343608237852626,0,0,0.983409533296105,0.016590466703895048,1,1,0.0,1.0
13_low_friction_mu_0p10_variable_s_p2l_v2:0051,13_low_friction_mu_0p10_variable_s_p2l_v2,train,23.459999999999965,23.859999999999964,0,0,0.9932437990625335,0.0067562009374667175,0,0,0.997221153846154,0.002778846153846154,1,1,0.0,1.0
13_low_friction_mu_0p10_variable_s_p2l_v2:0052,13_low_friction_mu_0p10_variable_s_p2l_v2,train,23.65999999999996,24.05999999999996,0,0,0.9941333371866642,0.00586666281333581,0,0,0.984710478140614,0.01528952185938617,1,1,0.0,1.0
13_low_friction_mu_0p10_variable_s_p2l_v2:0053,13_low_friction_mu_0p10_variable_s_p2l_v2,train,23.859999999999964,24.259999999999962,0,0,0.7786124959682613,0.2213875040317385,1,1,0.0017716346153846155,0.9982283653846153,1,1,0.0,1.0
13_low_friction_mu_0p10_variable_s_p2l_v2:0054,13_low_friction_mu_0p10_variable_s_p2l_v2,train,24.05999999999996,24.459999999999958,1,1,0.0,1.0,1,1,0.0,1.0,1,1,0.0,1.0
13_low_friction_mu_0p10_variable_s_p2l_v2:0055,13_low_friction_mu_0p10_variable_s_p2l_v2,train,24.259999999999962,24.65999999999996,1,1,0.0,1.0,1,1,0.0,1.0,1,1,0.0,1.0
13_low_friction_mu_0p10_variable_s_p2l_v2:0056,13_low_friction_mu_0p10_variable_s_p2l_v2,train,24.459999999999958,24.859999999999957,1,1,0.007144230769230769,0.9928557692307692,1,1,0.0,1.0,1,1,0.0,1.0
13_low_friction_mu_0p10_variable_s_p2l_v2:0057,13_low_friction_mu_0p10_variable_s_p2l_v2,train,24.65999999999996,25.05999999999996,1,1,0.0,1.0,1,1,0.0036286858974358977,0.9963713141025641,1,1,0.0,1.0
13_low_friction_mu_0p10_variable_s_p2l_v2:0058,13_low_friction_mu_0p10_variable_s_p2l_v2,train,24.859999999999957,25.259999999999955,0,0,0.761547827469475,0.23845217253052456,0,0,0.852712856419417,0.14728714358058295,1,1,0.0,1.0
13_low_friction_mu_0p10_variable_s_p2l_v2:0059,13_low_friction_mu_0p10_variable_s_p2l_v2,train,25.05999999999996,25.459999999999958,0,0,0.9915587710391207,0.00844122896087915,0,0,0.9982678063142189,0.0017321936857811683,1,1,0.001943127962085308,0.9980568720379147
13_low_friction_mu_0p10_variable_s_p2l_v2:0060,13_low_friction_mu_0p10_variable_s_p2l_v2,train,25.259999999999955,25.659999999999954,0,0,0.976789477191528,0.02321052280847204,0,0,0.9904435979559629,0.009556402044037059,1,1,0.0,1.0
13_low_friction_mu_0p10_variable_s_p2l_v2:0061,13_low_friction_mu_0p10_variable_s_p2l_v2,train,25.459999999999958,25.859999999999957,0,0,0.9611873864410989,0.03881261355890107,0,0,0.9793380845081233,0.020661915491876837,1,1,0.0,1.0
13_low_friction_mu_0p10_variable_s_p2l_v2:0062,13_low_friction_mu_0p10_variable_s_p2l_v2,train,25.659999999999954,26.059999999999953,0,0,0.9136818124438166,0.08631818755618331,0,0,0.9724361871096695,0.027563812890330636,1,1,0.0,1.0
13_low_friction_mu_0p10_variable_s_p2l_v2:0063,13_low_friction_mu_0p10_variable_s_p2l_v2,train,25.859999999999957,26.259999999999955,0,0,0.984209737674989,0.015790262325011052,0,0,0.9995024038461539,0.0004975961538461539,1,1,0.0,1.0
13_low_friction_mu_0p10_variable_s_p2l_v2:0064,13_low_friction_mu_0p10_variable_s_p2l_v2,train,26.059999999999953,26.45999999999995,0,0,0.9922220350370279,0.00777796496297183,0,0,0.9285011175695493,0.07149888243045063,1,1,0.0,1.0
13_low_friction_mu_0p10_variable_s_p2l_v2:0065,13_low_friction_mu_0p10_variable_s_p2l_v2,train,26.259999999999955,26.659999999999954,1,1,0.010520961034430277,0.9894790389655698,1,1,0.0,1.0,1,1,0.0,1.0
13_low_friction_mu_0p10_variable_s_p2l_v2:0066,13_low_friction_mu_0p10_variable_s_p2l_v2,train,26.45999999999995,26.85999999999995,1,1,0.0,1.0,1,1,0.0,1.0,1,1,0.0,1.0
13_low_friction_mu_0p10_variable_s_p2l_v2:0067,13_low_friction_mu_0p10_variable_s_p2l_v2,train,26.659999999999954,27.059999999999953,0,0,0.8383585599598639,0.16164144004013564,1,1,0.001536663124335813,0.9984633368756641,1,1,0.0,1.0
13_low_friction_mu_0p10_variable_s_p2l_v2:0068,13_low_friction_mu_0p10_variable_s_p2l_v2,train,26.85999999999995,27.25999999999995,0,0,0.9521406462261928,0.04785935377380711,1,1,0.002,0.998,1,1,0.0,1.0
13_low_friction_mu_0p10_variable_s_p2l_v2:0069,13_low_friction_mu_0p10_variable_s_p2l_v2,train,27.059999999999953,27.45999999999995,0,0,0.9317275633978108,0.06827243660218905,1,1,0.004,0.996,1,1,0.0,1.0
13_low_friction_mu_0p10_variable_s_p2l_v2:0070,13_low_friction_mu_0p10_variable_s_p2l_v2,train,27.25999999999995,27.659999999999947,0,0,0.7956918142414274,0.2043081857585724,1,1,0.0034423076923076924,0.9965576923076923,1,1,0.0,1.0
13_low_friction_mu_0p10_variable_s_p2l_v2:0071,13_low_friction_mu_0p10_variable_s_p2l_v2,train,27.45999999999995,27.85999999999995,1,1,0.03154050120952627,0.9684594987904738,1,1,0.0033469321677189576,0.996653067832281,1,1,0.0,1.0
13_low_friction_mu_0p10_variable_s_p2l_v2:0072,13_low_friction_mu_0p10_variable_s_p2l_v2,train,27.659999999999947,28.059999999999945,0,0,0.8685030802483422,0.1314969197516579,1,1,0.0,1.0,1,1,0.0,1.0
13_low_friction_mu_0p10_variable_s_p2l_v2:0073,13_low_friction_mu_0p10_variable_s_p2l_v2,train,27.85999999999995,28.25999999999995,0,0,0.9660667966065906,0.03393320339340977,1,1,0.0,1.0,1,1,0.0,1.0
13_low_friction_mu_0p10_variable_s_p2l_v2:0074,13_low_friction_mu_0p10_variable_s_p2l_v2,train,28.059999999999945,28.459999999999944,0,0,0.6753535831821099,0.3246464168178896,1,1,0.0,1.0,1,1,0.0,1.0
13_low_friction_mu_0p10_variable_s_p2l_v2:0075,13_low_friction_mu_0p10_variable_s_p2l_v2,train,28.25999999999995,28.659999999999947,1,1,0.0,1.0,1,1,0.0,1.0,1,1,0.0,1.0
13_low_friction_mu_0p10_variable_s_p2l_v2:0076,13_low_friction_mu_0p10_variable_s_p2l_v2,train,28.459999999999944,28.859999999999943,1,1,0.01241702513690416,0.9875829748630959,1,1,0.007062417108753316,0.9929375828912468,1,1,0.0,1.0
13_low_friction_mu_0p10_variable_s_p2l_v2:0077,13_low_friction_mu_0p10_variable_s_p2l_v2,train,28.659999999999947,29.059999999999945,1,1,0.01086986714140798,0.9891301328585921,0,0,0.973791233178841,0.026208766821158948,1,1,0.0,1.0
13_low_friction_mu_0p10_variable_s_p2l_v2:0078,13_low_friction_mu_0p10_variable_s_p2l_v2,train,28.859999999999943,29.25999999999994,1,1,0.01895821492045027,0.9810417850795498,0,0,0.9562206366787798,0.043779363321220066,1,1,0.0,1.0
13_low_friction_mu_0p10_variable_s_p2l_v2:0079,13_low_friction_mu_0p10_variable_s_p2l_v2,train,29.059999999999945,29.459999999999944,1,1,0.0034584168918348392,0.9965415831081651,0,0,0.9848064574248707,0.015193542575129386,1,1,0.007678474070309795,0.9923215259296901
13_low_friction_mu_0p10_variable_s_p2l_v2:0080,13_low_friction_mu_0p10_variable_s_p2l_v2,train,29.25999999999994,29.65999999999994,1,1,0.0018125,0.9981875,0,0,0.9980757383340569,0.0019242616659430757,1,1,0.013558281762617488,0.9864417182373825
13_low_friction_mu_0p10_variable_s_p2l_v2:0081,13_low_friction_mu_0p10_variable_s_p2l_v2,train,29.459999999999944,29.859999999999943,1,1,0.0,1.0,1,1,0.0,1.0,1,1,0.0,1.0
13_low_friction_mu_0p10_variable_s_p2l_v2:0082,13_low_friction_mu_0p10_variable_s_p2l_v2,train,29.65999999999994,30.05999999999994,1,1,0.0012391304347826087,0.9987608695652174,1,1,0.0,1.0,1,1,0.0,1.0
13_low_friction_mu_0p10_variable_s_p2l_v2:0083,13_low_friction_mu_0p10_variable_s_p2l_v2,train,29.859999999999943,30.25999999999994,1,1,0.010268213815998342,0.9897317861840017,0,0,0.9714298278395825,0.028570172160417455,1,1,0.0,1.0
13_low_friction_mu_0p10_variable_s_p2l_v2:0084,13_low_friction_mu_0p10_variable_s_p2l_v2,train,30.05999999999994,30.459999999999937,1,1,0.018335504699773388,0.9816644953002266,0,0,0.9882722714527854,0.011727728547214631,1,1,0.0,1.0
13_low_friction_mu_0p10_variable_s_p2l_v2:0085,13_low_friction_mu_0p10_variable_s_p2l_v2,train,30.25999999999994,30.65999999999994,1,1,0.005311501342020028,0.9946884986579799,0,0,0.9930953424889581,0.006904657511041872,1,1,0.0019879081015719466,0.998012091898428
13_low_friction_mu_0p10_variable_s_p2l_v2:0086,13_low_friction_mu_0p10_variable_s_p2l_v2,train,30.459999999999937,30.859999999999935,1,1,0.005493787401973823,0.9945062125980261,0,0,0.9792582117161798,0.02074178828382037,1,1,0.007744667923737692,0.9922553320762623
13_low_friction_mu_0p10_variable_s_p2l_v2:0087,13_low_friction_mu_0p10_variable_s_p2l_v2,train,30.65999999999994,31.05999999999994,1,1,0.0034656284302963776,0.9965343715697036,0,0,0.9736251329933276,0.02637486700667238,1,1,0.003744667923737691,0.9962553320762623
13_low_friction_mu_0p10_variable_s_p2l_v2:0088,13_low_friction_mu_0p10_variable_s_p2l_v2,train,30.859999999999935,31.259999999999934,1,1,0.0,1.0,1,1,0.001896551724137931,0.9981034482758621,1,1,0.0,1.0
13_low_friction_mu_0p10_variable_s_p2l_v2:0089,13_low_friction_mu_0p10_variable_s_p2l_v2,train,31.05999999999994,31.459999999999937,1,1,0.0016134636264929427,0.998386536373507,1,1,0.0017115384615384616,0.9982884615384615,1,1,0.0,1.0
13_low_friction_mu_0p10_variable_s_p2l_v2:0090,13_low_friction_mu_0p10_variable_s_p2l_v2,train,31.259999999999934,31.659999999999933,1,1,0.0,1.0,1,1,0.0,1.0,1,1,0.0,1.0
13_low_friction_mu_0p10_variable_s_p2l_v2:0091,13_low_friction_mu_0p10_variable_s_p2l_v2,train,31.459999999999937,31.859999999999935,1,1,0.0017313432835820897,0.998268656716418,1,1,0.0,1.0,1,1,0.0,1.0
13_low_friction_mu_0p10_variable_s_p2l_v2:0092,13_low_friction_mu_0p10_variable_s_p2l_v2,train,31.659999999999933,32.05999999999993,1,1,0.01661281181613206,0.9833871881838682,1,1,0.0,1.0,1,1,0.0,1.0
13_low_friction_mu_0p10_variable_s_p2l_v2:0093,13_low_friction_mu_0p10_variable_s_p2l_v2,train,31.859999999999935,32.259999999999934,1,1,0.0,1.0,1,1,0.0,1.0,1,1,0.0,1.0
13_low_friction_mu_0p10_variable_s_p2l_v2:0094,13_low_friction_mu_0p10_variable_s_p2l_v2,train,32.05999999999993,32.45999999999993,1,1,0.0,1.0,1,1,0.0,1.0,1,1,0.0,1.0
13_low_friction_mu_0p10_variable_s_p2l_v2:0095,13_low_friction_mu_0p10_variable_s_p2l_v2,train,32.259999999999934,32.65999999999993,0,0,0.9727241900404312,0.02727580995956875,0,0,0.9768008459070129,0.02319915409298734,1,1,0.0,1.0
13_low_friction_mu_0p10_variable_s_p2l_v2:0096,13_low_friction_mu_0p10_variable_s_p2l_v2,train,32.45999999999993,32.85999999999993,0,0,0.98436452881336,0.01563547118663998,0,0,0.9966229091282643,0.003377090871735611,1,1,0.0,1.0
13_low_friction_mu_0p10_variable_s_p2l_v2:0097,13_low_friction_mu_0p10_variable_s_p2l_v2,train,32.65999999999993,33.05999999999993,0,0,0.949381580691931,0.05061841930806902,0,0,0.9923575756410543,0.007642424358945664,1,1,0.0,1.0
13_low_friction_mu_0p10_variable_s_p2l_v2:0098,13_low_friction_mu_0p10_variable_s_p2l_v2,train,32.85999999999993,33.25999999999993,0,0,0.9897865548326703,0.010213445167329891,0,0,0.9879016005151127,0.012098399484887246,1,1,0.0,1.0
13_low_friction_mu_0p10_variable_s_p2l_v2:0099,13_low_friction_mu_0p10_variable_s_p2l_v2,train,33.05999999999993,33.45999999999993,0,0,0.9773761505168949,0.022623849483105075,0,0,0.9977139423076924,0.0022860576923076927,1,1,0.0,1.0
13_low_friction_mu_0p10_variable_s_p2l_v2:0100,13_low_friction_mu_0p10_variable_s_p2l_v2,train,33.25999999999993,33.659999999999926,0,0,0.9962217925198493,0.0037782074801505777,0,0,0.9997572115384615,0.00024278846153846158,1,1,0.0,1.0
13_low_friction_mu_0p10_variable_s_p2l_v2:0101,13_low_friction_mu_0p10_variable_s_p2l_v2,train,33.45999999999993,33.85999999999993,0,0,0.9061526234661365,0.09384737653386349,1,1,0.0,1.0,1,1,0.0,1.0
13_low_friction_mu_0p10_variable_s_p2l_v2:0102,13_low_friction_mu_0p10_variable_s_p2l_v2,train,33.659999999999926,34.059999999999924,1,1,0.0,1.0,1,1,0.0,1.0,1,1,0.0,1.0
13_low_friction_mu_0p10_variable_s_p2l_v2:0103,13_low_friction_mu_0p10_variable_s_p2l_v2,train,33.85999999999993,34.25999999999993,1,1,0.0,1.0,1,1,0.0,1.0,1,1,0.0,1.0
13_low_friction_mu_0p10_variable_s_p2l_v2:0104,13_low_friction_mu_0p10_variable_s_p2l_v2,train,34.059999999999924,34.45999999999992,1,1,0.0,1.0,1,1,0.0,1.0,1,1,0.0,1.0
13_low_friction_mu_0p10_variable_s_p2l_v2:0105,13_low_friction_mu_0p10_variable_s_p2l_v2,train,34.25999999999993,34.659999999999926,1,1,0.0,1.0,1,1,0.0,1.0,1,1,0.0,1.0
13_low_friction_mu_0p10_variable_s_p2l_v2:0106,13_low_friction_mu_0p10_variable_s_p2l_v2,train,34.45999999999992,34.85999999999992,1,1,0.0,1.0,1,1,0.0,1.0,1,1,0.0,1.0
13_low_friction_mu_0p10_variable_s_p2l_v2:0107,13_low_friction_mu_0p10_variable_s_p2l_v2,train,34.659999999999926,35.059999999999924,1,0,0.40631625375488656,0.5936837462451134,1,1,0.23992896077732376,0.760071039222676,1,1,0.002,0.998
13_low_friction_mu_0p10_variable_s_p2l_v2:0108,13_low_friction_mu_0p10_variable_s_p2l_v2,train,34.85999999999992,35.25999999999992,0,0,0.9998816040738383,0.00011839592616168046,0,0,0.995258138260834,0.004741861739166053,1,1,0.0,1.0
13_low_friction_mu_0p10_variable_s_p2l_v2:0109,13_low_friction_mu_0p10_variable_s_p2l_v2,train,35.059999999999924,35.45999999999992,0,0,0.9939651147147275,0.00603488528527253,0,0,0.9766050238359347,0.02339497616406532,1,1,0.0,1.0
13_low_friction_mu_0p10_variable_s_p2l_v2:0110,13_low_friction_mu_0p10_variable_s_p2l_v2,train,35.25999999999992,35.65999999999992,0,0,0.9746633367394392,0.025336663260560718,0,0,0.9798751397417534,0.020124860258246717,1,1,0.0,1.0
13_low_friction_mu_0p10_variable_s_p2l_v2:0111,13_low_friction_mu_0p10_variable_s_p2l_v2,train,35.45999999999992,35.85999999999992,0,0,0.997109731692157,0.0028902683078429895,0,0,0.9926192875240206,0.007380712475979333,1,1,0.0,1.0
13_low_friction_mu_0p10_variable_s_p2l_v2:0112,13_low_friction_mu_0p10_variable_s_p2l_v2,train,35.65999999999992,36.05999999999992,0,0,0.9996868925353767,0.00031310746462321894,0,0,0.9992163461538461,0.0007836538461538462,1,1,0.0,1.0
13_low_friction_mu_0p10_variable_s_p2l_v2:0113,13_low_friction_mu_0p10_variable_s_p2l_v2,train,35.85999999999992,36.25999999999992,0,0,0.9127214587548261,0.08727854124517377,1,1,0.02579896630941099,0.9742010336905891,1,1,0.0,1.0
13_low_friction_mu_0p10_variable_s_p2l_v2:0114,13_low_friction_mu_0p10_variable_s_p2l_v2,train,36.05999999999992,36.459999999999916,1,1,0.0056930800856322674,0.9943069199143677,1,1,0.0,1.0,1,1,0.0,1.0
13_low_friction_mu_0p10_variable_s_p2l_v2:0115,13_low_friction_mu_0p10_variable_s_p2l_v2,train,36.25999999999992,36.65999999999992,1,1,0.0,1.0,1,1,0.0,1.0,1,1,0.0,1.0
13_low_friction_mu_0p10_variable_s_p2l_v2:0116,13_low_friction_mu_0p10_variable_s_p2l_v2,train,36.459999999999916,36.859999999999914,1,1,0.003690144688063997,0.996309855311936,1,1,0.0,1.0,1,1,0.0,1.0
13_low_friction_mu_0p10_variable_s_p2l_v2:0117,13_low_friction_mu_0p10_variable_s_p2l_v2,train,36.65999999999992,37.05999999999992,1,1,0.0,1.0,1,1,0.0,1.0,1,1,0.0,1.0
13_low_friction_mu_0p10_variable_s_p2l_v2:0118,13_low_friction_mu_0p10_variable_s_p2l_v2,train,36.859999999999914,37.25999999999991,1,1,0.0,1.0,1,1,0.0,1.0,1,1,0.0,1.0
13_low_friction_mu_0p10_variable_s_p2l_v2:0119,13_low_friction_mu_0p10_variable_s_p2l_v2,train,37.05999999999992,37.459999999999916,1,1,0.0,1.0,1,1,0.0,1.0,1,1,0.0,1.0
13_low_friction_mu_0p10_variable_s_p2l_v2:0120,13_low_friction_mu_0p10_variable_s_p2l_v2,train,37.25999999999991,37.65999999999991,0,0,0.9320027187415797,0.06799728125842044,1,1,0.0085520129236313,0.9914479870763687,1,1,0.0,1.0
13_low_friction_mu_0p10_variable_s_p2l_v2:0121,13_low_friction_mu_0p10_variable_s_p2l_v2,train,37.459999999999916,37.859999999999914,0,0,0.9817723616298969,0.01822763837010305,1,1,0.023217694144515053,0.9767823058554851,1,1,0.0,1.0
13_low_friction_mu_0p10_variable_s_p2l_v2:0122,13_low_friction_mu_0p10_variable_s_p2l_v2,train,37.65999999999991,38.05999999999991,0,0,0.9633928089279378,0.036607191072062166,1,1,0.06563305688773338,0.9343669431122665,1,1,0.0,1.0
13_low_friction_mu_0p10_variable_s_p2l_v2:0123,13_low_friction_mu_0p10_variable_s_p2l_v2,train,37.859999999999914,38.25999999999991,0,0,0.9682870036006908,0.03171299639930918,1,0,0.2999575181423986,0.7000424818576021,1,1,0.0,1.0
13_low_friction_mu_0p10_variable_s_p2l_v2:0124,13_low_friction_mu_0p10_variable_s_p2l_v2,train,38.05999999999991,38.45999999999991,0,0,0.8545881388618647,0.14541186113813528,0,0,0.7654156942495876,0.23458430575041217,1,1,0.0019245283018867927,0.9980754716981133
13_low_friction_mu_0p10_variable_s_p2l_v2:0125,13_low_friction_mu_0p10_variable_s_p2l_v2,train,38.25999999999991,38.65999999999991,0,0,0.9832680811157107,0.016731918884289116,0,0,0.8067712654058437,0.19322873459415607,1,1,0.0,1.0
14_low_friction_mu_0p075_fast_chicane_p2l_v2:0000,14_low_friction_mu_0p075_fast_chicane_p2l_v2,train,16.639,17.038999999999998,1,1,0.0016134636264929427,0.998386536373507,1,1,0.0017427884615384616,0.9982572115384616,1,1,0.0,1.0
14_low_friction_mu_0p075_fast_chicane_p2l_v2:0001,14_low_friction_mu_0p075_fast_chicane_p2l_v2,train,16.839,17.238999999999997,1,1,0.0016134636264929427,0.998386536373507,1,1,0.0,1.0,1,1,0.0,1.0
14_low_friction_mu_0p075_fast_chicane_p2l_v2:0002,14_low_friction_mu_0p075_fast_chicane_p2l_v2,train,17.038999999999998,17.438999999999997,1,1,0.0,1.0,1,1,0.0,1.0,1,1,0.0,1.0
14_low_friction_mu_0p075_fast_chicane_p2l_v2:0003,14_low_friction_mu_0p075_fast_chicane_p2l_v2,train,17.238999999999997,17.638999999999996,1,1,0.0,1.0,1,1,0.0,1.0,1,1,0.0,1.0
14_low_friction_mu_0p075_fast_chicane_p2l_v2:0004,14_low_friction_mu_0p075_fast_chicane_p2l_v2,train,17.438999999999997,17.838999999999995,1,1,0.009027961562696913,0.9909720384373031,1,1,0.0,1.0,1,1,0.0,1.0
14_low_friction_mu_0p075_fast_chicane_p2l_v2:0005,14_low_friction_mu_0p075_fast_chicane_p2l_v2,train,17.638999999999996,18.038999999999994,1,1,0.0,1.0,1,1,0.0,1.0,1,1,0.0,1.0
14_low_friction_mu_0p075_fast_chicane_p2l_v2:0006,14_low_friction_mu_0p075_fast_chicane_p2l_v2,train,17.838999999999995,18.238999999999994,1,1,0.0,1.0,1,1,0.0,1.0,1,1,0.0,1.0
14_low_friction_mu_0p075_fast_chicane_p2l_v2:0007,14_low_friction_mu_0p075_fast_chicane_p2l_v2,train,18.038999999999994,18.438999999999993,1,1,0.0,1.0,1,1,0.0,1.0,1,1,0.0,1.0
14_low_friction_mu_0p075_fast_chicane_p2l_v2:0008,14_low_friction_mu_0p075_fast_chicane_p2l_v2,train,18.238999999999994,18.638999999999992,1,1,0.0,1.0,1,1,0.0,1.0,1,1,0.0,1.0
14_low_friction_mu_0p075_fast_chicane_p2l_v2:0009,14_low_friction_mu_0p075_fast_chicane_p2l_v2,train,18.438999999999993,18.83899999999999,0,0,0.895747905896918,0.10425209410308195,1,1,0.0034423076923076924,0.9965576923076923,1,1,0.0,1.0
14_low_friction_mu_0p075_fast_chicane_p2l_v2:0010,14_low_friction_mu_0p075_fast_chicane_p2l_v2,train,18.638999999999992,19.03899999999999,0,0,0.8367901714210649,0.1632098285789347,1,1,0.0,1.0,1,1,0.0,1.0
14_low_friction_mu_0p075_fast_chicane_p2l_v2:0011,14_low_friction_mu_0p075_fast_chicane_p2l_v2,train,18.83899999999999,19.23899999999999,1,1,0.0,1.0,1,1,0.0,1.0,1,1,0.0,1.0
14_low_friction_mu_0p075_fast_chicane_p2l_v2:0012,14_low_friction_mu_0p075_fast_chicane_p2l_v2,train,19.03899999999999,19.43899999999999,1,1,0.00347651458734887,0.9965234854126512,1,1,0.0,1.0,1,1,0.0,1.0
14_low_friction_mu_0p075_fast_chicane_p2l_v2:0013,14_low_friction_mu_0p075_fast_chicane_p2l_v2,train,19.23899999999999,19.63899999999999,1,1,0.00526620243032183,0.9947337975696783,1,1,0.0,1.0,1,1,0.0,1.0
14_low_friction_mu_0p075_fast_chicane_p2l_v2:0014,14_low_friction_mu_0p075_fast_chicane_p2l_v2,train,19.43899999999999,19.838999999999988,1,1,0.0018004807692307693,0.9981995192307693,1,1,0.0,1.0,1,1,0.0,1.0
14_low_friction_mu_0p075_fast_chicane_p2l_v2:0015,14_low_friction_mu_0p075_fast_chicane_p2l_v2,train,19.63899999999999,20.038999999999987,1,1,0.0,1.0,1,1,0.0,1.0,1,1,0.0,1.0
14_low_friction_mu_0p075_fast_chicane_p2l_v2:0016,14_low_friction_mu_0p075_fast_chicane_p2l_v2,train,19.838999999999988,20.238999999999987,1,1,0.0,1.0,1,1,0.0,1.0,1,1,0.0,1.0
14_low_friction_mu_0p075_fast_chicane_p2l_v2:0017,14_low_friction_mu_0p075_fast_chicane_p2l_v2,train,20.038999999999987,20.438999999999986,1,1,0.014803981432466702,0.9851960185675332,1,1,0.0,1.0,1,1,0.0,1.0
14_low_friction_mu_0p075_fast_chicane_p2l_v2:0018,14_low_friction_mu_0p075_fast_chicane_p2l_v2,train,20.238999999999987,20.638999999999985,1,1,0.0038211707681482963,0.9961788292318517,1,1,0.0,1.0,1,1,0.0,1.0
14_low_friction_mu_0p075_fast_chicane_p2l_v2:0019,14_low_friction_mu_0p075_fast_chicane_p2l_v2,train,20.438999999999986,20.838999999999984,1,0,0.3173639458874107,0.6826360541125894,1,1,0.0,1.0,1,1,0.0,1.0
14_low_friction_mu_0p075_fast_chicane_p2l_v2:0020,14_low_friction_mu_0p075_fast_chicane_p2l_v2,train,20.638999999999985,21.038999999999984,1,0,0.37008537018992943,0.6299146298100706,1,1,0.0,1.0,1,1,0.0,1.0
14_low_friction_mu_0p075_fast_chicane_p2l_v2:0021,14_low_friction_mu_0p075_fast_chicane_p2l_v2,train,20.838999999999984,21.238999999999983,1,1,0.0016134636264929427,0.998386536373507,1,1,0.0,1.0,1,1,0.0,1.0
14_low_friction_mu_0p075_fast_chicane_p2l_v2:0022,14_low_friction_mu_0p075_fast_chicane_p2l_v2,train,21.038999999999984,21.438999999999982,1,1,0.0,1.0,1,1,0.0,1.0,1,1,0.0,1.0
14_low_friction_mu_0p075_fast_chicane_p2l_v2:0023,14_low_friction_mu_0p075_fast_chicane_p2l_v2,train,21.238999999999983,21.63899999999998,1,1,0.005441657824056564,0.9945583421759434,1,1,0.0,1.0,1,1,0.0,1.0
14_low_friction_mu_0p075_fast_chicane_p2l_v2:0024,14_low_friction_mu_0p075_fast_chicane_p2l_v2,train,21.438999999999982,21.83899999999998,1,1,0.0,1.0,1,1,0.0,1.0,1,1,0.0,1.0
14_low_friction_mu_0p075_fast_chicane_p2l_v2:0025,14_low_friction_mu_0p075_fast_chicane_p2l_v2,train,21.63899999999998,22.03899999999998,1,1,0.0,1.0,1,1,0.0,1.0,1,1,0.0,1.0
14_low_friction_mu_0p075_fast_chicane_p2l_v2:0026,14_low_friction_mu_0p075_fast_chicane_p2l_v2,train,21.83899999999998,22.23899999999998,1,1,0.0,1.0,1,1,0.0,1.0,1,1,0.0,1.0
14_low_friction_mu_0p075_fast_chicane_p2l_v2:0027,14_low_friction_mu_0p075_fast_chicane_p2l_v2,train,22.03899999999998,22.43899999999998,1,1,0.0,1.0,1,1,0.0,1.0,1,1,0.0,1.0
14_low_friction_mu_0p075_fast_chicane_p2l_v2:0028,14_low_friction_mu_0p075_fast_chicane_p2l_v2,train,22.23899999999998,22.638999999999978,1,1,0.0,1.0,1,1,0.0,1.0,1,1,0.0,1.0
14_low_friction_mu_0p075_fast_chicane_p2l_v2:0029,14_low_friction_mu_0p075_fast_chicane_p2l_v2,train,22.43899999999998,22.838999999999977,1,1,0.0,1.0,1,1,0.0,1.0,1,1,0.0,1.0
14_low_friction_mu_0p075_fast_chicane_p2l_v2:0030,14_low_friction_mu_0p075_fast_chicane_p2l_v2,train,22.638999999999978,23.038999999999977,1,1,0.0,1.0,1,1,0.0,1.0,1,1,0.0,1.0
14_low_friction_mu_0p075_fast_chicane_p2l_v2:0031,14_low_friction_mu_0p075_fast_chicane_p2l_v2,train,22.838999999999977,23.238999999999976,1,1,0.0,1.0,1,1,0.0,1.0,1,1,0.0,1.0
14_low_friction_mu_0p075_fast_chicane_p2l_v2:0032,14_low_friction_mu_0p075_fast_chicane_p2l_v2,train,23.038999999999977,23.438999999999975,1,1,0.0016856492027334854,0.9983143507972666,1,1,0.0,1.0,1,1,0.0,1.0
14_low_friction_mu_0p075_fast_chicane_p2l_v2:0033,14_low_friction_mu_0p075_fast_chicane_p2l_v2,train,23.238999999999976,23.638999999999974,1,1,0.0018896639188332276,0.9981103360811668,1,1,0.0,1.0,1,1,0.0,1.0
14_low_friction_mu_0p075_fast_chicane_p2l_v2:0034,14_low_friction_mu_0p075_fast_chicane_p2l_v2,train,23.438999999999975,23.838999999999974,0,0,0.9848534425917229,0.015146557408276941,0,0,0.9971607106129166,0.0028392893870835046,1,1,0.0,1.0
14_low_friction_mu_0p075_fast_chicane_p2l_v2:0035,14_low_friction_mu_0p075_fast_chicane_p2l_v2,train,23.638999999999974,24.038999999999973,0,0,0.981648692646926,0.01835130735307385,0,0,0.9894881670159328,0.010511832984067392,1,1,0.0,1.0
14_low_friction_mu_0p075_fast_chicane_p2l_v2:0036,14_low_friction_mu_0p075_fast_chicane_p2l_v2,train,23.838999999999974,24.238999999999972,1,1,0.007708352937933346,0.9922916470620666,1,1,0.0,1.0,1,1,0.0,1.0
14_low_friction_mu_0p075_fast_chicane_p2l_v2:0037,14_low_friction_mu_0p075_fast_chicane_p2l_v2,train,24.038999999999973,24.43899999999997,1,1,0.0,1.0,1,1,0.0,1.0,1,1,0.0,1.0
14_low_friction_mu_0p075_fast_chicane_p2l_v2:0038,14_low_friction_mu_0p075_fast_chicane_p2l_v2,train,24.238999999999972,24.63899999999997,0,0,0.9862279328346857,0.013772067165314037,0,0,0.9881329333093625,0.01186706669063763,1,1,0.01170289020218785,0.9882971097978122
14_low_friction_mu_0p075_fast_chicane_p2l_v2:0039,14_low_friction_mu_0p075_fast_chicane_p2l_v2,train,24.43899999999997,24.83899999999997,0,0,0.9784208390834888,0.0215791609165112,0,0,0.9819803347001779,0.01801966529982222,1,1,0.0077509671252647735,0.9922490328747352
14_low_friction_mu_0p075_fast_chicane_p2l_v2:0040,14_low_friction_mu_0p075_fast_chicane_p2l_v2,train,24.63899999999997,25.03899999999997,1,1,0.0,1.0,1,1,0.0,1.0,1,1,0.0,1.0
14_low_friction_mu_0p075_fast_chicane_p2l_v2:0041,14_low_friction_mu_0p075_fast_chicane_p2l_v2,train,24.83899999999997,25.23899999999997,1,1,0.0,1.0,1,1,0.0,1.0,1,1,0.0,1.0
14_low_friction_mu_0p075_fast_chicane_p2l_v2:0042,14_low_friction_mu_0p075_fast_chicane_p2l_v2,train,25.03899999999997,25.438999999999968,1,1,0.0015469387755102039,0.9984530612244898,1,1,0.0,1.0,1,1,0.0,1.0
14_low_friction_mu_0p075_fast_chicane_p2l_v2:0043,14_low_friction_mu_0p075_fast_chicane_p2l_v2,train,25.23899999999997,25.638999999999967,1,1,0.0,1.0,1,1,0.0,1.0,1,1,0.0,1.0
14_low_friction_mu_0p075_fast_chicane_p2l_v2:0044,14_low_friction_mu_0p075_fast_chicane_p2l_v2,train,25.438999999999968,25.838999999999967,1,1,0.0,1.0,1,1,0.0,1.0,1,1,0.0,1.0
14_low_friction_mu_0p075_fast_chicane_p2l_v2:0045,14_low_friction_mu_0p075_fast_chicane_p2l_v2,train,25.638999999999967,26.038999999999966,0,0,0.8957920905933968,0.10420790940660302,0,0,0.9893273871754186,0.010672612824581327,1,1,0.0,1.0
14_low_friction_mu_0p075_fast_chicane_p2l_v2:0046,14_low_friction_mu_0p075_fast_chicane_p2l_v2,train,25.838999999999967,26.238999999999965,0,0,0.9710911062745806,0.028908893725419427,0,0,0.9915562069394682,0.008443793060531606,1,1,0.0,1.0
14_low_friction_mu_0p075_fast_chicane_p2l_v2:0047,14_low_friction_mu_0p075_fast_chicane_p2l_v2,train,26.038999999999966,26.438999999999965,1,1,0.0032667702508689736,0.996733229749131,1,1,0.007072360235056424,0.9929276397649436,1,1,0.0,1.0
14_low_friction_mu_0p075_fast_chicane_p2l_v2:0048,14_low_friction_mu_0p075_fast_chicane_p2l_v2,train,26.238999999999965,26.638999999999964,1,1,0.0016411378555798689,0.9983588621444202,1,1,0.0,1.0,1,1,0.0,1.0
14_low_friction_mu_0p075_fast_chicane_p2l_v2:0049,14_low_friction_mu_0p075_fast_chicane_p2l_v2,train,26.438999999999965,26.838999999999963,0,0,0.8784141072461735,0.12158589275382649,0,0,0.956343744520696,0.043656255479303935,1,1,0.0,1.0
14_low_friction_mu_0p075_fast_chicane_p2l_v2:0050,14_low_friction_mu_0p075_fast_chicane_p2l_v2,train,26.638999999999964,27.038999999999962,0,0,0.9584115180375296,0.04158848196247062,0,0,0.9648752867985588,0.03512471320144116,1,1,0.0,1.0
14_low_friction_mu_0p075_fast_chicane_p2l_v2:0051,14_low_friction_mu_0p075_fast_chicane_p2l_v2,train,26.838999999999963,27.23899999999996,1,1,0.0,1.0,1,1,0.0,1.0,1,1,0.0,1.0
14_low_friction_mu_0p075_fast_chicane_p2l_v2:0052,14_low_friction_mu_0p075_fast_chicane_p2l_v2,train,27.038999999999962,27.43899999999996,1,1,0.0054243825654041395,0.994575617434596,1,1,0.0,1.0,1,1,0.0,1.0
14_low_friction_mu_0p075_fast_chicane_p2l_v2:0053,14_low_friction_mu_0p075_fast_chicane_p2l_v2,train,27.23899999999996,27.63899999999996,1,1,0.0,1.0,1,1,0.0,1.0,1,1,0.0,1.0
14_low_friction_mu_0p075_fast_chicane_p2l_v2:0054,14_low_friction_mu_0p075_fast_chicane_p2l_v2,train,27.43899999999996,27.83899999999996,1,1,0.0,1.0,1,1,0.0,1.0,1,1,0.0,1.0
14_low_friction_mu_0p075_fast_chicane_p2l_v2:0055,14_low_friction_mu_0p075_fast_chicane_p2l_v2,train,27.63899999999996,28.03899999999996,1,1,0.0,1.0,1,1,0.0,1.0,1,1,0.0,1.0
14_low_friction_mu_0p075_fast_chicane_p2l_v2:0056,14_low_friction_mu_0p075_fast_chicane_p2l_v2,train,27.83899999999996,28.238999999999958,1,1,0.0,1.0,1,1,0.0,1.0,1,1,0.0,1.0
14_low_friction_mu_0p075_fast_chicane_p2l_v2:0057,14_low_friction_mu_0p075_fast_chicane_p2l_v2,train,28.03899999999996,28.438999999999957,1,1,0.0,1.0,1,1,0.0,1.0,1,1,0.0,1.0
14_low_friction_mu_0p075_fast_chicane_p2l_v2:0058,14_low_friction_mu_0p075_fast_chicane_p2l_v2,train,28.238999999999958,28.638999999999957,1,1,0.0,1.0,1,1,0.0,1.0,1,1,0.0,1.0
14_low_friction_mu_0p075_fast_chicane_p2l_v2:0059,14_low_friction_mu_0p075_fast_chicane_p2l_v2,train,28.438999999999957,28.838999999999956,1,1,0.0,1.0,1,1,0.0018666666666666666,0.9981333333333333,1,1,0.0,1.0
14_low_friction_mu_0p075_fast_chicane_p2l_v2:0060,14_low_friction_mu_0p075_fast_chicane_p2l_v2,train,28.638999999999957,29.038999999999955,1,1,0.0,1.0,1,1,0.0,1.0,1,1,0.0,1.0
14_low_friction_mu_0p075_fast_chicane_p2l_v2:0061,14_low_friction_mu_0p075_fast_chicane_p2l_v2,train,28.838999999999956,29.238999999999955,0,0,0.8998758284573172,0.10012417154268241,0,0,0.9853722335253975,0.014627766474602505,1,1,0.0,1.0
14_low_friction_mu_0p075_fast_chicane_p2l_v2:0062,14_low_friction_mu_0p075_fast_chicane_p2l_v2,train,29.038999999999955,29.438999999999954,0,0,0.8786173195426238,0.12138268045737594,0,0,0.94561813379077,0.05438186620922965,1,1,0.0,1.0
14_low_friction_mu_0p075_fast_chicane_p2l_v2:0063,14_low_friction_mu_0p075_fast_chicane_p2l_v2,train,29.238999999999955,29.638999999999953,1,1,0.0018761965539246968,0.9981238034460753,1,1,0.0,1.0,1,1,0.0,1.0
14_low_friction_mu_0p075_fast_chicane_p2l_v2:0064,14_low_friction_mu_0p075_fast_chicane_p2l_v2,train,29.438999999999954,29.838999999999952,1,0,0.5320786126926161,0.46792138730738386,1,0,0.6932522622456533,0.30674773775434644,1,1,0.017817307692307695,0.9821826923076924
14_low_friction_mu_0p075_fast_chicane_p2l_v2:0065,14_low_friction_mu_0p075_fast_chicane_p2l_v2,train,29.638999999999953,30.03899999999995,0,0,0.92586000292539,0.07413999707461011,0,0,0.9747896006194998,0.02521039938050035,1,1,0.0,1.0
14_low_friction_mu_0p075_fast_chicane_p2l_v2:0066,14_low_friction_mu_0p075_fast_chicane_p2l_v2,train,29.838999999999952,30.23899999999995,1,1,0.02747550763466421,0.9725244923653359,1,1,0.04413522898093189,0.9558647710190682,1,1,0.0,1.0
14_low_friction_mu_0p075_fast_chicane_p2l_v2:0067,14_low_friction_mu_0p075_fast_chicane_p2l_v2,train,30.03899999999995,30.43899999999995,1,1,0.0032352014707845798,0.9967647985292153,1,1,0.0,1.0,1,1,0.0,1.0
14_low_friction_mu_0p075_fast_chicane_p2l_v2:0068,14_low_friction_mu_0p075_fast_chicane_p2l_v2,train,30.23899999999995,30.63899999999995,1,1,0.0,1.0,1,1,0.001754807692307692,0.9982451923076923,1,1,0.0,1.0
14_low_friction_mu_0p075_fast_chicane_p2l_v2:0069,14_low_friction_mu_0p075_fast_chicane_p2l_v2,train,30.43899999999995,30.83899999999995,1,1,0.0,1.0,1,1,0.0,1.0,1,1,0.0,1.0
14_low_friction_mu_0p075_fast_chicane_p2l_v2:0070,14_low_friction_mu_0p075_fast_chicane_p2l_v2,train,30.63899999999995,31.038999999999948,0,0,0.9847431403870417,0.01525685961295835,1,1,0.01800233899341214,0.9819976610065879,1,1,0.0,1.0
14_low_friction_mu_0p075_fast_chicane_p2l_v2:0071,14_low_friction_mu_0p075_fast_chicane_p2l_v2,train,30.83899999999995,31.238999999999947,0,0,0.9557014271582244,0.044298572841775345,1,1,0.0034326923076923076,0.9965673076923077,1,1,0.0,1.0
14_low_friction_mu_0p075_fast_chicane_p2l_v2:0072,14_low_friction_mu_0p075_fast_chicane_p2l_v2,train,31.038999999999948,31.438999999999947,0,0,0.6013679801197138,0.3986320198802861,1,1,0.0,1.0,1,1,0.0,1.0
14_low_friction_mu_0p075_fast_chicane_p2l_v2:0073,14_low_friction_mu_0p075_fast_chicane_p2l_v2,train,31.238999999999947,31.638999999999946,0,0,0.6655976425775798,0.3344023574224199,1,1,0.0,1.0,1,1,0.0,1.0
14_low_friction_mu_0p075_fast_chicane_p2l_v2:0074,14_low_friction_mu_0p075_fast_chicane_p2l_v2,train,31.438999999999947,31.838999999999945,0,0,0.7199575334552314,0.28004246654476883,1,1,0.012208343045675932,0.9877916569543241,1,1,0.0,1.0
14_low_friction_mu_0p075_fast_chicane_p2l_v2:0075,14_low_friction_mu_0p075_fast_chicane_p2l_v2,train,31.638999999999946,32.038999999999945,1,1,0.10324737974042814,0.8967526202595719,0,0,0.8779160425484024,0.12208395745159781,1,1,0.0,1.0
14_low_friction_mu_0p075_fast_chicane_p2l_v2:0076,14_low_friction_mu_0p075_fast_chicane_p2l_v2,train,31.838999999999945,32.23899999999995,1,1,0.05807782827779391,0.9419221717222062,0,0,0.9561491321297093,0.04385086787029107,1,1,0.002,0.998
14_low_friction_mu_0p075_fast_chicane_p2l_v2:0077,14_low_friction_mu_0p075_fast_chicane_p2l_v2,train,32.038999999999945,32.43899999999994,1,1,0.16598331517855772,0.8340166848214424,0,0,0.967760213185482,0.032239786814517855,1,1,0.0,1.0
14_low_friction_mu_0p075_fast_chicane_p2l_v2:0078,14_low_friction_mu_0p075_fast_chicane_p2l_v2,train,32.23899999999995,32.638999999999946,0,0,0.964567883936597,0.0354321160634029,0,0,0.9470969122701316,0.052903087729868514,1,1,0.002,0.998
15_wheel_drag_both_f1p6_t1p2_p2l_v2:0000,15_wheel_drag_both_f1p6_t1p2_p2l_v2,train,16.682,17.081999999999997,1,0,0.3744792763086692,0.625520723691331,1,1,0.0017427884615384616,0.9982572115384616,1,1,0.0,1.0
15_wheel_drag_both_f1p6_t1p2_p2l_v2:0001,15_wheel_drag_both_f1p6_t1p2_p2l_v2,train,16.881999999999998,17.281999999999996,1,1,0.0,1.0,1,1,0.0,1.0,1,1,0.0,1.0
15_wheel_drag_both_f1p6_t1p2_p2l_v2:0002,15_wheel_drag_both_f1p6_t1p2_p2l_v2,train,17.081999999999997,17.481999999999996,1,1,0.0,1.0,1,1,0.0,1.0,1,1,0.0,1.0
15_wheel_drag_both_f1p6_t1p2_p2l_v2:0003,15_wheel_drag_both_f1p6_t1p2_p2l_v2,train,17.281999999999996,17.681999999999995,1,1,0.003660232036657892,0.9963397679633422,1,1,0.0,1.0,1,1,0.0,1.0
15_wheel_drag_both_f1p6_t1p2_p2l_v2:0004,15_wheel_drag_both_f1p6_t1p2_p2l_v2,train,17.481999999999996,17.881999999999994,1,1,0.0,1.0,1,1,0.0,1.0,1,1,0.0,1.0
15_wheel_drag_both_f1p6_t1p2_p2l_v2:0005,15_wheel_drag_both_f1p6_t1p2_p2l_v2,train,17.681999999999995,18.081999999999994,1,1,0.0,1.0,1,1,0.0,1.0,1,1,0.0,1.0
15_wheel_drag_both_f1p6_t1p2_p2l_v2:0006,15_wheel_drag_both_f1p6_t1p2_p2l_v2,train,17.881999999999994,18.281999999999993,1,1,0.0,1.0,1,1,0.0,1.0,1,1,0.0,1.0
15_wheel_drag_both_f1p6_t1p2_p2l_v2:0007,15_wheel_drag_both_f1p6_t1p2_p2l_v2,train,18.081999999999994,18.481999999999992,1,1,0.0,1.0,1,1,0.0,1.0,1,1,0.0,1.0
15_wheel_drag_both_f1p6_t1p2_p2l_v2:0008,15_wheel_drag_both_f1p6_t1p2_p2l_v2,train,18.281999999999993,18.68199999999999,1,1,0.0,1.0,1,1,0.0,1.0,1,1,0.0,1.0
15_wheel_drag_both_f1p6_t1p2_p2l_v2:0009,15_wheel_drag_both_f1p6_t1p2_p2l_v2,train,18.481999999999992,18.88199999999999,1,1,0.0,1.0,1,1,0.0,1.0,1,1,0.0,1.0
15_wheel_drag_both_f1p6_t1p2_p2l_v2:0010,15_wheel_drag_both_f1p6_t1p2_p2l_v2,train,18.68199999999999,19.08199999999999,1,1,0.0,1.0,1,1,0.0,1.0,1,1,0.0,1.0
15_wheel_drag_both_f1p6_t1p2_p2l_v2:0011,15_wheel_drag_both_f1p6_t1p2_p2l_v2,train,18.88199999999999,19.28199999999999,1,1,0.0,1.0,1,1,0.0,1.0,1,1,0.0,1.0
15_wheel_drag_both_f1p6_t1p2_p2l_v2:0012,15_wheel_drag_both_f1p6_t1p2_p2l_v2,train,19.08199999999999,19.48199999999999,1,1,0.0071270722811671095,0.9928729277188328,1,1,0.0,1.0,1,1,0.0,1.0
15_wheel_drag_both_f1p6_t1p2_p2l_v2:0013,15_wheel_drag_both_f1p6_t1p2_p2l_v2,train,19.28199999999999,19.681999999999988,1,1,0.0,1.0,1,1,0.0,1.0,1,1,0.0,1.0
15_wheel_drag_both_f1p6_t1p2_p2l_v2:0014,15_wheel_drag_both_f1p6_t1p2_p2l_v2,train,19.48199999999999,19.881999999999987,1,1,0.0,1.0,1,1,0.0,1.0,1,1,0.0,1.0
15_wheel_drag_both_f1p6_t1p2_p2l_v2:0015,15_wheel_drag_both_f1p6_t1p2_p2l_v2,train,19.681999999999988,20.081999999999987,1,1,0.0,1.0,1,1,0.0,1.0,1,1,0.0,1.0
15_wheel_drag_both_f1p6_t1p2_p2l_v2:0016,15_wheel_drag_both_f1p6_t1p2_p2l_v2,train,19.881999999999987,20.281999999999986,1,1,0.0,1.0,1,1,0.0,1.0,1,1,0.0,1.0
15_wheel_drag_both_f1p6_t1p2_p2l_v2:0017,15_wheel_drag_both_f1p6_t1p2_p2l_v2,train,20.081999999999987,20.481999999999985,1,1,0.0,1.0,1,1,0.0,1.0,1,1,0.0,1.0
15_wheel_drag_both_f1p6_t1p2_p2l_v2:0018,15_wheel_drag_both_f1p6_t1p2_p2l_v2,train,20.281999999999986,20.681999999999984,1,1,0.0,1.0,1,1,0.0,1.0,1,1,0.0,1.0
15_wheel_drag_both_f1p6_t1p2_p2l_v2:0019,15_wheel_drag_both_f1p6_t1p2_p2l_v2,train,20.481999999999985,20.881999999999984,1,1,0.020043661625410804,0.9799563383745891,1,1,0.0,1.0,1,1,0.0,1.0
15_wheel_drag_both_f1p6_t1p2_p2l_v2:0020,15_wheel_drag_both_f1p6_t1p2_p2l_v2,train,20.681999999999984,21.081999999999983,1,1,0.0017884615384615382,0.9982115384615384,1,1,0.0,1.0,1,1,0.0,1.0
15_wheel_drag_both_f1p6_t1p2_p2l_v2:0021,15_wheel_drag_both_f1p6_t1p2_p2l_v2,train,20.881999999999984,21.281999999999982,1,1,0.0,1.0,1,1,0.0,1.0,1,1,0.001943127962085308,0.9980568720379147
15_wheel_drag_both_f1p6_t1p2_p2l_v2:0022,15_wheel_drag_both_f1p6_t1p2_p2l_v2,train,21.081999999999983,21.48199999999998,1,1,0.0,1.0,1,1,0.0,1.0,1,1,0.0,1.0
15_wheel_drag_both_f1p6_t1p2_p2l_v2:0023,15_wheel_drag_both_f1p6_t1p2_p2l_v2,train,21.281999999999982,21.68199999999998,1,1,0.0,1.0,1,1,0.0,1.0,1,1,0.0,1.0
15_wheel_drag_both_f1p6_t1p2_p2l_v2:0024,15_wheel_drag_both_f1p6_t1p2_p2l_v2,train,21.48199999999998,21.88199999999998,1,1,0.00678471980770238,0.9932152801922975,1,1,0.0,1.0,1,1,0.0,1.0
15_wheel_drag_both_f1p6_t1p2_p2l_v2:0025,15_wheel_drag_both_f1p6_t1p2_p2l_v2,train,21.68199999999998,22.08199999999998,1,1,0.00871703844190961,0.9912829615580904,1,1,0.0,1.0,1,1,0.0,1.0
15_wheel_drag_both_f1p6_t1p2_p2l_v2:0026,15_wheel_drag_both_f1p6_t1p2_p2l_v2,train,21.88199999999998,22.28199999999998,1,1,0.0,1.0,1,1,0.0,1.0,1,1,0.0,1.0
15_wheel_drag_both_f1p6_t1p2_p2l_v2:0027,15_wheel_drag_both_f1p6_t1p2_p2l_v2,train,22.08199999999998,22.481999999999978,1,1,0.001795673076923077,0.9982043269230769,1,1,0.0,1.0,1,1,0.0,1.0
15_wheel_drag_both_f1p6_t1p2_p2l_v2:0028,15_wheel_drag_both_f1p6_t1p2_p2l_v2,train,22.28199999999998,22.681999999999977,1,1,0.06947260282487211,0.9305273971751279,1,1,0.0030217299134342214,0.9969782700865658,1,1,0.0,1.0
15_wheel_drag_both_f1p6_t1p2_p2l_v2:0029,15_wheel_drag_both_f1p6_t1p2_p2l_v2,train,22.481999999999978,22.881999999999977,1,1,0.0037245647969052225,0.9962754352030947,1,1,0.001477533960292581,0.9985224660397074,1,1,0.0,1.0
15_wheel_drag_both_f1p6_t1p2_p2l_v2:0030,15_wheel_drag_both_f1p6_t1p2_p2l_v2,train,22.681999999999977,23.081999999999976,1,1,0.0018936708860759492,0.998106329113924,1,1,0.0,1.0,1,1,0.0,1.0
15_wheel_drag_both_f1p6_t1p2_p2l_v2:0031,15_wheel_drag_both_f1p6_t1p2_p2l_v2,train,22.881999999999977,23.281999999999975,1,1,0.0,1.0,1,1,0.0,1.0,1,1,0.0,1.0
15_wheel_drag_both_f1p6_t1p2_p2l_v2:0032,15_wheel_drag_both_f1p6_t1p2_p2l_v2,train,23.081999999999976,23.481999999999974,1,1,0.0017980769230769229,0.9982019230769231,1,1,0.0,1.0,1,1,0.0,1.0
15_wheel_drag_both_f1p6_t1p2_p2l_v2:0033,15_wheel_drag_both_f1p6_t1p2_p2l_v2,train,23.281999999999975,23.681999999999974,1,1,0.0017980769230769229,0.9982019230769231,1,1,0.0,1.0,1,1,0.0,1.0
15_wheel_drag_both_f1p6_t1p2_p2l_v2:0034,15_wheel_drag_both_f1p6_t1p2_p2l_v2,train,23.481999999999974,23.881999999999973,1,1,0.001795673076923077,0.9982043269230769,1,1,0.0,1.0,1,1,0.0,1.0
15_wheel_drag_both_f1p6_t1p2_p2l_v2:0035,15_wheel_drag_both_f1p6_t1p2_p2l_v2,train,23.681999999999974,24.081999999999972,1,1,0.012504859577556995,0.9874951404224431,1,1,0.024469328006637342,0.9755306719933626,1,1,0.0,1.0
15_wheel_drag_both_f1p6_t1p2_p2l_v2:0036,15_wheel_drag_both_f1p6_t1p2_p2l_v2,train,23.881999999999973,24.28199999999997,1,1,0.001637158469945355,0.9983628415300546,1,1,0.020758291400000912,0.979241708599999,1,1,0.0,1.0
15_wheel_drag_both_f1p6_t1p2_p2l_v2:0037,15_wheel_drag_both_f1p6_t1p2_p2l_v2,train,24.081999999999972,24.48199999999997,1,1,0.005452120113493064,0.994547879886507,1,1,0.0017764423076923074,0.9982235576923078,1,1,0.0,1.0
15_wheel_drag_both_f1p6_t1p2_p2l_v2:0038,15_wheel_drag_both_f1p6_t1p2_p2l_v2,train,24.28199999999997,24.68199999999997,1,1,0.0,1.0,1,1,0.0,1.0,1,1,0.0,1.0
15_wheel_drag_both_f1p6_t1p2_p2l_v2:0039,15_wheel_drag_both_f1p6_t1p2_p2l_v2,train,24.48199999999997,24.88199999999997,1,1,0.0,1.0,1,1,0.0,1.0,1,1,0.0,1.0
15_wheel_drag_both_f1p6_t1p2_p2l_v2:0040,15_wheel_drag_both_f1p6_t1p2_p2l_v2,train,24.68199999999997,25.08199999999997,1,1,0.0017116704805491992,0.9982883295194508,0,0,0.8069440098081293,0.19305599019187067,1,1,0.005898655340998233,0.9941013446590018
15_wheel_drag_both_f1p6_t1p2_p2l_v2:0041,15_wheel_drag_both_f1p6_t1p2_p2l_v2,train,24.88199999999997,25.281999999999968,1,1,0.0017116704805491992,0.9982883295194508,0,0,0.8189072583560967,0.18109274164390335,1,1,0.013923836583261106,0.9860761634167389
15_wheel_drag_both_f1p6_t1p2_p2l_v2:0042,15_wheel_drag_both_f1p6_t1p2_p2l_v2,train,25.08199999999997,25.481999999999967,1,1,0.0014860557768924304,0.9985139442231075,1,1,0.0,1.0,1,1,0.0,1.0
15_wheel_drag_both_f1p6_t1p2_p2l_v2:0043,15_wheel_drag_both_f1p6_t1p2_p2l_v2,train,25.281999999999968,25.681999999999967,1,1,0.0014860557768924304,0.9985139442231075,1,1,0.0034639423076923076,0.9965360576923077,1,1,0.0,1.0
15_wheel_drag_both_f1p6_t1p2_p2l_v2:0044,15_wheel_drag_both_f1p6_t1p2_p2l_v2,train,25.481999999999967,25.881999999999966,1,1,0.0014860557768924304,0.9985139442231075,1,1,0.0,1.0,1,1,0.0,1.0
15_wheel_drag_both_f1p6_t1p2_p2l_v2:0045,15_wheel_drag_both_f1p6_t1p2_p2l_v2,train,25.681999999999967,26.081999999999965,1,1,0.0051077449521407725,0.9948922550478592,1,1,0.014600391986062718,0.9853996080139371,1,1,0.0,1.0
15_wheel_drag_both_f1p6_t1p2_p2l_v2:0046,15_wheel_drag_both_f1p6_t1p2_p2l_v2,train,25.881999999999966,26.281999999999965,1,1,0.0017692307692307693,0.9982307692307693,1,1,0.015477593253141348,0.9845224067468586,1,1,0.0,1.0
15_wheel_drag_both_f1p6_t1p2_p2l_v2:0047,15_wheel_drag_both_f1p6_t1p2_p2l_v2,train,26.081999999999965,26.481999999999964,1,1,0.0,1.0,1,1,0.0,1.0,1,1,0.0,1.0
15_wheel_drag_both_f1p6_t1p2_p2l_v2:0048,15_wheel_drag_both_f1p6_t1p2_p2l_v2,train,26.281999999999965,26.681999999999963,1,1,0.0017884615384615382,0.9982115384615384,1,1,0.0,1.0,1,1,0.0,1.0
15_wheel_drag_both_f1p6_t1p2_p2l_v2:0049,15_wheel_drag_both_f1p6_t1p2_p2l_v2,train,26.481999999999964,26.881999999999962,1,0,0.19540484483650516,0.8045951551634949,1,1,0.0,1.0,1,1,0.0,1.0
15_wheel_drag_both_f1p6_t1p2_p2l_v2:0050,15_wheel_drag_both_f1p6_t1p2_p2l_v2,train,26.681999999999963,27.08199999999996,1,1,0.15504943484424752,0.8449505651557525,1,1,0.0,1.0,1,1,0.0,1.0
15_wheel_drag_both_f1p6_t1p2_p2l_v2:0051,15_wheel_drag_both_f1p6_t1p2_p2l_v2,train,26.881999999999962,27.28199999999996,1,1,0.0,1.0,1,1,0.0,1.0,1,1,0.0,1.0
15_wheel_drag_both_f1p6_t1p2_p2l_v2:0052,15_wheel_drag_both_f1p6_t1p2_p2l_v2,train,27.08199999999996,27.48199999999996,1,1,0.0,1.0,1,1,0.0,1.0,1,1,0.0,1.0
15_wheel_drag_both_f1p6_t1p2_p2l_v2:0053,15_wheel_drag_both_f1p6_t1p2_p2l_v2,train,27.28199999999996,27.68199999999996,1,1,0.0,1.0,1,1,0.0,1.0,1,1,0.0,1.0
15_wheel_drag_both_f1p6_t1p2_p2l_v2:0054,15_wheel_drag_both_f1p6_t1p2_p2l_v2,train,27.48199999999996,27.88199999999996,1,1,0.0,1.0,1,1,0.0,1.0,1,1,0.0,1.0
15_wheel_drag_both_f1p6_t1p2_p2l_v2:0055,15_wheel_drag_both_f1p6_t1p2_p2l_v2,train,27.68199999999996,28.081999999999958,1,1,0.0,1.0,1,1,0.0,1.0,1,1,0.0,1.0
15_wheel_drag_both_f1p6_t1p2_p2l_v2:0056,15_wheel_drag_both_f1p6_t1p2_p2l_v2,train,27.88199999999996,28.281999999999957,1,1,0.0,1.0,1,1,0.0,1.0,1,1,0.0,1.0
15_wheel_drag_both_f1p6_t1p2_p2l_v2:0057,15_wheel_drag_both_f1p6_t1p2_p2l_v2,train,28.081999999999958,28.481999999999957,1,1,0.0,1.0,1,1,0.0,1.0,1,1,0.0,1.0
15_wheel_drag_both_f1p6_t1p2_p2l_v2:0058,15_wheel_drag_both_f1p6_t1p2_p2l_v2,train,28.281999999999957,28.681999999999956,1,1,0.0,1.0,1,1,0.0,1.0,1,1,0.0,1.0
15_wheel_drag_both_f1p6_t1p2_p2l_v2:0059,15_wheel_drag_both_f1p6_t1p2_p2l_v2,train,28.481999999999957,28.881999999999955,1,1,0.0,1.0,1,1,0.0,1.0,1,1,0.0,1.0
15_wheel_drag_both_f1p6_t1p2_p2l_v2:0060,15_wheel_drag_both_f1p6_t1p2_p2l_v2,train,28.681999999999956,29.081999999999955,1,1,0.0,1.0,1,1,0.0,1.0,1,1,0.0,1.0
15_wheel_drag_both_f1p6_t1p2_p2l_v2:0061,15_wheel_drag_both_f1p6_t1p2_p2l_v2,train,28.881999999999955,29.281999999999954,1,1,0.0,1.0,1,1,0.0,1.0,1,1,0.0,1.0
15_wheel_drag_both_f1p6_t1p2_p2l_v2:0062,15_wheel_drag_both_f1p6_t1p2_p2l_v2,train,29.081999999999955,29.481999999999953,1,1,0.0,1.0,1,1,0.0,1.0,1,1,0.0,1.0
15_wheel_drag_both_f1p6_t1p2_p2l_v2:0063,15_wheel_drag_both_f1p6_t1p2_p2l_v2,train,29.281999999999954,29.681999999999952,1,1,0.0,1.0,1,1,0.0,1.0,1,1,0.0,1.0
15_wheel_drag_both_f1p6_t1p2_p2l_v2:0064,15_wheel_drag_both_f1p6_t1p2_p2l_v2,train,29.481999999999953,29.88199999999995,1,1,0.0,1.0,1,1,0.0,1.0,1,1,0.0,1.0
15_wheel_drag_both_f1p6_t1p2_p2l_v2:0065,15_wheel_drag_both_f1p6_t1p2_p2l_v2,train,29.681999999999952,30.08199999999995,1,1,0.0,1.0,1,1,0.0,1.0,1,1,0.0,1.0
15_wheel_drag_both_f1p6_t1p2_p2l_v2:0066,15_wheel_drag_both_f1p6_t1p2_p2l_v2,train,29.88199999999995,30.28199999999995,1,1,0.0,1.0,1,1,0.0017427884615384616,0.9982572115384616,1,1,0.0,1.0
15_wheel_drag_both_f1p6_t1p2_p2l_v2:0067,15_wheel_drag_both_f1p6_t1p2_p2l_v2,train,30.08199999999995,30.48199999999995,1,1,0.0016134636264929427,0.998386536373507,1,1,0.0,1.0,1,1,0.0,1.0
15_wheel_drag_both_f1p6_t1p2_p2l_v2:0068,15_wheel_drag_both_f1p6_t1p2_p2l_v2,train,30.28199999999995,30.68199999999995,1,1,0.0,1.0,1,1,0.0,1.0,1,1,0.0,1.0
15_wheel_drag_both_f1p6_t1p2_p2l_v2:0069,15_wheel_drag_both_f1p6_t1p2_p2l_v2,train,30.48199999999995,30.881999999999948,1,1,0.0017764423076923074,0.9982235576923078,1,1,0.22115495514764033,0.77884504485236,1,1,0.002,0.998
15_wheel_drag_both_f1p6_t1p2_p2l_v2:0070,15_wheel_drag_both_f1p6_t1p2_p2l_v2,train,30.68199999999995,31.081999999999947,1,1,0.0,1.0,1,0,0.3862999847916196,0.6137000152083804,1,1,0.007963942307692307,0.9920360576923076
15_wheel_drag_both_f1p6_t1p2_p2l_v2:0071,15_wheel_drag_both_f1p6_t1p2_p2l_v2,train,30.881999999999948,31.281999999999947,1,1,0.0,1.0,1,1,0.0,1.0,1,1,0.0,1.0
15_wheel_drag_both_f1p6_t1p2_p2l_v2:0072,15_wheel_drag_both_f1p6_t1p2_p2l_v2,train,31.081999999999947,31.481999999999946,1,1,0.0,1.0,1,1,0.0,1.0,1,1,0.0,1.0
15_wheel_drag_both_f1p6_t1p2_p2l_v2:0073,15_wheel_drag_both_f1p6_t1p2_p2l_v2,train,31.281999999999947,31.681999999999945,1,1,0.0,1.0,1,1,0.0,1.0,1,1,0.0,1.0
15_wheel_drag_both_f1p6_t1p2_p2l_v2:0074,15_wheel_drag_both_f1p6_t1p2_p2l_v2,train,31.481999999999946,31.881999999999945,1,1,0.0015060240963855422,0.9984939759036144,1,1,0.0037259615384615382,0.9962740384615385,1,1,0.0,1.0
15_wheel_drag_both_f1p6_t1p2_p2l_v2:0075,15_wheel_drag_both_f1p6_t1p2_p2l_v2,train,31.681999999999945,32.081999999999944,1,1,0.0,1.0,1,1,0.0037259615384615382,0.9962740384615385,1,1,0.0,1.0
15_wheel_drag_both_f1p6_t1p2_p2l_v2:0076,15_wheel_drag_both_f1p6_t1p2_p2l_v2,train,31.881999999999945,32.28199999999995,1,1,0.0,1.0,1,1,0.0,1.0,1,1,0.0,1.0
15_wheel_drag_both_f1p6_t1p2_p2l_v2:0077,15_wheel_drag_both_f1p6_t1p2_p2l_v2,train,32.081999999999944,32.48199999999994,1,1,0.0,1.0,1,1,0.0,1.0,1,1,0.0,1.0
15_wheel_drag_both_f1p6_t1p2_p2l_v2:0078,15_wheel_drag_both_f1p6_t1p2_p2l_v2,train,32.28199999999994,32.68199999999994,1,1,0.0,1.0,0,0,0.9873865626792767,0.012613437320723054,0,0,0.9898827081146581,0.010117291885341946
15_wheel_drag_both_f1p6_t1p2_p2l_v2:0079,15_wheel_drag_both_f1p6_t1p2_p2l_v2,train,32.48199999999994,32.88199999999994,1,1,0.0,1.0,0,0,0.9494297355592815,0.05057026444071856,0,0,0.9477699366071619,0.052230063392838255
15_wheel_drag_both_f1p6_t1p2_p2l_v2:0080,15_wheel_drag_both_f1p6_t1p2_p2l_v2,train,32.681999999999945,33.081999999999944,1,1,0.0,1.0,1,1,0.0,1.0,1,1,0.0,1.0
15_wheel_drag_both_f1p6_t1p2_p2l_v2:0081,15_wheel_drag_both_f1p6_t1p2_p2l_v2,train,32.88199999999994,33.28199999999994,1,1,0.0,1.0,1,1,0.0,1.0,1,1,0.0,1.0
15_wheel_drag_both_f1p6_t1p2_p2l_v2:0082,15_wheel_drag_both_f1p6_t1p2_p2l_v2,train,33.08199999999994,33.481999999999935,1,1,0.0,1.0,1,1,0.0,1.0,1,1,0.0,1.0
15_wheel_drag_both_f1p6_t1p2_p2l_v2:0083,15_wheel_drag_both_f1p6_t1p2_p2l_v2,train,33.28199999999994,33.68199999999994,1,1,0.0,1.0,1,1,0.0,1.0,1,1,0.0,1.0
15_wheel_drag_both_f1p6_t1p2_p2l_v2:0084,15_wheel_drag_both_f1p6_t1p2_p2l_v2,train,33.48199999999994,33.88199999999994,1,1,0.0,1.0,1,1,0.0,1.0,1,1,0.0,1.0
15_wheel_drag_both_f1p6_t1p2_p2l_v2:0085,15_wheel_drag_both_f1p6_t1p2_p2l_v2,train,33.68199999999994,34.08199999999994,1,1,0.0,1.0,1,1,0.0,1.0,1,1,0.0,1.0
15_wheel_drag_both_f1p6_t1p2_p2l_v2:0086,15_wheel_drag_both_f1p6_t1p2_p2l_v2,train,33.881999999999934,34.28199999999993,1,1,0.0,1.0,1,1,0.0,1.0,1,1,0.0,1.0
15_wheel_drag_both_f1p6_t1p2_p2l_v2:0087,15_wheel_drag_both_f1p6_t1p2_p2l_v2,train,34.08199999999994,34.481999999999935,1,1,0.0,1.0,1,1,0.09966529794985837,0.9003347020501417,1,1,0.002,0.998
15_wheel_drag_both_f1p6_t1p2_p2l_v2:0088,15_wheel_drag_both_f1p6_t1p2_p2l_v2,train,34.28199999999994,34.68199999999994,1,1,0.0015978378378378377,0.998402162162162,1,1,0.15592726135363855,0.8440727386463616,1,1,0.0059375,0.9940625
16_rough_h0p012_spacing0p28_hard_negative_p2l_v2:0000,16_rough_h0p012_spacing0p28_hard_negative_p2l_v2,validation,13.754,14.154,1,1,0.0,1.0,1,1,0.0,1.0,1,1,0.0,1.0
16_rough_h0p012_spacing0p28_hard_negative_p2l_v2:0001,16_rough_h0p012_spacing0p28_hard_negative_p2l_v2,validation,13.953999999999999,14.354,1,1,0.005017693121693122,0.9949823068783069,1,1,0.0,1.0,1,1,0.0,1.0
16_rough_h0p012_spacing0p28_hard_negative_p2l_v2:0002,16_rough_h0p012_spacing0p28_hard_negative_p2l_v2,validation,14.153999999999998,14.553999999999998,1,1,0.0016134636264929427,0.998386536373507,1,1,0.003272561337757025,0.996727438662243,1,1,0.0,1.0
16_rough_h0p012_spacing0p28_hard_negative_p2l_v2:0003,16_rough_h0p012_spacing0p28_hard_negative_p2l_v2,validation,14.353999999999997,14.753999999999998,1,1,0.0,1.0,1,1,0.0,1.0,1,1,0.0,1.0
16_rough_h0p012_spacing0p28_hard_negative_p2l_v2:0004,16_rough_h0p012_spacing0p28_hard_negative_p2l_v2,validation,14.553999999999997,14.953999999999997,1,1,0.0017860576923076925,0.9982139423076923,1,1,0.0,1.0,1,1,0.0,1.0
16_rough_h0p012_spacing0p28_hard_negative_p2l_v2:0005,16_rough_h0p012_spacing0p28_hard_negative_p2l_v2,validation,14.753999999999996,15.153999999999996,1,1,0.0,1.0,1,1,0.0036286858974358977,0.9963713141025641,1,1,0.0,1.0
16_rough_h0p012_spacing0p28_hard_negative_p2l_v2:0006,16_rough_h0p012_spacing0p28_hard_negative_p2l_v2,validation,14.953999999999995,15.353999999999996,0,0,0.5100344329802512,0.4899655670197488,1,1,0.01926364056430678,0.9807363594356933,1,1,0.0,1.0
16_rough_h0p012_spacing0p28_hard_negative_p2l_v2:0007,16_rough_h0p012_spacing0p28_hard_negative_p2l_v2,validation,15.153999999999995,15.553999999999995,0,0,0.5262671167458355,0.4737328832541646,1,1,0.015806909795076013,0.9841930902049241,1,1,0.0,1.0
16_rough_h0p012_spacing0p28_hard_negative_p2l_v2:0008,16_rough_h0p012_spacing0p28_hard_negative_p2l_v2,validation,15.353999999999994,15.753999999999994,1,1,0.001795673076923077,0.9982043269230769,1,1,0.0,1.0,1,1,0.0,1.0
16_rough_h0p012_spacing0p28_hard_negative_p2l_v2:0009,16_rough_h0p012_spacing0p28_hard_negative_p2l_v2,validation,15.553999999999993,15.953999999999994,1,1,0.005389423076923076,0.9946105769230769,1,1,0.0,1.0,1,1,0.0,1.0
16_rough_h0p012_spacing0p28_hard_negative_p2l_v2:0010,16_rough_h0p012_spacing0p28_hard_negative_p2l_v2,validation,15.753999999999992,16.153999999999993,1,1,0.0,1.0,1,1,0.001754807692307692,0.9982451923076923,1,1,0.0,1.0
16_rough_h0p012_spacing0p28_hard_negative_p2l_v2:0011,16_rough_h0p012_spacing0p28_hard_negative_p2l_v2,validation,15.953999999999992,16.353999999999992,1,1,0.001884297520661157,0.9981157024793388,1,1,0.0,1.0,1,1,0.0,1.0
16_rough_h0p012_spacing0p28_hard_negative_p2l_v2:0012,16_rough_h0p012_spacing0p28_hard_negative_p2l_v2,validation,16.15399999999999,16.553999999999988,1,1,0.001795673076923077,0.9982043269230769,1,1,0.0,1.0,1,1,0.0,1.0
16_rough_h0p012_spacing0p28_hard_negative_p2l_v2:0013,16_rough_h0p012_spacing0p28_hard_negative_p2l_v2,validation,16.353999999999992,16.75399999999999,1,1,0.006829961044921771,0.993170038955078,1,1,0.0,1.0,1,1,0.0,1.0
16_rough_h0p012_spacing0p28_hard_negative_p2l_v2:0014,16_rough_h0p012_spacing0p28_hard_negative_p2l_v2,validation,16.553999999999988,16.953999999999986,1,1,0.02554078472483441,0.9744592152751655,1,1,0.0,1.0,1,1,0.0,1.0
16_rough_h0p012_spacing0p28_hard_negative_p2l_v2:0015,16_rough_h0p012_spacing0p28_hard_negative_p2l_v2,validation,16.75399999999999,17.15399999999999,1,1,0.0179508623591011,0.982049137640899,1,1,0.0,1.0,1,1,0.0,1.0
16_rough_h0p012_spacing0p28_hard_negative_p2l_v2:0016,16_rough_h0p012_spacing0p28_hard_negative_p2l_v2,validation,16.953999999999986,17.353999999999985,1,1,0.05443460404956393,0.9455653959504362,1,1,0.19117016140270385,0.8088298385972961,1,1,0.03779704027664768,0.9622029597233522
16_rough_h0p012_spacing0p28_hard_negative_p2l_v2:0017,16_rough_h0p012_spacing0p28_hard_negative_p2l_v2,validation,17.15399999999999,17.553999999999988,1,1,0.0,1.0,1,1,0.22539735153847743,0.7746026484615227,1,1,0.03983309796895537,0.9601669020310445
16_rough_h0p012_spacing0p28_hard_negative_p2l_v2:0018,16_rough_h0p012_spacing0p28_hard_negative_p2l_v2,validation,17.353999999999985,17.753999999999984,1,1,0.0019232096635030196,0.998076790336497,1,1,0.0017572115384615387,0.9982427884615385,1,1,0.0,1.0
16_rough_h0p012_spacing0p28_hard_negative_p2l_v2:0019,16_rough_h0p012_spacing0p28_hard_negative_p2l_v2,validation,17.553999999999988,17.953999999999986,1,1,0.005718882740426096,0.9942811172595739,1,1,0.0,1.0,1,1,0.0,1.0
16_rough_h0p012_spacing0p28_hard_negative_p2l_v2:0020,16_rough_h0p012_spacing0p28_hard_negative_p2l_v2,validation,17.753999999999984,18.153999999999982,1,1,0.001795673076923077,0.9982043269230769,1,1,0.0,1.0,1,1,0.0,1.0
16_rough_h0p012_spacing0p28_hard_negative_p2l_v2:0021,16_rough_h0p012_spacing0p28_hard_negative_p2l_v2,validation,17.953999999999986,18.353999999999985,1,1,0.0017692307692307693,0.9982307692307693,0,0,0.3357467936738412,0.6642532063261589,1,0,0.07172715267292894,0.928272847327071
16_rough_h0p012_spacing0p28_hard_negative_p2l_v2:0022,16_rough_h0p012_spacing0p28_hard_negative_p2l_v2,validation,18.153999999999982,18.55399999999998,1,1,0.0,1.0,0,0,0.28197775494481797,0.7180222450551818,1,0,0.0758451171997246,0.9241548828002754
16_rough_h0p012_spacing0p28_hard_negative_p2l_v2:0023,16_rough_h0p012_spacing0p28_hard_negative_p2l_v2,validation,18.353999999999985,18.753999999999984,1,1,0.0,1.0,1,1,0.0,1.0,1,1,0.0,1.0
16_rough_h0p012_spacing0p28_hard_negative_p2l_v2:0024,16_rough_h0p012_spacing0p28_hard_negative_p2l_v2,validation,18.55399999999998,18.95399999999998,1,1,0.0,1.0,1,1,0.0,1.0,1,1,0.0,1.0
16_rough_h0p012_spacing0p28_hard_negative_p2l_v2:0025,16_rough_h0p012_spacing0p28_hard_negative_p2l_v2,validation,18.753999999999984,19.153999999999982,1,1,0.0,1.0,1,1,0.0,1.0,1,1,0.0,1.0
16_rough_h0p012_spacing0p28_hard_negative_p2l_v2:0026,16_rough_h0p012_spacing0p28_hard_negative_p2l_v2,validation,18.95399999999998,19.353999999999978,1,1,0.0,1.0,1,1,0.0,1.0,1,1,0.0,1.0
16_rough_h0p012_spacing0p28_hard_negative_p2l_v2:0027,16_rough_h0p012_spacing0p28_hard_negative_p2l_v2,validation,19.153999999999982,19.55399999999998,1,1,0.1252687954735112,0.8747312045264888,1,1,0.22673884318538065,0.7732611568146194,1,1,0.0,1.0
16_rough_h0p012_spacing0p28_hard_negative_p2l_v2:0028,16_rough_h0p012_spacing0p28_hard_negative_p2l_v2,validation,19.353999999999978,19.753999999999976,1,1,0.15789679282129745,0.8421032071787028,1,1,0.22049106112017927,0.779508938879821,1,1,0.0,1.0
16_rough_h0p012_spacing0p28_hard_negative_p2l_v2:0029,16_rough_h0p012_spacing0p28_hard_negative_p2l_v2,validation,19.55399999999998,19.95399999999998,1,1,0.0,1.0,1,1,0.0,1.0,1,1,0.0,1.0
16_rough_h0p012_spacing0p28_hard_negative_p2l_v2:0030,16_rough_h0p012_spacing0p28_hard_negative_p2l_v2,validation,19.753999999999976,20.153999999999975,1,1,0.0,1.0,1,1,0.0,1.0,1,1,0.0,1.0
16_rough_h0p012_spacing0p28_hard_negative_p2l_v2:0031,16_rough_h0p012_spacing0p28_hard_negative_p2l_v2,validation,19.95399999999998,20.353999999999978,0,0,0.843813213898085,0.15618678610191514,1,1,0.0,1.0,1,1,0.0,1.0
16_rough_h0p012_spacing0p28_hard_negative_p2l_v2:0032,16_rough_h0p012_spacing0p28_hard_negative_p2l_v2,validation,20.153999999999975,20.553999999999974,0,0,0.7647642435178654,0.2352357564821347,1,1,0.0,1.0,1,1,0.0,1.0
16_rough_h0p012_spacing0p28_hard_negative_p2l_v2:0033,16_rough_h0p012_spacing0p28_hard_negative_p2l_v2,validation,20.353999999999978,20.753999999999976,1,1,0.0,1.0,1,1,0.0,1.0,1,1,0.0,1.0
16_rough_h0p012_spacing0p28_hard_negative_p2l_v2:0034,16_rough_h0p012_spacing0p28_hard_negative_p2l_v2,validation,20.553999999999974,20.953999999999972,1,1,0.015070120698980453,0.9849298793010196,1,1,0.0,1.0,1,1,0.0,1.0
16_rough_h0p012_spacing0p28_hard_negative_p2l_v2:0035,16_rough_h0p012_spacing0p28_hard_negative_p2l_v2,validation,20.753999999999976,21.153999999999975,1,1,0.005161540549569865,0.9948384594504301,1,1,0.0017427884615384616,0.9982572115384616,1,1,0.0,1.0
16_rough_h0p012_spacing0p28_hard_negative_p2l_v2:0036,16_rough_h0p012_spacing0p28_hard_negative_p2l_v2,validation,20.953999999999972,21.35399999999997,1,1,0.00347651458734887,0.9965234854126512,1,1,0.0,1.0,1,1,0.0,1.0
16_rough_h0p012_spacing0p28_hard_negative_p2l_v2:0037,16_rough_h0p012_spacing0p28_hard_negative_p2l_v2,validation,21.153999999999975,21.553999999999974,1,1,0.0,1.0,1,1,0.0,1.0,1,1,0.0,1.0
16_rough_h0p012_spacing0p28_hard_negative_p2l_v2:0038,16_rough_h0p012_spacing0p28_hard_negative_p2l_v2,validation,21.35399999999997,21.75399999999997,1,1,0.007261959060638917,0.9927380409393612,1,1,0.0,1.0,1,1,0.0,1.0
16_rough_h0p012_spacing0p28_hard_negative_p2l_v2:0039,16_rough_h0p012_spacing0p28_hard_negative_p2l_v2,validation,21.553999999999974,21.953999999999972,1,1,0.0,1.0,1,1,0.0,1.0,1,1,0.0,1.0
16_rough_h0p012_spacing0p28_hard_negative_p2l_v2:0040,16_rough_h0p012_spacing0p28_hard_negative_p2l_v2,validation,21.75399999999997,22.153999999999968,1,1,0.009722289935884544,0.9902777100641155,1,1,0.0,1.0,1,1,0.0,1.0
16_rough_h0p012_spacing0p28_hard_negative_p2l_v2:0041,16_rough_h0p012_spacing0p28_hard_negative_p2l_v2,validation,21.953999999999972,22.35399999999997,1,1,0.018737186723879157,0.981262813276121,1,1,0.0,1.0,1,1,0.0,1.0
16_rough_h0p012_spacing0p28_hard_negative_p2l_v2:0042,16_rough_h0p012_spacing0p28_hard_negative_p2l_v2,validation,22.153999999999968,22.553999999999967,1,1,0.0,1.0,1,1,0.0,1.0,1,1,0.0,1.0
16_rough_h0p012_spacing0p28_hard_negative_p2l_v2:0043,16_rough_h0p012_spacing0p28_hard_negative_p2l_v2,validation,22.35399999999997,22.75399999999997,1,1,0.01883132303825129,0.9811686769617487,1,1,0.0031935520647364745,0.9968064479352636,1,1,0.0,1.0
16_rough_h0p012_spacing0p28_hard_negative_p2l_v2:0044,16_rough_h0p012_spacing0p28_hard_negative_p2l_v2,validation,22.553999999999967,22.953999999999965,1,1,0.06572448073726107,0.9342755192627392,1,1,0.002,0.998,1,1,0.0,1.0
16_rough_h0p012_spacing0p28_hard_negative_p2l_v2:0045,16_rough_h0p012_spacing0p28_hard_negative_p2l_v2,validation,22.75399999999997,23.153999999999968,1,1,0.11336331451244211,0.8866366854875579,1,1,0.06854878990118225,0.9314512100988177,1,1,0.0,1.0
16_rough_h0p012_spacing0p28_hard_negative_p2l_v2:0046,16_rough_h0p012_spacing0p28_hard_negative_p2l_v2,validation,22.953999999999965,23.353999999999964,1,1,0.05329447645609609,0.946705523543904,1,1,0.04174906764801649,0.9582509323519834,1,1,0.0,1.0
16_rough_h0p012_spacing0p28_hard_negative_p2l_v2:0047,16_rough_h0p012_spacing0p28_hard_negative_p2l_v2,validation,23.153999999999968,23.553999999999967,1,1,0.009167549376299376,0.9908324506237006,1,1,0.0,1.0,1,1,0.0,1.0
16_rough_h0p012_spacing0p28_hard_negative_p2l_v2:0048,16_rough_h0p012_spacing0p28_hard_negative_p2l_v2,validation,23.353999999999964,23.753999999999962,1,1,0.02426582224089617,0.9757341777591039,1,1,0.0,1.0,1,1,0.0,1.0
16_rough_h0p012_spacing0p28_hard_negative_p2l_v2:0049,16_rough_h0p012_spacing0p28_hard_negative_p2l_v2,validation,23.553999999999967,23.953999999999965,1,1,0.07475710835766278,0.9252428916423372,1,1,0.014113891317722123,0.9858861086822779,1,1,0.0,1.0
16_rough_h0p012_spacing0p28_hard_negative_p2l_v2:0050,16_rough_h0p012_spacing0p28_hard_negative_p2l_v2,validation,23.753999999999962,24.15399999999996,1,1,0.0951576074005826,0.9048423925994173,1,0,0.47765144097586576,0.5223485590241342,1,1,0.0,1.0
16_rough_h0p012_spacing0p28_hard_negative_p2l_v2:0051,16_rough_h0p012_spacing0p28_hard_negative_p2l_v2,validation,23.953999999999965,24.353999999999964,1,1,0.01618485455927555,0.9838151454407245,1,0,0.40702321801501024,0.5929767819849897,1,1,0.0,1.0
16_rough_h0p012_spacing0p28_hard_negative_p2l_v2:0052,16_rough_h0p012_spacing0p28_hard_negative_p2l_v2,validation,24.15399999999996,24.55399999999996,1,1,0.0018100961538461539,0.9981899038461538,1,1,0.05667860182282628,0.9433213981771739,1,1,0.0,1.0
16_rough_h0p012_spacing0p28_hard_negative_p2l_v2:0053,16_rough_h0p012_spacing0p28_hard_negative_p2l_v2,validation,24.353999999999964,24.753999999999962,1,1,0.0,1.0,1,1,0.00331041224814422,0.9966895877518558,1,1,0.0,1.0
16_rough_h0p012_spacing0p28_hard_negative_p2l_v2:0054,16_rough_h0p012_spacing0p28_hard_negative_p2l_v2,validation,24.55399999999996,24.953999999999958,1,1,0.029090141593187766,0.9709098584068123,1,0,0.3260914415268566,0.6739085584731436,1,1,0.0,1.0
16_rough_h0p012_spacing0p28_hard_negative_p2l_v2:0055,16_rough_h0p012_spacing0p28_hard_negative_p2l_v2,validation,24.753999999999962,25.15399999999996,1,0,0.3216411959993363,0.6783588040006637,1,1,0.22851969149952256,0.7714803085004774,1,1,0.0,1.0
16_rough_h0p012_spacing0p28_hard_negative_p2l_v2:0056,16_rough_h0p012_spacing0p28_hard_negative_p2l_v2,validation,24.953999999999958,25.353999999999957,1,0,0.34378158019161953,0.6562184198083805,1,1,0.019444897755511715,0.9805551022444883,1,1,0.0,1.0
16_rough_h0p012_spacing0p28_hard_negative_p2l_v2:0057,16_rough_h0p012_spacing0p28_hard_negative_p2l_v2,validation,25.15399999999996,25.55399999999996,1,1,0.15307034676189746,0.8469296532381028,1,1,0.021272753971026157,0.9787272460289738,1,1,0.0,1.0
16_rough_h0p012_spacing0p28_hard_negative_p2l_v2:0058,16_rough_h0p012_spacing0p28_hard_negative_p2l_v2,validation,25.353999999999957,25.753999999999955,1,1,0.14575738020530266,0.8542426197946976,1,1,0.010377805818174424,0.9896221941818255,1,1,0.0,1.0
16_rough_h0p012_spacing0p28_hard_negative_p2l_v2:0059,16_rough_h0p012_spacing0p28_hard_negative_p2l_v2,validation,25.55399999999996,25.953999999999958,1,1,0.009432580452765604,0.9905674195472344,1,1,0.0,1.0,1,1,0.0,1.0
16_rough_h0p012_spacing0p28_hard_negative_p2l_v2:0060,16_rough_h0p012_spacing0p28_hard_negative_p2l_v2,validation,25.753999999999955,26.153999999999954,1,1,0.021809400233193478,0.9781905997668066,0,0,0.8318035276400482,0.16819647235995208,0,0,0.8837762229264186,0.11622377707358153
16_rough_h0p012_spacing0p28_hard_negative_p2l_v2:0061,16_rough_h0p012_spacing0p28_hard_negative_p2l_v2,validation,25.953999999999958,26.353999999999957,1,1,0.03401507917521885,0.9659849208247812,0,0,0.8517825151720076,0.14821748482799255,0,0,0.8396691636883752,0.1603308363116248
16_rough_h0p012_spacing0p28_hard_negative_p2l_v2:0062,16_rough_h0p012_spacing0p28_hard_negative_p2l_v2,validation,26.153999999999954,26.553999999999952,1,1,0.01590947721426414,0.9840905227857358,1,1,0.20432138200653657,0.7956786179934637,1,1,0.009937145718167338,0.9900628542818326
16_rough_h0p012_spacing0p28_hard_negative_p2l_v2:0063,16_rough_h0p012_spacing0p28_hard_negative_p2l_v2,validation,26.353999999999957,26.753999999999955,1,1,0.02018342090059416,0.9798165790994059,1,1,0.02059216416497401,0.979407835835026,1,1,0.002,0.998
16_rough_h0p012_spacing0p28_hard_negative_p2l_v2:0064,16_rough_h0p012_spacing0p28_hard_negative_p2l_v2,validation,26.553999999999952,26.95399999999995,1,1,0.005802884615384615,0.9941971153846153,1,1,0.0017764423076923074,0.9982235576923078,1,1,0.0,1.0
16_rough_h0p012_spacing0p28_hard_negative_p2l_v2:0065,16_rough_h0p012_spacing0p28_hard_negative_p2l_v2,validation,26.753999999999955,27.153999999999954,1,1,0.017450095433565602,0.9825499045664344,1,1,0.0017620192307692308,0.9982379807692308,1,1,0.0,1.0
16_rough_h0p012_spacing0p28_hard_negative_p2l_v2:0066,16_rough_h0p012_spacing0p28_hard_negative_p2l_v2,validation,26.95399999999995,27.35399999999995,1,1,0.02585945336360911,0.9741405466363909,1,1,0.014978337222645344,0.9850216627773547,1,1,0.0019639423076923076,0.9980360576923076
16_rough_h0p012_spacing0p28_hard_negative_p2l_v2:0067,16_rough_h0p012_spacing0p28_hard_negative_p2l_v2,validation,27.153999999999954,27.553999999999952,1,1,0.012785979719459585,0.9872140202805404,1,1,0.11000651243615024,0.8899934875638499,1,1,0.0019639423076923076,0.9980360576923076
16_rough_h0p012_spacing0p28_hard_negative_p2l_v2:0068,16_rough_h0p012_spacing0p28_hard_negative_p2l_v2,validation,27.35399999999995,27.753999999999948,1,1,0.007152741888358031,0.992847258111642,1,1,0.10360131102858854,0.8963986889714114,1,1,0.003963942307692307,0.9960360576923076
16_rough_h0p012_spacing0p28_hard_negative_p2l_v2:0069,16_rough_h0p012_spacing0p28_hard_negative_p2l_v2,validation,27.553999999999952,27.95399999999995,1,0,0.227552091029364,0.7724479089706362,1,0,0.7844345160461657,0.21556548395383468,1,1,0.0,1.0
